site_id,date,ring,lst_c,ndvi,emissivity,albedo
amazon-new-carlisle-in,2013-05-01,4,37.32736488241875,0.3768331737281075,0.9723153490055716,0.1453950315683327
amazon-new-carlisle-in,2013-06-18,4,33.8850340640813,0.5435994303168199,0.9724322109409578,0.1721136862771805
amazon-new-carlisle-in,2013-07-04,3,24.481534206111142,0.6707806962646293,0.9623593251028808,0.2158134005664609
amazon-new-carlisle-in,2013-07-04,4,22.29616973345957,0.774096180552134,0.9732319708668826,0.1970616957463471
amazon-new-carlisle-in,2013-07-20,4,18.324269694391507,0.8269870333852846,0.9722928474632164,0.1996664537912039
amazon-new-carlisle-in,2013-08-21,3,32.53570913448176,0.8418069808521682,0.9671189796760548,0.2025447863249305
amazon-new-carlisle-in,2013-08-21,4,31.57169512250807,0.8528623964611438,0.9723180490851951,0.1964830693031187
amazon-new-carlisle-in,2013-09-06,2,21.724784247871035,0.747564843121251,0.9692539844362672,0.1902479318978102
amazon-new-carlisle-in,2013-09-06,3,22.242909154241065,0.7098896919659347,0.9667614622719592,0.1854702177632256
amazon-new-carlisle-in,2013-09-06,4,21.318470546721144,0.7439179414231887,0.9703273189410686,0.1771700787739037
amazon-new-carlisle-in,2013-09-22,3,22.375800599269304,0.4261211560769898,0.96408251565604,0.1525168893234371
amazon-new-carlisle-in,2013-09-22,4,21.663114949112448,0.5359911033754463,0.9696204933570868,0.1560765889371059
amazon-new-carlisle-in,2013-10-08,3,24.094855983072662,0.4127585043462488,0.9638746730179196,0.127193195786651
amazon-new-carlisle-in,2013-10-08,4,23.23196646783715,0.4215223357319728,0.968432315435638,0.1119328644333741
amazon-new-carlisle-in,2013-11-09,2,15.00425533261354,0.3483713962863601,0.9661568066360956,0.1389553326283939
amazon-new-carlisle-in,2013-11-09,3,14.547202483248888,0.3783401361444928,0.964464890614556,0.1464787258390672
amazon-new-carlisle-in,2013-11-09,4,14.294932786934876,0.2986888292334798,0.9670031854883114,0.1417916471988028
amazon-new-carlisle-in,2013-12-27,1,-4.252701755326902,0.048104016402162,0.990007054955108,0.6423542671810826
amazon-new-carlisle-in,2013-12-27,2,-2.168914175718862,0.1105996133881624,0.9870145179540146,0.5702691078712804
amazon-new-carlisle-in,2013-12-27,3,-1.7484392319125817,0.0764142784519733,0.9872700581306446,0.5796770997911349
amazon-new-carlisle-in,2013-12-27,4,-1.474420328357082,0.0436720431905375,0.9879297887636044,0.6072189070619408
amazon-new-carlisle-in,2014-01-28,1,-21.90246106852488,-0.0337487483462899,0.9904,0.892078865233292
amazon-new-carlisle-in,2014-01-28,2,-21.887475471441373,-0.0395944515030725,0.9903886862899955,0.9116392738364396
amazon-new-carlisle-in,2014-01-28,3,-21.60187091953333,-0.0396233068268228,0.9904,0.9094703255246938
amazon-new-carlisle-in,2014-01-28,4,-21.548268695931604,-0.04151386417092,0.9904,0.9224755637831522
amazon-new-carlisle-in,2014-03-17,0,2.0733087625150897,0.100263760506948,0.9702471494239152,0.2510328613661871
amazon-new-carlisle-in,2014-03-17,1,2.1898678146055577,0.0978369105194964,0.9721968533955264,0.2737753553246563
amazon-new-carlisle-in,2014-03-17,2,1.5992265808651802,0.0680813163622435,0.9776812764934106,0.3204752743480721
amazon-new-carlisle-in,2014-03-17,3,2.348925722023433,0.0958495257592727,0.9737569106517566,0.2673939034986897
amazon-new-carlisle-in,2014-03-17,4,2.789795768658699,0.1038545229275564,0.9736454555601712,0.2336220744363044
amazon-new-carlisle-in,2014-04-18,2,25.49346584504689,0.3422089920788499,0.9660599128651534,0.1741054424245273
amazon-new-carlisle-in,2014-04-18,3,25.6588475915891,0.3302967959294072,0.9640067514704888,0.1825596111606605
amazon-new-carlisle-in,2014-04-18,4,26.82481886526917,0.2613704896905851,0.9666424042210814,0.1779177528273307
amazon-new-carlisle-in,2014-05-20,4,38.105463244337045,0.3990238908796248,0.97185427068608,0.152357591734514
amazon-new-carlisle-in,2014-06-05,4,28.719637524473217,0.4489123355119377,0.9702660477514248,0.1403674478283145
amazon-new-carlisle-in,2014-06-21,4,23.226798846930716,0.6570308300407325,0.9713714671467144,0.1574145755198019
amazon-new-carlisle-in,2014-07-07,4,29.02069726523063,0.8036939987708347,0.9738589992449388,0.1925156729299404
amazon-new-carlisle-in,2014-08-08,4,27.734632174619243,0.8574884655698606,0.9736996802402048,0.1960456679916701
amazon-new-carlisle-in,2014-08-24,4,29.363905461513443,0.7807527877578803,0.9742715531662663,0.2111702962150763
amazon-new-carlisle-in,2014-10-11,3,11.793019749654029,0.4071032668017686,0.962733977125316,0.1481925696987843
amazon-new-carlisle-in,2014-10-11,4,12.861793600958386,0.4326064254749959,0.9691180337150628,0.1497210483030252
amazon-new-carlisle-in,2014-10-27,4,15.993706414928718,0.31650242404244,0.9710576644664476,0.1365997724074884
amazon-new-carlisle-in,2015-04-05,2,18.36296650971677,0.2492580928709106,0.9590678984209676,0.2001032501125265
amazon-new-carlisle-in,2015-04-05,3,18.563148424936895,0.2714561073259285,0.9630309050092488,0.1694537331763348
amazon-new-carlisle-in,2015-04-05,4,20.92051582502869,0.2464002111112685,0.967004030331853,0.1412949392341325
amazon-new-carlisle-in,2015-04-21,2,15.140037697197068,0.3762713955991651,0.9660471896364868,0.188820459795166
amazon-new-carlisle-in,2015-04-21,3,13.687766621994625,0.4058124013469529,0.9651738557722012,0.1706423965424848
amazon-new-carlisle-in,2015-04-21,4,12.1754810179795,0.3498481239405678,0.9630173151689208,0.1477642232707944
amazon-new-carlisle-in,2015-05-07,0,30.860377366413445,0.3770855575888579,0.9672125064079948,0.1612459959310568
amazon-new-carlisle-in,2015-05-07,1,31.224670664068604,0.4042696367552518,0.963989193268266,0.1736304962542028
amazon-new-carlisle-in,2015-05-07,2,31.584124376832865,0.4224756854752509,0.964365180221406,0.1736344677184125
amazon-new-carlisle-in,2015-05-07,3,31.133480779509917,0.388376685320021,0.963648825308572,0.165326184550604
amazon-new-carlisle-in,2015-05-07,4,32.164174891746775,0.3371824838613371,0.9671527651948254,0.1422710308407285
amazon-new-carlisle-in,2015-05-23,4,42.55936629056545,0.4014935120357906,0.9719787106961092,0.1430760078632054
amazon-new-carlisle-in,2015-06-08,4,28.232864138708337,0.5227202600934927,0.9713392194311632,0.1568881759805857
amazon-new-carlisle-in,2015-09-12,4,21.745399655679723,0.764352648030301,0.975499219883086,0.1599943085791886
amazon-new-carlisle-in,2015-10-14,4,16.529944961787045,0.5168015487667428,0.975890421924576,0.144608273523506
amazon-new-carlisle-in,2015-10-30,4,16.905911341289013,0.3663654984569598,0.9703860498956032,0.1448394294071601
amazon-new-carlisle-in,2015-11-15,4,17.15117234096599,0.3198267755656629,0.9708929377871331,0.1624517787636119
amazon-new-carlisle-in,2016-01-02,4,-1.5856626711161763,0.131420380315581,0.9824340233508384,0.3532227706001445
amazon-new-carlisle-in,2016-01-18,4,-16.96146523974927,-0.0218471190511893,0.9903487096935716,0.9051033499201452
amazon-new-carlisle-in,2016-02-19,4,3.848243592801999,0.2100739445898532,0.9828096666273995,0.292093781999293
amazon-new-carlisle-in,2016-04-23,2,27.7314282883452,0.3730682744834331,0.9594668020304568,0.1675877758883248
amazon-new-carlisle-in,2016-04-23,3,25.316257134205483,0.4437837842776553,0.9641610631111944,0.1525743375903873
amazon-new-carlisle-in,2016-04-23,4,25.57623029089447,0.4109458969550013,0.9678940572615776,0.1424662502091307
amazon-new-carlisle-in,2016-05-25,4,36.04243230115036,0.4009222644566133,0.9730866702920024,0.1535384414456385
amazon-new-carlisle-in,2016-07-12,4,30.75002321582736,0.8627471282787812,0.9808387933770634,0.203358531625582
amazon-new-carlisle-in,2016-08-29,4,29.144825482115163,0.8773914937129139,0.979754637758864,0.1618607822208632
amazon-new-carlisle-in,2016-11-01,3,19.39688825178248,0.3657308335296117,0.9615099649682644,0.1785176421451735
amazon-new-carlisle-in,2016-11-01,4,17.89921967620452,0.4128653853572188,0.9681013226452112,0.1544516120696024
amazon-new-carlisle-in,2016-12-19,4,-20.846167815953,-0.0429315277136876,0.9903897783095296,0.9097875898303994
amazon-new-carlisle-in,2017-02-05,4,6.945774949160996,0.2861297429403179,0.96986987036744,0.1482173752246553
amazon-new-carlisle-in,2017-04-26,2,33.95369764780773,0.4205022976236999,0.958974977375566,0.1906479001351811
amazon-new-carlisle-in,2017-04-26,3,33.054203201148404,0.4441632230574487,0.9645526752242538,0.1954538892658592
amazon-new-carlisle-in,2017-04-26,4,34.348906148330855,0.3727155254174318,0.9679508113668488,0.1790607081842422
amazon-new-carlisle-in,2017-07-31,4,24.22547600277807,0.8584511663786062,0.9795981684873254,0.2010291833177168
amazon-new-carlisle-in,2017-08-16,4,30.754448812353573,0.8523162231809654,0.97768819146913,0.2040838803156753
amazon-new-carlisle-in,2017-09-17,4,32.476944027517426,0.8179228407319062,0.966554060324826,0.1330552188718097
amazon-new-carlisle-in,2017-10-03,3,25.943126005436184,0.3725558769735804,0.9614970775283234,0.1752913707513237
amazon-new-carlisle-in,2017-10-03,4,23.637442407058867,0.4622309211286083,0.9698550756109212,0.1731616800860435
amazon-new-carlisle-in,2017-10-19,3,19.43160820264737,0.4123830631454995,0.9645017413699002,0.1426850135654319
amazon-new-carlisle-in,2017-10-19,4,19.532550869353543,0.4035704109575647,0.9683612353905824,0.1263594425326283
amazon-new-carlisle-in,2017-11-20,4,5.725482056334934,0.3144736820454372,0.9699157966146624,0.1334125069863786
amazon-new-carlisle-in,2017-12-06,4,4.644357953109152,0.2828953265305271,0.9699329324351867,0.141627197640837
amazon-new-carlisle-in,2018-04-29,2,26.726815552336472,0.2743942297511691,0.9595712149532712,0.2007930870991693
amazon-new-carlisle-in,2018-04-29,3,26.666357044635536,0.3253741318680848,0.9635573680517776,0.1922493710125856
amazon-new-carlisle-in,2018-04-29,4,28.107481829590498,0.2984382383784759,0.9671989569300024,0.1684120341170223
amazon-new-carlisle-in,2018-05-31,4,34.80806133039376,0.739566396596049,0.958,0.0978784827165354
amazon-new-carlisle-in,2019-04-16,3,26.90438904043847,0.3246191234449376,0.964305156564437,0.1839485207326408
amazon-new-carlisle-in,2019-04-16,4,27.227525937505582,0.2940235109670891,0.9675962913413404,0.1636805595586923
amazon-new-carlisle-in,2019-05-18,4,32.68739722127394,0.4524353201070675,0.972573868387978,0.1394467221324223
amazon-new-carlisle-in,2019-06-03,4,31.105779215988424,0.4219507025064776,0.9705161262478368,0.1698126254535661
amazon-new-carlisle-in,2019-07-05,4,40.050159989822106,0.6504945109853782,0.9724026274901844,0.1922797406642647
amazon-new-carlisle-in,2019-09-23,4,23.875511757459076,0.7661280342594322,0.9769147678994944,0.1670751107700172
amazon-new-carlisle-in,2019-10-09,4,22.80857172007643,0.5978549721382264,0.9734619641883222,0.1329752821164077
amazon-new-carlisle-in,2019-11-26,4,4.333038959457825,0.341616599138223,0.974498804714274,0.1322998286558609
amazon-new-carlisle-in,2020-02-14,4,-11.873043925703264,-0.0137981660378144,0.9903152167910472,0.8259651389381413
amazon-new-carlisle-in,2020-03-17,3,6.789741517525975,0.2680975117589197,0.964090970654628,0.0739712454142212
amazon-new-carlisle-in,2020-03-17,4,7.292467430780234,0.2727558819470435,0.9693970983213424,0.1135913836866755
amazon-new-carlisle-in,2020-04-02,3,22.699871673013448,0.3370173746901055,0.9635356898642368,0.163473661108644
amazon-new-carlisle-in,2020-04-02,4,23.350546232673217,0.3134364109018787,0.968082788977242,0.1454156106008104
amazon-new-carlisle-in,2020-04-18,2,16.10935159713785,0.4707643058988167,0.9680256267251384,0.1407929496914872
amazon-new-carlisle-in,2020-04-18,3,16.56676133313846,0.4410302006068499,0.9651562073616404,0.1389925559423823
amazon-new-carlisle-in,2020-04-18,4,16.179933141221966,0.370473581202826,0.9673600518293276,0.1198105092215505
amazon-new-carlisle-in,2020-05-04,1,20.166453823507872,0.3962611269873766,0.9649407539527294,0.236868529323721
amazon-new-carlisle-in,2020-05-04,2,18.02110723489173,0.4802634832056876,0.9663298450252424,0.2043994592456834
amazon-new-carlisle-in,2020-05-04,3,16.31645094328154,0.4200599621334152,0.9640485213947536,0.2099333992299615
amazon-new-carlisle-in,2020-05-04,4,19.034827385200742,0.3577690819192272,0.9664529425723228,0.1711579918616001
amazon-new-carlisle-in,2020-07-07,4,41.908014285741416,0.7681230601051301,0.9762871858859032,0.1814409127687743
amazon-new-carlisle-in,2020-09-25,4,30.976709803588165,0.5152573772747107,0.9721324740160356,0.1577933603972409
amazon-new-carlisle-in,2020-10-11,4,26.229052155120645,0.3800909519123224,0.9712403837890642,0.1224803366293659
amazon-new-carlisle-in,2020-11-28,4,6.408871045502117,0.3259800155759026,0.9704360585210252,0.0938715553525734
amazon-new-carlisle-in,2021-03-04,4,7.391627224126365,0.2655215819694499,0.9694790968630718,0.1085200887764471
amazon-new-carlisle-in,2021-03-20,4,21.24715890173946,0.2576361278622391,0.969775412630614,0.1276449928301827
amazon-new-carlisle-in,2021-05-07,4,19.116045290598397,0.3896295918267116,0.9700485834874556,0.1678398918941054
amazon-new-carlisle-in,2021-05-23,4,37.848067769545466,0.344971061440407,0.975331818181818,0.12126801625
amazon-new-carlisle-in,2021-06-08,3,36.99446149281078,0.4537206636246579,0.9650881296473665,0.1575845519104233
amazon-new-carlisle-in,2021-06-08,4,37.70129135119672,0.4843334893934489,0.9687378106676048,0.1572372422201328
amazon-new-carlisle-in,2021-08-27,4,31.30612387591018,0.8682523463923492,0.9814828623468376,0.1539290518343637
amazon-new-carlisle-in,2021-09-12,4,32.21403553605518,0.722448256889473,0.976028506791398,0.1646906307062692
amazon-new-carlisle-in,2021-09-28,4,26.311288982078203,0.5558739902427379,0.9739790867402792,0.1292763731597578
amazon-new-carlisle-in,2021-12-17,4,2.2453147307491435,0.3041660270371538,0.9688367783185712,0.1164834459526747
amazon-new-carlisle-in,2022-01-02,4,-7.0870303339910885,0.0054440337292207,0.9900769460971888,0.822087525662314
amazon-new-carlisle-in,2022-05-10,3,31.27108097709555,0.398343533417916,0.9639365868753808,0.2134159478946318
amazon-new-carlisle-in,2022-05-10,4,34.11502869872232,0.3806707647478384,0.9687829394727476,0.1933242108265948
amazon-new-carlisle-in,2022-06-27,3,34.60968821323895,0.4706194901290677,0.96531926031126,0.225193621474435
amazon-new-carlisle-in,2022-06-27,4,35.14762548115469,0.5238415925261429,0.9696990671108016,0.1858221101813686
amazon-new-carlisle-in,2022-07-29,3,27.769325118973462,0.8631061992538025,0.9659634970073624,0.2511476333886587
amazon-new-carlisle-in,2022-07-29,4,28.230649898107583,0.8667648430351365,0.9738431251818368,0.2310415925486715
amazon-new-carlisle-in,2022-08-30,3,27.033316312383935,0.8290640769639138,0.9659496006364672,0.1991464436135222
amazon-new-carlisle-in,2022-08-30,4,25.804351298081027,0.8498802169296291,0.9722628444919548,0.2040062460594508
amazon-new-carlisle-in,2022-09-15,2,29.384724583559834,0.6972381294949893,0.9597098075633286,0.154352674127457
amazon-new-carlisle-in,2022-09-15,3,29.32898830358076,0.6924977240041295,0.9660400886804338,0.162694352953151
amazon-new-carlisle-in,2022-09-15,4,27.997402354266654,0.7573845265487097,0.9709069436774684,0.1717016833148423
amazon-new-carlisle-in,2022-10-01,3,23.63836794778695,0.5097657637342343,0.9650938135443048,0.1415408603699222
amazon-new-carlisle-in,2022-10-01,4,23.384369844841835,0.5423011893079368,0.969683509943268,0.1414286355442325
amazon-new-carlisle-in,2022-11-02,2,21.568666545432535,0.2334730388243675,0.959754233723482,0.1909760051762527
amazon-new-carlisle-in,2022-11-02,3,20.565755037278027,0.3202886441376425,0.9634055385366754,0.1546535090169628
amazon-new-carlisle-in,2022-11-02,4,20.339422040834105,0.2971139850533155,0.966877537569884,0.1441764589050173
amazon-new-carlisle-in,2022-12-04,3,2.7149109407043848,0.2954330238997216,0.9631156679416758,0.1586344581448868
amazon-new-carlisle-in,2022-12-04,4,2.6425619423639315,0.2861266450823578,0.9671956060145668,0.1467320554756514
amazon-new-carlisle-in,2023-04-11,4,26.369720331400416,0.336637289835843,0.9690037169963418,0.167679230198976
amazon-new-carlisle-in,2023-04-27,0,21.61912554868946,0.5144748073862143,0.9717340993578908,0.1938620562639404
amazon-new-carlisle-in,2023-04-27,1,24.33666047673503,0.4705661503024569,0.9648650472509392,0.1999910047801232
amazon-new-carlisle-in,2023-04-27,2,24.106958331698113,0.4493569987429674,0.9646924507741808,0.1836936872973379
amazon-new-carlisle-in,2023-04-27,3,25.222052775025233,0.3960703296634221,0.9645392380264608,0.1901900119225413
amazon-new-carlisle-in,2023-04-27,4,26.670205917783964,0.3485196704382857,0.9677354269776928,0.1722453664907388
amazon-new-carlisle-in,2023-07-16,4,26.914547164252365,0.7660970795564458,0.974549281800722,0.1865271292504711
amazon-new-carlisle-in,2023-08-01,4,28.24262817245438,0.8472657735303231,0.9751063010185236,0.1976266677508244
amazon-new-carlisle-in,2023-09-02,4,32.239432576583496,0.7905057825448865,0.9762354145766996,0.1761614989729084
amazon-new-carlisle-in,2023-11-05,3,10.518871000000033,0.2641786989905559,0.9642823529411764,0.0718682178921568
amazon-new-carlisle-in,2023-11-05,4,12.318406764271504,0.3342118042808438,0.9687632401559784,0.1539510251005471
amazon-new-carlisle-in,2024-02-09,0,13.091320542423404,0.4631597823497927,0.9718157303370788,0.1511079485007022
amazon-new-carlisle-in,2024-02-09,1,14.459734476312944,0.3785748334594678,0.963969288114028,0.1424113052138912
amazon-new-carlisle-in,2024-02-09,2,15.06914461207495,0.3510111601104129,0.963965636158942,0.1405637743575377
amazon-new-carlisle-in,2024-02-09,3,15.304490240116712,0.3342358603937836,0.963978685658664,0.1484822886668917
amazon-new-carlisle-in,2024-02-09,4,15.438855020180709,0.2951492470460315,0.9672240509111752,0.1367346645869183
amazon-new-carlisle-in,2024-03-12,2,5.7894483200000195,0.3016402332676475,0.97955,0.1405191025
amazon-new-carlisle-in,2024-03-12,3,7.638597140000002,0.3648745437727382,0.9572,0.18316393
amazon-new-carlisle-in,2024-04-13,1,22.46491472699991,0.5313511613377142,0.972038399879628,0.1622547957478764
amazon-new-carlisle-in,2024-04-13,2,23.123036512657738,0.4395072068320253,0.9644964225617496,0.1607995440845591
amazon-new-carlisle-in,2024-04-13,3,23.10080589463364,0.4278401493332905,0.96484785583681,0.1678382611549634
amazon-new-carlisle-in,2024-04-13,4,23.17753390642373,0.3661160594227197,0.9678456584050508,0.1501078355531654
amazon-new-carlisle-in,2024-05-15,3,29.571943979024024,0.4588208124171162,0.9649388644966744,0.1558205000185032
amazon-new-carlisle-in,2024-05-15,4,29.76260846885135,0.4199890880227224,0.9684956590767836,0.1370893064357145
amazon-new-carlisle-in,2024-05-31,4,22.653134608381514,0.3803734690252388,0.9684397733254044,0.1973733545513438
amazon-new-carlisle-in,2024-07-18,3,26.908283292913744,0.8452979694425278,0.968702920323592,0.2193551562968182
amazon-new-carlisle-in,2024-07-18,4,26.32381025634716,0.827242619714169,0.9731397909229595,0.2187141426457581
amazon-new-carlisle-in,2024-08-03,4,36.99254341318096,0.750861081453304,0.9769282058453967,0.1723134769771082
amazon-new-carlisle-in,2024-08-19,4,26.428352996504728,0.8334119344824823,0.9739672836141046,0.1773526142042513
amazon-new-carlisle-in,2024-09-04,3,29.320204130194902,0.7816655654494177,0.9676869087738288,0.1726307361440085
amazon-new-carlisle-in,2024-09-04,4,29.266954512749,0.7870762197767622,0.9714161946192482,0.1736158502884265
amazon-new-carlisle-in,2024-10-22,3,23.39399856079501,0.3726365660726971,0.9637044443027684,0.1712017775666266
amazon-new-carlisle-in,2024-10-22,4,23.815097784452135,0.3814817199421974,0.9683245410300172,0.167713531371912
amazon-new-carlisle-in,2024-11-07,4,17.843771885084266,0.3837016764317951,0.9702622836822996,0.1300438843617025
amazon-new-carlisle-in,2025-03-15,3,17.007116582918293,0.2384219335426855,0.9630865879092918,0.1835929331857669
amazon-new-carlisle-in,2025-03-15,4,16.296268880073644,0.2117778022581421,0.9669837508696536,0.1688165606227616
amazon-new-carlisle-in,2025-04-16,2,18.04018899027556,0.3632977714416339,0.968646506909822,0.196693105789279
amazon-new-carlisle-in,2025-04-16,3,18.465698596119267,0.3957763406392407,0.9641717101752588,0.2092430746758498
amazon-new-carlisle-in,2025-04-16,4,19.583454083775212,0.3172553007995401,0.9674983341403656,0.177170874106812
amazon-new-carlisle-in,2025-05-02,2,21.671337181379336,0.6975724093907211,0.96028275862069,0.2355782794827586
amazon-new-carlisle-in,2025-05-02,4,20.93704294681729,0.4977009776289823,0.9721680594009572,0.1455103622907752
amazon-new-carlisle-in,2025-06-19,3,30.26278905486049,0.572618982349084,0.9631771850575068,0.1783232718470087
amazon-new-carlisle-in,2025-06-19,4,29.31020710516144,0.6102452278292461,0.9708625561743244,0.1539980974643374
amazon-new-carlisle-in,2025-07-05,4,36.68848083545581,0.8202613199107224,0.9777774797395477,0.2029365523384267
amazon-new-carlisle-in,2025-07-21,4,24.46721101739354,0.8522183469343199,0.9782063958654316,0.22269167606106
amazon-new-carlisle-in,2025-08-06,4,33.118198922642705,0.8343952979343857,0.9781737704470076,0.1977974931525173
amazon-new-carlisle-in,2025-09-07,4,21.781304280328843,0.8328631925844515,0.9768653582952256,0.1877019331219612
amazon-new-carlisle-in,2025-10-09,3,20.344811317355425,0.4832261991812352,0.965010914335848,0.1374599542145305
amazon-new-carlisle-in,2025-10-09,4,20.11747931576926,0.4882354415332232,0.9687330448355252,0.1295971170841565
amazon-new-carlisle-in,2025-10-25,4,13.953314958723135,0.4506967924198452,0.9713864061544366,0.1090539728527062
amazon-new-carlisle-in,2025-11-10,3,-6.454307531062978,0.0420699417700409,0.9890536180419928,0.7593569439391399
amazon-new-carlisle-in,2025-11-10,4,-5.975792955833893,0.0660940645848169,0.9875771596495972,0.7342567704871268
amazon-new-carlisle-in,2026-03-02,1,6.454322184322029,0.461667866742494,0.9719616963781548,0.1593105290457704
amazon-new-carlisle-in,2026-03-02,2,7.263261686253738,0.3281211012611924,0.9638228785392956,0.1513451098832488
amazon-new-carlisle-in,2026-03-02,3,7.531367164738192,0.3181811584301063,0.9640106485200888,0.1606463106197211
amazon-new-carlisle-in,2026-03-02,4,7.382894575870746,0.2798283156254862,0.9672556899800988,0.1490653992154209
amazon-new-carlisle-in,2026-04-03,2,18.93455957351416,0.3042688181002811,0.9595919215233696,0.214398243942585
amazon-new-carlisle-in,2026-04-03,3,17.527500491268405,0.3943362878091529,0.9619605282034674,0.1955094753157389
amazon-new-carlisle-in,2026-04-03,4,17.46818443788292,0.377955118419032,0.9659605416524156,0.1761202430815601
amazon-new-carlisle-in,2026-05-21,0,21.89605816171522,0.6848983941420479,0.9749660828025478,0.1820668515559599
amazon-new-carlisle-in,2026-05-21,1,24.01247691058721,0.5265158303017835,0.9691704257430864,0.1855429890743343
amazon-new-carlisle-in,2026-05-21,2,24.58371873668332,0.4999139662832138,0.9650364243477976,0.1961089183369193
amazon-new-carlisle-in,2026-05-21,3,25.704470334175628,0.4007722967073153,0.9646217443262196,0.1911793846440192
amazon-new-carlisle-in,2026-05-21,4,27.915940292068367,0.3602014897835059,0.967336519814048,0.1676840639355275
amazon-new-carlisle-in,2026-06-22,4,21.69742777885246,0.7409232260845254,0.9738673102156512,0.1689880831606268
amazon-new-carlisle-in,2026-07-08,4,33.50941959655063,0.7846409542640614,0.9762507568165932,0.1844885422031811
amazon-new-carlisle-in,2026-08-25,4,29.348040637084974,0.8091155040075023,0.9778364493892376,0.1761826992681277
amazon-new-carlisle-in,2026-09-26,4,23.92522754668661,0.6862700650387353,0.9744313348596694,0.1492762049634109
amazon-new-carlisle-in,2013-03-29,0,-23.344812309404887,0.28661350247991,0.9666950093355832,0.1443427778760987
amazon-new-carlisle-in,2013-03-29,1,-26.15030287398208,0.2585407001814612,0.962404485013458,0.1544778239157455
amazon-new-carlisle-in,2013-03-29,2,-26.877668476536986,0.2685571893135738,0.9648943841617909,0.1507887456799463
amazon-new-carlisle-in,2013-03-29,3,-27.04189749472881,0.3035729175113312,0.9691572209768208,0.1473220758135069
amazon-new-carlisle-in,2013-03-29,4,-26.661447040663063,0.2844288053703077,0.9720420313003016,0.1359362848653521
amazon-new-carlisle-in,2013-04-22,0,26.59511818505867,0.3475451330698064,0.9676391506143616,0.1716874678675429
amazon-new-carlisle-in,2013-04-22,1,25.57478450371096,0.327988969928429,0.9633726532942564,0.1734270419524156
amazon-new-carlisle-in,2013-04-22,2,24.93518058251027,0.3295790523145749,0.965621430416363,0.1670305581019334
amazon-new-carlisle-in,2013-04-22,3,24.236408486644542,0.3738706980862183,0.9703478989520248,0.1566462065875827
amazon-new-carlisle-in,2013-04-22,4,24.452632657419763,0.3426430818072369,0.973108841361596,0.1462017943698902
amazon-new-carlisle-in,2013-05-24,0,23.94316486993309,0.4062344568467487,0.9681307832165968,0.1495991558683403
amazon-new-carlisle-in,2013-05-24,1,23.654266648479307,0.4283162955096402,0.9646496270703918,0.1662009369878312
amazon-new-carlisle-in,2013-05-24,2,22.89910560429897,0.4479545634163466,0.9668568651218632,0.1582101262307978
amazon-new-carlisle-in,2013-05-24,3,21.821108471491797,0.4546050223892161,0.971103419773677,0.1474506255997499
amazon-new-carlisle-in,2013-05-24,4,22.313277117711923,0.4325054620927604,0.974058032005402,0.1370381617585181
amazon-new-carlisle-in,2013-07-11,0,27.927973519357373,0.8552670308136411,0.97188115959219,0.2090878959457462
amazon-new-carlisle-in,2013-07-11,1,30.390367984924673,0.7360211031080255,0.9660688348802878,0.2030034061609675
amazon-new-carlisle-in,2013-07-11,2,29.805986129774972,0.7787096539676736,0.9692127059782248,0.1959180049713833
amazon-new-carlisle-in,2013-07-11,3,28.965985361451683,0.8146177690413783,0.9760303420187963,0.1863974719992229
amazon-new-carlisle-in,2013-07-11,4,28.661339013492547,0.8095534677156021,0.979435180546206,0.1791451815375306
amazon-new-carlisle-in,2013-07-27,2,19.11421902900949,0.839100976705642,0.9806986135181976,0.2676652921319821
amazon-new-carlisle-in,2013-07-27,3,24.425354245250844,0.7162460829850724,0.9698557282855984,0.1796487003007422
amazon-new-carlisle-in,2013-07-27,4,22.24694637482579,0.8731979793825791,0.983758760856486,0.2531747522755238
amazon-new-carlisle-in,2013-08-28,0,27.455919660000013,0.6439185877220661,0.9776800653594768,0.3793272130882352
amazon-new-carlisle-in,2013-08-28,1,32.74828825128015,0.558255690184408,0.9736941855621016,0.2865409908855561
amazon-new-carlisle-in,2013-08-28,2,33.248712831280706,0.7029731623991436,0.9753428570246704,0.2462968844726533
amazon-new-carlisle-in,2013-08-28,3,30.356158556940503,0.8009545156075788,0.9764068901506282,0.2387242573595793
amazon-new-carlisle-in,2013-08-28,4,30.36816692680119,0.8095140778412807,0.9786213047236147,0.2206815592722918
amazon-new-carlisle-in,2013-09-13,0,22.51648421916014,0.4629353333307013,0.9703025082295232,0.1799129510977859
amazon-new-carlisle-in,2013-09-13,1,24.61856005300042,0.5036011246179664,0.9654754194620806,0.1713638033502837
amazon-new-carlisle-in,2013-09-13,2,23.5829491796678,0.598168429871895,0.9689816939630438,0.1672780244739778
amazon-new-carlisle-in,2013-09-13,3,22.220207842654908,0.6615748847812498,0.9748980615670176,0.1599317790983701
amazon-new-carlisle-in,2013-09-13,4,21.591223837372866,0.6948604054461629,0.9774443644294044,0.1623924579355948
amazon-new-carlisle-in,2013-09-29,2,19.45366559893945,0.6963087908167587,0.9749649601030448,0.1505671155474085
amazon-new-carlisle-in,2013-09-29,3,20.15558897213016,0.5948522320822766,0.9742431106786684,0.1510190599705895
amazon-new-carlisle-in,2013-09-29,4,20.897828721118923,0.6608428475192869,0.9753918403771554,0.1373215522376899
amazon-new-carlisle-in,2014-01-03,0,-14.81652292329267,-0.0522855876160839,0.9904,0.8408392072713416
amazon-new-carlisle-in,2014-01-03,1,-14.159815517467091,-0.0477955831647593,0.9904,0.6833600202740746
amazon-new-carlisle-in,2014-01-03,2,-16.154972512857128,-0.0481350073933339,0.9904,0.9614565045833336
amazon-new-carlisle-in,2014-01-03,3,-15.31833106349846,-0.0472932307213323,0.9904,0.9599751988677692
amazon-new-carlisle-in,2014-01-03,4,-15.143766202067576,-0.0266553621195294,0.9904,0.9135516360099022
amazon-new-carlisle-in,2014-01-19,0,-7.528999291518283,-0.0362509265592215,0.9904,0.8687140382029441
amazon-new-carlisle-in,2014-01-19,1,-7.760654975363614,-0.0451597208105221,0.9904,0.8004843844166668
amazon-new-carlisle-in,2014-01-19,2,-7.649085590366245,-0.0324114473439891,0.9904,0.87192766246096
amazon-new-carlisle-in,2014-01-19,3,-7.6051281589475375,-0.0379639951331619,0.9904,0.886061946724425
amazon-new-carlisle-in,2014-01-19,4,-7.656779183697333,-0.0459180427984505,0.9903982297373484,0.8460554182681504
amazon-new-carlisle-in,2014-03-24,3,4.26011347878496,0.2403805925529493,0.9675534358529276,0.1630736851268444
amazon-new-carlisle-in,2014-03-24,4,5.862936919781937,0.235057964187086,0.9718313918498594,0.1781058027227239
amazon-new-carlisle-in,2014-04-09,0,24.21314389699401,0.2584582918456305,0.9668966131093698,0.1599422309007442
amazon-new-carlisle-in,2014-04-09,1,22.280522762780144,0.2553681498448309,0.962817626436606,0.158323772982132
amazon-new-carlisle-in,2014-04-09,2,22.10322208809378,0.2780139544449115,0.96528740826131,0.1512298302746552
amazon-new-carlisle-in,2014-04-09,3,22.14248814953024,0.2957337615369048,0.9695800085999902,0.1531698028556861
amazon-new-carlisle-in,2014-04-09,4,22.13880057616676,0.2788499143683614,0.9725544627044228,0.1503055275615903
amazon-new-carlisle-in,2014-05-11,0,26.792303445810283,0.3553853182739693,0.967813981924752,0.1815348221978131
amazon-new-carlisle-in,2014-05-11,1,26.47726274170599,0.3482758901239178,0.9634385560890756,0.1829225059943461
amazon-new-carlisle-in,2014-05-11,2,25.48561847582361,0.3627592346665658,0.9659108395231796,0.1845021129012036
amazon-new-carlisle-in,2014-05-11,3,25.150292863581708,0.3751063884692552,0.9703180809870195,0.1755114093440939
amazon-new-carlisle-in,2014-05-11,4,26.27368668883613,0.3661764100310142,0.9733554910383644,0.1633021575665459
amazon-new-carlisle-in,2014-05-27,2,12.946128946962414,0.4353584100817965,0.9677106822226228,0.129434189439608
amazon-new-carlisle-in,2014-05-27,3,12.90810525793732,0.4433001783650848,0.9713721756773556,0.1322910925996757
amazon-new-carlisle-in,2014-05-27,4,13.668884562132597,0.4206549066532419,0.9747581622225048,0.146633716973816
amazon-new-carlisle-in,2014-06-12,0,31.10643446780529,0.5283759032398886,0.9697777603716056,0.1618533756955688
amazon-new-carlisle-in,2014-06-12,1,31.322687739974615,0.528356035490123,0.9649756990214304,0.1526308528463822
amazon-new-carlisle-in,2014-06-12,2,30.907319119970474,0.5497230604466959,0.9676503107157344,0.1556906326189812
amazon-new-carlisle-in,2014-06-12,3,30.417067517254313,0.5400714028683246,0.9724960037408402,0.1445815789914272
amazon-new-carlisle-in,2014-06-12,4,30.476107384036464,0.5319929790681611,0.9757327332680752,0.1379719849704385
amazon-new-carlisle-in,2014-07-14,4,24.75034460000001,0.715447788722547,0.9821833333333336,0.2455852885416666
amazon-new-carlisle-in,2014-07-30,2,18.983841979060127,0.8217034044457556,0.9617776166163844,0.2234131241896321
amazon-new-carlisle-in,2014-07-30,3,22.113487010234525,0.7988250220897916,0.9780812142790384,0.206588186669437
amazon-new-carlisle-in,2014-07-30,4,24.751162174016812,0.8131839983064829,0.9809990177262352,0.1913491163051904
amazon-new-carlisle-in,2014-08-15,0,25.438437712972377,0.8321014491188555,0.9723770859959876,0.1801401878278828
amazon-new-carlisle-in,2014-08-15,1,26.80012568978252,0.7076014349039863,0.966743771489588,0.174154711357612
amazon-new-carlisle-in,2014-08-15,2,25.650796141484545,0.8110339895789797,0.9699462606214722,0.1780297315606834
amazon-new-carlisle-in,2014-08-15,3,25.035317607770025,0.8320064049533215,0.9770243512418424,0.174945328342517
amazon-new-carlisle-in,2014-08-15,4,24.772007052241698,0.8364664359759645,0.98066364536236,0.1742457748873146
amazon-new-carlisle-in,2014-08-31,3,26.176797488035483,0.7402512381847268,0.9781908853940396,0.2089614383349987
amazon-new-carlisle-in,2014-08-31,4,25.27378792579051,0.8192644080949196,0.9744814968889696,0.2191680787252213
amazon-new-carlisle-in,2014-09-16,0,21.198012072208517,0.7704520301742912,0.9694877874087302,0.1671447837077964
amazon-new-carlisle-in,2014-09-16,1,20.870575167156776,0.6705757991512342,0.9702469177423674,0.1548270309982228
amazon-new-carlisle-in,2014-09-16,2,20.748621419929137,0.7326668811749659,0.9677499435544932,0.1806327562620683
amazon-new-carlisle-in,2014-09-16,3,20.462215351502348,0.7055441829331675,0.9738440603023412,0.1671318650822987
amazon-new-carlisle-in,2014-09-16,4,20.34557504578185,0.7453995799495275,0.9767210913633982,0.1621536698318018
amazon-new-carlisle-in,2015-02-23,0,-12.70670611593827,-0.0291724305228056,0.9904,0.898165268485007
amazon-new-carlisle-in,2015-02-23,1,-12.933486490980078,-0.031845213439777,0.9904,0.8919968962913694
amazon-new-carlisle-in,2015-02-23,2,-12.891815602875733,-0.030267536991225,0.9904,0.9136211772711994
amazon-new-carlisle-in,2015-02-23,3,-12.89805637825655,-0.031512930153998,0.9904,0.9059312782654508
amazon-new-carlisle-in,2015-02-23,4,-12.957353065984153,-0.034425379060414,0.9904,0.8964426408294953
amazon-new-carlisle-in,2015-03-11,0,4.166521549428868,0.0052144056113498,0.9877658508075894,0.3632256232726529
amazon-new-carlisle-in,2015-03-11,1,3.691887453830085,-0.0141041256575893,0.987514316498894,0.4157915311472821
amazon-new-carlisle-in,2015-03-11,2,3.1285463821960504,-0.0032201729061956,0.9882502476364926,0.4099792826751285
amazon-new-carlisle-in,2015-03-11,3,2.490036653211078,-0.0261682985649598,0.9896661385505832,0.4516341543885953
amazon-new-carlisle-in,2015-03-11,4,2.6620181643467813,-0.0285666232148166,0.9896199305940092,0.4574970630470096
amazon-new-carlisle-in,2015-04-12,0,13.89205246929562,0.2761013950219276,0.9666575131169098,0.1613850861323997
amazon-new-carlisle-in,2015-04-12,1,13.582457130100508,0.2717327117285177,0.963735793114254,0.1702490352270248
amazon-new-carlisle-in,2015-04-12,2,13.198246517174107,0.2781398775295251,0.9652122064858404,0.1675583534009609
amazon-new-carlisle-in,2015-04-12,3,13.119260559180308,0.2871113427928239,0.9689260170582455,0.168887154724198
amazon-new-carlisle-in,2015-04-12,4,12.866318213086888,0.2834073083419868,0.9719543698887898,0.1571292716331101
amazon-new-carlisle-in,2015-04-28,0,29.24575129733311,0.3512034497617023,0.9676874684842848,0.1760644477637976
amazon-new-carlisle-in,2015-04-28,1,27.752536933429855,0.3242415337363429,0.9630830440316818,0.1926956039490046
amazon-new-carlisle-in,2015-04-28,2,26.713239141935414,0.3486091200232961,0.9643931324609468,0.1728481294787297
amazon-new-carlisle-in,2015-04-28,3,27.0792010336984,0.3434632395546876,0.969200777454443,0.1805834877393074
amazon-new-carlisle-in,2015-04-28,4,27.91259878140946,0.3435169445176986,0.9722890545543974,0.1671705974125895
amazon-new-carlisle-in,2015-07-01,0,25.39138045397072,0.7987560941439652,0.9723294935067918,0.1833618111099865
amazon-new-carlisle-in,2015-07-01,1,27.19675189445994,0.6519907307233895,0.966670345924393,0.1832786655786815
amazon-new-carlisle-in,2015-07-01,2,26.693356917549725,0.6987875767506792,0.9695763040854234,0.1782800195384724
amazon-new-carlisle-in,2015-07-01,3,25.225301798101462,0.7393943696728567,0.975876686153912,0.1815400773974103
amazon-new-carlisle-in,2015-07-01,4,24.99148901690497,0.7422096712833381,0.9791840744917684,0.1757382763067238
amazon-new-carlisle-in,2015-07-17,0,31.581555160884133,0.7642369278274151,0.97101460377065,0.2462612759115534
amazon-new-carlisle-in,2015-07-17,1,33.99825645230301,0.7112428121181821,0.9656478799716864,0.2250877162989806
amazon-new-carlisle-in,2015-07-17,2,33.181564831593654,0.7739561985725257,0.9672596047975124,0.2218435698999668
amazon-new-carlisle-in,2015-07-17,3,31.466761193469605,0.8274277861504575,0.977001372859736,0.2411905057224617
amazon-new-carlisle-in,2015-07-17,4,31.956123955033263,0.8255103860234659,0.9794510181383206,0.2243049438498248
amazon-new-carlisle-in,2015-08-02,0,32.16142692923612,0.8364053080648396,0.9721089699561094,0.1982983862332213
amazon-new-carlisle-in,2015-08-02,1,34.27787432689417,0.7026115677471152,0.9664615353031538,0.1908846641848151
amazon-new-carlisle-in,2015-08-02,2,33.289420163880905,0.7995922278887866,0.9695251375637688,0.1916394998297398
amazon-new-carlisle-in,2015-08-02,3,32.03717600884272,0.8474304616011901,0.9767638651314828,0.1976576800072503
amazon-new-carlisle-in,2015-08-02,4,31.735788706646616,0.8456614504439763,0.9802825124077688,0.1915365414927746
amazon-new-carlisle-in,2015-08-18,3,26.1230507236845,0.8413717253349473,0.974202569899557,0.2581286646917234
amazon-new-carlisle-in,2015-08-18,4,27.9025248350414,0.848415143864532,0.974008487184262,0.2324606380731063
amazon-new-carlisle-in,2015-09-03,0,35.392522650077844,0.7701353023284753,0.9718341149859344,0.1709054425747335
amazon-new-carlisle-in,2015-09-03,1,37.0441209598324,0.6849734419998945,0.9665296653427324,0.1723160827907034
amazon-new-carlisle-in,2015-09-03,2,35.725011447708695,0.772826798760253,0.9696377946592992,0.1700492682507446
amazon-new-carlisle-in,2015-09-03,3,33.97765904395789,0.8062019909685099,0.9768597506846424,0.1739266754505067
amazon-new-carlisle-in,2015-09-03,4,33.390896350573605,0.8014420212141035,0.9802889077055916,0.1698268439611049
amazon-new-carlisle-in,2015-09-19,0,23.35342847241864,0.4857241136907721,0.9669920996353564,0.1436794448059563
amazon-new-carlisle-in,2015-09-19,1,22.567386904045016,0.6056061471643207,0.9725814159864888,0.1793192586860036
amazon-new-carlisle-in,2015-09-19,2,22.236121595544756,0.6204844862498005,0.9685821916911082,0.155594231405146
amazon-new-carlisle-in,2015-09-19,3,21.02426742212716,0.684237536755364,0.9747359514429568,0.1631433542545336
amazon-new-carlisle-in,2015-09-19,4,21.558052452150417,0.6500148020434748,0.9750448458826668,0.161107108264703
amazon-new-carlisle-in,2015-11-22,0,-9.23974850196832,-0.0330293624091673,0.9904,0.888740417554818
amazon-new-carlisle-in,2015-11-22,1,-9.096389412207085,-0.0322315673491774,0.9902707911288332,0.850192854419323
amazon-new-carlisle-in,2015-11-22,2,-9.080340122950314,-0.0118030476214684,0.9903987540391104,0.8178496899813404
amazon-new-carlisle-in,2015-11-22,3,-8.979958620285014,-0.0084381768491188,0.9904,0.8271124119536634
amazon-new-carlisle-in,2015-11-22,4,-9.185020778170006,-0.0042254962770129,0.99039957730227,0.8227104828933368
amazon-new-carlisle-in,2015-12-24,0,7.034111934772811,0.3090982939479388,0.9665022765517498,0.1097774540078543
amazon-new-carlisle-in,2015-12-24,1,6.842702583691072,0.3484281458855401,0.9624275695573618,0.1031016481094326
amazon-new-carlisle-in,2015-12-24,2,7.362712939609168,0.3239396364971183,0.964716353155124,0.116472256744978
amazon-new-carlisle-in,2015-12-24,3,7.167325236977103,0.3514266244712353,0.9687471909381246,0.1008006794883583
amazon-new-carlisle-in,2015-12-24,4,6.961588697856448,0.3478141558906767,0.9718131097270326,0.1111052354310515
amazon-new-carlisle-in,2016-03-29,0,19.907492373771536,0.3272777365958656,0.9670887541888028,0.123026359674687
amazon-new-carlisle-in,2016-03-29,1,19.717261014869393,0.3380427801493832,0.9635915475223202,0.1342799762856462
amazon-new-carlisle-in,2016-03-29,2,19.443088944314017,0.3436805378841449,0.9656087263812276,0.1279761105632704
amazon-new-carlisle-in,2016-03-29,3,19.250297577678715,0.3805315224339257,0.9700763414190288,0.1266400381945411
amazon-new-carlisle-in,2016-03-29,4,19.349199843262443,0.3794484294393535,0.9733364411289211,0.124684971748271
amazon-new-carlisle-in,2016-04-14,0,23.42363331396272,0.312517865992183,0.9673609432612192,0.1804145099666262
amazon-new-carlisle-in,2016-04-14,1,22.456998567590155,0.3240604969357082,0.9638011006063965,0.1762855669393679
amazon-new-carlisle-in,2016-04-14,2,21.817591868065904,0.3249869183286971,0.9657362682706764,0.1760076782635011
amazon-new-carlisle-in,2016-04-14,3,21.56932021734714,0.3610833852427795,0.9701914545724788,0.1726255633600706
amazon-new-carlisle-in,2016-04-14,4,21.851019948455487,0.3649583255048805,0.9734752867691936,0.1610113234748529
amazon-new-carlisle-in,2016-05-16,1,3.7561527976504814,0.6731586893347326,0.9796601798691136,0.2039565882232906
amazon-new-carlisle-in,2016-05-16,2,8.058091804120695,0.52277372821498,0.9688280550909848,0.17661569465234
amazon-new-carlisle-in,2016-05-16,3,10.721439542792986,0.4058569509718006,0.9710945685256186,0.165267725356396
amazon-new-carlisle-in,2016-05-16,4,9.045111566201824,0.4365574848665633,0.97285780266372,0.1643453936989903
amazon-new-carlisle-in,2016-06-17,0,40.14056170119994,0.4683131041073364,0.9685386834009904,0.1559224510880302
amazon-new-carlisle-in,2016-06-17,1,38.11277556499603,0.4649641179263758,0.964149544407563,0.1741572220353094
amazon-new-carlisle-in,2016-06-17,2,38.121058518065446,0.4712023742187239,0.966726015565858,0.181045422899643
amazon-new-carlisle-in,2016-06-17,3,37.75178183298173,0.4787745106935915,0.9713210963143972,0.1671349757255091
amazon-new-carlisle-in,2016-06-17,4,37.85544296934495,0.5174700150532873,0.9749343731627214,0.1493641043356202
amazon-new-carlisle-in,2016-07-19,0,23.02300222315337,0.7955404720083178,0.9713131219038866,0.2005089760298506
amazon-new-carlisle-in,2016-07-19,1,25.79701004898472,0.7450552690042961,0.9687757170458192,0.1958954571551703
amazon-new-carlisle-in,2016-07-19,2,26.66387456474024,0.7652901112924344,0.970554085761958,0.202602751360842
amazon-new-carlisle-in,2016-07-19,3,27.616632251217847,0.7853228865325783,0.9747525908540562,0.1947074461444635
amazon-new-carlisle-in,2016-07-19,4,27.60324266935671,0.8098931333240595,0.9781989001047844,0.1961524671650674
amazon-new-carlisle-in,2016-08-04,0,37.213888893911914,0.8045922466003677,0.971977416217056,0.1754875956401618
amazon-new-carlisle-in,2016-08-04,1,39.11430013233823,0.6585803873769417,0.9660978916059704,0.1721633664256925
amazon-new-carlisle-in,2016-08-04,2,37.29049313382627,0.7604206896356174,0.9692757477185764,0.178160736136096
amazon-new-carlisle-in,2016-08-04,3,34.82928802778267,0.8244242218852357,0.9768171557992344,0.1803041629678302
amazon-new-carlisle-in,2016-08-04,4,33.55974907234094,0.843047212164659,0.9806650081638656,0.1833867228505862
amazon-new-carlisle-in,2016-09-05,0,29.890037208534277,0.8117784552101251,0.9722702140770536,0.1754313103285901
amazon-new-carlisle-in,2016-09-05,1,31.68796904078944,0.672446010639459,0.9664850217333364,0.163201495438101
amazon-new-carlisle-in,2016-09-05,2,30.921176155469915,0.7651100863443734,0.9696593134103806,0.1729345530675165
amazon-new-carlisle-in,2016-09-05,3,29.80388920545718,0.8035251855618448,0.9767378862421046,0.1683280238486904
amazon-new-carlisle-in,2016-09-05,4,29.46757872416601,0.8178336522174948,0.980500107951462,0.1694896478539266
amazon-new-carlisle-in,2016-09-21,0,27.164382467574015,0.6531384133018457,0.970040251269304,0.1541076264470712
amazon-new-carlisle-in,2016-09-21,1,27.664526507334628,0.5604457743556661,0.9651774882913282,0.1452974368456933
amazon-new-carlisle-in,2016-09-21,2,27.62220100483092,0.6409526381003162,0.968332012622573,0.1437879602471621
amazon-new-carlisle-in,2016-09-21,3,26.77673983711966,0.632205122561556,0.9737033822502772,0.1387052276288122
amazon-new-carlisle-in,2016-09-21,4,25.27666134559667,0.6239929283648984,0.9771018514458538,0.1368859434879913
amazon-new-carlisle-in,2016-10-07,4,12.612670745000004,0.727016320565419,0.956175,0.075786364375
amazon-new-carlisle-in,2016-10-23,0,19.97877681867985,0.4160567794902527,0.9679227741632872,0.1215207414158212
amazon-new-carlisle-in,2016-10-23,1,20.085429284071033,0.4424465964552193,0.9644941236557896,0.1442160143327129
amazon-new-carlisle-in,2016-10-23,2,20.376058325963097,0.4797860869529947,0.9669010225681798,0.1360952936866253
amazon-new-carlisle-in,2016-10-23,3,20.29440536694184,0.4758374275851975,0.971438448508235,0.1307492543875953
amazon-new-carlisle-in,2016-10-23,4,19.75755255792473,0.442502293097093,0.97414674315126,0.120280166930662
amazon-new-carlisle-in,2016-12-10,4,-10.802590738648624,-0.0234097591909262,0.9904,0.6302332788175675
amazon-new-carlisle-in,2017-02-12,3,7.153757966901821,0.2995419624893632,0.96939040748163,0.1295828455515476
amazon-new-carlisle-in,2017-02-12,4,7.666372762268705,0.2823662930635189,0.9717121697271852,0.1696455553300309
amazon-new-carlisle-in,2017-03-16,0,-0.6922940969075083,-0.0034800690447763,0.9898102256743128,0.6800938832776762
amazon-new-carlisle-in,2017-03-16,1,-0.3038204907289186,0.0137205962879768,0.98808258403136,0.6434519292880344
amazon-new-carlisle-in,2017-03-16,2,-0.164261755067853,0.0249491971036699,0.9887398576289372,0.6159116757562254
amazon-new-carlisle-in,2017-03-16,3,-0.601717083949997,0.0176683144745369,0.9898035313050618,0.6590004671747242
amazon-new-carlisle-in,2017-03-16,4,-0.9033033384921896,0.0062101713300848,0.9900659081801426,0.6780410085510993
amazon-new-carlisle-in,2017-04-01,0,18.78828817877538,0.3338096434680165,0.9670363399972705,0.1204629409922241
amazon-new-carlisle-in,2017-04-01,1,18.791071546333715,0.3383211480999898,0.963162750652254,0.1377878927824663
amazon-new-carlisle-in,2017-04-01,2,18.60210123603694,0.3536527972522224,0.9655339907843956,0.1327840835650169
amazon-new-carlisle-in,2017-04-01,3,18.188535261547663,0.3894477328495946,0.9701722310753352,0.1322784967501495
amazon-new-carlisle-in,2017-04-01,4,18.271609397594776,0.3684548348709693,0.973070700128492,0.1279050748686996
amazon-new-carlisle-in,2017-04-17,0,20.6986029295375,0.3244608029256309,0.9670902580382528,0.1806320043930427
amazon-new-carlisle-in,2017-04-17,1,18.66458687363706,0.3504275588102947,0.9646499285601904,0.1806667523879617
amazon-new-carlisle-in,2017-04-17,2,17.37639100186878,0.3602548263188285,0.9657477165608644,0.1827350226974905
amazon-new-carlisle-in,2017-04-17,3,17.27865107502904,0.3852785768545774,0.9699830628799204,0.1778160568881847
amazon-new-carlisle-in,2017-04-17,4,17.568022027647505,0.3727730378082897,0.9729861271099794,0.1680937553067225
amazon-new-carlisle-in,2017-06-04,0,31.085405564198716,0.369140411878734,0.96778598889578,0.1924522741320381
amazon-new-carlisle-in,2017-06-04,1,28.602751553582607,0.4071988204566594,0.9646757731870372,0.2017609003667231
amazon-new-carlisle-in,2017-06-04,2,28.74928626980085,0.4129584556425755,0.966655103459552,0.2044554075220973
amazon-new-carlisle-in,2017-06-04,3,28.76950908108991,0.412723326733839,0.9711193113018948,0.1873509439266137
amazon-new-carlisle-in,2017-06-04,4,28.798930350359353,0.4172965331617516,0.9740058146811722,0.1668049877087951
amazon-new-carlisle-in,2017-06-20,0,37.26475348691363,0.5650606326496361,0.969282357063549,0.1751456183489724
amazon-new-carlisle-in,2017-06-20,1,36.50311025449102,0.4789840371580427,0.9636551265536156,0.1953933419806688
amazon-new-carlisle-in,2017-06-20,2,35.54351968204657,0.4715385532932313,0.9663987152673756,0.2000080112238575
amazon-new-carlisle-in,2017-06-20,3,34.79651722602111,0.4957684933032029,0.9717106736869068,0.1883825193923735
amazon-new-carlisle-in,2017-06-20,4,35.98231044539143,0.4968139112216967,0.9744972275984434,0.171105337906946
amazon-new-carlisle-in,2017-07-06,0,34.292092455496004,0.7709080390383569,0.971119564238445,0.172360177668778
amazon-new-carlisle-in,2017-07-06,1,36.965387334946854,0.626879933814812,0.96563410820853,0.1776513576856674
amazon-new-carlisle-in,2017-07-06,2,36.477109979924904,0.6327074357301631,0.9679622719243924,0.1774136129632238
amazon-new-carlisle-in,2017-07-06,3,35.414038782489115,0.6881945480406618,0.9739695977616876,0.1698657837690502
amazon-new-carlisle-in,2017-07-06,4,35.88580493370631,0.6915375016510392,0.9773696940578877,0.1638868318124392
amazon-new-carlisle-in,2017-08-07,4,19.867251597244277,0.8304852915496332,0.9766966645782982,0.2970727646095495
amazon-new-carlisle-in,2017-08-23,0,23.773811570065007,0.8275491507567876,0.9729735732981506,0.2087752250957365
amazon-new-carlisle-in,2017-08-23,1,26.086798431597103,0.6941743415267042,0.967557511188884,0.1770131328126561
amazon-new-carlisle-in,2017-08-23,2,25.6173301137228,0.7772245222867569,0.9688109523228116,0.1882002494104109
amazon-new-carlisle-in,2017-08-23,3,25.047716066162604,0.839126915345916,0.977247989055877,0.1911782677223662
amazon-new-carlisle-in,2017-08-23,4,25.151039291707555,0.8395733031105669,0.9802052915470962,0.1898767150139
amazon-new-carlisle-in,2017-09-08,0,16.871788756636057,0.8032446474815556,0.974868797906536,0.0978276564970535
amazon-new-carlisle-in,2017-09-08,1,18.34228111875487,0.6672773795540801,0.9662630992259192,0.1071507060726418
amazon-new-carlisle-in,2017-09-08,2,18.20439378990196,0.7720657590657659,0.9711986291258028,0.1372757770339439
amazon-new-carlisle-in,2017-09-08,3,17.745422284285247,0.7975910325238287,0.9772625676106492,0.1845881129434305
amazon-new-carlisle-in,2017-09-08,4,18.384415579895418,0.8217417882356572,0.9805425151313244,0.1769443539615481
amazon-new-carlisle-in,2017-09-24,0,34.80649545897067,0.5699764656631321,0.9699202921307318,0.1239839887203076
amazon-new-carlisle-in,2017-09-24,1,35.36565874799279,0.4904674044154079,0.964983442249528,0.1335223515640241
amazon-new-carlisle-in,2017-09-24,2,35.11103647649716,0.5312605969068344,0.96746867537674,0.1309604003361569
amazon-new-carlisle-in,2017-09-24,3,34.36083583734754,0.5918279526822665,0.9734665197580992,0.1294040525675219
amazon-new-carlisle-in,2017-09-24,4,33.93300868162113,0.6233603356287896,0.9771857918025822,0.132503911324028
amazon-new-carlisle-in,2017-11-27,0,8.244474652867915,0.2784958725204173,0.9664215417382384,0.1514321055133287
amazon-new-carlisle-in,2017-11-27,1,7.8200717521885394,0.3342330379835839,0.964400062006645,0.1363221811977306
amazon-new-carlisle-in,2017-11-27,2,7.807036931825988,0.3324626581715491,0.9656019539729572,0.1332376757552367
amazon-new-carlisle-in,2017-11-27,3,7.8964726132555505,0.3314001281981566,0.9692999890335914,0.1323659463903055
amazon-new-carlisle-in,2017-11-27,4,7.716146010237046,0.3230476522385083,0.9723523752470004,0.1340769513863033
amazon-new-carlisle-in,2018-01-14,0,-13.892358183009854,-0.0207265351052212,0.9904,0.840783006653384
amazon-new-carlisle-in,2018-01-14,1,-13.831410885832485,-0.0193168648259121,0.9904,0.826287859510432
amazon-new-carlisle-in,2018-01-14,2,-13.417936367734905,-0.0114692275513357,0.9901054202593946,0.7896230140655855
amazon-new-carlisle-in,2018-01-14,3,-12.885936697707828,-0.0115044842106937,0.990287468140834,0.7780787712899173
amazon-new-carlisle-in,2018-01-14,4,-12.59957843961994,-0.0132950143175746,0.9903093223863294,0.7786147464928155
amazon-new-carlisle-in,2018-01-30,0,-0.1993059110059806,0.1129636627850423,0.9675348263233592,0.272861213265705
amazon-new-carlisle-in,2018-01-30,1,-0.3439607216955085,0.1839577383885832,0.9670126156265788,0.2554221528890543
amazon-new-carlisle-in,2018-01-30,2,-0.3365294033796222,0.1851986590575473,0.966007033001639,0.2518418198030199
amazon-new-carlisle-in,2018-01-30,3,-0.5509257787341727,0.1850164000994266,0.9693050281872468,0.2453202116739143
amazon-new-carlisle-in,2018-01-30,4,-0.5522436076604639,0.1739000224117341,0.970920064467878,0.2585137411083673
amazon-new-carlisle-in,2018-03-03,0,10.601296732831043,0.2827987825553177,0.9659141742742402,0.112704633221403
amazon-new-carlisle-in,2018-03-03,1,10.743793193803969,0.2940191760806987,0.9625786210376118,0.125651792525546
amazon-new-carlisle-in,2018-03-03,2,10.554516167901696,0.301726643150059,0.964734062774644,0.1231987540641376
amazon-new-carlisle-in,2018-03-03,3,10.358252244717937,0.3172191762074882,0.9684432337043664,0.1186539419528054
amazon-new-carlisle-in,2018-03-03,4,10.215774564005786,0.3112949640683261,0.9715918258912836,0.1197922982143887
amazon-new-carlisle-in,2018-03-19,0,14.37582855313828,0.2645258582048047,0.9665139293774404,0.1474745463868056
amazon-new-carlisle-in,2018-03-19,1,13.33564326970674,0.2714314975754212,0.9629004232844556,0.1550087581580673
amazon-new-carlisle-in,2018-03-19,2,12.721251684399828,0.2724212293105842,0.965061384925286,0.156293463300799
amazon-new-carlisle-in,2018-03-19,3,12.679113789153474,0.2865727339380281,0.969163171705642,0.1521016725328517
amazon-new-carlisle-in,2018-03-19,4,12.746440902734486,0.2834297052085575,0.9722827612921418,0.146247295771091
amazon-new-carlisle-in,2018-04-20,0,22.78674759483867,0.3157780893408273,0.9664122001095536,0.1355922911832319
amazon-new-carlisle-in,2018-04-20,1,22.65236741480876,0.3331753342546326,0.9629145627419812,0.1474723309106734
amazon-new-carlisle-in,2018-04-20,2,22.465877718534102,0.3336660942760327,0.9650761956145908,0.1401210736211108
amazon-new-carlisle-in,2018-04-20,3,22.24290623966484,0.3376942783165524,0.9689314953628374,0.1344943835893506
amazon-new-carlisle-in,2018-04-20,4,22.71572188124318,0.3314643334087361,0.9720328121308414,0.1309948108566504
amazon-new-carlisle-in,2018-05-06,1,12.75208404188682,0.6043592639916677,0.9747056603773584,0.1237790664150943
amazon-new-carlisle-in,2018-05-06,2,14.15510562257172,0.5538672187158259,0.9699093745756312,0.105251100906639
amazon-new-carlisle-in,2018-05-06,3,14.274905237967255,0.4457752453272669,0.9713338502047972,0.09374726804764
amazon-new-carlisle-in,2018-05-06,4,14.014130819252353,0.4676780066341208,0.9733177570093458,0.0733570003037383
amazon-new-carlisle-in,2018-05-22,3,20.274998437487103,0.6664852524715904,0.9799715291550972,0.2006813465468812
amazon-new-carlisle-in,2018-05-22,4,19.40548950943925,0.6911943859209188,0.9789049706156062,0.2193154205203259
amazon-new-carlisle-in,2018-06-07,0,41.43200679096216,0.4516194984668004,0.9683443919119182,0.1856067113397769
amazon-new-carlisle-in,2018-06-07,1,38.56480570245969,0.5082726518083855,0.9650133139964112,0.192233314240292
amazon-new-carlisle-in,2018-06-07,2,39.393439977787374,0.4931682888274228,0.9672337885587832,0.204119378495982
amazon-new-carlisle-in,2018-06-07,3,40.94003116991775,0.4466978358415068,0.9709991900042368,0.1988204657747723
amazon-new-carlisle-in,2018-06-07,4,43.76541167101155,0.4534916576497858,0.9741271510063314,0.1769557157644994
amazon-new-carlisle-in,2018-07-09,1,27.079284070400455,0.6597442046648938,0.9629607752662802,0.1503552798419586
amazon-new-carlisle-in,2018-07-09,2,29.82719626342885,0.6652361885242736,0.9659965500741604,0.1991947974754474
amazon-new-carlisle-in,2018-07-09,3,27.302051520654135,0.7020658466557679,0.9738001587062108,0.2054582459425468
amazon-new-carlisle-in,2018-07-09,4,28.690158495367488,0.7015154962386576,0.978570723947942,0.1920457091024751
amazon-new-carlisle-in,2018-07-25,0,30.739982872403047,0.820893121452343,0.9721000618890784,0.1900077466691616
amazon-new-carlisle-in,2018-07-25,1,32.88359642378123,0.6915804522734089,0.9663855627829552,0.1868638123743148
amazon-new-carlisle-in,2018-07-25,2,31.642643077162184,0.766068648459149,0.9696906712131615,0.1840500184671094
amazon-new-carlisle-in,2018-07-25,3,30.344932915806456,0.822538354612187,0.976512013800735,0.176571196797711
amazon-new-carlisle-in,2018-07-25,4,30.078560971371644,0.8250661390155577,0.9800111604822416,0.1788037928145728
amazon-new-carlisle-in,2018-08-10,3,26.421301222983743,0.8183554533022854,0.974071944524268,0.2418949798671523
amazon-new-carlisle-in,2018-08-10,4,27.153608075269933,0.8157935424803067,0.9781159718040447,0.215050354183754
amazon-new-carlisle-in,2018-08-26,3,26.529495297522732,0.8240531777560735,0.977496954509758,0.1836658421899408
amazon-new-carlisle-in,2018-08-26,4,26.554970990552004,0.7342767631883524,0.9782523231332516,0.1842721261196317
amazon-new-carlisle-in,2018-09-11,0,27.6621062924042,0.694450670986981,0.9705669268146376,0.1487393816151598
amazon-new-carlisle-in,2018-09-11,1,28.720064157919065,0.5943534308386691,0.965247986121036,0.1489969687883922
amazon-new-carlisle-in,2018-09-11,2,28.359962863156177,0.6859962354589418,0.9686957921336043,0.1592470529815288
amazon-new-carlisle-in,2018-09-11,3,26.797106694408093,0.740793871664921,0.9752634857532038,0.1563469504894783
amazon-new-carlisle-in,2018-09-11,4,26.148284405458323,0.7460073039697532,0.9789061107616026,0.1567479753442012
amazon-new-carlisle-in,2018-10-13,0,13.68316431754942,0.3729934440838843,0.967222253545686,0.1012202335794969
amazon-new-carlisle-in,2018-10-13,1,13.925478630126785,0.3771501134357997,0.96325779058345,0.1396106307656826
amazon-new-carlisle-in,2018-10-13,2,14.298773511107028,0.4618092873484321,0.96648471027983,0.1261753718626874
amazon-new-carlisle-in,2018-10-13,3,13.556674039805364,0.450581506157606,0.9705582465539058,0.1234208163572974
amazon-new-carlisle-in,2018-10-13,4,13.518477482348256,0.4430347455606327,0.973899630153416,0.1280646431089258
amazon-new-carlisle-in,2018-11-14,0,4.027900082801932,0.2886231495937963,0.9660263203498792,0.1265474117930923
amazon-new-carlisle-in,2018-11-14,1,3.7480715622924032,0.3130438935974677,0.9632522008517044,0.1370183316328449
amazon-new-carlisle-in,2018-11-14,2,3.2135431485643537,0.3425627674837787,0.9655745182587554,0.1148682044992897
amazon-new-carlisle-in,2018-11-14,3,2.980162883335464,0.3063324641433594,0.9691963406665912,0.1382798166516502
amazon-new-carlisle-in,2018-11-14,4,2.326697635693328,0.2532758785887889,0.9746712316192224,0.1789192151296704
amazon-new-carlisle-in,2018-11-30,3,-2.5420349281452963,-0.0468555714455226,0.9904,0.6153907066309948
amazon-new-carlisle-in,2018-11-30,4,-3.223450540620989,-0.0225149641584834,0.9904,0.7184510016217446
amazon-new-carlisle-in,2018-12-16,0,3.5377945068559584,0.3212073900071811,0.9661664321112052,0.1168615195698375
amazon-new-carlisle-in,2018-12-16,1,2.5707089521683812,0.3337475481560112,0.9627179951541824,0.1255414428531528
amazon-new-carlisle-in,2018-12-16,2,1.816614993992313,0.3876735744166344,0.9677996441350432,0.1149723965705166
amazon-new-carlisle-in,2018-12-16,3,3.130247273341213,0.3848523308951583,0.9706282290480422,0.1202250469466114
amazon-new-carlisle-in,2018-12-16,4,2.9171685371559772,0.396632408439277,0.9740075248857816,0.1140270098243591
amazon-new-carlisle-in,2019-02-02,0,-3.788334432225264,-0.0439280882787342,0.9904,0.8569413742268853
amazon-new-carlisle-in,2019-02-02,1,-3.809073645768333,-0.0402669208275415,0.9904,0.817784674359836
amazon-new-carlisle-in,2019-02-02,2,-3.5203014425689183,-0.0308519784571158,0.9902562308716598,0.7977470703517088
amazon-new-carlisle-in,2019-02-02,3,-3.4780552006717573,-0.0220353982649475,0.9903258188446205,0.7981088548042038
amazon-new-carlisle-in,2019-02-02,4,-3.622926845154944,-0.0138414759661387,0.9900952713840594,0.7922343516092087
amazon-new-carlisle-in,2019-02-18,0,-8.917761768257817,0.0007410019740473836,0.9904,0.4768742059724989
amazon-new-carlisle-in,2019-02-18,1,-8.101254611190258,0.0132460070713727,0.9900342413831296,0.4609105960720306
amazon-new-carlisle-in,2019-02-18,2,-6.480234425193411,0.1227090316562266,0.9887243994720916,0.325497543313902
amazon-new-carlisle-in,2019-02-18,3,-6.428613030802281,0.0460648219895188,0.9903715590866704,0.3235520288779747
amazon-new-carlisle-in,2019-02-18,4,-5.803844923537108,0.0369399149695156,0.9903867237114892,0.3886533380965452
amazon-new-carlisle-in,2019-03-06,0,0.4848706737604906,0.2149198713633149,0.9656427629468796,0.2060208073064738
amazon-new-carlisle-in,2019-03-06,1,-0.5453952867180043,0.2566354092706656,0.9667889369643003,0.1954814906753738
amazon-new-carlisle-in,2019-03-06,2,-1.4991960298178642,0.2421455032602575,0.9692274402989062,0.2053324686135791
amazon-new-carlisle-in,2019-03-06,3,-1.97406534943044,0.2313247092248075,0.9739366138296576,0.2149864388561299
amazon-new-carlisle-in,2019-03-06,4,-1.598372007022132,0.185451718418343,0.975442557567632,0.2773353838002389
amazon-new-carlisle-in,2019-03-22,0,5.331192041830844,0.2425236477490184,0.9614497103128622,0.1545053222421784
amazon-new-carlisle-in,2019-03-22,1,10.081504175335349,0.2615488374916725,0.9598832770123924,0.1635545069330314
amazon-new-carlisle-in,2019-03-22,2,9.77909393754286,0.2808978151347833,0.966332183129381,0.1428083730791981
amazon-new-carlisle-in,2019-03-22,3,9.757272247591594,0.2894640135748394,0.9696352440819278,0.141227188953384
amazon-new-carlisle-in,2019-03-22,4,9.279617645911053,0.2972984817282658,0.9718615959842596,0.1358075648670092
amazon-new-carlisle-in,2019-06-26,0,4.718631482857161,0.7053126298774843,0.9815142857142858,0.1891372128571428
amazon-new-carlisle-in,2019-06-26,1,6.707503382498751,0.6545996249124331,0.9685380401626842,0.1821393411200432
amazon-new-carlisle-in,2019-06-26,2,10.126414753130677,0.6402293071401115,0.9692188362132336,0.1814964213544375
amazon-new-carlisle-in,2019-06-26,3,15.970313357454804,0.4686444958085694,0.9720791312947744,0.1545253442901745
amazon-new-carlisle-in,2019-06-26,4,18.06876380939537,0.4558281683318423,0.9735240283444674,0.1413340963937423
amazon-new-carlisle-in,2019-07-12,0,32.23326953169783,0.764006852405197,0.9709758510953598,0.1753057723387741
amazon-new-carlisle-in,2019-07-12,1,33.85324002448818,0.6408812191028466,0.9656548420389596,0.1867440911314793
amazon-new-carlisle-in,2019-07-12,2,34.77339576197866,0.6214931439127432,0.9678900322297654,0.1878869114529188
amazon-new-carlisle-in,2019-07-12,3,34.560216633319634,0.6382160029624582,0.9732409010777472,0.182583655544617
amazon-new-carlisle-in,2019-07-12,4,34.873690910925575,0.6454363143766035,0.9767473920669132,0.1679597581355092
amazon-new-carlisle-in,2019-07-28,0,34.04842425198892,0.8222079016717547,0.9723945893490952,0.1848265827539717
amazon-new-carlisle-in,2019-07-28,1,35.867004598906554,0.6912974260519458,0.9666067984844332,0.1838574840396779
amazon-new-carlisle-in,2019-07-28,2,34.90174211820659,0.7403682897125785,0.9693419692013424,0.1781121138006771
amazon-new-carlisle-in,2019-07-28,3,33.58208052955682,0.7808120745982084,0.97636959462503,0.1844323685776302
amazon-new-carlisle-in,2019-07-28,4,33.853807093620695,0.7787444078987281,0.9798361524158506,0.1801539459973163
amazon-new-carlisle-in,2019-08-29,0,28.663819432375256,0.8239099398893062,0.9720040160459334,0.1901235728534352
amazon-new-carlisle-in,2019-08-29,1,29.833751774942765,0.7010259485467505,0.966596089189624,0.1817587688477149
amazon-new-carlisle-in,2019-08-29,2,29.225234064103084,0.771124372489278,0.9693470285065492,0.1729794978787454
amazon-new-carlisle-in,2019-08-29,3,27.987273891719703,0.8098001998609055,0.9761551409570216,0.1797645904561928
amazon-new-carlisle-in,2019-08-29,4,27.665136668368568,0.8113341244709965,0.9796214876763158,0.1755412512138485
amazon-new-carlisle-in,2019-09-14,0,26.6203548089025,0.6954686240934718,0.9715610654934268,0.1575487698419199
amazon-new-carlisle-in,2019-09-14,1,27.598071782851022,0.6190501073624932,0.9663065452917062,0.1614094886338198
amazon-new-carlisle-in,2019-09-14,2,26.936881663308327,0.7136542444511307,0.9691925925011744,0.1553997086759486
amazon-new-carlisle-in,2019-09-14,3,25.944222847762862,0.7590470292469618,0.9760971878274536,0.1585676917476904
amazon-new-carlisle-in,2019-09-14,4,25.593470785275866,0.7737696721831467,0.9798263854313828,0.1581788834504223
amazon-new-carlisle-in,2019-09-30,0,31.960200960238566,0.5688480037642515,0.9701085209868028,0.1222836368945897
amazon-new-carlisle-in,2019-09-30,1,32.78689862207591,0.5240405690945393,0.9652674944197274,0.1277326945962084
amazon-new-carlisle-in,2019-09-30,2,32.22183646269648,0.5927978627023959,0.9679609528579388,0.1233923378303179
amazon-new-carlisle-in,2019-09-30,3,31.89549284953562,0.6106045080116248,0.9734986381739348,0.1210057464981918
amazon-new-carlisle-in,2019-09-30,4,31.581006217607005,0.6360625407614525,0.9773243986716388,0.1231681834421179
amazon-new-carlisle-in,2019-11-01,0,6.862197451627696,0.359825153340802,0.9667976865620233,0.1014612354944613
amazon-new-carlisle-in,2019-11-01,1,7.127883667717597,0.4013785476984393,0.9643294681033564,0.1207952567505828
amazon-new-carlisle-in,2019-11-01,2,7.23426745232033,0.4385662063337553,0.9662053935354714,0.1126953505659373
amazon-new-carlisle-in,2019-11-01,3,6.975187929385509,0.4356470419353641,0.9700800033248524,0.1017700216586513
amazon-new-carlisle-in,2019-11-01,4,6.751741424085967,0.4405570392565249,0.9734775981366696,0.1041720694699588
amazon-new-carlisle-in,2020-02-05,0,-21.74794602485914,0.1510642854443541,0.9643045661459982,0.2954805588913928
amazon-new-carlisle-in,2020-02-05,1,-21.58103702985773,0.0973421915586282,0.9637652347380462,0.3856450961952604
amazon-new-carlisle-in,2020-02-05,2,-22.897973177860436,0.0984624300785826,0.962778610854298,0.3874059463661236
amazon-new-carlisle-in,2020-02-05,3,-21.454842107784454,0.1226645337236552,0.9662702438243856,0.3611564534411354
amazon-new-carlisle-in,2020-02-05,4,-20.93470288190038,0.1469407939025103,0.9689121004651428,0.3308229112366626
amazon-new-carlisle-in,2020-02-21,0,1.8305338473828023,0.2172420576082071,0.9656579025926646,0.1314959688031999
amazon-new-carlisle-in,2020-02-21,1,2.0051892525109225,0.2444909721755365,0.9630926289272826,0.1450349224853966
amazon-new-carlisle-in,2020-02-21,2,2.1275607152610743,0.248064816082166,0.9648515132819924,0.1492910445220511
amazon-new-carlisle-in,2020-02-21,3,1.7299887228632485,0.2497461237433025,0.968329721605758,0.1478081195014943
amazon-new-carlisle-in,2020-02-21,4,1.5971914856875014,0.2340960700090761,0.971203765421084,0.1466297527489148
amazon-new-carlisle-in,2020-03-08,1,5.87154280323082,0.341949319880938,0.9734646734064676,0.1600913184876676
amazon-new-carlisle-in,2020-03-08,2,6.742477075245639,0.3028216568808529,0.9753951775508888,0.1843042494664912
amazon-new-carlisle-in,2020-03-08,3,4.787298873110459,0.3225001209014796,0.9725612204942344,0.1600040804760545
amazon-new-carlisle-in,2020-03-08,4,4.566215404557028,0.2737633537607881,0.9727400628549469,0.1283215405803636
amazon-new-carlisle-in,2020-03-24,3,2.2608480856121136,0.369538846614695,0.9689492434662998,0.1078347583184319
amazon-new-carlisle-in,2020-03-24,4,2.185271399543059,0.4000650046696227,0.9691098048009056,0.1180399022791323
amazon-new-carlisle-in,2020-04-09,0,13.633481268590122,0.3195022849167495,0.966824303478228,0.1384504413236035
amazon-new-carlisle-in,2020-04-09,1,13.226082185275695,0.3601584171508016,0.9612920650671776,0.1730568976438132
amazon-new-carlisle-in,2020-04-09,2,12.61086032665168,0.3692725821468571,0.966717013115798,0.1641623105241983
amazon-new-carlisle-in,2020-04-09,3,13.054159533312395,0.3729683197897272,0.9696119662092751,0.1464588580150211
amazon-new-carlisle-in,2020-04-09,4,13.616734540894653,0.3759927264606342,0.9727012891196576,0.1381813190232918
amazon-new-carlisle-in,2020-06-12,0,36.7382072523026,0.5203543334805126,0.969346518774132,0.1804348535731275
amazon-new-carlisle-in,2020-06-12,1,35.84569097116923,0.5017667598621409,0.9653051589831184,0.1870977183574909
amazon-new-carlisle-in,2020-06-12,2,35.718245595382164,0.4959393646119714,0.9675506771829776,0.1946724030185611
amazon-new-carlisle-in,2020-06-12,3,37.67864489394246,0.4551873759006811,0.971882154729578,0.1948735014498386
amazon-new-carlisle-in,2020-06-12,4,40.26016751045283,0.4589348668262455,0.974999653227963,0.1736496668858913
amazon-new-carlisle-in,2020-06-28,0,24.661191581539047,0.7538194448348431,0.9708370803577818,0.1770418575765616
amazon-new-carlisle-in,2020-06-28,1,25.67415034599119,0.6423407351874955,0.9659622252891016,0.1873885615164097
amazon-new-carlisle-in,2020-06-28,2,21.14573327721241,0.7075020744311852,0.9697352656339948,0.1840115898167646
amazon-new-carlisle-in,2020-06-28,3,25.288683555420672,0.67979845410996,0.974045988584644,0.1747238314730335
amazon-new-carlisle-in,2020-06-28,4,27.4342756826468,0.6655911540000592,0.9771717103623871,0.1645235871038957
amazon-new-carlisle-in,2020-08-15,1,-2.0573496192036953,0.8179843281371479,0.973698241328774,0.2754774206759892
amazon-new-carlisle-in,2020-08-15,2,20.50594825892011,0.81809555626215,0.973303314496962,0.2257819581843149
amazon-new-carlisle-in,2020-08-15,3,25.837930630120855,0.7971924411069421,0.9767221887077562,0.2484366186019203
amazon-new-carlisle-in,2020-08-15,4,26.328320336745733,0.832583006594122,0.9778445126114156,0.2318510752522446
amazon-new-carlisle-in,2020-08-31,0,28.468126130749983,0.6743533165203345,0.9712276965552468,0.1594203970074673
amazon-new-carlisle-in,2020-08-31,1,29.40902075271487,0.5960496591455986,0.9662863683698352,0.1633830781884048
amazon-new-carlisle-in,2020-08-31,2,28.595255324387217,0.7101910127777853,0.969169149408595,0.1638703357753015
amazon-new-carlisle-in,2020-08-31,3,27.055467882689484,0.7829386785951601,0.9762852265993818,0.1630870368965168
amazon-new-carlisle-in,2020-08-31,4,26.374449369676007,0.7997142768737919,0.9801940067005668,0.1670569541138188
amazon-new-carlisle-in,2020-09-16,0,27.566967880164157,0.5177119852322465,0.9688787622059,0.138599362152353
amazon-new-carlisle-in,2020-09-16,1,27.2896749118022,0.5524776125207346,0.965578442577209,0.1506843799498239
amazon-new-carlisle-in,2020-09-16,2,26.981224740835803,0.6207685415887004,0.9679256685159175,0.1535276490603024
amazon-new-carlisle-in,2020-09-16,3,25.87888020053432,0.6917476460465114,0.9743413402927574,0.1526970321234528
amazon-new-carlisle-in,2020-09-16,4,25.56594279219187,0.7088326297716726,0.9779865191582388,0.1549838122425129
amazon-new-carlisle-in,2020-11-19,0,12.246700185816342,0.2783530575764693,0.9663448238086588,0.1165362971624635
amazon-new-carlisle-in,2020-11-19,1,11.514640227578289,0.2945189908557444,0.9626572855331298,0.1253143143480092
amazon-new-carlisle-in,2020-11-19,2,11.715716037080684,0.3180282436435155,0.9652251913876336,0.1284004440803154
amazon-new-carlisle-in,2020-11-19,3,11.323746915678749,0.3193908095679622,0.9692435689207458,0.1278712123391824
amazon-new-carlisle-in,2020-11-19,4,11.045192092518128,0.3080609809573764,0.9722585277807152,0.1290736116754134
amazon-new-carlisle-in,2021-01-06,4,-4.658584314999979,-0.0471086919924634,0.990122222222222,0.5554813405902778
amazon-new-carlisle-in,2021-02-23,0,0.0913369441176478,-0.0772807465025369,0.9903305537306776,0.7627316460451193
amazon-new-carlisle-in,2021-02-23,1,0.4517467817726967,-0.059905011248914,0.9888214708307904,0.7024581263610814
amazon-new-carlisle-in,2021-02-23,2,0.502949531253745,-0.0524877871662131,0.9899172408333068,0.6877048599252363
amazon-new-carlisle-in,2021-02-23,3,0.3649426818498923,-0.0537606419143211,0.9903242602402036,0.7113977686655903
amazon-new-carlisle-in,2021-02-23,4,0.3784967038346171,-0.0531521333565521,0.9902412836707516,0.7064934704998447
amazon-new-carlisle-in,2021-03-11,3,14.77456839500001,0.2788302047015031,0.9657875,0.1399299906249999
amazon-new-carlisle-in,2021-03-27,0,10.574518709613198,0.2768073736949711,0.9665441465449948,0.1496133250103636
amazon-new-carlisle-in,2021-03-27,1,12.813486926365766,0.2814079752228621,0.9667854651286752,0.1787838549335302
amazon-new-carlisle-in,2021-03-27,2,13.853265661195143,0.2996581202884753,0.966102718421074,0.1673347806225301
amazon-new-carlisle-in,2021-03-27,3,16.131219113615057,0.3315998949246346,0.968830260657108,0.1524993535803278
amazon-new-carlisle-in,2021-03-27,4,16.992002813071792,0.3090435969451087,0.9720219719177796,0.1316380937847154
amazon-new-carlisle-in,2021-05-14,0,38.02947266698256,0.3237544204499936,0.967168147802218,0.1867670339368743
amazon-new-carlisle-in,2021-05-14,1,35.75212014562954,0.3376839272394898,0.965724423817686,0.2004606053303314
amazon-new-carlisle-in,2021-05-14,2,32.6460096609313,0.3936798176600749,0.9662300153742016,0.2039406419217832
amazon-new-carlisle-in,2021-05-14,3,33.378626761079644,0.392273865602769,0.9706310966832498,0.1960843803974429
amazon-new-carlisle-in,2021-05-14,4,35.012432583934974,0.3588611341841112,0.9721791618564796,0.17546178472255
amazon-new-carlisle-in,2021-05-30,0,31.819700318619397,0.3918462668075908,0.9678049434829116,0.1734421574320771
amazon-new-carlisle-in,2021-05-30,1,30.920914922160552,0.3947589870666286,0.963372165494639,0.180135447605933
amazon-new-carlisle-in,2021-05-30,2,29.233220890541357,0.4399111238635988,0.9666291737154644,0.1749483660713055
amazon-new-carlisle-in,2021-05-30,3,29.664295480573795,0.4287637226695434,0.9708805785694842,0.1752377786483627
amazon-new-carlisle-in,2021-05-30,4,30.677844441998268,0.4242567567336006,0.9738596730890444,0.1608705031530292
amazon-new-carlisle-in,2021-06-15,0,37.891137211529994,0.6172022281202548,0.9704476263720292,0.1740747589258035
amazon-new-carlisle-in,2021-06-15,1,38.08104532573059,0.506912474745804,0.965006004698907,0.1840893462222474
amazon-new-carlisle-in,2021-06-15,2,38.589663273771166,0.50129464695891,0.9673198127675772,0.1927637740031383
amazon-new-carlisle-in,2021-06-15,3,38.483157782469526,0.524856027760522,0.9726971729466328,0.1846230410347885
amazon-new-carlisle-in,2021-06-15,4,39.37090093311544,0.5373969819372917,0.9759259437395744,0.1683990996251421
amazon-new-carlisle-in,2021-07-01,0,32.03390846325247,0.8042041243372344,0.9720581848299,0.1790090073647312
amazon-new-carlisle-in,2021-07-01,1,33.84130804505277,0.6611850762742314,0.9662601924103774,0.1775445893279971
amazon-new-carlisle-in,2021-07-01,2,33.16678836095584,0.7109362070158173,0.9688341491313408,0.1668926916895842
amazon-new-carlisle-in,2021-07-01,3,31.92099369043908,0.7696033510129314,0.9758565431283216,0.1654742891337169
amazon-new-carlisle-in,2021-07-01,4,31.922762009018577,0.770561087076526,0.9791798564770368,0.1590384626154047
amazon-new-carlisle-in,2021-08-02,0,27.74526560686375,0.8562843029697655,0.9727065762418254,0.1982141865263637
amazon-new-carlisle-in,2021-08-02,1,29.74434111179325,0.7435569399575657,0.9685578976565749,0.1983881900954003
amazon-new-carlisle-in,2021-08-02,2,28.82200646656541,0.7902513343212553,0.9697448046963328,0.1963248506301605
amazon-new-carlisle-in,2021-08-02,3,27.710524484336563,0.8416111894136434,0.9776931908394796,0.1971121064788063
amazon-new-carlisle-in,2021-08-02,4,27.688074158194688,0.8492155026123293,0.980851305467567,0.1918378398366861
amazon-new-carlisle-in,2021-08-18,0,29.29163445353612,0.8712535870814344,0.9723352576156448,0.1009181963677604
amazon-new-carlisle-in,2021-08-18,1,36.06134108520286,0.4458283379937322,0.9473816034692856,0.182346396726534
amazon-new-carlisle-in,2021-08-18,2,33.22796192633918,0.7010792992901294,0.9655318481077484,0.1741279958397615
amazon-new-carlisle-in,2021-08-18,3,30.163853503395377,0.8382112906346652,0.9763413099331038,0.2351445374876547
amazon-new-carlisle-in,2021-08-18,4,28.935068922194787,0.8344517416900208,0.9769795214765202,0.2322217152904289
amazon-new-carlisle-in,2021-09-03,0,25.2442679105682,0.8095214871995879,0.9709617034313728,0.1217236724785539
amazon-new-carlisle-in,2021-09-03,1,27.359074651903192,0.6204988958424463,0.963635633548726,0.1335831092642431
amazon-new-carlisle-in,2021-09-03,2,27.79417990979792,0.6840915086166399,0.9664130714837428,0.1525325728220713
amazon-new-carlisle-in,2021-09-03,3,24.94618188798877,0.8008502053739344,0.9759260181016564,0.1850805011723987
amazon-new-carlisle-in,2021-09-03,4,22.72020855607166,0.7759820124706639,0.9776264539176952,0.1813310674898616
amazon-new-carlisle-in,2021-09-19,0,36.28031057796867,0.4704544379170398,0.9682115846333124,0.1513893420051262
amazon-new-carlisle-in,2021-09-19,1,37.71979561155411,0.4636810985056852,0.9637364907786632,0.1597406117881959
amazon-new-carlisle-in,2021-09-19,2,37.29689886396952,0.5117909397843224,0.9666270538800495,0.1657223272181699
amazon-new-carlisle-in,2021-09-19,3,35.84753850701532,0.5573914313340954,0.9719055042564686,0.1567693116846241
amazon-new-carlisle-in,2021-09-19,4,35.64197642906897,0.5537346749452913,0.9751672684963204,0.1483327922471486
amazon-new-carlisle-in,2021-11-06,0,13.12381675400185,0.340477223280372,0.967285390786516,0.1476702794748693
amazon-new-carlisle-in,2021-11-06,1,12.872277108981557,0.3972507082101519,0.9644110717667312,0.1448098074491242
amazon-new-carlisle-in,2021-11-06,2,12.763562873351864,0.4371627978607197,0.9666189698566682,0.1357509672441663
amazon-new-carlisle-in,2021-11-06,3,12.569403249223033,0.4253451508921419,0.970897779061858,0.1302727751038853
amazon-new-carlisle-in,2021-11-06,4,12.545099299318846,0.4059093048366031,0.9737434512483942,0.1243194865754174
amazon-new-carlisle-in,2021-11-22,0,2.8954774384277076,0.3201038074521941,0.966223267264233,0.1414375219827191
amazon-new-carlisle-in,2021-11-22,1,3.225057005872354,0.4390904112250957,0.9638316927314378,0.1254783402067465
amazon-new-carlisle-in,2021-11-22,2,4.282929603945912,0.4336814004077394,0.9660812283281554,0.1549789782189856
amazon-new-carlisle-in,2021-11-22,3,3.804124285339043,0.3943449323942077,0.9695029821647828,0.1516906821076455
amazon-new-carlisle-in,2021-11-22,4,3.947827982982382,0.3543896492608069,0.9710890876711236,0.1449884234697799
amazon-new-carlisle-in,2022-01-09,0,-3.313300234845961,0.0436086147198842,0.9889752531970514,0.4727524472854855
amazon-new-carlisle-in,2022-01-09,1,-2.328235795170629,0.0781094337622389,0.9883810269479952,0.4963445898380557
amazon-new-carlisle-in,2022-01-09,2,-2.0918395510378924,0.0988446050946837,0.9880305537664892,0.3950025221034986
amazon-new-carlisle-in,2022-01-09,3,-2.0967749350268536,0.0905053575964361,0.9888947410837862,0.4192549149523131
amazon-new-carlisle-in,2022-01-09,4,-2.149572779062561,0.0843575422531216,0.9886615051355984,0.4581531192660096
amazon-new-carlisle-in,2022-02-26,0,-2.489770210242418,0.0512153145718998,0.986853004045246,0.4541975107175008
amazon-new-carlisle-in,2022-02-26,1,-1.846057947139087,0.1097710220638805,0.9796428190222668,0.3966864179735675
amazon-new-carlisle-in,2022-02-26,2,-2.0494025747675275,0.1264530737073468,0.9817042006075748,0.4109225600840693
amazon-new-carlisle-in,2022-02-26,3,-2.5582799796901385,0.1051885065337198,0.9855517301845486,0.4402877258601917
amazon-new-carlisle-in,2022-02-26,4,-2.6316871585480666,0.0936107999539201,0.986658864496471,0.4332301973727
amazon-new-carlisle-in,2022-03-14,0,13.568307730093505,0.3006946867946972,0.9669176866897976,0.1295279303564908
amazon-new-carlisle-in,2022-03-14,1,13.9137484915281,0.3039461125289664,0.9632673540874112,0.1436712833302312
amazon-new-carlisle-in,2022-03-14,2,14.310360082730732,0.304974710214799,0.9655873473576404,0.1423936667207306
amazon-new-carlisle-in,2022-03-14,3,13.77884798081478,0.3149227681850179,0.9695656370231696,0.140261936714182
amazon-new-carlisle-in,2022-03-14,4,13.426245207995512,0.3111609097845068,0.9726868698130252,0.1312209646046369
amazon-new-carlisle-in,2022-04-15,0,15.895289143949416,0.3665043414895366,0.9675120705769747,0.171933957872102
amazon-new-carlisle-in,2022-04-15,1,15.65904486938572,0.3709108876904393,0.9640419763573848,0.1743408796690274
amazon-new-carlisle-in,2022-04-15,2,14.962212514494253,0.3605513885722324,0.965727673019024,0.1699292125411562
amazon-new-carlisle-in,2022-04-15,3,15.06264391180176,0.3656959625459463,0.9700894917671604,0.1625087812559188
amazon-new-carlisle-in,2022-04-15,4,15.195178269404083,0.3656480094432031,0.9733047174854156,0.1569722667108526
amazon-new-carlisle-in,2022-05-17,0,36.942543387872945,0.3817537371663234,0.967731567693258,0.1674970154326831
amazon-new-carlisle-in,2022-05-17,1,33.791241021824746,0.4119256228634692,0.964120412543384,0.1879123305371532
amazon-new-carlisle-in,2022-05-17,2,32.69737030094802,0.4575100699500186,0.9670740839361815,0.1981446930313448
amazon-new-carlisle-in,2022-05-17,3,33.46803135481703,0.4389811131659647,0.9711775463909232,0.1857188313771655
amazon-new-carlisle-in,2022-05-17,4,34.44765847102913,0.4267789386631269,0.9741092052709026,0.1693935879318515
amazon-new-carlisle-in,2022-06-02,0,39.96022424161314,0.4145339097892256,0.968294673254706,0.1801664880131155
amazon-new-carlisle-in,2022-06-02,1,37.7429420818983,0.4304967844495839,0.9644676327527604,0.1887945216482393
amazon-new-carlisle-in,2022-06-02,2,37.24415058846304,0.4589727795721554,0.9672068045970356,0.2016684443198076
amazon-new-carlisle-in,2022-06-02,3,38.2668910133572,0.423401283325625,0.9712797800670168,0.1912605434634951
amazon-new-carlisle-in,2022-06-02,4,39.099345828638455,0.4198454140841873,0.9742518226868864,0.172695542301366
amazon-new-carlisle-in,2022-06-18,0,38.94040251482638,0.5186380562212469,0.969157606440107,0.1794830112201022
amazon-new-carlisle-in,2022-06-18,1,37.97905149380047,0.4817905259750493,0.964560351118274,0.190226306367477
amazon-new-carlisle-in,2022-06-18,2,36.72109849913405,0.4952065214361336,0.9671559896300702,0.2063242400613205
amazon-new-carlisle-in,2022-06-18,3,37.19119603242398,0.4759860870652937,0.971663785536256,0.1998597479057185
amazon-new-carlisle-in,2022-06-18,4,38.8627611221786,0.491154230650381,0.9748633677949504,0.17764419254048
amazon-new-carlisle-in,2022-07-04,0,32.179385862856584,0.6615181504208278,0.9709010261091888,0.171672325677355
amazon-new-carlisle-in,2022-07-04,1,34.02969214871944,0.5719755818989285,0.965601336152798,0.1751035131216236
amazon-new-carlisle-in,2022-07-04,2,34.009874822594256,0.5745010411761691,0.9680120463198164,0.1858825275843841
amazon-new-carlisle-in,2022-07-04,3,33.46695653649972,0.5974926316838433,0.9739525167647476,0.1829331473898555
amazon-new-carlisle-in,2022-07-04,4,33.82890242066222,0.6298113847722288,0.9775010141117016,0.1684972147403364
amazon-new-carlisle-in,2022-07-20,0,34.44693338138786,0.830774469986513,0.9724899542027856,0.1895777807971492
amazon-new-carlisle-in,2022-07-20,1,36.75638830548029,0.7042091327515202,0.9667632721115818,0.1789212100033216
amazon-new-carlisle-in,2022-07-20,2,35.052358371365294,0.7762001073663205,0.9696638192260426,0.1848617433238132
amazon-new-carlisle-in,2022-07-20,3,34.185501269140694,0.8127309002006345,0.976820597750534,0.1784530891827344
amazon-new-carlisle-in,2022-07-20,4,34.03041531822691,0.8293673407949274,0.9806114086370288,0.1780327286409362
amazon-new-carlisle-in,2022-08-21,0,29.39139361933414,0.8073691859741344,0.9714104785533068,0.1931791939956675
amazon-new-carlisle-in,2022-08-21,1,30.48227211860365,0.6672100862178783,0.9648861412106016,0.1821533378005624
amazon-new-carlisle-in,2022-08-21,2,29.08316337826548,0.7432638327558084,0.9674654953182188,0.2093456523740613
amazon-new-carlisle-in,2022-08-21,3,26.716900372802098,0.8191598511592387,0.976842279687142,0.2085607989136661
amazon-new-carlisle-in,2022-08-21,4,26.081820831914506,0.8167853568264146,0.979288962784355,0.2057656398264016
amazon-new-carlisle-in,2022-09-06,0,29.52365372294921,0.7241811313477196,0.9726938214175928,0.1946216351967721
amazon-new-carlisle-in,2022-09-06,1,30.51547651660721,0.611681841604526,0.9682504835438764,0.1678271790756826
amazon-new-carlisle-in,2022-09-06,2,28.22556125688248,0.7028791011694273,0.9677359854281218,0.1753919869630774
amazon-new-carlisle-in,2022-09-06,3,25.72729775708557,0.7751089068230775,0.975695697758447,0.1759338045637962
amazon-new-carlisle-in,2022-09-06,4,26.410844848830074,0.7904178219857179,0.9788300690908968,0.1610777216750992
amazon-new-carlisle-in,2022-09-22,2,16.524741566521346,0.499799647148286,0.9644708199706072,0.1827603415708237
amazon-new-carlisle-in,2022-09-22,3,19.078463299978505,0.584495829855424,0.9736482541080056,0.1612685021039884
amazon-new-carlisle-in,2022-09-22,4,19.534893307853764,0.6408475920489327,0.9783033169704918,0.1526682001788978
amazon-new-carlisle-in,2022-10-08,1,11.586088305628207,0.5411299340373132,0.9779495801086776,0.2123794481341594
amazon-new-carlisle-in,2022-10-08,2,11.075457488140485,0.5031101448426346,0.9700527122133384,0.2001268944880787
amazon-new-carlisle-in,2022-10-08,3,13.54520682158646,0.398068906482293,0.9654427062609728,0.1391063420367906
amazon-new-carlisle-in,2022-10-08,4,13.570136000987524,0.508232002615093,0.9768802378664108,0.1952092077949303
amazon-new-carlisle-in,2022-11-25,0,10.740927623994128,0.3128453390299368,0.9661150307505368,0.1088093815951095
amazon-new-carlisle-in,2022-11-25,1,10.645506053890784,0.3520439201074309,0.963591316742752,0.1252851597775753
amazon-new-carlisle-in,2022-11-25,2,10.88306312401668,0.3664918877562028,0.9653099844538892,0.1211760264493727
amazon-new-carlisle-in,2022-11-25,3,10.763304770106416,0.3592791064119426,0.9687486979295457,0.1255606453121882
amazon-new-carlisle-in,2022-11-25,4,10.59612925157507,0.3404894346882976,0.9716500080252772,0.1196236025501061
amazon-new-carlisle-in,2023-02-13,0,9.472949578699774,0.2954320205028353,0.9665786860721296,0.1176083116960584
amazon-new-carlisle-in,2023-02-13,1,9.69724168860213,0.3063371378838569,0.9633964670348752,0.1328043092286958
amazon-new-carlisle-in,2023-02-13,2,9.93264456863258,0.3201299677192972,0.965206141761267,0.1284360930646485
amazon-new-carlisle-in,2023-02-13,3,9.621249788757464,0.3264114676913263,0.9690505144591128,0.126274779241947
amazon-new-carlisle-in,2023-02-13,4,9.261211180954772,0.3188634303374448,0.9721793510786566,0.1214633946031115
amazon-new-carlisle-in,2023-03-01,0,14.709852910494185,0.2957848490984049,0.9661865533138626,0.1199339033654831
amazon-new-carlisle-in,2023-03-01,1,14.828210761781571,0.3089265357879496,0.9633792458966496,0.1330685333960764
amazon-new-carlisle-in,2023-03-01,2,14.342854691109936,0.3143447464088723,0.9648672392152065,0.1303599579824898
amazon-new-carlisle-in,2023-03-01,3,14.33850233659071,0.3263792220671548,0.9684935946608136,0.125690375979361
amazon-new-carlisle-in,2023-03-01,4,14.58942707615797,0.3193779175055808,0.9716452598450458,0.1215275440516011
amazon-new-carlisle-in,2023-04-18,0,16.692144840815768,0.4057694951026895,0.9681820632081116,0.1742287139272013
amazon-new-carlisle-in,2023-04-18,1,17.213692731639924,0.4618603051474847,0.9658393568244164,0.1879346098008221
amazon-new-carlisle-in,2023-04-18,2,16.95894454618652,0.4051905737193451,0.9662315488205594,0.1768326196870474
amazon-new-carlisle-in,2023-04-18,3,16.608262452187635,0.3991899194727508,0.9699024218228288,0.1760657804328045
amazon-new-carlisle-in,2023-04-18,4,16.507830600817627,0.4013664539851924,0.9742457333328656,0.1729935980108756
amazon-new-carlisle-in,2023-05-04,0,27.079647636860553,0.360274554096287,0.967641906672444,0.1563893791797705
amazon-new-carlisle-in,2023-05-04,1,27.384931902132234,0.3994138582957678,0.9641776335953524,0.1669790991252276
amazon-new-carlisle-in,2023-05-04,2,26.278204674179907,0.4445325673457686,0.9666993770691552,0.1546425182815428
amazon-new-carlisle-in,2023-05-04,3,25.891274646928725,0.4393901364754464,0.9709757298509492,0.1509254921839575
amazon-new-carlisle-in,2023-05-04,4,26.517803770769486,0.4209581641276458,0.9739511055807624,0.1433860318762231
amazon-new-carlisle-in,2023-06-05,0,46.24428117227728,0.3897041323198612,0.9681951759748764,0.1769766499595006
amazon-new-carlisle-in,2023-06-05,1,43.54336781274993,0.4145322324851218,0.9643289465626635,0.1868882783527365
amazon-new-carlisle-in,2023-06-05,2,41.42291781329971,0.4440967783264228,0.967052006988206,0.1934608562090456
amazon-new-carlisle-in,2023-06-05,3,42.42951066039758,0.4255900711301052,0.9715012760051914,0.1897129051601578
amazon-new-carlisle-in,2023-06-05,4,44.03466149158833,0.4098290059100284,0.9743475872227392,0.1742294747017576
amazon-new-carlisle-in,2023-06-21,0,42.99969082006463,0.5583823638293098,0.9702269950864336,0.176273131944678
amazon-new-carlisle-in,2023-06-21,1,41.86861574125689,0.506059705918821,0.9652539083598808,0.183239263533385
amazon-new-carlisle-in,2023-06-21,2,41.78567953415441,0.5071990379409621,0.9676321844635718,0.1876933814842731
amazon-new-carlisle-in,2023-06-21,3,41.717572582342974,0.5192987329057455,0.9730271656580984,0.1839093578929231
amazon-new-carlisle-in,2023-06-21,4,43.16197781234487,0.5031926220695253,0.9758889846991904,0.1715985177003017
amazon-new-carlisle-in,2023-07-07,0,32.147294188104574,0.7713098995648648,0.9721295984948,0.2037991044593436
amazon-new-carlisle-in,2023-07-07,1,34.51660377958409,0.6326803266777521,0.964607759100179,0.1982972138556705
amazon-new-carlisle-in,2023-07-07,2,35.19164045799452,0.6721436553109338,0.9687817713159116,0.1973268767273
amazon-new-carlisle-in,2023-07-07,3,32.20101731095835,0.7495798057518699,0.977132328782249,0.1937551829243433
amazon-new-carlisle-in,2023-07-07,4,33.83012890265277,0.7323754611946652,0.9800451489975016,0.1870156131193568
amazon-new-carlisle-in,2023-07-23,0,28.174784214561445,0.816354606030831,0.9655122157244967,0.2249452317422028
amazon-new-carlisle-in,2023-07-23,1,29.19750485846625,0.7308870478670767,0.9704515156642944,0.2205092189465914
amazon-new-carlisle-in,2023-07-23,2,29.86657168921491,0.7186410730129908,0.9689905503170084,0.1998860672139827
amazon-new-carlisle-in,2023-07-23,3,28.56117703011425,0.7690098593863082,0.975647214503134,0.2048495793245439
amazon-new-carlisle-in,2023-07-23,4,27.844189020666665,0.7959479680765195,0.9792264097659112,0.2007879155895467
amazon-new-carlisle-in,2023-08-08,0,24.140470301291572,0.8633886399717918,0.9715537919179862,0.2138615165811107
amazon-new-carlisle-in,2023-08-08,1,24.126408026273484,0.7712604740259609,0.9656345891854315,0.2146044785171573
amazon-new-carlisle-in,2023-08-08,2,25.05645389110084,0.7894684736367277,0.972935397657586,0.2002328980760206
amazon-new-carlisle-in,2023-08-08,3,23.35281096239035,0.8373515915534264,0.9766511531848272,0.2283192390256165
amazon-new-carlisle-in,2023-08-08,4,22.814487300703725,0.8589757127052057,0.9800464492980164,0.2103332800304154
amazon-new-carlisle-in,2023-08-24,0,27.68516267445913,0.8113268187901008,0.9724407337440686,0.173707376284025
amazon-new-carlisle-in,2023-08-24,1,29.25858363386136,0.7961846815243643,0.9715145690819644,0.1591380202462175
amazon-new-carlisle-in,2023-08-24,2,29.666027666945407,0.7916355666802044,0.9710482975036082,0.1597328543643625
amazon-new-carlisle-in,2023-08-24,3,29.015328386984475,0.8271472566692929,0.9767839531789992,0.1711616547117891
amazon-new-carlisle-in,2023-08-24,4,28.929355521737577,0.8311522556731575,0.980666331686751,0.1770872195091124
amazon-new-carlisle-in,2023-09-09,0,23.009537113675915,0.7565926783985123,0.9794269140441528,0.2216777749906058
amazon-new-carlisle-in,2023-09-09,1,25.473167157669867,0.7286374281817538,0.966575927657058,0.1688119112376108
amazon-new-carlisle-in,2023-09-09,2,24.74504730881751,0.7300349525660617,0.9693635681971092,0.1919388498272211
amazon-new-carlisle-in,2023-09-09,3,24.75280233448224,0.7996801169105875,0.9772622039219184,0.1916720701367738
amazon-new-carlisle-in,2023-09-09,4,24.832308912845352,0.7944906027736123,0.9795914701360156,0.1845791217227707
amazon-new-carlisle-in,2023-09-25,0,28.701863229916935,0.6094031663288263,0.9705993554761684,0.1496978888126627
amazon-new-carlisle-in,2023-09-25,1,29.643497401475617,0.5645357782341568,0.9657487106981624,0.153728520647082
amazon-new-carlisle-in,2023-09-25,2,28.73524586830273,0.6258754490330927,0.9683779895411084,0.1554885410879032
amazon-new-carlisle-in,2023-09-25,3,27.694855629120095,0.6596123996893133,0.9745023818172964,0.153962118517494
amazon-new-carlisle-in,2023-09-25,4,26.40927366816787,0.6715493151048663,0.9778336352146472,0.1560570001560642
amazon-new-carlisle-in,2023-10-11,0,19.387710365552607,0.4479227714691834,0.9689296236718882,0.1360097462639096
amazon-new-carlisle-in,2023-10-11,1,19.800668236576545,0.4623804004203318,0.9648903035907292,0.1438568225597077
amazon-new-carlisle-in,2023-10-11,2,19.28044137159542,0.5273853725582078,0.9677208038250688,0.1372337246582376
amazon-new-carlisle-in,2023-10-11,3,18.97733637682232,0.5487001216952836,0.9730571959620936,0.1308212496250024
amazon-new-carlisle-in,2023-10-11,4,19.092888815413385,0.5483970035361652,0.9760421890827632,0.1253611597636869
amazon-new-carlisle-in,2023-11-12,0,12.546046665732009,0.3205993878581916,0.9664382858136166,0.1290482236110487
amazon-new-carlisle-in,2023-11-12,1,12.681198570610643,0.3805329683836639,0.963781473043846,0.1377035754088499
amazon-new-carlisle-in,2023-11-12,2,12.72109303621607,0.3925899699482021,0.9656675508067272,0.1408842546275155
amazon-new-carlisle-in,2023-11-12,3,12.44398138735749,0.3877245404796575,0.96953051548519,0.1368682850422606
amazon-new-carlisle-in,2023-11-12,4,12.46650093123863,0.3834713427901249,0.9725177956854808,0.131711307154432
amazon-new-carlisle-in,2023-12-14,0,5.636436527338862,0.2840345750536949,0.9663440973370108,0.1452720240026516
amazon-new-carlisle-in,2023-12-14,1,5.094187136121931,0.3479726113108139,0.9636145606233646,0.1313010705640589
amazon-new-carlisle-in,2023-12-14,2,5.075520971203154,0.3462218805195424,0.9651790662377276,0.1241187311533633
amazon-new-carlisle-in,2023-12-14,3,4.980282592722922,0.3454520303369113,0.968988155961829,0.1217563192180044
amazon-new-carlisle-in,2023-12-14,4,4.813173475442904,0.342585410344043,0.9720073100815386,0.1182071785056007
amazon-new-carlisle-in,2024-03-03,0,15.85603669898248,0.2614930661829164,0.9665016726103806,0.1489349377938368
amazon-new-carlisle-in,2024-03-03,1,15.634136099181562,0.3024556468922975,0.963341066613876,0.147773753283885
amazon-new-carlisle-in,2024-03-03,2,15.6922688749406,0.3123792738753396,0.9653820467972284,0.1482505365901496
amazon-new-carlisle-in,2024-03-03,3,15.929314905914762,0.3212269846868479,0.96938411433274,0.1477692680909463
amazon-new-carlisle-in,2024-03-03,4,16.241814103868688,0.3150073393528786,0.9724387955040164,0.1366525763986138
amazon-new-carlisle-in,2024-03-19,3,-1.3883936799999788,0.2122487069492486,0.971,0.15489743625
amazon-new-carlisle-in,2024-03-19,4,-1.8553806624999825,0.2819626853257438,0.974375,0.14839255875
amazon-new-carlisle-in,2024-04-20,0,15.472312665916824,0.2935533967977326,0.9673604505194964,0.2126429364041991
amazon-new-carlisle-in,2024-04-20,1,15.61932874336815,0.4023639571264181,0.965893623877016,0.2005793789815813
amazon-new-carlisle-in,2024-04-20,2,15.167532573712228,0.4751906450043852,0.968167993340478,0.1976363414680801
amazon-new-carlisle-in,2024-04-20,3,15.079733353469935,0.4482052102454368,0.9712066365419908,0.1834683075238476
amazon-new-carlisle-in,2024-04-20,4,15.151720523866649,0.342159497172031,0.9712077959889808,0.1998634389046661
amazon-new-carlisle-in,2024-05-22,0,34.03214992822397,0.2949041516567962,0.9672568942021548,0.2072172707584467
amazon-new-carlisle-in,2024-05-22,1,33.88604933808248,0.4207229662151638,0.964180289095506,0.1872353718901453
amazon-new-carlisle-in,2024-05-22,2,32.6064541627667,0.5063147620249329,0.967772327318548,0.1881467839704999
amazon-new-carlisle-in,2024-05-22,3,33.159681478021085,0.461034269913953,0.9714117264176796,0.1855316618244316
amazon-new-carlisle-in,2024-05-22,4,33.78000711593249,0.4564496675154812,0.9742875099892676,0.166138242110076
amazon-new-carlisle-in,2024-06-07,0,35.08497357366949,0.2852829351681361,0.9673692071588004,0.2157826059840726
amazon-new-carlisle-in,2024-06-07,1,34.70588255345418,0.4041808355004816,0.9636067072169128,0.1873053493323055
amazon-new-carlisle-in,2024-06-07,2,34.160790519696356,0.4871689248681326,0.96743323291036,0.1955474999624005
amazon-new-carlisle-in,2024-06-07,3,34.4139161244137,0.4551231708307583,0.9715420495021088,0.1924224701557314
amazon-new-carlisle-in,2024-06-07,4,34.45218870652547,0.4729175956944782,0.9748192621502154,0.1738409664123245
amazon-new-carlisle-in,2024-07-25,0,35.60522504201298,0.317110261584779,0.9667797455780572,0.233772474168402
amazon-new-carlisle-in,2024-07-25,1,35.529716557118896,0.4608121513594416,0.9641514155503386,0.1917484061660715
amazon-new-carlisle-in,2024-07-25,2,31.235616385562757,0.6842931243285884,0.96733313275973,0.1999342516436254
amazon-new-carlisle-in,2024-07-25,3,29.66355149144701,0.7673331608446955,0.976097794698045,0.1925783872244136
amazon-new-carlisle-in,2024-07-25,4,29.02139655546343,0.8258194527218244,0.9804670185460214,0.185905978263102
amazon-new-carlisle-in,2024-08-10,0,30.165707795777827,0.4682135177620037,0.9706149002487952,0.1999934117488616
amazon-new-carlisle-in,2024-08-10,1,30.786798484364333,0.5611349419093878,0.9659879296705778,0.1832889533408156
amazon-new-carlisle-in,2024-08-10,2,29.522009730905474,0.712412562731978,0.9695739517013318,0.1771810000900408
amazon-new-carlisle-in,2024-08-10,3,27.790954234641664,0.7752310761708241,0.9759333613819184,0.1765175164877328
amazon-new-carlisle-in,2024-08-10,4,26.454587240641946,0.8281089484694851,0.9803272180319104,0.173795469022616
amazon-new-carlisle-in,2024-08-26,0,38.44984378585849,0.4430139915230403,0.9698440446315564,0.202951879688907
amazon-new-carlisle-in,2024-08-26,1,39.868428205679194,0.5334250249599057,0.9656245141580562,0.1759982200595849
amazon-new-carlisle-in,2024-08-26,2,39.25121369960843,0.6559708068973918,0.968302990390469,0.1685483275124141
amazon-new-carlisle-in,2024-08-26,3,37.34505938714627,0.7135660280883044,0.9748412833077504,0.166860219159405
amazon-new-carlisle-in,2024-08-26,4,35.46108066262554,0.775823911912017,0.9794880317621292,0.1631770792798667
amazon-new-carlisle-in,2024-09-11,0,31.443304412720796,0.4528054408244824,0.9700320189805776,0.1938359731257782
amazon-new-carlisle-in,2024-09-11,1,32.30465571128067,0.5328194860210178,0.9675285703503596,0.1716809914982045
amazon-new-carlisle-in,2024-09-11,2,31.70922710594835,0.601828713499625,0.9681411429874676,0.1635775336657261
amazon-new-carlisle-in,2024-09-11,3,31.067657283093475,0.638909592622955,0.973948710067415,0.1609055833942479
amazon-new-carlisle-in,2024-09-11,4,29.59389957820416,0.7031484471226307,0.9782740469359356,0.1574489746097022
amazon-new-carlisle-in,2024-10-29,0,17.19383891502745,0.2570272137857572,0.9667853537802794,0.1998139062026722
amazon-new-carlisle-in,2024-10-29,1,17.329860665784782,0.3428088231574469,0.9640595438732756,0.1737428875293087
amazon-new-carlisle-in,2024-10-29,2,17.771624521651127,0.363258774882153,0.9658471698365496,0.1582448221175918
amazon-new-carlisle-in,2024-10-29,3,16.996833886895566,0.3807339126011382,0.969886472740624,0.1575030491605354
amazon-new-carlisle-in,2024-10-29,4,16.20476667557009,0.3946494677208508,0.9735199837291584,0.1657046929930003
amazon-new-carlisle-in,2024-11-30,0,-1.8965118923027395,0.2740399245843264,0.966119586015462,0.2330004103420585
amazon-new-carlisle-in,2024-11-30,1,-1.7602295084264787,0.3343164250357452,0.9670368673483668,0.2107093960322021
amazon-new-carlisle-in,2024-11-30,2,-1.7006983847688135,0.3414510759556108,0.9655217695115196,0.1954944303471277
amazon-new-carlisle-in,2024-11-30,3,-2.0029568454131734,0.3815395344431791,0.970471288341612,0.1592401934170746
amazon-new-carlisle-in,2024-11-30,4,-1.7946814792499204,0.3448979143229888,0.973194887121654,0.1693518907110336
amazon-new-carlisle-in,2025-01-17,0,-0.9406826037554404,-0.0018483981149071,0.9884729232273564,0.6228158668780865
amazon-new-carlisle-in,2025-01-17,1,-1.5558178966136718,-0.0072944975578586,0.9900390347703044,0.7296893774681464
amazon-new-carlisle-in,2025-01-17,2,-1.480930959220901,0.0047054061762086,0.9895154530222148,0.7383768092499338
amazon-new-carlisle-in,2025-01-17,3,-1.6354301759003171,-0.0055674175739176,0.9899454315168432,0.7635726776764604
amazon-new-carlisle-in,2025-01-17,4,-1.5578093746182926,-0.007161758097195,0.9898387230833664,0.7730454004623395
amazon-new-carlisle-in,2025-03-22,4,8.354410484224822,0.3186318667300473,0.9702673399463944,0.2086801400484926
amazon-new-carlisle-in,2025-05-09,0,30.59458109148063,0.2416683653007617,0.9669821150295256,0.2365037697179887
amazon-new-carlisle-in,2025-05-09,1,30.479540964330447,0.3479654290456983,0.9636246419704472,0.1923645917229323
amazon-new-carlisle-in,2025-05-09,2,30.0986891006764,0.4228331874502275,0.966888525744528,0.1836424972660749
amazon-new-carlisle-in,2025-05-09,3,30.362171520206346,0.4336046562529579,0.9711550642379082,0.1778341229054944
amazon-new-carlisle-in,2025-05-09,4,30.455564880582177,0.4495773595187807,0.9745660943221937,0.1631921031295707
amazon-new-carlisle-in,2025-06-10,0,30.152416181216676,0.2859778830208351,0.9674121663478634,0.2251055019039775
amazon-new-carlisle-in,2025-06-10,1,31.280304884349604,0.399899544785454,0.9637983904759386,0.187894652976656
amazon-new-carlisle-in,2025-06-10,2,29.976112558551744,0.4991673164557064,0.9674439679137375,0.177417693855783
amazon-new-carlisle-in,2025-06-10,3,29.38268617258444,0.4891388664984805,0.9721745722915264,0.1761794164744189
amazon-new-carlisle-in,2025-06-10,4,29.49676751782893,0.5017421775695957,0.9756097216774466,0.163366216219319
amazon-new-carlisle-in,2025-06-26,2,33.784011453462995,0.749955067891141,0.975939591188728,0.0391579976596436
amazon-new-carlisle-in,2025-06-26,3,36.96929888266927,0.7630209511680349,0.976484233792782,0.1589974508913306
amazon-new-carlisle-in,2025-06-26,4,38.91848386606699,0.6771518078425566,0.977521082365645,0.204882584463729
amazon-new-carlisle-in,2025-07-12,0,42.32564184236104,0.3244079323729076,0.9680816507047668,0.2129852858170228
amazon-new-carlisle-in,2025-07-12,1,39.231793893859475,0.5283567109712537,0.9651818462445716,0.1871513812377449
amazon-new-carlisle-in,2025-07-12,2,35.741158381463684,0.7050800592124509,0.9689086711988834,0.180149883722539
amazon-new-carlisle-in,2025-07-12,3,35.12848959133779,0.7563713968392987,0.9757393083283946,0.1811685262887457
amazon-new-carlisle-in,2025-07-12,4,32.94494519043613,0.8174492260750675,0.9802189806433635,0.1841291027335589
amazon-new-carlisle-in,2025-07-28,1,26.333406609874608,0.718384468743268,0.9791478108149746,0.2902155391102296
amazon-new-carlisle-in,2025-07-28,2,25.962442036345397,0.7452271249362591,0.977972027408303,0.2692469572298829
amazon-new-carlisle-in,2025-07-28,3,26.2908101814251,0.8251515182758521,0.9756616524738092,0.2670155514343178
amazon-new-carlisle-in,2025-07-28,4,26.773382247334343,0.7731687865437978,0.9780460793190864,0.2648586467269257
amazon-new-carlisle-in,2025-08-13,0,35.72350415840971,0.4008855163930065,0.969385738747032,0.1779371313446486
amazon-new-carlisle-in,2025-08-13,1,36.199805296630295,0.4213201572237258,0.9619190247443368,0.1934426133212173
amazon-new-carlisle-in,2025-08-13,2,33.559131244273544,0.6897434770186371,0.9676303946841868,0.1824041561081074
amazon-new-carlisle-in,2025-08-13,3,31.1592343977085,0.7709876696794445,0.976108931291884,0.1895557356210962
amazon-new-carlisle-in,2025-08-13,4,30.25245363178917,0.8340926223407968,0.9805380597162536,0.1967429868764317
amazon-new-carlisle-in,2025-08-29,0,15.180928439312927,0.4994065124126679,0.971743832100997,0.1719196701215781
amazon-new-carlisle-in,2025-08-29,1,14.00961359998705,0.6582175187911582,0.9698600953860004,0.1727266080015176
amazon-new-carlisle-in,2025-08-29,2,13.33401094489648,0.7225178730090435,0.969541591161322,0.1766054338292051
amazon-new-carlisle-in,2025-08-29,3,11.933561011821997,0.7572648151324908,0.975692971321944,0.1833142234578331
amazon-new-carlisle-in,2025-08-29,4,12.498855917354554,0.7947968172138146,0.9799925105733052,0.1869418345839645
amazon-new-carlisle-in,2025-09-14,0,31.978839605155933,0.297625989505548,0.9674329087958604,0.1808339846433408
amazon-new-carlisle-in,2025-09-14,1,30.95678009766593,0.4700907175518703,0.964448953994691,0.1663307598173303
amazon-new-carlisle-in,2025-09-14,2,29.975152350402222,0.6380477799181499,0.9684759787567148,0.1574302806957633
amazon-new-carlisle-in,2025-09-14,3,29.24287854759027,0.6715553226424849,0.9744361792743906,0.1570579803833903
amazon-new-carlisle-in,2025-09-14,4,28.768482704437943,0.7509105877876645,0.9791250110855212,0.1621492588184643
amazon-new-carlisle-in,2025-09-30,0,32.71408181167154,0.2769167803005387,0.9668518505821256,0.1843883578674767
amazon-new-carlisle-in,2025-09-30,1,32.063195801166664,0.4239878470932665,0.9634546370384356,0.1545303606995002
amazon-new-carlisle-in,2025-09-30,2,31.019690626752578,0.5285088792303532,0.9669005063013456,0.1396204276355513
amazon-new-carlisle-in,2025-09-30,3,30.00092418573702,0.5392450011748352,0.9716556754262228,0.1325043300093549
amazon-new-carlisle-in,2025-09-30,4,29.715431043870176,0.6045940052713222,0.975706423909986,0.127741252861762
amazon-new-carlisle-in,2025-10-16,0,23.154536959665805,0.2598147375662624,0.9669839209413942,0.1840310542447617
amazon-new-carlisle-in,2025-10-16,1,22.772554822537415,0.3839983812454546,0.9637532722738936,0.1531474513407743
amazon-new-carlisle-in,2025-10-16,2,22.60855965450625,0.4508449020289422,0.9668862637884632,0.1453979701737049
amazon-new-carlisle-in,2025-10-16,3,21.354404791987196,0.474109038463652,0.9715297406510128,0.1376892861141439
amazon-new-carlisle-in,2025-10-16,4,21.34074963209235,0.5039866826491642,0.9751382567168806,0.132346655349867
amazon-new-carlisle-in,2025-11-01,3,9.422122586156744,0.4536303559654956,0.9718864134679353,0.084467327884108
amazon-new-carlisle-in,2025-11-01,4,9.329355820241192,0.4925923795437412,0.9729527177992452,0.0693394734321768
amazon-new-carlisle-in,2025-11-17,0,10.487583559074762,0.2210107233072847,0.9662879811605388,0.1747042441063327
amazon-new-carlisle-in,2025-11-17,1,10.914108071754516,0.3397794573092075,0.9637949448483616,0.159395955251902
amazon-new-carlisle-in,2025-11-17,2,11.315110518993722,0.3523700721693746,0.9655039092514353,0.14747710493882
amazon-new-carlisle-in,2025-11-17,3,11.005035942480754,0.3731658424682705,0.96981976600529,0.1436164701423647
amazon-new-carlisle-in,2025-11-17,4,10.934658530227772,0.3760476028619265,0.9731092794769752,0.1384808395269333
amazon-new-carlisle-in,2026-01-20,0,-13.029514222934528,-0.0212264823879519,0.9902752602337312,0.6506625245695793
amazon-new-carlisle-in,2026-01-20,1,-13.405362985200584,-0.0182760387105608,0.99014957572466,0.6346045643419206
amazon-new-carlisle-in,2026-01-20,2,-13.843371398630936,-0.0213103608346472,0.9901323423665128,0.7412214138397101
amazon-new-carlisle-in,2026-01-20,3,-14.386017373312722,-0.027684284888293,0.9901291411759996,0.5910657542105006
amazon-new-carlisle-in,2026-01-20,4,-14.368263312956785,0.0451314316336661,0.9889442839339798,0.6225447347771624
amazon-new-carlisle-in,2026-03-09,0,19.164304889014957,0.1880456555294031,0.9662735950993152,0.195118358403265
amazon-new-carlisle-in,2026-03-09,1,19.360499202287073,0.2785544302238052,0.9635800623327688,0.1617445317075327
amazon-new-carlisle-in,2026-03-09,2,19.665712688726636,0.3114903850294894,0.9654073270234728,0.1508221944663532
amazon-new-carlisle-in,2026-03-09,3,19.473443594165794,0.343635958879236,0.9697331463420636,0.1493572698954611
amazon-new-carlisle-in,2026-03-09,4,19.424895904135816,0.3459328336426303,0.9730848535910952,0.1405788982551055
amazon-new-carlisle-in,2026-05-28,0,39.69984973876637,0.2539663869944484,0.9671010114303964,0.2379801733385286
amazon-new-carlisle-in,2026-05-28,1,39.07210136363288,0.3961849005620048,0.9641206212709672,0.1958095384369743
amazon-new-carlisle-in,2026-05-28,2,38.840332371857386,0.4443175148344971,0.9669422338546426,0.1925362773255807
amazon-new-carlisle-in,2026-05-28,3,38.5176591870363,0.4282208011811433,0.9711633892437582,0.1903565842428723
amazon-new-carlisle-in,2026-05-28,4,38.86996656413271,0.4523926959200012,0.974537910625672,0.1705268816714298
amazon-new-carlisle-in,2026-06-13,0,33.188215913332186,0.2783054726007938,0.967071056391871,0.2300069609752531
amazon-new-carlisle-in,2026-06-13,1,31.287278656790967,0.4162449914716762,0.9636738067958492,0.1862682564158099
amazon-new-carlisle-in,2026-06-13,2,29.51584899696407,0.494649703043835,0.9669001728066492,0.1846465451172459
amazon-new-carlisle-in,2026-06-13,3,28.582764718853248,0.4923166953043056,0.97137781153143,0.1795027741685589
amazon-new-carlisle-in,2026-06-13,4,27.71279231752093,0.5327867396195421,0.9750417597595396,0.1603955945969397
amazon-new-carlisle-in,2026-06-29,0,35.22363391528967,0.4296595769546884,0.9639305759854556,0.2170047393957111
amazon-new-carlisle-in,2026-06-29,1,34.79560994985768,0.5403529322448751,0.9651591050419188,0.2340568857129327
amazon-new-carlisle-in,2026-06-29,2,35.57536535506278,0.6191160738591487,0.97077763309306,0.2189318218485192
amazon-new-carlisle-in,2026-06-29,3,35.77517427419691,0.5904040305931849,0.9735506635185348,0.2155796263454305
amazon-new-carlisle-in,2026-06-29,4,35.40046691023978,0.5943716276364109,0.9763010296665032,0.1867540322700301
amazon-new-carlisle-in,2026-07-15,0,39.76511745069744,0.3460940788049025,0.9688642775344504,0.1956990966847398
amazon-new-carlisle-in,2026-07-15,1,37.06909318335974,0.5517745667388065,0.9650195346045268,0.1883364816270408
amazon-new-carlisle-in,2026-07-15,2,35.66085755710782,0.6938497494562146,0.9687539362127068,0.1821413164611217
amazon-new-carlisle-in,2026-07-15,3,34.698669127002006,0.7098748523114603,0.974939690877654,0.1792082718915462
amazon-new-carlisle-in,2026-07-15,4,33.628217520225334,0.7629299723952497,0.9793005025662878,0.1705912827989424
amazon-new-carlisle-in,2026-09-01,0,37.93611102163566,0.3967339331838878,0.9690629718685684,0.2181286767842482
amazon-new-carlisle-in,2026-09-01,1,36.90294026598222,0.581599688447256,0.9656066326151798,0.1891650154447147
amazon-new-carlisle-in,2026-09-01,2,34.638805974952945,0.7489745480822814,0.96938770303443,0.1856874818819947
amazon-new-carlisle-in,2026-09-01,3,33.43523478772552,0.7651142051303297,0.9758854286827416,0.1838711750775734
amazon-new-carlisle-in,2026-09-01,4,31.08693702669395,0.8078139718275348,0.9799944018300474,0.1826327405265871
amazon-new-carlisle-in,2022-01-26,3,-17.696483069605854,-0.0399694956063684,0.9915,0.9416018457343835
amazon-new-carlisle-in,2022-01-26,4,-17.62572848883937,-0.0408421279486931,0.9914962943403542,0.929486080973251
amazon-new-carlisle-in,2022-02-27,4,5.659298675032791,0.2209010851300094,0.97033067216597,0.1387038124742201
amazon-new-carlisle-in,2022-04-16,2,17.23763137908763,0.3930521471505286,0.966641666737542,0.1629475744785918
amazon-new-carlisle-in,2022-04-16,3,17.44063740332429,0.4087178435527526,0.965127578947112,0.1798715779096368
amazon-new-carlisle-in,2022-04-16,4,17.95682510531232,0.3434200619565916,0.9676557492111116,0.164889269681313
amazon-new-carlisle-in,2022-06-03,4,43.55987788290801,0.3714171486766423,0.9707441401925356,0.1665873996686936
amazon-new-carlisle-in,2022-06-19,3,42.312261011913854,0.3731161785237227,0.9647996811715472,0.24349490074927
amazon-new-carlisle-in,2022-06-19,4,44.21529051261842,0.426671331897809,0.969365144742744,0.1952995123575825
amazon-new-carlisle-in,2022-07-21,4,35.44454170819431,0.8148663578038227,0.9773218343868918,0.1915005549753242
amazon-new-carlisle-in,2022-08-06,3,31.360417972156903,0.8582992718852064,0.9685552247251388,0.2468361003666757
amazon-new-carlisle-in,2022-08-06,4,30.815916197593875,0.875883220693687,0.9722915647989466,0.2532721810682838
amazon-new-carlisle-in,2022-08-22,3,28.989518416903625,0.8676500685853684,0.9697283801818029,0.2227775181797132
amazon-new-carlisle-in,2022-08-22,4,28.313529649707903,0.8616774915321097,0.9730316447301892,0.2608575580830886
amazon-new-carlisle-in,2022-09-07,4,26.05823497620785,0.8463025935329339,0.975544432270342,0.1756128147526094
amazon-new-carlisle-in,2022-09-23,3,23.599134278399216,0.468751394288641,0.9629246539253746,0.160527871176574
amazon-new-carlisle-in,2022-09-23,4,21.784972765306776,0.6570553278397473,0.971687448705976,0.1676791079201817
amazon-new-carlisle-in,2022-10-09,4,22.88196888498617,0.4389490492789667,0.9707609117334292,0.1484483461095644
amazon-new-carlisle-in,2022-11-10,3,23.12276811605535,0.2904888124883577,0.9629380999024744,0.1665627414991896
amazon-new-carlisle-in,2022-11-10,4,23.090137899273294,0.3028570811024397,0.9680560490968356,0.1548750417917422
amazon-new-carlisle-in,2022-11-26,4,9.468679492745077,0.3067487421610436,0.9681441918658588,0.127915251117887
amazon-new-carlisle-in,2023-02-14,0,5.850014227554817,0.2759369995155758,0.9643874221155276,0.1144803479794131
amazon-new-carlisle-in,2023-02-14,1,6.224773330850175,0.2943377752762825,0.9618095912740742,0.1200491081225892
amazon-new-carlisle-in,2023-02-14,2,5.819675273703552,0.302126309237178,0.961959356130178,0.1113508374206801
amazon-new-carlisle-in,2023-02-14,3,6.089273271726823,0.2978311497472866,0.962855157297229,0.1089849988633541
amazon-new-carlisle-in,2023-02-14,4,6.068958044038028,0.2849570631246633,0.9662539971153304,0.1078137762435815
amazon-new-carlisle-in,2023-05-05,2,27.9192385781983,0.2752133651990015,0.959385143678161,0.2220850744748563
amazon-new-carlisle-in,2023-05-05,3,26.22889764436928,0.3585482089912026,0.963578131010596,0.2037360784323538
amazon-new-carlisle-in,2023-05-05,4,27.89065298337802,0.3522492364305787,0.9677229215514244,0.1775085652949841
amazon-new-carlisle-in,2023-05-21,1,28.15741944349456,0.8604928046627351,0.9806775377556874,0.2108206291636398
amazon-new-carlisle-in,2023-05-21,2,31.698087601353084,0.5030156488732381,0.967745022962665,0.2018072908076755
amazon-new-carlisle-in,2023-05-21,3,32.85602480123339,0.3933154985418069,0.9652064359587124,0.1934595603155204
amazon-new-carlisle-in,2023-05-21,4,34.377909659632905,0.3338011924447306,0.9680561226426077,0.1687139226250573
amazon-new-carlisle-in,2023-06-22,4,38.06688653525992,0.4537925271451812,0.9722950838187868,0.1785078508018813
amazon-new-carlisle-in,2023-09-10,3,27.27757527862828,0.7647081900446325,0.9684224303512864,0.2022753383820514
amazon-new-carlisle-in,2023-09-10,4,26.463269134415373,0.8022612917352965,0.9723114861007858,0.191912927580488
amazon-new-carlisle-in,2023-10-28,3,11.41209121999998,0.3209284370023645,0.9555,0.1227158775
amazon-new-carlisle-in,2023-10-28,4,14.501996029450703,0.4350077118437895,0.9699080320002998,0.127558911135436
amazon-new-carlisle-in,2023-11-13,4,16.430095576959538,0.423199351179718,0.971998935767956,0.1299175268280402
amazon-new-carlisle-in,2023-11-29,3,-0.822901387157061,0.1246258569143433,0.9825528578030708,0.4649482271327623
amazon-new-carlisle-in,2023-11-29,4,-0.7222722902867839,0.1403572623581735,0.984151258754456,0.4318935945159726
amazon-new-carlisle-in,2023-12-15,3,4.9315145896804085,0.353037628374847,0.9622637100480508,0.1553978890062817
amazon-new-carlisle-in,2023-12-15,4,4.999777148431187,0.286417345412111,0.9640351387113304,0.1425488776602594
amazon-new-carlisle-in,2024-01-16,3,-18.029529089263715,-0.0293776047426169,0.9912693889152692,0.8684709086099999
amazon-new-carlisle-in,2024-01-16,4,-17.8639906270349,-0.0317721228712442,0.9914012825997331,0.8829456378190897
amazon-new-carlisle-in,2024-02-01,1,9.12584287189994,0.5044458757740208,0.974622313186992,0.1318573270248539
amazon-new-carlisle-in,2024-02-01,2,9.470241405964575,0.3564695531351515,0.9647870280575368,0.1200544962992428
amazon-new-carlisle-in,2024-02-01,3,9.789561282825291,0.3472771874961502,0.9640429370594196,0.1293791387570755
amazon-new-carlisle-in,2024-02-01,4,9.725758019460445,0.3143262596323058,0.9672624019552044,0.1113492422628141
amazon-new-carlisle-in,2024-03-20,1,5.41389657669839,0.3566371151644395,0.9628378269617704,0.1621204014358256
amazon-new-carlisle-in,2024-03-20,2,4.683499457488771,0.3915010005809884,0.9620470169237374,0.1457656134176058
amazon-new-carlisle-in,2024-03-20,3,6.1138092496979874,0.3415610776695329,0.963388322171574,0.1873439276306721
amazon-new-carlisle-in,2024-03-20,4,7.843288030484703,0.3610907405868166,0.9709547494251096,0.1521945041863217
amazon-new-carlisle-in,2024-04-21,3,20.93546499530139,0.4089414330204923,0.9636566750453912,0.1954885735853236
amazon-new-carlisle-in,2024-04-21,4,21.912949856784827,0.3647924286985202,0.9679455682154766,0.1815455965848591
amazon-new-carlisle-in,2024-05-23,2,36.6950165376044,0.4754762123933794,0.968005236657434,0.2161579521576359
amazon-new-carlisle-in,2024-05-23,3,38.75862572219685,0.404513959029686,0.9654514565678026,0.2143206949420308
amazon-new-carlisle-in,2024-05-23,4,42.52172886027047,0.3476062302088692,0.9678217250019906,0.1761675521081631
amazon-new-carlisle-in,2024-06-08,3,30.309843199214377,0.325300090311739,0.9675995226032748,0.2316386518473791
amazon-new-carlisle-in,2024-06-08,4,36.100434295373795,0.3873747153756329,0.9699853229040276,0.2332229190829265
amazon-new-carlisle-in,2024-06-24,3,34.28924982616363,0.5527518392565735,0.965877478598826,0.1599556017984472
amazon-new-carlisle-in,2024-06-24,4,34.134782261001284,0.592422375623703,0.9702010744781292,0.1531364040421343
amazon-new-carlisle-in,2024-07-26,4,30.884248603558532,0.7977018513943203,0.9749989352106512,0.1986534111884468
amazon-new-carlisle-in,2024-08-11,4,23.855800330171743,0.8363608379468529,0.972198943974086,0.2145776773011646
amazon-new-carlisle-in,2024-08-27,2,39.378330860000005,0.8806333504004327,0.9582,0.2166358025
amazon-new-carlisle-in,2024-08-27,3,39.34886372898219,0.766260931912788,0.9664273298304388,0.1796848066548105
amazon-new-carlisle-in,2024-08-27,4,37.75179600787707,0.783554149248637,0.9714368225691632,0.17550023889454
amazon-new-carlisle-in,2024-09-12,3,32.33385875297816,0.6778048147507264,0.9640517749857358,0.1824642871788746
amazon-new-carlisle-in,2024-09-12,4,31.33554854705161,0.7285743102207097,0.9715120010072832,0.1671531629714807
amazon-new-carlisle-in,2024-10-14,3,10.050822229326494,0.3923016070421411,0.9666804376990098,0.1332813617049129
amazon-new-carlisle-in,2024-10-14,4,13.52409573696698,0.4440782307299324,0.9699528611596646,0.1478797835252112
amazon-new-carlisle-in,2025-04-08,1,11.778647531297304,0.3945912884224722,0.9741319339361504,0.2029812670525004
amazon-new-carlisle-in,2025-04-08,2,12.843177737786336,0.3505498370824245,0.966099576260259,0.1857335352890433
amazon-new-carlisle-in,2025-04-08,3,12.176742020709217,0.4105454520174279,0.9641860694521164,0.185078457729623
amazon-new-carlisle-in,2025-04-08,4,12.444228563011077,0.3536575549780023,0.965732077982905,0.1777842440696531
amazon-new-carlisle-in,2025-04-24,2,35.107951873173086,0.3952907004834567,0.966870880829013,0.1845593344699743
amazon-new-carlisle-in,2025-04-24,3,35.928254956797936,0.4090829185117455,0.9651819308601076,0.1898270995406345
amazon-new-carlisle-in,2025-04-24,4,38.4242367869837,0.3429159417516467,0.9677852193425504,0.1711492500449528
amazon-new-carlisle-in,2025-05-10,1,33.281181871988586,0.4571333713293022,0.967787838930871,0.1888999610317772
amazon-new-carlisle-in,2025-05-10,2,33.37014660779797,0.448915993249336,0.965172485880494,0.1957065057404503
amazon-new-carlisle-in,2025-05-10,3,34.391079021265455,0.4027512062309567,0.9649171864649748,0.1939248776259309
amazon-new-carlisle-in,2025-05-10,4,36.214011855260104,0.3457761353753981,0.967982178170826,0.1711021420864358
amazon-new-carlisle-in,2025-05-26,1,25.314869939700095,0.4342353240967981,0.9682283923004374,0.2153424849299412
amazon-new-carlisle-in,2025-05-26,2,24.432688736882305,0.4465088004219638,0.9649361190046096,0.2136788615617276
amazon-new-carlisle-in,2025-05-26,3,24.77597499896357,0.3845446506358035,0.964552860375306,0.2114583255433483
amazon-new-carlisle-in,2025-05-26,4,28.71290407358629,0.3316426278414809,0.967814431907878,0.1806823140704736
amazon-new-carlisle-in,2025-06-11,4,35.51376765296491,0.518182520706282,0.9734440009791246,0.1727289462579867
amazon-new-carlisle-in,2025-06-27,3,35.83801817886094,0.7365409856287759,0.9579887795648062,0.0984226086508988
amazon-new-carlisle-in,2025-06-27,4,34.420840007751515,0.7627209403184356,0.9696839110489212,0.1971581519025933
amazon-new-carlisle-in,2025-07-29,4,26.45815411096856,0.8692499819551952,0.9819851326341767,0.1901450185604308
amazon-new-carlisle-in,2025-08-14,3,33.28490259366127,0.7818525513621515,0.9660415141786102,0.1831201038757402
amazon-new-carlisle-in,2025-08-14,4,32.192648256867685,0.8142969646747985,0.9727535278914816,0.1920348269388311
amazon-new-carlisle-in,2025-08-30,4,24.92020600405689,0.8271843172313632,0.9755118578433988,0.1880145624155325
amazon-new-carlisle-in,2025-09-15,3,29.24390156000004,0.8070198452111013,0.9574,0.1620592474999999
amazon-new-carlisle-in,2025-09-15,4,29.22030752177222,0.7480693344031509,0.972964101120482,0.1776098331643838
amazon-new-carlisle-in,2025-10-17,4,10.022851780899265,0.3646883300978925,0.9713281087489152,0.1300036247133289
amazon-new-carlisle-in,2025-11-02,4,14.189282204425623,0.4104726249293979,0.9714949199091566,0.1302738605048463
amazon-new-carlisle-in,2026-01-05,3,-1.886669495945272,0.0227531177096146,0.9896382759549752,0.6657901494275151
amazon-new-carlisle-in,2026-01-05,4,-1.8375101511288432,0.0144145036261147,0.9903627816830226,0.6644576097348444
amazon-new-carlisle-in,2026-03-26,4,6.683660531063853,0.5246257884348526,0.9719297872340428,0.034647303076923
amazon-new-carlisle-in,2026-04-11,2,18.99070560923894,0.3931757411047966,0.9665616278431254,0.1648112908786913
amazon-new-carlisle-in,2026-04-11,3,19.150923113081767,0.4202347441756353,0.9649078160722726,0.1822178707382321
amazon-new-carlisle-in,2026-04-11,4,19.827975970349485,0.3659829673147982,0.9681632573141944,0.1676126489253476
amazon-new-carlisle-in,2026-05-29,2,38.70720470642582,0.4892973641750228,0.9682377847604098,0.2245003565764947
amazon-new-carlisle-in,2026-05-29,3,41.51253877459934,0.3874325596787952,0.9651168974732552,0.2172016255964068
amazon-new-carlisle-in,2026-05-29,4,44.72233872741657,0.349963385408254,0.9677990263891266,0.1802759502158035
amazon-new-carlisle-in,2026-06-30,3,33.111536211898475,0.3999463148938588,0.9604235495329564,0.2439900485709117
amazon-new-carlisle-in,2026-06-30,4,33.698294876658224,0.6638042154811437,0.973604117987606,0.2188755644581482
amazon-new-carlisle-in,2026-09-02,4,28.71139294652819,0.822130230088905,0.9760499510991494,0.1743562049093382
amazon-new-carlisle-in,2026-09-18,4,21.898532409188352,0.6400584780249207,0.9771000297970132,0.2154463406144308
amazon-new-carlisle-in,2021-12-16,2,7.736047849905923,0.4694323587601517,0.9695549400694526,0.027147002047907
amazon-new-carlisle-in,2021-12-16,3,7.245080753491175,0.4007637684947602,0.9668141554516584,0.0210705204448016
amazon-new-carlisle-in,2021-12-16,4,7.533342878503078,0.3774630683462952,0.9688971716350396,0.0249185129099408
amazon-new-carlisle-in,2022-02-18,0,-7.987402631235884,-0.0238720804126726,0.9914386579751548,0.8586744429870456
amazon-new-carlisle-in,2022-02-18,1,-7.717270980608439,-0.016996277385042,0.9909608745736944,0.7906972504574817
amazon-new-carlisle-in,2022-02-18,2,-7.508938135756658,-0.004926059892479,0.9903627218215098,0.7774583380681865
amazon-new-carlisle-in,2022-02-18,3,-7.672855230218677,-0.0029748146321654,0.9905732389115632,0.7817310043179225
amazon-new-carlisle-in,2022-02-18,4,-7.777157196686047,0.0006235281153437873,0.9904631075305874,0.7826043728744774
amazon-new-carlisle-in,2022-03-06,0,12.19413614950314,0.2776381724286383,0.9650371066261844,0.1612383861803713
amazon-new-carlisle-in,2022-03-06,1,11.764535107443898,0.3001873924927635,0.9631124506261904,0.1704452754381034
amazon-new-carlisle-in,2022-03-06,2,13.192276836943767,0.2846508482870959,0.9650008293383004,0.1563204959654838
amazon-new-carlisle-in,2022-03-06,3,12.858908369900831,0.2940584138877614,0.9689613665029712,0.1461922576940871
amazon-new-carlisle-in,2022-03-06,4,12.601158247243758,0.3156530454527078,0.9730533781220602,0.139250780644155
amazon-new-carlisle-in,2022-04-23,0,21.761426102407547,0.3844815169354238,0.9677115257501434,0.1768333662055729
amazon-new-carlisle-in,2022-04-23,1,22.559918498653865,0.3988438689349802,0.9651135093418506,0.1934423715033224
amazon-new-carlisle-in,2022-04-23,2,22.0062519296035,0.3823175744769251,0.9668478223530672,0.1894183223224289
amazon-new-carlisle-in,2022-04-23,3,22.719018417403948,0.3844409781531299,0.9696719499610577,0.179094739836413
amazon-new-carlisle-in,2022-04-23,4,22.10290754563608,0.3780231623527298,0.974128274284994,0.1575543388809065
amazon-new-carlisle-in,2022-05-09,0,29.475595521223383,0.3656474477651064,0.9677368937925966,0.1834890541737068
amazon-new-carlisle-in,2022-05-09,1,28.837098870314215,0.4018577015801339,0.9642859144354826,0.1839313341221622
amazon-new-carlisle-in,2022-05-09,2,27.951203395719965,0.4369689764785276,0.9668874889832788,0.1870232490417766
amazon-new-carlisle-in,2022-05-09,3,27.791107801315544,0.4282533091455382,0.9712078756599124,0.1840159946061689
amazon-new-carlisle-in,2022-05-09,4,27.98252831771041,0.4198285794994353,0.9743958912136492,0.1684331002427921
amazon-new-carlisle-in,2022-06-10,0,33.64393492521235,0.4391680977862531,0.9685878081879816,0.1610813450668407
amazon-new-carlisle-in,2022-06-10,1,33.795585069572184,0.4455251027864814,0.9637647927629736,0.1714820896953832
amazon-new-carlisle-in,2022-06-10,2,31.720190738364938,0.479325781845862,0.9669991412394754,0.1761090280977807
amazon-new-carlisle-in,2022-06-10,3,31.034715786652992,0.4541654328036641,0.9716414826477172,0.1635822392452212
amazon-new-carlisle-in,2022-06-10,4,32.152964231375634,0.4517956418171118,0.9747912496500684,0.1532914153684553
amazon-new-carlisle-in,2022-06-26,0,27.982416403509596,0.6487689738246258,0.9667151908314416,0.1989855894980539
amazon-new-carlisle-in,2022-06-26,1,28.47325220555117,0.6428674376667021,0.9731447868260082,0.2058102476795461
amazon-new-carlisle-in,2022-06-26,2,29.661554835915982,0.5861091549666684,0.9694944024306577,0.2117879287980131
amazon-new-carlisle-in,2022-06-26,3,29.93845013933654,0.5362172846766129,0.9720789039332582,0.1868516380510285
amazon-new-carlisle-in,2022-06-26,4,30.10337489792838,0.5764845712792735,0.9758928820502762,0.1557217878199887
amazon-new-carlisle-in,2022-07-12,0,29.11829875643621,0.8497302251345211,0.9745956591520788,0.2184154122832352
amazon-new-carlisle-in,2022-07-12,1,30.933018452856334,0.7452642226461258,0.9707009672198014,0.2296966208904345
amazon-new-carlisle-in,2022-07-12,2,30.79073422395034,0.7348767392431301,0.9720568349322876,0.2253309961774101
amazon-new-carlisle-in,2022-07-12,3,30.364703636316335,0.7356765119523322,0.9767041745793328,0.2196103384581203
amazon-new-carlisle-in,2022-07-12,4,29.291312595793965,0.7767874355544119,0.9797624483091212,0.2128990188225547
amazon-new-carlisle-in,2022-08-29,0,29.70993383828633,0.6566358804381995,0.9693344515959548,0.1908378387834954
amazon-new-carlisle-in,2022-08-29,1,32.02109016695192,0.6896882148920535,0.96675941147101,0.1751077198437949
amazon-new-carlisle-in,2022-08-29,2,32.52499554614963,0.7367202879246549,0.9701039361201028,0.1988338265435107
amazon-new-carlisle-in,2022-08-29,3,31.48828116736144,0.7773051349693836,0.9763402372080566,0.1971717493307038
amazon-new-carlisle-in,2022-08-29,4,30.783865356274447,0.7860189957809123,0.9798538116084012,0.2101476938620611
amazon-new-carlisle-in,2022-09-14,0,27.343768907448965,0.6097134603370611,0.9706142832332368,0.1528040465869942
amazon-new-carlisle-in,2022-09-14,1,28.40162513634727,0.580839530372187,0.96670366875253,0.1451477944454472
amazon-new-carlisle-in,2022-09-14,2,27.92386680600871,0.6569521351513087,0.9689165433198784,0.1563765538657516
amazon-new-carlisle-in,2022-09-14,3,26.594484878036276,0.7332610888539675,0.9756038280259662,0.1562161163129704
amazon-new-carlisle-in,2022-09-14,4,25.99499096310328,0.7536921287231557,0.9794345308519036,0.1552933138728621
amazon-new-carlisle-in,2022-09-30,0,23.10593856089394,0.4425451566412243,0.9683749528667004,0.1390853183424565
amazon-new-carlisle-in,2022-09-30,1,23.209363616157543,0.454483787331045,0.9642876692349376,0.1396663745127637
amazon-new-carlisle-in,2022-09-30,2,22.76532982501671,0.516252009986199,0.967196861401894,0.1361119914997374
amazon-new-carlisle-in,2022-09-30,3,21.601692148627464,0.5772219202916541,0.972690912745935,0.1339222378825607
amazon-new-carlisle-in,2022-09-30,4,21.255949945468014,0.5860677732400738,0.9759852315763056,0.1334026015144255
amazon-new-carlisle-in,2022-10-16,3,14.82621251577093,0.5104197851814682,0.9760250209753236,0.1818265911619754
amazon-new-carlisle-in,2022-10-16,4,15.78396799968466,0.4321377012909481,0.9724460343169468,0.1644804211492341
amazon-new-carlisle-in,2022-11-01,0,18.981179609929185,0.3201275881803889,0.9662322087218138,0.0973820142561492
amazon-new-carlisle-in,2022-11-01,1,19.208216366750516,0.3552089739945658,0.9638908040749185,0.1251030771231341
amazon-new-carlisle-in,2022-11-01,2,19.251709473178796,0.3661276036627577,0.9656549473511804,0.1273889765369368
amazon-new-carlisle-in,2022-11-01,3,18.73490331140393,0.3758153934148157,0.9694781396056004,0.126331760550504
amazon-new-carlisle-in,2022-11-01,4,18.573266797575208,0.353953822293515,0.97235540837034,0.1195508582624448
amazon-new-carlisle-in,2022-11-17,3,-4.204462379999989,-0.0417286410366176,0.9915,0.8026559075
amazon-new-carlisle-in,2022-11-17,4,-3.8873840579999825,-0.050591262482714,0.9915,0.8198963251388892
amazon-new-carlisle-in,2022-12-03,3,-2.880551969220273,0.4502794571464541,0.9721833735998244,0.1196888249236767
amazon-new-carlisle-in,2022-12-03,4,-2.322608447536211,0.4172144445826252,0.9708427114485084,0.0874183177252511
amazon-new-carlisle-in,2023-01-04,0,7.419513349436635,0.3768524366203472,0.9645861514839036,0.0845586352258409
amazon-new-carlisle-in,2023-01-04,1,7.346061885766708,0.3695675301265844,0.9634759437109984,0.1144883752139375
amazon-new-carlisle-in,2023-01-04,2,7.838438272557035,0.3601690694223458,0.9656697378226452,0.1395429218452529
amazon-new-carlisle-in,2023-01-04,3,8.077958107236851,0.3753316534101288,0.967808881616654,0.1173643313491687
amazon-new-carlisle-in,2023-01-04,4,7.853877955295223,0.3925477774674385,0.9718476967407552,0.1067443504698789
amazon-new-carlisle-in,2023-02-05,0,0.3243150646743533,-0.0313628225413188,0.9905905414213784,0.6329424920272216
amazon-new-carlisle-in,2023-02-05,1,0.6369565446331132,0.0006531501033768231,0.9886941355673992,0.6050304990286728
amazon-new-carlisle-in,2023-02-05,2,0.6386179445064909,0.0211115789517674,0.9896330441162036,0.5660327752814351
amazon-new-carlisle-in,2023-02-05,3,0.4667100931457523,0.0198598639212155,0.990221359649438,0.5978353290775468
amazon-new-carlisle-in,2023-02-05,4,0.5286194897177632,0.0275644624126311,0.989870165383974,0.5788216745165997
amazon-new-carlisle-in,2023-04-10,3,8.132292723407629,0.4328395689680807,0.9598866972477064,0.1888418309059633
amazon-new-carlisle-in,2023-04-10,4,11.188375177183174,0.2430255171664262,0.9750754567795704,0.14951303274892
amazon-new-carlisle-in,2023-04-26,0,21.221574539354336,0.3608347910467926,0.96773831445049,0.1575420033665853
amazon-new-carlisle-in,2023-04-26,1,21.33698145958724,0.3905915259388784,0.9642989870044004,0.1668182467998688
amazon-new-carlisle-in,2023-04-26,2,20.603697474284132,0.427812924813732,0.9665798167441898,0.160180606084981
amazon-new-carlisle-in,2023-04-26,3,20.082258815932654,0.4250598094651555,0.9709240809038648,0.1569596484891435
amazon-new-carlisle-in,2023-04-26,4,20.483404480340223,0.4169660078398446,0.9739804113438744,0.1497347055002855
amazon-new-carlisle-in,2023-05-28,0,32.00224370000001,0.5245255709231263,0.979,0.1637313025
amazon-new-carlisle-in,2023-05-28,1,32.21140561970999,0.4081686768829574,0.9706008203863544,0.188762087466009
amazon-new-carlisle-in,2023-05-28,2,38.16364355734964,0.3673072606023537,0.9647166135766924,0.1788084098447195
amazon-new-carlisle-in,2023-05-28,3,38.4859906827941,0.3316588304665986,0.9701338104690282,0.1824941968953406
amazon-new-carlisle-in,2023-05-28,4,38.4086400938357,0.315074761140498,0.97125512765468,0.1862733803638805
amazon-new-carlisle-in,2023-06-29,1,25.411357379787187,0.5573824763955392,0.9749504247176326,0.2423677214172034
amazon-new-carlisle-in,2023-06-29,2,27.22252843981884,0.625766081945697,0.97336135876043,0.2118090508462455
amazon-new-carlisle-in,2023-06-29,3,26.759699718584965,0.6854706194941989,0.9748089991836312,0.1868765916157626
amazon-new-carlisle-in,2023-06-29,4,30.114143213343603,0.6818157307298797,0.9774383914307502,0.1795835845180455
amazon-new-carlisle-in,2023-07-15,0,26.396929630833625,0.8547115281851073,0.9726221169258468,0.2007740077831578
amazon-new-carlisle-in,2023-07-15,1,27.423224536735688,0.7492407000672344,0.970342224717221,0.2092502409653064
amazon-new-carlisle-in,2023-07-15,2,28.021584540751125,0.7420926644407656,0.9701935706524673,0.1949137758662223
amazon-new-carlisle-in,2023-07-15,3,27.017010807224544,0.8062981854946445,0.9775003756335108,0.2030047553770406
amazon-new-carlisle-in,2023-07-15,4,27.113441899619257,0.789121714338912,0.9805979538929956,0.1997829925205416
amazon-new-carlisle-in,2023-07-31,0,27.939970610798756,0.8409742533950367,0.970081687405298,0.2103733826660116
amazon-new-carlisle-in,2023-07-31,1,30.630444563086296,0.7069546128066324,0.966349003021043,0.1990513678910029
amazon-new-carlisle-in,2023-07-31,2,30.384398956446745,0.7342337818564433,0.969459009304836,0.1798727172325908
amazon-new-carlisle-in,2023-07-31,3,28.615813780907395,0.8111474479053719,0.9770910913448908,0.1882952560281048
amazon-new-carlisle-in,2023-07-31,4,28.24861764823898,0.8140041309424509,0.9805171743617346,0.1914548983399404
amazon-new-carlisle-in,2023-08-16,0,27.236241943559364,0.8565146094803057,0.9729197324765732,0.1966155852011678
amazon-new-carlisle-in,2023-08-16,1,29.0025947249651,0.7124690869706244,0.9667183820615216,0.1860429459194833
amazon-new-carlisle-in,2023-08-16,2,28.55647420983611,0.7716223175439254,0.9698243326279368,0.1747218378005771
amazon-new-carlisle-in,2023-08-16,3,27.121669268052713,0.8414565118716365,0.977393836852748,0.1807958893341221
amazon-new-carlisle-in,2023-08-16,4,26.90825861747316,0.8473946000999126,0.9810988351169436,0.182705293678451
amazon-new-carlisle-in,2023-09-01,0,29.60434885247703,0.811840687858542,0.9725523623680622,0.1908700445399618
amazon-new-carlisle-in,2023-09-01,1,31.222557965826237,0.6813193412780966,0.9666423382962752,0.1839059769776554
amazon-new-carlisle-in,2023-09-01,2,30.152276043408232,0.7490431116143814,0.969936245324992,0.1768190328773708
amazon-new-carlisle-in,2023-09-01,3,28.603808012801565,0.816494699815872,0.9771957072324776,0.1781101567895496
amazon-new-carlisle-in,2023-09-01,4,28.38858384837221,0.8279258801201499,0.9809173711984436,0.1771396609390219
amazon-new-carlisle-in,2023-10-03,0,32.210465056526935,0.5197773834182643,0.970028934371276,0.1498130373356661
amazon-new-carlisle-in,2023-10-03,1,32.59125382838664,0.4982568426396099,0.9653340425173844,0.1490058457172298
amazon-new-carlisle-in,2023-10-03,2,32.25372190316208,0.5697534099520888,0.9682241382484844,0.1411827697455821
amazon-new-carlisle-in,2023-10-03,3,31.45920050902546,0.6018090627617921,0.9740785124786556,0.1383041806254346
amazon-new-carlisle-in,2023-10-03,4,31.5321900849128,0.6031164314618295,0.9772398931587134,0.1327281353978492
amazon-new-carlisle-in,2023-11-04,0,18.663904355891862,0.3236976629824641,0.9664588150545924,0.1280902267372627
amazon-new-carlisle-in,2023-11-04,1,18.60114680109291,0.3831094692188515,0.9637711680733222,0.1378737772110863
amazon-new-carlisle-in,2023-11-04,2,18.005094497704917,0.4099750084155995,0.9658080744612314,0.1348392661274996
amazon-new-carlisle-in,2023-11-04,3,17.776621981339428,0.4026220974975378,0.9695291037358534,0.1274429409050764
amazon-new-carlisle-in,2023-11-04,4,18.00643357646933,0.3890998049222241,0.9726039503202524,0.1278784659159527
amazon-new-carlisle-in,2024-02-08,2,6.941023840869588,0.1497223590244211,0.9549217391304348,0.100570471847826
amazon-new-carlisle-in,2024-02-08,3,7.0944862623218174,0.3049606374640422,0.9703043843709525,0.1356997475058182
amazon-new-carlisle-in,2024-02-08,4,7.733975831537918,0.2971114404816275,0.9723160344715424,0.1287775332762816
amazon-new-carlisle-in,2024-02-24,0,-4.568231707069431,-0.012290537969783,0.9914862379149212,0.673039192119289
amazon-new-carlisle-in,2024-02-24,1,-4.849600170026224,-0.00023545699751774624,0.990856998616538,0.6498152083045502
amazon-new-carlisle-in,2024-02-24,2,-5.12679204038345,0.0113075018551146,0.9913408030041904,0.6293613788433721
amazon-new-carlisle-in,2024-02-24,3,-5.473722506842427,0.0095496159513656,0.9914336220472478,0.6672884363985958
amazon-new-carlisle-in,2024-02-24,4,-5.388182335157126,0.0102868709279066,0.9914674437584476,0.6726155559626412
amazon-new-carlisle-in,2024-03-11,0,12.48675249064854,0.276165047078007,0.9668064516424102,0.1401123582221617
amazon-new-carlisle-in,2024-03-11,1,12.916334213189042,0.320020539818089,0.9631441580499636,0.1418983660708138
amazon-new-carlisle-in,2024-03-11,2,12.98349866592072,0.3449684067043741,0.9657426848827724,0.1389595378856528
amazon-new-carlisle-in,2024-03-11,3,12.562958524694048,0.3620258157116247,0.9701753618287684,0.135816751259035
amazon-new-carlisle-in,2024-03-11,4,12.21833174108004,0.3517830279593069,0.973166220629834,0.1261966670857634
amazon-new-carlisle-in,2024-04-12,2,15.75039652873061,0.3391267192913519,0.962256890284856,0.17822768236093
amazon-new-carlisle-in,2024-04-12,3,15.27987120009409,0.4261342775867195,0.9710030656358009,0.1436099484281397
amazon-new-carlisle-in,2024-04-12,4,15.698545526365344,0.3369825089907933,0.9700089192063028,0.160194902219484
amazon-new-carlisle-in,2024-05-30,0,32.62296856184318,0.2900236622307779,0.9676740934790592,0.2057855795277182
amazon-new-carlisle-in,2024-05-30,1,32.08342177886028,0.422035978709523,0.9646993991151565,0.1887757580921863
amazon-new-carlisle-in,2024-05-30,2,30.589139366338188,0.5106895797243076,0.9678477478746764,0.185368765234741
amazon-new-carlisle-in,2024-05-30,3,30.549496375860556,0.4697470527508186,0.9722051986840466,0.1797489980574812
amazon-new-carlisle-in,2024-05-30,4,31.215155490619708,0.4686828262555815,0.9752617347329778,0.1586376343244533
amazon-new-carlisle-in,2024-06-15,1,-0.6499544919530915,0.4669896578160338,0.971981640625,0.1933721434472656
amazon-new-carlisle-in,2024-06-15,2,-3.5161954475313237,0.5391198183991467,0.9748571299720392,0.2000976711418778
amazon-new-carlisle-in,2024-06-15,3,1.8508153326967347,0.4515702391112725,0.9710270758776895,0.1891675286701019
amazon-new-carlisle-in,2024-06-15,4,19.836636514600947,0.4888276078627291,0.974801684834632,0.2017146279236519
amazon-new-carlisle-in,2024-07-01,0,31.99356895856308,0.430572899103108,0.9697805350881132,0.1979001264211372
amazon-new-carlisle-in,2024-07-01,1,31.606727239766617,0.5119622029557722,0.965662894227236,0.188936332313207
amazon-new-carlisle-in,2024-07-01,2,30.172516718128804,0.6301392306618278,0.9686153519064448,0.1861544702381876
amazon-new-carlisle-in,2024-07-01,3,29.243578281119145,0.6607176871752855,0.9743924399013056,0.178228518361112
amazon-new-carlisle-in,2024-07-01,4,29.04164615212954,0.7233242570059991,0.9787238256880608,0.1651298888147368
amazon-new-carlisle-in,2024-07-17,0,31.547805934212715,0.4841794655220791,0.9705155411118588,0.1829263016566356
amazon-new-carlisle-in,2024-07-17,1,31.23594461162207,0.5885816433638934,0.966440454029794,0.1758168827936712
amazon-new-carlisle-in,2024-07-17,2,30.008374549345252,0.7241419062644536,0.9695370155798594,0.1790942550495649
amazon-new-carlisle-in,2024-07-17,3,28.874265441300345,0.7776581991429222,0.976256336564637,0.1753279155147969
amazon-new-carlisle-in,2024-07-17,4,28.317183479590643,0.8336557079874949,0.9808681381162668,0.1758145415571539
amazon-new-carlisle-in,2024-09-03,0,28.515523983276776,0.4387436416716618,0.9705132960242956,0.1964103544213285
amazon-new-carlisle-in,2024-09-03,1,28.36757055795033,0.5281500657310069,0.9653181836127904,0.1707047834299263
amazon-new-carlisle-in,2024-09-03,2,27.810668954759542,0.6573594554218698,0.9687959756539776,0.1624329941213275
amazon-new-carlisle-in,2024-09-03,3,26.951841189988716,0.7037687049910095,0.975124531087992,0.1598444387928617
amazon-new-carlisle-in,2024-09-03,4,25.948881699792793,0.7706521869499781,0.9798087749613904,0.157859165563537
amazon-new-carlisle-in,2024-09-19,0,34.39400579138768,0.3830830163015273,0.9686933597271526,0.1933792305763902
amazon-new-carlisle-in,2024-09-19,1,35.648266830072345,0.4189335321647207,0.9642401253846662,0.1727651449419804
amazon-new-carlisle-in,2024-09-19,2,35.57852420183231,0.490035036032531,0.966712254562042,0.1604758851138837
amazon-new-carlisle-in,2024-09-19,3,34.85517347215413,0.5272854518036711,0.9716775592964184,0.1597003277808042
amazon-new-carlisle-in,2024-09-19,4,33.360251681982675,0.6034707636522224,0.9761402719043724,0.1521861372707056
amazon-new-carlisle-in,2024-10-05,0,24.85271321927136,0.3470594562208688,0.9686050987402052,0.1857109788761445
amazon-new-carlisle-in,2024-10-05,1,25.47039828658724,0.4099655672196212,0.964140602332922,0.1608484859758166
amazon-new-carlisle-in,2024-10-05,2,25.14627325945934,0.4650192299354369,0.9671655807583922,0.1392443894234355
amazon-new-carlisle-in,2024-10-05,3,24.480496519417812,0.4821139206691232,0.9715285182898872,0.1307336581148925
amazon-new-carlisle-in,2024-10-05,4,23.729132306138982,0.5301410056491337,0.975774187675409,0.1310112683479572
amazon-new-carlisle-in,2024-10-21,0,23.881461973196412,0.2838466160511572,0.967281205937813,0.1814590278480611
amazon-new-carlisle-in,2024-10-21,1,24.696444126979593,0.3751843889615189,0.9642104685155845,0.1630959872303805
amazon-new-carlisle-in,2024-10-21,2,25.005276840791563,0.4218780258432938,0.9668266538538977,0.1507023749617373
amazon-new-carlisle-in,2024-10-21,3,24.58409680775042,0.4439144525904944,0.9713984102396152,0.1460016707518813
amazon-new-carlisle-in,2024-10-21,4,24.295345221622163,0.4665759914262328,0.9750185351317312,0.1451933759706748
amazon-new-carlisle-in,2024-12-08,0,8.748760734251885,0.2745630859358283,0.9680593583361146,0.148017221151532
amazon-new-carlisle-in,2024-12-08,1,8.518431058384584,0.3553910081896322,0.9654272668076888,0.1323977685237306
amazon-new-carlisle-in,2024-12-08,2,8.81880987297716,0.3643051954380638,0.965430687130634,0.1179663534147255
amazon-new-carlisle-in,2024-12-08,3,8.628624449656924,0.4002241377212823,0.9700143380914056,0.1215082928044281
amazon-new-carlisle-in,2024-12-08,4,8.757109525948541,0.413176324554206,0.9738028364168996,0.1194707023647449
amazon-new-carlisle-in,2025-01-09,0,-3.001368133277361,0.0961361303700589,0.9713178706848618,0.3222605631237361
amazon-new-carlisle-in,2025-01-09,1,-3.451481888207107,0.1374059193333153,0.9749064009802978,0.3417484169001411
amazon-new-carlisle-in,2025-01-09,2,-3.143614357749609,0.1563766887670558,0.9737991276306264,0.3185823437676756
amazon-new-carlisle-in,2025-01-09,3,-3.3025689432878513,0.1748499324377125,0.9768090220020988,0.3232729508714811
amazon-new-carlisle-in,2025-01-09,4,-3.47060822896103,0.178343865123522,0.9793051107751508,0.3358563733912365
amazon-new-carlisle-in,2025-01-25,0,-4.713042159355608,-0.0162488830964511,0.9915,0.4651378385770245
amazon-new-carlisle-in,2025-01-25,1,-5.154401179072578,-0.0089686146083517,0.9909344815910376,0.5651389330804335
amazon-new-carlisle-in,2025-01-25,2,-5.202955565142824,-0.0104221995204954,0.9912473422588102,0.530044837238529
amazon-new-carlisle-in,2025-01-25,3,-5.319662102706048,-0.0214716629923427,0.9914480521333796,0.5472390233435481
amazon-new-carlisle-in,2025-01-25,4,-4.890774325632619,-0.0156592096512095,0.9914781611187168,0.5688480074462207
amazon-new-carlisle-in,2025-02-10,0,0.2369760763658156,0.1083691316619077,0.9747976787294428,0.2648317847652065
amazon-new-carlisle-in,2025-02-10,1,0.0682975101182647,0.1422862875904364,0.974864338029838,0.2665159883704115
amazon-new-carlisle-in,2025-02-10,2,0.3049235518672191,0.1533189387736583,0.9741378462909892,0.2508462608089011
amazon-new-carlisle-in,2025-02-10,3,0.5952682095624756,0.1799016925451917,0.974722907623809,0.2341272966329551
amazon-new-carlisle-in,2025-02-10,4,0.97608049418726,0.2041119707701602,0.974848742842654,0.2047213288649826
amazon-new-carlisle-in,2025-06-02,0,37.19368233798775,0.2521662942451121,0.9672434209746942,0.2322614903276076
amazon-new-carlisle-in,2025-06-02,1,37.35642191610427,0.3586140503186207,0.9638039570846596,0.1994396805835092
amazon-new-carlisle-in,2025-06-02,2,36.416767680978694,0.4513728589877411,0.9674682117586022,0.1966162502311038
amazon-new-carlisle-in,2025-06-02,3,36.95224012989921,0.4434578906595567,0.97181375631183,0.1916997289281536
amazon-new-carlisle-in,2025-06-02,4,38.84027319060317,0.4533818097900192,0.9751992866540548,0.1699211148398174
amazon-new-carlisle-in,2025-08-05,0,35.57479567840367,0.2342003382520039,0.9679068036246002,0.25095529093025
amazon-new-carlisle-in,2025-08-05,1,33.328317580106635,0.5599349011392146,0.9702968125739262,0.2270937569781731
amazon-new-carlisle-in,2025-08-05,2,31.53207174329542,0.7102512276561569,0.9696999558922936,0.2082604439324473
amazon-new-carlisle-in,2025-08-05,3,31.697759085220795,0.6862097017001327,0.973712663671194,0.2071594420147823
amazon-new-carlisle-in,2025-08-05,4,29.39697174683517,0.8437205952224963,0.9801486548699028,0.2033348132755755
amazon-new-carlisle-in,2025-08-21,0,27.416438402721912,0.3246964376036941,0.9718988823142668,0.103905152103879
amazon-new-carlisle-in,2025-08-21,1,25.542336666152373,0.673348174812446,0.9749569894236292,0.1614943799090684
amazon-new-carlisle-in,2025-08-21,2,25.309540274525265,0.7434653506426142,0.9648773305236994,0.1855612849173787
amazon-new-carlisle-in,2025-08-21,3,24.27699187950483,0.8030014464422205,0.9755374691925468,0.2129292726340616
amazon-new-carlisle-in,2025-08-21,4,24.65118083716066,0.8491353591618594,0.979586199956376,0.2237108423765356
amazon-new-carlisle-in,2025-09-06,0,24.87519866264292,0.1597135172152607,0.9640103840476948,0.2796183932982662
amazon-new-carlisle-in,2025-09-06,1,22.36507072370364,0.4831218264586931,0.9643296893642704,0.1971128460420966
amazon-new-carlisle-in,2025-09-06,2,21.936731081713,0.6788435159567108,0.9665876461549496,0.1209159725749477
amazon-new-carlisle-in,2025-09-06,3,18.988453483438157,0.7632818209153405,0.9745030548690388,0.1785936597211107
amazon-new-carlisle-in,2025-09-06,4,19.22545736127359,0.8385599508738095,0.9771579755321156,0.2044492633275831
amazon-new-carlisle-in,2025-10-08,0,21.67440148043793,0.2681357412710576,0.9668109481170382,0.1713113196471268
amazon-new-carlisle-in,2025-10-08,1,21.086471560142996,0.3995731202637092,0.963360412587434,0.1422283907199958
amazon-new-carlisle-in,2025-10-08,2,20.770110394382787,0.4920026000692989,0.9668078228038708,0.1366617624318984
amazon-new-carlisle-in,2025-10-08,3,20.312808482195457,0.502028465221675,0.9712895314024426,0.132134123657427
amazon-new-carlisle-in,2025-10-08,4,20.008650065916992,0.5508815519467063,0.9751759700637618,0.1242397507062934
amazon-new-carlisle-in,2026-01-12,0,-4.8846695530803315,0.109664376160654,0.9915,0.3040086435770089
amazon-new-carlisle-in,2026-01-12,1,-2.303344037764929,0.1767206987086615,0.9720360381502166,0.2208127445541531
amazon-new-carlisle-in,2026-01-12,2,-0.2723912823005303,0.217259136475785,0.965136533686124,0.1758427338593148
amazon-new-carlisle-in,2026-01-12,3,0.4194449851210943,0.270561314365129,0.969354365439696,0.1763928755023743
amazon-new-carlisle-in,2026-01-12,4,-0.0469952271465107,0.2763689846787768,0.9728501653042536,0.1759073167338814
amazon-new-carlisle-in,2026-01-28,3,-16.48578801999999,-0.05678421653965,0.9915,0.7914640033333334
amazon-new-carlisle-in,2026-01-28,4,-15.959615454648723,-0.0490894461139923,0.9915,0.5889737658304081
amazon-new-carlisle-in,2026-02-13,0,1.1210833023768207,-0.0006201915348651063,0.9867325824635492,0.4459730583871431
amazon-new-carlisle-in,2026-02-13,1,0.2432807608892814,-0.042496520573769,0.9898737636873132,0.6133032813565512
amazon-new-carlisle-in,2026-02-13,2,0.2621669050282609,-0.030588277256586,0.9906358862270942,0.6074240649244119
amazon-new-carlisle-in,2026-02-13,3,0.2783433662079792,-0.0301754126945325,0.9907799282356524,0.6196079642856769
amazon-new-carlisle-in,2026-02-13,4,0.2803448599858143,-0.0358893905961555,0.9911010961708686,0.6384655757715794
amazon-new-carlisle-in,2026-03-01,0,6.680504729142933,0.1693233634719496,0.9659705886104136,0.1929777940539049
amazon-new-carlisle-in,2026-03-01,1,6.747586860673154,0.2511326172640561,0.9631212144331798,0.1610798609209186
amazon-new-carlisle-in,2026-03-01,2,6.668705329510909,0.2847665159069912,0.9651435869629158,0.145017369446289
amazon-new-carlisle-in,2026-03-01,3,6.45052451577516,0.3086949487445758,0.9694491693352504,0.1446751856943416
amazon-new-carlisle-in,2026-03-01,4,6.220206577375078,0.3136147631956297,0.9728886413541696,0.1372357806823105
amazon-new-carlisle-in,2026-05-04,0,30.574196050432786,0.2394946200477827,0.9671549871201528,0.2322159987958832
amazon-new-carlisle-in,2026-05-04,1,29.72214067507157,0.4026375807335701,0.9649699478095272,0.1874674293877113
amazon-new-carlisle-in,2026-05-04,2,29.483561378292467,0.4581111773519995,0.967419176648301,0.1863206254563782
amazon-new-carlisle-in,2026-05-04,3,29.200154967967663,0.4457665096170537,0.9719679293567564,0.186424867494315
amazon-new-carlisle-in,2026-05-04,4,29.331928920720912,0.4575924655819421,0.9752984662656748,0.1734886371104576
amazon-new-carlisle-in,2026-07-07,0,39.681939903271854,0.3378430573121062,0.9681746476173032,0.225624528892585
amazon-new-carlisle-in,2026-07-07,1,37.1091526359608,0.5052488703297259,0.9652025259928144,0.1820489222858912
amazon-new-carlisle-in,2026-07-07,2,34.98728054427436,0.6596828121739171,0.9685009890107406,0.1815367362584846
amazon-new-carlisle-in,2026-07-07,3,34.346144314699934,0.6750554955775621,0.9741552101213368,0.1739968006295444
amazon-new-carlisle-in,2026-07-07,4,33.690465903934026,0.7398410802851748,0.9787546791353896,0.1621710316629742
amazon-new-carlisle-in,2026-07-23,0,36.5502589264257,0.3577555499320063,0.9690989480876984,0.278663158385372
amazon-new-carlisle-in,2026-07-23,1,31.4144211668758,0.5845338987099542,0.9694945284946584,0.2355103029180467
amazon-new-carlisle-in,2026-07-23,2,29.229205534660135,0.7119989372417851,0.9692539343321798,0.2139472882942033
amazon-new-carlisle-in,2026-07-23,3,30.3692461066732,0.7022335920199461,0.9746461953163088,0.2143340430137015
amazon-new-carlisle-in,2026-07-23,4,26.709477132907065,0.8225243540266027,0.9796210670326022,0.2062395389983019
amazon-new-carlisle-in,2026-08-08,1,29.770253341335422,0.8113726020928033,0.9668836973922024,0.2740645007251484
amazon-new-carlisle-in,2026-08-08,2,31.20098107437575,0.7667370719499915,0.9683439712880378,0.2186210333691879
amazon-new-carlisle-in,2026-08-08,3,30.785945597185886,0.7589032286252644,0.9754657890835606,0.2083034483518108
amazon-new-carlisle-in,2026-08-08,4,30.50446027944952,0.8097302714380991,0.9798913895609116,0.2002562875520903
amazon-new-carlisle-in,2026-08-24,0,31.13154045546584,0.3273584068860142,0.9680206511042702,0.2689357819558662
amazon-new-carlisle-in,2026-08-24,1,27.758922803795972,0.6132337755561277,0.9659248138276876,0.2493518315899867
amazon-new-carlisle-in,2026-08-24,2,25.50499146437914,0.7834106010100438,0.9698164277780176,0.2009471744462597
amazon-new-carlisle-in,2026-08-24,3,24.391253912715,0.8261634050111962,0.976693991465119,0.2174939122434828
amazon-new-carlisle-in,2026-08-24,4,25.194861924043195,0.8222958341934364,0.9807721037393792,0.1996024486380005
