site_id,date,ring,lst_c,ndvi,emissivity,albedo
google-bristow-va,2013-04-02,0,16.514437198762938,0.4657939521804357,0.9738828841803022,0.1223651689960385
google-bristow-va,2013-04-02,1,17.089773087646208,0.3975658333274622,0.9730070532808562,0.1321031437929313
google-bristow-va,2013-04-02,2,18.504045329313865,0.3994731385478288,0.9695738697059184,0.1386910679423365
google-bristow-va,2013-04-02,3,18.49306721124576,0.394308562066179,0.9685245633058832,0.1384428352623199
google-bristow-va,2013-04-02,4,17.73497898698812,0.3968398619328058,0.9698100409568758,0.1391374620055567
google-bristow-va,2013-04-21,0,16.43220300840853,0.5906352410323983,0.9781118459190083,0.1334925625199097
google-bristow-va,2013-04-21,1,18.31222877324152,0.5183349893561044,0.976112974402231,0.1400820960220368
google-bristow-va,2013-04-21,2,20.58675907751065,0.5236972308257818,0.972136901571509,0.1474657801463433
google-bristow-va,2013-04-21,3,20.36526163075454,0.5237992122793445,0.971202687217741,0.1505683011805495
google-bristow-va,2013-04-21,4,19.269129720503116,0.5511657856099605,0.9729483151932328,0.1501672070897384
google-bristow-va,2013-06-24,1,27.90998485139248,0.7514650157166596,0.97986952090563,0.2127964700241105
google-bristow-va,2013-06-24,2,34.14396772883363,0.6653189640534075,0.9723403835905582,0.206608772179974
google-bristow-va,2013-06-24,3,35.57266892987966,0.6519944612521561,0.9739907932481716,0.1889699848445461
google-bristow-va,2013-06-24,4,32.98263326821618,0.7356265463343492,0.9777476597646124,0.1955257355080778
google-bristow-va,2013-07-26,1,28.69900883311383,0.7862530906303652,0.9830337816781004,0.1841063697802011
google-bristow-va,2013-07-26,2,34.82422071653899,0.669084136600458,0.9721984888032396,0.1792753110567387
google-bristow-va,2013-07-26,3,34.92951370326439,0.6636934877404124,0.9718235042256408,0.1678143468450061
google-bristow-va,2013-07-26,4,32.901901067482974,0.6612598219475805,0.9750663204491218,0.1765384811397827
google-bristow-va,2013-08-27,0,30.567281072839087,0.7973980677204214,0.979347785621328,0.1395049534835056
google-bristow-va,2013-08-27,1,33.14358574570046,0.7212015767358133,0.978223831997369,0.1580332019875586
google-bristow-va,2013-08-27,2,37.08320306927451,0.6609456751454517,0.9729694593802736,0.1519578587154286
google-bristow-va,2013-08-27,3,37.88441879806257,0.6209079282288298,0.9715504311649564,0.1527554887890297
google-bristow-va,2013-08-27,4,36.5244204334883,0.6598266085145419,0.9729804060907314,0.1593802793406256
google-bristow-va,2013-09-12,0,32.99826129412133,0.7941632843264534,0.9807824346475716,0.1284203109336027
google-bristow-va,2013-09-12,1,34.6648201559759,0.7062343254726504,0.9778476599909868,0.1263425149321676
google-bristow-va,2013-09-12,2,37.16839141356133,0.6158016519827897,0.9721431432736442,0.1482474966735149
google-bristow-va,2013-09-12,3,39.35215027286439,0.5691791559931524,0.9703153731109424,0.1447353920845702
google-bristow-va,2013-09-12,4,38.16079896401225,0.6128219597462475,0.9719421496784892,0.1447901867384845
google-bristow-va,2013-09-28,4,25.52236138399998,0.3565483086509529,0.9584,0.103856427
google-bristow-va,2013-10-14,0,17.45846969425968,0.7462249086121049,0.980473810455911,0.1389246342693368
google-bristow-va,2013-10-14,1,18.45052261765886,0.6722723565694649,0.9767093703959486,0.1344787727314286
google-bristow-va,2013-10-14,2,20.46840649291617,0.6149281553580234,0.9713027335292072,0.1313177499940594
google-bristow-va,2013-10-14,3,21.29250603060821,0.5864628039522116,0.9710133313667676,0.1294575654580503
google-bristow-va,2013-10-14,4,20.92842459676902,0.6220891877678439,0.972491081596658,0.1287060154108491
google-bristow-va,2013-11-15,1,6.207886617336772,0.427295588223648,0.9597056338028168,0.1695794311619718
google-bristow-va,2013-11-15,2,7.598885694241642,0.3930315691214992,0.9694053215585838,0.1396927651155646
google-bristow-va,2013-11-15,3,9.208093382665096,0.4462584669194717,0.9684554412017627,0.1305799018523048
google-bristow-va,2013-11-15,4,9.931759194198854,0.4467707008164127,0.9687926300700606,0.135395934384701
google-bristow-va,2014-01-18,0,0.1015312971199284,0.4986619597637687,0.9753905882299486,0.1048465021667582
google-bristow-va,2014-01-18,1,0.3104149268622148,0.4290509007521326,0.9744067480823358,0.1096227781797128
google-bristow-va,2014-01-18,2,1.6754777865587789,0.3889011167603499,0.9701761426431575,0.117463116831888
google-bristow-va,2014-01-18,3,1.9509309210124255,0.3856612235663528,0.968923595376008,0.1178805951533241
google-bristow-va,2014-01-18,4,1.6422568228497394,0.37135992440575,0.9701025838266892,0.1183197590753803
google-bristow-va,2014-04-08,0,10.666945414642566,0.4121518949561216,0.9724811392715672,0.1465112303896658
google-bristow-va,2014-04-08,1,8.686348779361685,0.3801068519670647,0.974067362440124,0.1487881539853437
google-bristow-va,2014-04-08,2,11.239173812410067,0.366468493501037,0.9702225998121664,0.1493194981276616
google-bristow-va,2014-04-08,3,13.592341951134088,0.3543830753377449,0.9687039674941618,0.1462977304117848
google-bristow-va,2014-04-08,4,11.747324460728398,0.3703972292824037,0.9689806708252872,0.1465929367348953
google-bristow-va,2014-04-24,0,22.554720393843866,0.5011321528379945,0.976265006496516,0.1411376186089503
google-bristow-va,2014-04-24,1,24.122787174515903,0.4321000432936498,0.9747498471221256,0.1488462234777446
google-bristow-va,2014-04-24,2,25.99734045371607,0.4444575210495565,0.97073819497471,0.1542638946028325
google-bristow-va,2014-04-24,3,25.90988752373125,0.4588926927960856,0.9700169922608648,0.1521379186339621
google-bristow-va,2014-04-24,4,24.78036051353319,0.466492309614597,0.9713470698755424,0.1523008276541571
google-bristow-va,2014-05-26,0,23.46827846814723,0.8175931525871355,0.9842431473118952,0.1802222779215806
google-bristow-va,2014-05-26,1,26.03132293707132,0.7122516452010201,0.9806787179460004,0.1780716814442225
google-bristow-va,2014-05-26,2,29.52206960979658,0.6241834436258534,0.9733026169410226,0.1723858535010816
google-bristow-va,2014-05-26,3,29.968738631564012,0.5952215414331643,0.9720914526485532,0.1691902824864225
google-bristow-va,2014-05-26,4,28.221052987862283,0.6391500052919183,0.9737013589736938,0.1735002308627394
google-bristow-va,2014-06-11,0,11.566018652092575,0.7816978643191523,0.9818291974066622,0.1998988089755197
google-bristow-va,2014-06-11,1,11.143635639968675,0.7772259510287913,0.9829361716520106,0.1981167524836663
google-bristow-va,2014-06-11,2,15.17894322868693,0.7542461693524345,0.9822854548019612,0.1903628295561757
google-bristow-va,2014-06-11,3,20.155456070989523,0.6589274755295289,0.970798744366594,0.1768307109235834
google-bristow-va,2014-06-11,4,19.215513620676028,0.6887481508419376,0.9727769516736408,0.1856727966094206
google-bristow-va,2014-06-27,0,30.74022959085943,0.8614913514490901,0.9831767960820992,0.1773430722749162
google-bristow-va,2014-06-27,1,33.759860394386436,0.7655864115776634,0.98000614164097,0.1753829542454664
google-bristow-va,2014-06-27,2,37.98721655952296,0.6629520067317463,0.9729437739574944,0.1718622680698775
google-bristow-va,2014-06-27,3,39.24679346440158,0.6248288204227264,0.9715331593481454,0.1716066675577305
google-bristow-va,2014-06-27,4,36.45256726890265,0.675155179495955,0.9738156295833904,0.1770847760109738
google-bristow-va,2014-07-29,0,22.11336580898358,0.783518131834309,0.981231955587458,0.1521040669008666
google-bristow-va,2014-07-29,1,24.4729249228174,0.7169307655831975,0.9790776949998636,0.1558531191895629
google-bristow-va,2014-07-29,2,28.116648738506917,0.646835612267792,0.9727789061331354,0.1593671221182581
google-bristow-va,2014-07-29,3,28.78536775592369,0.6319338000352782,0.9717889858415648,0.1587257986073479
google-bristow-va,2014-07-29,4,27.34145118815179,0.6689332790548007,0.9735437671276216,0.1612022754586841
google-bristow-va,2014-08-14,0,25.8859449096975,0.8510989052670346,0.9843189589220332,0.146325337337519
google-bristow-va,2014-08-14,1,28.045972896161985,0.7598654930529607,0.9811584158550803,0.1497158842950428
google-bristow-va,2014-08-14,2,31.51924214176982,0.671888845136503,0.9737568557032982,0.1516611424351273
google-bristow-va,2014-08-14,3,32.25782828384218,0.6408674260722222,0.9726148333507404,0.1522474945335499
google-bristow-va,2014-08-14,4,30.73910395370205,0.6879851907124568,0.9746523281929677,0.1547887605920999
google-bristow-va,2014-09-15,0,22.655522394528894,0.8599113701465511,0.9821770891484146,0.1403386302878841
google-bristow-va,2014-09-15,1,25.024588567995185,0.7480522811814926,0.979355826082193,0.1458922233159632
google-bristow-va,2014-09-15,2,27.339678047748965,0.6552593743947089,0.9716449762912968,0.158058483229048
google-bristow-va,2014-09-15,3,28.06893519285512,0.6584616116211521,0.972425275346394,0.153370677389642
google-bristow-va,2014-09-15,4,26.82294172706095,0.6806465502253284,0.973336986808712,0.151834755988256
google-bristow-va,2014-10-01,2,26.94551672652992,0.5845911696110927,0.967941632506632,0.2161721801918157
google-bristow-va,2014-10-01,3,27.769998394055715,0.6308934987018586,0.9650081538086872,0.1546418659812974
google-bristow-va,2014-10-01,4,27.451697112346334,0.6635764250898634,0.9639160658694036,0.1322228835078915
google-bristow-va,2014-10-17,0,21.360034126448586,0.7700157901308433,0.9800911243060546,0.1076833020731948
google-bristow-va,2014-10-17,1,22.411053568300066,0.6702353929124065,0.9776279880056608,0.1107928954938907
google-bristow-va,2014-10-17,2,24.662877289699633,0.6130352107712776,0.9719068093915608,0.1166621861122776
google-bristow-va,2014-10-17,3,25.11204743592691,0.592908541861784,0.9708066870356844,0.1185775386824648
google-bristow-va,2014-10-17,4,24.178797844865425,0.6192544170093155,0.9725121263452297,0.1190555434403674
google-bristow-va,2014-11-02,2,7.789126740800015,0.5408637345765596,0.969888,0.1060610473666666
google-bristow-va,2014-11-02,3,7.9183489307692545,0.4791334823457421,0.9735076923076924,0.1743555202884615
google-bristow-va,2014-11-02,4,6.564241222444173,0.633938587831994,0.9729730672447544,0.216109751143586
google-bristow-va,2014-11-18,0,1.7578246298401052,0.5535968780152687,0.975064381831562,0.1072376627224375
google-bristow-va,2014-11-18,1,2.336777212105124,0.4946514596266256,0.9745765378571628,0.1118017256542833
google-bristow-va,2014-11-18,2,4.018518205433336,0.4806466290988241,0.9703123205921564,0.1196302514883855
google-bristow-va,2014-11-18,3,4.2595015108361975,0.4861065937154717,0.969265015269892,0.1199701263908088
google-bristow-va,2014-11-18,4,3.8985232707133712,0.4814240794647214,0.970579450666766,0.1210412321316186
google-bristow-va,2015-01-05,0,4.962825343222293,0.5155731697191065,0.9737334216193132,0.0959038301277269
google-bristow-va,2015-01-05,1,5.117754268366661,0.4469341072328981,0.9734679463482944,0.0999026615681556
google-bristow-va,2015-01-05,2,6.121237126390423,0.4253160341439509,0.9694987727253204,0.1088811589662162
google-bristow-va,2015-01-05,3,6.20854341748047,0.4265867036063718,0.9683645723468084,0.1098959302730638
google-bristow-va,2015-01-05,4,6.022410919076653,0.4136362354858592,0.969496556867926,0.1100419122458913
google-bristow-va,2015-02-06,0,-0.238342202821557,0.4246677351958159,0.974769091123852,0.1303661360598749
google-bristow-va,2015-02-06,1,0.2280635622916816,0.3799284894064629,0.9736541520391448,0.1226698794524344
google-bristow-va,2015-02-06,2,1.5792175156801251,0.3641526886697228,0.9695652782608836,0.1199393839387463
google-bristow-va,2015-02-06,3,1.646565963126087,0.3654588466902653,0.9687105250916074,0.1254185372387632
google-bristow-va,2015-02-06,4,0.7591557895424841,0.3653352530156671,0.968204638817178,0.1161920070002959
google-bristow-va,2015-03-26,0,13.301711926021156,0.0209006637907023,0.9659886601731782,0.6848657548418572
google-bristow-va,2015-03-26,1,13.251133823259304,0.0255758696108507,0.9672305720918764,0.6592328659854375
google-bristow-va,2015-03-26,2,13.293989591332702,0.0267839986413993,0.9658963482985464,0.6644575836560538
google-bristow-va,2015-03-26,3,13.187232717161796,0.0298902556774304,0.9647286437413328,0.6428657263132741
google-bristow-va,2015-03-26,4,13.035459231063284,0.0493993528298414,0.9654246416877168,0.6030442603233952
google-bristow-va,2015-04-11,0,23.463588430664103,0.4588978369020809,0.9746515609809284,0.1336629708974277
google-bristow-va,2015-04-11,1,23.74843090396833,0.394775750386059,0.9731245885753574,0.1388832132299215
google-bristow-va,2015-04-11,2,25.006449836491665,0.4146829422932028,0.9699190706311936,0.1415039802548502
google-bristow-va,2015-04-11,3,24.659565894954724,0.4248733831640585,0.9691963523543964,0.1413411416333861
google-bristow-va,2015-04-11,4,23.68258776761729,0.4308603175901871,0.9704983485275523,0.1402597473297938
google-bristow-va,2015-04-27,3,21.200724606593152,0.6869840823219313,0.98142947106462,0.2080625571689408
google-bristow-va,2015-04-27,4,22.559284542222915,0.5262622352978426,0.976313668441586,0.1703891612320086
google-bristow-va,2015-05-13,0,19.063727016688805,0.8164612107644341,0.9836959925395716,0.2194680131166667
google-bristow-va,2015-05-13,1,21.790732760514892,0.7328695615677188,0.9816685787095722,0.2192173805086583
google-bristow-va,2015-05-13,2,25.47750633580896,0.6457896469138911,0.9716164425081611,0.1926632557418812
google-bristow-va,2015-05-13,3,25.524785558492464,0.6093992741275107,0.9712491341016846,0.1878780084400305
google-bristow-va,2015-05-13,4,24.108615939448544,0.7407282748653864,0.978209167240234,0.2093511386150864
google-bristow-va,2015-05-29,2,23.302180649211465,0.7179176951906112,0.981933810188416,0.223252012128402
google-bristow-va,2015-05-29,3,23.727878505931866,0.698402938867505,0.9786134618834086,0.2259202014547086
google-bristow-va,2015-06-14,0,34.114010581513554,0.8400849441684286,0.9827247017508796,0.1731241378508004
google-bristow-va,2015-06-14,1,36.53556856773935,0.7424680825611039,0.9797155977835345,0.1698478994367104
google-bristow-va,2015-06-14,2,40.38353012507488,0.6635148990653645,0.972935065609678,0.1651539576896666
google-bristow-va,2015-06-14,3,40.8601713069757,0.6301891768853346,0.9716824511403422,0.164640432139283
google-bristow-va,2015-06-14,4,39.10489849383911,0.6815223122070961,0.9732817702212482,0.1677085383525439
google-bristow-va,2015-06-30,2,32.710662378182484,0.6107658189461629,0.9707195817199484,0.1485675392667364
google-bristow-va,2015-06-30,3,34.30698607339776,0.6380823759302373,0.9727256653555604,0.1658508531949091
google-bristow-va,2015-06-30,4,32.5820264813189,0.6880270215475807,0.9756718603050748,0.1823602567682194
google-bristow-va,2015-07-16,0,25.28408010254839,0.7766592881433068,0.9811025485181476,0.1784129179471068
google-bristow-va,2015-07-16,1,26.858394163856236,0.7470344185700442,0.9800018947948348,0.1824759339233849
google-bristow-va,2015-07-16,2,30.649438447426384,0.6489715071427186,0.973678383633276,0.1728711659293405
google-bristow-va,2015-07-16,3,30.972709072329614,0.6519389695729823,0.9724692255759142,0.1697529038077803
google-bristow-va,2015-07-16,4,29.93841813243063,0.6984485357935327,0.9734758262499518,0.1710268058962608
google-bristow-va,2015-08-01,0,31.110178424226252,0.7518041182783892,0.9798094925009234,0.158488180064574
google-bristow-va,2015-08-01,1,34.5466543860896,0.6942735002097418,0.977712761369484,0.1626373976416052
google-bristow-va,2015-08-01,2,37.67874842459816,0.6640455301881707,0.9724869727408334,0.1597687028890379
google-bristow-va,2015-08-01,3,38.08270017065495,0.6547057674204478,0.9715850171766448,0.162826737113941
google-bristow-va,2015-08-01,4,35.67161857716916,0.69188232708524,0.9725626775308196,0.1660761908236549
google-bristow-va,2015-08-17,0,38.31057672606373,0.7415492441924192,0.9818444856849512,0.1484989753807389
google-bristow-va,2015-08-17,1,39.16415435428418,0.7092713809189278,0.9801588806219916,0.1504738094284797
google-bristow-va,2015-08-17,2,42.100861829204945,0.6492629491830667,0.973516080032372,0.1500771503667989
google-bristow-va,2015-08-17,3,42.37427191559301,0.6175302119041916,0.9723509815733294,0.1508751538997083
google-bristow-va,2015-08-17,4,40.37572288645349,0.6651671962955212,0.974340572375306,0.1518265755075369
google-bristow-va,2015-09-18,0,31.565100498144343,0.6734085526276684,0.9790331026994604,0.1334320396927786
google-bristow-va,2015-09-18,1,31.261577476490512,0.6877424397140942,0.9788659690367408,0.1358055140449864
google-bristow-va,2015-09-18,2,33.42830548864747,0.647690824109306,0.9729607983551604,0.1370908731220715
google-bristow-va,2015-09-18,3,33.91686910886143,0.609095905424528,0.9716855318483304,0.1378295443927262
google-bristow-va,2015-09-18,4,32.775883255707484,0.6318577123638585,0.9733734877888852,0.1382492133669254
google-bristow-va,2015-10-20,0,19.59945756533599,0.5203756215954667,0.975015701578244,0.1368683859383602
google-bristow-va,2015-10-20,1,18.22454679866285,0.595276548282616,0.976102411366421,0.1287474749241706
google-bristow-va,2015-10-20,2,19.85459234637926,0.5807462244832758,0.9714228395592251,0.1323836855959141
google-bristow-va,2015-10-20,3,20.05003148405031,0.5528952714999784,0.9700263119702948,0.1354664846924823
google-bristow-va,2015-10-20,4,18.66411895268251,0.5789463826016895,0.9713916254211746,0.1399590801887964
google-bristow-va,2015-11-05,0,23.730817507108984,0.4486721803118407,0.974245753620354,0.1139755515867905
google-bristow-va,2015-11-05,1,22.997247608668964,0.489724733241087,0.974967109773506,0.1065914333729499
google-bristow-va,2015-11-05,2,24.18033576598807,0.517896968335724,0.9711469035207736,0.1115790554976828
google-bristow-va,2015-11-05,3,24.44530428767605,0.5098940643428251,0.9701285077850836,0.1125438587467272
google-bristow-va,2015-11-05,4,23.6108444107152,0.5090464246683017,0.9716342294890276,0.1135236640665325
google-bristow-va,2015-11-21,0,13.27272246235421,0.4095302635674682,0.9721252793785222,0.1131509632865578
google-bristow-va,2015-11-21,1,12.877594875802991,0.4377496131759095,0.9729924241574608,0.1093523438570272
google-bristow-va,2015-11-21,2,13.794503313961304,0.4727967055618909,0.969927126839629,0.1149847439898763
google-bristow-va,2015-11-21,3,13.701580491168809,0.4785961766934131,0.9690456577857156,0.115697528139738
google-bristow-va,2015-11-21,4,13.316714327308024,0.4710969503702458,0.9703439899579814,0.116143467054917
google-bristow-va,2015-12-07,0,12.038823073344243,0.3918034341506081,0.971551342847256,0.1098488585220142
google-bristow-va,2015-12-07,1,11.760123594831391,0.418636005774386,0.9724124966416272,0.1056445693256499
google-bristow-va,2015-12-07,2,12.40341442815066,0.4582098716213743,0.9694744713152638,0.1096133360304935
google-bristow-va,2015-12-07,3,12.293928462265187,0.4689426497690725,0.9688312047005864,0.1094579172831209
google-bristow-va,2015-12-07,4,11.96158796250496,0.4581971316437081,0.9698896664600344,0.1105000604932563
google-bristow-va,2016-01-24,0,-4.224878364728081,0.0455960164334065,0.9894864268256244,0.5928445704285286
google-bristow-va,2016-01-24,1,-3.6870969215799536,0.1446938268231082,0.9860979622964194,0.4542973775289223
google-bristow-va,2016-01-24,2,-3.698219667266432,0.0736580476528799,0.9886246144896768,0.5204300270725938
google-bristow-va,2016-01-24,3,-3.73179756854284,0.0707545364471253,0.9883870543602166,0.5362877569603497
google-bristow-va,2016-01-24,4,-3.8637877316821214,0.0791397565075627,0.9883090406099692,0.5129418841691774
google-bristow-va,2016-03-28,0,22.51679958197531,0.3598833680422953,0.973909319395018,0.1741874319463133
google-bristow-va,2016-03-28,1,22.407584635284937,0.4063586445946449,0.9749541423499636,0.1683155795336715
google-bristow-va,2016-03-28,2,24.000523042922932,0.4773303668679334,0.9714132356452996,0.1529788107949227
google-bristow-va,2016-03-28,3,24.083450320466284,0.4872106608493316,0.9691136232950104,0.1417176213482692
google-bristow-va,2016-03-28,4,23.280535779775786,0.4732602322860164,0.9694287444507376,0.1414887266607063
google-bristow-va,2016-04-13,0,24.807201769566056,0.3594396999023672,0.9722938065037852,0.1476226321340147
google-bristow-va,2016-04-13,1,23.55863259286101,0.4001236980663067,0.9734045144026248,0.1422250267092867
google-bristow-va,2016-04-13,2,24.687449805766168,0.4610374041207473,0.9704507287010548,0.1444794350001389
google-bristow-va,2016-04-13,3,24.480454429283174,0.478042819402626,0.9697948610015849,0.1439280636471162
google-bristow-va,2016-04-13,4,23.35253274527257,0.48341829941905,0.9711555737196744,0.1442525210860139
google-bristow-va,2016-05-15,2,19.198861902577217,0.6383410855737319,0.9662254562920268,0.0889328606672842
google-bristow-va,2016-05-15,3,20.517543244482816,0.6113472319703055,0.969113769579334,0.1706157679496614
google-bristow-va,2016-05-15,4,22.088735481766804,0.6466991603021571,0.970410593025037,0.1778123851259998
google-bristow-va,2016-05-31,0,36.87051707964751,0.6113279532928645,0.9792070130566316,0.1806502956784201
google-bristow-va,2016-05-31,1,34.793957235071204,0.6886224800564739,0.979961486109184,0.1826664227452479
google-bristow-va,2016-05-31,2,36.34103602742952,0.6696795348132212,0.9746704282231176,0.1839920403604313
google-bristow-va,2016-05-31,3,37.343729748295615,0.6326916134610373,0.9728192567492346,0.1784913772591271
google-bristow-va,2016-05-31,4,35.17018636877931,0.667848965220819,0.97422045848383,0.1839144847052765
google-bristow-va,2016-06-16,2,38.69962347992578,0.5834591617502255,0.9686759700237096,0.1938945998886088
google-bristow-va,2016-06-16,3,39.36725440531739,0.6028203007190456,0.9709714680299654,0.1815269365974162
google-bristow-va,2016-06-16,4,36.99684574956659,0.6642193760387025,0.9724356563299626,0.189754399937215
google-bristow-va,2016-07-02,0,33.98383772819511,0.6729105949832036,0.9788406958994716,0.1663499916186318
google-bristow-va,2016-07-02,1,32.759628438044466,0.7088563253589534,0.9791218237520276,0.1695186681093761
google-bristow-va,2016-07-02,2,35.27175538343559,0.6659632068284126,0.9730867599653348,0.1662445426352177
google-bristow-va,2016-07-02,3,35.82572951313562,0.6323586844341905,0.9719317916934556,0.1661063361316768
google-bristow-va,2016-07-02,4,33.82086836050498,0.6759879090958382,0.9738524243840022,0.1680568734494638
google-bristow-va,2016-07-18,0,32.10049476393819,0.6411817520982311,0.9777278945838148,0.163062857800555
google-bristow-va,2016-07-18,1,31.831164498197392,0.6643507470896716,0.9776410232141152,0.1590980643496746
google-bristow-va,2016-07-18,2,34.01912108801923,0.6203138052837665,0.971960541255456,0.1571211077592559
google-bristow-va,2016-07-18,3,33.729119290664,0.5990656588046978,0.9709314150198504,0.1599952903404647
google-bristow-va,2016-07-18,4,31.608809012664977,0.6570219370195851,0.972217269909864,0.1632492069380067
google-bristow-va,2016-08-03,0,34.62032463565221,0.4760592871566244,0.9705107544757036,0.1730189201390665
google-bristow-va,2016-08-03,1,35.632343381569186,0.5227073467932314,0.9696167112266064,0.1638942255869106
google-bristow-va,2016-08-03,2,35.33335046797362,0.599794303549753,0.9665155338185546,0.1547875417710676
google-bristow-va,2016-08-03,3,33.72673445474523,0.6527154801300922,0.9725041016713488,0.1753384915660284
google-bristow-va,2016-08-03,4,33.73133830429252,0.673823260188112,0.9706033963992948,0.1813744357122715
google-bristow-va,2016-08-19,0,20.80711099749007,0.6622894999044905,0.9793366868521752,0.1867162596929915
google-bristow-va,2016-08-19,1,25.566549714476434,0.6672730582782108,0.9788686259987692,0.1798110234496281
google-bristow-va,2016-08-19,2,33.891739394377595,0.6285103069446543,0.9732982463239972,0.1706884590499414
google-bristow-va,2016-08-19,3,33.349401726357826,0.625685594926232,0.972157279150972,0.163375102422047
google-bristow-va,2016-08-19,4,30.95438447581723,0.6709523770775971,0.974486276092768,0.1608998840695432
google-bristow-va,2016-09-04,0,27.24087131125247,0.666552854716883,0.9785685745827242,0.1178128567630316
google-bristow-va,2016-09-04,1,27.22316638229593,0.6673343573685182,0.978147224800894,0.1234242154017265
google-bristow-va,2016-09-04,2,29.269866360342192,0.6078245864683508,0.9721685435736872,0.1312750765795367
google-bristow-va,2016-09-04,3,28.193801862889128,0.5679243811535226,0.9709055049166128,0.1573500887327388
google-bristow-va,2016-09-04,4,26.76942176821016,0.60405843407422,0.9727075870895354,0.1727573455266317
google-bristow-va,2016-10-22,0,18.009863061040225,0.5687948112532427,0.9758092014283252,0.1178020349751951
google-bristow-va,2016-10-22,1,17.317879852553247,0.5951586161164621,0.9762478716307382,0.1195777298076538
google-bristow-va,2016-10-22,2,18.388830750036096,0.5862923896818725,0.9714407672110104,0.1240068301127718
google-bristow-va,2016-10-22,3,18.302505726907007,0.5772752459224565,0.970682360565445,0.1263301668726188
google-bristow-va,2016-10-22,4,17.65252026776757,0.602252752736789,0.9722216187788408,0.1266705321202534
google-bristow-va,2016-11-07,0,16.693126997979086,0.505052169407758,0.9744351138934568,0.1188489581720374
google-bristow-va,2016-11-07,1,16.422108679084012,0.5128790391620995,0.9746950031120748,0.1196151983737284
google-bristow-va,2016-11-07,2,17.622535972699154,0.524300076802763,0.9706563826024484,0.122505648723467
google-bristow-va,2016-11-07,3,17.483850722624908,0.5235358135964586,0.9698789175167188,0.122250647835685
google-bristow-va,2016-11-07,4,16.836268167348265,0.5388269258443285,0.9713788339554468,0.1231469367862047
google-bristow-va,2016-11-23,0,11.13518274851619,0.4403669073533385,0.9729439100845918,0.124319806900969
google-bristow-va,2016-11-23,1,10.976013766393336,0.4397494489890862,0.9731775201643444,0.1225495869544416
google-bristow-va,2016-11-23,2,11.824607226116695,0.460840606409125,0.9697454931043548,0.1242793813325999
google-bristow-va,2016-11-23,3,11.632896822784817,0.4649680081538389,0.9688363783311168,0.1208139753979844
google-bristow-va,2016-11-23,4,11.394530102108574,0.4695994807919407,0.9700283759002502,0.1221629024896402
google-bristow-va,2016-12-09,0,4.535726131205823,0.4179829303117018,0.972293195530931,0.1145901757692168
google-bristow-va,2016-12-09,1,4.333064950801803,0.4158031961266971,0.9725977877480054,0.1136956168760866
google-bristow-va,2016-12-09,2,5.204962385720715,0.4395051798904817,0.9695450136615508,0.1162280207307037
google-bristow-va,2016-12-09,3,5.210834007497513,0.4412303520517017,0.9686944982819324,0.11475120580665
google-bristow-va,2016-12-09,4,4.903171753587068,0.4440540917447718,0.9696720358220352,0.1164318334613707
google-bristow-va,2017-01-26,0,14.048438237103031,0.3770275590878483,0.9732825364440906,0.036025650779469
google-bristow-va,2017-01-26,1,14.126610451312382,0.3766139190037282,0.9743975157327736,0.0668014308598774
google-bristow-va,2017-01-26,2,15.049835647536678,0.3963485456363206,0.9700109185072462,0.10180366239009
google-bristow-va,2017-01-26,3,15.245422744329613,0.397463526245091,0.9697624129748996,0.107840893124907
google-bristow-va,2017-01-26,4,14.927053694696871,0.4049911849615981,0.9724320375073968,0.1117558387045459
google-bristow-va,2017-04-16,0,38.635120642798576,0.4237257172207211,0.9748322227169046,0.1564487157979356
google-bristow-va,2017-04-16,1,38.29674434900861,0.4199606905405268,0.9745280906091024,0.1485295537821864
google-bristow-va,2017-04-16,2,38.394779406651864,0.4643089191798346,0.9708729161406016,0.1458232541035975
google-bristow-va,2017-04-16,3,37.039475377991934,0.4822759678689035,0.9703355692269212,0.1462038113539502
google-bristow-va,2017-04-16,4,34.45511958847224,0.5026338854246836,0.9717146048024852,0.143619511569314
google-bristow-va,2017-05-02,0,28.33427203941751,0.6711172524174546,0.9803481673466052,0.1584270403790695
google-bristow-va,2017-05-02,1,28.34075936283763,0.6506334668812401,0.9791228477839142,0.1580984132572602
google-bristow-va,2017-05-02,2,30.834791272313716,0.6180496350510782,0.9730155330318692,0.153494656228593
google-bristow-va,2017-05-02,3,30.78708974487248,0.6083920781475298,0.9722531418531952,0.1560295285228934
google-bristow-va,2017-05-02,4,29.01916717142626,0.655838813567798,0.974343661940523,0.1563256057717021
google-bristow-va,2017-05-18,0,33.986246746107284,0.6887442071630219,0.9811239380695818,0.1702559484190639
google-bristow-va,2017-05-18,1,33.97637626572492,0.6620834282630357,0.9795435037684465,0.1736866556459441
google-bristow-va,2017-05-18,2,36.48245360241824,0.6283110724421993,0.9730899474196458,0.1662428838293765
google-bristow-va,2017-05-18,3,36.178189356837834,0.6184522272826288,0.9722854065383416,0.1629068117019428
google-bristow-va,2017-05-18,4,34.406333342726334,0.6541558136031516,0.9742673553234148,0.1684197345133971
google-bristow-va,2017-06-03,2,22.59166389348449,0.564304931598399,0.9741596323891808,0.202958677708883
google-bristow-va,2017-06-03,3,27.656908997019983,0.6051313626661232,0.9732019605891132,0.1842173484333577
google-bristow-va,2017-06-03,4,28.740177200758858,0.6643126595368536,0.9738599274323084,0.1821690206685119
google-bristow-va,2017-06-19,0,19.95215449640823,0.6634029382016442,0.9811827885468136,0.2102840729320283
google-bristow-va,2017-06-19,1,26.80936530207041,0.5533813882513995,0.9755259560600472,0.2075857710014478
google-bristow-va,2017-06-19,2,27.332040892598936,0.6030468366428856,0.969739380404152,0.2168880768019689
google-bristow-va,2017-06-19,3,28.669982145265635,0.5530924463813321,0.9700829520865866,0.2042631681703394
google-bristow-va,2017-06-19,4,27.82898152341768,0.6312656355168137,0.9714697916855494,0.194586662090254
google-bristow-va,2017-08-06,0,29.063652938816848,0.745804305299767,0.9819819383239902,0.1621142591803601
google-bristow-va,2017-08-06,1,29.567202540873797,0.7097023857131326,0.9800708481049656,0.1647445254082347
google-bristow-va,2017-08-06,2,31.525595768947557,0.6623036508016976,0.9734505456219408,0.1677641993125447
google-bristow-va,2017-08-06,3,29.94687269076379,0.6267570612090956,0.9715695419667392,0.1669113141292954
google-bristow-va,2017-08-06,4,27.50947042849658,0.7021468528689295,0.9723802445720836,0.1741421478998314
google-bristow-va,2017-08-22,0,35.02945654982641,0.7435476106526601,0.9801129653186024,0.1533089713825424
google-bristow-va,2017-08-22,1,35.81399766613498,0.7117506742072601,0.9785319421623389,0.1486358072386766
google-bristow-va,2017-08-22,2,38.29832585040596,0.6739480548172417,0.9726167139949128,0.1486053814943056
google-bristow-va,2017-08-22,3,38.6123757290937,0.6451394805092328,0.9715378570083336,0.1499675791194024
google-bristow-va,2017-08-22,4,36.76866750371412,0.691380404728036,0.973440022019232,0.1516779504259269
google-bristow-va,2017-09-07,0,21.612017173513525,0.7548035239085872,0.9784567567567566,0.0799075141891892
google-bristow-va,2017-09-07,1,23.002187696287443,0.8646420475577564,0.9760556886227544,0.0498593904341317
google-bristow-va,2017-09-07,2,25.796563750603383,0.65412443710779,0.969563643850062,0.1604277425792329
google-bristow-va,2017-09-07,3,28.096591498057983,0.5626954231652264,0.9661806445584862,0.1577750227053935
google-bristow-va,2017-09-07,4,25.26062468634324,0.6960967982535248,0.9718797037305024,0.1492260130285307
google-bristow-va,2017-09-23,0,31.27623245048877,0.7204911701374486,0.9793844701478308,0.128835301986355
google-bristow-va,2017-09-23,1,31.92554960809416,0.6893803146350591,0.978201529990263,0.1296653347792964
google-bristow-va,2017-09-23,2,34.39701677324079,0.6390460941528184,0.972315132003596,0.1321058423315851
google-bristow-va,2017-09-23,3,34.595948762011076,0.6096019246301546,0.971282610070452,0.134662288443125
google-bristow-va,2017-09-23,4,32.98184615549784,0.6537919094989723,0.9731768180498204,0.1358791401458018
google-bristow-va,2017-10-25,0,18.98723594048687,0.5867862026895935,0.9779546561389798,0.1188319820782716
google-bristow-va,2017-10-25,1,19.242265575503463,0.5889597669617721,0.9775593334252064,0.1184468621597084
google-bristow-va,2017-10-25,2,21.068483141854188,0.5784073806594346,0.9722191500904204,0.1210485771558246
google-bristow-va,2017-10-25,3,21.31980172919473,0.5518756850126797,0.9712094093043454,0.1237973367437657
google-bristow-va,2017-10-25,4,20.369631179178327,0.5803128283373918,0.9730125599773736,0.1239564410994942
google-bristow-va,2017-11-10,0,8.314148115060194,0.5110861497030287,0.9760158770369908,0.1175326754525494
google-bristow-va,2017-11-10,1,8.15603049107678,0.5259862731766528,0.976865397870282,0.1141597057561269
google-bristow-va,2017-11-10,2,9.370386481271805,0.5291702212334146,0.9714197723060914,0.1197686793036478
google-bristow-va,2017-11-10,3,9.258959187978968,0.5102438617346556,0.9700869643322864,0.1256123877031816
google-bristow-va,2017-11-10,4,8.580449517157682,0.5357930316484446,0.9701961422221996,0.1261092067434625
google-bristow-va,2017-11-26,0,10.688523849043367,0.4100329416975566,0.9729616769187452,0.1287341919391076
google-bristow-va,2017-11-26,1,10.356348570669644,0.4099990905419907,0.9730016965174436,0.1225463323550236
google-bristow-va,2017-11-26,2,10.7958643044918,0.435892340167889,0.9696989799234246,0.1260488130913143
google-bristow-va,2017-11-26,3,10.870787235791656,0.432650568600627,0.9688918489933138,0.1293230815593514
google-bristow-va,2017-11-26,4,10.4314488660535,0.4422574282853421,0.969790208129664,0.1320580442890324
google-bristow-va,2017-12-28,0,-2.6894707046605215,0.4040232686593217,0.9722094872716198,0.1221523324338678
google-bristow-va,2017-12-28,1,-2.884313273560098,0.411848846120793,0.9725984829142396,0.1147050253538398
google-bristow-va,2017-12-28,2,-1.801979913758596,0.4226644347278852,0.9695021287889064,0.1155278222869889
google-bristow-va,2017-12-28,3,-1.7784333155742595,0.4112488623828393,0.9683340343783968,0.1168277280801262
google-bristow-va,2017-12-28,4,-1.763432317313239,0.408637252723235,0.9693871434586387,0.1184706819655797
google-bristow-va,2018-01-13,0,3.0297562734378154,0.4267364340541057,0.97253222862283,0.1188553177469925
google-bristow-va,2018-01-13,1,2.999646845685472,0.4250175176066824,0.9726216134029764,0.110532292988274
google-bristow-va,2018-01-13,2,3.9651994818568768,0.4283241101668659,0.969307272283992,0.1119319725351573
google-bristow-va,2018-01-13,3,4.0977083688003,0.4135219224564565,0.9682256305458112,0.1167801265996876
google-bristow-va,2018-01-13,4,3.4109971244295045,0.4052880791139637,0.9691826040884456,0.1248266187425223
google-bristow-va,2018-03-18,0,18.588819775737843,0.3546222883237075,0.9717957073024466,0.1413491340377661
google-bristow-va,2018-03-18,1,18.241520293904717,0.358233430959773,0.9721930633273322,0.1317979743554028
google-bristow-va,2018-03-18,2,19.228438091163184,0.3703915619753452,0.9691212483998064,0.1311905424417526
google-bristow-va,2018-03-18,3,18.918118219368505,0.365580877965801,0.9680965593483264,0.1318153097740951
google-bristow-va,2018-03-18,4,18.143876159695335,0.3619237940593335,0.9692689766541072,0.1319592455034223
google-bristow-va,2018-06-06,0,26.657164031411007,0.7647201393615485,0.9810642024210858,0.1997185225647027
google-bristow-va,2018-06-06,1,29.58744067603639,0.5941054404119502,0.9736104230662592,0.1791140884688661
google-bristow-va,2018-06-06,2,29.432505225047205,0.6606981160961519,0.973607420114431,0.1917994242929248
google-bristow-va,2018-06-06,3,31.21720955063106,0.6267232139074558,0.970470969429455,0.1832845615983334
google-bristow-va,2018-06-06,4,28.60373222607167,0.7211249774171526,0.9741924096714228,0.1881681649577673
google-bristow-va,2018-07-08,0,31.6641361982803,0.7947320267382038,0.9817725111076778,0.1771479520428136
google-bristow-va,2018-07-08,1,32.47834925080556,0.7300221844332899,0.9794876218139086,0.1684659112184497
google-bristow-va,2018-07-08,2,36.00133856076891,0.6491463580729953,0.9728447531517332,0.1656853222203123
google-bristow-va,2018-07-08,3,36.38937363844878,0.6201596405542131,0.9717558798450844,0.1650480574006038
google-bristow-va,2018-07-08,4,34.35864279617691,0.6652369911586011,0.9736830125287466,0.1661469512355086
google-bristow-va,2018-08-09,0,29.062321929432656,0.7314386225328215,0.9795647312087556,0.2003887179550941
google-bristow-va,2018-08-09,1,30.04857396739524,0.6630902663554306,0.9778250660927124,0.1899085953603322
google-bristow-va,2018-08-09,2,32.63785953055227,0.6423463092693413,0.9710801889373518,0.1797232658644882
google-bristow-va,2018-08-09,3,33.660103612020905,0.7077272775271093,0.9722260586974218,0.1696605183000388
google-bristow-va,2018-08-09,4,34.029379722664764,0.6912461315841053,0.9721351249880548,0.1668535627003305
google-bristow-va,2018-08-25,0,24.020964582827876,0.7208963922859196,0.980162346766138,0.1774460687717184
google-bristow-va,2018-08-25,1,24.94444302678369,0.7120489415540737,0.9809584706191754,0.1683293273373471
google-bristow-va,2018-08-25,2,28.319811148404703,0.6231907445280205,0.9715589018522556,0.1668898076571448
google-bristow-va,2018-08-25,3,28.655168652642782,0.5867394682187322,0.9703898859189002,0.1640427793387073
google-bristow-va,2018-08-25,4,27.324856156722017,0.639061975068085,0.973838584366266,0.1686505297973198
google-bristow-va,2018-09-26,3,21.26669472912583,0.7350299155041871,0.9784669509594884,0.1971102795895522
google-bristow-va,2018-09-26,4,30.690845464607342,0.5521337164750315,0.9626186736474696,0.1650960800589005
google-bristow-va,2018-10-12,0,19.45537868233891,0.7109851575003683,0.9789831792765564,0.1212204310384262
google-bristow-va,2018-10-12,1,19.62302652595202,0.6826396915646339,0.9778153360224237,0.1195579882325608
google-bristow-va,2018-10-12,2,21.481001473863486,0.6324305492022144,0.972022982544394,0.1212674482113966
google-bristow-va,2018-10-12,3,21.601106234252935,0.6114061762334648,0.9709661129541444,0.1233877541768625
google-bristow-va,2018-10-12,4,20.64638930076877,0.6264784381059568,0.9736893379153196,0.1259126678653464
google-bristow-va,2018-10-28,3,11.164293393056294,0.509709703159158,0.9777300813719488,0.2065428151892846
google-bristow-va,2018-10-28,4,13.757570153627492,0.5338168008167321,0.9705681702772077,0.1252566434684037
google-bristow-va,2019-03-05,0,8.421454280481925,0.368072913514507,0.972101400612398,0.1446253738358743
google-bristow-va,2019-03-05,1,7.7827131240843554,0.3552429127111992,0.9720600170259284,0.1341338304370315
google-bristow-va,2019-03-05,2,9.120730298216282,0.3651430543136097,0.968909481435409,0.1343974460632581
google-bristow-va,2019-03-05,3,9.353820548761586,0.3659444321476324,0.9680845262681842,0.1280589670067516
google-bristow-va,2019-03-05,4,8.50720762248793,0.3635814318866089,0.968830865991254,0.1265580735083651
google-bristow-va,2019-04-06,0,13.257860570909362,0.4428817990920481,0.9767723600733118,0.1156125380367968
google-bristow-va,2019-04-06,1,12.31690491876564,0.3339507159136861,0.9751202953426736,0.1855229422993184
google-bristow-va,2019-04-06,2,19.57099147603691,0.3516287590303787,0.9695576166045016,0.1716498772643122
google-bristow-va,2019-04-06,3,20.157521428195754,0.3885703164899439,0.9659870626579288,0.1850083678095088
google-bristow-va,2019-04-06,4,21.580026096148067,0.4090652565696527,0.9656891961372248,0.158112961287635
google-bristow-va,2019-04-22,2,25.38813581286262,0.5348525031284546,0.9744270258605344,0.127744551057049
google-bristow-va,2019-04-22,3,22.705655153059528,0.5613216906336577,0.972822792902066,0.1130367301680247
google-bristow-va,2019-04-22,4,20.884165685753125,0.5747678933138815,0.9755389957385344,0.1215675491894218
google-bristow-va,2019-05-24,0,6.234323796169279,0.7185942678123766,0.97710579064588,0.1800990362583518
google-bristow-va,2019-05-24,1,11.055006536698327,0.705196068077892,0.9780777050468026,0.1712150165300778
google-bristow-va,2019-05-24,2,21.88338825591752,0.6173729486405644,0.9729855214347471,0.171026909288379
google-bristow-va,2019-05-24,3,15.263703032820128,0.6350527311388521,0.9683768263943442,0.1544416587546387
google-bristow-va,2019-05-24,4,18.637879189680767,0.6743016531185589,0.9577230678275828,0.1695800959240299
google-bristow-va,2019-06-25,0,22.553300113815453,0.7728838107117401,0.9827133551095332,0.1987878708006726
google-bristow-va,2019-06-25,1,23.166916794362972,0.6917697354088376,0.9796635111784848,0.1888496369609786
google-bristow-va,2019-06-25,2,25.013701540882924,0.6429327903579671,0.9733795025742512,0.1814829654319473
google-bristow-va,2019-06-25,3,21.56046862955834,0.6106536816511763,0.971963302200206,0.180129142263362
google-bristow-va,2019-06-25,4,15.342471183742136,0.6844522306168214,0.9740168281889324,0.1794222875568789
google-bristow-va,2019-07-27,0,34.67848772261217,0.7747248061018718,0.9831510712436056,0.1761677675577533
google-bristow-va,2019-07-27,1,36.75919455079702,0.6871552246047548,0.9800294276884532,0.1696282390447137
google-bristow-va,2019-07-27,2,40.36329531511442,0.6440420845077226,0.973619849429432,0.1649566885909143
google-bristow-va,2019-07-27,3,40.47048853745958,0.6244408490238522,0.9721821579916444,0.1627012346025421
google-bristow-va,2019-07-27,4,38.03759947382239,0.6854329779904845,0.9745807944435992,0.1635927211091802
google-bristow-va,2019-08-12,0,36.27371154519398,0.7542205571200232,0.9806798153717532,0.1573920013987153
google-bristow-va,2019-08-12,1,37.150613877018245,0.6632498393110124,0.9781740740628572,0.1572422609080105
google-bristow-va,2019-08-12,2,39.69339905678616,0.6018743438419497,0.9720948247971468,0.1541918016515212
google-bristow-va,2019-08-12,3,39.506776148362455,0.5810702360345005,0.9710695805874578,0.1533714951540222
google-bristow-va,2019-08-12,4,37.516737706767984,0.6452991750580322,0.9731718187599954,0.1539577219388608
google-bristow-va,2019-08-28,1,21.337294069335588,0.6262280140330102,0.9769675238795006,0.1049708454760155
google-bristow-va,2019-08-28,2,29.52586639833572,0.596804822753534,0.9739138116369824,0.1538413861435413
google-bristow-va,2019-08-28,3,26.4609943967351,0.6151632837796024,0.9740370032446762,0.1650907569970753
google-bristow-va,2019-08-28,4,24.228383562878825,0.620526075039785,0.9677220905535064,0.2052312339851993
google-bristow-va,2019-09-29,0,31.33013719020344,0.6602300397302708,0.9776845900835012,0.126856971430176
google-bristow-va,2019-09-29,1,32.07661454808334,0.6061679028219983,0.9763646883154056,0.1293663826562322
google-bristow-va,2019-09-29,2,34.36890227128664,0.5725244122128591,0.9712345800911534,0.1312765339154541
google-bristow-va,2019-09-29,3,34.76894872969355,0.5490044300572717,0.970155622447768,0.1321569575988209
google-bristow-va,2019-09-29,4,33.82940880104888,0.5844821161261602,0.9718449337381564,0.1331138434538927
google-bristow-va,2019-10-15,0,25.00628901982943,0.6327037820514974,0.9773833911810926,0.1227483334804173
google-bristow-va,2019-10-15,1,25.364322166784817,0.5795723984423452,0.9761859643118384,0.1271688041718888
google-bristow-va,2019-10-15,2,27.322710957500107,0.5503268942086004,0.9711736984675976,0.1284129579103917
google-bristow-va,2019-10-15,3,27.346110893212696,0.5249551840596611,0.9700784409132313,0.1289977755296755
google-bristow-va,2019-10-15,4,26.686197090320142,0.5540802942727531,0.9717102476509476,0.1284282441814932
google-bristow-va,2019-11-16,0,9.619612967695964,0.4638401968870193,0.9736734093362864,0.1304304254610843
google-bristow-va,2019-11-16,1,9.277525318569024,0.4416197911937141,0.973092911702544,0.1219612450581253
google-bristow-va,2019-11-16,2,10.264117025102394,0.4760920116943724,0.9699133449429892,0.124877555826252
google-bristow-va,2019-11-16,3,10.334319945024648,0.4641850492441062,0.9688771702145976,0.1218180329043611
google-bristow-va,2019-11-16,4,10.056661087544589,0.4694962668258582,0.9702246191824798,0.1235230798537901
google-bristow-va,2019-12-18,0,5.065855232238202,0.433677408204792,0.973415037155763,0.1102279254881474
google-bristow-va,2019-12-18,1,4.840472654987515,0.4178455339904677,0.9739568836629688,0.1078565078787516
google-bristow-va,2019-12-18,2,6.055700442955314,0.444645338248107,0.9700090304412264,0.1101603846190695
google-bristow-va,2019-12-18,3,6.068492462884392,0.4299470816776592,0.9688944291164392,0.1106284692309682
google-bristow-va,2019-12-18,4,5.763257351357208,0.4252580132912175,0.9699627445421584,0.1088118768802072
google-bristow-va,2020-01-19,0,8.149014124347058,0.4259686538941504,0.9724377240273944,0.1126665876831605
google-bristow-va,2020-01-19,1,7.894761611927533,0.4047201093035694,0.9723709385193842,0.1076407295767487
google-bristow-va,2020-01-19,2,8.545503266046616,0.4308561131664979,0.969013865173042,0.1157713968554204
google-bristow-va,2020-01-19,3,8.429003757934652,0.4196973627017117,0.9669953182099714,0.1136127454281133
google-bristow-va,2020-01-19,4,8.12089785884156,0.442604391810015,0.9666783706544388,0.1060518980564961
google-bristow-va,2020-03-07,0,14.435505719440584,0.368599084131775,0.9720792720268222,0.1376670636775389
google-bristow-va,2020-03-07,1,13.560286242524535,0.357191172266439,0.9722498115339132,0.1335103929619426
google-bristow-va,2020-03-07,2,14.368362058521685,0.399361394440135,0.9693986302049225,0.1317299428216448
google-bristow-va,2020-03-07,3,14.127955953712492,0.3916001549479646,0.9682920970117866,0.1321896891907533
google-bristow-va,2020-03-07,4,13.534714910223986,0.3852295415765414,0.9695046530966844,0.1314201635058301
google-bristow-va,2020-04-08,0,31.510166026293707,0.437071046223243,0.9747513597252376,0.1459432775363782
google-bristow-va,2020-04-08,1,31.199596816972445,0.4157920127813786,0.9741977284119624,0.1378002809570732
google-bristow-va,2020-04-08,2,32.76642851841347,0.4807923235622502,0.97084523659265,0.1379401408740947
google-bristow-va,2020-04-08,3,32.370186130267015,0.4954485379992484,0.9702184233044542,0.1381778114473677
google-bristow-va,2020-04-08,4,31.01530733387099,0.508089465814425,0.9717381272073804,0.1373915725137963
google-bristow-va,2020-05-10,0,24.033070535165603,0.6248594598455077,0.9799220577144998,0.160259212749934
google-bristow-va,2020-05-10,1,23.60507249921637,0.5714912504047654,0.978019870640634,0.1559640962910571
google-bristow-va,2020-05-10,2,25.315939200029963,0.5719193831453163,0.9725720212638252,0.1570929682238647
google-bristow-va,2020-05-10,3,24.84425480583848,0.5814518324270007,0.9719988386157676,0.156360573728704
google-bristow-va,2020-05-10,4,23.427793289940972,0.6082039254070972,0.9739057788611464,0.1555185246227294
google-bristow-va,2020-05-26,0,33.578832079027976,0.7251966389478331,0.9802986002962056,0.1791653457103349
google-bristow-va,2020-05-26,1,34.515802068263056,0.6522091758404247,0.9781479594324672,0.1714317679585655
google-bristow-va,2020-05-26,2,37.27663285612921,0.6158746547627119,0.9722635619184816,0.1674009447338075
google-bristow-va,2020-05-26,3,37.02105678286481,0.6147266232639418,0.9714732131686896,0.1661524799565395
google-bristow-va,2020-05-26,4,35.03945676712034,0.6407534902041799,0.9733322245168604,0.1675187947577492
google-bristow-va,2020-06-11,0,30.689619329375688,0.8217677390041155,0.9841413977957274,0.2051408160945834
google-bristow-va,2020-06-11,1,30.840604287908768,0.7316374930083407,0.9804065067367748,0.1736289588176703
google-bristow-va,2020-06-11,2,32.0265963773046,0.6630828123615665,0.9733978856939984,0.1687671810186083
google-bristow-va,2020-06-11,3,33.05382080621203,0.6406421188494251,0.9716880986549616,0.1637817213152073
google-bristow-va,2020-06-11,4,31.039505850991475,0.6991875202129838,0.9730627566075633,0.1792618417189838
google-bristow-va,2020-06-27,1,19.367962718099385,0.2872788904438889,0.9738542849631968,0.1813767050433754
google-bristow-va,2020-06-27,2,24.38676736752105,0.4898087334404152,0.9676681891356028,0.1636830717063099
google-bristow-va,2020-06-27,3,26.993168666596908,0.6387766059951004,0.9691291996204238,0.1518030584912822
google-bristow-va,2020-06-27,4,27.233722051458773,0.7209532186217554,0.9728230658082948,0.1736703040794144
google-bristow-va,2020-07-13,0,35.68911653695349,0.7976663398159648,0.9819520211886344,0.1851988257930178
google-bristow-va,2020-07-13,1,36.98580519924177,0.6987494687610687,0.978844985413644,0.1753913898573423
google-bristow-va,2020-07-13,2,40.687433494294986,0.6369661663915183,0.9721722987632648,0.171893247396573
google-bristow-va,2020-07-13,3,40.843456316458855,0.6155139467430664,0.9707676300332456,0.1712932660435107
google-bristow-va,2020-07-13,4,38.34678313286153,0.6730258197820449,0.9734370232776194,0.1718415275414566
google-bristow-va,2020-07-29,0,36.24004781065883,0.8045916277448577,0.982040330186536,0.1661603782888269
google-bristow-va,2020-07-29,1,37.52815795548954,0.7065354739526856,0.9792082158796116,0.1595190671239044
google-bristow-va,2020-07-29,2,41.13204406957904,0.6382193031205,0.9726698795107708,0.1578519864076742
google-bristow-va,2020-07-29,3,41.602205830619134,0.6121599830109584,0.971605683348706,0.1583162917276586
google-bristow-va,2020-07-29,4,39.27406613606489,0.6739721585929729,0.973761114224762,0.1578892448590682
google-bristow-va,2020-08-14,0,25.666511649163372,0.7096021234578145,0.9814375239781612,0.2221262320847474
google-bristow-va,2020-08-14,1,29.67153859906177,0.7180094663411739,0.9813930000753972,0.2051264845477643
google-bristow-va,2020-08-14,2,34.63751211296557,0.7161814590412178,0.9737639386498642,0.1837809977305708
google-bristow-va,2020-08-14,3,34.383117121491615,0.7102167290920165,0.9712518745022596,0.1632944302789599
google-bristow-va,2020-08-14,4,32.211903000866144,0.687853506167827,0.9724111666139332,0.160951616949323
google-bristow-va,2020-08-30,0,27.859354341317147,0.8007335731845875,0.9806358165034956,0.1528883295858461
google-bristow-va,2020-08-30,1,31.724092685832932,0.5564189182939007,0.97271418476925,0.1493905233725752
google-bristow-va,2020-08-30,2,32.993799558881975,0.6300656066268625,0.9707773409292108,0.155866971747765
google-bristow-va,2020-08-30,3,33.39651258710719,0.6319518401272458,0.9701804889186636,0.164233109747433
google-bristow-va,2020-08-30,4,30.205501078614148,0.7159500409275916,0.974843391304508,0.1590147382796157
google-bristow-va,2020-09-15,0,21.063050754147067,0.671696072908846,0.9798595616896404,0.1454546333362332
google-bristow-va,2020-09-15,1,22.207862007471626,0.6306399340670983,0.9780533102338068,0.1427419271659176
google-bristow-va,2020-09-15,2,24.665458811204743,0.6067882642845139,0.9723497225475388,0.1440075885317055
google-bristow-va,2020-09-15,3,24.770493270033953,0.5940214875848004,0.9713545810697224,0.1434397029065742
google-bristow-va,2020-09-15,4,23.454958505570485,0.635071510700188,0.973279743323754,0.1442513790061486
google-bristow-va,2020-10-17,0,18.63152991687141,0.6349458377042713,0.9774499763763068,0.1213764408128821
google-bristow-va,2020-10-17,1,18.913967397223725,0.6079015875669538,0.976589986385616,0.1197719568139122
google-bristow-va,2020-10-17,2,20.8146099401822,0.5908639645058318,0.9715553903251382,0.1242684920543898
google-bristow-va,2020-10-17,3,20.84539057823009,0.5735424849746958,0.9705688945953376,0.1256535661407832
google-bristow-va,2020-10-17,4,19.792216988231168,0.6056068632150945,0.9722011037053246,0.123685374335533
google-bristow-va,2020-11-18,0,9.61564167577892,0.4144016820638717,0.9738819555874564,0.1401442965114281
google-bristow-va,2020-11-18,1,9.556242831700004,0.4332108726787082,0.9744616369047135,0.12463709768565
google-bristow-va,2020-11-18,2,9.94648416091743,0.4673502293209007,0.9707418058049084,0.1302507051361727
google-bristow-va,2020-11-18,3,9.203715821467677,0.5095935591270381,0.9692508983099326,0.1179149890875801
google-bristow-va,2020-11-18,4,8.886890134439618,0.4982432219511655,0.9682247013273392,0.129000400033365
google-bristow-va,2021-01-21,0,7.738584916114643,0.3488609990664134,0.972759097847518,0.1206898240325301
google-bristow-va,2021-01-21,1,7.65465267881577,0.381545832198977,0.9735483030480164,0.1181668114394713
google-bristow-va,2021-01-21,2,8.546998840352474,0.4031223376336363,0.9700509465999914,0.1229129887758193
google-bristow-va,2021-01-21,3,8.35200335745968,0.3995556831958703,0.9690167049385836,0.1214650202819496
google-bristow-va,2021-01-21,4,7.961353761621567,0.3840310162468866,0.9702229129075896,0.1190636335047517
google-bristow-va,2021-03-10,0,23.229865742335953,0.3145975818876791,0.9722480083409808,0.1396552523280695
google-bristow-va,2021-03-10,1,22.9582017103674,0.3387136364459991,0.9730923300587132,0.1348442767312303
google-bristow-va,2021-03-10,2,23.99953150887113,0.3519581830806832,0.9696803141495206,0.1377769260183852
google-bristow-va,2021-03-10,3,23.616123084051203,0.3498870113355143,0.9686614500203388,0.136535815823817
google-bristow-va,2021-03-10,4,22.817475705637342,0.3420712115139274,0.9699350341052906,0.135580334117063
google-bristow-va,2021-03-26,0,30.32504225828676,0.3457223198060477,0.9726465323144856,0.1353762267071866
google-bristow-va,2021-03-26,1,30.50362716887678,0.3709285090512257,0.9734559266489076,0.1315614722095336
google-bristow-va,2021-03-26,2,30.805837874969125,0.4013311572094356,0.970119161901974,0.1340198501685324
google-bristow-va,2021-03-26,3,30.61366439097551,0.402987841739756,0.9692165109131524,0.1347278343071843
google-bristow-va,2021-03-26,4,29.52705925222091,0.4027077077863741,0.970552729604914,0.1320971194790416
google-bristow-va,2021-04-11,0,31.150917912952956,0.4114298092509297,0.9730795250729152,0.1427075231572383
google-bristow-va,2021-04-11,1,31.17400228737642,0.431826968452529,0.9735691250297196,0.1394116281404631
google-bristow-va,2021-04-11,2,32.35714119107788,0.4785175415227393,0.971523428919644,0.1433031308765366
google-bristow-va,2021-04-11,3,31.432618674453774,0.4712904431484605,0.969733360826395,0.1462307717611564
google-bristow-va,2021-04-11,4,29.719692622809404,0.4622195048036244,0.97073622668472,0.142619635118276
google-bristow-va,2021-04-27,0,32.66413042037028,0.5037103957907847,0.9762800670549442,0.1610461728975026
google-bristow-va,2021-04-27,1,32.49710448455785,0.5202108576672487,0.9762437731985932,0.1513870968760705
google-bristow-va,2021-04-27,2,33.83351481919531,0.5372126004766423,0.971699190719142,0.15448453062671
google-bristow-va,2021-04-27,3,33.67843176688016,0.5427755847671897,0.9709717916741818,0.154039901192777
google-bristow-va,2021-04-27,4,32.063887181534696,0.5657725305915128,0.972597369479424,0.1518585817897458
google-bristow-va,2021-05-13,0,28.57791470011861,0.5887340614549832,0.9774110204526656,0.1775285618366852
google-bristow-va,2021-05-13,1,28.168307551129423,0.6482014867640545,0.9781264818704566,0.1668166193513935
google-bristow-va,2021-05-13,2,30.548588387434336,0.6161322719833554,0.9723927909002532,0.1665070358261086
google-bristow-va,2021-05-13,3,30.38364151651308,0.6011013786432572,0.9714168880887368,0.1658236096962156
google-bristow-va,2021-05-13,4,28.524127643174424,0.6391730349608429,0.973285910883496,0.165681282994775
google-bristow-va,2021-06-14,0,33.78450795966265,0.5426015278409432,0.9770013374644522,0.1669912773524088
google-bristow-va,2021-06-14,1,33.508386023440025,0.6972711816338488,0.9797152005585076,0.1682767436007926
google-bristow-va,2021-06-14,2,36.22087771540609,0.6504851450073923,0.9731681806531978,0.1648457201670739
google-bristow-va,2021-06-14,3,36.81829194241552,0.6266538881333773,0.9720872035621998,0.1643806843688318
google-bristow-va,2021-06-14,4,34.79391569466601,0.6680605297834429,0.974073506010304,0.1636408518068418
google-bristow-va,2021-06-30,0,33.54116225316375,0.6362806307054809,0.979469832490518,0.2067491991603456
google-bristow-va,2021-06-30,1,33.7311568895135,0.6889693575279524,0.979077009419528,0.1776849352722458
google-bristow-va,2021-06-30,2,38.64425699482231,0.6131722850096968,0.9719855573732052,0.166790220949135
google-bristow-va,2021-06-30,3,38.95499849545341,0.6257635460796409,0.9722762285704604,0.1768492647494652
google-bristow-va,2021-06-30,4,37.3609644288065,0.6373900209606206,0.9741852610044602,0.1833755871397616
google-bristow-va,2021-07-16,0,41.56165263414229,0.4332706446743867,0.9738443589347534,0.1895367133312587
google-bristow-va,2021-07-16,1,38.73937260633202,0.6632272644941262,0.9780688479530868,0.1606854535404258
google-bristow-va,2021-07-16,2,41.04648061460216,0.6029704222557684,0.9718099035170608,0.160097728398576
google-bristow-va,2021-07-16,3,40.99561481275042,0.5888062505036582,0.9712598861919036,0.1609431016288536
google-bristow-va,2021-07-16,4,39.03773362540782,0.6492304633458603,0.9731472344048048,0.1644737009052777
google-bristow-va,2021-09-02,0,27.649935391384886,0.4079537380248659,0.9731350393879656,0.130706449566085
google-bristow-va,2021-09-02,1,27.390790388470517,0.6986733088343366,0.9787477681647538,0.1323546601483763
google-bristow-va,2021-09-02,2,29.757570500287702,0.6574196303710963,0.9727545214791812,0.1391024674127652
google-bristow-va,2021-09-02,3,30.122390162858824,0.6127414724091848,0.9713959315143622,0.1409828463794826
google-bristow-va,2021-09-02,4,28.490359630109197,0.6676156401800771,0.9735805953307898,0.1399683895549631
google-bristow-va,2021-09-18,0,31.302130425739957,0.4316805808472337,0.9738476037843375,0.1362937264085261
google-bristow-va,2021-09-18,1,31.187073290625925,0.650874330930111,0.976963519115373,0.1375647481860155
google-bristow-va,2021-09-18,2,32.182891097881615,0.6342625502879499,0.972461555810424,0.1550783331145477
google-bristow-va,2021-09-18,3,32.65579699857494,0.6033176120857661,0.9717573607357064,0.1515806683331707
google-bristow-va,2021-09-18,4,30.97294254299685,0.6730472028602761,0.9728742231969996,0.1544511347905334
google-bristow-va,2021-10-04,0,34.76835266691815,0.3949300690076107,0.9736739853169668,0.1457805151611975
google-bristow-va,2021-10-04,1,32.74450168948799,0.6761681840906533,0.979333830609194,0.1242211761796963
google-bristow-va,2021-10-04,2,34.77243514792664,0.646730381707361,0.9731424502769448,0.1314384056753635
google-bristow-va,2021-10-04,3,35.142854667140206,0.6061091693193533,0.971501579852326,0.1299040721029695
google-bristow-va,2021-10-04,4,33.76913221222433,0.6601780247562398,0.9740120244268028,0.130553104127015
google-bristow-va,2021-10-20,0,26.410729443769487,0.3683863685497139,0.972074843947337,0.1407483452437782
google-bristow-va,2021-10-20,1,25.411703131046032,0.6295430006660658,0.9768391911026448,0.1163106228792
google-bristow-va,2021-10-20,2,26.70465893909771,0.609550778106158,0.9717347569218516,0.124100115078883
google-bristow-va,2021-10-20,3,26.685909359998217,0.5805428345188924,0.9705495342428204,0.1258864864491035
google-bristow-va,2021-10-20,4,25.736229455664787,0.6233271851039625,0.9724873923568804,0.1232623012113429
google-bristow-va,2021-11-05,0,14.002253990858152,0.3297052524010544,0.9712274530048264,0.1233410964242506
google-bristow-va,2021-11-05,1,13.413292400307531,0.5565604753862363,0.9753343351371662,0.1129800074502292
google-bristow-va,2021-11-05,2,14.620343999871384,0.5604899095080413,0.9709998600822884,0.1200083747790625
google-bristow-va,2021-11-05,3,14.601495841752891,0.5375013657307212,0.9698625877374264,0.1210708347880504
google-bristow-va,2021-11-05,4,14.053909955902844,0.5626209923589274,0.9716097243523708,0.1191873829923337
google-bristow-va,2021-11-21,0,4.401302135967705,0.298361141055291,0.9708927320799056,0.1728489022491187
google-bristow-va,2021-11-21,1,5.1420703987010254,0.463720867063761,0.9739234505749202,0.1413950246563082
google-bristow-va,2021-11-21,2,5.806578905141422,0.5111442590740688,0.971628655164932,0.1572905532842988
google-bristow-va,2021-11-21,3,5.976005834320625,0.4770567072154275,0.9694664220537426,0.1284807603972217
google-bristow-va,2021-11-21,4,6.479098768688142,0.4739484139190886,0.9680854739350224,0.1092382188004788
google-bristow-va,2021-12-23,0,6.836595433278814,0.2573155335232401,0.969585382501103,0.1388533977788208
google-bristow-va,2021-12-23,1,5.8518505865150505,0.4101804570799608,0.9724123919290896,0.1163455885537936
google-bristow-va,2021-12-23,2,6.662720764881139,0.4329650273866707,0.969349085289159,0.1212456069972444
google-bristow-va,2021-12-23,3,6.548982516294141,0.4185634272695605,0.9681521818325493,0.1198978463193453
google-bristow-va,2021-12-23,4,6.264803791097209,0.4251942606503426,0.9695120705052792,0.1201712317321292
google-bristow-va,2022-01-08,0,-2.385857054029453,0.217114879083621,0.9816158536706622,0.2032752501192601
google-bristow-va,2022-01-08,1,-3.672232684949064,0.2156079600600941,0.9830490782456912,0.2671117608743959
google-bristow-va,2022-01-08,2,-2.953346212440299,0.2227960646568546,0.9823908226516193,0.2614123137476062
google-bristow-va,2022-01-08,3,-2.503129674402978,0.2420422530235217,0.9798279107721756,0.2278614843636613
google-bristow-va,2022-01-08,4,-3.0057792763931275,0.22922097128417,0.9809095018855306,0.2737771846832984
google-bristow-va,2022-01-24,0,5.181635099015922,0.2367973898288063,0.96874809965564,0.1103734154773123
google-bristow-va,2022-01-24,1,5.089418528909566,0.3765954760765604,0.9719518799350376,0.1188252883500688
google-bristow-va,2022-01-24,2,6.080792418686421,0.3913418189614282,0.9689625684258169,0.1224614403851055
google-bristow-va,2022-01-24,3,6.0512146889977165,0.3766723913381397,0.96773317593708,0.1214913699697882
google-bristow-va,2022-01-24,4,5.502943574540755,0.3861922485484367,0.9690042592949236,0.1223424616439015
google-bristow-va,2022-02-09,0,10.368193861925704,0.2362455185209431,0.968900712799499,0.1051230834674811
google-bristow-va,2022-02-09,1,10.467063612305964,0.3780145714488593,0.9722067266264952,0.1170707516207023
google-bristow-va,2022-02-09,2,11.416967668267214,0.3783517917563673,0.9690272418073324,0.1219640554111922
google-bristow-va,2022-02-09,3,11.274623029477654,0.3622583215801091,0.9678186673018456,0.122314818983794
google-bristow-va,2022-02-09,4,10.539579546607914,0.3673521810946772,0.9691140030307314,0.1202430295477067
google-bristow-va,2022-03-13,0,2.1955273082280047,0.0981072991066615,0.9785731897620206,0.2272961578319152
google-bristow-va,2022-03-13,1,1.4538071646536164,0.1581731379264231,0.9825575818234756,0.2902254579091889
google-bristow-va,2022-03-13,2,2.6722915437818147,0.1615293101959499,0.9813268805641102,0.2786880750464873
google-bristow-va,2022-03-13,3,3.208286996100154,0.1763329071027015,0.9786879619258632,0.2533610245365648
google-bristow-va,2022-03-13,4,2.210772202159786,0.1596523317471141,0.9810922521685524,0.2852944052392432
google-bristow-va,2022-03-29,0,14.64244886595182,0.2196689185914664,0.9696101118491004,0.1615459968685999
google-bristow-va,2022-03-29,1,13.563083483368969,0.3677397932493772,0.9731417796529326,0.1368132242636268
google-bristow-va,2022-03-29,2,14.681305631251966,0.4058858169860994,0.9699876793359448,0.1401169891869534
google-bristow-va,2022-03-29,3,14.203687401916802,0.4031601264242712,0.9689843654463642,0.1400035372279399
google-bristow-va,2022-03-29,4,13.454816131794995,0.4095594214061746,0.9704138152209396,0.1374199010692089
google-bristow-va,2022-04-14,4,16.41423202769232,0.3803901655409324,0.9613276923076924,0.100767351576923
google-bristow-va,2022-06-01,0,36.00670425705075,0.4321693543974077,0.9740705794164948,0.2046321523399494
google-bristow-va,2022-06-01,1,33.32811938637005,0.6901487916032712,0.9796957855031058,0.1891182159978245
google-bristow-va,2022-06-01,2,37.19690423630516,0.6345929187923142,0.9727355881256734,0.1803558848779433
google-bristow-va,2022-06-01,3,38.1432727251613,0.6133070174395486,0.971518256021057,0.1744358534367885
google-bristow-va,2022-06-01,4,36.59433514209181,0.6614127655588056,0.9734207738865812,0.1737993455755862
google-bristow-va,2022-06-17,0,35.10136735769011,0.479488738310296,0.975721021731925,0.2010681227512311
google-bristow-va,2022-06-17,1,34.603110945744874,0.7250225202296198,0.9816139662865764,0.1999205100068443
google-bristow-va,2022-06-17,2,38.368448082090914,0.6664550769448543,0.9756054089566496,0.1780312537105643
google-bristow-va,2022-06-17,3,39.24400513963631,0.6381473667110363,0.972937388860175,0.1799915793164651
google-bristow-va,2022-06-17,4,37.88187306789192,0.6655654783322319,0.9741994330922328,0.1823620695043548
google-bristow-va,2022-07-19,4,31.65021713432492,0.715180795139586,0.9790255386883816,0.1633415908084515
google-bristow-va,2022-08-04,0,45.88239139338345,0.4140443887837622,0.9740287795636888,0.1658532804832975
google-bristow-va,2022-08-04,1,40.81363015338265,0.7052506531750293,0.9798699659716112,0.1614774543984721
google-bristow-va,2022-08-04,2,43.58709442960856,0.6675407134823089,0.9733531725195036,0.1609000693246222
google-bristow-va,2022-08-04,3,44.328968015805664,0.6296411588667933,0.972000066352278,0.158479254074794
google-bristow-va,2022-08-04,4,41.70612281057437,0.6949861553285633,0.9744089367971448,0.1607626292920498
google-bristow-va,2022-08-20,0,39.592951628815406,0.2569145280848949,0.970511514415921,0.1761481078586804
google-bristow-va,2022-08-20,1,35.344801735403024,0.6631881827812165,0.9777070571155404,0.163739492590424
google-bristow-va,2022-08-20,2,36.06880401851806,0.6342781709550752,0.9719841281487056,0.1696077962226125
google-bristow-va,2022-08-20,3,36.760864919229505,0.6011783477287787,0.9715344660234474,0.158953381363871
google-bristow-va,2022-08-20,4,35.21080415527098,0.6854983244792259,0.9741391062273508,0.1617669021152855
google-bristow-va,2022-09-21,0,37.84026825803997,0.4027404560499032,0.9729630984290236,0.1578478610118209
google-bristow-va,2022-09-21,1,33.9158288414577,0.6870063500200652,0.9782983488583744,0.1412840317215721
google-bristow-va,2022-09-21,2,35.406814033407976,0.6441812839551956,0.9723362623362884,0.1430438909145602
google-bristow-va,2022-09-21,3,35.03034195898512,0.6145336438470579,0.9715165996900008,0.1436770718928026
google-bristow-va,2022-09-21,4,32.56418787324303,0.6610030235366009,0.9738475582483516,0.1453633843780494
google-bristow-va,2022-10-07,0,27.91642376061928,0.3840097993594042,0.9723180666733297,0.1352779359276616
google-bristow-va,2022-10-07,1,26.774359828951436,0.6522962629520029,0.9773469700801564,0.1274973316992729
google-bristow-va,2022-10-07,2,28.443940566443903,0.6205018255474785,0.9718964045927232,0.1303108526716917
google-bristow-va,2022-10-07,3,28.617290027523683,0.5864987242196958,0.9706168897131277,0.1311113207530959
google-bristow-va,2022-10-07,4,27.413883690278436,0.6304834566681682,0.9725637060067616,0.1293724244653615
google-bristow-va,2022-11-08,0,15.457018001371482,0.2761536050601491,0.9695538432508584,0.135633979425931
google-bristow-va,2022-11-08,1,14.050070787304668,0.4497517925049947,0.9735685282075884,0.1200261633865096
google-bristow-va,2022-11-08,2,14.6547505633348,0.4546464904358621,0.9702970549461408,0.1241903835629591
google-bristow-va,2022-11-08,3,14.773339582842812,0.4339477594537449,0.9686154033323684,0.1273996522010799
google-bristow-va,2022-11-08,4,14.841970845283608,0.4529153494464252,0.9697752187279052,0.1289083063852627
google-bristow-va,2022-11-24,1,11.814874992051218,0.46191495210582,0.9753123337765958,0.0951162916805186
google-bristow-va,2022-11-24,2,13.395769327709449,0.4803736936897258,0.9687247910157276,0.100931251619116
google-bristow-va,2022-11-24,3,13.272959127803649,0.4446637748267502,0.9677261771360244,0.1086609549768816
google-bristow-va,2022-11-24,4,13.384229399106816,0.4379988423440556,0.9693450160863684,0.1128266077322833
google-bristow-va,2022-12-26,0,0.3193110970579916,0.2324845376729171,0.9689933061137832,0.1209497171794825
google-bristow-va,2022-12-26,1,-0.1727029762284943,0.4099169112018975,0.9729473740066704,0.1137605518449931
google-bristow-va,2022-12-26,2,0.789410425462134,0.4092102679830061,0.9692318756559009,0.1175199112658746
google-bristow-va,2022-12-26,3,0.6638503336536103,0.392061541630588,0.9678859450806252,0.1167549536341725
google-bristow-va,2022-12-26,4,0.3940248690370701,0.3842388319436916,0.9691008657077892,0.1170611488679524
google-bristow-va,2023-03-16,0,21.844535876015613,0.2031065966243795,0.9691366417103552,0.1576542399980917
google-bristow-va,2023-03-16,1,21.25548992534923,0.3612504345413973,0.9729579485136992,0.1321546462506682
google-bristow-va,2023-03-16,2,22.00461240782373,0.3985084184705035,0.9698796674668464,0.1325820647912507
google-bristow-va,2023-03-16,3,21.656664191897676,0.3907649798032557,0.968791219499965,0.1334516120338921
google-bristow-va,2023-03-16,4,20.8485204985781,0.3881432647872224,0.9701578947462192,0.1317495180537383
google-bristow-va,2023-04-17,0,29.763932282576075,0.2543266812077035,0.9702643659310002,0.1839034410689037
google-bristow-va,2023-04-17,1,28.2528280911076,0.4633390278923784,0.9748181760661018,0.1513889395258528
google-bristow-va,2023-04-17,2,29.47550588324132,0.4914234822013847,0.9711112110976152,0.1499171467423897
google-bristow-va,2023-04-17,3,29.31672819537732,0.499428689316287,0.970430940058376,0.1542011040374214
google-bristow-va,2023-04-17,4,27.523160821006172,0.5271595400691034,0.971889356993234,0.1484554972157845
google-bristow-va,2023-05-03,3,22.224388671379515,0.4791429255093321,0.940442066700354,0.2550677968551036
google-bristow-va,2023-05-03,4,16.858574077295394,0.4230304254665096,0.9675814946619218,0.1714488605275277
google-bristow-va,2023-05-19,0,22.525061461035435,0.7193572520706984,0.9715057220708446,0.1218790186307901
google-bristow-va,2023-05-19,1,24.516522031581932,0.7097401604602421,0.9790799745503748,0.1841538891835956
google-bristow-va,2023-05-19,2,28.43772951140178,0.600780603863738,0.9720806704516626,0.1699045592277478
google-bristow-va,2023-05-19,3,27.657866611894978,0.5978226686390813,0.9717482455083752,0.18583338197265
google-bristow-va,2023-05-19,4,26.392166951080956,0.5985104465118916,0.9741942752868736,0.1880892524835033
google-bristow-va,2023-07-06,0,36.78740661757353,0.5277797572799798,0.9779755308543514,0.1734833118750622
google-bristow-va,2023-07-06,1,34.66837800310386,0.8127246092083559,0.98188983861327,0.1791490521922365
google-bristow-va,2023-07-06,2,34.52054034202864,0.7366098386469623,0.9792439339126128,0.2097657887122127
google-bristow-va,2023-07-06,3,35.8796899620596,0.6875875535417781,0.9757800310427082,0.1798520078830262
google-bristow-va,2023-07-06,4,35.686008813879894,0.7108047489855708,0.9778823735598174,0.1613225053090599
google-bristow-va,2023-08-07,0,35.70788368548709,0.2921618424557126,0.9700840152512784,0.1668580054154543
google-bristow-va,2023-08-07,1,33.53012824946186,0.6257883722364311,0.9773725394074,0.1626765699902548
google-bristow-va,2023-08-07,2,36.0108950593555,0.6040296855973198,0.9721946187628798,0.1578374802568565
google-bristow-va,2023-08-07,3,36.192410010255095,0.5765298776678094,0.9718512074438468,0.1623069022050323
google-bristow-va,2023-08-07,4,34.68329246818444,0.6549909784260615,0.9744023870807526,0.1651420344652207
google-bristow-va,2023-08-23,0,38.753303686684326,0.3208366474283423,0.9714366330786204,0.1830711056006324
google-bristow-va,2023-08-23,1,35.63213519772419,0.6305193759785855,0.9780042861837474,0.1492469203545084
google-bristow-va,2023-08-23,2,37.67357978884294,0.601246941493021,0.972560429168332,0.1489277553421385
google-bristow-va,2023-08-23,3,37.63652970350348,0.5809379573500291,0.971323791066826,0.1481548060955166
google-bristow-va,2023-08-23,4,35.74823831139182,0.6393691830762361,0.9735525761164388,0.149045728062039
google-bristow-va,2023-09-08,0,21.439079854842024,0.2185751276132915,0.9657431534368556,0.2394454421240091
google-bristow-va,2023-09-08,1,26.73796719197947,0.3972157840372747,0.9705880920412204,0.1734371643225723
google-bristow-va,2023-09-08,2,30.417494433136415,0.5399122541237659,0.972220662237952,0.1642252397695522
google-bristow-va,2023-09-08,3,33.68765686301939,0.522618255475892,0.9712124840757728,0.1583176526694376
google-bristow-va,2023-09-08,4,32.37814684804576,0.5645918017121327,0.972619888968779,0.1567759092882769
google-bristow-va,2023-10-10,0,25.988143485375875,0.2965834508821615,0.9702910885096178,0.1626648648406878
google-bristow-va,2023-10-10,1,24.15391105339652,0.5906877117489412,0.9760223755964812,0.1282717888107971
google-bristow-va,2023-10-10,2,25.374603577090262,0.5899939410229041,0.971596032912536,0.1332489177447396
google-bristow-va,2023-10-10,3,25.457865940231507,0.5660912907907508,0.9703643267198032,0.1373297713412161
google-bristow-va,2023-10-10,4,24.37591637525291,0.5772303838333226,0.9714889313850288,0.1319775640244704
google-bristow-va,2023-10-26,0,25.86924355678807,0.2682220451243844,0.9698298676791892,0.1675032280177299
google-bristow-va,2023-10-26,1,24.86047051197078,0.5004075098531937,0.9747555135227632,0.1307972244994102
google-bristow-va,2023-10-26,2,25.793626520721457,0.5204604239966473,0.9709069136594168,0.1310594378516746
google-bristow-va,2023-10-26,3,26.08467668823768,0.5146692131264554,0.9698004776856414,0.1218627678183754
google-bristow-va,2023-10-26,4,26.440068117484714,0.5353906638073622,0.9715330891926274,0.1236417258727772
google-bristow-va,2023-11-11,0,13.710223877534707,0.2634644364433644,0.9694599358194502,0.1154899416699453
google-bristow-va,2023-11-11,1,13.430936652140696,0.4725194826426638,0.9743836212444962,0.0959699578445734
google-bristow-va,2023-11-11,2,14.331086386100882,0.4877586249985153,0.970711291690742,0.1012223275363198
google-bristow-va,2023-11-11,3,14.194207950617196,0.4728625384695396,0.969584298552292,0.105587325267316
google-bristow-va,2023-11-11,4,13.944342278162882,0.4917348095939495,0.9708337193076314,0.1053826804120186
google-bristow-va,2023-11-27,0,9.282551080743447,0.4436827617315339,0.977027368641699,0.1453483244080141
google-bristow-va,2023-11-27,1,10.654199825544826,0.4644709881600071,0.9761506734761062,0.1402211861215158
google-bristow-va,2023-11-27,2,11.652005375047706,0.4939099892151201,0.9722615457384424,0.1271757102276463
google-bristow-va,2023-11-27,3,11.51515226422275,0.4914512900474998,0.970452965772272,0.1295855232063154
google-bristow-va,2023-11-27,4,10.639606071867854,0.4770684539787475,0.9703172538777772,0.12091094520706
google-bristow-va,2023-12-29,0,10.237019756462407,0.3161458108115768,0.96808638028531,0.0397830375026535
google-bristow-va,2023-12-29,1,10.41314535309094,0.385327094478303,0.9702800676582352,0.0774461598158793
google-bristow-va,2023-12-29,2,11.022788062714092,0.3952168693174505,0.9686966324763036,0.0877442734465651
google-bristow-va,2023-12-29,3,11.139140816161373,0.3875872804595656,0.9682546097203412,0.1249847019895912
google-bristow-va,2023-12-29,4,11.132283968490468,0.4028654144327566,0.968102472217601,0.1261615663275005
google-bristow-va,2024-01-14,0,6.230775642494379,0.28896789843415,0.9719632801325006,0.1077362245319911
google-bristow-va,2024-01-14,1,6.471329955568006,0.4235650544101286,0.9738927971285396,0.1077192463932239
google-bristow-va,2024-01-14,2,7.158666769856714,0.4174990997860283,0.9696034518190436,0.110613378689618
google-bristow-va,2024-01-14,3,7.298764864952469,0.4161667238939678,0.968925521709349,0.1090063315050584
google-bristow-va,2024-01-14,4,7.010882354592019,0.4004442970788781,0.9693631012604258,0.111481558424458
google-bristow-va,2024-05-21,0,35.741941590551555,0.3277480033350178,0.971478356154425,0.2268897781500833
google-bristow-va,2024-05-21,1,33.46224264646982,0.6150288369607423,0.9770921459998596,0.1745864963971984
google-bristow-va,2024-05-21,2,35.582955559269216,0.6224021319021912,0.9723813665717008,0.164839468159072
google-bristow-va,2024-05-21,3,36.236787668383805,0.6150424887424489,0.9718346632785368,0.1632834945592489
google-bristow-va,2024-05-21,4,34.21373141144245,0.6388744853259459,0.9735893012528484,0.1623845882571361
google-bristow-va,2024-06-22,0,48.48856002766698,0.3415905896553327,0.97214103162849,0.2188065055639362
google-bristow-va,2024-06-22,1,44.366907583596536,0.6260001160090981,0.978402175727022,0.1730608452092246
google-bristow-va,2024-06-22,2,46.61106403961981,0.5892929839746202,0.9726491287274038,0.1684465598691632
google-bristow-va,2024-06-22,3,46.68586527092761,0.5807139235439229,0.9716105708554252,0.1653205495969931
google-bristow-va,2024-06-22,4,44.60929955471879,0.6193820372966538,0.973581856955166,0.1681698429052801
google-bristow-va,2024-08-25,0,37.150845729540784,0.3603741622370328,0.9716328160350364,0.2032419448380754
google-bristow-va,2024-08-25,1,34.91576263116907,0.6241679650256935,0.976814514236042,0.1500536423026594
google-bristow-va,2024-08-25,2,36.85517998522908,0.6008379647792778,0.971768838390278,0.1484915128324413
google-bristow-va,2024-08-25,3,36.91815465893817,0.5893890596209937,0.970689085569676,0.1465734586442232
google-bristow-va,2024-08-25,4,35.26238504018004,0.6381585870786786,0.9726138011694871,0.1480711064263939
google-bristow-va,2024-09-10,0,35.07771697108553,0.3194656978376941,0.9715885638612004,0.213545185997306
google-bristow-va,2024-09-10,1,33.21893490123986,0.6376798416637944,0.9785818486486316,0.145172341110982
google-bristow-va,2024-09-10,2,34.90009380529819,0.6084792869487752,0.972806977525104,0.1436874369140133
google-bristow-va,2024-09-10,3,34.81946296271458,0.5912373863522474,0.9717285565928808,0.1430503331737655
google-bristow-va,2024-09-10,4,33.28685579859715,0.6368043693307046,0.9738607776563862,0.1450895917527887
google-bristow-va,2024-10-12,0,28.149048750204884,0.3156240138693032,0.9704373122597868,0.1927010115971094
google-bristow-va,2024-10-12,1,27.50406350221975,0.5913923046281007,0.9757305951106334,0.12730937171068
google-bristow-va,2024-10-12,2,28.791270127476224,0.5764554519440762,0.9711491572719956,0.1271083909635105
google-bristow-va,2024-10-12,3,28.72422104235144,0.5657206458798839,0.9701120025952517,0.1272006803852851
google-bristow-va,2024-10-12,4,27.90026156648753,0.5931470839487851,0.971791743508362,0.1279612493442692
google-bristow-va,2024-10-28,0,20.086048065584023,0.2760768611648042,0.9698389828684892,0.1825598602027612
google-bristow-va,2024-10-28,1,19.08072207157966,0.5289536439984259,0.9750333650767,0.1236969708106599
google-bristow-va,2024-10-28,2,20.39045416861107,0.5158139364819124,0.970610263674048,0.1243177414666999
google-bristow-va,2024-10-28,3,20.26710499303675,0.5081627352446766,0.9695667716516032,0.1233740153860285
google-bristow-va,2024-10-28,4,19.744752573060385,0.5260460335197277,0.9711006093301874,0.1268256220842125
google-bristow-va,2024-11-13,0,11.781195694428542,0.2479510054696528,0.9688736486681055,0.170115199598056
google-bristow-va,2024-11-13,1,10.93128262324439,0.4576156634878996,0.9737607260639052,0.1148208416823377
google-bristow-va,2024-11-13,2,12.18199383380917,0.4503835360840026,0.9696572704293264,0.1155995516146086
google-bristow-va,2024-11-13,3,12.03284537935984,0.4434615407470267,0.968548674228344,0.1174709234230576
google-bristow-va,2024-11-13,4,11.260121211269992,0.4609793633258235,0.9699597810907415,0.1206061520644011
google-bristow-va,2024-12-31,0,11.807966996240143,0.232256861767533,0.9686421972521218,0.1294119483347882
google-bristow-va,2024-12-31,1,12.283591395386004,0.4037605112631928,0.9722233482212383,0.1047421778430541
google-bristow-va,2024-12-31,2,13.002970680059253,0.4139201962325892,0.969114062518882,0.105906563429533
google-bristow-va,2024-12-31,3,12.984402394092198,0.4005301240050675,0.9677165203420428,0.1077748789509823
google-bristow-va,2024-12-31,4,12.754945968822812,0.4077231964207291,0.9690155902066354,0.1089137409589831
google-bristow-va,2025-02-01,0,8.931019565502304,0.2005103030050513,0.968887964617336,0.1950939505969412
google-bristow-va,2025-02-01,1,9.087111555551534,0.3742371504212085,0.9725141602913512,0.1147760323303909
google-bristow-va,2025-02-01,2,9.685110424473583,0.3796279192338893,0.9692058191011448,0.1235739598336367
google-bristow-va,2025-02-01,3,10.139050438242862,0.348175574480513,0.9674414787299253,0.1250571575276644
google-bristow-va,2025-02-01,4,9.601983866836353,0.3865040444856319,0.969750163077172,0.1129753213523628
google-bristow-va,2025-02-17,0,6.317466006711121,0.1799477390463527,0.9696187918602112,0.1921351415168026
google-bristow-va,2025-02-17,1,6.820881376567488,0.3517056875378573,0.9729979171654312,0.1213524587789864
google-bristow-va,2025-02-17,2,7.675092937766127,0.3514915030613381,0.9695404318743636,0.1211909608908159
google-bristow-va,2025-02-17,3,7.637515896074628,0.3423089760603552,0.9684814648009884,0.1236088613554626
google-bristow-va,2025-02-17,4,6.980077484036156,0.3403592188073928,0.969701708630951,0.1220226734042153
google-bristow-va,2025-03-21,0,17.997178684170187,0.1890692312583474,0.968730262636024,0.2090053726623979
google-bristow-va,2025-03-21,1,18.333353904107327,0.3563157797583173,0.9729780875045988,0.1387953449149632
google-bristow-va,2025-03-21,2,19.21942967384641,0.3791629930050747,0.969777798780302,0.1355097805409076
google-bristow-va,2025-03-21,3,18.96359975011344,0.371286365259197,0.9686311131613388,0.1374476497981288
google-bristow-va,2025-03-21,4,18.213101118747392,0.3755156114595743,0.9700446032818484,0.1379739875637872
google-bristow-va,2025-04-22,4,21.114130121763043,0.5392466026627832,0.9753614064208884,0.2366940845972902
google-bristow-va,2025-05-08,0,32.25779111456116,0.3717400183922577,0.9722851520949366,0.237969268100123
google-bristow-va,2025-05-08,1,29.69404036760618,0.6363108470949167,0.979255929595053,0.2034504778100642
google-bristow-va,2025-05-08,2,32.229403627577945,0.6596781940532463,0.9736395945429458,0.1751716333842171
google-bristow-va,2025-05-08,3,32.16476922056024,0.597766201068045,0.9715588127671064,0.1763891495614521
google-bristow-va,2025-05-08,4,31.22235935824971,0.6771967625464964,0.9756409451882576,0.1786163253688321
google-bristow-va,2025-05-24,0,30.376524486148007,0.3362708917276436,0.9718695658692146,0.2493760921742999
google-bristow-va,2025-05-24,1,28.326720573373883,0.6461355291332268,0.97859111536487,0.1772747329725812
google-bristow-va,2025-05-24,2,30.549935398208248,0.618318018953518,0.9727887583957384,0.1732613671369537
google-bristow-va,2025-05-24,3,30.053727946704583,0.5944142075298866,0.971587398672228,0.180767823932632
google-bristow-va,2025-05-24,4,27.978822917923004,0.6280966543985157,0.9729894799608404,0.1757737138930907
google-bristow-va,2025-06-09,0,35.37082601079037,0.257115813407369,0.9688842544755842,0.2263360246602669
google-bristow-va,2025-06-09,1,34.180681674948474,0.5958696967639624,0.9784203337249376,0.1808799474289877
google-bristow-va,2025-06-09,2,35.24892377903774,0.6334370070285226,0.9742808248618192,0.1841769389701303
google-bristow-va,2025-06-09,3,34.63059458485111,0.6314624176004309,0.9719541505043844,0.1848322995302329
google-bristow-va,2025-06-09,4,33.70004525369285,0.656207208512942,0.9748049598457608,0.1810608539873571
google-bristow-va,2025-06-25,0,45.902002142991975,0.3599532987731342,0.9726340958031594,0.2402773737476261
google-bristow-va,2025-06-25,1,42.371324043002275,0.6431295320134466,0.978771503306912,0.1751738687395492
google-bristow-va,2025-06-25,2,44.265637365007706,0.5950982385268044,0.9723444468671693,0.1725959851140124
google-bristow-va,2025-06-25,3,45.15978438865889,0.5711885639002853,0.970336921511374,0.1731607023338106
google-bristow-va,2025-06-25,4,41.87042804592589,0.6600265023934773,0.9744823348619996,0.1737162403503749
google-bristow-va,2025-07-11,0,36.71456224040643,0.3257385561307566,0.9698720557175902,0.2440603179308465
google-bristow-va,2025-07-11,1,35.763242346380686,0.6047991730667022,0.9751907355002586,0.1663881872211475
google-bristow-va,2025-07-11,2,37.790274969507394,0.6458649240048623,0.9719944308640176,0.1652996541836593
google-bristow-va,2025-07-11,3,37.80908287711673,0.6582266964108845,0.9705068672307352,0.1722821507367785
google-bristow-va,2025-07-11,4,35.04833440100102,0.6820898966081148,0.9744917655906052,0.1701891346773342
google-bristow-va,2025-07-27,1,40.08710030710866,0.5368810356112779,0.9733578270192996,0.1919376584676554
google-bristow-va,2025-07-27,2,37.06602957266553,0.6208800153420616,0.9669115954251865,0.1719851882091579
google-bristow-va,2025-07-27,3,38.142869333345296,0.6602899065229649,0.9680055909602464,0.1946821606893954
google-bristow-va,2025-07-27,4,37.686982083015785,0.661423639686879,0.967305290268912,0.1721452678136453
google-bristow-va,2025-08-12,2,33.971966317270635,0.5787070621194419,0.9697453350999224,0.2049276055056862
google-bristow-va,2025-08-12,3,33.8910937215529,0.6654082629058921,0.969151153438774,0.1761325880602481
google-bristow-va,2025-08-12,4,35.03540779996859,0.540895305308105,0.967904429197438,0.192050918579584
google-bristow-va,2025-08-28,0,35.158249806805976,0.3355520031638104,0.9719574896192046,0.2190170157784119
google-bristow-va,2025-08-28,1,32.81125967602043,0.6433335911912683,0.9788069799842812,0.1502638480677832
google-bristow-va,2025-08-28,2,35.08158160543638,0.5968409439507896,0.9727165113055852,0.1494025565647192
google-bristow-va,2025-08-28,3,34.7153231520114,0.5757562493912806,0.9715075411439156,0.1501110820763744
google-bristow-va,2025-08-28,4,32.18017986998108,0.6116458670870751,0.9730987999408972,0.1515611997490412
google-bristow-va,2025-09-13,0,34.77772188772432,0.3215897260668282,0.9707595044476142,0.2050544913596569
google-bristow-va,2025-09-13,1,33.20478990604845,0.6069733715137708,0.9766454588683556,0.1372536911260301
google-bristow-va,2025-09-13,2,35.17313396912779,0.5606744643188283,0.9714235065858844,0.1372969443001795
google-bristow-va,2025-09-13,3,35.02929512987441,0.5437968273203845,0.9703040215267648,0.1377211047999861
google-bristow-va,2025-09-13,4,33.58937141488961,0.5899932054870104,0.9722517932312232,0.1367605527668458
google-bristow-va,2025-10-15,0,22.95201307452659,0.3234420732815072,0.9711278253750352,0.2098007598917486
google-bristow-va,2025-10-15,1,23.05119329376029,0.4729519912001603,0.9758372689467296,0.1773108377455612
google-bristow-va,2025-10-15,2,24.672945977941733,0.4910474674151937,0.9715107408274064,0.1595533736279119
google-bristow-va,2025-10-15,3,26.195435160280105,0.5183751200982928,0.9683731685070972,0.1369105161881315
google-bristow-va,2025-10-15,4,25.86438560326089,0.5450891405030788,0.9689701317216736,0.1310294278254085
google-bristow-va,2025-10-31,0,17.098827629235736,0.2770482063414568,0.9703122709555216,0.1982665498840016
google-bristow-va,2025-10-31,1,16.87659173016547,0.4717705650469571,0.974184762219559,0.127863346788728
google-bristow-va,2025-10-31,2,18.383295669771535,0.4746415260457725,0.9704893222863752,0.1300832555871031
google-bristow-va,2025-10-31,3,18.164841460476858,0.4672008465365829,0.9695678536482728,0.130921851823288
google-bristow-va,2025-10-31,4,17.422114560019086,0.4631404815646762,0.9720364107363444,0.1295822464422907
google-bristow-va,2025-11-16,0,17.141534128345242,0.2643019293847932,0.9693791582104956,0.1856160434938172
google-bristow-va,2025-11-16,1,17.64529456797675,0.4268327359966128,0.9730536294634464,0.1250817866900863
google-bristow-va,2025-11-16,2,18.346377752156315,0.4292416960365405,0.9697635951996796,0.1190349960836842
google-bristow-va,2025-11-16,3,18.1555207679881,0.4224673628977696,0.9683081457650172,0.1180402348835548
google-bristow-va,2025-11-16,4,17.787458098096298,0.4259387283455758,0.9705597186791338,0.1205368053119983
google-bristow-va,2025-12-18,0,6.250175785572457,0.314777667369004,0.9729960126030706,0.1308197214803914
google-bristow-va,2025-12-18,1,6.817207348868703,0.3625829521870085,0.973571209624384,0.1389990996073653
google-bristow-va,2025-12-18,2,7.564356853664909,0.3752264130515494,0.9689747708701733,0.1394247381278236
google-bristow-va,2025-12-18,3,7.673982431174712,0.3703996652911667,0.9683894009728048,0.1379407273203022
google-bristow-va,2025-12-18,4,7.684267647926632,0.3794086644850435,0.969238765740302,0.1396641388222487
google-bristow-va,2026-01-19,0,3.3190096953123245,0.2799089085834542,0.9708384219554036,0.125063297254947
google-bristow-va,2026-01-19,1,3.424891339964328,0.3964488708024736,0.9723972878622,0.1094318116967858
google-bristow-va,2026-01-19,2,4.380324758413255,0.3847527003446144,0.968923597941361,0.1144858743150379
google-bristow-va,2026-01-19,3,4.386244774692683,0.3748491532384512,0.9677690601212324,0.1130956081679037
google-bristow-va,2026-01-19,4,4.145872724599052,0.3677519680797296,0.96892012294371,0.1155797581188596
google-bristow-va,2026-02-04,0,0.0466564688006633,0.0130800803621775,0.988882499386704,0.4250958922182419
google-bristow-va,2026-02-04,1,0.3766596248688507,0.1112283640151053,0.9875765164743128,0.3241178172740924
google-bristow-va,2026-02-04,2,1.0587168840109271,0.0824756014007091,0.988027852405536,0.3103180879591512
google-bristow-va,2026-02-04,3,1.3340583806797743,0.0890769534631245,0.9864671600140332,0.2821378402274653
google-bristow-va,2026-02-04,4,0.6010275206828413,0.0807481674782784,0.9871266631024668,0.313175056306444
google-bristow-va,2026-03-24,0,17.874791572222875,0.2126775691297668,0.9687299717806458,0.2077081992364019
google-bristow-va,2026-03-24,1,17.96681007947998,0.3632495398425611,0.9722592352926036,0.1368695259321121
google-bristow-va,2026-03-24,2,19.330578391718493,0.3964262340626452,0.9693791012314652,0.1354101272227113
google-bristow-va,2026-03-24,3,19.2036569373822,0.3881386240244723,0.9681698082363748,0.1351365209080405
google-bristow-va,2026-03-24,4,18.447912204037436,0.3881328794950087,0.9695035026789316,0.1339161801710917
google-bristow-va,2026-04-09,0,16.56789097161972,0.2459545600959273,0.9701075509320656,0.2077385421491746
google-bristow-va,2026-04-09,1,16.085891735890524,0.3788380583153626,0.9733597312355008,0.1511992861303891
google-bristow-va,2026-04-09,2,16.71366179114136,0.4245867845477497,0.970112342318568,0.1496952339405755
google-bristow-va,2026-04-09,3,15.943026830633311,0.4279043171382516,0.9690684426002432,0.1503589958850744
google-bristow-va,2026-04-09,4,14.643832999478038,0.4414117848995309,0.9698947450778294,0.149682079012766
google-bristow-va,2026-07-14,0,28.28381823718661,0.492136243649262,0.9741924067259676,0.1920673423028762
google-bristow-va,2026-07-14,1,26.94333903762577,0.6414578945125881,0.9769164616236382,0.1729768123212943
google-bristow-va,2026-07-14,2,29.1947540636006,0.6306451706279168,0.972362127712798,0.1688655462995136
google-bristow-va,2026-07-14,3,28.598410127724865,0.6277717417535714,0.9710805869496716,0.1644078523209342
google-bristow-va,2026-07-14,4,28.312673841993774,0.6565170415583824,0.9716631627371723,0.1713421947613709
google-bristow-va,2026-07-30,0,38.24493079773891,0.3857837244906889,0.9723972055897292,0.2311473183058632
google-bristow-va,2026-07-30,1,35.94485292121677,0.6798493945107882,0.978416730397332,0.1645807915736087
google-bristow-va,2026-07-30,2,38.258973553070845,0.6400385852872568,0.9725464031352068,0.1623456823900333
google-bristow-va,2026-07-30,3,38.6089549739271,0.6131895746831361,0.9713162877794972,0.1608069228017874
google-bristow-va,2026-07-30,4,36.72307446961264,0.6585323227732204,0.9734414071108232,0.1622196510036929
google-bristow-va,2026-08-15,0,38.21278142747609,0.4465906478198513,0.9739308565742472,0.2079104901910277
google-bristow-va,2026-08-15,1,36.01385965237982,0.6768971227521393,0.9786098345496556,0.1575774059832413
google-bristow-va,2026-08-15,2,38.252586235670115,0.6565642338784363,0.9730711322600506,0.1569163733795072
google-bristow-va,2026-08-15,3,38.651279050900385,0.6347161047712718,0.9719731027699984,0.153722643495381
google-bristow-va,2026-08-15,4,36.1525091054099,0.6949184683945555,0.9746003730746882,0.1561047367523275
google-bristow-va,2026-08-31,0,20.83030163864045,0.7997499065847531,0.9831867620751342,0.1825190930933214
google-bristow-va,2026-08-31,1,23.81035600660587,0.7434007213525728,0.981523064632898,0.1740711808359963
google-bristow-va,2026-08-31,2,29.590832667361735,0.6604402786070512,0.9757164338126294,0.1659148485980674
google-bristow-va,2026-08-31,3,32.005352594797785,0.6257673391678126,0.9703965701709292,0.1594088100027361
google-bristow-va,2026-08-31,4,31.52829886400428,0.6660197360476103,0.9715628239849708,0.1685920044011952
google-bristow-va,2026-09-16,0,32.739605264138184,0.4127224864517336,0.9732605711482024,0.2027031853848046
google-bristow-va,2026-09-16,1,30.873174273874344,0.6840037630076873,0.9789947521773168,0.1408786709868725
google-bristow-va,2026-09-16,2,32.90481996776966,0.643421577430198,0.9728240800899156,0.1398869206052456
google-bristow-va,2026-09-16,3,33.25810785036868,0.6144059137197342,0.971587871352544,0.1388240144604275
google-bristow-va,2026-09-16,4,31.74996940854926,0.6578852624341895,0.9737147913918356,0.139544556245357
google-bristow-va,2013-03-28,2,14.600610664948844,0.4888036260173477,0.9653589242941132,0.1227595229382304
google-bristow-va,2013-03-28,3,16.16228899862967,0.4404199133404389,0.968931657757234,0.138482120811269
google-bristow-va,2013-03-28,4,13.741507952310895,0.4237183481295667,0.9759748982504248,0.1534647564444184
google-bristow-va,2013-05-14,0,15.865708370895048,0.8055379276622866,0.9817760084241474,0.1644877812818911
google-bristow-va,2013-05-14,1,18.16974692137388,0.7150717673434102,0.978933179360242,0.1622567481636211
google-bristow-va,2013-05-14,2,21.458455147146683,0.6375134424295731,0.9717785340411162,0.159303829139387
google-bristow-va,2013-05-14,3,22.385008188168236,0.6032525647552426,0.9706123115754672,0.1581886294618768
google-bristow-va,2013-05-14,4,20.86265190186426,0.6592365864965988,0.971907352875558,0.1608220426837932
google-bristow-va,2013-05-30,0,33.19842674346522,0.8613319329403374,0.9834458389880116,0.1612544442132659
google-bristow-va,2013-05-30,1,35.55666372932786,0.7668349279098942,0.980299369834992,0.1595753717373832
google-bristow-va,2013-05-30,2,39.53854096527069,0.6760571407505557,0.9724706738251871,0.1540873848436315
google-bristow-va,2013-05-30,3,40.49725002388214,0.6328919002838778,0.9713237716142716,0.1531885101900698
google-bristow-va,2013-05-30,4,38.57993453593773,0.6706738082534277,0.9732372489257576,0.1556710007125192
google-bristow-va,2013-06-15,0,28.29221488490673,0.8782567320390845,0.9844306219617917,0.1585638688638972
google-bristow-va,2013-06-15,1,30.815221244127898,0.7813817502904491,0.981057972003426,0.1562602708784068
google-bristow-va,2013-06-15,2,34.5629825169406,0.6791198063033813,0.972764829581662,0.1551381426427181
google-bristow-va,2013-06-15,3,35.213481098685456,0.6335168299418675,0.9716113424969774,0.156232520215604
google-bristow-va,2013-06-15,4,33.564080666535254,0.6896083582622335,0.9725460148104338,0.1607525164777807
google-bristow-va,2013-07-17,0,32.30467887312534,0.8582372173596166,0.983799478483472,0.1418206991698288
google-bristow-va,2013-07-17,1,34.5830977201461,0.7746136298976187,0.9807126232680456,0.1468948280309829
google-bristow-va,2013-07-17,2,38.04365048511787,0.6889325498316369,0.9726329674254264,0.1506732982775744
google-bristow-va,2013-07-17,3,38.90171010801073,0.6446073131083587,0.971458495100463,0.1511511065725261
google-bristow-va,2013-07-17,4,37.069517510501875,0.6892207291574668,0.9739268369325412,0.1562436996549979
google-bristow-va,2013-08-02,0,27.795751587227468,0.8391701991852882,0.9837635201684845,0.1414985499755355
google-bristow-va,2013-08-02,1,30.051619042899546,0.7703657201063864,0.9809788356406236,0.1452907933602207
google-bristow-va,2013-08-02,2,34.128620303907304,0.6953090543760289,0.9730163028550476,0.1464936795042618
google-bristow-va,2013-08-02,3,34.586853059857724,0.6482510737247487,0.9726729403900414,0.1519499929084359
google-bristow-va,2013-08-02,4,32.55256932917076,0.6922687575749175,0.9748729648415444,0.1525197442980672
google-bristow-va,2013-09-19,0,23.086590298288563,0.8455950694758723,0.9844108243047576,0.122209514139248
google-bristow-va,2013-09-19,1,25.012113385560827,0.7475354417580212,0.9810108206821216,0.1259485283786792
google-bristow-va,2013-09-19,2,28.206646962158192,0.6422578780282039,0.9727502436033524,0.128235979927491
google-bristow-va,2013-09-19,3,28.96006278695715,0.5891818063745708,0.9714647616182716,0.1298616454331194
google-bristow-va,2013-09-19,4,27.97688164537824,0.621257079792074,0.9732815383674784,0.1308004863894544
google-bristow-va,2013-10-05,0,31.173389340688388,0.8036832733463295,0.9810286153259578,0.1169389625879976
google-bristow-va,2013-10-05,1,32.7596731992341,0.7049965803300166,0.9783307711162008,0.1220736186105769
google-bristow-va,2013-10-05,2,35.068853468202605,0.6135548452261681,0.9716998591016528,0.1214466758246179
google-bristow-va,2013-10-05,3,35.87778910091275,0.5687102540827829,0.97002943877876,0.1282731145036614
google-bristow-va,2013-10-05,4,34.79618756272085,0.5926677821491795,0.9718403198783668,0.1259264520418269
google-bristow-va,2013-10-21,0,18.493568649629346,0.7539512821971329,0.9813715498890236,0.1045800992072742
google-bristow-va,2013-10-21,1,19.64384589507387,0.6581173336070241,0.9785973094299312,0.1104201455722133
google-bristow-va,2013-10-21,2,21.71152502060159,0.6014181795230019,0.9717806696075824,0.1144409474965088
google-bristow-va,2013-10-21,3,22.196381872765553,0.5666342098182009,0.9706603272771642,0.1158838453305336
google-bristow-va,2013-10-21,4,21.43575575087636,0.5770873140090492,0.9722904473167798,0.1158803101454053
google-bristow-va,2013-11-06,0,18.0812793944064,0.6164675125198119,0.97713646076825,0.1005667918344649
google-bristow-va,2013-11-06,1,18.878978076669775,0.5383828874021567,0.9754075353838368,0.1074513659501491
google-bristow-va,2013-11-06,2,20.29208931209,0.512408733004938,0.9701935596592628,0.1145461024424278
google-bristow-va,2013-11-06,3,20.4346499166861,0.4994466546333802,0.9692851190853132,0.116243652489251
google-bristow-va,2013-11-06,4,19.749784307695265,0.5040266970634218,0.9705888014273544,0.1157946579667731
google-bristow-va,2013-12-24,2,-0.2700518159564687,0.4073281345230056,0.9695384452109312,0.1459813411086052
google-bristow-va,2013-12-24,3,0.575558285375915,0.4022742624711681,0.9645194755036034,0.1275310783287981
google-bristow-va,2013-12-24,4,0.3627015783915939,0.4217471100411684,0.960417467980712,0.1058670336094202
google-bristow-va,2014-02-26,2,-4.243178676849407,0.16603781191928,0.9858261885042238,0.2763848736201755
google-bristow-va,2014-02-26,3,-1.0648190349075235,0.3652252612365615,0.9762252008950084,0.1165332987542809
google-bristow-va,2014-02-26,4,-0.3826410561218562,0.2999710895511338,0.973824003836642,0.2214843622819557
google-bristow-va,2014-03-14,0,4.756981063852795,0.3686681006860078,0.973086700647696,0.1129482935912925
google-bristow-va,2014-03-14,1,4.777822940335196,0.3269442673955403,0.9724795246564168,0.1185171747467408
google-bristow-va,2014-03-14,2,6.173130381203085,0.3076650879033213,0.9700217062003488,0.1234691186368218
google-bristow-va,2014-03-14,3,6.733207085058272,0.31148415885652,0.9690947618386484,0.1234585563978753
google-bristow-va,2014-03-14,4,6.747302675529748,0.3170594496590252,0.9694700447919224,0.1230181980870488
google-bristow-va,2014-05-01,0,21.674623343784816,0.4544172986044692,0.9715422016079152,0.1377978059931973
google-bristow-va,2014-05-01,1,24.702837647631732,0.4908266238035593,0.971277040173156,0.1343207550964488
google-bristow-va,2014-05-01,2,24.812821805328113,0.4303333477515798,0.9666937782852402,0.1451495518469556
google-bristow-va,2014-05-01,3,27.244569198374283,0.4763962218129609,0.9692725781291934,0.1342581902275337
google-bristow-va,2014-05-01,4,27.45022411940406,0.5265008340151102,0.9707963704743504,0.1358858515021239
google-bristow-va,2014-05-17,0,18.44129509286879,0.7885614297099484,0.9832368824431084,0.1845972917428665
google-bristow-va,2014-05-17,1,19.506645611393587,0.7569947150605887,0.9829051320876292,0.1983231586308956
google-bristow-va,2014-05-17,2,23.84380631508791,0.6853243412760879,0.9744640673344,0.1574600425844153
google-bristow-va,2014-05-17,3,25.161049884728666,0.5817361083540229,0.9733653314195372,0.189236532064989
google-bristow-va,2014-05-17,4,23.96790171118186,0.6556410721426907,0.9753401426225884,0.1741838925237954
google-bristow-va,2014-06-02,0,26.174110341753547,0.8694299301003965,0.9856299688179416,0.1690339471281641
google-bristow-va,2014-06-02,1,28.99822944111497,0.7532454913621265,0.981561210767422,0.1681296772477567
google-bristow-va,2014-06-02,2,32.94355935071126,0.657886183437163,0.973049150997907,0.1634419339518712
google-bristow-va,2014-06-02,3,33.94232921361173,0.6289655327564371,0.9720310670789052,0.1601854487175842
google-bristow-va,2014-06-02,4,31.985341838332552,0.6831935352637214,0.973597300314387,0.166962094225967
google-bristow-va,2014-06-18,0,30.988283454145897,0.8501057030382001,0.984385096755123,0.1812464262389886
google-bristow-va,2014-06-18,1,32.263441959387656,0.7601711868268476,0.9809959426331712,0.1725705006176587
google-bristow-va,2014-06-18,2,36.11814781922502,0.6813219327654764,0.9713183225035196,0.146650483892989
google-bristow-va,2014-06-18,3,37.187521019771715,0.629042057067119,0.9725711148136328,0.1587994665898157
google-bristow-va,2014-06-18,4,34.97253813835855,0.6860589944777781,0.9738546785314568,0.1594162164640488
google-bristow-va,2014-07-04,0,26.103281189895483,0.8849457872787455,0.9836681348408456,0.148431550104099
google-bristow-va,2014-07-04,1,28.147213414796298,0.7773345844081737,0.9803190353709408,0.1470435607994056
google-bristow-va,2014-07-04,2,31.847679842359003,0.6727127801259509,0.972346072577426,0.1463957570734547
google-bristow-va,2014-07-04,3,32.4891093035545,0.6393249977131878,0.971390286131986,0.1476335131025003
google-bristow-va,2014-07-04,4,30.736432424562818,0.6861874870856802,0.972839738120695,0.1504394528639879
google-bristow-va,2014-07-20,0,26.325441877830833,0.7587625018773984,0.9812459584964448,0.175909500534111
google-bristow-va,2014-07-20,1,29.380167506389785,0.7216810851498405,0.9793378184024236,0.1670184793309163
google-bristow-va,2014-07-20,2,33.20963066028487,0.6643191242909431,0.9718617787302442,0.1706733403513979
google-bristow-va,2014-07-20,3,32.85633930109078,0.6630983033220268,0.9720810036904748,0.1675972427363496
google-bristow-va,2014-07-20,4,31.447195280167023,0.7012271601686458,0.9719566621064224,0.1675757215993781
google-bristow-va,2014-08-05,0,29.163868904025232,0.8389136130157243,0.9815932393197838,0.1424271211024167
google-bristow-va,2014-08-05,1,31.382669600561055,0.760402547519115,0.978933738833267,0.1487670210899178
google-bristow-va,2014-08-05,2,35.42059908010264,0.6698527340291632,0.9716454755493702,0.150010463368356
google-bristow-va,2014-08-05,3,36.49224339974493,0.6474383495708438,0.9710311766158596,0.1502539844307193
google-bristow-va,2014-08-05,4,34.7960449916092,0.697992946286207,0.97271611843871,0.1514312520728509
google-bristow-va,2014-08-21,0,12.38958927257646,0.7719351160975501,0.981666260975227,0.1555282286365729
google-bristow-va,2014-08-21,1,14.526643674906902,0.7429378332590172,0.981804697316439,0.1517483770197562
google-bristow-va,2014-08-21,2,19.867550713300105,0.6670613991559287,0.9738497838275127,0.1434847771277105
google-bristow-va,2014-08-21,3,23.283318916838127,0.650872785551846,0.9726436839455412,0.1393943149995845
google-bristow-va,2014-08-21,4,23.398108363940405,0.6913501396175841,0.973234344025204,0.1386437572955278
google-bristow-va,2014-09-06,0,31.428457246723458,0.857811899862671,0.9823648999859284,0.1232573023106494
google-bristow-va,2014-09-06,1,33.64786551692114,0.7626946512991641,0.979529916875712,0.1284509807092193
google-bristow-va,2014-09-06,2,37.22325383168778,0.6779924021308764,0.972149930312206,0.1323900035376417
google-bristow-va,2014-09-06,3,37.98565904171841,0.6450110741498545,0.9710314228744976,0.1327950703178808
google-bristow-va,2014-09-06,4,36.10153675299627,0.685247432751656,0.9729770810834714,0.1341236194670889
google-bristow-va,2014-09-22,0,20.11161594173229,0.8129377146800748,0.9819814698706244,0.1090601895180522
google-bristow-va,2014-09-22,1,22.846410821195256,0.7221628990572337,0.97946207564332,0.1306892315190236
google-bristow-va,2014-09-22,2,26.21517181705016,0.642705888528327,0.9724052866877344,0.1324069228720584
google-bristow-va,2014-09-22,3,25.855837992623297,0.6238200877974027,0.971869341122462,0.1348965666004903
google-bristow-va,2014-09-22,4,24.966837448659582,0.6681770934187623,0.97100360344099,0.1390723718490901
google-bristow-va,2014-10-08,0,21.592167548370647,0.7852111455257955,0.9817379217596606,0.1455862787092808
google-bristow-va,2014-10-08,1,22.833169214138337,0.7103252585027836,0.9795944345640146,0.1338812851990301
google-bristow-va,2014-10-08,2,24.145391864073677,0.6384910291192377,0.9718283771910826,0.1336560149084942
google-bristow-va,2014-10-08,3,24.07348605854703,0.6398623902327948,0.9704108387805166,0.1275980246171731
google-bristow-va,2014-10-08,4,23.49018026434044,0.7171768502265303,0.9749187774715424,0.1329571199199886
google-bristow-va,2014-10-24,1,3.3897476293688475,0.472929231538584,0.9776907214294428,0.186779328692371
google-bristow-va,2014-10-24,2,6.414932875700054,0.458826347090617,0.9704294288373078,0.169802035625122
google-bristow-va,2014-10-24,3,9.774573587308698,0.4611992276258819,0.9661260703778752,0.1599411225925201
google-bristow-va,2014-10-24,4,10.307607077566733,0.5348832446163364,0.9666277519312064,0.1610467343442295
google-bristow-va,2014-11-09,0,7.46233963527096,0.5033495989618542,0.9750609498046022,0.1023698882039793
google-bristow-va,2014-11-09,1,7.811175526970289,0.45631949613444,0.974300427032589,0.1049101453740138
google-bristow-va,2014-11-09,2,8.59532485708526,0.4600920863731889,0.9701062484227572,0.1071694550137325
google-bristow-va,2014-11-09,3,9.549454071948578,0.4626750245340929,0.9690814797864404,0.1006134260843806
google-bristow-va,2014-11-09,4,9.52285809854422,0.4745387375821361,0.9688833967891672,0.1008476122777509
google-bristow-va,2014-12-11,0,3.4279343785197067,0.452685785591947,0.974085612679796,0.1255242732208296
google-bristow-va,2014-12-11,1,3.462150052921186,0.4075889086929489,0.9735031912117004,0.1309378640134175
google-bristow-va,2014-12-11,2,4.57387080816256,0.4184931740224773,0.9692999955970374,0.1381764452989295
google-bristow-va,2014-12-11,3,5.129332108936775,0.4479651659363133,0.969634123404742,0.1356152261950342
google-bristow-va,2014-12-11,4,4.802854736237239,0.4264758480135643,0.9697535127018436,0.1339137883036996
google-bristow-va,2014-12-27,0,10.098047107330848,0.5371448078083734,0.974160605758014,0.0896678925611612
google-bristow-va,2014-12-27,1,10.25181394581798,0.4611480029821073,0.9730825148255428,0.0941133245026566
google-bristow-va,2014-12-27,2,11.264423422887134,0.4402027771072248,0.9689652639582056,0.103576895043964
google-bristow-va,2014-12-27,3,11.215128119191478,0.4460942205909466,0.9681070381376844,0.1041463212996055
google-bristow-va,2014-12-27,4,10.781459129747724,0.4340586943463853,0.9693615254854876,0.1048679323174638
google-bristow-va,2015-01-28,0,1.28595110602619,0.4969336285920581,0.974003776342486,0.0964647735845523
google-bristow-va,2015-01-28,1,1.5833947111204412,0.4183887548351532,0.972862605832692,0.1013086202618723
google-bristow-va,2015-01-28,2,2.7578398747680373,0.3873401255123894,0.9687619750098304,0.1131889062928643
google-bristow-va,2015-01-28,3,2.727574477811305,0.3869985395951805,0.9678968774021712,0.1140787062888528
google-bristow-va,2015-01-28,4,2.2959656233747716,0.3732573737923008,0.9690276792486416,0.1136768054742476
google-bristow-va,2015-02-13,0,-1.5669976245319528,0.4816268176298509,0.973796731557424,0.1003840987981176
google-bristow-va,2015-02-13,1,-0.765952874987891,0.4020204473490829,0.9726645334358142,0.1075469831433584
google-bristow-va,2015-02-13,2,0.7928576117895385,0.3695634572055241,0.9686301641681798,0.1175031339062095
google-bristow-va,2015-02-13,3,0.7036853458406163,0.3633901357648431,0.9676802560723002,0.1189842337285654
google-bristow-va,2015-02-13,4,0.431961892822948,0.3558904154416757,0.968849642691461,0.1195528141806733
google-bristow-va,2015-04-02,0,21.01084873091472,0.4378101801424983,0.9752861555290284,0.1217790737918766
google-bristow-va,2015-04-02,1,21.28039630476694,0.37466390626309,0.9738958577052612,0.1284147628400357
google-bristow-va,2015-04-02,2,21.929252596371555,0.3719315309574555,0.9695071660233692,0.1330401977152048
google-bristow-va,2015-04-02,3,21.505581796917575,0.3687954008450453,0.9685854239441936,0.1343820438478663
google-bristow-va,2015-04-02,4,20.595319787676676,0.3721063799269439,0.969701979498426,0.1341210333334579
google-bristow-va,2015-04-18,0,30.988917365161136,0.4965620299808487,0.975791327121128,0.1234227948366119
google-bristow-va,2015-04-18,1,31.846486564400298,0.431528917920411,0.9743010457864438,0.12878817968449
google-bristow-va,2015-04-18,2,33.448207781202846,0.459338450464579,0.9700759210797528,0.133943791286397
google-bristow-va,2015-04-18,3,33.190715312897694,0.4745451093028239,0.9694874141806786,0.1338283781871542
google-bristow-va,2015-04-18,4,31.8064615458722,0.4817890492863292,0.970924804673626,0.133784214222057
google-bristow-va,2015-05-04,0,30.62664134484372,0.7158400206872155,0.9809450496779676,0.1457226002925757
google-bristow-va,2015-05-04,1,32.572360564863054,0.6057861810833082,0.9777198130535684,0.1462430249658023
google-bristow-va,2015-05-04,2,34.757070170042375,0.5804143373390992,0.9715835154419444,0.14686610785999
google-bristow-va,2015-05-04,3,34.903517541930526,0.5664216375259287,0.9706697350619392,0.145885794437942
google-bristow-va,2015-05-04,4,33.350414750527115,0.5927832720851421,0.9723828200524164,0.1468778516252941
google-bristow-va,2015-05-20,0,15.992097526523771,0.7277051258168982,0.9790766312644658,0.1919775462747664
google-bristow-va,2015-05-20,1,20.37797788938197,0.670887725829327,0.9786559986472892,0.1798891484126937
google-bristow-va,2015-05-20,2,23.807667611362977,0.6342560854918748,0.9715825882085644,0.1673305866967791
google-bristow-va,2015-05-20,3,23.448798222937555,0.613742135307392,0.9710713286078936,0.1646843403367899
google-bristow-va,2015-05-20,4,21.972309209584107,0.6605383041847922,0.9723665650493176,0.1657733873266882
google-bristow-va,2015-06-21,0,32.406166401081734,0.8439747856901024,0.9823124333353008,0.1494153701125866
google-bristow-va,2015-06-21,1,34.0620185919873,0.7337943512813186,0.9791358892728236,0.1608687308175342
google-bristow-va,2015-06-21,2,37.989595139813936,0.6628149789362517,0.9717863517336666,0.1574831767872696
google-bristow-va,2015-06-21,3,39.23710069849312,0.6296792092827906,0.9715476047598662,0.1600155129003932
google-bristow-va,2015-06-21,4,36.93645710654583,0.6966031780600367,0.9736789931325104,0.157245918076554
google-bristow-va,2015-07-07,0,31.710095243759017,0.8008242862244135,0.9828416237364928,0.1432423758716112
google-bristow-va,2015-07-07,1,33.44511494483211,0.7290497792559737,0.980097483158553,0.1461633538046748
google-bristow-va,2015-07-07,2,37.296696887319904,0.673983396677459,0.9726773571886717,0.1454436274133198
google-bristow-va,2015-07-07,3,38.30349216610184,0.6467873561682026,0.9716402077541528,0.1486779153870144
google-bristow-va,2015-07-07,4,36.1258605367495,0.6955367244033571,0.9735359651748168,0.149357899990566
google-bristow-va,2015-07-23,0,29.48015125059426,0.8172245497569539,0.9836850675611284,0.1414088611775426
google-bristow-va,2015-07-23,1,32.28512586215891,0.7334910251365148,0.9806818229546505,0.1454948324053466
google-bristow-va,2015-07-23,2,36.108136909348616,0.671409640568972,0.9730279625633732,0.1447144215416189
google-bristow-va,2015-07-23,3,36.59926264140273,0.6435405042715496,0.9720672850365304,0.1469775187257851
google-bristow-va,2015-07-23,4,34.10097328227176,0.6934593761252011,0.9738396109526904,0.1489363395433605
google-bristow-va,2015-08-08,0,23.156079951711327,0.6906408034289793,0.9802760308048794,0.1945649736176991
google-bristow-va,2015-08-08,1,24.251834766314687,0.6653562588886822,0.9785969910654948,0.2010888613406372
google-bristow-va,2015-08-08,2,32.90688938802287,0.6494017852774789,0.9723847720085426,0.1772410610165652
google-bristow-va,2015-08-08,3,33.48359908050265,0.6221859459716367,0.9703902856763836,0.1693365739597595
google-bristow-va,2015-08-08,4,32.58515376739182,0.6847960798880898,0.9717241698433962,0.1641686360463522
google-bristow-va,2015-08-24,0,33.31568185293271,0.7408473912861931,0.9805439585328546,0.1304311005814069
google-bristow-va,2015-08-24,1,34.040955229255324,0.7209822858546547,0.9793385340228572,0.1344403235355963
google-bristow-va,2015-08-24,2,36.85068475464609,0.6699752649802375,0.9723880547744156,0.1354358194404497
google-bristow-va,2015-08-24,3,37.427648420941736,0.6367738977786778,0.9714117815772126,0.137518738403702
google-bristow-va,2015-08-24,4,35.600826160202956,0.6793350917617788,0.9733075072302388,0.1385216859852361
google-bristow-va,2015-09-09,0,35.08759008262688,0.7232361772253075,0.9812663551486704,0.1233630949437065
google-bristow-va,2015-09-09,1,35.23469084586614,0.7134531293532682,0.9802601706967984,0.1281594334048655
google-bristow-va,2015-09-09,2,37.50519042727742,0.670234950688792,0.9730555173254998,0.1301686126839511
google-bristow-va,2015-09-09,3,38.1780111507912,0.6337029776338576,0.9720129190634688,0.1314965436305923
google-bristow-va,2015-09-09,4,36.86314250278918,0.6632436336002671,0.973861923937774,0.1310818215391705
google-bristow-va,2015-10-11,0,21.25164359000683,0.6076457446309949,0.9765449491965976,0.1074396891624367
google-bristow-va,2015-10-11,1,20.779650220719496,0.6459531578737878,0.9770789481010324,0.1094665402482002
google-bristow-va,2015-10-11,2,22.55285026941689,0.619407373735831,0.971369336225858,0.1139728908103378
google-bristow-va,2015-10-11,3,22.906432758708252,0.5861532894052709,0.9703145450910482,0.1173506670136848
google-bristow-va,2015-10-11,4,21.525864980147382,0.6130414832960592,0.9720426533879952,0.1170795733453217
google-bristow-va,2015-12-14,4,11.33312568328685,0.5744065899564913,0.9581091369001996,0.1124538298187184
google-bristow-va,2016-01-31,0,2.544655553611239,0.0190644397313804,0.9895067016867944,0.4240710507746269
google-bristow-va,2016-01-31,1,3.5031309976771703,0.1309067352840143,0.98839355089862,0.2920600064261517
google-bristow-va,2016-01-31,2,4.677004425807109,0.1058002283415408,0.9887218050793312,0.2670261436538803
google-bristow-va,2016-01-31,3,5.334479850388648,0.1120774146817129,0.9863492949955308,0.2615105932338634
google-bristow-va,2016-01-31,4,4.032523230831195,0.1055143735177375,0.9879276630653332,0.3026145558730493
google-bristow-va,2016-03-03,0,5.8030030015804375,0.3048685912922255,0.9710245564472088,0.1374972538979645
google-bristow-va,2016-03-03,1,5.521916255277789,0.3205344032106362,0.971740046382204,0.1354151074315022
google-bristow-va,2016-03-03,2,6.937963365376466,0.3329140179368113,0.9685256621441014,0.1383516541891024
google-bristow-va,2016-03-03,3,6.996455373514746,0.3243815642893879,0.9674039445264636,0.1420889960991502
google-bristow-va,2016-03-03,4,6.396706927536742,0.3302573063177254,0.9671301244284582,0.1454343687146667
google-bristow-va,2016-04-20,0,30.935499436746763,0.3828714500087757,0.9733783164411604,0.1421910711621897
google-bristow-va,2016-04-20,1,29.25030670807913,0.4415734775301155,0.9745485130224014,0.1363939117113178
google-bristow-va,2016-04-20,2,30.430837068939834,0.4906763484187657,0.9706143449441824,0.1393879269399086
google-bristow-va,2016-04-20,3,30.44777279043615,0.5004923681603914,0.9700553282001064,0.1395058744739032
google-bristow-va,2016-04-20,4,29.120805401166056,0.512105003657691,0.9715714991133366,0.1387157822469042
google-bristow-va,2016-06-07,4,24.31988489574445,0.7577850380356599,0.9725521036863356,0.126549489341214
google-bristow-va,2016-07-09,0,36.0533090686995,0.672683234985949,0.9793117040091258,0.1729246434977552
google-bristow-va,2016-07-09,1,34.82883610523147,0.7676386134584445,0.9817545770791296,0.1702984969384686
google-bristow-va,2016-07-09,2,38.01169257851195,0.6875001334925109,0.9740252582464568,0.1582972401393772
google-bristow-va,2016-07-09,3,38.97008126124424,0.6707680949289062,0.9735554596220736,0.1588409803630974
google-bristow-va,2016-07-09,4,36.834572877307856,0.6814262258678863,0.9728658503932708,0.1644704168497448
google-bristow-va,2016-07-25,0,44.34235501873896,0.6514120406216575,0.9773346085444632,0.1355380184770337
google-bristow-va,2016-07-25,1,44.23865630524118,0.675510904997437,0.9776943913360088,0.1527186583487924
google-bristow-va,2016-07-25,2,46.67321511489947,0.6199885318953903,0.9715704872960662,0.1524197344832754
google-bristow-va,2016-07-25,3,46.96291908993432,0.5977619672210175,0.9708434505100506,0.1507956012475383
google-bristow-va,2016-07-25,4,43.729847637014686,0.6440621879453274,0.9729175336571992,0.1516109727331988
google-bristow-va,2016-08-10,3,18.792104599668473,0.6439238683355542,0.9703821003840992,0.1923969922526751
google-bristow-va,2016-08-10,4,16.1871659383227,0.6655542895606916,0.9636937696387512,0.19404616832653
google-bristow-va,2016-08-26,0,27.20321400448056,0.6757953977482244,0.9794218777409952,0.1676241276174913
google-bristow-va,2016-08-26,1,28.470274609089913,0.6754909944975891,0.9800892428001352,0.1560082564163434
google-bristow-va,2016-08-26,2,31.638052319353186,0.6358097146174562,0.9713900129549088,0.1480894460741693
google-bristow-va,2016-08-26,3,31.92107372582682,0.6034114610965768,0.9721992575779425,0.1523965679571057
google-bristow-va,2016-08-26,4,30.701631229350845,0.6650962221195051,0.973882740746625,0.1543563860553543
google-bristow-va,2016-09-11,2,24.42852401154789,0.428379010056223,0.9736278772658972,0.1605629711019147
google-bristow-va,2016-09-11,3,24.339641030866183,0.5106211621731817,0.9718948566659592,0.1185194001281857
google-bristow-va,2016-09-11,4,22.59218485999487,0.5546352175129818,0.9688586884478584,0.1386054290041449
google-bristow-va,2016-09-27,2,22.910058175450857,0.4423909159915282,0.972254154181422,0.2418054576763824
google-bristow-va,2016-09-27,3,23.804520346712444,0.632990649940736,0.9721947429800576,0.1463940371242368
google-bristow-va,2016-09-27,4,25.265810567740537,0.5673493523223062,0.9658676187343308,0.1605821544105427
google-bristow-va,2016-10-29,0,15.222251906790362,0.5049243031841077,0.975703338742802,0.1265164811154049
google-bristow-va,2016-10-29,1,15.040528126380693,0.5401519041440888,0.9762298441901596,0.1256025627701728
google-bristow-va,2016-10-29,2,16.366134415922748,0.5471876663446102,0.9709136185212814,0.1257008939253613
google-bristow-va,2016-10-29,3,16.14250489133653,0.5522287857266207,0.9703186297848384,0.1267005948605868
google-bristow-va,2016-10-29,4,15.035959643479073,0.5735083390634275,0.9712280408376832,0.1298298467699308
google-bristow-va,2017-02-18,3,9.471510924571708,0.3079033780062001,0.9572304847405,0.1666445632402743
google-bristow-va,2017-02-18,4,9.041274438837656,0.3492988772709083,0.9626479882691188,0.1596749483562676
google-bristow-va,2017-03-06,0,15.814272893770346,0.3542622217018132,0.9729108860334336,0.1301185061308603
google-bristow-va,2017-03-06,1,15.692483491500006,0.3611932409212995,0.973055708116554,0.1245540973183413
google-bristow-va,2017-03-06,2,16.941967776764592,0.3932716583640622,0.9693275987604422,0.1244001716958524
google-bristow-va,2017-03-06,3,16.668348249549464,0.3950157175777148,0.9685663345404406,0.1245344965213206
google-bristow-va,2017-03-06,4,15.936746754139998,0.4041751380975835,0.9699540869655128,0.1243213665649023
google-bristow-va,2017-03-22,0,14.976781122101976,0.3743806297149822,0.9730073470740164,0.1298272480840283
google-bristow-va,2017-03-22,1,14.802655971686717,0.3768925895054572,0.9731731832637864,0.1260346666664006
google-bristow-va,2017-03-22,2,15.861428883924717,0.407928484107794,0.9694530156754976,0.1273689209044917
google-bristow-va,2017-03-22,3,15.54040709469538,0.4082838004464173,0.9687303459939312,0.1278807957798145
google-bristow-va,2017-03-22,4,14.641988808057658,0.4224945403289644,0.9701280106465416,0.1268372879490673
google-bristow-va,2017-04-23,0,9.299192712634444,0.5226060494741798,0.9756566685146132,0.1463487735354487
google-bristow-va,2017-04-23,1,10.138607909417294,0.522140322175327,0.9753594848237064,0.1484318363007942
google-bristow-va,2017-04-23,2,11.931325813261708,0.5282010002336867,0.9703493612566908,0.1514172471188751
google-bristow-va,2017-04-23,3,11.50363942545018,0.4944085939983596,0.969165568320329,0.1577784908535442
google-bristow-va,2017-04-23,4,10.237444790762035,0.5041424571089603,0.9717846075598158,0.1549575566992249
google-bristow-va,2017-05-09,0,23.46071322783575,0.7133292795816857,0.9798437225114484,0.1475554463522891
google-bristow-va,2017-05-09,1,23.75217747062664,0.6812894172376359,0.9785028607827057,0.1498046794564771
google-bristow-va,2017-05-09,2,26.822491047080305,0.6380088776007637,0.9717950746141631,0.1459079918215832
google-bristow-va,2017-05-09,3,26.89017925486071,0.6239389197239312,0.9712122204335114,0.1480557704690855
google-bristow-va,2017-05-09,4,24.942507296440606,0.6637640972081603,0.9731975994907224,0.1482231676153979
google-bristow-va,2017-05-25,0,22.55171843733727,0.6734853903962009,0.9796069945108652,0.1821325593751033
google-bristow-va,2017-05-25,1,23.633402890702705,0.7285560438945435,0.9800037848462596,0.1871913306544391
google-bristow-va,2017-05-25,2,26.9449909630511,0.6485711891479782,0.9718402925784289,0.1673965799489376
google-bristow-va,2017-05-25,3,27.31655595609213,0.5590734068472776,0.9706391285563616,0.1626752994092214
google-bristow-va,2017-05-25,4,26.431414459848167,0.6750984191411398,0.97047204661589,0.1602252589234241
google-bristow-va,2017-06-10,0,35.3553883247903,0.7333322274540679,0.9806272159913596,0.1598793104091564
google-bristow-va,2017-06-10,1,36.08009610416253,0.6959112220288464,0.978978583316437,0.1592349016784744
google-bristow-va,2017-06-10,2,39.0523452094798,0.6527137551605523,0.9720387493262874,0.1546767839211231
google-bristow-va,2017-06-10,3,38.93688965959795,0.626343167303333,0.9711512572712232,0.1589897261078298
google-bristow-va,2017-06-10,4,36.22942969906643,0.6678797540282265,0.9729887738719494,0.1608520169751146
google-bristow-va,2017-06-26,0,31.7584213511041,0.7642050369036603,0.9824624517177374,0.1604177119981028
google-bristow-va,2017-06-26,1,31.83283208026971,0.7071418755173766,0.980135915106376,0.1630322539190271
google-bristow-va,2017-06-26,2,34.736159866550985,0.6554773670903725,0.9725656394078988,0.1580805067910486
google-bristow-va,2017-06-26,3,34.462258098673416,0.6129611567813653,0.9724139438382824,0.1593782980935641
google-bristow-va,2017-06-26,4,32.38321121093955,0.6808111208094804,0.9741801966234734,0.1655066445207943
google-bristow-va,2017-07-12,0,31.22246311227419,0.736899618316436,0.982188310132126,0.1580824475853761
google-bristow-va,2017-07-12,1,31.676871703426905,0.7100562100103361,0.9802314851014772,0.1517412863686344
google-bristow-va,2017-07-12,2,34.24435430690509,0.6645426133409146,0.9727359161628398,0.1474462017664127
google-bristow-va,2017-07-12,3,34.33046344039068,0.6374022756394254,0.9719307646667568,0.1531758909749314
google-bristow-va,2017-07-12,4,32.555970238079624,0.6929617590870919,0.9737960844807312,0.1555686879514549
google-bristow-va,2017-08-13,0,28.398458294657704,0.7813502895122951,0.982329392381048,0.1401544762250985
google-bristow-va,2017-08-13,1,29.26362004848572,0.732137243137625,0.980153879032526,0.1357040875624263
google-bristow-va,2017-08-13,2,32.219302974623474,0.6843035082265291,0.972816188408564,0.1361540591040806
google-bristow-va,2017-08-13,3,32.64524367557798,0.6504105634070131,0.971892792477446,0.1399582661412758
google-bristow-va,2017-08-13,4,30.736841134647538,0.6995643921522142,0.9739480296631934,0.1402397240806063
google-bristow-va,2017-09-30,0,20.981706540163,0.6403191816750077,0.9780030713926302,0.1497178885393377
google-bristow-va,2017-09-30,1,21.680009604726116,0.6469400586198583,0.9770911905130996,0.1478247248588831
google-bristow-va,2017-09-30,2,23.95626184356289,0.585624149319797,0.9713237990609176,0.1416020815546926
google-bristow-va,2017-09-30,3,24.34786316782311,0.5724340559911519,0.9708610485301098,0.1448258559859952
google-bristow-va,2017-09-30,4,22.44944772056886,0.6506859582776481,0.9717884882207392,0.1353512780816034
google-bristow-va,2017-11-17,0,12.224548751611078,0.4914220327404233,0.9756050703752288,0.1095793671553746
google-bristow-va,2017-11-17,1,12.00912772936274,0.4852707724316353,0.9751904425225963,0.1067258350179442
google-bristow-va,2017-11-17,2,13.01166040910445,0.504833956173719,0.9705157132455968,0.1099408018019411
google-bristow-va,2017-11-17,3,13.064706571222212,0.4884765361575322,0.969663142907043,0.112903012561411
google-bristow-va,2017-11-17,4,12.5716229179406,0.4972860891856459,0.9712393553830964,0.1125895772001499
google-bristow-va,2017-12-03,0,12.88078622685354,0.4463453485040571,0.973550026613772,0.1173339707953765
google-bristow-va,2017-12-03,1,12.864157295344528,0.4424752880165185,0.973257641649084,0.1096693336087292
google-bristow-va,2017-12-03,2,13.79934576021213,0.4727350550320526,0.9693511423028104,0.1084330284829745
google-bristow-va,2017-12-03,3,13.752421510913898,0.4642605427035647,0.9684740110146226,0.1080363788105315
google-bristow-va,2017-12-03,4,13.37172004126609,0.4638729768337107,0.9698207761413976,0.1114240408833264
google-bristow-va,2017-12-19,0,14.065884962144024,0.4332644513522485,0.973977521993602,0.1101287661096317
google-bristow-va,2017-12-19,1,13.770470962470194,0.4287567308997553,0.973741132131446,0.1036914363369043
google-bristow-va,2017-12-19,2,14.40916807060103,0.4460569246666281,0.9696495734705082,0.1070869937244478
google-bristow-va,2017-12-19,3,14.32236106916132,0.4363498097666193,0.9688444553178877,0.109965061704871
google-bristow-va,2017-12-19,4,13.945418763879276,0.4389394878869802,0.9701525237675724,0.1108214868715441
google-bristow-va,2018-01-20,0,11.2355235359263,0.4060136566976917,0.9739826643878504,0.116511092655728
google-bristow-va,2018-01-20,1,10.488137545600258,0.4002687874780286,0.973865666240986,0.109455527397007
google-bristow-va,2018-01-20,2,11.144941297115963,0.3845371239032174,0.969324289467614,0.1143604836533691
google-bristow-va,2018-01-20,3,10.861717281978294,0.3735760641996675,0.9685682845686931,0.1174648684536681
google-bristow-va,2018-01-20,4,10.234952320580572,0.3701665074686774,0.9697039759517552,0.115638627483943
google-bristow-va,2018-02-05,0,2.0347093136265326,0.4302743092347633,0.9729844275800084,0.1064069650546705
google-bristow-va,2018-02-05,1,1.7675548914876624,0.4257536889812782,0.9728928587855435,0.0985463921090178
google-bristow-va,2018-02-05,2,3.0084890848929895,0.4079788508767767,0.9688516824059904,0.1024668671884973
google-bristow-va,2018-02-05,3,3.476096452955292,0.4008965708148742,0.9679268601524402,0.1079412540217261
google-bristow-va,2018-02-05,4,2.794208663735764,0.3872499438111569,0.96872665416257,0.1047185456058858
google-bristow-va,2018-02-21,0,21.374578152792683,0.3636740802708239,0.9730741472802404,0.1484374544802739
google-bristow-va,2018-02-21,1,21.18702926825922,0.3655086785097925,0.9719340245163288,0.131125117403584
google-bristow-va,2018-02-21,2,23.53956979126274,0.3593620383804879,0.9686218944241484,0.1230212998953525
google-bristow-va,2018-02-21,3,24.055391423511185,0.3669032204248678,0.9689732890234308,0.1154567058182232
google-bristow-va,2018-02-21,4,23.045212160229028,0.3511000999928882,0.9712719937431532,0.1115812698198046
google-bristow-va,2018-03-09,0,10.871763450519596,0.3481269603928937,0.972383688507432,0.1142902904601562
google-bristow-va,2018-03-09,1,11.100352763848278,0.3451008912029804,0.9723763139543696,0.1192832957734314
google-bristow-va,2018-03-09,2,12.56238381641555,0.3731660883904387,0.9692962929609106,0.1188168596287488
google-bristow-va,2018-03-09,3,12.252851755654282,0.3674135934995677,0.968410726168676,0.1206824997096487
google-bristow-va,2018-03-09,4,11.597624698665214,0.3700212071067695,0.9699337619475497,0.1204527734554989
google-bristow-va,2018-03-25,0,13.570491147034096,0.3564345158797983,0.9719718662484852,0.1372430616206499
google-bristow-va,2018-03-25,1,13.432807487136351,0.3593333854058172,0.9721645010575884,0.1281863119192533
google-bristow-va,2018-03-25,2,14.848812092696106,0.3753542430385843,0.9686547775449356,0.1272773230281038
google-bristow-va,2018-03-25,3,14.641740904007118,0.3705923949117067,0.9677878288310432,0.1290513941021473
google-bristow-va,2018-03-25,4,13.74813507275952,0.3722700280423945,0.9689872844840008,0.1268882990692541
google-bristow-va,2018-04-10,0,19.585764795459436,0.3343979248257051,0.973212660888386,0.1681635281798672
google-bristow-va,2018-04-10,1,19.26042313722968,0.3787040312433067,0.9746591674863084,0.1478681386289339
google-bristow-va,2018-04-10,2,20.830268067455112,0.4128829396663132,0.9700504386465412,0.1401813471707508
google-bristow-va,2018-04-10,3,20.338715641863537,0.4137490052689085,0.9685340942895128,0.1358409957030788
google-bristow-va,2018-04-10,4,19.378212808524474,0.4094554561271809,0.9690777387327332,0.1386197175172079
google-bristow-va,2018-04-26,0,25.612410814171085,0.413886508568673,0.9743205497483188,0.1415123608009633
google-bristow-va,2018-04-26,1,25.211089620538164,0.4172148316310143,0.97414347457704,0.1325321120634121
google-bristow-va,2018-04-26,2,26.379140970635184,0.4614044348770761,0.9701180786592696,0.1312030955467296
google-bristow-va,2018-04-26,3,26.199882321497324,0.472856381695051,0.969594991160012,0.1325301576883298
google-bristow-va,2018-04-26,4,24.89111783481036,0.4832527624636982,0.9709606568867588,0.1296750647592165
google-bristow-va,2018-05-12,0,16.03488857787109,0.6827553890365049,0.9797994507796136,0.0944091847037468
google-bristow-va,2018-05-12,1,15.05578114722242,0.6394056021704042,0.9788449460106846,0.092303472199734
google-bristow-va,2018-05-12,2,16.426609405471208,0.5875810307390886,0.972192654241753,0.0966333470191249
google-bristow-va,2018-05-12,3,18.394793056597397,0.6876714992982097,0.9773460449555078,0.119666768898446
google-bristow-va,2018-05-12,4,22.714080329746192,0.7077410075042203,0.9811424291084364,0.1494511133632259
google-bristow-va,2018-06-29,0,33.40823356123403,0.7749503144934501,0.981324724314019,0.168975754429707
google-bristow-va,2018-06-29,1,34.172243459756295,0.7321032501908838,0.979185758804907,0.1634112109986256
google-bristow-va,2018-06-29,2,38.42499712564453,0.6696239760904232,0.9722342400112548,0.1545408963198076
google-bristow-va,2018-06-29,3,38.29354893998212,0.6354110350593185,0.9711933540068216,0.1600078304927247
google-bristow-va,2018-06-29,4,36.22511062670601,0.6783978060927648,0.973146345986178,0.1576640282977505
google-bristow-va,2018-08-16,0,21.991249420363044,0.7234470672045318,0.981160360508136,0.1566010677878095
google-bristow-va,2018-08-16,1,22.91206292965837,0.6777688677104963,0.978805811204248,0.1528687216350779
google-bristow-va,2018-08-16,2,25.501839593952987,0.6305555102906284,0.9717225087997472,0.1509919077757251
google-bristow-va,2018-08-16,3,26.03947913614373,0.6294863449889937,0.970949710866121,0.1462586862095306
google-bristow-va,2018-08-16,4,25.21293908336525,0.6773062591772271,0.9751362830930036,0.1450330097171631
google-bristow-va,2018-09-01,4,31.75912775092588,0.6438560925117516,0.9502509351736974,0.16599384672538
google-bristow-va,2018-10-03,0,26.639747135753577,0.6502432114750932,0.9776429887972236,0.1573632631633157
google-bristow-va,2018-10-03,1,25.20179122702309,0.6806190806551046,0.9790558308219884,0.1435407570333669
google-bristow-va,2018-10-03,2,27.03918279489453,0.6227730179099679,0.9722104942113668,0.1514591659182464
google-bristow-va,2018-10-03,3,28.16695230496172,0.6012225356188832,0.970035622784245,0.1479954459004626
google-bristow-va,2018-10-03,4,28.630579148938708,0.6202602371663889,0.972220169491594,0.1457291604070701
google-bristow-va,2018-10-19,0,14.16921032485298,0.6212669929464546,0.977515811397882,0.1358062820143686
google-bristow-va,2018-10-19,1,14.67952193923657,0.6216638714892289,0.9767640090317644,0.1285165741871525
google-bristow-va,2018-10-19,2,17.364906628299966,0.6035025787979895,0.9710856412269022,0.1271460339712869
google-bristow-va,2018-10-19,3,18.34574753187093,0.5875796847986343,0.9703236762720712,0.1279158926135689
google-bristow-va,2018-10-19,4,17.386379834564018,0.6179612897258294,0.9716897412534722,0.127471790038007
google-bristow-va,2018-11-04,0,14.884725724581653,0.5798658518518687,0.976732966289789,0.1125312009174197
google-bristow-va,2018-11-04,1,14.828216688741607,0.5451517471166681,0.9755496415700106,0.1071668386921769
google-bristow-va,2018-11-04,2,16.28448084215968,0.54133005348136,0.97054505752953,0.1109539846125623
google-bristow-va,2018-11-04,3,16.491252774332505,0.5231088539958736,0.9696300338610389,0.1138213022070993
google-bristow-va,2018-11-04,4,15.813245352479656,0.5361020106068726,0.9712238056549636,0.1119697300378878
google-bristow-va,2018-11-20,4,9.458506411157243,0.5918878895672096,0.9692274678644004,0.0418837692842974
google-bristow-va,2018-12-06,0,5.046896782098612,0.4256794576019858,0.9745769207376584,0.1393156565807079
google-bristow-va,2018-12-06,1,4.497355052690956,0.4015223279271306,0.973122916080721,0.1323261620667408
google-bristow-va,2018-12-06,2,4.933180802477784,0.4115486877792979,0.9691190050504078,0.1345358913442303
google-bristow-va,2018-12-06,3,5.047813151663177,0.4083831687485437,0.9684835095503188,0.1278633203313351
google-bristow-va,2018-12-06,4,5.122190092221856,0.4044256903327144,0.969062958473151,0.1285832127594142
google-bristow-va,2018-12-22,0,10.86209754718631,0.4341996510597931,0.974073443687543,0.0939009996844317
google-bristow-va,2018-12-22,1,10.301869992431188,0.4398708753602437,0.975600390424712,0.0950731687828877
google-bristow-va,2018-12-22,2,10.931521764899616,0.4426752998776015,0.9711842927016054,0.1054651845346163
google-bristow-va,2018-12-22,3,10.987728139007125,0.426878649626953,0.9694783164840376,0.103631170010504
google-bristow-va,2018-12-22,4,10.801993896295691,0.4170794065051864,0.9705595299038076,0.1040299561091424
google-bristow-va,2019-03-12,0,14.821370438132444,0.36795568101698,0.9731086597161404,0.1341087041549754
google-bristow-va,2019-03-12,1,14.2927680812115,0.365505504331016,0.973059725117938,0.1242747172786365
google-bristow-va,2019-03-12,2,15.542588614885153,0.3728049356651922,0.9690924829992038,0.1230116896868049
google-bristow-va,2019-03-12,3,15.34036348502609,0.3653309498952723,0.968217489462896,0.1232437821814269
google-bristow-va,2019-03-12,4,14.41703517277472,0.3597200054345093,0.9694649349377944,0.120779596837497
google-bristow-va,2019-03-28,0,21.483304610961195,0.3648571888498843,0.9733920515252888,0.1461445241054221
google-bristow-va,2019-03-28,1,20.646573656262937,0.3644428029620744,0.9733366069132056,0.1359958518122047
google-bristow-va,2019-03-28,2,21.553289626438715,0.3919702026125737,0.969428416167568,0.1338877454307243
google-bristow-va,2019-03-28,3,21.03718711109974,0.3880898698357266,0.9686169110943512,0.1325328391631962
google-bristow-va,2019-03-28,4,20.214524317522795,0.3743438200762116,0.9698622445877534,0.1325705374272438
google-bristow-va,2019-04-13,0,28.927715480447443,0.4265518595127855,0.9736760601673016,0.1433919986419689
google-bristow-va,2019-04-13,1,28.75555064799712,0.4189122494651061,0.9733641085850718,0.1320901797795973
google-bristow-va,2019-04-13,2,30.27447317876563,0.4660358129451186,0.9695463691051388,0.128305871305537
google-bristow-va,2019-04-13,3,30.250718407850332,0.4774388849907744,0.9689368428862994,0.1275351788546057
google-bristow-va,2019-04-13,4,28.96299771248734,0.4817160009487193,0.9702606675536678,0.1260140440753568
google-bristow-va,2019-04-29,2,8.655427359075992,0.2811448786249547,0.9671617360031805,0.2817923209598528
google-bristow-va,2019-04-29,3,8.996001963301525,0.262653236062934,0.9641487112824126,0.2899855178694399
google-bristow-va,2019-04-29,4,9.805509643370698,0.3717818843899372,0.964338799580064,0.2677423470321557
google-bristow-va,2019-05-15,0,25.85107508187747,0.7796222791698969,0.9833510128495504,0.1672201758501425
google-bristow-va,2019-05-15,1,26.340812340683936,0.7108186248254862,0.9805830254880183,0.1575719283546943
google-bristow-va,2019-05-15,2,29.13653720981248,0.6512171856661334,0.9727688877374048,0.1517374647509271
google-bristow-va,2019-05-15,3,29.232028666285732,0.6328716113972754,0.9720698113381314,0.151748351654415
google-bristow-va,2019-05-15,4,27.356956896697096,0.6713218650408499,0.9737385672512344,0.1517388923215288
google-bristow-va,2019-05-31,0,30.79788810430404,0.7391130511653358,0.9814023427617268,0.1962250281206042
google-bristow-va,2019-05-31,1,30.304520053492443,0.6898508069598094,0.9773547798467684,0.1653895549112931
google-bristow-va,2019-05-31,2,35.0396367234241,0.635114590931516,0.9686732314764898,0.1816075228019937
google-bristow-va,2019-05-31,3,36.642134847753574,0.6077795106434744,0.9723996874729428,0.1778833201377644
google-bristow-va,2019-05-31,4,34.335068322886364,0.6616189293880734,0.9746595231090532,0.1778767782824244
google-bristow-va,2019-06-16,1,21.89685591589334,0.734574164723553,0.9830878504318838,0.1520714685584937
google-bristow-va,2019-06-16,2,24.466718957535516,0.7004415855292615,0.9743287279409264,0.1687496055992157
google-bristow-va,2019-06-16,3,24.937312898167704,0.7225780469943598,0.9751050974721236,0.1764324940742458
google-bristow-va,2019-06-16,4,22.95951299509292,0.728779875952575,0.9779659737783478,0.1962949277934381
google-bristow-va,2019-07-02,0,32.64322947304824,0.7835945029606399,0.9825195112541364,0.1537285929956563
google-bristow-va,2019-07-02,1,34.261313376224166,0.7015306315344939,0.9797103478692404,0.1526015595026539
google-bristow-va,2019-07-02,2,37.01142302809229,0.656303723754833,0.9724438067501632,0.1532274455473367
google-bristow-va,2019-07-02,3,36.74798518289299,0.6306240574825114,0.9714424716501366,0.157297789138378
google-bristow-va,2019-07-02,4,33.92081176187659,0.6853515210221496,0.9744746807694148,0.1610957430677627
google-bristow-va,2019-07-18,2,27.73635455262872,0.731699796191133,0.9793764156750104,0.0812846349753795
google-bristow-va,2019-07-18,3,31.151547586163325,0.7112230674476697,0.9774004098553786,0.1540950301508727
google-bristow-va,2019-07-18,4,28.986713404473377,0.7190607335186394,0.9789872876486172,0.1516989529522571
google-bristow-va,2019-08-03,0,34.11481577235239,0.7282818444316664,0.9814277142346532,0.1928647074135465
google-bristow-va,2019-08-03,1,34.288848292053515,0.7729528299889142,0.982551596253458,0.173074084420443
google-bristow-va,2019-08-03,2,37.075939737606305,0.6653742347827245,0.9736351036173564,0.1695900054397189
google-bristow-va,2019-08-03,3,37.94479167364079,0.626132654660445,0.9709273378110836,0.1654661899035218
google-bristow-va,2019-08-03,4,35.85771211752012,0.6974825904148019,0.9759745073328158,0.1635089174015811
google-bristow-va,2019-08-19,0,41.36950557146789,0.754726362317803,0.9824874690789244,0.1402226078785761
google-bristow-va,2019-08-19,1,42.84790401346569,0.6716374303177327,0.9795987063839572,0.1400760377431695
google-bristow-va,2019-08-19,2,45.6684477374221,0.6158134827606265,0.972210566825581,0.1375105823984099
google-bristow-va,2019-08-19,3,44.990633971968855,0.5991136613579985,0.9713821014049656,0.1385935417006483
google-bristow-va,2019-08-19,4,42.37494802844065,0.6596028936658385,0.9736310395512549,0.1393066740376391
google-bristow-va,2019-09-04,0,34.09060322038101,0.7497810471610779,0.9803248022186006,0.136557145793724
google-bristow-va,2019-09-04,1,34.641382737695515,0.671945441702341,0.978013676169322,0.1348671990109963
google-bristow-va,2019-09-04,2,37.00951046831662,0.6221617404519376,0.9714146008884486,0.1343251522383831
google-bristow-va,2019-09-04,3,37.00233597810207,0.6032240236984602,0.9705898480046168,0.135485253743159
google-bristow-va,2019-09-04,4,35.606031456930054,0.648629605946891,0.972504860150108,0.1359689647206353
google-bristow-va,2019-09-20,0,24.375726113222125,0.6977009461396239,0.979248932683973,0.1315217496965648
google-bristow-va,2019-09-20,1,25.10013044914147,0.6300147621221962,0.9773107486632636,0.1341669693112252
google-bristow-va,2019-09-20,2,27.35141371473686,0.5860691225761541,0.9710833490611522,0.1346950742658914
google-bristow-va,2019-09-20,3,27.162442797119148,0.5607751269850522,0.9701406412164534,0.1346803675193669
google-bristow-va,2019-09-20,4,25.678440401004753,0.6086557707914987,0.9719611945901144,0.1334285641859172
google-bristow-va,2019-12-25,0,2.43651103104839,0.3777093422350863,0.9716748042825104,0.1304572480054167
google-bristow-va,2019-12-25,1,2.058076797058922,0.4066599784974981,0.9723134824094168,0.1168854147689592
google-bristow-va,2019-12-25,2,3.0383952780451273,0.4305914811051131,0.9693740696132194,0.1239304550132418
google-bristow-va,2019-12-25,3,3.1902016792321986,0.42378485057628,0.9689620256491568,0.1219452946325689
google-bristow-va,2019-12-25,4,3.0626283952933204,0.430827669735327,0.9673894582428664,0.1291157463293544
google-bristow-va,2020-01-26,0,4.313252720398523,0.5082271251668758,0.9714880493130744,0.0602998776443795
google-bristow-va,2020-01-26,1,5.914512608219787,0.4711697312439159,0.9706458293833932,0.0855189402264227
google-bristow-va,2020-01-26,2,7.198600477038219,0.4353686142581887,0.969968685307076,0.0839112523486341
google-bristow-va,2020-01-26,3,9.300765025034258,0.3942263982512646,0.9678571855216752,0.0978882400444121
google-bristow-va,2020-01-26,4,9.11403530193476,0.4375150157307874,0.9667105072872988,0.0986989962184586
google-bristow-va,2020-02-27,0,7.243582681118954,0.384542580466236,0.9720322910121224,0.1048784833996875
google-bristow-va,2020-02-27,1,6.86911673696409,0.3503186461710944,0.9730997730379995,0.0834277536134453
google-bristow-va,2020-02-27,2,8.771213134785556,0.3945280828050992,0.9709207714706032,0.118664165477279
google-bristow-va,2020-02-27,3,9.42726614997935,0.3787947983600535,0.9683574623319338,0.1223525535448075
google-bristow-va,2020-02-27,4,9.266964823955862,0.3899389425530461,0.9694340094721284,0.1176536719448518
google-bristow-va,2020-03-14,0,18.43180296999235,0.3837515977539439,0.9733646035975114,0.1273651364035897
google-bristow-va,2020-03-14,1,17.453395616331562,0.3695970618754888,0.9731388733890316,0.1273831761645778
google-bristow-va,2020-03-14,2,17.7840656956366,0.4078549967878342,0.9693511614695506,0.1337625290487445
google-bristow-va,2020-03-14,3,17.389597531391626,0.3972726738543904,0.9684349640796228,0.1355411302262729
google-bristow-va,2020-03-14,4,17.23421187723652,0.4122732481625436,0.9696581091152674,0.1311127051948745
google-bristow-va,2020-03-30,0,26.7513127206456,0.4074657202246016,0.9730803380552754,0.1299393195263119
google-bristow-va,2020-03-30,1,25.872264605133704,0.3912091411297066,0.9728854975807122,0.1256415931216619
google-bristow-va,2020-03-30,2,26.467120898644406,0.4540688351829006,0.9694273061554076,0.1259407863015189
google-bristow-va,2020-03-30,3,26.168472010544193,0.4618284255950575,0.9688023755387296,0.1262350361078506
google-bristow-va,2020-03-30,4,25.214832989217335,0.4721554065641545,0.9702255155945156,0.1238991426469481
google-bristow-va,2020-04-15,0,18.098302706811587,0.4847398736878985,0.9748646703189487,0.1503212254862948
google-bristow-va,2020-04-15,1,16.55868435692528,0.4356902852927449,0.9741826663952856,0.1473856690283192
google-bristow-va,2020-04-15,2,18.499640180830475,0.5283654500593591,0.971305361864778,0.1418136605918499
google-bristow-va,2020-04-15,3,18.06699321656416,0.5132987520690971,0.9699733385722296,0.1422618579483647
google-bristow-va,2020-04-15,4,17.980149935665764,0.5251671282900051,0.970519417712096,0.1363183802600781
google-bristow-va,2020-06-02,0,17.86222467204801,0.7035337503374895,0.9806659849677928,0.1663725769657927
google-bristow-va,2020-06-02,1,19.619531068235215,0.6335053979750987,0.9791134143202156,0.1708914399682199
google-bristow-va,2020-06-02,2,23.08834507018897,0.5865138083959346,0.9722146532994306,0.1599026007746941
google-bristow-va,2020-06-02,3,22.770258671976176,0.6207031540595607,0.9723001333134588,0.1668575824880352
google-bristow-va,2020-06-02,4,21.582731162346494,0.6456010327774203,0.970726570262818,0.1689415326843137
google-bristow-va,2020-06-18,0,19.353582802195135,0.7563559580690874,0.9806332317073172,0.2020905659120934
google-bristow-va,2020-06-18,1,22.368278266299733,0.7085727409864875,0.9819799919646448,0.2096954769450878
google-bristow-va,2020-06-18,2,26.02862755563285,0.6631445124326562,0.9727713728781432,0.1941113071269662
google-bristow-va,2020-06-18,3,25.76550345056781,0.7074561782446337,0.9742480614006432,0.1813396955253192
google-bristow-va,2020-06-18,4,25.369781305812364,0.647895607816361,0.9675928274231798,0.1809794585356
google-bristow-va,2020-07-04,0,34.30634052076635,0.8183860977957697,0.983128651258826,0.1853885437403755
google-bristow-va,2020-07-04,1,36.25522036949164,0.7442976374856111,0.9804199237931408,0.151970969164806
google-bristow-va,2020-07-04,2,39.76837802274367,0.6309507531781875,0.9711163365880224,0.1653504538446366
google-bristow-va,2020-07-04,3,39.60977100505654,0.6318515707220365,0.971024948673996,0.1678224070960542
google-bristow-va,2020-07-04,4,37.14337107083341,0.6741991855229843,0.9732624271626112,0.1679676242760441
google-bristow-va,2020-07-20,3,34.82569098285715,0.3731242376354182,0.9745476190476192,0.1348253872619047
google-bristow-va,2020-07-20,4,30.65952018133524,0.7013241329017799,0.9806744318181816,0.13459630453125
google-bristow-va,2020-08-05,0,32.987020641882374,0.8066744157682388,0.9835416300909152,0.1495956869954816
google-bristow-va,2020-08-05,1,34.598623749035504,0.7177945680260633,0.9803972761439056,0.1439602487405853
google-bristow-va,2020-08-05,2,38.20465824884424,0.6613742982606263,0.972676074563102,0.1425913400250386
google-bristow-va,2020-08-05,3,38.663171182840735,0.6344682414736864,0.9718185821100194,0.1437227709501201
google-bristow-va,2020-08-05,4,36.37611251275636,0.693235666376867,0.9739333871610324,0.1436507708259564
google-bristow-va,2020-09-06,0,28.440345503846952,0.7871164657543466,0.983261212151472,0.1402612399090068
google-bristow-va,2020-09-06,1,29.764721748559595,0.7065646030151358,0.9801022725278316,0.1332852360612908
google-bristow-va,2020-09-06,2,32.71851246987462,0.6609693052497146,0.9726346219933522,0.1343067152386441
google-bristow-va,2020-09-06,3,33.00119692555499,0.6376991110136986,0.9717599525508614,0.1341880023833651
google-bristow-va,2020-09-06,4,31.176593754448547,0.6944560089141807,0.973977559184159,0.1339368813562976
google-bristow-va,2020-09-22,0,21.956083398556665,0.7767307278783053,0.9807235531207016,0.1304671806825101
google-bristow-va,2020-09-22,1,23.08275603661813,0.6936368467467225,0.9782924992964536,0.125969301341476
google-bristow-va,2020-09-22,2,25.7168153779602,0.638839540590936,0.971581579199185,0.1289247295205518
google-bristow-va,2020-09-22,3,25.77044487317442,0.6140141350856,0.970689443861828,0.1291160706941013
google-bristow-va,2020-09-22,4,24.32984474189207,0.6728478598385371,0.972751992443606,0.1280253299408515
google-bristow-va,2020-10-08,0,23.0079269467553,0.740850541344965,0.9804714864186046,0.1244558574380046
google-bristow-va,2020-10-08,1,23.454832106263662,0.6744740754547547,0.9778598328218856,0.1219003859214418
google-bristow-va,2020-10-08,2,25.603428864393187,0.6171796515835306,0.9712139298336846,0.1241915871060017
google-bristow-va,2020-10-08,3,25.64465587065518,0.5954020942037581,0.9706241629023484,0.1262011620122443
google-bristow-va,2020-10-08,4,24.137742953700872,0.6457002094109257,0.9726891918771112,0.1256497367895878
google-bristow-va,2020-11-09,0,23.396428903447596,0.4857897395483733,0.975348478796655,0.1117990101588947
google-bristow-va,2020-11-09,1,23.28049266544171,0.4957560234557005,0.9752625901370476,0.1062848550648321
google-bristow-va,2020-11-09,2,24.23244779669903,0.5079975425976554,0.9704143205910744,0.1110796795257569
google-bristow-va,2020-11-09,3,24.17061990273679,0.5013502723526797,0.969591039004112,0.1113754772962863
google-bristow-va,2020-11-09,4,23.447646226553925,0.5119070122779448,0.9712112746682182,0.1097784029300221
google-bristow-va,2020-11-25,4,4.125938076657069,0.3502601596790823,0.9713674087102072,0.1285046945042268
google-bristow-va,2020-12-11,0,12.163870658672344,0.3987853199050022,0.9729205545163688,0.1059468354621157
google-bristow-va,2020-12-11,1,11.949677422229945,0.4236477507341167,0.9734996794940022,0.1040987729218273
google-bristow-va,2020-12-11,2,12.545350327618513,0.4529356997175913,0.969449491543216,0.1091303727131237
google-bristow-va,2020-12-11,3,12.450519763706982,0.4591296411292119,0.9689606198718672,0.1074668057545704
google-bristow-va,2020-12-11,4,12.184644386548422,0.4478398924962264,0.9700954156118872,0.1071703255013595
google-bristow-va,2020-12-27,0,2.9043257507631823,0.3724875263478528,0.9726844733382178,0.0999728662104827
google-bristow-va,2020-12-27,1,2.8993326628942215,0.4081237016347167,0.9734121522638488,0.1020417976025276
google-bristow-va,2020-12-27,2,4.030403031788973,0.433912534875266,0.9694822689959214,0.1073885057300439
google-bristow-va,2020-12-27,3,4.032085297957102,0.4299796096265321,0.9686480572328324,0.1073480538240675
google-bristow-va,2020-12-27,4,3.6724876557121977,0.4159511489911439,0.9699688408658202,0.1061119688336655
google-bristow-va,2021-01-12,0,5.984863795878718,0.3595540538307909,0.9724548300418938,0.1052381227481401
google-bristow-va,2021-01-12,1,5.881662542185519,0.3938167666184837,0.9731709034735476,0.1052651698455339
google-bristow-va,2021-01-12,2,6.804992501725487,0.4164490509247746,0.9692941059020048,0.1099163189000686
google-bristow-va,2021-01-12,3,6.686920338027251,0.4126438619034436,0.9684142283764549,0.1087886215277604
google-bristow-va,2021-01-12,4,6.381276082049182,0.4001320824713392,0.969745638273807,0.1077780999635664
google-bristow-va,2021-01-28,0,2.6534091134803792,0.350263291647158,0.9725507523182284,0.108631713324055
google-bristow-va,2021-01-28,1,2.510360383013766,0.3820654193680614,0.9732336219130988,0.1087938292480194
google-bristow-va,2021-01-28,2,3.48195589927714,0.3965968803200442,0.9692686173594756,0.1139277085150681
google-bristow-va,2021-01-28,3,3.352557166967626,0.3905828142125425,0.968391636748598,0.1137551134603737
google-bristow-va,2021-01-28,4,2.93941995788896,0.3830771589981259,0.9696939041056,0.112511763561372
google-bristow-va,2021-04-02,0,13.514974676372455,0.3543422523291659,0.972031028190942,0.1345774786840331
google-bristow-va,2021-04-02,1,13.275528243577094,0.3794526921635944,0.9726919691408272,0.1295222691834711
google-bristow-va,2021-04-02,2,14.04431215877374,0.4247918615546838,0.9691840777855728,0.1323576747186845
google-bristow-va,2021-04-02,3,13.530394233346811,0.4382051242804112,0.968780396558381,0.1306740196270082
google-bristow-va,2021-04-02,4,13.017701403249813,0.4387210531036811,0.9698113259137844,0.128629490026385
google-bristow-va,2021-04-18,0,26.47651848956179,0.4597045394459811,0.9754565035244348,0.1473994472771981
google-bristow-va,2021-04-18,1,26.34239044306264,0.456366074116023,0.9749896492311432,0.1451665378981963
google-bristow-va,2021-04-18,2,27.224892732227115,0.4948417847393986,0.9707393592347676,0.1481682636851589
google-bristow-va,2021-04-18,3,26.65793431050661,0.5106415365054923,0.9702373260881012,0.1447712320952523
google-bristow-va,2021-04-18,4,25.490207270724177,0.5228420894748036,0.9724894530626764,0.1433167312439902
google-bristow-va,2021-05-04,0,24.746480900148462,0.5797328473444823,0.978512603996932,0.1636761677193069
google-bristow-va,2021-05-04,1,26.46157173952572,0.6118829733615446,0.978337661928956,0.155033170342188
google-bristow-va,2021-05-04,2,28.680957223272575,0.5977968687576721,0.9719279902199548,0.1564434307827912
google-bristow-va,2021-05-04,3,28.715078027042107,0.5868135204044945,0.971074271156608,0.1592251430013395
google-bristow-va,2021-05-04,4,26.753020667872686,0.6316417546270616,0.9726346888496948,0.1609346437576647
google-bristow-va,2021-05-20,0,37.369864010240114,0.5595184409973001,0.9783992833119256,0.1610801986545758
google-bristow-va,2021-05-20,1,36.65638028644312,0.657056029536373,0.9795461979792348,0.1543833476073852
google-bristow-va,2021-05-20,2,39.377472657332845,0.6153985310973785,0.9724172017466378,0.1535884729912725
google-bristow-va,2021-05-20,3,39.38344777994602,0.6004142810058982,0.9716653609812644,0.1545780299267998
google-bristow-va,2021-05-20,4,37.26107535423974,0.6455501433481572,0.9736563808031024,0.156316379662897
google-bristow-va,2021-06-05,0,37.21429724032599,0.5572691619734288,0.9774121700806564,0.1684205428526139
google-bristow-va,2021-06-05,1,36.52357208499773,0.6839444561168289,0.9791683726764076,0.156489063804003
google-bristow-va,2021-06-05,2,38.98831718782131,0.6353856091862482,0.972123381777538,0.1528075655988524
google-bristow-va,2021-06-05,3,39.20192511728014,0.6137169414245557,0.9712347240495636,0.1531656921746987
google-bristow-va,2021-06-05,4,37.284575293758294,0.6721958809818928,0.972718944909905,0.1567393483948078
google-bristow-va,2021-06-21,0,40.815723810211935,0.5133854856570508,0.9757197899409484,0.1688958012245992
google-bristow-va,2021-06-21,1,38.475890536559994,0.6975324089412385,0.9786728269519966,0.1534233635589758
google-bristow-va,2021-06-21,2,41.25011606618562,0.6484734773859211,0.9718817927445254,0.1519546896041487
google-bristow-va,2021-06-21,3,41.18716937405965,0.6225383210091384,0.9708639695287156,0.1501112255015576
google-bristow-va,2021-06-21,4,39.18480324337935,0.6737002949802203,0.9722589433880942,0.1527065345948318
google-bristow-va,2021-07-07,0,36.10865179020079,0.6657813698088061,0.9787335119109544,0.1346799984709508
google-bristow-va,2021-07-07,1,38.612262004608425,0.688317484891494,0.9812723202429302,0.1509068717703044
google-bristow-va,2021-07-07,2,41.483047584089434,0.6000411411566373,0.9722648534886692,0.1645664903489164
google-bristow-va,2021-07-07,3,40.84355965817166,0.6540158663012484,0.9733091655210638,0.1545600743944642
google-bristow-va,2021-07-07,4,39.11072135175221,0.6693835179337114,0.9758833626130335,0.1549579913486511
google-bristow-va,2021-07-23,0,40.78607058353702,0.4237014967393989,0.9747990046251122,0.1706386446195515
google-bristow-va,2021-07-23,1,37.24856763397598,0.6616436664882662,0.9793628089170244,0.1444299913987093
google-bristow-va,2021-07-23,2,40.22551882269433,0.6042455434199453,0.9721659263559784,0.1449819185758708
google-bristow-va,2021-07-23,3,40.13498118321435,0.5812127339827023,0.9712572463689286,0.145333491784484
google-bristow-va,2021-07-23,4,37.81333536672861,0.6435743710227513,0.9734161649160148,0.1452076420883077
google-bristow-va,2021-08-08,0,41.21708003700594,0.4063352116074088,0.9741509769924512,0.1620135488204602
google-bristow-va,2021-08-08,1,37.272822379422834,0.6581427245284803,0.9791491201897916,0.1372862711836359
google-bristow-va,2021-08-08,2,39.98778814508627,0.5986705273132586,0.9720424869370824,0.138837704964603
google-bristow-va,2021-08-08,3,39.87258172772348,0.5721588913168932,0.9710136109130136,0.1400097858123132
google-bristow-va,2021-08-08,4,37.84625580440238,0.6349102091943046,0.973142654489965,0.1387255116951417
google-bristow-va,2021-08-24,0,39.66167317406301,0.4138545059581899,0.9733497705599612,0.149799658707
google-bristow-va,2021-08-24,1,37.33321054712328,0.6828961736818279,0.9781762785616808,0.131340972408611
google-bristow-va,2021-08-24,2,39.56376331780211,0.6460400691954143,0.9717167679992118,0.1348400491064985
google-bristow-va,2021-08-24,3,39.876739918948495,0.6110265070354676,0.970606968736516,0.1360848687717115
google-bristow-va,2021-08-24,4,37.707523709507115,0.6703356179738353,0.972728606367237,0.1355607518631451
google-bristow-va,2021-09-25,3,10.254388890765746,0.7006546991849693,0.9805827183818626,0.1514175837209658
google-bristow-va,2021-09-25,4,10.264778155682448,0.7122107587669892,0.9743790922648268,0.166223089527373
google-bristow-va,2021-10-27,0,20.94315051323973,0.3586763959413108,0.971981716964946,0.1182993658920814
google-bristow-va,2021-10-27,1,20.802918751622663,0.6162970438646659,0.976468080515872,0.1061010071500087
google-bristow-va,2021-10-27,2,22.043459780105533,0.603016655334751,0.9709424046733351,0.1146048303280261
google-bristow-va,2021-10-27,3,21.984387664236017,0.5734890289848202,0.9699653944915162,0.1170013292231016
google-bristow-va,2021-10-27,4,21.228477715722917,0.6107228611633965,0.9718826693814284,0.1144808547070121
google-bristow-va,2021-11-12,4,8.037619326666688,0.5973431233492863,0.9694370370370372,0.0962990189814815
google-bristow-va,2021-11-28,0,13.028417339116134,0.2762826520793012,0.970987620358885,0.1230490110207272
google-bristow-va,2021-11-28,1,12.534687303658435,0.4481634346608106,0.9742886866962688,0.1110448666102157
google-bristow-va,2021-11-28,2,13.263938864287312,0.4668528703771868,0.9698615197265,0.1174467562953859
google-bristow-va,2021-11-28,3,13.09183942052838,0.4544651575767328,0.9690725520581546,0.1169541236119505
google-bristow-va,2021-11-28,4,12.870263186436304,0.4650947594803861,0.970555480718273,0.1152559981026914
google-bristow-va,2021-12-14,0,12.973884916251349,0.2709664844765168,0.9699762176662042,0.1197869179559635
google-bristow-va,2021-12-14,1,12.859310023916995,0.4388210049633931,0.9729528059598924,0.1070777348186763
google-bristow-va,2021-12-14,2,13.361639401804489,0.4555366408838068,0.9690524465426452,0.1133424540092383
google-bristow-va,2021-12-14,3,13.097058741482192,0.4396462586111535,0.9681151417159156,0.1127177708283926
google-bristow-va,2021-12-14,4,12.840438373742938,0.447430772420135,0.9695677893246876,0.1121851780347763
google-bristow-va,2022-01-31,0,-8.161200309999973,0.1305031158895407,0.9904,0.2014296563461538
google-bristow-va,2022-01-31,1,-7.219098895184341,0.1656223790894825,0.9878030434273674,0.2277253298235397
google-bristow-va,2022-01-31,2,-6.175929051767163,0.4250839291400312,0.979683784627274,0.1400933073812567
google-bristow-va,2022-01-31,3,-5.335013920027899,0.299572326354091,0.976181505731588,0.0985853018426351
google-bristow-va,2022-01-31,4,-4.920886818579986,0.2714232442786904,0.97837631834587,0.1504237502035488
google-bristow-va,2022-02-16,0,6.731745434961604,0.2312579008533412,0.970290515570605,0.1120305146961905
google-bristow-va,2022-02-16,1,7.519766409279703,0.3479078369311136,0.9732283571227556,0.1180711831569829
google-bristow-va,2022-02-16,2,8.868663271986565,0.354819715841255,0.9692063193308448,0.1203924371067924
google-bristow-va,2022-02-16,3,8.94375116175723,0.3439918207967229,0.968185711314872,0.1189008022839013
google-bristow-va,2022-02-16,4,8.394067318278848,0.3536128661235266,0.969645402467288,0.1172182520803169
google-bristow-va,2022-03-04,0,13.12284528379104,0.2321267423531927,0.9700460346134476,0.1390636094928602
google-bristow-va,2022-03-04,1,11.80649925340887,0.3628071578215742,0.9729467797282052,0.1206208845030244
google-bristow-va,2022-03-04,2,12.935736550285334,0.3672762086001889,0.9690361811844836,0.1258692587120591
google-bristow-va,2022-03-04,3,12.70330748238469,0.3548947286807069,0.9680296905835376,0.1260095125334868
google-bristow-va,2022-03-04,4,11.955670978546102,0.3588228981366457,0.969405984626286,0.1241272105949991
google-bristow-va,2022-03-20,3,11.705458103673486,0.4514920665397415,0.9760716880127164,0.0768016853723073
google-bristow-va,2022-03-20,4,13.114170268485598,0.4121776537296635,0.974020432939111,0.069506779710133
google-bristow-va,2022-06-08,0,29.306575331290475,0.4765701386514288,0.9744335622371352,0.1854758396257265
google-bristow-va,2022-06-08,1,29.318537929331317,0.6651004875240514,0.9771234681575272,0.1773609264939589
google-bristow-va,2022-06-08,2,32.52103144639712,0.6634313560229694,0.9717881971158862,0.1597999975621507
google-bristow-va,2022-06-08,3,32.18275291121024,0.6382820083321661,0.971112099141326,0.1582779136166437
google-bristow-va,2022-06-08,4,29.206494532721106,0.6729524900814413,0.9730906837646756,0.158741319383371
google-bristow-va,2022-06-24,3,26.018006904753687,0.8012544892694264,0.9816244877515712,0.1566974167609962
google-bristow-va,2022-06-24,4,27.21012394724702,0.7514667907583915,0.9781859285289242,0.1583535955997201
google-bristow-va,2022-08-11,2,23.964694938811427,0.7325180911563862,0.97468041038455,0.1689728245921828
google-bristow-va,2022-08-11,3,29.48990241841152,0.6884586605941796,0.9730517197466902,0.1595052532216461
google-bristow-va,2022-08-11,4,27.23323378697123,0.7231064453479291,0.9732576382006124,0.1633075351753591
google-bristow-va,2022-08-27,0,39.735945773300315,0.4176578286433417,0.973367468988149,0.1546747338570323
google-bristow-va,2022-08-27,1,35.34336659157858,0.6963041720766991,0.9783156532080164,0.1431212121938706
google-bristow-va,2022-08-27,2,37.451569039362525,0.6349843198773515,0.9711478986972032,0.1505128149595608
google-bristow-va,2022-08-27,3,38.26444954433256,0.6036135786662037,0.9704418978741222,0.1444158882625403
google-bristow-va,2022-08-27,4,36.11851338819847,0.6677160423619052,0.972235351144348,0.1448056323673219
google-bristow-va,2022-09-12,2,26.82872862800002,0.5923742164850199,0.9593,0.1715579125
google-bristow-va,2022-09-12,3,28.443913155591293,0.61086370588051,0.9684077809106248,0.1605542811151799
google-bristow-va,2022-09-12,4,27.4823597498436,0.7176967696085386,0.9755214515118654,0.1644100770033396
google-bristow-va,2022-09-28,0,25.772506900018097,0.3998001075001066,0.9729893059609016,0.1419111066295122
google-bristow-va,2022-09-28,1,22.770347752985604,0.6932340191928145,0.9783184481751674,0.1236344181682435
google-bristow-va,2022-09-28,2,24.887259896238483,0.6434992727509926,0.9716824918539972,0.127719314650277
google-bristow-va,2022-09-28,3,25.13201105899003,0.6038853811883489,0.9705564489897712,0.128391000167645
google-bristow-va,2022-09-28,4,23.7083285493944,0.6596852757735056,0.9727201000144235,0.126411466686631
google-bristow-va,2022-10-14,0,22.207132165210567,0.3707816032367912,0.9727451459020784,0.1092915704905387
google-bristow-va,2022-10-14,1,20.621419214939205,0.6284911751379849,0.9780046329610338,0.1117315489296574
google-bristow-va,2022-10-14,2,22.581463286215193,0.6012684396268491,0.9716405215710668,0.1167446728541679
google-bristow-va,2022-10-14,3,22.82401009074625,0.5695271727028447,0.9705931814227626,0.1190684367826117
google-bristow-va,2022-10-14,4,21.75351901117307,0.6030477947196046,0.972560286622824,0.1169960931567151
google-bristow-va,2022-10-30,0,20.162054853725564,0.3057594230750058,0.970763867392282,0.1402741164586664
google-bristow-va,2022-10-30,1,17.599236342276456,0.5094041112058977,0.9746744464685037,0.1171888395496211
google-bristow-va,2022-10-30,2,18.83924890319587,0.5100826330543081,0.969961353588494,0.1210628678874811
google-bristow-va,2022-10-30,3,18.776568013925647,0.4882340025981394,0.9689241783151876,0.1215835708643408
google-bristow-va,2022-10-30,4,17.871590533582488,0.5021169010589789,0.9704615822122588,0.1216985085243429
google-bristow-va,2022-12-01,0,7.128667586018832,0.2745881032968462,0.9702254921273236,0.103036879985908
google-bristow-va,2022-12-01,1,6.615384235645173,0.4378219333331387,0.9739300999488598,0.1046073874995688
google-bristow-va,2022-12-01,2,7.695030373666504,0.4517251720352774,0.9696851124176644,0.10877251299609
google-bristow-va,2022-12-01,3,7.755455644335567,0.4321545912900643,0.9686011469553674,0.1092807106679592
google-bristow-va,2022-12-01,4,7.585961979479298,0.4354297647940488,0.9700801048166792,0.1087098913699874
google-bristow-va,2022-12-17,0,7.956768476868233,0.2500252355861379,0.9698444298528636,0.1115815453154054
google-bristow-va,2022-12-17,1,7.679775759044498,0.4123019116680255,0.9733761434062916,0.1118278595052547
google-bristow-va,2022-12-17,2,8.190664153750804,0.4187138540012605,0.9697200131082536,0.1088649176256525
google-bristow-va,2022-12-17,3,8.434673600760602,0.4236032565497618,0.9698029414509648,0.1202483094592166
google-bristow-va,2022-12-17,4,8.078286737322035,0.4297571046644817,0.969859133772496,0.1215714064908103
google-bristow-va,2023-01-02,0,14.88433666171451,0.2483556020130496,0.9699388214559944,0.1058291541211687
google-bristow-va,2023-01-02,1,14.936451253929716,0.4104175338327688,0.9737729220949098,0.1072646025039856
google-bristow-va,2023-01-02,2,15.519887142893234,0.4254527410341512,0.9696670199122596,0.1112500182487039
google-bristow-va,2023-01-02,3,15.226235914475051,0.430898719948448,0.968919872735358,0.1062319992002251
google-bristow-va,2023-01-02,4,14.902525963741637,0.4145127545727808,0.9699999474863638,0.1065938943022256
google-bristow-va,2023-01-18,0,12.431706718312698,0.2401515967643454,0.9697109712540798,0.1026440754613846
google-bristow-va,2023-01-18,1,12.418257885351691,0.4077934775405873,0.9734101575044076,0.1010839550358604
google-bristow-va,2023-01-18,2,12.949453844319583,0.4172343546895029,0.9694313082072687,0.1024972987514633
google-bristow-va,2023-01-18,3,12.43153282631003,0.3968081190719363,0.9681129275085156,0.1024409684473634
google-bristow-va,2023-01-18,4,12.280242896867994,0.402327813116608,0.969401806212446,0.1040871314805049
google-bristow-va,2023-02-03,0,-1.2582400141611114,0.3722729491256207,0.974266429699842,0.1612378469849921
google-bristow-va,2023-02-03,1,0.563631221470196,0.3170394717914316,0.9733783968311523,0.1666365816231622
google-bristow-va,2023-02-03,2,2.3305234169351707,0.3666504555223722,0.9683996113095606,0.1250702475527692
google-bristow-va,2023-02-03,3,2.5728373100485418,0.3660617195590102,0.9661229452380904,0.133859917345627
google-bristow-va,2023-02-03,4,2.1930566561343943,0.3625916880478302,0.968193943795142,0.1191110373526643
google-bristow-va,2023-02-19,2,5.86239336555215,0.3574764117506629,0.9725790564923562,0.1111111359409378
google-bristow-va,2023-02-19,3,7.123746798050328,0.3449797710346398,0.9736375703178608,0.147488920288932
google-bristow-va,2023-02-19,4,6.023387111504442,0.359268631173742,0.9727059923046096,0.1241081532676712
google-bristow-va,2023-03-07,2,10.49200158311438,0.4111277376621515,0.9644726128951776,0.1958962924656948
google-bristow-va,2023-03-07,3,12.72236979963754,0.3667461947503808,0.96825362990803,0.1511990294863532
google-bristow-va,2023-03-07,4,11.410069323467765,0.3559122356338034,0.9680731500340988,0.1233942051173884
google-bristow-va,2023-03-23,0,22.75429294097044,0.2197638453984833,0.969710378587411,0.157210489355809
google-bristow-va,2023-03-23,1,22.67539257496113,0.3689797502109874,0.9732163248292568,0.1337837502547516
google-bristow-va,2023-03-23,2,22.85986809866698,0.4128576059409259,0.969521632566608,0.1320111885333121
google-bristow-va,2023-03-23,3,22.295096999581645,0.4084144226557922,0.9686007299876332,0.1312628624950908
google-bristow-va,2023-03-23,4,21.77936236351816,0.4128367617237879,0.970030939792322,0.1309299822233384
google-bristow-va,2023-04-24,1,19.26775041981704,0.522745615777725,0.9678496182179014,0.2206099072869083
google-bristow-va,2023-04-24,2,20.487075544165354,0.5808387049352237,0.973576433959503,0.189002072880613
google-bristow-va,2023-04-24,3,22.85368978313255,0.4066521917980213,0.9673930231916996,0.1819648703496317
google-bristow-va,2023-04-24,4,19.996061367420715,0.534126547330818,0.9688457733444364,0.1722388687803493
google-bristow-va,2023-05-10,0,25.893853599056765,0.4639812116234136,0.9734456696880444,0.1482403955849017
google-bristow-va,2023-05-10,1,24.328937117714545,0.6155780674256736,0.9761894236675744,0.1479206668962558
google-bristow-va,2023-05-10,2,26.42032789218615,0.6117307165711285,0.9709416116508148,0.1467330822044687
google-bristow-va,2023-05-10,3,26.779375892622813,0.6078407243433516,0.970082538913432,0.1476017943974726
google-bristow-va,2023-05-10,4,25.273627328160675,0.6384844383059279,0.9717765771681882,0.1481111095262614
google-bristow-va,2023-05-26,0,27.85357980935612,0.4603601743753775,0.9759649246499824,0.215357887139978
google-bristow-va,2023-05-26,1,26.31337924389365,0.6675215554877029,0.9787941862019682,0.1853466774058115
google-bristow-va,2023-05-26,2,29.102795451686717,0.6004636885098938,0.9696204207171328,0.1668573568617384
google-bristow-va,2023-05-26,3,27.223130433120755,0.5959927087276599,0.971480997991902,0.1705611064648027
google-bristow-va,2023-05-26,4,26.307957448026052,0.6274408639457963,0.9732176009495545,0.1736542622317203
google-bristow-va,2023-06-11,0,37.27722443458213,0.3613243443281733,0.972969068487059,0.1786610231313345
google-bristow-va,2023-06-11,1,33.23198605242551,0.6065379244185217,0.9779872860824392,0.1574638970102917
google-bristow-va,2023-06-11,2,35.01239824640386,0.579685354607982,0.9717093925803862,0.1543645962844141
google-bristow-va,2023-06-11,3,34.150716340829675,0.5652452768619386,0.9707421322422212,0.1560010332157209
google-bristow-va,2023-06-11,4,30.75041852252103,0.6132313442550612,0.97234778612949,0.1621637264952735
google-bristow-va,2023-06-27,0,31.73928477288148,0.603568332803611,0.9790761048617116,0.1927866583984714
google-bristow-va,2023-06-27,1,32.17330258624731,0.7645994094411396,0.982949593174278,0.1706417589874435
google-bristow-va,2023-06-27,2,36.36134995731928,0.6500898763809675,0.972681116337394,0.1632056597624406
google-bristow-va,2023-06-27,3,37.35013786160023,0.6754980226990072,0.973087138342756,0.1593073114868479
google-bristow-va,2023-06-27,4,36.05015592235737,0.6551440427694246,0.9721678733787984,0.1654040745558239
google-bristow-va,2023-07-13,0,45.07561736006022,0.331946889019476,0.9713692482264344,0.1788873703249038
google-bristow-va,2023-07-13,1,40.83146380602803,0.6461094460300684,0.9774145759511476,0.1491954153729775
google-bristow-va,2023-07-13,2,43.042311491808235,0.6178197335194036,0.9715678240198796,0.1473668354718422
google-bristow-va,2023-07-13,3,43.33653987948003,0.5936133006440757,0.970505107726702,0.1479648913066852
google-bristow-va,2023-07-13,4,40.73542523123699,0.652178367671433,0.9725166076730356,0.1481359215306723
google-bristow-va,2023-07-29,0,41.141539481874574,0.3394988928798081,0.9721653080306278,0.1714363190783365
google-bristow-va,2023-07-29,1,37.79292681606608,0.6417118186717952,0.978554458058094,0.1435633488984518
google-bristow-va,2023-07-29,2,39.54345692152934,0.6109488062284341,0.9721756653245998,0.1421938186400318
google-bristow-va,2023-07-29,3,39.81753048609232,0.588042006445436,0.9711607092750576,0.1429015422276037
google-bristow-va,2023-07-29,4,37.644498102617,0.6548145136155129,0.9734239267749838,0.1435543649337529
google-bristow-va,2023-08-14,0,30.122624355013674,0.376388450860631,0.9726987231261772,0.2087071477696901
google-bristow-va,2023-08-14,1,25.498274513359977,0.569404671624089,0.9756821562498222,0.1916914096080199
google-bristow-va,2023-08-14,2,26.96306225574072,0.590442082789477,0.9711320996460302,0.1865721433447201
google-bristow-va,2023-08-14,3,27.2534497460698,0.6118587760183738,0.9705355314404304,0.1740521085642959
google-bristow-va,2023-08-14,4,28.03566874905428,0.6605329823301923,0.9705744746815562,0.1697813201251559
google-bristow-va,2023-09-15,0,30.161687146735183,0.2996477277009788,0.971083057748084,0.1633272144527932
google-bristow-va,2023-09-15,1,27.890084156973455,0.6069369294179596,0.9772672684881184,0.1232774637434072
google-bristow-va,2023-09-15,2,29.75485767743324,0.5744396089482328,0.9714637056130352,0.126240757232865
google-bristow-va,2023-09-15,3,29.867282604388567,0.5548812609993871,0.9705162304762208,0.1289052202040974
google-bristow-va,2023-09-15,4,28.66183563253884,0.596493863538352,0.972517689950106,0.1269587250777595
google-bristow-va,2023-10-01,0,31.341633032168936,0.3058144548965795,0.9706275105642256,0.1518484182251985
google-bristow-va,2023-10-01,1,29.516467237363507,0.6073625371384507,0.9762074465381012,0.1163318240707828
google-bristow-va,2023-10-01,2,30.8606187888119,0.5983332748000869,0.9710468877260584,0.11993524197808
google-bristow-va,2023-10-01,3,30.894891360772732,0.5802787012227717,0.970104460025474,0.122313768298565
google-bristow-va,2023-10-01,4,29.84665640083578,0.6094525343740292,0.9718925057628064,0.1200969516377034
google-bristow-va,2023-11-02,0,15.13469486984418,0.2573516563317254,0.9695883435164168,0.154065721837628
google-bristow-va,2023-11-02,1,13.826762944657188,0.4977695915644892,0.9741480467154252,0.113045958558261
google-bristow-va,2023-11-02,2,15.07862988898629,0.5101709748564116,0.969920023563362,0.1151356438046103
google-bristow-va,2023-11-02,3,14.961972073946058,0.4974529982307723,0.968976365609474,0.1159614088010452
google-bristow-va,2023-11-02,4,14.571534821976895,0.5125498434345189,0.970559212381049,0.1164385360294954
google-bristow-va,2023-11-18,0,15.036943723462173,0.2420341465136236,0.9696908063108912,0.1389474906744175
google-bristow-va,2023-11-18,1,14.693103206986454,0.448461026780853,0.9740895481875764,0.108817702560728
google-bristow-va,2023-11-18,2,15.576990221964149,0.4637671117461429,0.9699254944240288,0.1113100032369301
google-bristow-va,2023-11-18,3,15.51545569667211,0.4476243759508559,0.9690901966527355,0.1111275807799512
google-bristow-va,2023-11-18,4,15.117229704885352,0.4602331281075758,0.9708699385762954,0.1114663485580543
google-bristow-va,2023-12-20,0,5.6909960577737655,0.2197079421344161,0.9685138289823984,0.125545154596098
google-bristow-va,2023-12-20,1,5.883682465970262,0.4056954238309836,0.9724519169881024,0.1015269005468701
google-bristow-va,2023-12-20,2,6.767614615803934,0.4227231320251302,0.9688355972106956,0.1040856311207595
google-bristow-va,2023-12-20,3,6.776722406008131,0.4063116041105126,0.9676313356190812,0.1055580942079945
google-bristow-va,2023-12-20,4,6.436986763075563,0.4079217553393066,0.96904481162368,0.1052178160483958
google-bristow-va,2024-01-05,0,4.161273752869539,0.203901131926756,0.9689304573498728,0.1482949127764994
google-bristow-va,2024-01-05,1,3.7104974397607826,0.3856439069368183,0.9728504765953832,0.1033020797437733
google-bristow-va,2024-01-05,2,4.746931243390332,0.4061268290382243,0.9692286916281958,0.1062346638657379
google-bristow-va,2024-01-05,3,4.6194028078016105,0.3904461254324686,0.96809835100621,0.1072798017515295
google-bristow-va,2024-01-05,4,4.359783349938799,0.3959819766593347,0.9695886946295268,0.1068767654567942
google-bristow-va,2024-01-21,0,-4.444081747373195,0.0572910161540275,0.9871439603484148,0.4989744202713261
google-bristow-va,2024-01-21,1,-4.484822502622978,0.169645021434673,0.9867131178718708,0.3633117447607853
google-bristow-va,2024-01-21,2,-3.9532293686900513,0.1518142406831695,0.9869808595143312,0.3461843509056174
google-bristow-va,2024-01-21,3,-3.786789570871558,0.1563503947472908,0.98461512535159,0.3131327294205522
google-bristow-va,2024-01-21,4,-4.344871397084389,0.1543476007951375,0.985894908708165,0.3587027238733408
google-bristow-va,2024-02-06,0,9.085597747347755,0.194119001725603,0.9681597977091642,0.1515490469970772
google-bristow-va,2024-02-06,1,8.44404060167995,0.3727583407759076,0.9719035283697818,0.107292720854521
google-bristow-va,2024-02-06,2,9.171552211659677,0.3890646724041973,0.968603229366236,0.1107813403590455
google-bristow-va,2024-02-06,3,9.04653782643324,0.3705984391327497,0.9674874768104784,0.1131816755273627
google-bristow-va,2024-02-06,4,8.590545459866675,0.3714610789150654,0.9688491913046734,0.1108824343172848
google-bristow-va,2024-03-25,0,19.73703157738893,0.2040362538261457,0.9688487554918253,0.1735766131125876
google-bristow-va,2024-03-25,1,19.569220142129343,0.3826734198971315,0.9728848277750712,0.1200930532427513
google-bristow-va,2024-03-25,2,20.69421171518577,0.4272137886408694,0.9694746164712812,0.1228441299827881
google-bristow-va,2024-03-25,3,20.458377642959583,0.4247223737277135,0.9685815868932984,0.1256246293861994
google-bristow-va,2024-03-25,4,19.52891536674424,0.4268661219142891,0.9700021508417316,0.1232183860555855
google-bristow-va,2024-04-10,0,25.845255605346622,0.1883005296969073,0.9662345775565826,0.2569687164966228
google-bristow-va,2024-04-10,1,28.851443093947964,0.4049265072403735,0.9730710375935692,0.1941727525888646
google-bristow-va,2024-04-10,2,30.25548968092761,0.4894325753034068,0.970599636367584,0.1321810614994303
google-bristow-va,2024-04-10,3,30.34220553714338,0.4554230117460914,0.9681190211912128,0.1378789781596211
google-bristow-va,2024-04-10,4,29.003035160654385,0.4506520917192479,0.97027161671695,0.1465265737758096
google-bristow-va,2024-04-26,0,25.011768042914326,0.2670272890815304,0.9707616985493838,0.2239264245712015
google-bristow-va,2024-04-26,1,24.086179543134655,0.4982843196337962,0.9759841293291304,0.156738970643336
google-bristow-va,2024-04-26,2,25.2732270330627,0.5126391613961885,0.9711337507457328,0.1596931516859441
google-bristow-va,2024-04-26,3,24.024168043994298,0.5309590185500724,0.9698010166986284,0.1599136354627692
google-bristow-va,2024-04-26,4,23.45943069280561,0.5382816179014123,0.9681730225005776,0.1732788954077345
google-bristow-va,2024-05-12,4,16.960176562243017,0.8346130996040736,0.9848289719626168,0.0706440674766355
google-bristow-va,2024-05-28,0,34.538007515763745,0.3417649380859167,0.9725627095257332,0.2231693467333615
google-bristow-va,2024-05-28,1,31.979000639290817,0.6472898585588541,0.9789944063270212,0.1620332682043868
google-bristow-va,2024-05-28,2,33.7091538806781,0.6281701406262968,0.9723517149900684,0.157288994907029
google-bristow-va,2024-05-28,3,33.4374385884297,0.5992656406074778,0.9711441152348942,0.1624454888751021
google-bristow-va,2024-05-28,4,31.7401766219538,0.6503011731898711,0.9731485798904456,0.1671416806620991
google-bristow-va,2024-06-13,0,40.448704289242215,0.3419164774031951,0.97182164510661,0.206168363313706
google-bristow-va,2024-06-13,1,37.0951769291126,0.6100935915392737,0.9776169741846512,0.1630574354772912
google-bristow-va,2024-06-13,2,38.82758033705137,0.6162070414467038,0.971990271512472,0.1577265533184974
google-bristow-va,2024-06-13,3,39.09308077521085,0.5951177815725806,0.9708965968853344,0.159515205074177
google-bristow-va,2024-06-13,4,37.211385646602025,0.6381866409231155,0.9727578928972525,0.1583488014198317
google-bristow-va,2024-06-29,0,29.331777395846068,0.2776776867875117,0.9706465289221854,0.3090137508665229
google-bristow-va,2024-06-29,1,28.3141318231911,0.5845156268209217,0.9750802871881612,0.182681819792186
google-bristow-va,2024-06-29,2,29.055004117367993,0.5590043903895129,0.9716221277387986,0.189119253548266
google-bristow-va,2024-06-29,3,30.236011901065694,0.5256686386626408,0.969459191163552,0.192264367694482
google-bristow-va,2024-06-29,4,28.728102131304873,0.5706459012100246,0.9690100974582124,0.1931131570088684
google-bristow-va,2024-07-15,0,43.4068630902611,0.3280496838685062,0.9718341536590128,0.2097011495102101
google-bristow-va,2024-07-15,1,40.0877224493749,0.6297934194099235,0.9780867464119172,0.1489474177493728
google-bristow-va,2024-07-15,2,42.30608766124947,0.5866055509182586,0.9717527913507684,0.1466125801994215
google-bristow-va,2024-07-15,3,43.25122744154926,0.5739122780405376,0.9709035963688242,0.1468588789218639
google-bristow-va,2024-07-15,4,41.39643594597045,0.623680580558363,0.9726000235663056,0.1487080014244741
google-bristow-va,2024-07-31,1,37.33092296304412,0.7384184537897927,0.9813258434933774,0.0941140084347621
google-bristow-va,2024-07-31,2,42.360993159161744,0.6043991342209822,0.9729829552279688,0.1434213167323824
google-bristow-va,2024-07-31,3,40.51904243868116,0.6389416345601968,0.9716536956627528,0.1465182421528938
google-bristow-va,2024-07-31,4,38.69316459744553,0.6364415355068955,0.9698629691146908,0.1610806454666848
google-bristow-va,2024-10-19,0,23.14065134054375,0.3055947372976607,0.9711864476197908,0.188433119735419
google-bristow-va,2024-10-19,1,22.361086548588304,0.5830483075996952,0.97679822676257,0.1185799054972931
google-bristow-va,2024-10-19,2,23.71054687379086,0.5676140643472624,0.9711731528573876,0.1190256007561257
google-bristow-va,2024-10-19,3,23.590996000205443,0.5588302564998722,0.9703697679648082,0.1192326706444499
google-bristow-va,2024-10-19,4,22.85507573899514,0.5838525461096324,0.9721855544747606,0.1198729674181963
google-bristow-va,2024-12-06,0,3.912994139578657,0.2398297774306542,0.9689963824052104,0.2011395350736916
google-bristow-va,2024-12-06,1,3.4537328885498635,0.4006778235392406,0.9715431755902008,0.1205448940768595
google-bristow-va,2024-12-06,2,4.315901002500341,0.4320613334200899,0.9676631505053878,0.1137103689984654
google-bristow-va,2024-12-06,3,4.010595421774151,0.4099516883082234,0.9672605580108286,0.1268153042630623
google-bristow-va,2024-12-06,4,3.838670301918032,0.4339964448731503,0.9688479495369462,0.1170531021979421
google-bristow-va,2024-12-22,0,1.111269744076203,0.2190643076102675,0.968790183470209,0.1487043744891913
google-bristow-va,2024-12-22,1,1.2638780716606368,0.398032294085497,0.97220717993386,0.1036935256297717
google-bristow-va,2024-12-22,2,2.293800627783075,0.4088130880024382,0.9686713299774666,0.1044104009051335
google-bristow-va,2024-12-22,3,2.3678787376687556,0.393131371445943,0.9674611149562352,0.1073022693066447
google-bristow-va,2024-12-22,4,2.1609750888016124,0.3920981481074683,0.9686037686648468,0.1140448919285792
google-bristow-va,2025-01-07,3,-5.776399705864584,0.1167713526047317,0.9873338953774596,0.2609300016955795
google-bristow-va,2025-01-07,4,-4.514958058205248,0.0870934168766751,0.9859909051123644,0.4346595208108959
google-bristow-va,2025-02-24,0,14.29455910342277,0.1736082039121717,0.9687294633908626,0.1870382297580192
google-bristow-va,2025-02-24,1,14.778841933999033,0.3426930410837581,0.9726012275175832,0.1185737468310219
google-bristow-va,2025-02-24,2,15.783641203975634,0.343889595537116,0.9688814811928822,0.1169091872660674
google-bristow-va,2025-02-24,3,15.551877339112997,0.3327812113241908,0.9678208794713988,0.1195585471687147
google-bristow-va,2025-02-24,4,14.720362522785631,0.3334629316990538,0.9692246584591424,0.1191320418238436
google-bristow-va,2025-03-12,0,18.903938676827316,0.176206975468864,0.9687072428929768,0.2070834473668228
google-bristow-va,2025-03-12,1,19.311620425480697,0.3060569106563412,0.9719849709049868,0.144724658086216
google-bristow-va,2025-03-12,2,19.548266974648495,0.3177753203566579,0.9684901386758736,0.1419358515718058
google-bristow-va,2025-03-12,3,19.45308861591552,0.311944808005676,0.967433455142354,0.1429665436190649
google-bristow-va,2025-03-12,4,18.88275642717708,0.3298739913523913,0.968163590458917,0.1440952986939735
google-bristow-va,2025-03-28,0,23.91984193939303,0.2098154960463367,0.9686832781465368,0.1771361933397931
google-bristow-va,2025-03-28,1,24.878065646248217,0.3576981197673727,0.9720420349510384,0.1116560762577191
google-bristow-va,2025-03-28,2,26.171213013312332,0.3927921756937096,0.9700266976764332,0.1223448567211267
google-bristow-va,2025-03-28,3,26.72900127246948,0.4063694544943001,0.9688952604971474,0.127361100217969
google-bristow-va,2025-03-28,4,26.27791185213843,0.4053480299128222,0.9703449154040024,0.1385214351821019
google-bristow-va,2025-04-13,0,21.532107183024433,0.2073432755610035,0.969376303450906,0.2250729911403464
google-bristow-va,2025-04-13,1,21.207666324549425,0.3887749587751166,0.9738764551184692,0.1435212068402843
google-bristow-va,2025-04-13,2,22.584041668442115,0.4508738269289549,0.9700199139057226,0.1328880074209516
google-bristow-va,2025-04-13,3,22.153163327980604,0.4532755836876935,0.9688132338581684,0.1387721094071288
google-bristow-va,2025-04-13,4,21.271803816933865,0.4711434070094535,0.9705772421716868,0.1366845601591716
google-bristow-va,2025-04-29,0,33.350489328849264,0.2868757748058576,0.9713748628125588,0.2124778786274903
google-bristow-va,2025-04-29,1,31.870227886461603,0.5548888270523535,0.97731717059694,0.1451144499500445
google-bristow-va,2025-04-29,2,33.03825527399192,0.5625726052746817,0.9717305712886268,0.1417724046371234
google-bristow-va,2025-04-29,3,32.97642963648334,0.5585552007809951,0.9710586554017308,0.1460769226462603
google-bristow-va,2025-04-29,4,31.450534108960884,0.5915179003988007,0.9730159350432052,0.1463500650188838
google-bristow-va,2025-05-15,2,31.84185229239383,0.7251911802945032,0.9722774450510644,0.1528452236513104
google-bristow-va,2025-05-15,3,31.93889708909924,0.6922322004198522,0.973716265823819,0.1621511372088428
google-bristow-va,2025-05-15,4,29.33122843055435,0.7282204265350957,0.975917324547772,0.170398824108041
google-bristow-va,2025-05-31,3,21.997129490000017,0.7910572086933608,0.9625499999999998,0.0699196633333333
google-bristow-va,2025-07-02,0,28.386233233850625,0.560319176622945,0.9770574563856708,0.1633993223254318
google-bristow-va,2025-07-02,1,28.275977089793233,0.7312869265356293,0.9804030687358368,0.1523614505953673
google-bristow-va,2025-07-02,2,32.227370845621046,0.6658211673531496,0.9728132371428372,0.1470361768775359
google-bristow-va,2025-07-02,3,34.663210002552994,0.627773697136506,0.9713520354221608,0.1530087672835433
google-bristow-va,2025-07-02,4,33.092887625857365,0.6814709379855264,0.9734788303852157,0.1454813694210045
google-bristow-va,2025-08-03,0,35.951183105425784,0.2938401744447169,0.9700731405874258,0.252394128952649
google-bristow-va,2025-08-03,1,31.464414685806467,0.6743827370731892,0.9782915121793848,0.143169694854851
google-bristow-va,2025-08-03,2,34.85834243561836,0.6529540348384041,0.9747526866157862,0.1632508144002306
google-bristow-va,2025-08-03,3,32.12693038414711,0.5861704556677255,0.972381158016268,0.174359552278202
google-bristow-va,2025-08-03,4,31.309734031651324,0.686145967249287,0.973424523051908,0.1741709258623962
google-bristow-va,2025-09-04,0,36.429463042412614,0.3284043806131955,0.9720797234918463,0.2036626330122574
google-bristow-va,2025-09-04,1,34.51235591396482,0.6250725693675556,0.9784847121817788,0.133758937975264
google-bristow-va,2025-09-04,2,36.42357742710906,0.5772609813655413,0.9718343686966564,0.1329921821192285
google-bristow-va,2025-09-04,3,36.21241820942745,0.557054615710641,0.9708719381529854,0.1334044715395073
google-bristow-va,2025-09-04,4,34.59351846567472,0.6099476536801219,0.97312270902188,0.1327158690276471
google-bristow-va,2025-09-20,0,32.604793204480586,0.3548740318881635,0.9725166535795824,0.2041523644775076
google-bristow-va,2025-09-20,1,30.19767165532697,0.609329456236006,0.9773356163513064,0.135556900441838
google-bristow-va,2025-09-20,2,32.0626093110987,0.5807866009680762,0.9711096741031818,0.1295765608591161
google-bristow-va,2025-09-20,3,31.40531785759577,0.5386671707351464,0.9694794656790908,0.1384050516174559
google-bristow-va,2025-09-20,4,29.835921418739865,0.541695929968595,0.96832104196612,0.1501282371948142
google-bristow-va,2025-10-06,0,30.631345146276907,0.334898646629684,0.9719782619746826,0.1874197308766038
google-bristow-va,2025-10-06,1,29.464142361178716,0.6093303127477425,0.977753190465672,0.11926195148377
google-bristow-va,2025-10-06,2,30.896295790011777,0.5811115458185431,0.9715871863718264,0.1181028490090149
google-bristow-va,2025-10-06,3,30.79088160179756,0.5614780253791203,0.9706103583850878,0.1185488610384452
google-bristow-va,2025-10-06,4,29.897032494863176,0.5892167189640584,0.972513431336617,0.1170330504877655
google-bristow-va,2025-10-22,0,21.14398414632178,0.2976475834230263,0.971286409705926,0.1975432445947126
google-bristow-va,2025-10-22,1,20.420791600806083,0.5252492540674246,0.9762341423855188,0.1240304523499973
google-bristow-va,2025-10-22,2,21.467957356595516,0.5073037931137407,0.9702608798192972,0.123524481821951
google-bristow-va,2025-10-22,3,20.831252371841657,0.4520818872176312,0.967164676238159,0.127159630496934
google-bristow-va,2025-10-22,4,19.985809811885684,0.5056037603249377,0.9694948477176611,0.1258312005080769
google-bristow-va,2025-11-07,0,10.167233529474004,0.2667716819803974,0.9708772182058776,0.1776912713842787
google-bristow-va,2025-11-07,1,10.3954978254872,0.3989130130306367,0.9738499460152292,0.1280218601242361
google-bristow-va,2025-11-07,2,10.832310057887112,0.4074525744511063,0.9695507078396022,0.1274298915622075
google-bristow-va,2025-11-07,3,10.27822813791593,0.3963765434067107,0.9685350866309984,0.1267820080503221
google-bristow-va,2025-11-07,4,9.693037558910234,0.4067416632481963,0.9692006317285528,0.1314221710284003
google-bristow-va,2025-11-23,0,13.784024901938183,0.3162227148397435,0.9711600318460956,0.1161342501280205
google-bristow-va,2025-11-23,1,14.04221156075809,0.4574258857554792,0.9730212172641036,0.0949391566636856
google-bristow-va,2025-11-23,2,14.208692537919475,0.4321444627204192,0.9691018761667296,0.0942433576742823
google-bristow-va,2025-11-23,3,14.073157542150794,0.4106801994447994,0.968157790575606,0.0992968976179067
google-bristow-va,2025-11-23,4,14.036319436736068,0.4133571794113563,0.9698206764909096,0.0975940279980374
google-bristow-va,2026-02-27,0,12.702650679872404,0.236968799707141,0.9701957286145126,0.1685007244870111
google-bristow-va,2026-02-27,1,12.390909401684995,0.3606261141140757,0.9730371148170832,0.1176675071929767
google-bristow-va,2026-02-27,2,13.191313042594292,0.3559646965661024,0.9690033967659246,0.1158200142281315
google-bristow-va,2026-02-27,3,13.000668274574048,0.3384759353846096,0.9677756578006448,0.1176404299651204
google-bristow-va,2026-02-27,4,12.959317760091146,0.3433686005317425,0.9691965604520658,0.1161328251778782
google-bristow-va,2026-03-31,0,26.264707470634157,0.2804010672016802,0.9721513704634016,0.1619834972118012
google-bristow-va,2026-03-31,1,27.092221099763844,0.3779136832968008,0.9741558176518412,0.1412619992808688
google-bristow-va,2026-03-31,2,27.277663969341596,0.4161286583617648,0.970940173407378,0.1399346670949666
google-bristow-va,2026-03-31,3,27.663668697629287,0.4338251382644353,0.9698780072958556,0.1351892841496265
google-bristow-va,2026-03-31,4,25.526758229998833,0.4055361723623438,0.9701871705322876,0.1386618731948572
google-bristow-va,2026-05-18,0,41.02822117920615,0.3429919542218866,0.971929069667164,0.2279241925454342
google-bristow-va,2026-05-18,1,38.70995588297094,0.6187251557444579,0.977608666470984,0.1575884237796547
google-bristow-va,2026-05-18,2,40.7754843419584,0.594396694194936,0.9715351894808306,0.1516005531879689
google-bristow-va,2026-05-18,3,40.90612998915443,0.5762558488200831,0.9705887918833016,0.1527846493085236
google-bristow-va,2026-05-18,4,39.12915205146767,0.616964995905011,0.9726085406816628,0.1517843534588511
google-bristow-va,2026-06-03,0,34.58338676205291,0.359935147437404,0.972299029588914,0.2391404282802438
google-bristow-va,2026-06-03,1,32.499391533201226,0.6527651462405346,0.9783600458741974,0.158621130590842
google-bristow-va,2026-06-03,2,34.51975883458961,0.6153783488570653,0.9718388664244744,0.1532708746253652
google-bristow-va,2026-06-03,3,34.59763108315539,0.5951518829821241,0.9708638192828573,0.1536675094665488
google-bristow-va,2026-06-03,4,32.96612461658787,0.6356141610413897,0.972431443697984,0.1528351898841964
google-bristow-va,2026-07-05,0,42.093811064261544,0.3843603972686021,0.9730172454486452,0.2269656308567572
google-bristow-va,2026-07-05,1,38.895108788011115,0.6662589806940035,0.9788882170491028,0.1572289233982461
google-bristow-va,2026-07-05,2,41.8082248912297,0.6218311806125981,0.972064995546409,0.1518001929602659
google-bristow-va,2026-07-05,3,42.05847879933847,0.5980486208896951,0.9710406761844488,0.1522992082250811
google-bristow-va,2026-07-05,4,39.68697835231817,0.6464944820195135,0.9731424530409936,0.1517321714435454
google-bristow-va,2026-07-21,4,6.903853871885676,0.6764133642974662,0.9726654200355102,0.1484796340695399
google-bristow-va,2026-08-06,0,35.44584834938081,0.4385198122238249,0.9743675251858184,0.2738149782266658
google-bristow-va,2026-08-06,1,32.80184171370557,0.8140423589768053,0.9827360606287434,0.1677364290043599
google-bristow-va,2026-08-06,2,37.69211356156429,0.7048673699171706,0.9731539239817658,0.160501050504454
google-bristow-va,2026-08-06,3,38.24616790851562,0.6155992733651018,0.9704667087057638,0.169780130068966
google-bristow-va,2026-08-06,4,36.226150188217055,0.6767956797552538,0.970718641262694,0.1708873967316239
google-bristow-va,2026-09-07,0,33.76976459751678,0.4153705903676994,0.9735581139166388,0.2086666713289479
google-bristow-va,2026-09-07,1,31.40928540029683,0.7040803971513921,0.9794415507959892,0.1378545051839622
google-bristow-va,2026-09-07,2,33.8399103871915,0.6561384507413831,0.9723626331585282,0.1381019835343768
google-bristow-va,2026-09-07,3,34.204014480012674,0.6217996963956908,0.9712365402666662,0.1374714713731131
google-bristow-va,2026-09-07,4,32.22833480623717,0.6753239454125951,0.9732995210372292,0.1401260489603069
google-bristow-va,2021-11-24,0,9.658549435143602,0.285565436869192,0.9708326428466372,0.1305249107192084
google-bristow-va,2021-11-24,1,9.1132812245665,0.4642441846050736,0.973959380357468,0.1152450757571434
google-bristow-va,2021-11-24,2,10.111399433046987,0.4823256040409444,0.970522035263792,0.121381004705545
google-bristow-va,2021-11-24,3,10.134127867856783,0.4642977075157184,0.9694182737611176,0.1210903434963511
google-bristow-va,2021-11-24,4,9.813985786608342,0.4757950532446342,0.970829623961582,0.1191675455234333
google-bristow-va,2021-12-15,0,7.408463359462066,0.3653228045781932,0.974144897080007,0.1444006651649145
google-bristow-va,2021-12-15,1,8.301611227308802,0.3954456174089908,0.973758278430548,0.1338077154875642
google-bristow-va,2021-12-15,2,9.756094277293936,0.4302572723216423,0.9710995650252532,0.1342418206678449
google-bristow-va,2021-12-15,3,10.50049841887901,0.4328929299441552,0.969786738878352,0.1283003368084562
google-bristow-va,2021-12-15,4,9.92471026880151,0.4348926624136839,0.9705577163396768,0.1265018053817067
google-bristow-va,2022-02-01,0,3.2905518833194556,0.2211159581071084,0.9701069384744276,0.1345877891666819
google-bristow-va,2022-02-01,1,2.9383533199313923,0.3457385519387285,0.9730379876012778,0.1285053386348149
google-bristow-va,2022-02-01,2,4.004521450564807,0.3532591961287961,0.9698633834649414,0.1300192311492045
google-bristow-va,2022-02-01,3,4.145057988682262,0.3400899805679095,0.968725459243579,0.1292118194577921
google-bristow-va,2022-02-01,4,3.6790286360162248,0.349257876359184,0.969983300187635,0.1283926362593254
google-bristow-va,2022-03-05,0,16.570898038797573,0.2260288585273046,0.9707205889568328,0.1564849848795192
google-bristow-va,2022-03-05,1,16.18550628891386,0.3340861587888131,0.9732173681078112,0.137819949130228
google-bristow-va,2022-03-05,2,16.51978980610121,0.347323098935644,0.9699751567221006,0.1404900922930556
google-bristow-va,2022-03-05,3,16.04724118793781,0.3388782926302972,0.9687996622283918,0.138700377791116
google-bristow-va,2022-03-05,4,15.158825386572104,0.3466707802373881,0.9701065759758786,0.1383335450634489
google-bristow-va,2022-03-21,0,25.44566108228148,0.2247933586750886,0.970486948818362,0.1630445052754316
google-bristow-va,2022-03-21,1,24.638840132369808,0.3557846783860577,0.9734751750258586,0.1414850777361581
google-bristow-va,2022-03-21,2,24.839079370410424,0.3840547460981575,0.970283259308789,0.1458201429393369
google-bristow-va,2022-03-21,3,24.435332816577827,0.3852454608582957,0.969239930988638,0.1386041165325087
google-bristow-va,2022-03-21,4,23.42640556657222,0.3966422544189565,0.9706377184272146,0.136684647491437
google-bristow-va,2022-04-22,0,26.736464926767464,0.2623199647877632,0.9713012538729218,0.1631217276629012
google-bristow-va,2022-04-22,1,25.73196626473755,0.4014174010633359,0.974309246271945,0.1455943023049009
google-bristow-va,2022-04-22,2,28.110072376517344,0.4522074692062465,0.9711130886044632,0.1447878172002514
google-bristow-va,2022-04-22,3,28.284869643101786,0.4615725939691208,0.970415279658864,0.1489184449824088
google-bristow-va,2022-04-22,4,26.186978108297655,0.4803548125664187,0.971940594552593,0.1510000078986821
google-bristow-va,2022-06-09,1,33.175029433507994,0.6416235759642562,0.9757648072041956,0.1153885196107757
google-bristow-va,2022-06-09,2,37.00135380790515,0.6259016732190135,0.9735205570302832,0.177852847767637
google-bristow-va,2022-06-09,3,34.706077112150446,0.6886044678555122,0.9751429284009614,0.1857272936841679
google-bristow-va,2022-06-09,4,33.2119703903333,0.6607693312311304,0.9741261158177894,0.1776083375317112
google-bristow-va,2022-06-25,0,35.713158982616,0.4168005734312399,0.9744215061921327,0.1756407495817811
google-bristow-va,2022-06-25,1,34.223185099859066,0.6829567782231749,0.9792896759122665,0.1759200616491529
google-bristow-va,2022-06-25,2,35.98676664589964,0.637401236926549,0.972920884555904,0.1754991157832614
google-bristow-va,2022-06-25,3,36.29581644604519,0.6237661520870462,0.973007578094313,0.1729856893206723
google-bristow-va,2022-06-25,4,34.35823027354969,0.6744322448582779,0.9742819894436688,0.1740242689315034
google-bristow-va,2022-07-11,0,35.41448750117185,0.4080704333283552,0.9740021429415124,0.1570557148156103
google-bristow-va,2022-07-11,1,33.50049054015552,0.7105543808337941,0.9795824863591156,0.1685949736426883
google-bristow-va,2022-07-11,2,36.395147077681685,0.656958879945446,0.9733138484812136,0.1655029661238067
google-bristow-va,2022-07-11,3,37.08361705485933,0.615339325239169,0.9720073988581848,0.1639611068860967
google-bristow-va,2022-07-11,4,34.674600973743836,0.6778529484106779,0.9742643036994876,0.1641874958267287
google-bristow-va,2022-07-27,1,20.678580457903887,0.6976098139545109,0.9828469134473424,0.2386193653680182
google-bristow-va,2022-07-27,2,26.519170845765164,0.68693957625304,0.9749818037217048,0.2105919194475315
google-bristow-va,2022-07-27,3,31.660082174629895,0.6683060180508946,0.9703531380312886,0.1853882410097711
google-bristow-va,2022-07-27,4,30.92990393414491,0.7240384453911761,0.9716693315914384,0.1971540341987849
google-bristow-va,2022-08-12,0,35.821649696453406,0.4116941086676524,0.9746001222071788,0.1577644094079764
google-bristow-va,2022-08-12,1,32.98849358204367,0.7176008103161465,0.980633812587931,0.1562483202953709
google-bristow-va,2022-08-12,2,35.732542464437394,0.67368740693051,0.9740333852486548,0.1580454981395006
google-bristow-va,2022-08-12,3,36.144017749669295,0.6312569967343779,0.9727098945883906,0.1571727958913519
google-bristow-va,2022-08-12,4,33.82906047832265,0.6981921970786673,0.97505365145358,0.1587999506019427
google-bristow-va,2022-08-28,0,41.79341327351073,0.3967674562471816,0.9743875056805016,0.1861424110142826
google-bristow-va,2022-08-28,1,36.30981121387456,0.7180794568019587,0.9815396287097788,0.1637326849743954
google-bristow-va,2022-08-28,2,39.10777598014669,0.6467605923821824,0.9748278363744736,0.1600960599918809
google-bristow-va,2022-08-28,3,39.16393413683011,0.6072922979258155,0.9719100217124982,0.1560701030023787
google-bristow-va,2022-08-28,4,36.942514273082104,0.6812125323690135,0.9741901568169938,0.1572489135884129
google-bristow-va,2022-09-13,1,29.47632692000002,0.1406602590890096,0.9601,0.12077435
google-bristow-va,2022-09-13,2,27.2611500032044,0.6476720302376674,0.968942282718966,0.1588425429445178
google-bristow-va,2022-09-13,3,27.36383133130628,0.6868931445719286,0.9751026232777884,0.1526214943665431
google-bristow-va,2022-09-13,4,24.69377284324134,0.7391982000324872,0.980503047692174,0.1612870784000418
google-bristow-va,2022-09-29,0,21.24548741022957,0.4062289660427515,0.9742824378889988,0.1277675371747851
google-bristow-va,2022-09-29,1,19.445727980608687,0.6253787320438002,0.9770814123301264,0.1213996606464907
google-bristow-va,2022-09-29,2,22.145522278875305,0.6130269295804676,0.9728728407151432,0.1209152632059449
google-bristow-va,2022-09-29,3,23.28090770402157,0.5898116719813665,0.9715514321347752,0.121532730439003
google-bristow-va,2022-09-29,4,21.837069233180348,0.6398466625739062,0.973428613513328,0.1278989537442599
google-bristow-va,2022-10-15,0,22.109764368472252,0.3642790408838769,0.9723739826585048,0.1233879735249659
google-bristow-va,2022-10-15,1,21.72000046927896,0.6071693515601629,0.9771599651105346,0.1231580450830207
google-bristow-va,2022-10-15,2,23.15933814902185,0.5820499136968021,0.9720154949529864,0.1275213085734705
google-bristow-va,2022-10-15,3,23.294311894708592,0.5549130707645378,0.9707507547000236,0.1284224049143132
google-bristow-va,2022-10-15,4,22.46128216469862,0.5864851343160679,0.9724481258021792,0.1272537885882621
google-bristow-va,2022-11-16,1,3.096457903712599,0.5024042866107191,0.9699905688622754,0.1091708898353293
google-bristow-va,2022-11-16,2,8.118176141419218,0.4113906784144338,0.9677989119298712,0.1405055029185591
google-bristow-va,2022-11-16,3,8.536074930022101,0.4299614834978212,0.9635749278265062,0.1389941281858778
google-bristow-va,2022-11-16,4,10.413156777017551,0.4768782759462843,0.9645490178947996,0.1262939378591229
google-bristow-va,2022-12-02,0,8.171156798016861,0.2722986041155613,0.9709257342776942,0.1132308116462759
google-bristow-va,2022-12-02,1,7.649570215324968,0.4343733536290129,0.9748148656274812,0.1133386553819311
google-bristow-va,2022-12-02,2,8.653265778808802,0.4421603280394473,0.9707703942089356,0.1157165453942353
google-bristow-va,2022-12-02,3,8.667902885892426,0.4274748547174316,0.9696032759624408,0.1150182651555989
google-bristow-va,2022-12-02,4,8.455426569217892,0.4288300837000345,0.9709927595208336,0.1147651793354827
google-bristow-va,2022-12-18,1,4.92989545742185,0.425713354646684,0.9756562106361566,0.1183755879977312
google-bristow-va,2022-12-18,2,5.863806904489948,0.37218864072294,0.968309370277076,0.0873520358052259
google-bristow-va,2022-12-18,3,6.6151100358615125,0.3478106240351829,0.96716017192325,0.1232255975017311
google-bristow-va,2022-12-18,4,7.213105705598444,0.4174108758178758,0.9680361700553932,0.1278098527094361
google-bristow-va,2023-02-04,0,2.8740829795164284,0.2109936421578757,0.969410507920939,0.1367843796590328
google-bristow-va,2023-02-04,1,1.6655078742047904,0.3858628294678506,0.973653662617192,0.1180640939065271
google-bristow-va,2023-02-04,2,3.1297341903697316,0.3783648362216849,0.9695141863390936,0.1195291247929741
google-bristow-va,2023-02-04,3,3.130309028939819,0.3613760642959493,0.9682598225214744,0.1200456066468391
google-bristow-va,2023-02-04,4,2.7936517274686716,0.3614033081468426,0.969505797831794,0.1183485733544862
google-bristow-va,2023-03-08,0,14.408883348966349,0.203536436800789,0.9697958822072836,0.1522802421060012
google-bristow-va,2023-03-08,1,14.050597490079554,0.3635385961946458,0.9734792236014966,0.1291864246146667
google-bristow-va,2023-03-08,2,14.824952853645224,0.3961725302882567,0.9704160339677574,0.1303428627146962
google-bristow-va,2023-03-08,3,14.602417736850471,0.3874907419426782,0.969342552961422,0.1310209830022271
google-bristow-va,2023-03-08,4,14.005674620538242,0.3860645033394934,0.9707146706216364,0.1292978214077509
google-bristow-va,2023-04-09,0,26.603911239085303,0.2240212857294586,0.9697015846046212,0.1713222226765757
google-bristow-va,2023-04-09,1,25.242391469376233,0.3909391066008764,0.9732412759661436,0.1461026693801934
google-bristow-va,2023-04-09,2,26.132684054130586,0.4461376926445058,0.9704484235169616,0.1447458876427019
google-bristow-va,2023-04-09,3,25.708580768341676,0.4510760767458958,0.9695693949249522,0.1442566914168906
google-bristow-va,2023-04-09,4,24.515777985495593,0.4611984413498898,0.9709985301383938,0.1429410584586699
google-bristow-va,2023-04-25,0,22.63223483164786,0.2316442779429105,0.9688343792570016,0.1188322600322666
google-bristow-va,2023-04-25,1,20.090868951306376,0.5010314736702057,0.976502805473927,0.1404843568765069
google-bristow-va,2023-04-25,2,23.885807077207616,0.4967238072325142,0.9722049161943817,0.1649508978811417
google-bristow-va,2023-04-25,3,22.65850810421355,0.506981125489881,0.9707804321894934,0.1748898024735081
google-bristow-va,2023-04-25,4,20.813476566802233,0.5460885023137527,0.9712797394040524,0.1778458096364889
google-bristow-va,2023-05-27,0,19.33879582258498,0.4533155438237017,0.9740716067546152,0.1905035905372264
google-bristow-va,2023-05-27,1,17.582866481679115,0.6406859094460968,0.9794517442274838,0.1851739712072163
google-bristow-va,2023-05-27,2,20.31767507438106,0.6145856716634066,0.9734464410161168,0.1786314325774735
google-bristow-va,2023-05-27,3,18.959783205315407,0.6131057539822672,0.9721426387686486,0.1764111880834784
google-bristow-va,2023-05-27,4,19.382401453206207,0.6159164962137431,0.971658566528214,0.1767014635819573
google-bristow-va,2023-07-14,0,41.03847179498594,0.3553244917290822,0.9723537362025384,0.2022916379547272
google-bristow-va,2023-07-14,1,38.0488993717941,0.6640478298797838,0.9782540806810878,0.1682432625640291
google-bristow-va,2023-07-14,2,40.207092864585064,0.6248208815525245,0.9729290757067922,0.1685643286495699
google-bristow-va,2023-07-14,3,39.38961014268857,0.6059939625260299,0.9720555909168372,0.1727294112746015
google-bristow-va,2023-07-14,4,37.03820176759883,0.6487507430600962,0.9731667014385772,0.1758107867950122
google-bristow-va,2023-07-30,0,38.6603691424656,0.3254601552634724,0.9715791666288082,0.1781319155911714
google-bristow-va,2023-07-30,1,36.00263870812659,0.6502136409986052,0.9780670789346556,0.1583023676221812
google-bristow-va,2023-07-30,2,38.7412641290281,0.6159370219246099,0.9728026326897689,0.1585358694701071
google-bristow-va,2023-07-30,3,39.14987201994556,0.5882712219245538,0.9715830122726904,0.1581708374249729
google-bristow-va,2023-07-30,4,36.887958915875245,0.6483984953872164,0.973745674846422,0.1580811794047164
google-bristow-va,2023-08-31,0,33.28630119909939,0.2943009896057011,0.9710720532238254,0.1970294297982648
google-bristow-va,2023-08-31,1,31.00991954905114,0.6123010949151696,0.9773986564594532,0.1555916260409274
google-bristow-va,2023-08-31,2,33.3203614795227,0.5978119295052468,0.9727791052340145,0.1468718719465993
google-bristow-va,2023-08-31,3,33.18570300450455,0.5602402707168472,0.9714054242600528,0.1481446581775175
google-bristow-va,2023-08-31,4,31.83638222163564,0.6180389849592821,0.9731720299876002,0.1479511146741664
google-bristow-va,2023-09-16,0,33.22550197322513,0.2940923367101207,0.9709736375724006,0.1718078496530634
google-bristow-va,2023-09-16,1,30.802326895790262,0.5987829601744086,0.9769129254873684,0.13306821603383
google-bristow-va,2023-09-16,2,32.65006197141306,0.5670070880928153,0.9721317674062424,0.1367304436224763
google-bristow-va,2023-09-16,3,32.55224883410036,0.5495273918448721,0.9710534428715036,0.1381296088388521
google-bristow-va,2023-09-16,4,31.23576876631531,0.5873721023521764,0.9728978196714108,0.1368175999483182
google-bristow-va,2023-10-02,0,33.3601254610461,0.3024762193126618,0.9709537479897148,0.1597889104887151
google-bristow-va,2023-10-02,1,31.216919686509847,0.5994165208233025,0.9765502731206004,0.1254333300253434
google-bristow-va,2023-10-02,2,32.70333307165608,0.5935264539598469,0.9721218737140276,0.1285387108255105
google-bristow-va,2023-10-02,3,32.717828235508094,0.5769890998969641,0.9710609373677078,0.1301252653728771
google-bristow-va,2023-10-02,4,31.517781264141604,0.6043680848479355,0.9727561472527566,0.1287543560819669
google-bristow-va,2023-11-03,0,16.338435548346308,0.2587395701534909,0.970729442167792,0.1416571045547501
google-bristow-va,2023-11-03,1,14.941994414263908,0.5026244831883603,0.9760827575724256,0.1197903078703665
google-bristow-va,2023-11-03,2,16.13760800439046,0.5023096396290441,0.9716476733951244,0.121719830436619
google-bristow-va,2023-11-03,3,15.988543645088429,0.4915837874917363,0.9705767417064876,0.1217180262695495
google-bristow-va,2023-11-03,4,15.636339540862028,0.5039674804738496,0.9721845706656274,0.1232227989995001
google-bristow-va,2023-11-19,0,15.839475894454043,0.2406256891344203,0.9696245427804696,0.135918642919583
google-bristow-va,2023-11-19,1,15.088471426780286,0.4522050211726682,0.9739673908352742,0.1156276525593824
google-bristow-va,2023-11-19,2,16.00584628028973,0.4543650298074194,0.9703129088885952,0.1187136040782877
google-bristow-va,2023-11-19,3,15.832988265378756,0.4410940923176067,0.9691711570736647,0.1186263186975421
google-bristow-va,2023-11-19,4,15.590288338351211,0.4512213689083815,0.9705951735889584,0.1202105005544496
google-bristow-va,2023-12-05,3,4.0736022800000455,0.6349040441980347,0.9716666666666668,0.2393090483333333
google-bristow-va,2023-12-05,4,6.219435236000015,0.5982328659507337,0.93922,0.2429056505
google-bristow-va,2024-01-22,0,-2.0878688121869295,0.0714701033590226,0.9876247556896152,0.4436934960633314
google-bristow-va,2024-01-22,1,-2.3031907039742667,0.1792947850789563,0.9864141150007456,0.3406922436900227
google-bristow-va,2024-01-22,2,-1.537189778980382,0.1665535400114901,0.9866582847835303,0.3197968895148191
google-bristow-va,2024-01-22,3,-1.2468739759610024,0.1759663321249447,0.9841883892922884,0.2853114563401909
google-bristow-va,2024-01-22,4,-1.9445595087145335,0.1654309942321929,0.9855869057481924,0.3408458086592295
google-bristow-va,2024-02-07,0,10.720023346289668,0.1986311767760862,0.9687657496223744,0.1498580346428193
google-bristow-va,2024-02-07,1,10.27804821979204,0.3745644004025686,0.972708389182108,0.1146214308559021
google-bristow-va,2024-02-07,2,11.205800033386724,0.3881965946176082,0.9696724414463904,0.1177197882413364
google-bristow-va,2024-02-07,3,11.016584025640476,0.372924942388973,0.9684161094259238,0.1181475411299083
google-bristow-va,2024-02-07,4,10.514191709331868,0.3683969885907592,0.9696977456927738,0.1176549404069892
google-bristow-va,2024-03-10,2,6.841859287175566,0.6545904114424442,0.9544,0.0879198552290076
google-bristow-va,2024-03-10,3,11.078002912631645,0.4750230987166827,0.9715717577222978,0.119438218000858
google-bristow-va,2024-03-10,4,10.925733917630254,0.4212975513762363,0.9742576904467448,0.1265019544107439
google-bristow-va,2024-05-13,0,29.87213662671704,0.3156758892658011,0.9714883953152404,0.2131491756915836
google-bristow-va,2024-05-13,1,28.579442620224516,0.630703192516133,0.9778777796287016,0.1614524247425156
google-bristow-va,2024-05-13,2,30.651411325810287,0.609033330444798,0.9727682437238828,0.1589826822863034
google-bristow-va,2024-05-13,3,30.949296902084644,0.599270834905463,0.971768697276082,0.1605324147644747
google-bristow-va,2024-05-13,4,29.283034734351872,0.6273229324829813,0.9735910121275008,0.1604594934548535
google-bristow-va,2024-05-29,0,35.15433353755659,0.407279133002701,0.9715526917560834,0.1530096523322467
google-bristow-va,2024-05-29,1,34.12653729741561,0.5548845636564725,0.9739708377843146,0.1502768553042404
google-bristow-va,2024-05-29,2,35.56950752434464,0.5678346063530989,0.9704644333301704,0.1846208988039505
google-bristow-va,2024-05-29,3,35.11395343751301,0.6681844029085362,0.9717526680396744,0.1929931095361583
google-bristow-va,2024-05-29,4,33.79899834501808,0.6326912931190262,0.9720878835286484,0.1776123207890344
google-bristow-va,2024-06-14,0,46.54046819491409,0.3259588034483798,0.9723762931700272,0.2367601619631291
google-bristow-va,2024-06-14,1,42.17990558965736,0.6412444102181644,0.9792383862032844,0.1791092929758598
google-bristow-va,2024-06-14,2,44.14699935279459,0.6113971755418333,0.9736652943389554,0.1741829729489818
google-bristow-va,2024-06-14,3,43.63394649877997,0.5999668970718636,0.9729127297086546,0.1720836948505832
google-bristow-va,2024-06-14,4,41.759173441264664,0.6385968707972595,0.974498327792311,0.1738676647792114
google-bristow-va,2024-07-16,0,45.17763836551813,0.3344870199552431,0.9725766538856432,0.2204302348082394
google-bristow-va,2024-07-16,1,42.00327287078858,0.6209608792536632,0.978764764943642,0.1655991211938748
google-bristow-va,2024-07-16,2,44.21545557894301,0.583142895066422,0.9730940313028952,0.1601727969896849
google-bristow-va,2024-07-16,3,44.290136146276815,0.5696456974631048,0.9720445259913691,0.1584424906749435
google-bristow-va,2024-07-16,4,42.33096021063513,0.6170208331103548,0.974056212549718,0.1598334733745784
google-bristow-va,2024-08-01,0,43.24698098001247,0.4147108702681545,0.974105504455532,0.1999830088259391
google-bristow-va,2024-08-01,1,43.044948188247915,0.5678864050879606,0.9762764103664272,0.1691806887796696
google-bristow-va,2024-08-01,2,43.71743457050905,0.5528008712580702,0.9723054782831332,0.1756206418089167
google-bristow-va,2024-08-01,3,43.433980672716736,0.5517296995437001,0.971292884889306,0.164239548494099
google-bristow-va,2024-08-01,4,41.17969306311964,0.6304698049999568,0.9742445559153904,0.163663992884078
google-bristow-va,2024-08-17,0,29.20303601658094,0.306985086097403,0.9695399399095266,0.2722321858723249
google-bristow-va,2024-08-17,1,25.92915520689183,0.608464756731578,0.9759910666506052,0.1776517407730395
google-bristow-va,2024-08-17,2,27.12658100035058,0.6143266278699795,0.9752847601992262,0.1687034990251459
google-bristow-va,2024-08-17,3,27.113892175047464,0.6105749182701685,0.9726098832895196,0.1784615450757418
google-bristow-va,2024-08-17,4,28.354453439249188,0.6360299150836863,0.9732082491339976,0.1796326008682841
google-bristow-va,2024-09-02,0,29.52112631089704,0.3369377237939049,0.9722637894069952,0.2052044813448645
google-bristow-va,2024-09-02,1,27.93047162579259,0.6555146030567156,0.979096579442734,0.1461135188179942
google-bristow-va,2024-09-02,2,30.11464007644844,0.6303431764257686,0.9733965385933584,0.1437714778341777
google-bristow-va,2024-09-02,3,30.55940837185598,0.6078922916488304,0.9723012938868184,0.1467618369923752
google-bristow-va,2024-09-02,4,28.676523152218657,0.6492450652837287,0.9740715451900134,0.1479277626939001
google-bristow-va,2024-10-20,0,24.78196528526736,0.3295887951704158,0.9715846941529376,0.1698480010096768
google-bristow-va,2024-10-20,1,23.4046825550637,0.597220978286433,0.9767800278233458,0.1238965730232237
google-bristow-va,2024-10-20,2,24.981586101978603,0.5700666704246014,0.9718956690745216,0.12556557919349
google-bristow-va,2024-10-20,3,24.84932468667902,0.5572809531181313,0.970752650570634,0.1253053558168023
google-bristow-va,2024-10-20,4,23.973005225559383,0.5787532297075496,0.9724360213794534,0.1266938291592192
google-bristow-va,2024-11-05,0,24.107910100929896,0.2651470316454235,0.970767508641702,0.1837807680439281
google-bristow-va,2024-11-05,1,24.085255394849515,0.4948559856623162,0.975932246305277,0.1213263679216369
google-bristow-va,2024-11-05,2,24.956478637096417,0.4848120425105496,0.971364261488159,0.1221985573089348
google-bristow-va,2024-11-05,3,24.962324329716957,0.4766041676799289,0.9703345335972426,0.1212794215167343
google-bristow-va,2024-11-05,4,24.601202625267444,0.4904582862907044,0.971930290520726,0.1247810342197009
google-bristow-va,2024-11-21,0,12.762843077890576,0.3192128850346487,0.970790421490535,0.1340417746105
google-bristow-va,2024-11-21,1,12.334536796571234,0.4604578853140686,0.9742120912677548,0.1231177883620467
google-bristow-va,2024-11-21,2,13.580820332695344,0.4589637877414821,0.9702818367517652,0.1209674226281099
google-bristow-va,2024-11-21,3,13.7173061971352,0.4482946563240199,0.969143472467089,0.1256572229193213
google-bristow-va,2024-11-21,4,13.152314026435835,0.4337130499866565,0.970163627999584,0.1289165500284221
google-bristow-va,2024-12-07,0,5.341326332941152,0.3003316777995119,0.9724213835337144,0.1334171212140172
google-bristow-va,2024-12-07,1,5.373202138674357,0.4483682067660091,0.9754854968529344,0.1114538964367633
google-bristow-va,2024-12-07,2,6.438966699781628,0.4283266988928383,0.9707058047138216,0.1153664462287982
google-bristow-va,2024-12-07,3,6.277735129328355,0.4200561735209948,0.969334150342546,0.1144004357136247
google-bristow-va,2024-12-07,4,6.11851292399968,0.4225506708135961,0.9708717357522928,0.1178161746878752
google-bristow-va,2024-12-23,0,0.6900977578167317,0.2330412251278268,0.9694844333468544,0.1424795703909614
google-bristow-va,2024-12-23,1,0.4608841923229196,0.4128374807452328,0.973527252633689,0.108711658182936
google-bristow-va,2024-12-23,2,1.5997401426511324,0.4120210845148346,0.9698825428274548,0.1088249427639616
google-bristow-va,2024-12-23,3,1.6131990113702177,0.3972848199939109,0.9682899005387032,0.109689531392488
google-bristow-va,2024-12-23,4,1.5489822192489842,0.4019713996720599,0.9695468150391158,0.1117161602294968
google-bristow-va,2025-01-08,0,-4.07363058376088,0.033548704027839,0.989618152536352,0.4521242730496621
google-bristow-va,2025-01-08,1,-4.050143064123858,0.1695909048011385,0.9865148764589172,0.2884942992946209
google-bristow-va,2025-01-08,2,-4.352199665487954,0.0981072184835252,0.990039299426463,0.2178638831588045
google-bristow-va,2025-01-08,3,-4.29260845449671,0.1070202654434967,0.988930170839628,0.2233134281211976
google-bristow-va,2025-01-08,4,-3.842591069437848,0.1174817779968482,0.9878799525646842,0.3580762532333618
google-bristow-va,2025-01-24,1,-0.762128448195082,0.2118417234087171,0.9764126208364946,0.2482131597867773
google-bristow-va,2025-01-24,2,-0.1268759273348644,0.318649832765404,0.970377516041546,0.1929657749340783
google-bristow-va,2025-01-24,3,0.3390210155392565,0.3115313775361673,0.9722295921448768,0.1300497670548471
google-bristow-va,2025-01-24,4,0.025100364422452,0.2683095762858872,0.9745836782741204,0.2071494048834472
google-bristow-va,2025-02-09,4,1.001429404016258,0.3062489367853172,0.9520049966498514,0.0960496838468833
google-bristow-va,2025-04-14,0,28.93443051549569,0.223761783759421,0.9702476221844646,0.2099650847800381
google-bristow-va,2025-04-14,1,29.19280762941997,0.3909776272307134,0.9741028782534822,0.1458370880333461
google-bristow-va,2025-04-14,2,29.85434589076626,0.4402947734958435,0.9710253409389892,0.1412511037999268
google-bristow-va,2025-04-14,3,29.237777490063888,0.4348206140262895,0.9693994369750116,0.1453173246284664
google-bristow-va,2025-04-14,4,27.94502249107215,0.4479038250454525,0.9697310990509096,0.1466000833575115
google-bristow-va,2025-04-30,1,26.81482781358176,0.3264221776697534,0.9762918631178708,0.1463623685
google-bristow-va,2025-04-30,2,24.662823069682357,0.5049093754263172,0.9759124911385214,0.1805813735919041
google-bristow-va,2025-04-30,3,25.944394726264505,0.529256488258201,0.9696659067750648,0.1777794016304227
google-bristow-va,2025-04-30,4,26.49588752133385,0.5856134665358494,0.9697490509277332,0.176807586969361
google-bristow-va,2025-05-16,0,39.10477554753459,0.3548238398715816,0.9731562257516416,0.2209760116029133
google-bristow-va,2025-05-16,1,37.455863450604745,0.627333007505287,0.9791368330428228,0.1657456020342222
google-bristow-va,2025-05-16,2,39.95625866412088,0.6017324544836834,0.9733410878074812,0.1606171140263296
google-bristow-va,2025-05-16,3,40.02492661111575,0.5961982452432144,0.9725997282330372,0.1631285602888543
google-bristow-va,2025-05-16,4,38.04883968786359,0.6307976706485353,0.9741968704028932,0.1603760088020062
google-bristow-va,2025-06-01,0,23.646404503227178,0.3772956780952973,0.9743405468884864,0.220484679654628
google-bristow-va,2025-06-01,1,22.525215503829283,0.456497479709717,0.9757765715981828,0.1956837395420705
google-bristow-va,2025-06-01,2,24.316761241259975,0.4390343277349758,0.9717539692872268,0.1950796980098595
google-bristow-va,2025-06-01,3,24.64989445309272,0.4418776536687571,0.9703614844493744,0.1933915803555632
google-bristow-va,2025-06-01,4,22.71170104976293,0.4862550021563604,0.9723304163965956,0.1896370749851335
google-bristow-va,2025-07-03,1,32.995852832185996,0.7487497154751948,0.982646217227188,0.1696326258807865
google-bristow-va,2025-07-03,2,38.33261584487801,0.6558795181924271,0.9747502763725028,0.1624450590749447
google-bristow-va,2025-07-03,3,39.37138124850426,0.6355379974515857,0.9718526625396376,0.1677737186897427
google-bristow-va,2025-07-03,4,37.2456370292656,0.69123097570166,0.9739710547859056,0.1723735612004157
google-bristow-va,2025-07-19,0,27.562217942179043,0.7582855429917118,0.9812299831840754,0.1776472989407923
google-bristow-va,2025-07-19,1,29.662228059322715,0.7222700708997737,0.9824108051729648,0.1847277856170385
google-bristow-va,2025-07-19,2,33.63044327561338,0.6919019366722964,0.9737891361332796,0.1747716069430343
google-bristow-va,2025-07-19,3,35.85920837867109,0.7244501951720738,0.9744222132844006,0.1724348616792858
google-bristow-va,2025-07-19,4,33.814456830057686,0.7385595322869322,0.9756141532414442,0.1806045828497319
google-bristow-va,2025-08-04,1,27.5378709283787,0.5526025036699652,0.97921204095891,0.1620598836997293
google-bristow-va,2025-08-04,2,26.232320043016227,0.5859821646696176,0.9731077535158432,0.1624915195566391
google-bristow-va,2025-08-04,3,24.300171293313863,0.632658937166386,0.9757785829126784,0.1620726372514613
google-bristow-va,2025-08-04,4,21.16583232467779,0.6691580518347067,0.973691203108661,0.1695832194199104
google-bristow-va,2025-09-05,0,35.92937217179383,0.3308736884845872,0.9716822172652836,0.2159874274664154
google-bristow-va,2025-09-05,1,33.76284924867561,0.6161335790414596,0.9772718757359716,0.1466593914616575
google-bristow-va,2025-09-05,2,34.97721580061255,0.5557191815225163,0.9715356101586692,0.1475626291353313
google-bristow-va,2025-09-05,3,35.3428166403288,0.5288086558319995,0.9702964350937364,0.1472951859750574
google-bristow-va,2025-09-05,4,33.69737618585785,0.6070128342883316,0.9728142092960032,0.1456995436121026
google-bristow-va,2025-10-07,0,31.60641315453813,0.3275428856320999,0.9723283793238168,0.1995401478696085
google-bristow-va,2025-10-07,1,30.8144068733574,0.5929344623326024,0.978112396661674,0.1319254773909902
google-bristow-va,2025-10-07,2,32.09512892509876,0.569636969344212,0.9727415013395913,0.1310631842951435
google-bristow-va,2025-10-07,3,31.770379259944992,0.5486869809404235,0.971574063193804,0.1302869979738425
google-bristow-va,2025-10-07,4,30.540894038871176,0.5739459248304251,0.973321912834124,0.1211285680498804
google-bristow-va,2025-10-23,0,21.333470331855732,0.2975848405794143,0.9709908692324076,0.1778042177113681
google-bristow-va,2025-10-23,1,20.67277159310009,0.5325563728686397,0.9754903523866904,0.1196117967518318
google-bristow-va,2025-10-23,2,22.258307180510197,0.5026018599199928,0.9709922485206004,0.1219554806599893
google-bristow-va,2025-10-23,3,22.09170954609752,0.4929748688722022,0.969943294677184,0.1222762339399453
google-bristow-va,2025-10-23,4,21.51869440951797,0.5029575327936682,0.9714388748724316,0.1230454623577777
google-bristow-va,2025-11-08,0,20.35295450001024,0.3404058897071677,0.9722131041430546,0.1441135437533057
google-bristow-va,2025-11-08,1,20.437669734185903,0.4812351751799009,0.9754590354435292,0.1150538239368713
google-bristow-va,2025-11-08,2,21.5844902812651,0.4661747362538251,0.9707579887824218,0.1155276843897969
google-bristow-va,2025-11-08,3,21.606970428828063,0.4552559828738386,0.969595417081679,0.1160980422138223
google-bristow-va,2025-11-08,4,21.088994873669396,0.4509594366630356,0.9708310104324568,0.1178459983540867
google-bristow-va,2025-11-24,0,14.4020997461957,0.2565904540350615,0.9697302766874456,0.1818445969727482
google-bristow-va,2025-11-24,1,14.938033683184631,0.4207106006870061,0.9731579530568764,0.1155881003279985
google-bristow-va,2025-11-24,2,15.760015505386043,0.4290303296036817,0.9699432101537,0.1159422841203183
google-bristow-va,2025-11-24,3,15.631729201070884,0.413547297915372,0.968708455363416,0.116533663197184
google-bristow-va,2025-11-24,4,15.358272166593474,0.4084262689017755,0.9699701210145548,0.118302805046426
google-bristow-va,2026-01-11,0,9.556026473293366,0.2441709081227342,0.9707810349956943,0.1511084698700645
google-bristow-va,2026-01-11,1,9.741828093779905,0.4139391581826752,0.9742639793984464,0.1076865095864968
google-bristow-va,2026-01-11,2,10.408763199765293,0.3963089647787928,0.9699832877858984,0.1136759365951412
google-bristow-va,2026-01-11,3,10.396148682627116,0.3725179633083437,0.9679889641684648,0.1137490273233411
google-bristow-va,2026-01-11,4,10.263598835445896,0.3967932474346184,0.9694194561069508,0.1106583487904095
google-bristow-va,2026-01-27,0,-8.460636144000366,-0.03284321057565,0.991404119345511,0.5677205255425248
google-bristow-va,2026-01-27,1,-8.749237713881113,0.0386088253096918,0.990763404583073,0.4685982432864732
google-bristow-va,2026-01-27,2,-8.046540854016346,0.0159914815639067,0.9911058148238996,0.4501475541861394
google-bristow-va,2026-01-27,3,-7.584360501142971,0.0167537357433592,0.9906716149691608,0.4219083317930608
google-bristow-va,2026-01-27,4,-8.20635034403567,0.009663628138972,0.9908627613266098,0.4584794705035621
google-bristow-va,2026-02-28,0,16.864908834731697,0.2033190504780699,0.9696740513408852,0.1832770911716022
google-bristow-va,2026-02-28,1,17.272529446210722,0.3531230453494111,0.973128102900314,0.1284151664198897
google-bristow-va,2026-02-28,2,18.25579920012837,0.3493360924057954,0.9699108246202685,0.1275182238212489
google-bristow-va,2026-02-28,3,18.29919387442973,0.3339801226763986,0.9685798534825218,0.1270928695971649
google-bristow-va,2026-02-28,4,17.780455040284416,0.330055246856869,0.9698372947618784,0.1274929416392713
google-bristow-va,2026-04-01,0,35.69912303204356,0.2248018771161477,0.9701852515468964,0.2133075698244802
google-bristow-va,2026-04-01,1,36.25779193856192,0.3665920817093436,0.973617264674838,0.1444544985859023
google-bristow-va,2026-04-01,2,36.62697716480452,0.4122027581025066,0.9705853929670536,0.1413053519870768
google-bristow-va,2026-04-01,3,36.13464403718077,0.409032624526116,0.9695194803982632,0.1415321609712922
google-bristow-va,2026-04-01,4,34.838262672466776,0.414574461218668,0.9709334662207,0.1421350797907096
google-bristow-va,2026-04-17,0,35.29761524185191,0.2671067370055999,0.9686542671778688,0.1777106341425529
google-bristow-va,2026-04-17,1,34.73098513528063,0.4766183370333943,0.9739206179951932,0.1411253969551973
google-bristow-va,2026-04-17,2,35.63822567002377,0.4797814025580204,0.9703420075760296,0.1664121894411942
google-bristow-va,2026-04-17,3,35.781257719021035,0.5262328828089925,0.9704714343876109,0.1551968352575203
google-bristow-va,2026-04-17,4,35.03799044801786,0.5457897435135881,0.9725828331513032,0.1566449777446636
google-bristow-va,2026-05-03,0,25.347479973889097,0.3091691277343433,0.9721370678663794,0.2480768342193476
google-bristow-va,2026-05-03,1,23.966428920975737,0.578357175087916,0.9779160189359584,0.177241122302758
google-bristow-va,2026-05-03,2,25.70671403991495,0.5633203307368236,0.972681831994512,0.1745008405517308
google-bristow-va,2026-05-03,3,25.445745615031825,0.5617617170775171,0.9699221224158856,0.1663119493802424
google-bristow-va,2026-05-03,4,24.15055645549314,0.5558187681523064,0.9726377527205656,0.1734767088262301
google-bristow-va,2026-05-19,0,44.14833988363354,0.3319782148151151,0.9719274125696202,0.2386941873818473
google-bristow-va,2026-05-19,1,42.04348493807949,0.6190731050299952,0.9777333281339208,0.172159290350896
google-bristow-va,2026-05-19,2,44.03150191616765,0.5877388347990277,0.972460779842826,0.1662617492487662
google-bristow-va,2026-05-19,3,43.93132132449623,0.5698469922470333,0.9713797454137024,0.1661808219340322
google-bristow-va,2026-05-19,4,42.05615710910323,0.608059672177503,0.9732814372002072,0.166145168840479
google-bristow-va,2026-06-04,0,38.34494335674244,0.355062535568198,0.9724049491636302,0.2444041034153956
google-bristow-va,2026-06-04,1,36.29319568879597,0.6413192318727323,0.9782092085635834,0.1746649350115928
google-bristow-va,2026-06-04,2,38.39659647098541,0.6054227522266662,0.9727150977803758,0.1682989929224798
google-bristow-va,2026-06-04,3,38.60404426346681,0.5864033630314888,0.9715986386492924,0.1677737126226091
google-bristow-va,2026-06-04,4,36.6522190121434,0.6237375217765353,0.9735307933739514,0.1664455201350947
google-bristow-va,2026-06-20,0,36.79679715823147,0.3568057767068738,0.9727835197372904,0.2414989366365876
google-bristow-va,2026-06-20,1,34.277645475959176,0.642080618613822,0.9789038150563888,0.1780535414429999
google-bristow-va,2026-06-20,2,36.499331093963335,0.5970625325834567,0.9729950151070564,0.1728346501430575
google-bristow-va,2026-06-20,3,35.843970615168445,0.5751677696901141,0.9718050116185728,0.1714793818141476
google-bristow-va,2026-06-20,4,32.99730553781664,0.6076934708282787,0.9731736598517334,0.1716356843349921
google-bristow-va,2026-07-06,2,32.270203486986524,0.6143055654257558,0.9660841665902212,0.1299181281130171
google-bristow-va,2026-07-06,3,29.57441154141354,0.6780424815223928,0.9711517585709534,0.1560774726689226
google-bristow-va,2026-07-06,4,30.756738104905217,0.6743078591772953,0.9656369017387266,0.1798030381052835
google-bristow-va,2026-07-22,2,29.429857781069067,0.6883057102854268,0.9746980528018576,0.1803280777566163
google-bristow-va,2026-07-22,3,31.425920382066305,0.6471315672831625,0.9741956039725572,0.1859599668063331
google-bristow-va,2026-07-22,4,32.01258093715309,0.7329625822212178,0.9752260976159552,0.1960678033687431
google-bristow-va,2026-08-07,0,37.93576019056614,0.4017953412392167,0.9731432053777244,0.2349344925673479
google-bristow-va,2026-08-07,1,35.81282567373623,0.682843050010211,0.97847438619312,0.1692310609868485
google-bristow-va,2026-08-07,2,37.8798321001898,0.6538122890370206,0.9729244425318168,0.1731397378629471
google-bristow-va,2026-08-07,3,38.49697721801528,0.6227640545841612,0.9723018773193972,0.164849693336773
google-bristow-va,2026-08-07,4,37.07852146729137,0.6663837919267648,0.9760569849617136,0.1553956754070106
google-bristow-va,2026-08-23,0,26.920925050711897,0.8674607819085959,0.9840563088512244,0.1618104304001883
google-bristow-va,2026-08-23,1,30.526840585930156,0.7042128249616676,0.977103075395466,0.1594024796007926
google-bristow-va,2026-08-23,2,33.76694113107612,0.6700395775997348,0.9724848668087104,0.1571019355690606
google-bristow-va,2026-08-23,3,34.91159619872077,0.6362052334379593,0.9717960004017684,0.1527686609143823
google-bristow-va,2026-08-23,4,33.264283097093376,0.6678371030085678,0.9739043886441882,0.1538661315458274
google-bristow-va,2026-09-08,0,34.4277667676201,0.4068149833983478,0.9741391599051408,0.2136159159051051
google-bristow-va,2026-09-08,1,32.392418780423256,0.6899933996430448,0.9800450786045192,0.147455643313433
google-bristow-va,2026-09-08,2,34.660570331921704,0.6464087683253539,0.973708340548353,0.1465810683399065
google-bristow-va,2026-09-08,3,34.96426418044693,0.6175594949388492,0.9725117690923856,0.1454572731932749
google-bristow-va,2026-09-08,4,33.232590884957624,0.6604841444230023,0.974724265023538,0.1455936716830964
google-bristow-va,2026-09-24,0,17.5514969454493,0.6393871030994234,0.9778554430902704,0.1422520493508571
google-bristow-va,2026-09-24,1,17.93047784730602,0.737957342291665,0.9810813967935472,0.1515510859961531
google-bristow-va,2026-09-24,2,18.45451958185036,0.6611432238612256,0.9769689084225672,0.1539580305797346
google-bristow-va,2026-09-24,3,20.087251757110476,0.6472050281604413,0.9698649739731738,0.1503769945374063
google-bristow-va,2026-09-24,4,16.640055521074835,0.6464082090566138,0.9730043640897752,0.1436417993566084
google-bristow-va,2021-12-22,0,10.901876348793271,0.2530823037681298,0.9702781839060616,0.1340555353393828
google-bristow-va,2021-12-22,1,10.459118782306383,0.4029418692014253,0.9726786459546886,0.1146325130723797
google-bristow-va,2021-12-22,2,10.831797779314735,0.4181531860212815,0.9691968737658274,0.1236115481238329
google-bristow-va,2021-12-22,3,10.475817781942352,0.4080825155652481,0.968187503733756,0.1185941644460733
google-bristow-va,2021-12-22,4,10.418015525449803,0.415700254817669,0.9692972650062658,0.1157811434435214
google-bristow-va,2022-01-07,0,-3.880354576337567,0.0595545595566784,0.9904886414698524,0.505973196884383
google-bristow-va,2022-01-07,1,-3.753472620414421,0.1822601667040562,0.9870790382759032,0.3565800671664912
google-bristow-va,2022-01-07,2,-3.4674969172503043,0.1417115200525775,0.988516399495486,0.3784371559127946
google-bristow-va,2022-01-07,3,-3.083008301821196,0.1630579591844015,0.9871276175243276,0.3334335608437476
google-bristow-va,2022-01-07,4,-3.313367692833005,0.1723633168414593,0.986829257248086,0.3622502149009132
google-bristow-va,2022-02-08,0,8.85295773444263,0.2410618226978717,0.9703779633168268,0.0899875546946928
google-bristow-va,2022-02-08,1,8.679044231808206,0.3924855189496564,0.9737887753465526,0.1019602960229363
google-bristow-va,2022-02-08,2,9.73586343355042,0.3925387065938529,0.9697124551095208,0.1070173063263716
google-bristow-va,2022-02-08,3,9.646493586265985,0.3730035269245301,0.9686612213955637,0.1082323761835906
google-bristow-va,2022-02-08,4,8.902116177204602,0.3835629930145802,0.9700875444695182,0.1063545651249247
google-bristow-va,2022-03-28,0,14.983222792220388,0.2177952776367112,0.9714400271205518,0.166967566990674
google-bristow-va,2022-03-28,1,11.126502264256128,0.3682833688585985,0.9712378418160148,0.1073194668536862
google-bristow-va,2022-03-28,2,12.861739759411874,0.369987140432713,0.9694312727804024,0.1460155562578664
google-bristow-va,2022-03-28,3,13.016924864302476,0.4139208928342558,0.9697896190740536,0.1403750673359406
google-bristow-va,2022-03-28,4,11.165973550691492,0.4048756266404879,0.9744179265583792,0.1412815227988989
google-bristow-va,2022-04-29,0,29.11405034118005,0.2958724350277506,0.9720672089107154,0.1682426862827647
google-bristow-va,2022-04-29,1,26.36209946483062,0.4846467076680099,0.9756116802181138,0.141843307514116
google-bristow-va,2022-04-29,2,27.620266994867436,0.5084738684115062,0.9710395171969024,0.1444400017050238
google-bristow-va,2022-04-29,3,27.05978718333976,0.5124349217771432,0.9704276475891316,0.1455683220915096
google-bristow-va,2022-04-29,4,25.47747272475956,0.536214159657373,0.9720552964295368,0.1429565480856201
google-bristow-va,2022-05-15,0,33.01738020361047,0.4014802877266264,0.9749744125563388,0.1601423395205702
google-bristow-va,2022-05-15,1,30.73569896387415,0.6566817495894625,0.9798680113717172,0.1554112070532068
google-bristow-va,2022-05-15,2,33.04629506448225,0.6238923844426957,0.9729105592610972,0.1522261684446374
google-bristow-va,2022-05-15,3,32.98324476860158,0.6010286200918488,0.9719705737145912,0.1526885870833182
google-bristow-va,2022-05-15,4,30.889563080547315,0.6360090045998932,0.9739369037872198,0.1521924998056583
google-bristow-va,2022-05-31,0,41.84988498903375,0.4214007087655318,0.975617116090759,0.1700425638340656
google-bristow-va,2022-05-31,1,38.648070782019225,0.6939090637274412,0.9807857142424852,0.1617785264362618
google-bristow-va,2022-05-31,2,41.20018694281541,0.6488604662200155,0.9733309230748796,0.1571116643781635
google-bristow-va,2022-05-31,3,41.61837962358691,0.6214501122321184,0.9723446245020404,0.1566530098730209
google-bristow-va,2022-05-31,4,39.30303155869468,0.6676663161644905,0.9744624569209698,0.1560959339225258
google-bristow-va,2022-06-16,0,41.86043254211586,0.4308928890164031,0.9754623695641303,0.1718310305313546
google-bristow-va,2022-06-16,1,37.45574671254444,0.6959502116295012,0.9803575262732658,0.1631914246957543
google-bristow-va,2022-06-16,2,40.30977712963594,0.6499629453487761,0.9730867469888576,0.1589555415806099
google-bristow-va,2022-06-16,3,40.571848565348766,0.6179751063800295,0.9719922444193926,0.1572071928660541
google-bristow-va,2022-06-16,4,38.11562737118815,0.6776691334350512,0.9737396684753226,0.160139831190589
google-bristow-va,2022-07-18,0,18.065555065625393,0.600549156395032,0.9787196105102514,0.1824124772190797
google-bristow-va,2022-07-18,1,20.410437988502967,0.6342763253007884,0.977685508867196,0.1718442691043792
google-bristow-va,2022-07-18,2,23.3679731379508,0.6446930858849467,0.9721672808192264,0.1610323968240552
google-bristow-va,2022-07-18,3,23.799513281044657,0.6140242081634805,0.97107054375764,0.1615509226974658
google-bristow-va,2022-07-18,4,22.015713380785954,0.6701511906777518,0.972496963631873,0.1635999871549085
google-bristow-va,2022-08-03,0,42.586723170114226,0.4173367276356807,0.974091515938253,0.1508752889502722
google-bristow-va,2022-08-03,1,38.04052248735594,0.7152839083123634,0.9794461212700736,0.1471628867334832
google-bristow-va,2022-08-03,2,40.81341914178317,0.6747470657830671,0.9726441488538814,0.1475612085535093
google-bristow-va,2022-08-03,3,41.46115150603549,0.6341823738503043,0.9715323674432932,0.1467199840272471
google-bristow-va,2022-08-03,4,38.74259684500265,0.7025585903671494,0.9738349097439808,0.1475710306754094
google-bristow-va,2022-08-19,0,39.63794278920141,0.4135683730637709,0.9750847761654696,0.1567942961629387
google-bristow-va,2022-08-19,1,35.04987107647917,0.7104378199348408,0.9806493895040088,0.1418830208519559
google-bristow-va,2022-08-19,2,37.642923079150385,0.6620163042475777,0.9732884618192136,0.1470563567362747
google-bristow-va,2022-08-19,3,37.84014689701049,0.6199778114045329,0.9720925270496136,0.1455193143936085
google-bristow-va,2022-08-19,4,35.06243173249784,0.6776025425566106,0.9740753224346276,0.1440388353828793
google-bristow-va,2022-09-04,2,25.361686765053484,0.5377905791398861,0.9720301735636272,0.1522898760856308
google-bristow-va,2022-09-04,3,26.04118261144828,0.5314119248202028,0.9685783393189272,0.1590394747411393
google-bristow-va,2022-09-04,4,23.653310891282985,0.588341434498226,0.9684818531239708,0.1622849922562895
google-bristow-va,2022-09-20,0,35.90506710922903,0.4063872141258716,0.9737350818585776,0.1445669558073295
google-bristow-va,2022-09-20,1,32.75511657185877,0.6878664737493952,0.9786945778575296,0.1285075558174064
google-bristow-va,2022-09-20,2,34.89713685175833,0.6420902256079225,0.9721740157000798,0.1307780310496291
google-bristow-va,2022-09-20,3,35.22852308361278,0.6040070526243241,0.9710844795552652,0.1313341314733468
google-bristow-va,2022-09-20,4,33.34105031352672,0.6649913761734404,0.973233813405314,0.1301702067223207
google-bristow-va,2022-10-06,0,25.60585779533069,0.3944011223327087,0.9733499457604656,0.1213885304778071
google-bristow-va,2022-10-06,1,24.803834330486257,0.6697833192591871,0.9782070141223532,0.1199969251244065
google-bristow-va,2022-10-06,2,26.44654658615897,0.6303818410398463,0.9719194837916064,0.1239239708312475
google-bristow-va,2022-10-06,3,26.206154484224157,0.5887137476584913,0.9707299294456718,0.1265404188203111
google-bristow-va,2022-10-06,4,25.030432077348376,0.6451082383602222,0.9724968712702984,0.1238273451701079
google-bristow-va,2022-10-22,0,22.680574702040847,0.3360283750126826,0.972063216517868,0.1375470543752809
google-bristow-va,2022-10-22,1,20.44779758297116,0.5762346900606201,0.976317683353052,0.1161667372589531
google-bristow-va,2022-10-22,2,21.861190935914045,0.5609875583931558,0.971041030437839,0.1207465916262879
google-bristow-va,2022-10-22,3,21.888018648413833,0.5361816404333195,0.9700833763929316,0.121500720752635
google-bristow-va,2022-10-22,4,21.033076668023707,0.5586810075427346,0.9717665568333606,0.1199769262516229
google-bristow-va,2022-11-07,0,28.07509354931386,0.2892674707175615,0.9715442077169932,0.1269249960746916
google-bristow-va,2022-11-07,1,26.85749585096195,0.4740464576528838,0.975095079114833,0.1078284530537432
google-bristow-va,2022-11-07,2,27.648069500123626,0.4822950898008346,0.9705734031282872,0.1119693921448159
google-bristow-va,2022-11-07,3,27.529628517771112,0.4622051283463095,0.9695727845555095,0.1128663280490699
google-bristow-va,2022-11-07,4,26.90959756236537,0.4752025663939884,0.9711302259446816,0.1114733018472661
google-bristow-va,2022-11-23,0,15.423340055596324,0.2574389484907751,0.9707979705903738,0.1248288281529465
google-bristow-va,2022-11-23,1,15.082894230954636,0.4347030974492133,0.9742048583982164,0.1086229983201044
google-bristow-va,2022-11-23,2,15.706841048036477,0.4521501774506398,0.9701540010024832,0.1126909431018001
google-bristow-va,2022-11-23,3,15.509099394694497,0.4348958977384031,0.9691551863903328,0.1126937222144703
google-bristow-va,2022-11-23,4,15.396314298238558,0.4394495139052665,0.9706067182276223,0.1118948748071275
google-bristow-va,2022-12-09,0,10.63896047373465,0.2581790533534452,0.9697422696181424,0.0997187185674523
google-bristow-va,2022-12-09,1,9.931757566919265,0.4201096336881521,0.9729014105100328,0.1015317986338342
google-bristow-va,2022-12-09,2,10.907379754217828,0.4358141437317552,0.969338404985952,0.1055400747627926
google-bristow-va,2022-12-09,3,10.85967082661109,0.4172250480773372,0.9682614920376148,0.1062257828752872
google-bristow-va,2022-12-09,4,10.54248996283929,0.4210751332882354,0.9695748161506024,0.1054449916979868
google-bristow-va,2022-12-25,0,-0.0294463358549906,0.2309971495084853,0.9697113866711458,0.1124032200555747
google-bristow-va,2022-12-25,1,-0.5007163028854722,0.3999934867737507,0.9726991865880912,0.1050369994751622
google-bristow-va,2022-12-25,2,0.43989358493968,0.4081575764412898,0.969243866676909,0.1095880228287659
google-bristow-va,2022-12-25,3,0.3343827183303892,0.3883773827754819,0.9681420676736048,0.1097282244812321
google-bristow-va,2022-12-25,4,0.3050334449803353,0.3824094311682108,0.9693614005202146,0.1087369489333189
google-bristow-va,2023-02-11,0,12.2044138354161,0.2021293308412563,0.969924677853476,0.1368463744705177
google-bristow-va,2023-02-11,1,11.026284016049642,0.3472283964577773,0.9730974465078416,0.1171579447893372
google-bristow-va,2023-02-11,2,11.60948472783704,0.3567413932103218,0.96935519080461,0.1192060395606822
google-bristow-va,2023-02-11,3,11.26765519288708,0.3416455687192927,0.9683239445354014,0.1232893056661963
google-bristow-va,2023-02-11,4,10.452373764962626,0.3490061224615232,0.969532256859764,0.1249345343923876
google-bristow-va,2023-03-15,0,12.790676459625754,0.2076236503793954,0.9694946759017604,0.1476097012838886
google-bristow-va,2023-03-15,1,12.506413320139975,0.3683608480655598,0.9726337592936106,0.1219864013696102
google-bristow-va,2023-03-15,2,13.357654886930115,0.4027520037752904,0.969382639247934,0.1227286083118288
google-bristow-va,2023-03-15,3,13.202546301462869,0.3927795073121753,0.9684561097904004,0.1245434626120925
google-bristow-va,2023-03-15,4,12.749973029035733,0.3976704125685562,0.969746080742195,0.1222918474324566
google-bristow-va,2023-04-16,4,22.811329789538124,0.4845373730486779,0.9727596685515972,0.1956108365831324
google-bristow-va,2023-05-18,0,30.105526288385523,0.3778100867301333,0.9742707674083688,0.1934754272636899
google-bristow-va,2023-05-18,1,25.775072196701338,0.649740137983303,0.9811779314466812,0.168901285465333
google-bristow-va,2023-05-18,2,26.88718455564207,0.613398905089167,0.9743338316699988,0.1603209040052447
google-bristow-va,2023-05-18,3,26.877668011446413,0.6016106751588213,0.9720249526413886,0.1591172554626401
google-bristow-va,2023-05-18,4,25.709939249428288,0.6151540229990538,0.9731569617761796,0.162707199828244
google-bristow-va,2023-06-03,0,27.756343800726828,0.3994390069510034,0.9742165254799288,0.1910919132967343
google-bristow-va,2023-06-03,1,26.24327127552602,0.5907828323037775,0.9772062726782618,0.1775720741910048
google-bristow-va,2023-06-03,2,27.665349547007747,0.5369824078792521,0.9697019965378332,0.1695046652294695
google-bristow-va,2023-06-03,3,27.208760145456456,0.5755689735424039,0.9700622602396344,0.166175407045073
google-bristow-va,2023-06-03,4,27.18504263175266,0.635463159232855,0.9718853046855832,0.1681541165176036
google-bristow-va,2023-07-05,0,41.5815498707946,0.3286825829883401,0.9726635224379192,0.1698660371823356
google-bristow-va,2023-07-05,1,38.29525313520065,0.6580169424864969,0.979506178590342,0.1554585856958048
google-bristow-va,2023-07-05,2,40.46706560159293,0.641527807076128,0.973101617400726,0.1523035652361522
google-bristow-va,2023-07-05,3,40.91385754104792,0.5984860304317536,0.97144210986083,0.1550157967426473
google-bristow-va,2023-07-05,4,38.63270718601806,0.6752770069694648,0.9739821838008984,0.1529080556552804
google-bristow-va,2023-07-21,0,35.64308339106071,0.332126375565163,0.9727047107083912,0.1935978970297822
google-bristow-va,2023-07-21,1,34.81940191182468,0.7420659760309503,0.9825346414397984,0.1547742704656184
google-bristow-va,2023-07-21,2,38.43722848657516,0.6476815494065814,0.975253398138376,0.1491891544542941
google-bristow-va,2023-07-21,3,37.10543214240268,0.5929118196540129,0.9715698650855804,0.1601256379483697
google-bristow-va,2023-07-21,4,35.54646963243989,0.6624387607955979,0.9751785852134968,0.1590667782139876
google-bristow-va,2023-08-06,0,38.087144378897634,0.3703505579915054,0.9731694129875328,0.1698349522307653
google-bristow-va,2023-08-06,1,35.37624702490561,0.6288525923121686,0.9779939904097232,0.146377586842805
google-bristow-va,2023-08-06,2,37.35710458315707,0.6161010942362783,0.9723253654074728,0.139244980916958
google-bristow-va,2023-08-06,3,37.752400447421024,0.5899282182029769,0.9714258946876704,0.1428806468740699
google-bristow-va,2023-08-06,4,35.87495032679168,0.6493477215684067,0.9726312951046764,0.1458698545639213
google-bristow-va,2023-08-22,0,37.90690279633553,0.3489775495589965,0.9728741502094688,0.1745504364581356
google-bristow-va,2023-08-22,1,34.75946075601463,0.614096654203835,0.977801406183333,0.1423087183248806
google-bristow-va,2023-08-22,2,36.605168167388015,0.592957864160996,0.9720547648107792,0.1423249357212469
google-bristow-va,2023-08-22,3,36.55345038617974,0.5772390335771523,0.9710891279744188,0.1419635319023742
google-bristow-va,2023-08-22,4,34.65108204865552,0.6330144283726412,0.973127725223147,0.1434621071319885
google-bristow-va,2023-09-07,0,39.887728602563335,0.3159388428654102,0.9719537341272032,0.1752288396000101
google-bristow-va,2023-09-07,1,37.79220949765262,0.5418286118742109,0.9759673084088254,0.1475427403305906
google-bristow-va,2023-09-07,2,37.358210772084874,0.5222368132396564,0.9717659001489716,0.1536186876013905
google-bristow-va,2023-09-07,3,36.26293607715666,0.5126970815193939,0.9710473107599908,0.152191751328676
google-bristow-va,2023-09-07,4,36.73800190524224,0.5708420644543545,0.9757285894122408,0.1487963225806924
google-bristow-va,2023-10-09,2,15.012548037500023,0.4144131213831561,0.9503125,0.1921253378125
google-bristow-va,2023-10-25,0,24.694174607288907,0.2832155598960728,0.9705706199954012,0.1442387483257028
google-bristow-va,2023-10-25,1,23.271703780268503,0.5471717430927738,0.9757027745599848,0.1148300155431534
google-bristow-va,2023-10-25,2,24.439976001753685,0.5489243472267312,0.9709611495817666,0.1177484181962534
google-bristow-va,2023-10-25,3,24.238390975362417,0.535684316880388,0.9700247576533912,0.1188770487773537
google-bristow-va,2023-10-25,4,23.580194992034404,0.5590289681313435,0.9716295113187268,0.1185804562686109
google-bristow-va,2023-11-26,4,4.079298980000019,0.3545766259061911,0.96465,0.1812227874999999
google-bristow-va,2023-12-12,0,6.094395230922487,0.2283587812535656,0.9691369365865026,0.116936642562577
google-bristow-va,2023-12-12,1,6.049394888645766,0.4319965841202591,0.9731590308219852,0.0961057477181561
google-bristow-va,2023-12-12,2,7.088370902881256,0.436650470440014,0.9694277287767435,0.1007129532231494
google-bristow-va,2023-12-12,3,7.1960023366707055,0.4194701011713809,0.9683800574469424,0.1029502280593251
google-bristow-va,2023-12-12,4,6.915041456531905,0.4275118371153606,0.969722070129323,0.1019476748798203
google-bristow-va,2023-12-28,0,15.65302526878,0.2120362678489853,0.9690956263418036,0.1037457394047382
google-bristow-va,2023-12-28,1,15.174241927061772,0.4162123217869103,0.9721966066408656,0.076261117839767
google-bristow-va,2023-12-28,2,15.91323497431707,0.4432505312506249,0.969271158481578,0.0764774755062207
google-bristow-va,2023-12-28,3,15.488462976954423,0.4163605387310051,0.9685739462034576,0.0907441435072206
google-bristow-va,2023-12-28,4,14.814025991902218,0.4070828697119346,0.9698198921255116,0.1043431684248979
google-bristow-va,2024-01-13,0,10.211479235918668,0.2057403165854169,0.969004913784104,0.1182192672977932
google-bristow-va,2024-01-13,1,10.26074909334664,0.4182314971786904,0.972619262775026,0.0835098615110229
google-bristow-va,2024-01-13,2,10.833482789189413,0.439066148440123,0.9693800298040586,0.0894270425139036
google-bristow-va,2024-01-13,3,10.73415924847002,0.4180879339855592,0.9682914927650697,0.0914979885832161
google-bristow-va,2024-01-13,4,10.468922743350785,0.4100052873248462,0.96975667361721,0.0924487694407813
google-bristow-va,2024-01-29,0,9.002244740432499,0.2018816770394449,0.9698819760731572,0.1366974058860338
google-bristow-va,2024-01-29,1,9.007454763290076,0.38917467016848,0.9722783146002196,0.0983331803295492
google-bristow-va,2024-01-29,2,9.84391720107333,0.3984396943584252,0.9694796597706652,0.1035104622401734
google-bristow-va,2024-01-29,3,9.48649204275812,0.3741970744793937,0.9676154406726956,0.1085276034543416
google-bristow-va,2024-01-29,4,8.580396174565127,0.3924222827751853,0.9696696625081296,0.1100093357152453
google-bristow-va,2024-02-14,0,10.27346450457018,0.1913527546293329,0.969062615122331,0.1403857236794695
google-bristow-va,2024-02-14,1,10.142042183094883,0.3589675639392297,0.9743088795015556,0.0982911845752249
google-bristow-va,2024-02-14,2,11.236093780793448,0.3867329850182863,0.969438921167914,0.1105347088481311
google-bristow-va,2024-02-14,3,10.966491137484113,0.3745388778264386,0.9687509109249112,0.112766097035085
google-bristow-va,2024-02-14,4,9.983770786895056,0.3837544595053969,0.9705636298571874,0.1143371022544298
google-bristow-va,2024-03-01,0,11.446002470001508,0.1846048565716489,0.969305989950935,0.1601288362428231
google-bristow-va,2024-03-01,1,11.45176219557485,0.336447441309581,0.9726172949656398,0.1129159480022142
google-bristow-va,2024-03-01,2,12.079327825351951,0.3615223595765218,0.9693633223207038,0.1186754177969795
google-bristow-va,2024-03-01,3,11.729766145348906,0.3518430015208059,0.9684156801076004,0.1234406676043273
google-bristow-va,2024-03-01,4,11.396276052958653,0.3642053406013902,0.9697359618047012,0.1230570436948518
google-bristow-va,2024-03-17,0,19.46702973633745,0.2477383605083514,0.9673086489222484,0.0490638896941846
google-bristow-va,2024-03-17,1,18.982272459178848,0.4837948387977441,0.970243182416506,0.0273368794109016
google-bristow-va,2024-03-17,2,19.67138868487299,0.4964981708578584,0.968166310404753,0.0319908822934622
google-bristow-va,2024-03-17,3,20.31957348417172,0.4590724571786428,0.9675760169639012,0.0487065896876565
google-bristow-va,2024-03-17,4,21.159420646029332,0.4643252756282121,0.9703420445660448,0.0817947710434452
google-bristow-va,2024-04-18,2,27.604087843825695,0.299590758024447,0.9694360774818402,0.1404944866041162
google-bristow-va,2024-04-18,3,30.113913756833217,0.4062312571812748,0.9699739684538644,0.1397210403277951
google-bristow-va,2024-04-18,4,27.19706979917966,0.4918327869727814,0.9789439119506852,0.1166752822538963
google-bristow-va,2024-06-21,0,44.859305092959005,0.3196779095874316,0.9723998061901148,0.2261043723663187
google-bristow-va,2024-06-21,1,40.673480627357804,0.6380314330758886,0.9791086047405358,0.1594320917726058
google-bristow-va,2024-06-21,2,42.99351284300008,0.59048832844724,0.9725026240055018,0.1581039593400782
google-bristow-va,2024-06-21,3,42.164709305033846,0.5773198968786434,0.9716169949054684,0.1588544110252679
google-bristow-va,2024-06-21,4,40.66580662176008,0.6160716634599049,0.9732157528029006,0.1592734909143045
google-bristow-va,2024-07-23,0,28.276756217353253,0.3970301481809047,0.973847463450724,0.2273502929495982
google-bristow-va,2024-07-23,1,27.42644521247973,0.6350803132481972,0.9784872673670936,0.1845212027978202
google-bristow-va,2024-07-23,2,27.293792904086136,0.6129169021152577,0.9721816412475016,0.180319301584691
google-bristow-va,2024-07-23,3,27.255864482298858,0.5844324952750423,0.9705806154031954,0.1779468962366662
google-bristow-va,2024-07-23,4,26.74673754721693,0.6356898356355151,0.9744378828389884,0.1683900711888494
google-bristow-va,2024-08-24,0,34.94648756650276,0.3371056169446501,0.9727847176140042,0.2124927982160867
google-bristow-va,2024-08-24,1,32.94904589322498,0.6416132304061765,0.9790629773140594,0.1450474962255311
google-bristow-va,2024-08-24,2,34.85624101888884,0.6134824809009785,0.9726746367185086,0.1428293302949884
google-bristow-va,2024-08-24,3,34.95190519528072,0.5954986345201583,0.971763187797456,0.1420434365694485
google-bristow-va,2024-08-24,4,33.53355430446064,0.6453638231166295,0.9738995493049912,0.1433776385125869
google-bristow-va,2024-09-09,0,31.802606131124534,0.3357751623268939,0.9728377843036686,0.2049021929165214
google-bristow-va,2024-09-09,1,29.670847205749357,0.6407224915019216,0.9790975440964202,0.1369092572084257
google-bristow-va,2024-09-09,2,31.551891279348837,0.6148768628577669,0.9727148601610816,0.1350482456325172
google-bristow-va,2024-09-09,3,31.39603792541974,0.5977571865240917,0.9718211061511408,0.1346378139106443
google-bristow-va,2024-09-09,4,29.72994939279117,0.6454985950318833,0.9739686820492446,0.1358603502255923
google-bristow-va,2024-10-11,0,23.579769601062292,0.3186974880242821,0.9721499180733394,0.191901796173798
google-bristow-va,2024-10-11,1,22.16369295360849,0.6262528014298877,0.9783178292063704,0.1170824966153633
google-bristow-va,2024-10-11,2,23.764997666587448,0.6004483511243192,0.972283443049845,0.1175725935455807
google-bristow-va,2024-10-11,3,23.68367526742081,0.5857866588170345,0.9714780940281948,0.1188777241398522
google-bristow-va,2024-10-11,4,22.798079318517807,0.6127065123667285,0.9733631945172516,0.1179172819169681
google-bristow-va,2024-10-27,0,18.18988843472796,0.2733300711896884,0.9712957874718025,0.1910132798307454
google-bristow-va,2024-10-27,1,17.167779200556776,0.5274895695504334,0.9764888161975848,0.1192331053102597
google-bristow-va,2024-10-27,2,18.436941705726365,0.5205894002927439,0.9713144814074436,0.120334647157104
google-bristow-va,2024-10-27,3,18.365981830393007,0.5109201551935935,0.970502710389245,0.1201760697331453
google-bristow-va,2024-10-27,4,17.75097617646345,0.5257383856486887,0.9721778721873652,0.1234745221551267
google-bristow-va,2024-11-12,0,17.30715373895803,0.2479770217258446,0.9703320990154586,0.1685635165822935
google-bristow-va,2024-11-12,1,16.892389792830645,0.4601579697832276,0.9745782929715032,0.0861900419727299
google-bristow-va,2024-11-12,2,18.38397651686337,0.46455733594293,0.9702566689835476,0.1159858791624161
google-bristow-va,2024-11-12,3,18.21220632950864,0.4589100829426389,0.9696499256901066,0.1171385929535245
google-bristow-va,2024-11-12,4,17.87921996211228,0.4782494631601565,0.9709283472709956,0.120736351309982
google-bristow-va,2024-12-14,0,3.3698092529139325,0.2107919056023564,0.9696877956871816,0.1627004374123452
google-bristow-va,2024-12-14,1,3.5813961366022036,0.3957079846727123,0.9735127840017096,0.1048079271427567
google-bristow-va,2024-12-14,2,4.641845519767969,0.4117522432922106,0.9696046770060488,0.1018011964861106
google-bristow-va,2024-12-14,3,4.587015771183058,0.397827470713553,0.9684097203157974,0.1015601604015231
google-bristow-va,2024-12-14,4,4.327920720292701,0.4045267670757663,0.9700458739227495,0.1045797107104301
google-bristow-va,2024-12-30,0,13.01009260767489,0.2406642060593671,0.9702429483567108,0.12430670906533
google-bristow-va,2024-12-30,1,13.6411628207974,0.4169466694095972,0.973913672564077,0.0948470855784184
google-bristow-va,2024-12-30,2,14.342434924732988,0.4177810628061535,0.969862136317494,0.0966167447071271
google-bristow-va,2024-12-30,3,14.347464456086566,0.4021410524401818,0.968706992844846,0.1001358593797564
google-bristow-va,2024-12-30,4,14.09128963157925,0.4091380214627994,0.9701134448329424,0.0996932420979152
google-bristow-va,2025-01-15,0,-2.810930354184229,0.1205634250742451,0.9785495989905464,0.3031787824878468
google-bristow-va,2025-01-15,1,-2.9893598049859564,0.2089912942775623,0.9797603100442088,0.2607348476355565
google-bristow-va,2025-01-15,2,-2.089492460217216,0.2100726559477159,0.9780200898717758,0.2290055098862319
google-bristow-va,2025-01-15,3,-2.020381045961904,0.2199553126281156,0.976339977315477,0.2086832981383349
google-bristow-va,2025-01-15,4,-2.643348438842408,0.1929767605907615,0.9800699359221238,0.263093103322175
google-bristow-va,2025-03-20,0,21.747935892339736,0.2458795912329419,0.9723745840519212,0.1810539507316271
google-bristow-va,2025-03-20,1,23.530239476591333,0.3422219666648989,0.9734093344019374,0.1437543670316125
google-bristow-va,2025-03-20,2,24.83844854883751,0.3545907847139884,0.969489073091648,0.1399703983888394
google-bristow-va,2025-03-20,3,23.540765197132476,0.3391140560626029,0.9682230176882088,0.1399482403396012
google-bristow-va,2025-03-20,4,22.081509999308864,0.34898642148705,0.9683257507114852,0.1463697419691808
google-bristow-va,2025-05-07,0,23.366114634935332,0.6100688523196772,0.9764421985430032,0.1216335081844623
google-bristow-va,2025-05-07,1,24.9383852185334,0.7213735531953812,0.981560437423874,0.1635223655461369
google-bristow-va,2025-05-07,2,28.40659086323036,0.6504396502214868,0.9750116658176254,0.1744084396589073
google-bristow-va,2025-05-07,3,28.782164240651323,0.5867202399464275,0.9720356979360228,0.177766203222222
google-bristow-va,2025-05-07,4,28.79190300434127,0.6530357201272542,0.9739073733596764,0.1597381684093572
google-bristow-va,2025-05-23,4,21.11059083329233,0.6732951723603189,0.975095801412187,0.1801397582048097
google-bristow-va,2025-06-24,0,45.631013767658665,0.3536998826206756,0.9732728225890652,0.2287424854156471
google-bristow-va,2025-06-24,1,42.67361053534823,0.650465402434204,0.9796042147674976,0.152001850896544
google-bristow-va,2025-06-24,2,44.967296054904786,0.6289034661247932,0.9729922686072028,0.1487169328072267
google-bristow-va,2025-06-24,3,45.381862863099016,0.6121984008374851,0.9721329926577597,0.1509315444760664
google-bristow-va,2025-06-24,4,42.71142618917879,0.6517870189366092,0.9739228870128248,0.1499523446646893
google-bristow-va,2025-07-26,0,40.251646706310275,0.3807705881982975,0.9732230974178347,0.2204133220159518
google-bristow-va,2025-07-26,1,36.54501257421211,0.66385051251045,0.978588931336979,0.1536133700013088
google-bristow-va,2025-07-26,2,39.51436580957857,0.6429382091458369,0.972396620663166,0.1509974818751069
google-bristow-va,2025-07-26,3,40.24181796982414,0.6251371737235019,0.9715891396416664,0.1505573760896423
google-bristow-va,2025-07-26,4,36.07756916486204,0.6658070861039301,0.973455351521966,0.1536585133715453
google-bristow-va,2025-08-11,1,24.85030361854252,0.7633243613647487,0.9815493027440398,0.2197031660953666
google-bristow-va,2025-08-11,2,32.54879843420523,0.5973335137004058,0.9701090095598044,0.1921947198351118
google-bristow-va,2025-08-11,3,33.06489389718086,0.6086276339894598,0.9730462091120984,0.1727274248550426
google-bristow-va,2025-08-11,4,31.480208842365258,0.592141975159689,0.9720429538191888,0.1691663270686614
google-bristow-va,2025-08-27,0,33.50901226819482,0.3413882713685864,0.972107470077478,0.2159664314234361
google-bristow-va,2025-08-27,1,30.929955009641976,0.6333235683522908,0.977720497781114,0.1417033549875717
google-bristow-va,2025-08-27,2,32.521774671660054,0.6054074475457577,0.973261395277658,0.1379370052336695
google-bristow-va,2025-08-27,3,32.513812394857254,0.5889074976233042,0.9714905769331844,0.1367964186515249
google-bristow-va,2025-08-27,4,31.056440452222382,0.635872725451481,0.9728918034526524,0.138934898644423
google-bristow-va,2025-09-12,0,35.288964532330276,0.3250785016174602,0.97227443071183,0.2012394552580008
google-bristow-va,2025-09-12,1,33.663525421470005,0.6160048749755629,0.9782019048685352,0.1289947443468714
google-bristow-va,2025-09-12,2,35.462963884797915,0.5620884958627147,0.971812152594653,0.1295830018729862
google-bristow-va,2025-09-12,3,35.332608620176046,0.5455650935514329,0.971043056440514,0.1306347258978188
google-bristow-va,2025-09-12,4,34.06937179887996,0.5962295967734763,0.9730615685343842,0.1281799734764833
google-bristow-va,2025-09-28,0,32.68011307346951,0.3536577759801661,0.972121627421085,0.1886598258176866
google-bristow-va,2025-09-28,1,31.11582529592702,0.5984029336633612,0.9764371276543592,0.1304460295315201
google-bristow-va,2025-09-28,2,33.162716784449266,0.5988793089000585,0.9716121576758704,0.1189321326690103
google-bristow-va,2025-09-28,3,33.062093324341646,0.5735491160162136,0.970660773897324,0.1283567834754929
google-bristow-va,2025-09-28,4,31.84101390632801,0.610542176756602,0.9728419808089548,0.1220561601614218
google-bristow-va,2025-12-01,0,7.226238799728746,0.2514583988158879,0.9707293628848412,0.167552909687939
google-bristow-va,2025-12-01,1,7.447626025411041,0.4142109708453388,0.9743078733699284,0.1093132417667419
google-bristow-va,2025-12-01,2,8.33095544754021,0.4198521686965363,0.9701620204440708,0.1091405166448432
google-bristow-va,2025-12-01,3,8.37185395267356,0.4026252835367416,0.9688062652228876,0.1086946378657854
google-bristow-va,2025-12-01,4,8.24605366137465,0.3995524577169824,0.9702080649082724,0.1100815138624538
google-bristow-va,2026-02-03,0,-4.027881982733572,-0.0306607569424576,0.9913649443449412,0.4835874900687206
google-bristow-va,2026-02-03,1,-3.854736550504245,0.0200304365431218,0.9912114443208314,0.425146747213344
google-bristow-va,2026-02-03,2,-2.9621165594510956,0.031329872499553,0.9909690021916674,0.3607928280460249
google-bristow-va,2026-02-03,3,-2.433952484818478,0.0423241987497021,0.9900230141402612,0.322166936111509
google-bristow-va,2026-02-03,4,-2.6462349933812876,0.0461291017819989,0.9900862468367794,0.3596210279521237
google-bristow-va,2026-03-23,0,23.506765964770437,0.2216899467236998,0.9701184387697728,0.2039171796309228
google-bristow-va,2026-03-23,1,23.99753465112143,0.3709766455163453,0.9734917005831109,0.130729587291217
google-bristow-va,2026-03-23,2,24.851700625711068,0.4038212452210285,0.9697694508374796,0.1270660749885692
google-bristow-va,2026-03-23,3,24.92431509488988,0.3952015675727679,0.9686740824901546,0.127413674698689
google-bristow-va,2026-03-23,4,23.73660344421287,0.4016304564836949,0.9699097792841388,0.1264889472757759
google-bristow-va,2026-04-08,0,21.01369220694588,0.2407049359861126,0.9706083919226222,0.2075358802636175
google-bristow-va,2026-04-08,1,20.914571747909527,0.4004986927049579,0.974136977749805,0.1336508243978407
google-bristow-va,2026-04-08,2,22.22341721996665,0.4482011589048367,0.9704474936789272,0.1319313509860332
google-bristow-va,2026-04-08,3,21.960925621715543,0.4507974332767343,0.9696528013071132,0.1324440521905865
google-bristow-va,2026-04-08,4,21.10945027904294,0.4580078626843076,0.9712495890858732,0.1302779539808635
google-bristow-va,2026-04-24,2,27.81130436126564,0.6582412112935567,0.9778188053623732,0.0738723165072704
google-bristow-va,2026-04-24,3,30.736903577081872,0.5944229272298743,0.9740832188551718,0.1370244986524348
google-bristow-va,2026-04-24,4,31.29498830495296,0.5892323943384022,0.974254703686634,0.1433609865149956
google-bristow-va,2026-05-10,0,36.309688698663415,0.3259466803052992,0.9728604346424964,0.2273775901177043
google-bristow-va,2026-05-10,1,34.73459965589454,0.6019669237913541,0.9787567590303488,0.1553808357500212
google-bristow-va,2026-05-10,2,36.72421246703786,0.5806011075462323,0.9724294043608264,0.1511989240310686
google-bristow-va,2026-05-10,3,36.928603138572925,0.5653674327490712,0.9717816337515252,0.1527710193374443
google-bristow-va,2026-05-10,4,35.349077153594045,0.600095269178729,0.9736809388895304,0.152880445279
google-bristow-va,2026-06-11,0,31.54897777723797,0.3032561541656386,0.9723402627939992,0.2639307099311644
google-bristow-va,2026-06-11,1,29.327319513684845,0.60469682281574,0.978701179642737,0.1803885893930008
google-bristow-va,2026-06-11,2,31.444965447388924,0.5901655388085184,0.9726503306770832,0.1699659617363769
google-bristow-va,2026-06-11,3,29.878103594602617,0.5683069361420906,0.9705399609222322,0.1712057357612583
google-bristow-va,2026-06-11,4,29.837873521175776,0.6261075484285787,0.9718022654447488,0.1712988707311314
google-bristow-va,2026-07-13,0,36.279396452004654,0.3895646080950571,0.9740273553347638,0.2239501394103548
google-bristow-va,2026-07-13,1,33.64582878579537,0.6754344525165193,0.9799758938054712,0.1549166635388605
google-bristow-va,2026-07-13,2,36.23115890634239,0.6374295005561265,0.9730434276182984,0.1514788625555547
google-bristow-va,2026-07-13,3,36.82904731018509,0.6121847596746727,0.972037359614187,0.1513059193788266
google-bristow-va,2026-07-13,4,34.714974073375544,0.6572392826342437,0.973820329419838,0.1513437461444739
google-bristow-va,2026-07-29,0,35.880295735545026,0.4324357889732844,0.9738150235271038,0.2281699633787007
google-bristow-va,2026-07-29,1,32.9698842463403,0.6976288840365298,0.978154496010428,0.1625720544455601
google-bristow-va,2026-07-29,2,35.54212596695329,0.6621970408090374,0.9716107315674878,0.1572518710418477
google-bristow-va,2026-07-29,3,36.18966459055935,0.6178659718858935,0.971181515408799,0.1598274099069704
google-bristow-va,2026-07-29,4,34.6276070948866,0.6446747639319166,0.97309480353545,0.165830951716208
google-bristow-va,2026-10-01,0,32.50048016565797,0.4075084946277073,0.9732025245212632,0.1928544379657623
google-bristow-va,2026-10-01,1,31.40901869732704,0.6781400973342933,0.9782115632631188,0.1241524431008504
google-bristow-va,2026-10-01,2,33.19709379391751,0.6362992196915422,0.9719939264770088,0.1259942016552467
google-bristow-va,2026-10-01,3,33.37189833524436,0.6061766805232061,0.9709572401371018,0.1260113627879074
google-bristow-va,2026-10-01,4,32.02969831345893,0.6435806417419957,0.972961856082128,0.1244592693236312
