site_id,date,ring,lst_c,ndvi,emissivity,albedo
meta-henrico-va,2013-04-02,0,17.305638044942853,0.5939393718868836,0.9813390506237036,0.1105761898809416
meta-henrico-va,2013-04-02,1,18.592743317613625,0.4795506471220741,0.9740694667107104,0.1263077109895983
meta-henrico-va,2013-04-02,2,17.94431526862715,0.5031505227401133,0.9789466796111508,0.1228698588288286
meta-henrico-va,2013-04-02,3,18.501771241837645,0.5240082382537953,0.9801101448219284,0.1273229299758564
meta-henrico-va,2013-04-02,4,18.299637908090265,0.5038759968274851,0.9796223126851598,0.1214296138962389
meta-henrico-va,2013-04-07,0,14.872327969164107,0.5480331457502452,0.9802271821540984,0.1309338832475481
meta-henrico-va,2013-04-07,1,15.375792560309709,0.4703640775734211,0.97463904661736,0.1391440140041937
meta-henrico-va,2013-04-07,2,15.832172457732788,0.4760392745908592,0.9783893454176212,0.1431196619034565
meta-henrico-va,2013-04-07,3,16.578606545779333,0.4983549890251053,0.9792778643419012,0.1447658055767538
meta-henrico-va,2013-04-07,4,16.76305971605365,0.4836160325239511,0.978845975086919,0.1365637621858618
meta-henrico-va,2013-06-24,0,33.206063271034346,0.8479368937363683,0.9855976270138584,0.149055990538502
meta-henrico-va,2013-06-24,1,36.12038528312614,0.7272659506411022,0.9778117252728288,0.1600646856101521
meta-henrico-va,2013-06-24,2,34.086473809995866,0.8047427813887627,0.9840486543898584,0.1672344168180985
meta-henrico-va,2013-06-24,3,34.038204051508544,0.807381427662022,0.9852006832980248,0.1694858959886523
meta-henrico-va,2013-06-24,4,33.294239062961,0.8087014456508591,0.9848362384440648,0.1703685399395301
meta-henrico-va,2013-07-10,1,23.619627312660963,0.7636583362250455,0.9816127619288062,0.1537913900858369
meta-henrico-va,2013-07-10,2,25.683909865509012,0.7909533589599487,0.9837201697378796,0.1933086846312756
meta-henrico-va,2013-07-10,3,22.47765680200887,0.7570223888530222,0.982723986906971,0.2032648422759546
meta-henrico-va,2013-07-10,4,21.878364043572912,0.7761206693780427,0.9834593635569728,0.2016608825388777
meta-henrico-va,2013-07-26,0,27.12138133672499,0.858473841849324,0.9853534248269056,0.1568330044234799
meta-henrico-va,2013-07-26,1,30.543695541775705,0.710502301885168,0.977165104179098,0.1720843102559728
meta-henrico-va,2013-07-26,2,27.56459287720786,0.7686534010454995,0.9826215638683046,0.1803957209009951
meta-henrico-va,2013-07-26,3,28.6896119082429,0.8180748618088264,0.9847735847412226,0.176869261549292
meta-henrico-va,2013-07-26,4,28.076905168485364,0.8119297404602865,0.9845570064848932,0.1799514317158593
meta-henrico-va,2013-08-27,0,29.576511237301425,0.8309316076141835,0.984471833745502,0.1245504756842337
meta-henrico-va,2013-08-27,1,32.060010274490274,0.7257003437567646,0.9771286291825652,0.1365007799038476
meta-henrico-va,2013-08-27,2,30.32166084738236,0.790105316590157,0.983002013566702,0.1379198953559688
meta-henrico-va,2013-08-27,3,30.549555058231203,0.8175507571028081,0.9846614846817136,0.1445971903240984
meta-henrico-va,2013-08-27,4,30.2658052342054,0.8103962142552543,0.9841744546057868,0.141876801553403
meta-henrico-va,2013-09-12,0,31.99141188498287,0.8259912000849734,0.9838113325999204,0.1161455966747168
meta-henrico-va,2013-09-12,1,34.51729438009132,0.711026008204527,0.9764920294510738,0.1291166855428356
meta-henrico-va,2013-09-12,2,32.67438791037072,0.7814909003544194,0.9823228914708788,0.1313420970292364
meta-henrico-va,2013-09-12,3,33.152735008407035,0.8034903707671914,0.9837782588998788,0.136820772701331
meta-henrico-va,2013-09-12,4,32.86031213970486,0.7971092187436033,0.9833719711890712,0.1333396027678628
meta-henrico-va,2013-11-15,0,3.046876936383661,0.5146662682296819,0.9792016514520934,0.1168558904608061
meta-henrico-va,2013-11-15,1,3.7428161483371007,0.4845308242660243,0.975552955856786,0.1225845531423309
meta-henrico-va,2013-11-15,2,4.534737869090838,0.4862644397599556,0.9786034571361676,0.1302906355393568
meta-henrico-va,2013-11-15,3,5.081106100281289,0.4694388922493134,0.9785325474861116,0.142529577785696
meta-henrico-va,2013-11-15,4,4.953429192545047,0.4622406078638501,0.978336850527882,0.1435084766921531
meta-henrico-va,2013-12-01,0,5.692444105486872,0.6035048966916451,0.9802501709847856,0.0888175409402966
meta-henrico-va,2013-12-01,1,6.928952089701757,0.5224062261263803,0.97311837527355,0.1014976617897679
meta-henrico-va,2013-12-01,2,6.723257387716335,0.5140464449986505,0.9788680369993252,0.111697027349279
meta-henrico-va,2013-12-01,3,6.863577821406719,0.5058218551799878,0.9789794734768216,0.1251750568931033
meta-henrico-va,2013-12-01,4,6.183485987352593,0.4978190552837725,0.9789415800129048,0.115859196498363
meta-henrico-va,2014-01-18,0,3.61073394820437,0.6485023889345551,0.981552296614176,0.0902473790632387
meta-henrico-va,2014-01-18,1,4.737837501726441,0.5243354531718809,0.9742474529579872,0.1038003884240395
meta-henrico-va,2014-01-18,2,4.403180324948844,0.5161986084098107,0.9787103293494848,0.1021356412622311
meta-henrico-va,2014-01-18,3,4.783109021941556,0.5149081698086456,0.97940131151302,0.1038494965955979
meta-henrico-va,2014-01-18,4,4.6377585342395,0.5098598048286762,0.9791884819566704,0.0984560571416872
meta-henrico-va,2014-02-19,4,-0.0156603149706789,0.4031470607241797,0.9750609068268392,0.0499302683721249
meta-henrico-va,2014-04-24,3,14.033207756787204,0.5559106903456603,0.9801161918044756,0.1742143382196817
meta-henrico-va,2014-04-24,4,14.82363470828554,0.5082219511743441,0.9785439851780644,0.179557477716662
meta-henrico-va,2014-05-26,0,30.416944609322215,0.8279842683935104,0.9851097928864976,0.1522045272017289
meta-henrico-va,2014-05-26,1,33.034747049877346,0.6996311890355187,0.9773159476135792,0.1626306468855939
meta-henrico-va,2014-05-26,2,30.927602914771697,0.7557489411114354,0.9830160315682568,0.1738765139492591
meta-henrico-va,2014-05-26,3,31.373443241181462,0.7821961605915827,0.984583202170614,0.1725278159285609
meta-henrico-va,2014-05-26,4,31.09938890992099,0.7843278248467996,0.9843148270973692,0.1688839863389822
meta-henrico-va,2014-06-11,0,32.17653315090131,0.827005493573294,0.9848596115030752,0.1532989722696113
meta-henrico-va,2014-06-11,1,35.38377821579936,0.7134571701278215,0.977448849898932,0.1646301921602922
meta-henrico-va,2014-06-11,2,33.857565271520976,0.7485932411050379,0.9825195505207708,0.1756909135131222
meta-henrico-va,2014-06-11,3,33.314181951423365,0.7905000330775487,0.9844490644063172,0.1775398275592613
meta-henrico-va,2014-06-11,4,32.944036427630984,0.7923962333692598,0.9840273473337904,0.1753804501067074
meta-henrico-va,2014-06-27,0,35.912084763196596,0.8363963178942896,0.9836314907080764,0.1444920094034007
meta-henrico-va,2014-06-27,1,39.28390509366089,0.714494055643886,0.9762216869058188,0.1575692104782808
meta-henrico-va,2014-06-27,2,37.37140001665799,0.7661908367690974,0.9818101929096738,0.1635905046426732
meta-henrico-va,2014-06-27,3,36.94378598964971,0.8122148864229132,0.9835417925788118,0.1654801378795219
meta-henrico-va,2014-06-27,4,36.38118253571002,0.8108885895322971,0.9832567529667702,0.1639863009565601
meta-henrico-va,2014-07-13,4,24.23798307603357,0.7547774948040952,0.9822993279380496,0.1671497010000673
meta-henrico-va,2014-07-29,0,25.78053853578156,0.8226035495208579,0.984326933847331,0.1334272564209392
meta-henrico-va,2014-07-29,1,28.753726177077606,0.7118410031685485,0.9768534965193928,0.1461605434854541
meta-henrico-va,2014-07-29,2,27.30918829011829,0.7523381450277351,0.982468338767688,0.1513277406841476
meta-henrico-va,2014-07-29,3,27.338228399611236,0.7925633679612442,0.984271855575291,0.1518630450076398
meta-henrico-va,2014-07-29,4,26.883874220946105,0.793701424733012,0.9840041797609856,0.150571674937724
meta-henrico-va,2014-08-14,0,26.87208052535881,0.8358533043820991,0.9843332127141164,0.1240647151111712
meta-henrico-va,2014-08-14,1,29.698529792850294,0.710295750926254,0.976851563622259,0.1389200698884106
meta-henrico-va,2014-08-14,2,28.340132296838085,0.7561803230013782,0.982271817831262,0.1441139487077441
meta-henrico-va,2014-08-14,3,28.34471488003646,0.8086205853095427,0.984206490218148,0.1434418867730637
meta-henrico-va,2014-08-14,4,27.974725845738647,0.8072845785456212,0.9839002164313242,0.1423590275569035
meta-henrico-va,2014-08-30,0,29.832803646934657,0.8103268474585008,0.9823884582750604,0.1428095980774081
meta-henrico-va,2014-08-30,1,33.93242031781411,0.6256459263815433,0.9688005353648405,0.1682794404274655
meta-henrico-va,2014-08-30,2,31.41808823226391,0.6816927463401392,0.9778120552371607,0.16728379472583
meta-henrico-va,2014-08-30,3,30.537633991643197,0.7318101119953204,0.9811605951500016,0.1715438223756661
meta-henrico-va,2014-08-30,4,30.404840066250987,0.7548749177388595,0.9816696480711586,0.1676106595483608
meta-henrico-va,2014-09-15,0,24.543493117431957,0.7989199916818063,0.9843779064158232,0.1411451401906422
meta-henrico-va,2014-09-15,1,26.00019022994947,0.7381000982612274,0.9800558083702544,0.144748855074401
meta-henrico-va,2014-09-15,2,26.45006487693529,0.7557615123680953,0.9826056962542766,0.1462820223612319
meta-henrico-va,2014-09-15,3,26.88921115026592,0.758874910719107,0.983341721105464,0.1488956457654438
meta-henrico-va,2014-09-15,4,25.282015230675043,0.7805861394006953,0.9833631176114876,0.1374589966427128
meta-henrico-va,2014-10-01,1,17.77986248000002,,0.9765,0.0196705174999999
meta-henrico-va,2014-10-01,2,23.62501265931849,0.7660170538628994,0.9835649254162911,0.0944790805726276
meta-henrico-va,2014-10-01,3,25.101812062572755,0.7491553484249707,0.9824733434259386,0.1207511261826138
meta-henrico-va,2014-10-01,4,24.112449453814587,0.7793614177365443,0.98275455725232,0.1175174506519958
meta-henrico-va,2014-10-17,0,21.620763585754037,0.7888490479409311,0.9825356366149012,0.098777261966169
meta-henrico-va,2014-10-17,1,23.303077512912857,0.6744169368827393,0.9754361595412911,0.1135440203212161
meta-henrico-va,2014-10-17,2,22.323537720769256,0.7155318114218848,0.9806511223078468,0.1173501096689823
meta-henrico-va,2014-10-17,3,22.69490027554472,0.7439013131247533,0.9819946482197404,0.115427720276601
meta-henrico-va,2014-10-17,4,22.411412236377643,0.7406423921412458,0.9817740343442282,0.1133420844382969
meta-henrico-va,2014-11-02,1,8.713341447652,0.7205959351087025,0.9754514838540986,0.0736326666056837
meta-henrico-va,2014-11-02,2,8.746285933399948,0.6845271487645332,0.9801153699937738,0.1238250859935256
meta-henrico-va,2014-11-02,3,9.182055673724513,0.6717170595116049,0.9813227892658803,0.141572171267752
meta-henrico-va,2014-11-02,4,9.593608419986824,0.702623399724603,0.9821512193112644,0.135291620971775
meta-henrico-va,2014-11-18,0,-3.5096525400613174,0.4650206176152249,0.978557055214724,0.128072299493865
meta-henrico-va,2014-11-18,1,-3.110924286728258,0.5143890294842068,0.9787329925033794,0.1253279003167016
meta-henrico-va,2014-11-18,2,-2.380504334061289,0.4856743243484084,0.9788621585128214,0.1268097462339683
meta-henrico-va,2014-11-18,3,-0.8405682384542229,0.477961191568602,0.9781435525635448,0.133757393302327
meta-henrico-va,2014-11-18,4,-0.6295559247543152,0.4811333761177933,0.9782429720081862,0.1337913405824802
meta-henrico-va,2015-01-05,0,8.96902604463334,0.6595842106167064,0.9798795905007818,0.0843001369258124
meta-henrico-va,2015-01-05,1,9.679142314324505,0.5444237828159142,0.9730470170814696,0.0980439194405309
meta-henrico-va,2015-01-05,2,9.46852528539286,0.5262657712706424,0.9774074815708595,0.1016813728323225
meta-henrico-va,2015-01-05,3,9.68643964635644,0.5308398200090398,0.9781400116086644,0.1009407874697274
meta-henrico-va,2015-01-05,4,9.615849786115009,0.5255173597877774,0.978010950978119,0.0981556226999183
meta-henrico-va,2015-02-06,0,0.7744874882562857,0.626018267986971,0.9814413645124914,0.0921129746112531
meta-henrico-va,2015-02-06,1,1.865735443570208,0.508045654447018,0.9743274305851674,0.1070114674907484
meta-henrico-va,2015-02-06,2,1.5542985822786552,0.4978871990667382,0.9787486426469612,0.1079467184080607
meta-henrico-va,2015-02-06,3,2.0948615397865673,0.4958307825076493,0.9793749584302464,0.1107688025733854
meta-henrico-va,2015-02-06,4,1.8510728627247357,0.4913053065956804,0.9791863009336162,0.1066178902167329
meta-henrico-va,2015-04-11,0,18.83246914029169,0.5297640724229293,0.980079462195425,0.070816902499673
meta-henrico-va,2015-04-11,1,20.736558389045936,0.4766914573236187,0.9748842943124756,0.0770869575682993
meta-henrico-va,2015-04-11,2,21.296778634105323,0.4903825945947814,0.978094385828106,0.0891615841863631
meta-henrico-va,2015-04-11,3,21.86100811433342,0.550969398028474,0.979935124965565,0.0879745783921695
meta-henrico-va,2015-04-11,4,21.852068891754556,0.5334233546478567,0.9794615457736124,0.0924297940558891
meta-henrico-va,2015-04-27,0,20.863981706770687,0.6673736372698433,0.9824820330399688,0.1199876551466185
meta-henrico-va,2015-04-27,1,22.55906232377115,0.5825210278125853,0.9755339270723792,0.1346960432768637
meta-henrico-va,2015-04-27,2,21.278809066635443,0.6266453728145774,0.9809102243870428,0.1400489782433392
meta-henrico-va,2015-04-27,3,21.52751740752537,0.6814723245039433,0.9828949632704084,0.1409336451594489
meta-henrico-va,2015-04-27,4,21.113976695105737,0.6759843164425728,0.9825194416254208,0.1358355930864404
meta-henrico-va,2015-05-13,0,24.196899137016892,0.8000130058869511,0.9840679069534868,0.1324315009161908
meta-henrico-va,2015-05-13,1,27.38679736709141,0.6686182808892638,0.9760556244899564,0.1568643856765267
meta-henrico-va,2015-05-13,2,25.807776239564845,0.7286088600892177,0.9822301981323917,0.1722188770530577
meta-henrico-va,2015-05-13,3,26.188432304420736,0.7677788689151798,0.9841038642794266,0.168416025636918
meta-henrico-va,2015-05-13,4,25.68543153241987,0.7634378624429022,0.9836371594215682,0.1669829148692146
meta-henrico-va,2015-05-29,1,33.15080278935475,0.5097136663584555,0.9597500327693036,0.214101478572301
meta-henrico-va,2015-05-29,2,30.99567473662136,0.7145403516022271,0.9819128237033082,0.2038786521129176
meta-henrico-va,2015-05-29,3,30.800335452378157,0.769392511230601,0.983938792691074,0.1848764407044077
meta-henrico-va,2015-05-29,4,30.59308251613935,0.7805484471384693,0.984062147775521,0.1812176439188742
meta-henrico-va,2015-06-14,0,34.75576484939489,0.839524509238664,0.9851510555696998,0.1465683485369997
meta-henrico-va,2015-06-14,1,37.952524539044106,0.7058377208335598,0.976686468547368,0.1617624841897492
meta-henrico-va,2015-06-14,2,36.2154166617278,0.7702242937572041,0.9831867125562156,0.1714072297087729
meta-henrico-va,2015-06-14,3,36.435156965668774,0.7958673232619285,0.9847347875597506,0.1678735671710306
meta-henrico-va,2015-06-14,4,35.89500495696199,0.8010140308003522,0.984484602176552,0.1674094242572495
meta-henrico-va,2015-06-30,0,31.058144097806615,0.8372499921815565,0.9851313193257464,0.1413619888493631
meta-henrico-va,2015-06-30,1,33.83435762587448,0.7234223236533076,0.977563036751715,0.1546293054487402
meta-henrico-va,2015-06-30,2,32.40661041651658,0.7727947637414246,0.9832536608823034,0.1660308050963355
meta-henrico-va,2015-06-30,3,32.47858737812031,0.8061325813472169,0.9849634505945278,0.1643386511549671
meta-henrico-va,2015-06-30,4,31.950455918568924,0.8125563119977017,0.9847622272070884,0.1623979138967001
meta-henrico-va,2015-07-16,0,26.09701777491685,0.8423206103981828,0.9847360177755844,0.1503746541804097
meta-henrico-va,2015-07-16,1,30.21639483846958,0.6824267941015986,0.974542358703429,0.17011489093253
meta-henrico-va,2015-07-16,2,28.081499244541018,0.7407423859204144,0.9825605802656538,0.1897853088887261
meta-henrico-va,2015-07-16,3,27.498956988381384,0.8039369492767089,0.98441572134803,0.1786558356623727
meta-henrico-va,2015-07-16,4,27.23220346434515,0.7971504777184906,0.9837164452094724,0.1738114223353533
meta-henrico-va,2015-08-01,0,32.25506112556052,0.8417053097399616,0.9837325849183558,0.1303536010104511
meta-henrico-va,2015-08-01,1,35.18903655970567,0.7189222686171018,0.9763322199526622,0.1445988939948813
meta-henrico-va,2015-08-01,2,33.55446168455162,0.7695015251933509,0.9819143561798648,0.1547018329646544
meta-henrico-va,2015-08-01,3,33.902451326220266,0.805773900927454,0.9835010079629786,0.1521393910455099
meta-henrico-va,2015-08-01,4,33.570108930830706,0.8073514720962293,0.9833141844427354,0.1505729249690618
meta-henrico-va,2015-08-17,0,30.907416712521645,0.8383901024640312,0.9846466323598956,0.1243346961590242
meta-henrico-va,2015-08-17,1,33.40929624853238,0.7250788797802739,0.977166801324966,0.1390208912948903
meta-henrico-va,2015-08-17,2,32.0430775816069,0.7720490881389066,0.982837464242311,0.1485183599544034
meta-henrico-va,2015-08-17,3,32.03907906343448,0.8112666772882222,0.98464388459202,0.1469979294220336
meta-henrico-va,2015-08-17,4,31.799377563645272,0.8093884968705862,0.984321055415558,0.1447839962371853
meta-henrico-va,2015-09-02,0,28.66588023373486,0.834682698040152,0.9827859034866946,0.1036660204005874
meta-henrico-va,2015-09-02,1,30.55478892903684,0.7441251598264297,0.9772084973530856,0.1206393776561813
meta-henrico-va,2015-09-02,2,29.476261360512993,0.8002686801554446,0.981774178702335,0.119721379797573
meta-henrico-va,2015-09-02,3,28.87634419560305,0.7950061276096688,0.983731260931105,0.1408321183851214
meta-henrico-va,2015-09-02,4,28.838201381802577,0.8031087770425429,0.9838316549494912,0.1434419767645909
meta-henrico-va,2015-09-18,0,26.84052144027942,0.8304399137671444,0.984266928664946,0.1093014984175659
meta-henrico-va,2015-09-18,1,29.20139995620169,0.7116922223339991,0.9769186513360268,0.1258839180160189
meta-henrico-va,2015-09-18,2,27.958909762868167,0.7572491475727702,0.9823717333870616,0.135051665570678
meta-henrico-va,2015-09-18,3,27.87655185275158,0.7985112101511637,0.9841506046819084,0.1326042984904003
meta-henrico-va,2015-09-18,4,27.510771785838095,0.7925288964334811,0.9837584363799096,0.1312378814655072
meta-henrico-va,2015-10-20,0,16.86691776899998,0.7948827649802187,0.98408778093974,0.0965015387257018
meta-henrico-va,2015-10-20,1,18.497897160150515,0.6712065967273635,0.9766330236487766,0.1130599686348751
meta-henrico-va,2015-10-20,2,17.690666669179542,0.7152029122330702,0.9821320664857848,0.1203645884607938
meta-henrico-va,2015-10-20,3,18.13975218389871,0.7441580998182724,0.9836055169992308,0.1162204720912776
meta-henrico-va,2015-10-20,4,18.0161500467451,0.7335740723005562,0.9831717307792356,0.1150168399232453
meta-henrico-va,2015-11-05,3,21.899765456521756,0.568965378637614,0.9781826086956522,0.1089994095652173
meta-henrico-va,2015-11-05,4,21.852333862719732,0.5808260991603051,0.9735387358184764,0.0605401742649135
meta-henrico-va,2015-11-21,0,12.587992092414096,0.671861720788804,0.9805553487653198,0.0844503980156812
meta-henrico-va,2015-11-21,1,13.663253354902729,0.5649722474249199,0.9736759419603348,0.0990719691351403
meta-henrico-va,2015-11-21,2,13.29806725305722,0.5640202971371248,0.9783032630447734,0.103945353250531
meta-henrico-va,2015-11-21,3,13.544032658762722,0.5830537341253278,0.9792861098790984,0.1001888053174922
meta-henrico-va,2015-11-21,4,13.382151192116886,0.5722678350853547,0.9790333800586346,0.097121718802569
meta-henrico-va,2016-01-24,0,-0.8870719706020461,0.4814456955481947,0.9817962182238096,0.1634147746889435
meta-henrico-va,2016-01-24,1,-1.4691256651838924,0.3471905777993023,0.983037452836766,0.2679293211954525
meta-henrico-va,2016-01-24,2,-1.5045797964899412,0.3153928580990931,0.9832482846207832,0.2747769804097293
meta-henrico-va,2016-01-24,3,-1.8822739208700376,0.2835374650768723,0.9841359186207604,0.3122678436972982
meta-henrico-va,2016-01-24,4,-1.7654494123303874,0.3030276846705527,0.9840325045513784,0.2907121794034808
meta-henrico-va,2016-02-09,1,5.420731671256632,0.5589082252470332,0.9785355530703538,0.1673656606486797
meta-henrico-va,2016-02-09,2,6.666870341932291,0.5897681730181475,0.9796234619036476,0.1160594494291739
meta-henrico-va,2016-02-09,3,7.836996596320816,0.5082310777771734,0.977334206065516,0.1487739577425436
meta-henrico-va,2016-02-09,4,7.101938404748515,0.5592165015605048,0.9780026089981836,0.1069909509487293
meta-henrico-va,2016-03-28,0,23.71770710891291,0.6308673105147452,0.9803834695603162,0.1022924506146691
meta-henrico-va,2016-03-28,1,24.68519604521372,0.5306635360326686,0.9735390807070916,0.1167257303564214
meta-henrico-va,2016-03-28,2,24.38755807993497,0.5304498870905464,0.9781246054912304,0.1210961683684153
meta-henrico-va,2016-03-28,3,24.584421589970383,0.572931483493236,0.9794949763143276,0.1206090083408003
meta-henrico-va,2016-03-28,4,24.45273692559543,0.5606234946817097,0.9792248475805228,0.1154329316637836
meta-henrico-va,2016-04-13,0,17.98334228722427,0.6203738945668763,0.9816535249299904,0.1113449375817021
meta-henrico-va,2016-04-13,1,19.699734935089985,0.5365588610336753,0.9747187633155644,0.1258998904787422
meta-henrico-va,2016-04-13,2,19.033389542698373,0.545797113657925,0.9795221367128644,0.1311864384377874
meta-henrico-va,2016-04-13,3,19.279918010223767,0.6000488777504132,0.9813483913335136,0.1304308024047913
meta-henrico-va,2016-04-13,4,18.904362236092357,0.5971795952222304,0.9811297814466016,0.1254906123313927
meta-henrico-va,2016-05-15,0,17.65573072728345,0.822030292416416,0.9849447652621292,0.1448366630723425
meta-henrico-va,2016-05-15,1,20.146151244854085,0.7144589676713649,0.97823555393507,0.1610817062893914
meta-henrico-va,2016-05-15,2,19.07344166395129,0.7445556808592881,0.9829829927667684,0.176840289176386
meta-henrico-va,2016-05-15,3,19.287289104085698,0.7735967191395048,0.9842030051846496,0.1674664017711324
meta-henrico-va,2016-05-15,4,19.013515438969566,0.7735606496868525,0.9838046570267884,0.167950067062313
meta-henrico-va,2016-05-31,0,30.0562667408631,0.8544403676325325,0.9844507128050348,0.1236041551186381
meta-henrico-va,2016-05-31,1,31.876325536297344,0.7347848536598037,0.9766695870314344,0.1336427498522717
meta-henrico-va,2016-05-31,2,30.99407932203209,0.7570894035695698,0.981720828788512,0.1547850989586855
meta-henrico-va,2016-05-31,3,30.443438952824668,0.8097052782482855,0.98399210821548,0.1524713184340099
meta-henrico-va,2016-05-31,4,30.254421277073845,0.8034017519286213,0.983034422502641,0.1579205826846481
meta-henrico-va,2016-06-16,2,14.175349401111117,0.8265457275849906,0.98350987654321,0.1073741225
meta-henrico-va,2016-06-16,3,27.98331086217444,0.8460186271228016,0.9840983368335956,0.1218840498881596
meta-henrico-va,2016-06-16,4,28.94390785082225,0.8410752079239471,0.9845654360829208,0.1648653422548212
meta-henrico-va,2016-07-02,0,30.43562768042093,0.8488669486192763,0.9839265006182486,0.1395933423582346
meta-henrico-va,2016-07-02,1,33.570992514488346,0.7335059084444293,0.9766007940091698,0.1513822960357388
meta-henrico-va,2016-07-02,2,32.20823046700733,0.7808185747592699,0.9821266456868012,0.1653453449759755
meta-henrico-va,2016-07-02,3,31.971372348472336,0.8209411548735207,0.983765641261984,0.1630090229629672
meta-henrico-va,2016-07-02,4,31.426982139534797,0.8227118036823711,0.9835314977784037,0.1612899764386493
meta-henrico-va,2016-07-18,0,11.122390761834582,0.7905254831660231,0.9821095325439588,0.1435552017199602
meta-henrico-va,2016-07-18,1,12.253384224946831,0.7503984152852256,0.97782068240747,0.1488206326465504
meta-henrico-va,2016-07-18,2,11.093905684704689,0.7776593138920712,0.9813825914829476,0.1547739271702204
meta-henrico-va,2016-07-18,3,12.584215031483238,0.7745228974348979,0.9817747279001096,0.1610483012355655
meta-henrico-va,2016-07-18,4,13.7053163824749,0.7774678423809317,0.9818210597546506,0.158750213005357
meta-henrico-va,2016-08-03,2,27.41571938392384,0.807969500517476,0.9826154290104812,0.1542796496092087
meta-henrico-va,2016-08-03,3,27.40836037696358,0.8474451287939279,0.9843750188219405,0.1664568937406885
meta-henrico-va,2016-08-03,4,27.134345097016965,0.8296105796695349,0.9837779180356708,0.1680953726163079
meta-henrico-va,2016-08-19,2,22.37468195405022,0.6178480500307929,0.981085549525102,0.1619055927406716
meta-henrico-va,2016-08-19,3,25.477633420982297,0.843612295739844,0.9840546612339934,0.1248222583811408
meta-henrico-va,2016-08-19,4,27.327544683806774,0.7977068947809404,0.9827687451598808,0.1764448524583068
meta-henrico-va,2016-09-04,2,16.44135384186882,0.7576006163401867,0.9831760029845608,0.2019010009759609
meta-henrico-va,2016-09-04,3,18.709019942984614,0.7548566585557794,0.98296168828301,0.2050263117253665
meta-henrico-va,2016-09-04,4,21.80731510132762,0.7510089610292275,0.9827171994628796,0.1889583141071388
meta-henrico-va,2016-10-22,0,15.673215646554292,0.801927397549025,0.9827266547259702,0.0979865466784444
meta-henrico-va,2016-10-22,1,17.349085919557872,0.6840169359916753,0.9755440937233876,0.1135458361660911
meta-henrico-va,2016-10-22,2,16.756171175475924,0.7112793688446508,0.9806378337618028,0.1218817516049771
meta-henrico-va,2016-10-22,3,16.885428437883153,0.7499705745415568,0.982080042214566,0.1153344948772857
meta-henrico-va,2016-10-22,4,16.694076583886165,0.7409915278476268,0.9817454181636872,0.1134960282776193
meta-henrico-va,2016-11-07,0,12.64790231835568,0.7483875729426727,0.9818073553478568,0.0951263658887219
meta-henrico-va,2016-11-07,1,14.06732810143528,0.638063902548322,0.9747713980252438,0.1096187057378913
meta-henrico-va,2016-11-07,2,13.509479868379447,0.6545224700704543,0.9797750096913757,0.118335118386036
meta-henrico-va,2016-11-07,3,13.636868097477196,0.6950708353419012,0.9811245686732696,0.1124580257535086
meta-henrico-va,2016-11-07,4,13.503067869841509,0.6843490875710968,0.980804013848906,0.1104418661610713
meta-henrico-va,2016-11-23,0,9.36070388893418,0.691132267521204,0.9818186488526016,0.092248814931697
meta-henrico-va,2016-11-23,1,10.452913633513136,0.5813311216947538,0.9746877045379562,0.1063566015935565
meta-henrico-va,2016-11-23,2,10.068955287188617,0.5743700832882724,0.9793390710082872,0.11414288520472
meta-henrico-va,2016-11-23,3,10.390250051595512,0.5950437998240199,0.9804349185436788,0.1104146230447014
meta-henrico-va,2016-11-23,4,10.22933212960966,0.5919372649973039,0.9802309049877932,0.107895651758215
meta-henrico-va,2016-12-09,0,3.630753300170041,0.6771782134126956,0.9802489280648798,0.0846541558655602
meta-henrico-va,2016-12-09,1,4.624965126092109,0.5701461458317199,0.9734977376112204,0.0969570354188818
meta-henrico-va,2016-12-09,2,4.417950514886654,0.5473715513760335,0.9778913562663506,0.101433648216979
meta-henrico-va,2016-12-09,3,4.802056176080834,0.5533071959254803,0.978541651547465,0.1006502088202186
meta-henrico-va,2016-12-09,4,4.633885584521505,0.554265964176744,0.9784669885649154,0.0971789714433933
meta-henrico-va,2017-01-26,0,17.190203204712617,0.6610988607322158,0.9813359120995012,0.0883925294367567
meta-henrico-va,2017-01-26,1,17.835180439079483,0.5426857711320594,0.974095987677705,0.1025036087371542
meta-henrico-va,2017-01-26,2,17.441216944118043,0.5131702912323018,0.9783673272571166,0.1097116256215357
meta-henrico-va,2017-01-26,3,17.351953431695264,0.5251190644070746,0.9792099574754412,0.1054537431415564
meta-henrico-va,2017-01-26,4,17.06340425122054,0.5265805994210008,0.9792064284753426,0.1002757377800376
meta-henrico-va,2017-02-27,2,9.001152351255676,0.5086498493880425,0.9794155489950224,0.1205931951446491
meta-henrico-va,2017-02-27,3,12.98765377554566,0.53583496576442,0.979379690806526,0.1433011715497223
meta-henrico-va,2017-02-27,4,13.494306567769152,0.5587123830810805,0.9803663316736372,0.1463029881205563
meta-henrico-va,2017-03-15,0,2.5026304509389385,0.6086069941810324,0.9811600365494404,0.1062959713333841
meta-henrico-va,2017-03-15,1,3.9861350072202018,0.5049825708322249,0.9740652649778294,0.1195387334488485
meta-henrico-va,2017-03-15,2,3.893810144762626,0.4848640771795457,0.978404993955368,0.1232781444446425
meta-henrico-va,2017-03-15,3,4.563658228778623,0.5317351348855053,0.9800349964574728,0.1233591773068628
meta-henrico-va,2017-03-15,4,4.213482604831701,0.5242820561885756,0.9797438602430972,0.1171022717918253
meta-henrico-va,2017-04-16,0,25.311415400697275,0.6089014940617565,0.9815616540769876,0.1309872511008509
meta-henrico-va,2017-04-16,1,26.452607147338547,0.5622122090857863,0.9753211340770837,0.1288951093008297
meta-henrico-va,2017-04-16,2,25.21757366045418,0.581488747247254,0.9799437304007812,0.1415873290874199
meta-henrico-va,2017-04-16,3,24.164019817663807,0.6320886329706429,0.9816339061811872,0.1451733925418079
meta-henrico-va,2017-04-16,4,23.52345860810916,0.6365908039832517,0.9814506408858692,0.1430060285844588
meta-henrico-va,2017-05-02,0,23.92164296082836,0.828934512785741,0.985017121867842,0.1363155408735159
meta-henrico-va,2017-05-02,1,26.207791479760505,0.7096563306304192,0.9773420496043612,0.148712601156522
meta-henrico-va,2017-05-02,2,25.2201774315548,0.7603248198384923,0.9830725424546723,0.1643421403719926
meta-henrico-va,2017-05-02,3,25.210104697537,0.7998879655134357,0.9847948076353704,0.1574058631799665
meta-henrico-va,2017-05-02,4,24.807880585579472,0.8058361156885081,0.9846067602816092,0.1560951469311023
meta-henrico-va,2017-05-18,0,26.960455105331565,0.7106840221888868,0.9807681720757716,0.0997826512614126
meta-henrico-va,2017-05-18,1,32.58866471828128,0.6424988439951801,0.9708943257250516,0.1120951880677846
meta-henrico-va,2017-05-18,2,31.002295725942616,0.702399046806429,0.9810622327116302,0.1764559266573974
meta-henrico-va,2017-05-18,3,30.349931090580647,0.7860155268422389,0.9842813704668764,0.1816447737925291
meta-henrico-va,2017-05-18,4,28.188612897961853,0.8040455289925901,0.984364900126643,0.1820122578293044
meta-henrico-va,2017-06-03,0,30.200592688192817,0.839008990897284,0.9848714164272486,0.1476911973672242
meta-henrico-va,2017-06-03,1,33.32237615562135,0.7217663358959013,0.9773699975149334,0.1594919838927776
meta-henrico-va,2017-06-03,2,31.988063813328484,0.7648085581449747,0.9828539350497992,0.1761248732605667
meta-henrico-va,2017-06-03,3,31.70422919076793,0.7996927478949708,0.9844553291928224,0.1696605206316156
meta-henrico-va,2017-06-03,4,31.152942136553133,0.8064752343420545,0.9842743608818626,0.1689154193726156
meta-henrico-va,2017-06-19,0,23.793279262585877,0.8263811803533654,0.9848207318220312,0.1716958233224768
meta-henrico-va,2017-06-19,1,25.485444377315233,0.7586985999841871,0.9809939594531172,0.1722098020741612
meta-henrico-va,2017-06-19,2,23.736598128691313,0.787115218148115,0.9834427726840724,0.1884253878354141
meta-henrico-va,2017-06-19,3,24.72543476596332,0.7770536578240083,0.9838122029206444,0.1942622828760214
meta-henrico-va,2017-06-19,4,25.63306905003467,0.7955143950212596,0.9841182570724578,0.1896647568445528
meta-henrico-va,2017-07-05,1,32.078002574195416,0.6585584452130034,0.9597114458981948,0.1114053784378283
meta-henrico-va,2017-07-05,2,26.012414393827925,0.7488006772087116,0.9750362199034373,0.1318568355883123
meta-henrico-va,2017-07-05,3,23.004037796113952,0.7992500940746013,0.9837576609754918,0.1705547807830431
meta-henrico-va,2017-07-05,4,24.63803170809403,0.7850057754947553,0.9841725179878766,0.1820785003553532
meta-henrico-va,2017-07-21,0,28.145060493564255,0.8117074411022869,0.9841821030476068,0.142717899118222
meta-henrico-va,2017-07-21,1,30.592976178256055,0.7019057351648527,0.9766486071503266,0.1548223053062919
meta-henrico-va,2017-07-21,2,28.840076819321737,0.736988609800308,0.9823642485325004,0.1709595004489483
meta-henrico-va,2017-07-21,3,28.298336736014424,0.7750011439253369,0.9840136394068772,0.1640483054260167
meta-henrico-va,2017-07-21,4,26.808983268894448,0.7797788421674282,0.9837620183206658,0.1630332992254107
meta-henrico-va,2017-08-06,0,29.74504618110677,0.8170286825082155,0.9844197557915412,0.1310127807769712
meta-henrico-va,2017-08-06,1,32.65831252839961,0.6948727835680397,0.976919392007176,0.1449131019638887
meta-henrico-va,2017-08-06,2,31.205515578125368,0.7430469023429312,0.98245832036612,0.1584286324984175
meta-henrico-va,2017-08-06,3,31.657209072852496,0.7821975696953748,0.9841461232563428,0.152498369588486
meta-henrico-va,2017-08-06,4,30.924250882280543,0.7910469188421471,0.9840082410480292,0.1516497654866071
meta-henrico-va,2017-08-22,0,32.299544548265935,0.8232475279921255,0.9830946307779028,0.1222410633645943
meta-henrico-va,2017-08-22,1,34.40646815471317,0.7202469979202226,0.9759993560040132,0.1348812333564767
meta-henrico-va,2017-08-22,2,33.14763310399774,0.7624125657665516,0.981498522096379,0.1499069777879862
meta-henrico-va,2017-08-22,3,32.85511230868911,0.8194135851464563,0.9833907699711404,0.1472475051336622
meta-henrico-va,2017-08-22,4,32.63960229337463,0.8199008390836878,0.9831414345946292,0.1451669677604346
meta-henrico-va,2017-09-07,0,23.376580210437425,0.8244997929123735,0.9844917754664164,0.1137267732230674
meta-henrico-va,2017-09-07,1,25.5274495932747,0.718200505895909,0.9771414974346236,0.1284195184612207
meta-henrico-va,2017-09-07,2,24.55295973391644,0.7661247266110246,0.9827714325444522,0.1412290446616954
meta-henrico-va,2017-09-07,3,24.494767186186767,0.8237909943758766,0.984857099082015,0.137919075664936
meta-henrico-va,2017-09-07,4,24.165389014903862,0.8206847477616886,0.984495543042191,0.1357267624418339
meta-henrico-va,2017-09-23,0,27.827980948193932,0.8186615754617336,0.9827545909553762,0.0870517061273729
meta-henrico-va,2017-09-23,1,30.07859150446068,0.7073850960314417,0.975779373187342,0.0996732962680584
meta-henrico-va,2017-09-23,2,29.040314447010815,0.7548088903030401,0.9813016320247688,0.1213082392012184
meta-henrico-va,2017-09-23,3,28.974742424959125,0.8070244271614491,0.9831581021557796,0.124547788268961
meta-henrico-va,2017-09-23,4,28.81034261721366,0.8002285224590523,0.9828662640282664,0.1251125960282727
meta-henrico-va,2017-10-25,2,14.622107200377377,0.682763652036923,0.9791240131078864,0.0874019521164338
meta-henrico-va,2017-10-25,3,16.180387853586662,0.7288697061808721,0.98050737970094,0.1085829557030781
meta-henrico-va,2017-10-25,4,15.56905555605448,0.7025376118676244,0.9798463868845866,0.1247708358977491
meta-henrico-va,2017-11-10,0,12.274542041260066,0.569047559528471,0.9801444134814706,0.1005056627182283
meta-henrico-va,2017-11-10,1,12.436431827938204,0.5847889871668298,0.9745139278906324,0.1023351006606187
meta-henrico-va,2017-11-10,2,11.785535797166991,0.610997699722841,0.9797889753111546,0.1110637227636165
meta-henrico-va,2017-11-10,3,11.747839125457965,0.6535136240619072,0.981445124397934,0.1072852196057548
meta-henrico-va,2017-11-10,4,11.629449580849482,0.6415919957364491,0.9810448702771188,0.1049209087961035
meta-henrico-va,2017-11-26,0,13.314558547806138,0.4256987552941607,0.9785164017892876,0.1233210547928409
meta-henrico-va,2017-11-26,1,13.71428287406791,0.5412286630534626,0.9743132320715536,0.1068545567679284
meta-henrico-va,2017-11-26,2,13.286764101426632,0.5560274812728906,0.979381014086926,0.1126993186764212
meta-henrico-va,2017-11-26,3,13.46256032934915,0.5720290723746637,0.9805107417263024,0.1113552348138409
meta-henrico-va,2017-11-26,4,13.374149099452282,0.5654060255432681,0.9802386306277096,0.1085143416126857
meta-henrico-va,2017-12-28,0,-1.9989363785708991,0.3734529266339605,0.9776643731624513,0.144397203382422
meta-henrico-va,2017-12-28,1,-2.45212867150912,0.5308503092517121,0.9740250914970056,0.1046922346657245
meta-henrico-va,2017-12-28,2,-2.869603129704909,0.5303730795045756,0.9788288866196524,0.1068324983841439
meta-henrico-va,2017-12-28,3,-2.4597394310327494,0.5330141993810199,0.9795799941818812,0.1074372525385109
meta-henrico-va,2017-12-28,4,-2.6161842924195047,0.5352481260515479,0.9794575983944618,0.1035988403408946
meta-henrico-va,2018-03-02,0,10.87067773879874,0.4209254140448713,0.97782882867355,0.1319123271996163
meta-henrico-va,2018-03-02,1,12.106474753483743,0.4660353415710822,0.968952418927875,0.1289092766806722
meta-henrico-va,2018-03-02,2,11.296126105560909,0.4794778804195014,0.9764619551789206,0.1342029654739521
meta-henrico-va,2018-03-02,3,10.444476724296376,0.5177555463415757,0.9790121749666446,0.1413182818740415
meta-henrico-va,2018-03-02,4,9.558311638739982,0.5253246818525793,0.9789781943310392,0.1349537457553102
meta-henrico-va,2018-03-18,0,15.469796950725788,0.3076393941300866,0.9768808239089428,0.1513762361257212
meta-henrico-va,2018-03-18,1,15.472169425198391,0.4839799794943902,0.9738312977504084,0.121243922819923
meta-henrico-va,2018-03-18,2,15.00022484601143,0.4972970046032209,0.9787540616519336,0.1244833494033255
meta-henrico-va,2018-03-18,3,15.539700435504642,0.5273337648012724,0.9800744873891216,0.1225212801788881
meta-henrico-va,2018-03-18,4,15.007741914131843,0.5224098385432345,0.9798350070636066,0.1162777445661737
meta-henrico-va,2018-04-19,0,24.70384669533996,0.3011586414263281,0.9767140532213932,0.1670371615960486
meta-henrico-va,2018-04-19,1,25.423054650727902,0.4839312442616104,0.9746897489085652,0.1361372919815768
meta-henrico-va,2018-04-19,2,25.550840751630208,0.5019051199883947,0.978524853337411,0.1460276285733825
meta-henrico-va,2018-04-19,3,25.470577199119184,0.5662736523333631,0.9805274971828828,0.1428137874235684
meta-henrico-va,2018-04-19,4,24.36835657703871,0.5661251138659233,0.9801830384089044,0.1317857434893065
meta-henrico-va,2018-06-22,0,31.216199851570593,0.5327825739355153,0.9782735391617546,0.1504552220408282
meta-henrico-va,2018-06-22,1,30.272766931768142,0.7718935917731208,0.9763513113368258,0.1627556043028423
meta-henrico-va,2018-06-22,2,29.09150273420417,0.7880559453620107,0.981657209728183,0.183209144004547
meta-henrico-va,2018-06-22,3,29.21371818144124,0.8495945582444467,0.983938117472656,0.1693547932408705
meta-henrico-va,2018-06-22,4,30.086544027922063,0.8481483696913277,0.983541322518527,0.176075742369595
meta-henrico-va,2018-07-08,0,29.35434178246809,0.4136879720818737,0.9778482983983792,0.169014662878109
meta-henrico-va,2018-07-08,1,29.62460024653741,0.6736158821200209,0.9756545220712872,0.1547100403888016
meta-henrico-va,2018-07-08,2,27.693415004620196,0.7737679058802512,0.9821655191379332,0.1646549218188463
meta-henrico-va,2018-07-08,3,27.639373257719665,0.8225577556014377,0.9839328369949984,0.1599805504672644
meta-henrico-va,2018-07-08,4,27.06479526298214,0.8258179461268617,0.9837352538936632,0.1562782777697003
meta-henrico-va,2018-08-09,0,32.287779329723364,0.428340739254552,0.9785233882969772,0.1663353031395154
meta-henrico-va,2018-08-09,1,32.09558915964156,0.6684531529432419,0.9763159703071426,0.1522387203483872
meta-henrico-va,2018-08-09,2,29.92459125047679,0.7466854971753103,0.9825256667205554,0.1641941246150111
meta-henrico-va,2018-08-09,3,29.68123855408581,0.803098996232013,0.984572359163382,0.156041022097618
meta-henrico-va,2018-08-09,4,29.014033133351916,0.805256104126675,0.984278454146185,0.1511022401992916
meta-henrico-va,2018-08-25,3,18.77079801273842,0.6769010890480828,0.9816137459517812,0.1159129017713205
meta-henrico-va,2018-08-25,4,19.44763420742623,0.752233983588628,0.9814286003569032,0.1141774086044066
meta-henrico-va,2018-09-10,0,25.598856885586343,0.5972729026454346,0.9739696123284376,0.1662463398380688
meta-henrico-va,2018-09-10,1,26.33719175915225,0.6915729663332154,0.9654639232673268,0.1040885414681311
meta-henrico-va,2018-09-10,2,22.532689988051093,0.8165508866045446,0.982774945003846,0.137161969593814
meta-henrico-va,2018-09-10,3,25.256576238797084,0.7805405914003523,0.9824984242381968,0.1557442452031332
meta-henrico-va,2018-09-10,4,25.593203425898793,0.7790893511519482,0.9820199325711396,0.1494509230812055
meta-henrico-va,2018-09-26,0,30.096616229624814,0.3974259201498895,0.977541894948202,0.1420506724892435
meta-henrico-va,2018-09-26,1,30.160970807279945,0.66177252010378,0.9754439785191074,0.1236439377132591
meta-henrico-va,2018-09-26,2,28.8876696685776,0.7751929964180106,0.982353432175478,0.1260709793002056
meta-henrico-va,2018-09-26,3,29.726522421735684,0.7810693474675824,0.9829901068978448,0.1238639128108324
meta-henrico-va,2018-09-26,4,29.456176733712816,0.7774706951364188,0.982659255719546,0.1218764885962513
meta-henrico-va,2018-10-12,0,21.244521040208383,0.3782372649863525,0.9773722999609084,0.1295566481016598
meta-henrico-va,2018-10-12,1,21.465495196157956,0.6467271096455334,0.974858813460096,0.1150450252056646
meta-henrico-va,2018-10-12,2,20.366394899082895,0.7399433867089875,0.9809838705571864,0.1197043075630851
meta-henrico-va,2018-10-12,3,20.51430321225054,0.7749293218827114,0.982462640834842,0.1150111769969134
meta-henrico-va,2018-10-12,4,20.256377316244485,0.7679209389382957,0.9821592577951612,0.1124598386191192
meta-henrico-va,2018-10-28,0,16.312755332125413,0.3781443563319662,0.977336252260146,0.1231605977013276
meta-henrico-va,2018-10-28,1,16.752904962530152,0.6364949956362317,0.9747329359425208,0.1119806360726212
meta-henrico-va,2018-10-28,2,16.052701741506223,0.7118403855114978,0.9804608951400668,0.1164896429837677
meta-henrico-va,2018-10-28,3,16.333920105447735,0.7379294285400326,0.981712584516875,0.1104271169069467
meta-henrico-va,2018-10-28,4,16.057618404150304,0.7311950227042359,0.9814629101622074,0.1094877720749906
meta-henrico-va,2018-11-29,0,5.1313669935997295,0.3428952651492211,0.9762753262158956,0.114372342557873
meta-henrico-va,2018-11-29,1,5.965549211981149,0.5231050516477821,0.972821497189237,0.1058278636367585
meta-henrico-va,2018-11-29,2,5.578306194013581,0.5586276707367519,0.9781321907206364,0.1087475584327217
meta-henrico-va,2018-11-29,3,5.888459055602737,0.5638147105886233,0.978847221649346,0.1062025516315222
meta-henrico-va,2018-11-29,4,5.585707864147484,0.5622233378676378,0.978678822563252,0.1013031302161742
meta-henrico-va,2019-01-16,0,4.669580717450669,0.3742646484435605,0.9774680003305694,0.09552928084539
meta-henrico-va,2019-01-16,1,5.108438710347577,0.5307616003990744,0.9737428516638004,0.0936717828391933
meta-henrico-va,2019-01-16,2,4.913656781098062,0.5447413692210538,0.9790649649354384,0.098326456841937
meta-henrico-va,2019-01-16,3,5.236570960426088,0.5470199850266431,0.979494567383936,0.0951053400534872
meta-henrico-va,2019-01-16,4,4.787046366019477,0.5496612676452385,0.979261851691374,0.0891175875270555
meta-henrico-va,2019-03-05,3,5.026546256000017,0.4480553396763858,0.97558,0.142909485
meta-henrico-va,2019-04-22,0,15.205524089493473,0.1978267965985501,0.9757816150178784,0.2031074890137068
meta-henrico-va,2019-04-22,1,16.84386720098086,0.6764806027008586,0.9812749315068496,0.1465954333472823
meta-henrico-va,2019-04-22,2,18.98117444637216,0.5937080199440773,0.9791585930287426,0.1910610723425723
meta-henrico-va,2019-04-22,3,17.692324637315195,0.7162183913480537,0.9828160485807024,0.177508620283721
meta-henrico-va,2019-04-22,4,18.171312841118763,0.7377401204636764,0.9828906800098534,0.1811517609700311
meta-henrico-va,2019-05-08,0,34.3988770457398,0.3763493473882307,0.9779548865465356,0.2244591815067033
meta-henrico-va,2019-05-08,1,32.01836733693727,0.6593422109529438,0.9763066742023754,0.1660370027054839
meta-henrico-va,2019-05-08,2,30.421425237222454,0.7303088968901019,0.982409231242264,0.1834192296571649
meta-henrico-va,2019-05-08,3,29.70600443402405,0.79050049613813,0.9846630402924152,0.178701587706476
meta-henrico-va,2019-05-08,4,29.150817204691037,0.803853167897147,0.9844957472779812,0.1739370925421502
meta-henrico-va,2019-05-24,0,35.99256243379332,0.4302552901789009,0.978242841946395,0.1989888728486518
meta-henrico-va,2019-05-24,1,34.59975847817872,0.6434124186592854,0.9756243287189568,0.1714883667340049
meta-henrico-va,2019-05-24,2,32.95929101142739,0.7459194504852482,0.9821351164164523,0.1828366519550074
meta-henrico-va,2019-05-24,3,32.941126173659775,0.7835859528994231,0.983829196133138,0.1756987778908228
meta-henrico-va,2019-05-24,4,32.165632807151496,0.7948519784305353,0.983688418812174,0.1769649123141856
meta-henrico-va,2019-06-25,0,24.556399232486573,0.4238636970103923,0.9779469425071516,0.2501212415612857
meta-henrico-va,2019-06-25,1,22.702507731914046,0.6099748439713695,0.9713736029638782,0.1843088030997412
meta-henrico-va,2019-06-25,2,18.82405339898884,0.71824600262131,0.9811648777108938,0.1907739968951375
meta-henrico-va,2019-06-25,3,17.80298490044748,0.751596587994359,0.9829336425854752,0.1921742157355284
meta-henrico-va,2019-06-25,4,16.386756624052744,0.7658298351033901,0.9833096878573038,0.1927443646658042
meta-henrico-va,2019-07-11,2,21.516988596314853,0.7841518228610123,0.98321494994108,0.1532736889012322
meta-henrico-va,2019-07-11,3,24.109492069562155,0.7602548805887135,0.9831504649991192,0.176061486522653
meta-henrico-va,2019-07-11,4,24.47584765875981,0.7775336218551946,0.983446251062892,0.1703463130339115
meta-henrico-va,2019-07-27,0,37.55306391181177,0.4183229631626172,0.97793064061534,0.2078000278090565
meta-henrico-va,2019-07-27,1,36.03988588356967,0.6634697792735259,0.97554157971458,0.1515409059902309
meta-henrico-va,2019-07-27,2,33.7684112038357,0.7637244360390534,0.9819661774353854,0.1635210174662102
meta-henrico-va,2019-07-27,3,33.79161862640778,0.8096561365922395,0.9837051673340456,0.1572709041461312
meta-henrico-va,2019-07-27,4,33.131096446171796,0.8138248269227225,0.9834998609648749,0.1540569148777643
meta-henrico-va,2019-08-12,0,37.96975760208332,0.4150953115652682,0.978304804160453,0.2104539927415036
meta-henrico-va,2019-08-12,1,36.456957249499766,0.6496542657585862,0.975767519391526,0.1488508323129788
meta-henrico-va,2019-08-12,2,34.05494077926493,0.7531222648501844,0.9825942423394594,0.1609613860932786
meta-henrico-va,2019-08-12,3,33.97186794284543,0.7933145932472924,0.9843200509889584,0.1548657198398412
meta-henrico-va,2019-08-12,4,33.26004230025601,0.7964727812574341,0.9843339451472356,0.1526196695656772
meta-henrico-va,2019-09-29,0,36.25271043204168,0.414065612030328,0.9783269574862716,0.1788059417524753
meta-henrico-va,2019-09-29,1,35.25576161968952,0.6101615759995448,0.9754621409154144,0.1302370103635395
meta-henrico-va,2019-09-29,2,33.80866386491672,0.6975834104929489,0.9816893202327855,0.1362987627358834
meta-henrico-va,2019-09-29,3,34.227052701001405,0.7254086613955122,0.9831801715816918,0.1285289326613709
meta-henrico-va,2019-09-29,4,33.69633620614667,0.7366883431274465,0.9830686511718444,0.1265713960286013
meta-henrico-va,2019-10-15,0,23.879695722659893,0.4179610603286788,0.9775809173580154,0.1576220565635595
meta-henrico-va,2019-10-15,1,23.985817128403777,0.6115780783619347,0.9744200705622073,0.1225366814058626
meta-henrico-va,2019-10-15,2,22.957123621362335,0.6982242085462175,0.980593807435542,0.1284935521264752
meta-henrico-va,2019-10-15,3,23.297668757997556,0.7240178920716136,0.9817234659661832,0.1188814286873563
meta-henrico-va,2019-10-15,4,23.05084686593955,0.7238517218534635,0.9815306688190562,0.1176652082552004
meta-henrico-va,2019-12-18,0,5.60596549867419,0.392147176656166,0.9775325709327028,0.1159503813201641
meta-henrico-va,2019-12-18,1,6.045742409842327,0.5200223222986468,0.9736646698958864,0.0960377041600105
meta-henrico-va,2019-12-18,2,5.821754302315684,0.548090417934964,0.9789166980137484,0.1002255544697942
meta-henrico-va,2019-12-18,3,6.129820874424673,0.5517889893850695,0.9795668212623722,0.0952965521903975
meta-henrico-va,2019-12-18,4,5.995868355358572,0.5546575696908674,0.9794559081603156,0.0918371815436176
meta-henrico-va,2020-01-19,0,9.330518887793822,0.384850015654653,0.9774074751693368,0.1205583781251657
meta-henrico-va,2020-01-19,1,10.044086107077051,0.5163865764852146,0.9733840602634288,0.0969996834903826
meta-henrico-va,2020-01-19,2,9.93351322676291,0.5446229271485381,0.9786767757029328,0.1032458628970036
meta-henrico-va,2020-01-19,3,10.112494452115012,0.5574004175459886,0.97962741948459,0.0980900906712721
meta-henrico-va,2020-01-19,4,9.890757306400612,0.557891411543665,0.9794918104433205,0.0942159903354855
meta-henrico-va,2020-03-07,0,13.513858136451187,0.3556153280942213,0.9773679024120536,0.1658155497057615
meta-henrico-va,2020-03-07,1,13.322320907125734,0.4759670415197769,0.9735973014195632,0.1221259785899694
meta-henrico-va,2020-03-07,2,12.68787700456882,0.5076542658453438,0.9786757801782152,0.1261758219148073
meta-henrico-va,2020-03-07,3,12.936036969088406,0.5293646835285654,0.9798593428861376,0.1226948208904315
meta-henrico-va,2020-03-07,4,12.581086071227144,0.5247118318079348,0.9795273891466209,0.1190041344598979
meta-henrico-va,2020-04-24,4,19.54190751858697,0.7176276837005047,0.9805348982423684,0.1589652420279255
meta-henrico-va,2020-05-10,0,23.257685248838857,0.4724745920939435,0.9793462085405076,0.1947443873923569
meta-henrico-va,2020-05-10,1,21.65882922294496,0.6365738343379842,0.9763316753025072,0.154252142427368
meta-henrico-va,2020-05-10,2,19.71499734321106,0.7450405944044284,0.9828971043472834,0.1662562044760407
meta-henrico-va,2020-05-10,3,20.076647890101142,0.7745784684525983,0.9844359359368046,0.1595903059093375
meta-henrico-va,2020-05-10,4,19.48595955677187,0.7809572827044963,0.9842316171478988,0.1565348688053072
meta-henrico-va,2020-06-27,0,20.5979807189276,0.7052896058554003,0.9819748527141552,0.1576436691983554
meta-henrico-va,2020-06-27,1,21.402893515970213,0.6197490422517434,0.9738480417027362,0.1687656855971998
meta-henrico-va,2020-06-27,2,22.07307946814731,0.7047088275204978,0.9824816327492516,0.177232154967411
meta-henrico-va,2020-06-27,3,23.262692830415432,0.782197474206815,0.984154588675638,0.1688390095482431
meta-henrico-va,2020-06-27,4,24.754853315632673,0.7960997378224034,0.9843988795671568,0.1672407943887623
meta-henrico-va,2020-07-13,0,34.40876242099976,0.5021677090608195,0.9789903815988688,0.2078825796601617
meta-henrico-va,2020-07-13,1,31.118071308790288,0.6745334353664637,0.9756568191386694,0.1708148670033818
meta-henrico-va,2020-07-13,2,28.649690664446663,0.7717696819961046,0.9819769083514592,0.186056841140174
meta-henrico-va,2020-07-13,3,27.30130449014332,0.8105383440040783,0.9834711220740592,0.179535223113866
meta-henrico-va,2020-07-13,4,25.188128765959743,0.8110121313684281,0.9833104893510706,0.1773446478692926
meta-henrico-va,2020-07-29,2,25.951285372581403,0.7912817986940693,0.984097380302395,0.1949787981232281
meta-henrico-va,2020-07-29,3,29.712152257951814,0.7835687828953164,0.9836205263965846,0.2012592884210189
meta-henrico-va,2020-07-29,4,28.828774181154817,0.7763639851196038,0.9832843775840624,0.1925381508812346
meta-henrico-va,2020-08-14,0,29.873839826606496,0.7304973988681234,0.9819468271770194,0.1280300432593339
meta-henrico-va,2020-08-14,1,26.952490983798395,0.8476885827635935,0.9833767567567572,0.1552122150701488
meta-henrico-va,2020-08-14,2,27.73786627605283,0.8689803387071837,0.9837777304417996,0.1112037843189349
meta-henrico-va,2020-08-14,3,26.6089953890659,0.8121987672837143,0.9831050083257992,0.1685681379137027
meta-henrico-va,2020-08-14,4,27.11146426816641,0.8238394238423311,0.9838211438167148,0.1615267924873224
meta-henrico-va,2020-08-30,0,33.17731529342356,0.5017832715435107,0.9790018830438828,0.1516858796107439
meta-henrico-va,2020-08-30,1,32.32860659414458,0.6681009280873558,0.9746141980819366,0.1196125165368499
meta-henrico-va,2020-08-30,2,29.636832306141834,0.7701179611865023,0.9816971920549448,0.1370713255390404
meta-henrico-va,2020-08-30,3,29.59074821106595,0.8159774544439592,0.9840095575513784,0.1438554988923552
meta-henrico-va,2020-08-30,4,28.67533061602019,0.80555515423279,0.9833458732780076,0.1423889414528188
meta-henrico-va,2020-09-15,0,24.085608022537752,0.5011423533114591,0.979535192358403,0.1628325762342581
meta-henrico-va,2020-09-15,1,22.74621726158503,0.5774229019808185,0.9747765583362396,0.1425427851775288
meta-henrico-va,2020-09-15,2,21.04573905966847,0.6429779725826847,0.9805294638389788,0.1454285404719039
meta-henrico-va,2020-09-15,3,21.06028054175091,0.68865296262094,0.9819514100308075,0.1405681246140065
meta-henrico-va,2020-09-15,4,20.733167600966475,0.6845333504844632,0.9816947858578632,0.1385347130718929
meta-henrico-va,2020-10-01,0,26.904123452879055,0.5007305426783849,0.9792209136451252,0.1564813538313246
meta-henrico-va,2020-10-01,1,26.12722617913016,0.6460350426989353,0.9757453065572432,0.1227158035198739
meta-henrico-va,2020-10-01,2,24.864969781842365,0.7344141796884661,0.9820329604786646,0.1301306707093515
meta-henrico-va,2020-10-01,3,24.82469506890786,0.7847883295783186,0.9839121777318988,0.12362911441573
meta-henrico-va,2020-10-01,4,24.579767552680668,0.7777609764713781,0.9834372458487896,0.1197724810844181
meta-henrico-va,2020-10-17,0,18.191529715131153,0.4747272761832929,0.9781468397487544,0.1505764338031057
meta-henrico-va,2020-10-17,1,17.67525368014826,0.6227557255216672,0.9745535260486222,0.1103814543786344
meta-henrico-va,2020-10-17,2,16.64638729875783,0.711627519787085,0.9805480829866192,0.119686789366497
meta-henrico-va,2020-10-17,3,16.708344402503997,0.7638358781153033,0.9822031245759976,0.1122530586518507
meta-henrico-va,2020-10-17,4,16.505986423785156,0.754535852452854,0.981811386905992,0.1088542824801211
meta-henrico-va,2020-11-18,0,9.346441878021906,0.4306138616738993,0.9774546253847376,0.1434806390776594
meta-henrico-va,2020-11-18,1,9.286195827466392,0.5246952607968486,0.972921947074904,0.106676706735605
meta-henrico-va,2020-11-18,2,8.60171704113714,0.5723637980737709,0.9783440381733248,0.1096103494595621
meta-henrico-va,2020-11-18,3,8.889456343330137,0.6038162804252656,0.9794628692742124,0.1055092590339525
meta-henrico-va,2020-11-18,4,8.712861417775256,0.5964861000304764,0.9791706622617428,0.1003698654271181
meta-henrico-va,2021-01-05,4,6.084618761428591,0.7033431844679257,0.9800214285714288,0.0211808253571428
meta-henrico-va,2021-01-21,0,5.799072282290398,0.450800886513564,0.9777817042472694,0.1064024312924161
meta-henrico-va,2021-01-21,1,5.860907919846966,0.5204160528802793,0.9731360488935612,0.0881544344556612
meta-henrico-va,2021-01-21,2,5.6679129820375005,0.548296917871362,0.9779513882536788,0.0703036498899537
meta-henrico-va,2021-01-21,3,6.050811875382837,0.5452478081568818,0.9791600794736396,0.0946897896821392
meta-henrico-va,2021-01-21,4,5.912227861765464,0.5309109464223475,0.9785875367382564,0.0916487294127494
meta-henrico-va,2021-02-06,0,11.172982970617856,0.3818611985057614,0.9778800537954953,0.1458701056037305
meta-henrico-va,2021-02-06,1,11.057506892544671,0.4865230590330486,0.9739940112919016,0.1071650698677478
meta-henrico-va,2021-02-06,2,10.700961094184157,0.523963545820653,0.9792601957310836,0.1116003911606501
meta-henrico-va,2021-02-06,3,10.866792403346343,0.5370782886986829,0.980352045839062,0.1090265913369262
meta-henrico-va,2021-02-06,4,10.584279603566364,0.5377559264986723,0.9801170091453738,0.1026781728514144
meta-henrico-va,2021-03-10,0,23.392887871375383,0.3499177301069714,0.977502892133688,0.1682490509538232
meta-henrico-va,2021-03-10,1,23.183553878851132,0.4472797576517112,0.9735453191341056,0.124802974224947
meta-henrico-va,2021-03-10,2,22.73160092822712,0.4872829546336391,0.9787323714553138,0.1257195450750088
meta-henrico-va,2021-03-10,3,22.888357843859996,0.5057384260783498,0.97987862750423,0.122717410451767
meta-henrico-va,2021-03-10,4,22.406330634121012,0.5076533468233947,0.9796897249181036,0.1161992878387704
meta-henrico-va,2021-03-26,0,29.85648612255098,0.3739115402204169,0.9777224080590428,0.1761165654200635
meta-henrico-va,2021-03-26,1,29.165786431016723,0.4763807407535637,0.9749339620569968,0.1317625913556837
meta-henrico-va,2021-03-26,2,29.056835975010426,0.5068153397405704,0.9780753691643084,0.1300841497750931
meta-henrico-va,2021-03-26,3,28.33096638114568,0.5319576116589686,0.9793677560649234,0.1357835373901375
meta-henrico-va,2021-03-26,4,28.621673110554127,0.5430116887650073,0.9794827555340552,0.1242405619241955
meta-henrico-va,2021-04-11,0,27.509021305920538,0.4047445193713418,0.9779705911735608,0.1833116104088306
meta-henrico-va,2021-04-11,1,26.40905873986474,0.4664537489560715,0.9725431162880434,0.147623842863382
meta-henrico-va,2021-04-11,2,25.37171171528459,0.5530061175146735,0.9792758251866982,0.1541968537018144
meta-henrico-va,2021-04-11,3,25.169321527634207,0.6168311872222115,0.9810113722710722,0.15423329156178
meta-henrico-va,2021-04-11,4,24.472899735542313,0.6163781151007398,0.9804224428707098,0.1513245535577627
meta-henrico-va,2021-04-27,0,30.19996350190041,0.4636676151229543,0.9793656594355756,0.194321084657304
meta-henrico-va,2021-04-27,1,29.252525283161884,0.5786520425231452,0.975320006152056,0.1502426444736658
meta-henrico-va,2021-04-27,2,27.83592918815898,0.6775199303346353,0.9819466818868224,0.1574145163914045
meta-henrico-va,2021-04-27,3,27.512904656916216,0.7287934002501051,0.9837840818570874,0.1525430820027683
meta-henrico-va,2021-04-27,4,26.6230632079555,0.7273017368004379,0.9834383705876693,0.1484666543317667
meta-henrico-va,2021-05-13,0,29.361109691555196,0.4880973054375278,0.979536499890897,0.2094129420780902
meta-henrico-va,2021-05-13,1,27.320735335677256,0.6297014079695478,0.9760986954914228,0.166804604529432
meta-henrico-va,2021-05-13,2,25.553124394221356,0.7183815925577496,0.9820675416105268,0.1816765017178221
meta-henrico-va,2021-05-13,3,25.323028062577595,0.7781965794962235,0.984342161103126,0.1725073002747665
meta-henrico-va,2021-05-13,4,24.496620693613743,0.7852968515583103,0.9840766183558918,0.1701895657978019
meta-henrico-va,2021-06-14,0,36.429142899289566,0.6719535471270888,0.9822498846181944,0.1721457731629753
meta-henrico-va,2021-06-14,1,36.72167860783059,0.6502214159168622,0.9750796755162906,0.1678580734461719
meta-henrico-va,2021-06-14,2,34.19938163801169,0.7426961432659537,0.9820704995060152,0.1840488902662032
meta-henrico-va,2021-06-14,3,34.181343791685435,0.7731204951426579,0.9838876275716428,0.172366567834762
meta-henrico-va,2021-06-14,4,33.655633946050905,0.7916853517890392,0.984091845953208,0.1669797442407019
meta-henrico-va,2021-06-30,0,40.74163359470437,0.5006327404706625,0.9789647416081764,0.204478086030533
meta-henrico-va,2021-06-30,1,38.809941105583846,0.6480088665994682,0.9752792516615112,0.1507753058374676
meta-henrico-va,2021-06-30,2,36.12594806384388,0.7513123548097573,0.9814274362857212,0.1616900291371822
meta-henrico-va,2021-06-30,3,35.1239751488357,0.7971660831295673,0.9832706206750786,0.1590718622102827
meta-henrico-va,2021-06-30,4,34.128422758745366,0.7958181698151573,0.9829012500398588,0.1559297532529875
meta-henrico-va,2021-07-16,0,39.58067228023077,0.5273633615679354,0.9798833049969092,0.1911579410049281
meta-henrico-va,2021-07-16,1,37.84527849331696,0.6600215463023748,0.9760379821257033,0.154916591989008
meta-henrico-va,2021-07-16,2,35.286281889428274,0.758314583501776,0.9825599797650886,0.1647796809558002
meta-henrico-va,2021-07-16,3,34.71029861221829,0.8112982134700143,0.9845022738359654,0.1587298991585592
meta-henrico-va,2021-07-16,4,34.42392717952689,0.813690374212163,0.9842400509834656,0.1565849144856548
meta-henrico-va,2021-08-17,0,33.91387856382663,0.6872330823000972,0.9815147614198544,0.1579344587331719
meta-henrico-va,2021-08-17,1,33.987066645907234,0.6377911905199166,0.9743707729655516,0.1646690121999458
meta-henrico-va,2021-08-17,2,31.896141076647854,0.7131034424754136,0.9811873744603886,0.1746637275420605
meta-henrico-va,2021-08-17,3,31.01439290408252,0.7936313731394573,0.983955705606705,0.170750908881625
meta-henrico-va,2021-08-17,4,30.89118025510885,0.8040064590668359,0.9839136180784712,0.16206052613702
meta-henrico-va,2021-09-02,0,30.8627995495716,0.5215267068881904,0.9798591298808156,0.1781603552965975
meta-henrico-va,2021-09-02,1,28.93755280358517,0.663471332151759,0.9761717238724424,0.1348052792991663
meta-henrico-va,2021-09-02,2,26.69053177959288,0.7707684943803313,0.9827006694724848,0.1431322418655828
meta-henrico-va,2021-09-02,3,26.44506459446692,0.825475360770562,0.9846639923535314,0.1369832539574433
meta-henrico-va,2021-09-02,4,25.98816946527115,0.8240771332983277,0.9843112321122564,0.1337580294665341
meta-henrico-va,2021-09-18,0,26.738065383601015,0.8760881818947935,0.9834390055589872,0.0845113058554663
meta-henrico-va,2021-09-18,1,30.24752649018443,0.5714559257067356,0.9712022482594664,0.1788269935455012
meta-henrico-va,2021-09-18,2,27.429650295173655,0.7417090914307729,0.981228905926656,0.1630321370556658
meta-henrico-va,2021-09-18,3,27.479607937628593,0.7930558588176605,0.983471354569336,0.1720297101205205
meta-henrico-va,2021-09-18,4,27.567274494910507,0.8071704153181039,0.9833751052216504,0.1516175062459091
meta-henrico-va,2021-10-20,0,25.433625307385153,0.5094878420271215,0.978811925844582,0.1587040497864014
meta-henrico-va,2021-10-20,1,24.63130591321119,0.6366867268165247,0.9751325758144964,0.1194454794723092
meta-henrico-va,2021-10-20,2,23.558156902063345,0.7195885332620071,0.9807048166406404,0.1228311464850086
meta-henrico-va,2021-10-20,3,23.590160686069076,0.760325849462277,0.9822076551343266,0.1151609478987296
meta-henrico-va,2021-10-20,4,23.34673491497163,0.7548602585851254,0.9819113210942908,0.1136168028431707
meta-henrico-va,2021-11-05,0,12.00292865994392,0.4775705024248702,0.9793093705676984,0.1567000089857986
meta-henrico-va,2021-11-05,1,11.715997047487935,0.5850098588862396,0.9750580507530506,0.1178395713448095
meta-henrico-va,2021-11-05,2,10.969974652842083,0.6575222487553458,0.980958508635106,0.1187984580766349
meta-henrico-va,2021-11-05,3,11.099016582560656,0.7032144208479596,0.9826906701183944,0.1098148444016729
meta-henrico-va,2021-11-05,4,11.002315694727292,0.6947170931820811,0.9823296992821916,0.1098781758738359
meta-henrico-va,2021-12-07,0,1.7020998263970806,0.4529636966628977,0.9746804642445214,0.0904782786088884
meta-henrico-va,2021-12-07,1,2.139467910250653,0.5145866028310739,0.9735401633377176,0.0971894186090753
meta-henrico-va,2021-12-07,2,2.649707411447014,0.5053330900651568,0.9780779294289595,0.1017228675117911
meta-henrico-va,2021-12-07,3,3.5878002407086855,0.4960835613593993,0.978152149817916,0.1040302826577952
meta-henrico-va,2021-12-07,4,4.016625205210889,0.4931515768187077,0.9780716553689884,0.095664383339549
meta-henrico-va,2021-12-23,0,5.024284157312158,0.411514624927941,0.9779582436769366,0.1386024124015304
meta-henrico-va,2021-12-23,1,4.5311549364078205,0.5242756230460991,0.97458509018535,0.1002632369821093
meta-henrico-va,2021-12-23,2,4.112985555010402,0.5510608475908488,0.9788552383345588,0.1042159433709481
meta-henrico-va,2021-12-23,3,4.474736568046966,0.5655825385524998,0.9798121878377434,0.1010986953469949
meta-henrico-va,2021-12-23,4,4.286310997133574,0.5633137887849773,0.9795780368706342,0.097699462960918
meta-henrico-va,2022-01-08,0,1.6900835161423204,0.4202783226379608,0.9770974250400556,0.1345497325896938
meta-henrico-va,2022-01-08,1,1.3773594518568395,0.5069580856834127,0.9732698690302444,0.1032315887731157
meta-henrico-va,2022-01-08,2,0.7663842183447319,0.5401132645494148,0.9777058359179448,0.1041778960514528
meta-henrico-va,2022-01-08,3,1.1133355272549543,0.5578918216636997,0.9785414705232176,0.1006675180845415
meta-henrico-va,2022-01-08,4,0.9286394132465936,0.5541787695912327,0.978346422466872,0.0960626440540746
meta-henrico-va,2022-01-24,0,4.572761123147475,0.3757567038305233,0.977745311102384,0.1458641295809577
meta-henrico-va,2022-01-24,1,4.104443671889164,0.4937592158861629,0.9741588302784486,0.1082203259203558
meta-henrico-va,2022-01-24,2,3.4582748115996464,0.5199576325298795,0.9785646318353608,0.1114649583287773
meta-henrico-va,2022-01-24,3,3.390635516912204,0.5279996921331279,0.979423110657497,0.1126383222940824
meta-henrico-va,2022-01-24,4,2.9574395736767003,0.5401118780444338,0.9793388301904964,0.1092904175813961
meta-henrico-va,2022-02-09,0,11.468595332646023,0.3795484297311819,0.977068308342309,0.1416487182361768
meta-henrico-va,2022-02-09,1,11.302928007304333,0.4968123094983198,0.973784302223946,0.1056346992710297
meta-henrico-va,2022-02-09,2,10.906176315257513,0.5206636159406538,0.9779033878220644,0.1103139470832618
meta-henrico-va,2022-02-09,3,11.212166980848243,0.5393439320876006,0.978879699120511,0.1068212087662128
meta-henrico-va,2022-02-09,4,10.808399119340718,0.5371310041015173,0.9786941302677796,0.1016960943187111
meta-henrico-va,2022-03-13,0,7.474451426469423,0.3599843948055617,0.976797863720583,0.1378936044105298
meta-henrico-va,2022-03-13,1,6.456835843882981,0.4762400149291848,0.9731955573093786,0.11213146791078
meta-henrico-va,2022-03-13,2,5.794328416359435,0.5184232473248415,0.977841267138587,0.1145160755517857
meta-henrico-va,2022-03-13,3,6.498301589635387,0.5523667063236293,0.9790193999301277,0.1122614351406611
meta-henrico-va,2022-03-13,4,5.933718767158802,0.5434173760016876,0.9787516892242024,0.1063275748767608
meta-henrico-va,2022-03-29,0,13.69143429817498,0.3570083457826692,0.9774806645837696,0.1799332681706755
meta-henrico-va,2022-03-29,1,12.09949131755918,0.4575247653420108,0.9735172043369312,0.1341014321360842
meta-henrico-va,2022-03-29,2,11.050730242162413,0.5056712407585224,0.9788155772861898,0.1346664651127063
meta-henrico-va,2022-03-29,3,11.494161488907425,0.548465699997379,0.980330851375346,0.1271860583053615
meta-henrico-va,2022-03-29,4,10.439176371310316,0.5392262190806572,0.9798767972672782,0.1214659229996168
meta-henrico-va,2022-04-14,3,16.3516645644274,0.5141631892108984,0.9783481887816942,0.1621684958344533
meta-henrico-va,2022-04-14,4,16.23535971409496,0.5016940374546341,0.9789293312658536,0.1437082690211986
meta-henrico-va,2022-04-30,0,23.286462205674173,0.4559712240599593,0.9788347515183466,0.2063638972433926
meta-henrico-va,2022-04-30,1,20.11776486778424,0.5795775291439693,0.9745766333284184,0.1684616066762926
meta-henrico-va,2022-04-30,2,16.760241888119644,0.6707318670796069,0.980472051068258,0.169375967786826
meta-henrico-va,2022-04-30,3,17.509198415282437,0.6840167142114336,0.9816998753902004,0.1702972273867076
meta-henrico-va,2022-04-30,4,18.538998154148132,0.6840077391435481,0.981611018233382,0.1684990177329497
meta-henrico-va,2022-05-16,0,26.694165664228752,0.5151998438982623,0.9801673075079772,0.2167364197662803
meta-henrico-va,2022-05-16,1,23.229505036386737,0.6781094475857624,0.9796235206779592,0.169034910780543
meta-henrico-va,2022-05-16,2,22.459285645360684,0.7504689539750264,0.9833941344381154,0.1775959897661553
meta-henrico-va,2022-05-16,3,22.7226480134265,0.7696706074163147,0.9839318135109616,0.1760595007143584
meta-henrico-va,2022-05-16,4,23.68714134742049,0.7959220369120162,0.9840542309100416,0.1653146387621694
meta-henrico-va,2022-06-01,0,41.329644179088575,0.4919529212804471,0.9797037499545422,0.1990654870235617
meta-henrico-va,2022-06-01,1,39.37006214036831,0.6302481624069609,0.9759577777036696,0.1647627594110426
meta-henrico-va,2022-06-01,2,36.631553721523595,0.74338763360623,0.9828355420016416,0.1763269629534493
meta-henrico-va,2022-06-01,3,36.44168898328217,0.7791569694876485,0.98447832895053,0.1668331253013099
meta-henrico-va,2022-06-01,4,36.09097986645476,0.786487142975779,0.9842875007052968,0.1656184048848218
meta-henrico-va,2022-06-17,0,41.656677618484615,0.4835639914812872,0.9793165863548766,0.202434777546278
meta-henrico-va,2022-06-17,1,39.424411978720045,0.6348518660018515,0.9758271076852224,0.1641813024233229
meta-henrico-va,2022-06-17,2,37.07735638368453,0.758112022874419,0.9826415412622412,0.175967989034837
meta-henrico-va,2022-06-17,3,36.73424569198251,0.8036791885562062,0.984412147332086,0.1671464033135584
meta-henrico-va,2022-06-17,4,36.08690800138237,0.811905943639213,0.9842435385880772,0.1662955928236099
meta-henrico-va,2022-07-03,2,16.260453562437654,0.7780897415338288,0.9823396429482284,0.2324056282314462
meta-henrico-va,2022-07-03,3,22.15484576217325,0.7718338475154969,0.98287512721965,0.1898587877135565
meta-henrico-va,2022-07-03,4,19.68505464621154,0.7599342685379182,0.9824240453598704,0.2400358811113168
meta-henrico-va,2022-07-19,3,27.394625215403448,0.870091199355176,0.9845590665845632,0.2095966387679784
meta-henrico-va,2022-07-19,4,28.687455193366983,0.8618121164039999,0.9836568131329804,0.1962665678508955
meta-henrico-va,2022-08-04,0,38.95746268704387,0.5051910072799922,0.9798178347699582,0.1920755624843886
meta-henrico-va,2022-08-04,1,36.98584715820809,0.6435373777299773,0.9760871004138868,0.1503086338641685
meta-henrico-va,2022-08-04,2,33.795757959863586,0.752166488623648,0.9825097021125104,0.1574705953387982
meta-henrico-va,2022-08-04,3,32.53542797025545,0.814937088979876,0.9846555137403564,0.1482034834217108
meta-henrico-va,2022-08-04,4,32.24682121386485,0.8135451587376793,0.984187291697844,0.1489216661656037
meta-henrico-va,2022-08-20,2,24.90908851264986,0.7728987028722641,0.9814075394175747,0.1612652499409914
meta-henrico-va,2022-08-20,3,23.04051607579894,0.8486700998121315,0.983881053539295,0.1654888150130728
meta-henrico-va,2022-08-20,4,26.620199054914615,0.814455685921759,0.9835928634292356,0.1816108965004749
meta-henrico-va,2022-09-05,2,19.709247064892857,0.6960680895693345,0.981299743346045,0.2089618452859172
meta-henrico-va,2022-09-05,3,26.042167537194636,0.7088691776747598,0.9819177339385884,0.192559870529206
meta-henrico-va,2022-09-05,4,26.52829262909397,0.7172779896150693,0.9817171893376072,0.1777032430781268
meta-henrico-va,2022-09-21,0,35.71266645736241,0.4128523386702806,0.9784447907953604,0.1820578556213404
meta-henrico-va,2022-09-21,1,33.6730828491821,0.6025704810495995,0.9753571395668116,0.1335983598631925
meta-henrico-va,2022-09-21,2,31.480643080168655,0.726321361156875,0.9821710293819034,0.1372797088598275
meta-henrico-va,2022-09-21,3,31.55295932726332,0.762994473740393,0.9838261237191488,0.12747830362521
meta-henrico-va,2022-09-21,4,31.007784011944125,0.7620336881968807,0.9834859754565533,0.1258070809912899
meta-henrico-va,2022-10-07,0,28.813103642711372,0.4004547575554856,0.978060557060771,0.1699335351124441
meta-henrico-va,2022-10-07,1,27.298901202581447,0.590049553951107,0.974967699131136,0.1279024118868967
meta-henrico-va,2022-10-07,2,25.688530845531293,0.7100485778218207,0.9816693508187704,0.1336743839663188
meta-henrico-va,2022-10-07,3,25.682972239236385,0.7474757630893051,0.9832576253062424,0.1242453889925765
meta-henrico-va,2022-10-07,4,25.496256113231695,0.74091599267161,0.9828776962763756,0.1235204555884822
meta-henrico-va,2022-11-08,0,19.138479732301995,0.3598559076172269,0.9774863816961836,0.1739601057919498
meta-henrico-va,2022-11-08,1,18.22508206045666,0.4999633661012581,0.9736401700452474,0.1224265481263564
meta-henrico-va,2022-11-08,2,17.001227276348246,0.5789749477153029,0.9796033744321152,0.1216858375379734
meta-henrico-va,2022-11-08,3,17.13454651304531,0.6131611826406889,0.9810258668903116,0.1131798826618465
meta-henrico-va,2022-11-08,4,16.990989708636068,0.6058728711642785,0.9807234100829756,0.1120651543086601
meta-henrico-va,2022-11-24,0,12.309634967706671,0.3377444805739371,0.9764120222206076,0.147779152146236
meta-henrico-va,2022-11-24,1,12.33207277539102,0.4656397925149166,0.9730468021284832,0.1061429126663552
meta-henrico-va,2022-11-24,2,12.27953568909435,0.5241407046395171,0.9778629006835068,0.1060949142403753
meta-henrico-va,2022-11-24,3,12.63470704347986,0.5514722957201493,0.9789432038073982,0.105047190982026
meta-henrico-va,2022-11-24,4,12.000348543294889,0.5374461741736289,0.9785156700886626,0.1012973894017699
meta-henrico-va,2022-12-26,0,0.782475582243977,0.2747839925374015,0.9763779184730056,0.1537103491446592
meta-henrico-va,2022-12-26,1,0.5730620677899603,0.4509910625777055,0.9736295638251704,0.1115200348344775
meta-henrico-va,2022-12-26,2,0.4685079960316312,0.5251459664672461,0.9786287464029364,0.1096020037156852
meta-henrico-va,2022-12-26,3,0.8384057872579593,0.5346643050218898,0.9794432143158006,0.1050795187018617
meta-henrico-va,2022-12-26,4,0.7162927339744698,0.5338686947750454,0.9792517468981136,0.1012990575118713
meta-henrico-va,2023-02-28,1,-9.389978499999984,0.6339122633776728,0.977,0.22921092
meta-henrico-va,2023-02-28,2,-21.121674838461523,0.4303656276164271,0.9764307692307692,0.1716555184615384
meta-henrico-va,2023-02-28,3,-20.855031277156243,0.3945298997824513,0.9754072579383702,0.2177229996998207
meta-henrico-va,2023-02-28,4,2.911591623335646,0.5381262514999546,0.9778987731137964,0.1043327405712765
meta-henrico-va,2023-03-16,0,19.172073045612155,0.3019404340339223,0.9766261568079512,0.1692880376728803
meta-henrico-va,2023-03-16,1,18.75472281213164,0.4314997524188763,0.9729758656063704,0.1305067142587909
meta-henrico-va,2023-03-16,2,17.955653360622097,0.5128841061954121,0.9789330394013368,0.1257471028056859
meta-henrico-va,2023-03-16,3,18.292877808055696,0.5423926655636611,0.98019792766582,0.1193003808086025
meta-henrico-va,2023-03-16,4,17.86199359010343,0.5418753651265332,0.9800352633481716,0.1158122048328994
meta-henrico-va,2023-04-17,0,27.11714747527623,0.3695351970891623,0.9777306042477356,0.1929919414649225
meta-henrico-va,2023-04-17,1,24.914089845183803,0.5215383607859739,0.9742760015274072,0.1499698274757555
meta-henrico-va,2023-04-17,2,22.55779056408155,0.6618632494046888,0.9813265193606644,0.1494581696027905
meta-henrico-va,2023-04-17,3,22.64141787779211,0.7074286476866953,0.9830583220065544,0.1435468511269826
meta-henrico-va,2023-04-17,4,22.161641678896732,0.7120274748806373,0.9828921793287116,0.141106630475719
meta-henrico-va,2023-05-19,1,20.47889718787119,0.6429596824719329,0.9737544088205428,0.1446626528430292
meta-henrico-va,2023-05-19,2,16.325106742157445,0.6663530106343248,0.9794872672785068,0.1562953618386577
meta-henrico-va,2023-05-19,3,14.378814086982308,0.7385756403321444,0.9823411142751798,0.1614918190863091
meta-henrico-va,2023-05-19,4,18.922563749303592,0.7431728800628569,0.981003335819578,0.1543857528883851
meta-henrico-va,2023-06-04,4,18.008584985000024,0.8006956006652934,0.9822333333333332,0.1694384233333333
meta-henrico-va,2023-08-07,0,36.305428152236296,0.4162939819282098,0.9782356009398908,0.1871078058335707
meta-henrico-va,2023-08-07,1,34.24663034170871,0.5810654188281393,0.9737958648725664,0.1571399491040456
meta-henrico-va,2023-08-07,2,31.729020295345325,0.7470908968406468,0.9819592266466528,0.1650975154257938
meta-henrico-va,2023-08-07,3,30.840105705830087,0.8187913518797946,0.9845209002085232,0.1599917864258226
meta-henrico-va,2023-08-07,4,30.73734193769112,0.8222648541840751,0.9840986687226604,0.1537152259086031
meta-henrico-va,2023-08-23,0,35.57795247161002,0.3525993007320843,0.977467969661945,0.2263102539000156
meta-henrico-va,2023-08-23,1,32.54132397275683,0.5274863791849863,0.9737415773863384,0.1739009714846502
meta-henrico-va,2023-08-23,2,28.906675271517987,0.7388610258340472,0.9812689218658296,0.1610936712829767
meta-henrico-va,2023-08-23,3,28.600444577206225,0.8047455993631841,0.9832988527980536,0.1483212822107446
meta-henrico-va,2023-08-23,4,28.215390950087016,0.8015028467131526,0.982955873498643,0.1468372958731797
meta-henrico-va,2023-09-08,0,32.911165242225074,0.3956381125655992,0.9772031017020036,0.1832255381332622
meta-henrico-va,2023-09-08,1,31.944866586147093,0.5829237324663156,0.9738714799179324,0.1476761606569706
meta-henrico-va,2023-09-08,2,29.859843826280628,0.7282685279997441,0.9808964266894796,0.1491165128905795
meta-henrico-va,2023-09-08,3,29.44497145762208,0.776698037889494,0.9825474873762026,0.1411131483961824
meta-henrico-va,2023-09-08,4,29.200129626005246,0.7789302933265608,0.9823559672377686,0.1393612968105582
meta-henrico-va,2023-10-10,0,25.51686370387145,0.4060459039613126,0.9782751754736878,0.170497036234801
meta-henrico-va,2023-10-10,1,23.97521246789948,0.5719236021538003,0.9746425848029068,0.1350382875655854
meta-henrico-va,2023-10-10,2,21.832173494369012,0.7264988506148531,0.98183499722726,0.1325957936017747
meta-henrico-va,2023-10-10,3,21.550383853749658,0.7781801369269935,0.9836385818241138,0.1215485101266147
meta-henrico-va,2023-10-10,4,21.342317365921573,0.7727976342404123,0.9832865361780596,0.1207419510542453
meta-henrico-va,2023-10-26,0,26.498179598347285,0.3936265035090961,0.977430676073753,0.1695232417407821
meta-henrico-va,2023-10-26,1,25.88363931936709,0.539446617836662,0.9734119195323224,0.1291718964136582
meta-henrico-va,2023-10-26,2,24.703006991298057,0.6726154872805227,0.9799724893426928,0.1272613858129553
meta-henrico-va,2023-10-26,3,24.433806647292435,0.7284293026449724,0.9816547652314872,0.1178703891012835
meta-henrico-va,2023-10-26,4,24.29896479845628,0.7144293921216037,0.9812635153941706,0.1170937344153209
meta-henrico-va,2023-11-27,0,12.775853950587996,0.3404490443306345,0.9774101134587074,0.1379782671297851
meta-henrico-va,2023-11-27,1,12.601693995836124,0.471748710351785,0.9736545685086806,0.103268703614189
meta-henrico-va,2023-11-27,2,12.193711165863784,0.5609260311808234,0.9792538213491326,0.1080425375205929
meta-henrico-va,2023-11-27,3,12.281649722506913,0.5943750837785755,0.9805161584544192,0.10267475146266
meta-henrico-va,2023-11-27,4,12.167367094918571,0.5869942128688636,0.9801807434750948,0.100168156565744
meta-henrico-va,2023-12-29,0,9.814650969937366,0.4128705164050263,0.9772438800990207,0.1242954809355021
meta-henrico-va,2023-12-29,1,9.004553497295442,0.5905866733103028,0.9756292719407677,0.0899805019447547
meta-henrico-va,2023-12-29,2,9.074109360290535,0.5771920367587715,0.976664388636733,0.0777096282698441
meta-henrico-va,2023-12-29,3,9.535792312562975,0.6073868713949937,0.9782114200533012,0.0755764604589423
meta-henrico-va,2023-12-29,4,9.511111040160642,0.6040161435097119,0.9786771119845384,0.0750682441559715
meta-henrico-va,2024-01-14,0,8.33808851026646,0.2677804890805796,0.9764443921660904,0.1485738803606717
meta-henrico-va,2024-01-14,1,8.196832713030368,0.4511224276570134,0.973515348574767,0.1023984240492838
meta-henrico-va,2024-01-14,2,8.141427226350984,0.5239524878014821,0.977607313088622,0.1071047792873292
meta-henrico-va,2024-01-14,3,8.231101221340202,0.5514356353002893,0.9785916950019352,0.1012473020458955
meta-henrico-va,2024-01-14,4,8.110291296099389,0.5391008701948767,0.9783046207128362,0.0963648368062354
meta-henrico-va,2024-01-30,1,4.740705930496709,0.3555003110703374,0.9476514219907876,0.0542693443180452
meta-henrico-va,2024-01-30,2,4.164450492636282,0.4857888740774693,0.972523980335387,0.104746925925665
meta-henrico-va,2024-01-30,3,3.972061694722172,0.5567338742682509,0.9779973318161764,0.0743245397115608
meta-henrico-va,2024-01-30,4,6.278032378024296,0.5320124968417776,0.9770568016642556,0.0908151195024459
meta-henrico-va,2024-02-15,0,10.669686184868825,0.2803800634819869,0.9767554910535696,0.1538038544991725
meta-henrico-va,2024-02-15,1,9.75131939366997,0.4228741445444849,0.9727711053493068,0.1150656389317875
meta-henrico-va,2024-02-15,2,8.979781482374722,0.5066478892548466,0.9786516393545122,0.116422128502044
meta-henrico-va,2024-02-15,3,9.128103728578132,0.5454292258445905,0.9800747394384094,0.1093615843830377
meta-henrico-va,2024-02-15,4,8.8108699865624,0.5378949541722375,0.979703423291688,0.1035276429793659
meta-henrico-va,2024-05-21,0,35.25230517493103,0.4032149946266014,0.9782730661526716,0.1953600480829842
meta-henrico-va,2024-05-21,1,32.235000605983316,0.5762864937281386,0.9749048900135208,0.170129305518561
meta-henrico-va,2024-05-21,2,29.30196295643352,0.7469919166627439,0.9823687807757954,0.1752058520820403
meta-henrico-va,2024-05-21,3,28.85917928351803,0.8084328720820981,0.9844001300510858,0.1635465252640812
meta-henrico-va,2024-05-21,4,28.310137271536572,0.8112890305346449,0.9841197389044892,0.1629511349447761
meta-henrico-va,2024-06-22,0,44.09081721456712,0.3741817135208793,0.9775842896497802,0.210666717015538
meta-henrico-va,2024-06-22,1,40.728492296971666,0.56724518223306,0.974564331107886,0.1798822867755463
meta-henrico-va,2024-06-22,2,37.4248955592923,0.7226057925211687,0.98176131730702,0.1777123219083816
meta-henrico-va,2024-06-22,3,36.99769688053723,0.792908376505039,0.9838296084014276,0.1657911163661085
meta-henrico-va,2024-06-22,4,36.42670944538053,0.7983992202677227,0.9836342993124764,0.1658616642508212
meta-henrico-va,2024-07-08,0,17.39893711038609,0.6048465720031214,0.9811303657539276,0.1724362924660895
meta-henrico-va,2024-07-08,1,16.19767604449672,0.6948233075932103,0.9796634393039596,0.1702855714552188
meta-henrico-va,2024-07-08,2,13.33433326224511,0.7727450459235854,0.9832218995160008,0.1686453425709562
meta-henrico-va,2024-07-08,3,14.929420785971397,0.7880185656233386,0.9837471216046744,0.1650140397272407
meta-henrico-va,2024-07-08,4,16.022330440205856,0.7930620988209334,0.9839441047917646,0.1617360982209753
meta-henrico-va,2024-08-25,0,34.65564756367087,0.4721447702137116,0.9791683479106816,0.181161580119244
meta-henrico-va,2024-08-25,1,32.19614407045724,0.5964191973428914,0.9751050959015416,0.1527849435147198
meta-henrico-va,2024-08-25,2,29.269310916746832,0.7388095267448451,0.9822478357656774,0.1518529271200747
meta-henrico-va,2024-08-25,3,28.44520530824727,0.8180080297576038,0.9846278385191352,0.1419592659378327
meta-henrico-va,2024-08-25,4,28.212878699162612,0.810666067541244,0.984159225234376,0.1390908652453069
meta-henrico-va,2024-09-10,0,33.25693893311039,0.451893964624729,0.9785378936793104,0.1793066322690583
meta-henrico-va,2024-09-10,1,30.869281512424266,0.5875021584762125,0.9747104000048494,0.1473194979228027
meta-henrico-va,2024-09-10,2,28.174540470868017,0.7359150408070217,0.981753715198178,0.1462666556261026
meta-henrico-va,2024-09-10,3,27.450454842628524,0.8138941877062814,0.983965242478706,0.1341131440558464
meta-henrico-va,2024-09-10,4,27.271144823141203,0.8013321640831232,0.9834631011124404,0.1313875487049411
meta-henrico-va,2024-10-12,0,26.393170971949065,0.4361697565838421,0.9786575411674058,0.1586174727226743
meta-henrico-va,2024-10-12,1,24.659166731579937,0.5824071425128793,0.9755245884048792,0.1290931639782561
meta-henrico-va,2024-10-12,2,23.219339665861273,0.6873240066355598,0.981532500042069,0.1310055184875331
meta-henrico-va,2024-10-12,3,22.787510592626926,0.7606469096497577,0.983687911305936,0.1179873123126181
meta-henrico-va,2024-10-12,4,22.619251776422733,0.7491420740976265,0.9832187190789956,0.1176879353836654
meta-henrico-va,2024-10-28,0,20.991909637678237,0.3753216817047218,0.9781492102048814,0.1617974450101635
meta-henrico-va,2024-10-28,1,19.695174650904825,0.5234237152882465,0.9742339176041148,0.1266380426864209
meta-henrico-va,2024-10-28,2,18.25490583358121,0.6245473706976479,0.9806881497751814,0.126770421289402
meta-henrico-va,2024-10-28,3,17.945731070098503,0.6997872121342722,0.9828576537639654,0.1135986502515726
meta-henrico-va,2024-10-28,4,17.847081940141678,0.6834443939706366,0.9823622180241331,0.1135324825644188
meta-henrico-va,2024-11-13,0,13.177844217183354,0.363362954669908,0.9774390207728668,0.1473960785949612
meta-henrico-va,2024-11-13,1,12.022866482438774,0.4905883672335892,0.9733733028799016,0.1186910659507929
meta-henrico-va,2024-11-13,2,10.85718515443246,0.5633837379739968,0.979481563700926,0.1209189954424068
meta-henrico-va,2024-11-13,3,10.80531300803036,0.6263790811517094,0.9814255210818312,0.1097936785877822
meta-henrico-va,2024-11-13,4,10.569259596765669,0.611118431159866,0.9809808844807972,0.1098617800657316
meta-henrico-va,2024-11-29,0,11.413622155538636,0.3561098452520579,0.9773613940635588,0.1379601451899804
meta-henrico-va,2024-11-29,1,10.681464483232936,0.5099531646902837,0.9745213191487836,0.1016643463649839
meta-henrico-va,2024-11-29,2,10.300395609602592,0.5392657261774996,0.9787915949146804,0.1126299503742312
meta-henrico-va,2024-11-29,3,10.390457517520296,0.5884282515954125,0.9803103955496308,0.1029396383800724
meta-henrico-va,2024-11-29,4,10.238822123477783,0.5809852994175817,0.9800172080602302,0.1014770238229462
meta-henrico-va,2024-12-31,0,13.797140262061117,0.313195620255621,0.9769106646221392,0.1293094558609709
meta-henrico-va,2024-12-31,1,13.54288089744357,0.4862486997979707,0.9741617984965516,0.0959712423431509
meta-henrico-va,2024-12-31,2,13.605974284314458,0.5273481503803047,0.9785011070333116,0.1043691838290843
meta-henrico-va,2024-12-31,3,13.722594232965902,0.5617484117439744,0.9797792702879402,0.0972896046391637
meta-henrico-va,2024-12-31,4,13.632767411070002,0.557105303381341,0.9795743005974014,0.0956278225682933
meta-henrico-va,2025-02-01,0,10.937857035901878,0.3857037379637679,0.9761552963545288,0.1626570011921458
meta-henrico-va,2025-02-01,1,12.431228819375123,0.526126513963479,0.9723952725344488,0.1104593615841776
meta-henrico-va,2025-02-01,2,12.682701835811963,0.5509035102348167,0.9793423547342108,0.1202455488964272
meta-henrico-va,2025-02-01,3,12.908544472143287,0.5424434767328241,0.9795195669096836,0.1060395379572384
meta-henrico-va,2025-02-01,4,12.31304776375501,0.547278429009962,0.9796315921899276,0.095094733173749
meta-henrico-va,2025-02-17,0,8.756293638067588,0.261941944554,0.9758972226451308,0.1432147683302281
meta-henrico-va,2025-02-17,1,7.998620768555197,0.4283041409988242,0.9725022914706644,0.1076133435790242
meta-henrico-va,2025-02-17,2,7.420750618613461,0.4793636340942668,0.9771928713351136,0.1146800528719969
meta-henrico-va,2025-02-17,3,7.463923357053839,0.5311571358794129,0.9785453996305872,0.1048720638907274
meta-henrico-va,2025-02-17,4,7.186636475541213,0.5104707368953194,0.9782602048076348,0.0993778366312376
meta-henrico-va,2025-03-21,0,17.975232616176516,0.2763520136735064,0.9766514847074222,0.1651324803878947
meta-henrico-va,2025-03-21,1,16.456478232672982,0.3995937430248847,0.9724786910553332,0.1290191096756451
meta-henrico-va,2025-03-21,2,15.460629253578768,0.4846048488841092,0.978302032612017,0.1272604139224446
meta-henrico-va,2025-03-21,3,15.509781533433715,0.5507096485446475,0.9801655864639568,0.1185492450665484
meta-henrico-va,2025-03-21,4,15.15607041147821,0.5405089903771526,0.9798502803117252,0.1147347600671801
meta-henrico-va,2025-04-06,2,7.706589069852179,0.4899217430752019,0.9798451580957775,0.1835584529910872
meta-henrico-va,2025-04-06,3,9.635784552846586,0.4714693330249416,0.9795705689380454,0.1952757882290592
meta-henrico-va,2025-04-06,4,8.736095866720929,0.4718590812922733,0.9794893383481734,0.1548822602289299
meta-henrico-va,2025-04-22,0,16.5429605949993,0.6097291307374793,0.9818758322586808,0.1787318169101351
meta-henrico-va,2025-04-22,1,17.475659302015835,0.5691988403442922,0.980629741015536,0.1917392535959687
meta-henrico-va,2025-04-22,2,18.299918793227107,0.7099021678929548,0.9832302321825518,0.166876292485905
meta-henrico-va,2025-04-22,3,20.609566864838687,0.7322570168113585,0.9830081579373664,0.1597619997124374
meta-henrico-va,2025-04-22,4,20.744138102383495,0.7088224750935769,0.9821151687550796,0.1537021382369126
meta-henrico-va,2025-05-08,0,33.824804026830286,0.4128651670558045,0.9784361534894715,0.1858378762513527
meta-henrico-va,2025-05-08,1,31.343274483714858,0.5467645724269071,0.9745853464395372,0.1659384755779032
meta-henrico-va,2025-05-08,2,27.354135235866664,0.6968317678896501,0.9819626795584476,0.1765666825837846
meta-henrico-va,2025-05-08,3,25.133775928021457,0.7763808337052203,0.984138590268696,0.1681751127586315
meta-henrico-va,2025-05-08,4,24.77694724812721,0.7811418144520533,0.983966662650826,0.1638825654043216
meta-henrico-va,2025-05-24,0,29.282414464253534,0.4225561361405588,0.9782951758373634,0.1982837091063134
meta-henrico-va,2025-05-24,1,27.124186069079073,0.5403995996302511,0.974181610521355,0.1756990926634505
meta-henrico-va,2025-05-24,2,24.21874376520973,0.6985044311168608,0.9816947835519284,0.1791746270681232
meta-henrico-va,2025-05-24,3,23.84936856603155,0.7966498014981822,0.9842733918734315,0.1659337065221761
meta-henrico-va,2025-05-24,4,23.89389218070912,0.7965088216489562,0.9840053590092788,0.1668510339876278
meta-henrico-va,2025-06-25,0,46.10048546851148,0.4400513244049803,0.9788793577481189,0.199456780943339
meta-henrico-va,2025-06-25,1,44.00416989298212,0.5343552967435856,0.9744547914816756,0.1777624493693697
meta-henrico-va,2025-06-25,2,39.981659383548305,0.7027010588652295,0.9822333329797932,0.1752984671791806
meta-henrico-va,2025-06-25,3,38.29288879426925,0.8021560945853476,0.984961568138003,0.1608902914706873
meta-henrico-va,2025-06-25,4,38.08499419381069,0.7975246715428976,0.9845674968073184,0.1601300593767164
meta-henrico-va,2025-07-11,1,25.475511992793766,0.5031213729122351,0.9788282871739712,0.1891448891906426
meta-henrico-va,2025-07-11,2,30.798881401325563,0.7585382431296377,0.983397567993322,0.1830044202334978
meta-henrico-va,2025-07-11,3,30.679752791467163,0.8255368364584939,0.9844761904425672,0.1776962992799448
meta-henrico-va,2025-07-11,4,30.172126728362848,0.832090886289505,0.9839100993547576,0.1703303725574457
meta-henrico-va,2025-07-27,0,42.212859593046154,0.4616879041748502,0.9790251945666814,0.1956867645364035
meta-henrico-va,2025-07-27,1,40.02514540504465,0.540100094977922,0.9742326341461196,0.1677537116879653
meta-henrico-va,2025-07-27,2,36.29567387825416,0.7221055129434385,0.9821286631821424,0.1630270744929401
meta-henrico-va,2025-07-27,3,34.50748024812402,0.8284886418965071,0.9849330555646196,0.1500191853479129
meta-henrico-va,2025-07-27,4,34.44403563153488,0.8155732787824386,0.9843669369132184,0.1488397666769642
meta-henrico-va,2025-08-28,0,33.82534688316345,0.4485217223309563,0.9788900216387236,0.1842224628560614
meta-henrico-va,2025-08-28,1,31.983834123147233,0.5291780143380145,0.9740691950201676,0.1621158632705754
meta-henrico-va,2025-08-28,2,28.7823359845198,0.7100181025577935,0.981914045582898,0.1523550577853602
meta-henrico-va,2025-08-28,3,27.482746422735467,0.8160543911331863,0.9847051753780254,0.1399163848761339
meta-henrico-va,2025-08-28,4,27.24953169771118,0.8081058395270223,0.9842344646028052,0.1372436950496512
meta-henrico-va,2025-09-13,0,32.46901457791516,0.4312362531946579,0.9778941434520134,0.1710382784501496
meta-henrico-va,2025-09-13,1,30.45887523080168,0.5228089512136953,0.9732729388340202,0.1494337307183559
meta-henrico-va,2025-09-13,2,27.472645716108048,0.6995839927226593,0.9806569562821912,0.1429544381341509
meta-henrico-va,2025-09-13,3,26.3412413231991,0.8043765475916378,0.983159677568637,0.1306839151763917
meta-henrico-va,2025-09-13,4,26.057283215932983,0.7912821158517808,0.9827140610324362,0.1289612499898675
meta-henrico-va,2025-10-15,0,25.430852415760196,0.4499122188748915,0.9785070579181252,0.1394058097833421
meta-henrico-va,2025-10-15,1,24.472004625460436,0.519251510356372,0.973550710859871,0.1289104268255631
meta-henrico-va,2025-10-15,2,22.47525575105229,0.6853419548662031,0.9812774364410608,0.1266241698665324
meta-henrico-va,2025-10-15,3,22.035050531159246,0.7724701858009676,0.9836161645717968,0.1143684252162269
meta-henrico-va,2025-10-15,4,21.96760925428436,0.752473858025962,0.983051145181539,0.1134187949923885
meta-henrico-va,2025-10-31,0,18.789011310831903,0.416356759099021,0.9782260984390352,0.1591259109295512
meta-henrico-va,2025-10-31,1,18.16293106349469,0.4783238043876811,0.972931129663582,0.122303877616419
meta-henrico-va,2025-10-31,2,16.74831918762518,0.605197194244332,0.9800592252491408,0.1217928619187369
meta-henrico-va,2025-10-31,3,16.485477664656408,0.6849257697466146,0.9822668605779148,0.1107600445777502
meta-henrico-va,2025-10-31,4,16.45326275372701,0.6639156505017241,0.9817387848589678,0.1093683269999157
meta-henrico-va,2025-11-16,3,15.532704220000015,,0.9783555555555556,-0.0328477052777777
meta-henrico-va,2025-11-16,4,18.226685701848357,0.6335226479274009,0.9757686688361312,0.0179416901492603
meta-henrico-va,2026-01-19,0,3.944689617716316,0.3303245161714382,0.9784392747390636,0.1209509425160131
meta-henrico-va,2026-01-19,1,3.492101158043014,0.4413674459416419,0.973393125052426,0.0973586840635366
meta-henrico-va,2026-01-19,2,2.4869597178657505,0.5152447941348225,0.9791170561418084,0.0979154086261872
meta-henrico-va,2026-01-19,3,2.5058922601184106,0.5703744398734256,0.9800018508552366,0.092199809964229
meta-henrico-va,2026-01-19,4,2.4131175962029383,0.5647165400337802,0.9797461613378596,0.0884923705386562
meta-henrico-va,2026-03-24,0,19.471438629516054,0.3276980676822468,0.977317424173546,0.184785745835239
meta-henrico-va,2026-03-24,1,18.20625420548965,0.3883473966854356,0.972300035003076,0.1452634202152571
meta-henrico-va,2026-03-24,2,16.159191899258314,0.4491193031389202,0.9780539641408026,0.1468434378397359
meta-henrico-va,2026-03-24,3,15.14506316269962,0.5593045405239971,0.9805657914201524,0.129089199098541
meta-henrico-va,2026-03-24,4,14.664972008231551,0.5421678702605071,0.9801280644342198,0.1269608876207456
meta-henrico-va,2026-04-09,0,22.98520744216615,0.375544955849407,0.9778480911553992,0.1733591343098963
meta-henrico-va,2026-04-09,1,21.59945760338456,0.4304052947697236,0.9728834700625216,0.1450141653023772
meta-henrico-va,2026-04-09,2,18.784846159035553,0.5133669087449684,0.979288898299696,0.1509588748293527
meta-henrico-va,2026-04-09,3,16.2740663968772,0.6438231959724107,0.9822309172560928,0.1356149898758349
meta-henrico-va,2026-04-09,4,15.1485945991681,0.6315914167154917,0.9816929073196334,0.1358195478770699
meta-henrico-va,2026-06-12,0,45.50838149845426,0.4273924925979888,0.9781236325780992,0.1996970606506278
meta-henrico-va,2026-06-12,1,44.01279035838101,0.5028537682759824,0.973353787454049,0.1757653843734866
meta-henrico-va,2026-06-12,2,40.82039801290738,0.635924715939225,0.980423273252342,0.1859780923157125
meta-henrico-va,2026-06-12,3,39.14537243893581,0.7793464799967326,0.9835266705995728,0.163643938796897
meta-henrico-va,2026-06-12,4,38.74955802008707,0.7768567353992641,0.9832502543852372,0.1652935939834188
meta-henrico-va,2026-07-14,0,38.96704197522916,0.4640727141765844,0.9790955404225934,0.1963753276232586
meta-henrico-va,2026-07-14,1,37.01971773284026,0.529175544888543,0.974107557482326,0.1694681576320002
meta-henrico-va,2026-07-14,2,33.747554667429085,0.6397980032478457,0.9810517075051726,0.1747405886764228
meta-henrico-va,2026-07-14,3,31.5352940127343,0.8145477546024525,0.9849377908692812,0.1559588506901284
meta-henrico-va,2026-07-14,4,31.213506835838174,0.8060892244330661,0.9845303283446346,0.1561245717607305
meta-henrico-va,2026-07-30,0,37.01213247571711,0.4811391474037769,0.9792930969742164,0.1905498715333265
meta-henrico-va,2026-07-30,1,35.60460565492765,0.5325313163022382,0.9741711700422157,0.1641498063555283
meta-henrico-va,2026-07-30,2,32.560868914065466,0.62908872960799,0.9808230727214294,0.1740237176109177
meta-henrico-va,2026-07-30,3,30.359981991448176,0.8160227878619328,0.9848300775651312,0.1495742335433608
meta-henrico-va,2026-07-30,4,30.02927109880322,0.8086379412002725,0.9844159301712156,0.1485503174074523
meta-henrico-va,2026-08-31,0,38.33778667899203,0.4745700779083018,0.9795638069429194,0.1765962336815554
meta-henrico-va,2026-08-31,1,37.56012445240892,0.4576336035770613,0.9760627555638964,0.1710838158726845
meta-henrico-va,2026-08-31,2,33.33193665516366,0.6608824631119415,0.9820319797903608,0.1548686874184861
meta-henrico-va,2026-08-31,3,31.95443703827292,0.798050979258404,0.9837581355746418,0.1311193418632474
meta-henrico-va,2026-08-31,4,32.01272420027864,0.7611863277852903,0.9825451085455496,0.1428158699944373
meta-henrico-va,2026-09-16,0,33.251160652645524,0.4800889512310107,0.9792541604538676,0.1754343586301909
meta-henrico-va,2026-09-16,1,32.209163293427075,0.5301224902086116,0.9740487748923392,0.1451221566340263
meta-henrico-va,2026-09-16,2,29.453551076213373,0.617299786492283,0.980523671879556,0.154951273670117
meta-henrico-va,2026-09-16,3,27.647268180329178,0.8050915824488257,0.9845018143065464,0.1313772705932273
meta-henrico-va,2026-09-16,4,27.56189953754976,0.7850956790655403,0.9838635666567692,0.1291222512210915
meta-henrico-va,2021-11-19,0,11.406990231938776,0.4406382387065605,0.9790768033785506,0.1471184851261503
meta-henrico-va,2021-11-19,1,10.963658935663185,0.53245126905992,0.9745534722348528,0.1120020894072017
meta-henrico-va,2021-11-19,2,10.33650916967446,0.5735695804519464,0.9799671928621548,0.1180355716547717
meta-henrico-va,2021-11-19,3,10.471834175024428,0.6064963010258101,0.9814057996711848,0.1132575833770641
meta-henrico-va,2021-11-19,4,10.38287466081269,0.6004669671114717,0.9811350269283984,0.1105460380640584
meta-henrico-va,2021-11-24,0,9.387578507281608,0.4344994833413669,0.9778772888835524,0.1490636483322332
meta-henrico-va,2021-11-24,1,8.973899483474131,0.537078983840818,0.974301323578966,0.1103998586655482
meta-henrico-va,2021-11-24,2,8.532542446190144,0.5674909633412651,0.9786657951993212,0.1153940703695726
meta-henrico-va,2021-11-24,3,8.737167172686371,0.5954821013962236,0.979872489196499,0.1107814692765086
meta-henrico-va,2021-11-24,4,8.48043506693805,0.5907534863471512,0.9796407380632918,0.1077124048280096
meta-henrico-va,2021-12-15,0,12.072395592576823,0.418854526262479,0.9784613221312688,0.1416495411713301
meta-henrico-va,2021-12-15,1,12.059994576453484,0.5148360158330587,0.9738689130335738,0.1071784055080898
meta-henrico-va,2021-12-15,2,11.784675710017378,0.5465900045022176,0.979281154266001,0.1112522798589558
meta-henrico-va,2021-12-15,3,12.04449154326299,0.5646599901068354,0.9804552174464876,0.10922930199974
meta-henrico-va,2021-12-15,4,11.948129683869336,0.563400393494057,0.9801451503429446,0.1047074642610414
meta-henrico-va,2022-02-01,0,5.960977496312713,0.3899935481244261,0.978016417245518,0.137109907336447
meta-henrico-va,2022-02-01,1,5.788060800312537,0.4845910930697036,0.9740327815376328,0.1092232070580572
meta-henrico-va,2022-02-01,2,5.345623438950687,0.5158171285608923,0.9790387506631204,0.1109201010556574
meta-henrico-va,2022-02-01,3,5.60065812532892,0.5326989711059437,0.9801539128313536,0.1099178545465999
meta-henrico-va,2022-02-01,4,5.3561584339471695,0.5311099452742317,0.979899777109889,0.1054812684373569
meta-henrico-va,2022-03-05,0,17.333839325340218,0.3106671444116269,0.9758439287007756,0.1702833589470785
meta-henrico-va,2022-03-05,1,16.957895424914714,0.4368927119291184,0.9710802317669308,0.1141915798288151
meta-henrico-va,2022-03-05,2,15.714250507928076,0.4861772288046699,0.9785903051507204,0.1205878919531606
meta-henrico-va,2022-03-05,3,15.2216045591671,0.5084117258252061,0.9791700703822852,0.1167663719879381
meta-henrico-va,2022-03-05,4,14.508864834793116,0.4972753642258756,0.979105372894131,0.1143347120551927
meta-henrico-va,2022-03-21,0,23.089066871681467,0.3478962639565976,0.977775210634976,0.1718910537626356
meta-henrico-va,2022-03-21,1,22.252440016276747,0.4559137941114325,0.9740173539783048,0.1281891926390307
meta-henrico-va,2022-03-21,2,21.51473481605916,0.4998604122186337,0.9791037229190108,0.1305888637685303
meta-henrico-va,2022-03-21,3,21.882942208372015,0.5379761935536606,0.9805819150125926,0.1262623747817149
meta-henrico-va,2022-03-21,4,21.43077082519117,0.5316071985333047,0.9802420819038824,0.1200315813728277
meta-henrico-va,2022-04-06,0,17.868393126758654,0.4542635393513701,0.9744597701149426,0.1803174791551724
meta-henrico-va,2022-04-06,1,20.491721154810612,0.4877044489075421,0.9622050001526296,0.1098934177176501
meta-henrico-va,2022-04-06,2,19.524335928429583,0.5916674614898354,0.9798389049706548,0.1404269136817028
meta-henrico-va,2022-04-06,3,20.131813985942024,0.5930660979150773,0.9795723947202248,0.1513952070564242
meta-henrico-va,2022-04-06,4,19.99358492054516,0.576589934028533,0.9797594282077348,0.1544251346077738
meta-henrico-va,2022-04-22,0,22.986254209832968,0.4048165395549849,0.979102439052162,0.1664920115923297
meta-henrico-va,2022-04-22,1,19.95241100984115,0.5038493204182177,0.974533646119034,0.1412317329211292
meta-henrico-va,2022-04-22,2,20.287965016630608,0.5543347182118981,0.9800032568181384,0.1449570342232586
meta-henrico-va,2022-04-22,3,21.471741204599255,0.6068065479480284,0.9813528296977676,0.1370188139482809
meta-henrico-va,2022-04-22,4,21.65034022206835,0.618963240817883,0.9813852465242572,0.1338239569934916
meta-henrico-va,2022-06-09,0,35.9986416595476,0.469153680977252,0.9797586420101764,0.2499863724216216
meta-henrico-va,2022-06-09,1,32.715852305342786,0.6565415820860702,0.9761352436742023,0.1852926334061726
meta-henrico-va,2022-06-09,2,31.307422178573223,0.7056481493501956,0.981944345378799,0.2025210550112327
meta-henrico-va,2022-06-09,3,31.820866029923785,0.7747544551206823,0.9844727093560868,0.1926244724396598
meta-henrico-va,2022-06-09,4,31.514790575552706,0.787416439524483,0.9842966756823738,0.1893103723837442
meta-henrico-va,2022-06-25,0,35.8767681340099,0.4933833681604547,0.9797748854420496,0.1922269984558769
meta-henrico-va,2022-06-25,1,33.98741772805401,0.6415516814489112,0.9760135966494032,0.157431757043291
meta-henrico-va,2022-06-25,2,31.624119881937936,0.7643695429938692,0.9829300552272656,0.171557344704049
meta-henrico-va,2022-06-25,3,31.388655405024,0.8088283256476789,0.9847672272067104,0.1654309724380001
meta-henrico-va,2022-06-25,4,30.685055145361243,0.8158024570873587,0.9845710977645948,0.1652189116122198
meta-henrico-va,2022-07-11,0,32.54989106619814,0.5062144901116187,0.9801920209477388,0.1949549313479308
meta-henrico-va,2022-07-11,1,30.63816312257856,0.6444772747511991,0.976172935484999,0.1556331018507705
meta-henrico-va,2022-07-11,2,28.37160959352433,0.7735682314810305,0.9833295406955764,0.1682516699196353
meta-henrico-va,2022-07-11,3,27.972187051939013,0.8294866758326672,0.98536522523313,0.1599276610359496
meta-henrico-va,2022-07-11,4,27.44624052524702,0.8316586774519216,0.9850689672171448,0.1582170705225881
meta-henrico-va,2022-07-27,0,7.336886294540257,0.6976944068393919,0.9826136706707768,0.2022110001302219
meta-henrico-va,2022-07-27,1,7.16694781135917,0.7510431378924711,0.977572109578664,0.189613200801202
meta-henrico-va,2022-07-27,2,11.137740385438748,0.7811176586671469,0.9832887365165964,0.1883735044389397
meta-henrico-va,2022-07-27,3,15.622677034730264,0.7855755640930204,0.9833309923880724,0.1817770569389818
meta-henrico-va,2022-07-27,4,17.632861934891935,0.7680573012739865,0.983123401429964,0.1912041235518069
meta-henrico-va,2022-08-12,0,29.491807067403027,0.5344907360345355,0.9803571994856028,0.1678701925853066
meta-henrico-va,2022-08-12,1,28.01547560326253,0.6899897461177457,0.977054132828996,0.1440539746200003
meta-henrico-va,2022-08-12,2,26.454092982522265,0.7832773135451179,0.9831504269389854,0.1582774839217273
meta-henrico-va,2022-08-12,3,26.56115921748299,0.8365934686331705,0.9850669042609564,0.1550583584483945
meta-henrico-va,2022-08-12,4,26.2161368326169,0.8358087935664406,0.9847261781216754,0.1531513416375623
meta-henrico-va,2022-08-28,0,39.05323862136995,0.4806259379290785,0.979692390902156,0.1784454850158741
meta-henrico-va,2022-08-28,1,37.2207701968657,0.6570742913141177,0.9775011184221748,0.1438475752245454
meta-henrico-va,2022-08-28,2,35.18711814071928,0.7488780253231432,0.9830133184718856,0.1534216788097966
meta-henrico-va,2022-08-28,3,34.5793462826252,0.7983130053001222,0.9846474708607308,0.1432117156480933
meta-henrico-va,2022-08-28,4,34.17124149736377,0.8001908934109346,0.9843571217743938,0.14185250691027
meta-henrico-va,2022-09-13,0,29.7138884074314,0.5362849223994929,0.9780482363018932,0.1650725720720011
meta-henrico-va,2022-09-13,1,29.79771598001242,0.694270069385326,0.9717919249599596,0.156422305719396
meta-henrico-va,2022-09-13,2,28.365761245363665,0.7049707373489452,0.9813594835625588,0.1721373841885966
meta-henrico-va,2022-09-13,3,27.74361658274701,0.7747210718845073,0.983632293896866,0.1635831997055607
meta-henrico-va,2022-09-13,4,27.716566771019444,0.7565672080488801,0.9835007475121345,0.1558093789940645
meta-henrico-va,2022-10-15,0,26.10307448884747,0.395461326007716,0.978589228370366,0.1749805979521984
meta-henrico-va,2022-10-15,1,24.809904339049805,0.5646416587404907,0.9750812271381428,0.1312694572060916
meta-henrico-va,2022-10-15,2,23.363835269771553,0.6796612655047016,0.9819601582890464,0.1341029533276889
meta-henrico-va,2022-10-15,3,23.553583263393897,0.717003246684319,0.9835937601858156,0.1240407833803113
meta-henrico-va,2022-10-15,4,23.439561884845453,0.7067212044887182,0.983144285884,0.1235502764734437
meta-henrico-va,2022-11-16,0,13.352341423176204,0.3738028246553349,0.9774738471469604,0.1355567845125945
meta-henrico-va,2022-11-16,1,12.627798135916374,0.516041102973695,0.9728570840198932,0.1045457145022933
meta-henrico-va,2022-11-16,2,11.80178252209535,0.5792816982310065,0.9786131589596776,0.1152752857273849
meta-henrico-va,2022-11-16,3,12.048957964443542,0.6204986183732407,0.9799708110558734,0.1061819525386539
meta-henrico-va,2022-11-16,4,11.866680828437437,0.615953354214951,0.9797898376944212,0.103470688864929
meta-henrico-va,2022-12-02,0,9.241743096485417,0.3308318170360041,0.9772633506090478,0.1497377541884433
meta-henrico-va,2022-12-02,1,9.134330538029676,0.4799216437393789,0.9744011353095392,0.107567209515613
meta-henrico-va,2022-12-02,2,8.750839926816086,0.5444972462213149,0.9793778442753278,0.1120888131551078
meta-henrico-va,2022-12-02,3,8.896306774164833,0.5607874076086249,0.9803608418384322,0.10627734323111
meta-henrico-va,2022-12-02,4,8.686681285575826,0.5604120411246354,0.980169388947875,0.1037144934670432
meta-henrico-va,2022-12-18,0,7.486559285453306,0.3177806395482179,0.9770761728904972,0.138308550080961
meta-henrico-va,2022-12-18,1,7.528060371711795,0.4702789067096207,0.974373569411753,0.1014415538862379
meta-henrico-va,2022-12-18,2,7.271079394117559,0.5379764820296086,0.9790440388912276,0.1040829678485282
meta-henrico-va,2022-12-18,3,7.466549167385373,0.5491595881339644,0.9799492875128614,0.1009072401173222
meta-henrico-va,2022-12-18,4,7.259188691933569,0.54547638134574,0.9796949749453798,0.0968098466512612
meta-henrico-va,2023-02-04,0,2.4399145458367433,0.2843739618829634,0.976718634975314,0.1505732869943392
meta-henrico-va,2023-02-04,1,1.7493340200083,0.4378167361144197,0.973568240241524,0.1121658114623408
meta-henrico-va,2023-02-04,2,0.9513489269649528,0.5085923873793287,0.97914680223766,0.1138735602964148
meta-henrico-va,2023-02-04,3,1.360104841789167,0.5215068238107128,0.9799614283876364,0.1060172607201124
meta-henrico-va,2023-02-04,4,1.0875244729090392,0.5236276500217643,0.9798453869595604,0.1022481794310433
meta-henrico-va,2023-03-08,0,14.51109510842858,0.2935403894748194,0.9768419200276393,0.1687525746779553
meta-henrico-va,2023-03-08,1,13.794955382975797,0.4358729083344472,0.9731285582672422,0.1270978073374168
meta-henrico-va,2023-03-08,2,12.790147311543013,0.514709190129691,0.979116637344032,0.1237711890882537
meta-henrico-va,2023-03-08,3,13.301816864486751,0.5448915900799696,0.9804493327215792,0.1169804324194859
meta-henrico-va,2023-03-08,4,12.94816717882632,0.5449166008830884,0.980301207886108,0.1134385667614407
meta-henrico-va,2023-04-09,0,21.51861630293525,0.3348383444998754,0.9775954713241448,0.1787989491291439
meta-henrico-va,2023-04-09,1,20.46865293145068,0.4578572123489245,0.9734831157723622,0.1342831869117513
meta-henrico-va,2023-04-09,2,18.9946881289568,0.5525016373391255,0.9799370047333528,0.1355645833462223
meta-henrico-va,2023-04-09,3,18.998037391928104,0.6065416303466631,0.9817602614320872,0.1297861387337272
meta-henrico-va,2023-04-09,4,18.563744128316458,0.6124194022044052,0.981654203740094,0.1262427391183379
meta-henrico-va,2023-04-25,0,25.103089538683864,0.3959806744628649,0.9787331167945572,0.20280694079678
meta-henrico-va,2023-04-25,1,22.650811902608645,0.5696958548322806,0.97534618496777,0.1607024142904755
meta-henrico-va,2023-04-25,2,19.60963630006499,0.7155069750627218,0.9827630638283056,0.1655050528530422
meta-henrico-va,2023-04-25,3,19.34753049511897,0.7484927732272977,0.9843312691107006,0.1572480103501076
meta-henrico-va,2023-04-25,4,18.86000895775201,0.7590469117320073,0.9842284812739373,0.1546820667239702
meta-henrico-va,2023-05-11,0,29.179736460396427,0.4199027210467042,0.9789749063534192,0.2002318283006668
meta-henrico-va,2023-05-11,1,27.08075640432938,0.5843166324466783,0.9754250740216578,0.1672151419496297
meta-henrico-va,2023-05-11,2,24.196748956323,0.7304491095651549,0.9829480150697396,0.1728415015877994
meta-henrico-va,2023-05-11,3,23.896181421195426,0.7633263816798962,0.98448601595874,0.1665540068652172
meta-henrico-va,2023-05-11,4,23.20115936418024,0.7660879831986535,0.9842423322144834,0.1676119187776378
meta-henrico-va,2023-06-28,0,32.54075342716619,0.7265916362119688,0.9829711424332346,0.1412539041932493
meta-henrico-va,2023-06-28,1,34.542655556288054,0.5851084780540523,0.9705260549043068,0.1694541761021817
meta-henrico-va,2023-06-28,2,31.927165575088253,0.7403928670827795,0.9824255704113826,0.1754408374402244
meta-henrico-va,2023-06-28,3,30.638780014912484,0.8046882546844714,0.9853743711022892,0.1673862024254612
meta-henrico-va,2023-06-28,4,30.40821093506818,0.811572763383123,0.9850536201802196,0.1650842178947654
meta-henrico-va,2023-07-14,0,36.35353966024293,0.4486723839664016,0.9795122458813696,0.2161172431823928
meta-henrico-va,2023-07-14,1,33.969942947885905,0.6286144420205912,0.9760780661027798,0.1615856553808819
meta-henrico-va,2023-07-14,2,31.783657803794995,0.7807608235422292,0.9836672908099682,0.1743670467044862
meta-henrico-va,2023-07-14,3,31.02935860445737,0.8357538847059163,0.9857172964184012,0.1624781248138712
meta-henrico-va,2023-07-14,4,30.336157004531593,0.8309017161088715,0.985039584936016,0.1472520826169716
meta-henrico-va,2023-07-30,0,38.02647267822876,0.4390316575356178,0.9790913589070016,0.2312549118285944
meta-henrico-va,2023-07-30,1,36.20313977698414,0.649642132997016,0.9749137170965858,0.1660725740434496
meta-henrico-va,2023-07-30,2,32.58942672647322,0.7877957608388003,0.9838218170031756,0.1728124699073583
meta-henrico-va,2023-07-30,3,32.16205551871284,0.8216194074514315,0.9847760445005594,0.1659915487642711
meta-henrico-va,2023-07-30,4,31.352762453031424,0.8155523061000749,0.9843460445396316,0.1659978929270779
meta-henrico-va,2023-08-15,0,40.08481447454712,0.44096306895566,0.9792253254900531,0.2102702229500151
meta-henrico-va,2023-08-15,1,37.139375188323974,0.6161225099836214,0.9757633500060636,0.165870610835679
meta-henrico-va,2023-08-15,2,30.81011964851713,0.7723906909001643,0.9831693632608272,0.1645382752717024
meta-henrico-va,2023-08-15,3,31.487184367505783,0.800336176154204,0.9847172022046564,0.160686785136163
meta-henrico-va,2023-08-15,4,31.98267921118345,0.8014064061342553,0.9843320523062415,0.1594696571828004
meta-henrico-va,2023-09-16,0,32.53387274114428,0.3821759144943952,0.9784445321307782,0.1872162345092858
meta-henrico-va,2023-09-16,1,30.176580331805347,0.5815210010548076,0.9754051926140735,0.1455812507769291
meta-henrico-va,2023-09-16,2,27.305208256592564,0.7432560971402717,0.9828825910836058,0.1412596434110614
meta-henrico-va,2023-09-16,3,27.032755554462156,0.7962906720388571,0.9848462257051808,0.1311789042009774
meta-henrico-va,2023-09-16,4,26.709946232976556,0.7926727301409402,0.9844751497278962,0.130020627280648
meta-henrico-va,2023-10-02,0,30.69213937874343,0.4090208269094845,0.9789180210568432,0.174319798368923
meta-henrico-va,2023-10-02,1,29.148810416371447,0.5856978841731024,0.9752271545445038,0.137871171354506
meta-henrico-va,2023-10-02,2,27.05660634900599,0.7442189114474873,0.9827430420530492,0.1365280974829718
meta-henrico-va,2023-10-02,3,26.708040935049272,0.7938549702711575,0.9846178093628196,0.1263371681969236
meta-henrico-va,2023-10-02,4,26.561248682767605,0.7900504464825743,0.9842473965669624,0.1249727571783928
meta-henrico-va,2023-10-18,0,23.981976989800717,0.4040331573988326,0.9788304101356512,0.1699523204355491
meta-henrico-va,2023-10-18,1,22.275961408234668,0.567573095925117,0.9750820645245388,0.1309756112319402
meta-henrico-va,2023-10-18,2,20.10844191744637,0.7165269853435751,0.982400360598006,0.130287586948171
meta-henrico-va,2023-10-18,3,19.814042207474575,0.7720792385882604,0.9843736141726548,0.1191125312235369
meta-henrico-va,2023-10-18,4,19.637163250653604,0.762923827572085,0.9839167003197026,0.1178500814675019
meta-henrico-va,2023-11-03,0,16.491665924184566,0.377782530788316,0.9785245694984916,0.1657921702834401
meta-henrico-va,2023-11-03,1,15.405629143019487,0.5230553848280123,0.974970568450715,0.1273157475386154
meta-henrico-va,2023-11-03,2,14.037705443147898,0.6429349934902058,0.9813101901226556,0.1251665341234124
meta-henrico-va,2023-11-03,3,14.029578223967762,0.6928397996291453,0.983120149673106,0.1154723982700994
meta-henrico-va,2023-11-03,4,13.89640723926346,0.6784118458094792,0.9826266629687412,0.1143262247707309
meta-henrico-va,2023-11-19,0,16.018826886085332,0.344062299543449,0.9770638824235366,0.1645738576943994
meta-henrico-va,2023-11-19,1,15.126910080156344,0.4687005183204771,0.9732980504883344,0.1255170216163482
meta-henrico-va,2023-11-19,2,14.093941654940547,0.5558908634774349,0.978808442814659,0.1209089762466859
meta-henrico-va,2023-11-19,3,14.168657625052886,0.5945205521530145,0.980163900077934,0.1133677255208096
meta-henrico-va,2023-11-19,4,14.044215339564769,0.5862666843308593,0.9798876501167026,0.1121853439222459
meta-henrico-va,2023-12-05,0,11.36949848358764,0.3218548181943068,0.9774510087318864,0.1397599993744502
meta-henrico-va,2023-12-05,1,10.944387739077216,0.467411134060488,0.9742057942403972,0.1020723222046488
meta-henrico-va,2023-12-05,2,10.420239351124335,0.5423868670883263,0.9791552430915176,0.106752919999366
meta-henrico-va,2023-12-05,3,10.49278950762706,0.5708662620027423,0.9804117599492116,0.1011485666216029
meta-henrico-va,2023-12-05,4,10.354124261988956,0.5651324396934587,0.9801190393630832,0.0987728715318624
meta-henrico-va,2023-12-21,0,8.052440878731373,0.2881611870882559,0.9774062485887116,0.147924213157733
meta-henrico-va,2023-12-21,1,7.909168343217146,0.4553058225985087,0.9741726070564596,0.1034890719868688
meta-henrico-va,2023-12-21,2,7.567686682734784,0.5334200152322847,0.9790011458738892,0.1064199780054552
meta-henrico-va,2023-12-21,3,7.619112414281458,0.5605124858698397,0.9801691190728276,0.1012336559360823
meta-henrico-va,2023-12-21,4,7.499951299564669,0.5487212320002368,0.9797554714194188,0.0965621774748484
meta-henrico-va,2024-01-22,0,3.8461767808544938,0.2675602787589839,0.9771079019551702,0.1530819608107678
meta-henrico-va,2024-01-22,1,3.3990769142481807,0.4311306911052899,0.9736134781706798,0.1100842687974636
meta-henrico-va,2024-01-22,2,3.004731696199032,0.5189948905523132,0.9790493344009146,0.1113935478235657
meta-henrico-va,2024-01-22,3,3.162445695532032,0.5450556408908268,0.980216241197292,0.1056064004903045
meta-henrico-va,2024-01-22,4,2.9607316466817704,0.538208780548082,0.9798982521083344,0.1019702948387808
meta-henrico-va,2024-02-07,0,10.020658110463255,0.2803099242898259,0.9764487830490616,0.1585275212250838
meta-henrico-va,2024-02-07,1,9.342741567632586,0.4325233305302612,0.9725614535941758,0.1151609030192065
meta-henrico-va,2024-02-07,2,8.692868825525235,0.5145533381236003,0.9782511108882556,0.1151160689925145
meta-henrico-va,2024-02-07,3,8.818763245110754,0.5427778489269283,0.9791350595310496,0.1086964543251253
meta-henrico-va,2024-02-07,4,8.565378438325054,0.5368684054760829,0.9789184674382286,0.1047087196230912
meta-henrico-va,2024-03-10,2,12.636008921343706,0.5110127851518478,0.9795052981611138,0.1460249625602662
meta-henrico-va,2024-03-10,3,12.95632872143455,0.534259849578613,0.9790702874545156,0.1049582210721425
meta-henrico-va,2024-03-10,4,12.59072834748879,0.5609716141730019,0.9784450344491072,0.1150246043781789
meta-henrico-va,2024-03-26,3,7.880986897288156,0.4417083411768546,0.9792254237288136,0.1417257815254237
meta-henrico-va,2024-05-13,0,28.86260396101218,0.4010041180538755,0.9788660253845872,0.1990248213449309
meta-henrico-va,2024-05-13,1,26.103349931070145,0.563490307686216,0.9754013125395872,0.1731645250488715
meta-henrico-va,2024-05-13,2,23.175533777450365,0.7159642822769833,0.9830293083842632,0.1774941772142435
meta-henrico-va,2024-05-13,3,22.870708185458444,0.7769309604780649,0.9850506136426856,0.1662076455539626
meta-henrico-va,2024-05-13,4,22.199379213831648,0.7806163213793283,0.9847800870074588,0.166297021993084
meta-henrico-va,2024-05-29,0,36.392801984990584,0.4142596592359856,0.9792870999563582,0.2116420987863223
meta-henrico-va,2024-05-29,1,33.03559606339475,0.6013534898516243,0.9756635539050904,0.180244383482296
meta-henrico-va,2024-05-29,2,29.19718468610712,0.7577591535243506,0.9829467817148028,0.1831335304847472
meta-henrico-va,2024-05-29,3,29.371934790509343,0.8051781217941358,0.9852693245499096,0.1733358782436058
meta-henrico-va,2024-05-29,4,28.92131769356823,0.8114375739253327,0.985099507419395,0.1711252806027273
meta-henrico-va,2024-06-14,0,40.00879647042422,0.4250142760664572,0.9791413817871042,0.2034990272916875
meta-henrico-va,2024-06-14,1,36.958062546477386,0.5848723012867204,0.975560664315244,0.1784665096589071
meta-henrico-va,2024-06-14,2,33.553558422204105,0.7345073942216449,0.98305058580664,0.177634239643859
meta-henrico-va,2024-06-14,3,32.70822202762643,0.8086221293735745,0.9854253872437158,0.1674593256344053
meta-henrico-va,2024-06-14,4,32.23988238322898,0.8112330569605223,0.9851225530873208,0.166847086652315
meta-henrico-va,2024-07-16,0,40.02157061629604,0.4332885427191204,0.9791282912681382,0.1949788909179523
meta-henrico-va,2024-07-16,1,37.593977095570146,0.5999963358784726,0.9753172169675524,0.1685440591253019
meta-henrico-va,2024-07-16,2,34.60329527892986,0.7460976875711693,0.9826707551007692,0.1674404540735922
meta-henrico-va,2024-07-16,3,33.41483836748788,0.8225055882707198,0.9850390393201692,0.1586640748787437
meta-henrico-va,2024-07-16,4,33.046916921209366,0.8217629921119124,0.984676324458764,0.1563423234152571
meta-henrico-va,2024-08-01,0,39.87418861016167,0.4722134962896042,0.979302538913336,0.1845736266287585
meta-henrico-va,2024-08-01,1,37.60916602417105,0.6141919876123361,0.975116605853242,0.155351899263117
meta-henrico-va,2024-08-01,2,35.017555154166025,0.7495989327367907,0.9822896246655236,0.1576580934246546
meta-henrico-va,2024-08-01,3,34.16135392282151,0.8248478808523994,0.984566496832628,0.1499741982650526
meta-henrico-va,2024-08-01,4,33.87064481488561,0.8231405724171831,0.984215334343352,0.147551905718816
meta-henrico-va,2024-08-17,0,40.30716993762333,0.4679594260471165,0.979390511297213,0.1948155874811089
meta-henrico-va,2024-08-17,1,37.60307190814237,0.5817079242457388,0.9743448194471404,0.1608655896062979
meta-henrico-va,2024-08-17,2,34.00502991185586,0.7431563655883315,0.9825893317060792,0.1600280575308351
meta-henrico-va,2024-08-17,3,32.660116201881344,0.8183790282792399,0.9848751541154134,0.1493070850895273
meta-henrico-va,2024-08-17,4,32.25810572442897,0.8092290188326827,0.9843431843763746,0.1484656753332038
meta-henrico-va,2024-09-02,2,15.428862435121731,0.7834805775178921,0.9829983538865792,0.1152987687448037
meta-henrico-va,2024-09-02,3,15.804300121029694,0.7939591914841814,0.9835883048213344,0.1316407666763714
meta-henrico-va,2024-09-02,4,15.32782942289501,0.7976719772569708,0.98341359864916,0.1499534012084776
meta-henrico-va,2024-10-04,0,30.44011107483094,0.4391240191443644,0.9788191350693584,0.1657763196993893
meta-henrico-va,2024-10-04,1,29.10795211005421,0.5602029446083084,0.9737504005173784,0.1382117368845079
meta-henrico-va,2024-10-04,2,26.01387250962347,0.7193229855456906,0.982099803871742,0.1376357219857515
meta-henrico-va,2024-10-04,3,24.86766804701382,0.7767813365884216,0.9838993487060828,0.1235193805153983
meta-henrico-va,2024-10-04,4,24.49002454638823,0.7568492966251592,0.9831744174772232,0.1234902688246263
meta-henrico-va,2024-10-20,0,24.42332905350556,0.4090693006363906,0.9784022198303632,0.1608305364061246
meta-henrico-va,2024-10-20,1,23.07898337145552,0.5598604707092587,0.9744792321811928,0.1303700667659284
meta-henrico-va,2024-10-20,2,21.459425876069904,0.6798218555015909,0.981223353894697,0.1289800974905172
meta-henrico-va,2024-10-20,3,21.034923723615982,0.7572885485038039,0.9833475349974008,0.1156770590279511
meta-henrico-va,2024-10-20,4,20.893749918588643,0.7435991448935452,0.9828875481641638,0.1154126533095898
meta-henrico-va,2024-11-05,0,23.371242713676533,0.3634850670683122,0.9780723843915224,0.1540922326095978
meta-henrico-va,2024-11-05,1,22.219504358954588,0.5087481861001835,0.9752172557033496,0.1191165311822229
meta-henrico-va,2024-11-05,2,21.23831664254639,0.5960818530764098,0.9808123264390876,0.1207187018279293
meta-henrico-va,2024-11-05,3,21.274746368120912,0.6595563665665733,0.9824081044373524,0.1112546183304797
meta-henrico-va,2024-11-05,4,21.239069920897048,0.6443306931646529,0.9819497436827958,0.1106217007528103
meta-henrico-va,2024-11-21,0,13.863731086259929,0.352895750199639,0.9777912140979548,0.1369944068470489
meta-henrico-va,2024-11-21,1,13.043670197064712,0.4810453443427353,0.973790268863722,0.1087651266012242
meta-henrico-va,2024-11-21,2,12.355141829769474,0.5485452939324398,0.9795486107293694,0.1121585365455193
meta-henrico-va,2024-11-21,3,12.35690805578715,0.6047715166752737,0.9812102159245912,0.101616808518603
meta-henrico-va,2024-11-21,4,12.246742598491174,0.5952435086670346,0.9808687397010396,0.1001128102696816
meta-henrico-va,2024-12-07,0,5.269947960926136,0.3306082640907515,0.977348334784814,0.148678489399422
meta-henrico-va,2024-12-07,1,4.613489459940493,0.5108112596289547,0.975437017291258,0.1068359024095447
meta-henrico-va,2024-12-07,2,4.465604652841123,0.5322636158551153,0.9791850437357644,0.1139094382271902
meta-henrico-va,2024-12-07,3,4.58220923752162,0.5724979557797493,0.9805673591968924,0.1036812081754483
meta-henrico-va,2024-12-07,4,4.346746138601443,0.5663443880834704,0.9803126006536516,0.102554830893443
meta-henrico-va,2024-12-23,0,2.9738505268868125,0.306193343793124,0.9772572727401136,0.1420687873780066
meta-henrico-va,2024-12-23,1,2.1234958270136897,0.491182821515604,0.9744703247169412,0.0998140546569465
meta-henrico-va,2024-12-23,2,1.797364523278218,0.5141239127835583,0.9787659351094206,0.1098389723746802
meta-henrico-va,2024-12-23,3,1.871415931570267,0.5569112367648488,0.9800693247468326,0.099171677493672
meta-henrico-va,2024-12-23,4,1.6690363747155346,0.5521991175871273,0.9798376317440438,0.097306334458231
meta-henrico-va,2025-01-08,0,-1.6078577342702511,0.1903309461169858,0.9853910375336976,0.2174952419866077
meta-henrico-va,2025-01-08,1,-1.626248406433873,0.3737498859953315,0.9809656825426636,0.1724940146046392
meta-henrico-va,2025-01-08,2,-1.7744542030586885,0.4471748697045595,0.9794949706804889,0.139860138723889
meta-henrico-va,2025-01-08,3,-2.225063033989525,0.3824558674354293,0.9818670169954172,0.1971153166330298
meta-henrico-va,2025-01-08,4,-1.9337189093841105,0.3968953778016417,0.9807385910255546,0.1784329033180849
meta-henrico-va,2025-01-24,0,4.190500751245464,0.2644573538847347,0.9774398117783956,0.161660821206458
meta-henrico-va,2025-01-24,1,3.863115012350283,0.43447663564356,0.9738362502914072,0.1135082999346257
meta-henrico-va,2025-01-24,2,3.669939561246618,0.4924622752844146,0.9787270953510172,0.1173156145813953
meta-henrico-va,2025-01-24,3,3.8306481442508216,0.5240293474973854,0.9798513687035836,0.1095280919448129
meta-henrico-va,2025-01-24,4,3.5738030580054816,0.5182843459518658,0.979642277444024,0.1092357317183539
meta-henrico-va,2025-02-09,0,6.164400284289459,0.4012056338463603,0.9766591530915308,0.0925557804091666
meta-henrico-va,2025-02-09,1,6.14150977882215,0.5017798656980126,0.9778628462402472,0.1025925739623573
meta-henrico-va,2025-02-09,2,7.029348258327792,0.5071610057512573,0.9787424475412272,0.1074219931910875
meta-henrico-va,2025-02-09,3,7.557051007184858,0.508825015010205,0.979304789366112,0.1138950053158781
meta-henrico-va,2025-02-09,4,6.958219690518886,0.5107116228545654,0.9794007699440972,0.1131438532799348
meta-henrico-va,2025-02-25,0,17.62525576079945,0.2535799518147221,0.9767977213734712,0.1484950538630829
meta-henrico-va,2025-02-25,1,17.48604308087556,0.3948377664731701,0.9728711674662316,0.1173409200974509
meta-henrico-va,2025-02-25,2,16.945361487072606,0.4694938931891993,0.9787171843361792,0.1146503356749693
meta-henrico-va,2025-02-25,3,17.151169024160943,0.5155153631076876,0.9803539349660688,0.109801434811502
meta-henrico-va,2025-02-25,4,16.018310888268466,0.4991457442122972,0.9799431739314264,0.1112389126511553
meta-henrico-va,2025-04-14,0,29.21768629318413,0.3390874389819723,0.9776725506418872,0.1783360821431985
meta-henrico-va,2025-04-14,1,27.56486264743301,0.4448042325637724,0.97323005945977,0.1477784400749953
meta-henrico-va,2025-04-14,2,25.729353156868857,0.5523846047178742,0.9799491619048244,0.1430758337941915
meta-henrico-va,2025-04-14,3,25.040318164356584,0.6548383217885533,0.9826313223320632,0.1345348851853154
meta-henrico-va,2025-04-14,4,24.504920060069807,0.6514028884468464,0.982288955457451,0.1302825440497646
meta-henrico-va,2025-04-30,3,21.12894438647889,0.7066679956310378,0.9815436619718304,0.161604431584507
meta-henrico-va,2025-04-30,4,20.47033192391828,0.6742346348549596,0.9823679421648932,0.2111879824533888
meta-henrico-va,2025-05-16,0,40.18997817835088,0.4268797544655513,0.9792493299268994,0.1915159539772636
meta-henrico-va,2025-05-16,1,37.99691622719962,0.5538751038490873,0.9750777168296612,0.1657364487164441
meta-henrico-va,2025-05-16,2,35.39153929794658,0.7042103415407296,0.9828771465111856,0.1732907282489973
meta-henrico-va,2025-05-16,3,34.480383504753156,0.7983827455085546,0.985536279560236,0.1610450847552945
meta-henrico-va,2025-05-16,4,34.12491828871062,0.7967032891816468,0.9851889371719,0.1603727629228411
meta-henrico-va,2025-06-01,0,28.720380278711183,0.5069259560794126,0.9803139506127942,0.1850967501196042
meta-henrico-va,2025-06-01,1,26.604117331935885,0.5685897698624894,0.9748700696424832,0.1704939205511772
meta-henrico-va,2025-06-01,2,23.855501739319564,0.6677635892801608,0.9814339499842992,0.1699610195721987
meta-henrico-va,2025-06-01,3,22.957681549332374,0.7170151039477113,0.9831623978524724,0.161825554661315
meta-henrico-va,2025-06-01,4,22.633439913882956,0.7107438367137514,0.9828891744406746,0.1614004332131522
meta-henrico-va,2025-07-03,0,9.329974105415188,0.5040794657696721,0.977006498194946,0.1690121876624548
meta-henrico-va,2025-07-03,1,27.679436669080086,0.5760148659923835,0.9808914300586792,0.1627349082069057
meta-henrico-va,2025-07-03,2,31.53805322478474,0.7613600069277133,0.9845175164627966,0.182898948527827
meta-henrico-va,2025-07-03,3,32.048642858657324,0.8106340367689938,0.9848017343261812,0.1758711753607544
meta-henrico-va,2025-07-03,4,32.10785390380961,0.8161069109776007,0.984525344502756,0.1662340931292944
meta-henrico-va,2025-07-19,0,34.351469324152,0.4685420499449587,0.9786837213833414,0.1434531958692158
meta-henrico-va,2025-07-19,1,35.20113911193689,0.4975345494399353,0.9776960506431138,0.1401463195793314
meta-henrico-va,2025-07-19,2,33.158993814393,0.6794994881985259,0.9814762512245456,0.1683895369541643
meta-henrico-va,2025-07-19,3,31.51595235996739,0.8172778288814688,0.9842440247523088,0.163501918387215
meta-henrico-va,2025-07-19,4,31.611735543485903,0.7727958397787988,0.9825307114509224,0.1720121347239012
meta-henrico-va,2025-08-04,0,35.76121176991155,0.4637147076861893,0.9792222619740338,0.1926714579177389
meta-henrico-va,2025-08-04,1,33.87964793708668,0.5294730596114866,0.9741560586533866,0.1701957953425788
meta-henrico-va,2025-08-04,2,30.877382124617174,0.6829072154157588,0.9814552344667524,0.1680841352196112
meta-henrico-va,2025-08-04,3,28.609567409926708,0.8202822398114505,0.9849959210382966,0.1525145700001266
meta-henrico-va,2025-08-04,4,28.493835537561292,0.8123651575682808,0.9844631287379676,0.1478894728943925
meta-henrico-va,2025-09-05,0,36.28948660623626,0.4424643644223289,0.9791085395679556,0.1729417899488647
meta-henrico-va,2025-09-05,1,34.15395993966704,0.5337727581724071,0.9743466189453016,0.147259394854951
meta-henrico-va,2025-09-05,2,31.563900098132898,0.7068339487920209,0.9822803057955268,0.1460868995977162
meta-henrico-va,2025-09-05,3,30.358353715195747,0.8124576692434098,0.9851135706978286,0.1348641348028652
meta-henrico-va,2025-09-05,4,30.096536338649766,0.8017231333462059,0.984604406428102,0.1327864127419216
meta-henrico-va,2025-09-21,0,24.316501738731592,0.6368961053688057,0.9769423869925064,0.1615348508956119
meta-henrico-va,2025-09-21,1,24.04580177027576,0.6909632135431841,0.9807303401681202,0.1703442775915232
meta-henrico-va,2025-09-21,2,25.310187792500013,0.2434919213634423,0.9764750000000004,0.3269290814062499
meta-henrico-va,2025-09-21,4,20.22726332385811,0.8353570724503758,0.9838788059055756,0.1480556687998215
meta-henrico-va,2025-10-07,0,30.286597573832974,0.445386719887461,0.9785550760082912,0.1619393427591125
meta-henrico-va,2025-10-07,1,29.312376965764336,0.5275752936572238,0.9734469054856336,0.1356273329360771
meta-henrico-va,2025-10-07,2,27.020542958242807,0.6877781701191475,0.9807616314641864,0.1324584025185285
meta-henrico-va,2025-10-07,3,26.315310053848048,0.7823155132921669,0.9830701669731752,0.1192096956606246
meta-henrico-va,2025-10-07,4,26.31587961743654,0.7620035634655644,0.9825550187942108,0.1183321850274785
meta-henrico-va,2025-10-23,0,21.493719261656484,0.4321109329803964,0.9790810574789972,0.165047574894477
meta-henrico-va,2025-10-23,1,20.628415111301013,0.4986281256878698,0.9738777566805392,0.1321887061958226
meta-henrico-va,2025-10-23,2,18.510441598346993,0.6509912929971848,0.9813703382346974,0.1280957714161924
meta-henrico-va,2025-10-23,3,18.142298669840283,0.7310033722154295,0.9835956204593628,0.1151031626957798
meta-henrico-va,2025-10-23,4,18.088527316720747,0.7099806133330621,0.983028820040497,0.1147214507761365
meta-henrico-va,2025-11-08,0,22.083579416460037,0.4303043759117941,0.9785645153517036,0.1491565622020641
meta-henrico-va,2025-11-08,1,21.552164918204426,0.461537454168367,0.9730726644235482,0.1186175927378738
meta-henrico-va,2025-11-08,2,20.592686944200643,0.5696427584034528,0.9797585392082782,0.1194268542531631
meta-henrico-va,2025-11-08,3,20.43919495428737,0.6338004605268249,0.9817527494019288,0.109791156646264
meta-henrico-va,2025-11-08,4,20.38425721868078,0.6153260296545707,0.9812825590607354,0.1081843216667368
meta-henrico-va,2025-11-24,0,15.440882868175674,0.3824308431785875,0.9773399700037516,0.1454280944362742
meta-henrico-va,2025-11-24,1,15.088443293165744,0.4704422615308688,0.972884321949536,0.1060178465115359
meta-henrico-va,2025-11-24,2,14.280907734971851,0.5441334584632318,0.9782429833237096,0.1100475877976666
meta-henrico-va,2025-11-24,3,14.235767270960007,0.5884051365054719,0.979583619694896,0.1049671136008298
meta-henrico-va,2025-11-24,4,14.0563642270122,0.5759089726741887,0.9793016102560756,0.102522463347138
meta-henrico-va,2026-01-27,0,-4.260358314083984,0.0254794638481301,0.990999501061652,0.3295385918415272
meta-henrico-va,2026-01-27,1,-4.548682354254294,0.190918222671285,0.9909731680965882,0.2593017728856065
meta-henrico-va,2026-01-27,2,-5.079073957771171,0.2976896993817893,0.9913697405166731,0.2056407475598969
meta-henrico-va,2026-01-27,3,-5.275320388503092,0.3118064121339363,0.9914025243960832,0.2082712634898031
meta-henrico-va,2026-01-27,4,-5.1291876437876285,0.3131713192586928,0.991239939077084,0.1999026527851711
meta-henrico-va,2026-02-12,0,9.04945408337612,0.281722477953509,0.9768603492234798,0.1662017796156761
meta-henrico-va,2026-02-12,1,8.670160622658546,0.3784571110437791,0.9716223637291682,0.1213073290009355
meta-henrico-va,2026-02-12,2,7.263556778025766,0.4530632377840153,0.9781655191111516,0.1299461747907735
meta-henrico-va,2026-02-12,3,6.938445414820316,0.5223076328594491,0.979892286098688,0.1140780302320931
meta-henrico-va,2026-02-12,4,7.090422608628277,0.5295475779074007,0.9798494699521824,0.1134217893970122
meta-henrico-va,2026-02-28,0,17.658123159868214,0.2882442745122093,0.9772503163981554,0.1555929557376329
meta-henrico-va,2026-02-28,1,17.051165254198146,0.3754353505351221,0.9725648715864552,0.1240617799946354
meta-henrico-va,2026-02-28,2,16.167061032555118,0.4549958302169541,0.9785335990922264,0.124830482750297
meta-henrico-va,2026-02-28,3,16.014105473372847,0.527840753187552,0.9805371243158392,0.113585601436903
meta-henrico-va,2026-02-28,4,15.649974225973528,0.5151522228680592,0.9801642196897457,0.1093915221826088
meta-henrico-va,2026-04-01,0,25.183577604302744,0.3219466467542364,0.9772070007637216,0.18770241454815
meta-henrico-va,2026-04-01,1,24.63471590033222,0.3651834953251576,0.9719489170260406,0.1611692933845937
meta-henrico-va,2026-04-01,2,23.082947821997987,0.4083977866094989,0.9775235764969176,0.1631843627700582
meta-henrico-va,2026-04-01,3,21.494682173864348,0.5242839797038278,0.9799907083513192,0.1416464512591868
meta-henrico-va,2026-04-01,4,21.40053698050213,0.5188194435117743,0.9799005459893626,0.1418333103163609
meta-henrico-va,2026-05-03,0,27.438736378123014,0.3858335978102307,0.9782616067207331,0.2019561905656639
meta-henrico-va,2026-05-03,1,25.274779914382517,0.4901150354748541,0.9737815661073244,0.1706676649955868
meta-henrico-va,2026-05-03,2,21.455942795793764,0.6324271226190135,0.98111903335313,0.1828471697368912
meta-henrico-va,2026-05-03,3,20.059021340449597,0.7738673013754499,0.9842847837188,0.1610810364883762
meta-henrico-va,2026-05-03,4,19.63481926911602,0.7690024236991057,0.9839696472705816,0.1626444461535419
meta-henrico-va,2026-05-19,0,35.6670494955662,0.397385552633526,0.977802733480016,0.2028458922872836
meta-henrico-va,2026-05-19,1,33.392501059515176,0.5314478727815146,0.974472632078652,0.1681737041680026
meta-henrico-va,2026-05-19,2,29.46783076317023,0.6526548112308981,0.9810855801209664,0.187577601917553
meta-henrico-va,2026-05-19,3,28.03482744426098,0.7440362195885553,0.9825667931590552,0.1741999191535625
meta-henrico-va,2026-05-19,4,28.379609694123356,0.7570803224427601,0.9829818603194552,0.1741367746015199
meta-henrico-va,2026-06-04,0,39.3064343345248,0.42570911146191,0.9788336659453748,0.203478321321167
meta-henrico-va,2026-06-04,1,38.08458663625873,0.504133854937398,0.9740002386573366,0.1767333728468487
meta-henrico-va,2026-06-04,2,34.68485570822215,0.6407255186309219,0.9812953493419676,0.1872568151938492
meta-henrico-va,2026-06-04,3,32.670610671676386,0.7835569720501666,0.984527767418234,0.1639647058445921
meta-henrico-va,2026-06-04,4,32.32461395230694,0.7788382609527512,0.9841885672404552,0.1652907464717526
meta-henrico-va,2026-06-20,0,32.07674040238962,0.4828825379151548,0.979429202519404,0.1738164574702276
meta-henrico-va,2026-06-20,1,31.09017897892014,0.580750542960101,0.9747460518130122,0.1496500677864156
meta-henrico-va,2026-06-20,2,26.35734561516291,0.6025458968284917,0.9811532423667132,0.1935787432068709
meta-henrico-va,2026-06-20,3,24.23636718470455,0.7494432417144673,0.9839478047742176,0.1715575027928599
meta-henrico-va,2026-06-20,4,22.95036712559444,0.7492259081503522,0.9836570159186256,0.1746526819235759
meta-henrico-va,2026-07-06,0,35.82048416787138,0.452597210130636,0.9788372668810292,0.1657092226076501
meta-henrico-va,2026-07-06,1,35.182608996233334,0.5877835726709363,0.9726832925835373,0.1333994893974269
meta-henrico-va,2026-07-06,2,27.64284804651148,0.5975689008920125,0.980697273922456,0.1931868309437451
meta-henrico-va,2026-07-06,3,24.8349058303283,0.7525620858069634,0.9837337627557118,0.1754248887426932
meta-henrico-va,2026-07-06,4,27.04094240105251,0.7791418411872305,0.9840177597133316,0.1956884960721915
meta-henrico-va,2026-08-07,0,36.75316661002901,0.4859717819136291,0.9790283055234066,0.1913362628364872
meta-henrico-va,2026-08-07,1,34.72273966410397,0.5419579288083529,0.9735950751385972,0.1647271115774342
meta-henrico-va,2026-08-07,2,32.41230184806004,0.6323261782864409,0.9802474367458214,0.1709567782858987
meta-henrico-va,2026-08-07,3,30.87881576607415,0.818641482933213,0.9839843292459144,0.1482776999259144
meta-henrico-va,2026-08-07,4,31.162278215239663,0.8128003601465286,0.9836120749706264,0.1452510690516675
meta-henrico-va,2026-08-23,0,36.28872734871744,0.4987288801236151,0.9799950596391626,0.1900512600319916
meta-henrico-va,2026-08-23,1,34.67636073414541,0.5359326747640719,0.9740051306046128,0.1585503319287676
meta-henrico-va,2026-08-23,2,32.39577877934406,0.6012058170278963,0.9804319439256264,0.168918249236923
meta-henrico-va,2026-08-23,3,29.951075225057817,0.815485451865203,0.9851286591720388,0.1484453885234077
meta-henrico-va,2026-08-23,4,29.595920986374527,0.8008874170005628,0.9844705389672838,0.1443102536328071
meta-henrico-va,2026-09-08,0,36.3526459835678,0.4766817073951677,0.9795727411172126,0.180608093022955
meta-henrico-va,2026-09-08,1,35.02228482059006,0.5300036725280112,0.9742114532792288,0.1500754088321454
meta-henrico-va,2026-09-08,2,32.02014755793508,0.6182775178801422,0.9808255576153252,0.1588382006182313
meta-henrico-va,2026-09-08,3,29.95360729011409,0.8070103545385797,0.9848567033979866,0.1359901432425287
meta-henrico-va,2026-09-08,4,29.768979520727424,0.7894157174211915,0.9842459491050712,0.1334025825486915
