site_id,date,ring,lst_c,ndvi,emissivity,albedo
meta-qts-hillsboro-or,2013-03-20,1,3.72154622000005,0.6373028399871964,0.9692,0.16827796
meta-qts-hillsboro-or,2013-03-20,2,7.9410513901661615,0.5746531316592062,0.9691133027788148,0.1644888447158377
meta-qts-hillsboro-or,2013-03-20,3,11.032434956169672,0.6538490683925625,0.9739298821795248,0.1042625273648099
meta-qts-hillsboro-or,2013-03-20,4,10.080037719000735,0.5577023322742299,0.9728973411952,0.1369770780386422
meta-qts-hillsboro-or,2013-04-30,0,15.948279690175832,0.7759877713485673,0.9695830562279448,0.2706114582963585
meta-qts-hillsboro-or,2013-04-30,1,17.934062947889814,0.6692821005621898,0.9698276531367316,0.211217296058285
meta-qts-hillsboro-or,2013-04-30,2,17.825267420602486,0.6040929752590706,0.968615310421756,0.1757740267931866
meta-qts-hillsboro-or,2013-04-30,3,15.917349131772328,0.5991132070657812,0.9709717531926028,0.1695417632385734
meta-qts-hillsboro-or,2013-04-30,4,15.340345468047447,0.6133869200345277,0.972154099296558,0.1751667872735201
meta-qts-hillsboro-or,2013-05-16,3,16.28827891511832,0.6416524920517473,0.9790211086218104,0.1582816168036784
meta-qts-hillsboro-or,2013-05-16,4,18.866059065069145,0.7454629149596147,0.9738879342685242,0.1934789573773433
meta-qts-hillsboro-or,2013-06-01,0,13.158086381084091,0.5968870102461309,0.9694915683059858,0.2098066313308668
meta-qts-hillsboro-or,2013-06-01,1,15.35739454240851,0.5910923666796082,0.9699534372975148,0.2040491943248673
meta-qts-hillsboro-or,2013-06-01,2,15.934289228298285,0.5907125207905837,0.9690308958313596,0.199237616656531
meta-qts-hillsboro-or,2013-06-01,3,15.41714035831299,0.5717739992449157,0.9715774459588652,0.1924756945365522
meta-qts-hillsboro-or,2013-06-01,4,16.423392598588546,0.6188375764189388,0.9733605934400312,0.1854025278259174
meta-qts-hillsboro-or,2013-06-17,0,14.78240890712339,0.626553737309172,0.9685243318210948,0.2561608838434462
meta-qts-hillsboro-or,2013-06-17,1,21.089413138397845,0.5359256523522239,0.9690219940077064,0.2339572417154367
meta-qts-hillsboro-or,2013-06-17,2,24.54190198173732,0.5224965125822203,0.9690728557702706,0.2051147136767716
meta-qts-hillsboro-or,2013-06-17,3,27.824668819507327,0.4645765586306078,0.968882062535704,0.1838635660494435
meta-qts-hillsboro-or,2013-06-17,4,25.917952980269835,0.5058362535195093,0.9716700885094453,0.1895696968295757
meta-qts-hillsboro-or,2013-07-03,0,32.989361024219896,0.8012030688284614,0.9697133201327914,0.2251655586952694
meta-qts-hillsboro-or,2013-07-03,1,37.649128830836304,0.5969991810469535,0.9700353314217875,0.1800160857169805
meta-qts-hillsboro-or,2013-07-03,2,38.06443451871401,0.5609484110567928,0.9692135748481432,0.1664130154866633
meta-qts-hillsboro-or,2013-07-03,3,38.645582699138906,0.5680148312006559,0.971491064814029,0.1600821599579553
meta-qts-hillsboro-or,2013-07-03,4,37.635591679356686,0.6151203823092081,0.973647228070187,0.1569694398974859
meta-qts-hillsboro-or,2013-07-19,0,32.32411369456444,0.7546343699738813,0.9697897689753984,0.2183846982951658
meta-qts-hillsboro-or,2013-07-19,1,36.606770145436144,0.5273335818623532,0.9699503477415704,0.1887045134495635
meta-qts-hillsboro-or,2013-07-19,2,37.251615327663096,0.4658091424559572,0.9690548981777556,0.1823814429243268
meta-qts-hillsboro-or,2013-07-19,3,37.704564707159115,0.4784875813814661,0.9710430827788394,0.1737120228854415
meta-qts-hillsboro-or,2013-07-19,4,36.41992438902249,0.5472324751237865,0.9732016050913216,0.1675825686235512
meta-qts-hillsboro-or,2013-08-04,0,37.475251793257215,0.7048913215067254,0.9698174024605682,0.1848308000669752
meta-qts-hillsboro-or,2013-08-04,1,41.05550399392458,0.5003591756221674,0.9699158675826722,0.1822620439222017
meta-qts-hillsboro-or,2013-08-04,2,42.163603582619906,0.4350061332974602,0.9689797722481848,0.1807169339964233
meta-qts-hillsboro-or,2013-08-04,3,42.230845883213775,0.4510373317707492,0.9709448198240406,0.1746849627732783
meta-qts-hillsboro-or,2013-08-04,4,40.32293616343386,0.523825483117341,0.9730381478148226,0.1640652187044319
meta-qts-hillsboro-or,2013-08-20,0,35.96268653703284,0.6101087642488152,0.9695525947691338,0.1383229150117623
meta-qts-hillsboro-or,2013-08-20,1,38.452602976656266,0.4633018302147515,0.9697970118749872,0.1558562940561662
meta-qts-hillsboro-or,2013-08-20,2,39.276063554134986,0.4106950498915374,0.9689078025242652,0.1633998187582029
meta-qts-hillsboro-or,2013-08-20,3,38.99358270000428,0.4224463794866812,0.9707539261738114,0.1621105719152575
meta-qts-hillsboro-or,2013-08-20,4,37.10055685410508,0.4976003316270784,0.9728507978307744,0.1551799871213764
meta-qts-hillsboro-or,2013-09-21,2,-27.577262919999985,0.0216346094747003,0.9904,0.2200428584111983
meta-qts-hillsboro-or,2013-09-21,3,-24.914476162538193,0.00037308546340735345,0.9904,0.2715509667146017
meta-qts-hillsboro-or,2013-09-21,4,-16.586559891042086,0.0449390086444716,0.9904,0.2444555390765952
meta-qts-hillsboro-or,2013-10-07,3,13.890555644485142,0.6937948736357933,0.9728332342317312,0.0647475925089608
meta-qts-hillsboro-or,2013-10-07,4,15.67421727609949,0.6676311579776543,0.9745973473541653,0.0871961177588901
meta-qts-hillsboro-or,2013-10-23,0,24.78354129375852,0.3568195492851049,0.9692471572665792,0.1282367561476069
meta-qts-hillsboro-or,2013-10-23,1,23.555177450552808,0.4437144102187901,0.9696482450934664,0.1375891898362381
meta-qts-hillsboro-or,2013-10-23,2,22.817486326048364,0.4925035015595492,0.9688259031102278,0.1335605899751333
meta-qts-hillsboro-or,2013-10-23,3,22.42725471588601,0.5043538787604035,0.9708517685064908,0.1283255638774823
meta-qts-hillsboro-or,2013-10-23,4,21.837915086117633,0.5607070175765246,0.9728025580591896,0.1220760645548971
meta-qts-hillsboro-or,2013-11-24,0,7.076753950474477,0.4255190739892703,0.9686629701049616,0.0932232942801346
meta-qts-hillsboro-or,2013-11-24,1,8.01111898812734,0.4886328608908499,0.969500130860908,0.1218056410506764
meta-qts-hillsboro-or,2013-11-24,2,7.909911108415868,0.5141042416651589,0.968924082265841,0.1205515704754059
meta-qts-hillsboro-or,2013-11-24,3,7.760179449656183,0.536734225110641,0.9710624611170152,0.1145971568410681
meta-qts-hillsboro-or,2013-11-24,4,7.630553363241141,0.5663163257957121,0.9727844392453896,0.1070315845425115
meta-qts-hillsboro-or,2014-01-11,2,-33.566621630775714,-0.0395691208544963,0.9904,0.5653804888217
meta-qts-hillsboro-or,2014-01-11,3,-31.71456140106519,-0.0099027504693775,0.9904,0.3798488748052183
meta-qts-hillsboro-or,2014-01-11,4,-31.35009320220709,0.0069021695025895,0.9904,0.3624918059161408
meta-qts-hillsboro-or,2014-02-12,0,5.883166975315582,0.3292804475539638,0.9687923784567346,0.134623149745693
meta-qts-hillsboro-or,2014-02-12,1,5.824073273425019,0.3416067495774725,0.968954712206068,0.1429137791166165
meta-qts-hillsboro-or,2014-02-12,2,6.606626489608316,0.3844761302232376,0.9683439441905316,0.1239511286449091
meta-qts-hillsboro-or,2014-02-12,3,6.979147528827402,0.440405292781739,0.9702971153523288,0.1121416236905735
meta-qts-hillsboro-or,2014-02-12,4,5.850636492025518,0.4207824737647342,0.9710096565086096,0.138628534447866
meta-qts-hillsboro-or,2014-02-28,2,4.6204854800000135,0.6473414128179932,0.9652,0.14195991
meta-qts-hillsboro-or,2014-02-28,3,5.975673098203929,0.4689973520654042,0.9715182732721144,0.1047899325944193
meta-qts-hillsboro-or,2014-02-28,4,6.571660446251912,0.4925757262968908,0.9712174611098914,0.116170295855752
meta-qts-hillsboro-or,2014-05-19,2,22.97276587077368,0.5987497501232744,0.9653841734608888,0.12707399334099
meta-qts-hillsboro-or,2014-05-19,3,21.89139134675405,0.6463377913505123,0.9689924183748762,0.1677724308931933
meta-qts-hillsboro-or,2014-05-19,4,25.149964760862247,0.6070977328277884,0.9733575229389264,0.1799300496736331
meta-qts-hillsboro-or,2014-06-04,0,21.63635333225872,0.7365597925072106,0.9697084788687454,0.2430810352805242
meta-qts-hillsboro-or,2014-06-04,1,24.117670956557056,0.670919949614291,0.9718642259654674,0.2214340395847961
meta-qts-hillsboro-or,2014-06-04,2,25.570405964154595,0.6170325525034058,0.9692240357818748,0.2148390151986762
meta-qts-hillsboro-or,2014-06-04,3,27.05671697706212,0.5538986143693936,0.9713670250588196,0.2008133715400533
meta-qts-hillsboro-or,2014-06-04,4,25.582892532903465,0.6083249256655838,0.9729118683697496,0.2036290468412046
meta-qts-hillsboro-or,2014-06-20,0,19.803874496669497,0.762603913959695,0.972242603479304,0.2192608023580282
meta-qts-hillsboro-or,2014-06-20,1,23.58285370841012,0.706659586917484,0.9715098375680644,0.1875220989698107
meta-qts-hillsboro-or,2014-06-20,2,24.936367770840203,0.6136511300369624,0.9691272146745162,0.2127394076106316
meta-qts-hillsboro-or,2014-06-20,3,31.972001868809937,0.5376710955054568,0.9708977331277772,0.1857148338120408
meta-qts-hillsboro-or,2014-06-20,4,28.724001877525065,0.6223821978720679,0.9740261461092776,0.1798686667686064
meta-qts-hillsboro-or,2014-07-06,0,38.32187459167211,0.7415944507436911,0.9696732543723,0.1958224584876905
meta-qts-hillsboro-or,2014-07-06,1,41.39715543086486,0.5436557623624177,0.9698753141331122,0.1747581154236483
meta-qts-hillsboro-or,2014-07-06,2,43.03284901328878,0.5231890593726993,0.969150740477224,0.1737057801259795
meta-qts-hillsboro-or,2014-07-06,3,42.67286387793624,0.5242767369659607,0.9713321460459676,0.1715553999818541
meta-qts-hillsboro-or,2014-07-06,4,41.043462413193915,0.5801452196608179,0.9734236134741115,0.1648341046638867
meta-qts-hillsboro-or,2014-08-07,0,38.09557555205158,0.5224109850731624,0.969476378449814,0.1995406071176765
meta-qts-hillsboro-or,2014-08-07,1,39.317989607829944,0.428965984580533,0.9696187461017202,0.1791359150299524
meta-qts-hillsboro-or,2014-08-07,2,39.75475454449453,0.4196622457154865,0.968888342119701,0.176467622195559
meta-qts-hillsboro-or,2014-08-07,3,39.41624647307847,0.4481835678331342,0.9709531810794598,0.169387972159426
meta-qts-hillsboro-or,2014-08-07,4,37.57422474248713,0.520364819200879,0.9730329664092596,0.1647883814216643
meta-qts-hillsboro-or,2014-08-23,0,40.686956558778576,0.4456492920366173,0.9695090606876688,0.1933408761832914
meta-qts-hillsboro-or,2014-08-23,1,41.75752933796343,0.3912323255730125,0.9696525916360336,0.1689173151642612
meta-qts-hillsboro-or,2014-08-23,2,41.507954731723814,0.3919091325144123,0.9689261290517872,0.1729047933896557
meta-qts-hillsboro-or,2014-08-23,3,41.058542132032926,0.4260893970686494,0.9710459360615514,0.1631780930908592
meta-qts-hillsboro-or,2014-08-23,4,39.37586158557137,0.496723601087415,0.9731862561305687,0.1558352159974297
meta-qts-hillsboro-or,2014-09-08,3,10.96048532750001,0.3995834629400824,0.9683500000000002,0.1708627571875
meta-qts-hillsboro-or,2014-09-08,4,11.315653519478277,0.3942947017334726,0.9737518840579708,0.1767480522246377
meta-qts-hillsboro-or,2014-10-10,0,25.944252690454835,0.5603938221635296,0.9695206936641936,0.1413482498369045
meta-qts-hillsboro-or,2014-10-10,1,27.23545791288512,0.4080512513204816,0.9694168693266788,0.1429959508480611
meta-qts-hillsboro-or,2014-10-10,2,26.73854936229876,0.4486662868447538,0.9687967152723872,0.1382686609857898
meta-qts-hillsboro-or,2014-10-10,3,25.8405996974432,0.4683226368771067,0.9706757666241466,0.140692250078085
meta-qts-hillsboro-or,2014-10-10,4,24.813183918678828,0.5244650056794997,0.9724507150621278,0.1363404685455993
meta-qts-hillsboro-or,2014-10-26,0,12.872962309643192,0.8363386610448708,0.9766279713705736,0.0262094213544821
meta-qts-hillsboro-or,2014-10-26,1,13.1042903232155,0.6925563613196566,0.9783209386210148,0.0283912749467494
meta-qts-hillsboro-or,2014-10-26,2,13.007380318781305,0.6967929859230876,0.9760177121509332,0.0343127966505904
meta-qts-hillsboro-or,2014-10-26,3,13.195268150579672,0.692136380145792,0.9763322833326,0.0579525523580329
meta-qts-hillsboro-or,2014-10-26,4,13.690236925007891,0.6992521086794374,0.9750590190101678,0.0631219353250189
meta-qts-hillsboro-or,2014-11-11,0,8.71768287920282,0.7145888505259311,0.9698457893756836,0.134412364796315
meta-qts-hillsboro-or,2014-11-11,1,9.442434407957974,0.5356961133870269,0.969834569161994,0.1302684457972885
meta-qts-hillsboro-or,2014-11-11,2,9.465568405555988,0.5437505253950403,0.9691371174495534,0.126263717824828
meta-qts-hillsboro-or,2014-11-11,3,9.347121859433502,0.5583999561695147,0.9714708498732038,0.1223209975502845
meta-qts-hillsboro-or,2014-11-11,4,9.198337196460733,0.5899782343927137,0.9734082441320956,0.113506848459993
meta-qts-hillsboro-or,2014-12-13,4,4.478871749212261,0.0022330286533481,0.9696960110386352,0.4058451517410938
meta-qts-hillsboro-or,2014-12-29,2,1.195815349604941,0.3621101898698924,0.9727454648172684,0.1791634367257266
meta-qts-hillsboro-or,2014-12-29,3,1.5423200701430064,0.4511926331419525,0.9700293472953136,0.1583619010137669
meta-qts-hillsboro-or,2014-12-29,4,1.7954366942867173,0.4620110427780663,0.9722479593151132,0.1629484511191817
meta-qts-hillsboro-or,2015-01-14,0,0.5792070348410271,0.587947973363873,0.9688111915523372,0.1159827346713798
meta-qts-hillsboro-or,2015-01-14,1,0.3981816898546787,0.4640617119527461,0.9685076890604264,0.1036159557664937
meta-qts-hillsboro-or,2015-01-14,2,1.9655751467623863,0.3876086038102172,0.9674408627666216,0.1075132215779262
meta-qts-hillsboro-or,2015-01-14,3,2.759435027221115,0.3943355277651292,0.968249625858176,0.1153993711118227
meta-qts-hillsboro-or,2015-01-14,4,1.0869182676680809,0.5880356657287686,0.9714420755125578,0.1442484695058835
meta-qts-hillsboro-or,2015-01-30,0,9.917929078447834,0.6348486658364798,0.9694560957886944,0.1195275678693351
meta-qts-hillsboro-or,2015-01-30,1,10.69882438333669,0.4546677361740015,0.9693873919527156,0.1154937865186072
meta-qts-hillsboro-or,2015-01-30,2,10.788894283855418,0.4787570743364896,0.9689454608835752,0.1118892290752343
meta-qts-hillsboro-or,2015-01-30,3,10.781857450006427,0.501950118478719,0.9708416759221986,0.1088203849166924
meta-qts-hillsboro-or,2015-01-30,4,10.450447973758193,0.5485560684494306,0.9725103834855114,0.1010171226599896
meta-qts-hillsboro-or,2015-04-04,0,6.711730155609777,0.6110182778017644,0.973978048780487,0.1953175959146341
meta-qts-hillsboro-or,2015-04-04,2,9.043464643181052,0.4901835237628806,0.9709390803932916,0.1675559324243059
meta-qts-hillsboro-or,2015-04-04,3,9.890579212339812,0.5139291114847315,0.9703049235754556,0.1682619580263712
meta-qts-hillsboro-or,2015-04-04,4,9.881772086282394,0.582316232751502,0.9735873163441114,0.199903909417602
meta-qts-hillsboro-or,2015-04-20,0,26.223861777397396,0.7777647231261151,0.9700795075229453,0.1875896952567181
meta-qts-hillsboro-or,2015-04-20,1,29.51837878361069,0.6179324715694827,0.9702446067507569,0.17176232523278
meta-qts-hillsboro-or,2015-04-20,2,30.01154524503194,0.6006628782944002,0.969252206142256,0.1646818448675645
meta-qts-hillsboro-or,2015-04-20,3,30.05024645585016,0.6113793436826254,0.9718670950467952,0.1588154960923139
meta-qts-hillsboro-or,2015-04-20,4,29.172118594464767,0.6449763627570609,0.9739618136112602,0.1497121676219723
meta-qts-hillsboro-or,2015-05-06,0,10.937766887383686,0.7024638116612205,0.9691777727423804,0.2209707542452642
meta-qts-hillsboro-or,2015-05-06,1,13.72620250941171,0.5710323277315293,0.9691592246745904,0.1988171395865719
meta-qts-hillsboro-or,2015-05-06,2,15.974577392237126,0.5031800818907007,0.9683613905586004,0.1932260583624807
meta-qts-hillsboro-or,2015-05-06,3,15.374873938316842,0.5077593474874205,0.9691526935244136,0.1772846340519208
meta-qts-hillsboro-or,2015-05-06,4,14.314861709277638,0.6167144194328384,0.972253710745074,0.1849469237844037
meta-qts-hillsboro-or,2015-06-07,0,35.87493466781968,0.7331759255888498,0.9700858664898518,0.1831157179554868
meta-qts-hillsboro-or,2015-06-07,1,40.55948810216984,0.5828057088184088,0.970173990989298,0.1713448704408839
meta-qts-hillsboro-or,2015-06-07,2,40.160995117905806,0.6105880981210693,0.969368021533859,0.1738973700359235
meta-qts-hillsboro-or,2015-06-07,3,40.097826668111104,0.6112004940913526,0.9719346831147322,0.1675589960682355
meta-qts-hillsboro-or,2015-06-07,4,39.383672298193936,0.6491329273144434,0.9742554102622722,0.1617647909660964
meta-qts-hillsboro-or,2015-06-23,0,33.90615047544581,0.6040289626626751,0.9697675412024904,0.1853546827281295
meta-qts-hillsboro-or,2015-06-23,1,38.50551804496862,0.4958411434042351,0.9699763310160638,0.1842113342606934
meta-qts-hillsboro-or,2015-06-23,2,37.96153268366598,0.529028110249891,0.9691362882282788,0.1836640444269028
meta-qts-hillsboro-or,2015-06-23,3,37.20872004811434,0.5341526823525616,0.9714002690709868,0.1769275786026106
meta-qts-hillsboro-or,2015-06-23,4,34.88884945778834,0.5750187541822183,0.9736443830856398,0.171054540481617
meta-qts-hillsboro-or,2015-07-09,0,40.14770280201224,0.3966759795769049,0.9694319020132328,0.2189996575359458
meta-qts-hillsboro-or,2015-07-09,1,41.16166459103242,0.4185618657527017,0.9697822173407517,0.1834007224855233
meta-qts-hillsboro-or,2015-07-09,2,40.85371297941781,0.4426665264549489,0.9689430374477236,0.1851212709787433
meta-qts-hillsboro-or,2015-07-09,3,40.580275584650344,0.452066956116577,0.971025508998012,0.1824925321806516
meta-qts-hillsboro-or,2015-07-09,4,39.028035276811146,0.4994134942888792,0.9731801714437438,0.1759791610157604
meta-qts-hillsboro-or,2015-08-10,0,35.298997343165226,0.3660962485305344,0.9693938976261728,0.2190923528928373
meta-qts-hillsboro-or,2015-08-10,1,37.866520642415814,0.3579635833197793,0.9696533263290464,0.1773684320608342
meta-qts-hillsboro-or,2015-08-10,2,39.36629861167367,0.3808587423353194,0.9688356663313747,0.1773181695269272
meta-qts-hillsboro-or,2015-08-10,3,36.20879496365593,0.3912943947349349,0.9708281177183838,0.1806513893015282
meta-qts-hillsboro-or,2015-08-10,4,33.623260520439594,0.4476737474459105,0.9729256074379188,0.167515989472943
meta-qts-hillsboro-or,2015-08-26,0,38.57245241909882,0.3682542687043301,0.9694033774915632,0.2191227089978794
meta-qts-hillsboro-or,2015-08-26,1,40.405986995613134,0.3437856990744272,0.9695956077378158,0.1758558380512239
meta-qts-hillsboro-or,2015-08-26,2,40.051411844442136,0.3653622051015224,0.968865047136069,0.1769271627064289
meta-qts-hillsboro-or,2015-08-26,3,39.50144025245617,0.3857498021822196,0.9707863636401204,0.1770636639519391
meta-qts-hillsboro-or,2015-08-26,4,38.79935172653043,0.4505156244426218,0.972995694227505,0.1684801073067154
meta-qts-hillsboro-or,2015-09-11,0,39.48801253926562,0.4088039780300401,0.969446110003496,0.1695249053376127
meta-qts-hillsboro-or,2015-09-11,1,40.204105600855954,0.3666217655937544,0.9696201403985768,0.1560653615012081
meta-qts-hillsboro-or,2015-09-11,2,40.00213539871255,0.3914932410925179,0.968890214506024,0.15525475708485
meta-qts-hillsboro-or,2015-09-11,3,39.30652128133098,0.406219610430945,0.9707375131078492,0.1457205597117317
meta-qts-hillsboro-or,2015-09-11,4,37.95965948203829,0.4753220237870012,0.9729457611664146,0.1436318918286883
meta-qts-hillsboro-or,2015-09-27,0,26.40520779933551,0.4727521566057658,0.9695935270421856,0.1491885746370346
meta-qts-hillsboro-or,2015-09-27,1,27.384070881587977,0.4152046082878508,0.9697851629253268,0.1395947006029292
meta-qts-hillsboro-or,2015-09-27,2,27.26658470733775,0.4337333451791353,0.9690027808579456,0.1383238856221378
meta-qts-hillsboro-or,2015-09-27,3,26.890013483300223,0.4428342297900019,0.9710471949368122,0.1377291806719474
meta-qts-hillsboro-or,2015-09-27,4,25.67624723015158,0.5095284928784714,0.9732913130613672,0.1309028536620517
meta-qts-hillsboro-or,2015-10-13,0,25.76874517997933,0.5144448621262443,0.9696241074875211,0.1391395934550372
meta-qts-hillsboro-or,2015-10-13,1,26.754739656443427,0.4341378122099496,0.9697896426906129,0.1319163148996553
meta-qts-hillsboro-or,2015-10-13,2,26.662823247235444,0.4516228689399131,0.9689962205990847,0.1308021279544894
meta-qts-hillsboro-or,2015-10-13,3,26.5249108800552,0.4482286853712005,0.9707306878429948,0.1332490601645814
meta-qts-hillsboro-or,2015-10-13,4,25.6022407003633,0.5073646812485071,0.9729528389035598,0.1254887915875198
meta-qts-hillsboro-or,2015-10-29,4,11.608456231844343,0.4512590754945967,0.9737431503533732,0.1352056154185361
meta-qts-hillsboro-or,2016-01-01,0,1.8728458097573832,0.5936226030313201,0.9694336332290548,0.1201544059306968
meta-qts-hillsboro-or,2016-01-01,1,2.0793194194268505,0.4290926611260329,0.9694761765673277,0.1195270517631343
meta-qts-hillsboro-or,2016-01-01,2,2.0503027946466537,0.4261157480707969,0.968734937982411,0.1181131346969771
meta-qts-hillsboro-or,2016-01-01,3,2.0834012013711907,0.4749735647138431,0.9706433660864032,0.1136213293666241
meta-qts-hillsboro-or,2016-01-01,4,2.106649024993019,0.5085203112305129,0.972385451733184,0.1040258686276012
meta-qts-hillsboro-or,2016-04-06,0,9.441447267596722,0.6324676604524643,0.9696908866312728,0.183475351554239
meta-qts-hillsboro-or,2016-04-06,1,11.987523653674788,0.5250427710509556,0.96982573211939,0.1687027411558358
meta-qts-hillsboro-or,2016-04-06,2,12.472429711677426,0.5230767229094392,0.969058441311742,0.161276457845668
meta-qts-hillsboro-or,2016-04-06,3,12.066549438111188,0.5570058347152271,0.9714501889485032,0.155533697257591
meta-qts-hillsboro-or,2016-04-06,4,11.460161686607073,0.570120341927005,0.9732567654364818,0.1478932453401459
meta-qts-hillsboro-or,2016-05-08,0,25.89408735254564,0.7275337995015483,0.9701881699236576,0.1913013112873254
meta-qts-hillsboro-or,2016-05-08,1,29.511959494418775,0.5763310349349559,0.970403843475416,0.1749990413087391
meta-qts-hillsboro-or,2016-05-08,2,28.10387773758853,0.5836886016612975,0.9692930859437618,0.1787625476754864
meta-qts-hillsboro-or,2016-05-08,3,27.64602181336374,0.6190431150022627,0.9719468865875156,0.17334895381711
meta-qts-hillsboro-or,2016-05-08,4,26.840488089358004,0.652910369421439,0.9742601277325637,0.1683451624506604
meta-qts-hillsboro-or,2016-05-24,0,27.50937930289426,0.7491675637096082,0.9702372282348432,0.2242118209372788
meta-qts-hillsboro-or,2016-05-24,1,30.173742919072875,0.6475036584361448,0.970561868823226,0.2138730426099314
meta-qts-hillsboro-or,2016-05-24,2,30.066504530686856,0.6023598037464497,0.9697170937813452,0.2000691221855989
meta-qts-hillsboro-or,2016-05-24,3,29.186169938595523,0.5513168570008206,0.970366752764307,0.1936640468112938
meta-qts-hillsboro-or,2016-05-24,4,28.151761503037772,0.5769971921700083,0.973147501607918,0.1787449943555145
meta-qts-hillsboro-or,2016-06-25,0,31.028447686237364,0.6152005665603951,0.9698834422529314,0.1772851456331944
meta-qts-hillsboro-or,2016-06-25,1,33.7335476147284,0.5320566071687479,0.9700700153508892,0.1713860920584916
meta-qts-hillsboro-or,2016-06-25,2,33.906926989293815,0.5410955347363849,0.969215771188522,0.1739221158869315
meta-qts-hillsboro-or,2016-06-25,3,34.1829738802796,0.5453763591955985,0.9716109083584786,0.1650109327765
meta-qts-hillsboro-or,2016-06-25,4,33.33525045327408,0.5932530902197172,0.9738759527831086,0.160159763882295
meta-qts-hillsboro-or,2016-07-11,0,24.91114028151987,0.3566424742468312,0.9692191013494842,0.2340100484068556
meta-qts-hillsboro-or,2016-07-11,1,24.968961535038368,0.4203188335285851,0.9691196461624906,0.2068590766987491
meta-qts-hillsboro-or,2016-07-11,2,22.465196662797887,0.4456142499323035,0.9690322899318468,0.2137984688954318
meta-qts-hillsboro-or,2016-07-11,3,22.172313081862875,0.4404135860245129,0.9703756330704728,0.2091202505353833
meta-qts-hillsboro-or,2016-07-11,4,21.319504013806803,0.4368935302323047,0.9715446750494734,0.2063062263989528
meta-qts-hillsboro-or,2016-07-27,0,40.24807495485048,0.3904223868059369,0.9694157484570348,0.2026964249566288
meta-qts-hillsboro-or,2016-07-27,1,40.87252909601752,0.426899686078006,0.9698652511248218,0.180860604983033
meta-qts-hillsboro-or,2016-07-27,2,40.4373120600469,0.4574484512737124,0.9690817008723256,0.1747429938554822
meta-qts-hillsboro-or,2016-07-27,3,40.74268916802691,0.4562086232726607,0.9711611492366692,0.1714111614079341
meta-qts-hillsboro-or,2016-07-27,4,39.91102182528974,0.5103494832337653,0.9733630094469524,0.1636570884435224
meta-qts-hillsboro-or,2016-08-12,0,42.94111394860086,0.4101430631489643,0.9693756032208102,0.2014170875466977
meta-qts-hillsboro-or,2016-08-12,1,43.22619408780994,0.3975050452620284,0.9696499297552922,0.1719833436896108
meta-qts-hillsboro-or,2016-08-12,2,43.18979150829646,0.4229594239867632,0.9688976168940496,0.1702454157520106
meta-qts-hillsboro-or,2016-08-12,3,43.46832027393758,0.426547283470736,0.970773358346881,0.1708368581363592
meta-qts-hillsboro-or,2016-08-12,4,42.26474375970195,0.4876262385264767,0.9728253203161508,0.1597092965400889
meta-qts-hillsboro-or,2016-08-28,0,34.08674087673497,0.3909269890950886,0.9694469924112024,0.2085800030294219
meta-qts-hillsboro-or,2016-08-28,1,35.08103647475939,0.3625994554741268,0.9696720465431716,0.1851778819928491
meta-qts-hillsboro-or,2016-08-28,2,35.07667543994776,0.385466613174,0.9689672711122412,0.1890487056650197
meta-qts-hillsboro-or,2016-08-28,3,35.758733398105946,0.4009971505005028,0.970886570311465,0.1818627896316597
meta-qts-hillsboro-or,2016-08-28,4,34.62285929947368,0.4634465794314116,0.9729853338383864,0.1662830312201657
meta-qts-hillsboro-or,2016-09-13,0,33.09398444741387,0.4215659903051664,0.969399376910255,0.1597931415591888
meta-qts-hillsboro-or,2016-09-13,1,33.903550783457696,0.37615440302687,0.9695635716102374,0.1525052967070862
meta-qts-hillsboro-or,2016-09-13,2,34.13876658188805,0.3768587607624649,0.968809651787232,0.1488088954646795
meta-qts-hillsboro-or,2016-09-13,3,33.76711943906847,0.4043579922899724,0.970678773713926,0.1481322340597717
meta-qts-hillsboro-or,2016-09-13,4,32.67391452781272,0.4752156064565777,0.9726434253791164,0.140014675629555
meta-qts-hillsboro-or,2016-09-29,1,9.999380439473592,0.3737014459417984,0.9694316595802128,0.1753998539318857
meta-qts-hillsboro-or,2016-09-29,2,10.269316793653886,0.3717404913902714,0.9683367220773562,0.1766808034988313
meta-qts-hillsboro-or,2016-09-29,3,11.256145478130744,0.3700220649524663,0.9700140342414034,0.173352243838943
meta-qts-hillsboro-or,2016-09-29,4,10.32933968494698,0.4360987069316064,0.9721323545865842,0.1625750212500211
meta-qts-hillsboro-or,2016-11-16,2,7.330975340000009,0.1748500595048723,0.9686,0.3009906224999999
meta-qts-hillsboro-or,2016-11-16,3,8.699228149096722,0.5009177713347981,0.9689338678088788,0.1061924814678533
meta-qts-hillsboro-or,2016-11-16,4,8.096538457404895,0.3837957153074525,0.974299708126414,0.1629538226081099
meta-qts-hillsboro-or,2016-12-18,3,-6.864694957508837,0.4155724769651131,0.9710729491208132,0.2999622381573844
meta-qts-hillsboro-or,2016-12-18,4,-6.593076286042252,0.5056015444997706,0.9685620399479872,0.3473379817545896
meta-qts-hillsboro-or,2017-01-03,0,1.0445293085104628,0.5624053236585901,0.9693760523722366,0.1291651572773655
meta-qts-hillsboro-or,2017-01-03,1,0.8984439311328661,0.4215354874023409,0.9694520925050092,0.1355008437566498
meta-qts-hillsboro-or,2017-01-03,2,1.0825626249133042,0.439559510255136,0.9687196382970572,0.1235926369535018
meta-qts-hillsboro-or,2017-01-03,3,1.1210244133046368,0.4908056795620108,0.9708043044751798,0.1200318586959024
meta-qts-hillsboro-or,2017-01-03,4,1.04483165820787,0.5240670264294038,0.9730884179209216,0.1200928471251055
meta-qts-hillsboro-or,2017-01-19,0,1.3337012698396806,0.4700805652496447,0.9686033350436112,0.1854511337410744
meta-qts-hillsboro-or,2017-01-19,1,1.0864631759295134,0.4621128096609947,0.9685803887166088,0.1780545674466387
meta-qts-hillsboro-or,2017-01-19,2,3.26598074759494,0.4485925534121281,0.9680239213150514,0.1575889727596848
meta-qts-hillsboro-or,2017-01-19,3,4.745674945044763,0.4659232539930369,0.9695801410072052,0.1329361827605442
meta-qts-hillsboro-or,2017-01-19,4,5.329583212885905,0.5293997494351556,0.9721427891247864,0.1005684676040253
meta-qts-hillsboro-or,2017-05-27,0,34.64222722095165,0.7144156759738245,0.9700079525688828,0.1789796119571015
meta-qts-hillsboro-or,2017-05-27,1,39.27296706679994,0.5323627005828981,0.969956289777577,0.1775402261804478
meta-qts-hillsboro-or,2017-05-27,2,37.897020521313074,0.5966172808444129,0.9692338807879324,0.1731716036455059
meta-qts-hillsboro-or,2017-05-27,3,38.07925603176208,0.599612518036057,0.9716454022846972,0.1712882394358036
meta-qts-hillsboro-or,2017-05-27,4,36.8610560847292,0.6537972542828608,0.9738392129070432,0.1662939014477923
meta-qts-hillsboro-or,2017-06-28,0,25.62013229997095,0.7356471597593873,0.9731743794989072,0.1836884962260119
meta-qts-hillsboro-or,2017-06-28,1,27.984320663461133,0.6228538421692003,0.9728855421170804,0.21971303736817
meta-qts-hillsboro-or,2017-06-28,2,25.503265700504024,0.6764719265449106,0.9697175718074478,0.2392519832718069
meta-qts-hillsboro-or,2017-06-28,3,31.2974192872424,0.4387262802014548,0.9702316016752032,0.2000104383028529
meta-qts-hillsboro-or,2017-06-28,4,30.53015057923515,0.5345554135140282,0.9726429606650652,0.1759028542718958
meta-qts-hillsboro-or,2017-07-14,0,39.68405553650247,0.4090942335023172,0.9693990167716496,0.2048852628169948
meta-qts-hillsboro-or,2017-07-14,1,39.99478835105984,0.426410918588583,0.9698698191501588,0.1923932477301457
meta-qts-hillsboro-or,2017-07-14,2,39.300189999537,0.4593208637954207,0.9689591016708582,0.1862748527968726
meta-qts-hillsboro-or,2017-07-14,3,39.66959463659235,0.479234467642092,0.9710927957484192,0.1796929582290153
meta-qts-hillsboro-or,2017-07-14,4,38.65644205113401,0.5335841344787622,0.973139812280762,0.1734749368977791
meta-qts-hillsboro-or,2017-07-30,0,41.503426200171894,0.3946142166785089,0.9693529885146204,0.2167105609809234
meta-qts-hillsboro-or,2017-07-30,1,42.06038683676435,0.406083034491796,0.9697647681924688,0.192952016875806
meta-qts-hillsboro-or,2017-07-30,2,41.66537457757236,0.4343787664566561,0.9688995058943708,0.1889250960045395
meta-qts-hillsboro-or,2017-07-30,3,41.56823016893208,0.4528845537241765,0.9709686220317744,0.1815066036125529
meta-qts-hillsboro-or,2017-07-30,4,40.45705836297395,0.5131073136201579,0.9730087929278264,0.1723671691823129
meta-qts-hillsboro-or,2017-08-15,3,19.94751391391968,0.4176323247536742,0.973541653154017,0.0889219537468533
meta-qts-hillsboro-or,2017-08-15,4,18.416270264059825,0.4180098623675038,0.9736482050184992,0.1057045514513956
meta-qts-hillsboro-or,2017-08-31,0,33.90870657682137,0.4909877205007479,0.9712989762905768,0.2168199161226418
meta-qts-hillsboro-or,2017-08-31,1,36.36732489545715,0.4132912431574779,0.9709707942041867,0.2176380765282404
meta-qts-hillsboro-or,2017-08-31,2,36.59928203092175,0.3638063784423056,0.9684530689340944,0.2119006153262242
meta-qts-hillsboro-or,2017-08-31,3,36.47809392482122,0.4093632778121319,0.9704160795604478,0.1862911123550831
meta-qts-hillsboro-or,2017-08-31,4,34.63483316650166,0.4677500605418567,0.9727099905295294,0.1759024915922004
meta-qts-hillsboro-or,2017-10-02,0,21.376708937560625,0.5155322660386814,0.9701195598924818,0.1367611711045663
meta-qts-hillsboro-or,2017-10-02,1,22.19232839787254,0.4810262159309887,0.9710503984903814,0.1514565620283473
meta-qts-hillsboro-or,2017-10-02,2,22.717869277623727,0.4276224906230971,0.968741214047306,0.1428940598727566
meta-qts-hillsboro-or,2017-10-02,3,20.06656714415782,0.4356360469638353,0.9712427000196022,0.1981689992654048
meta-qts-hillsboro-or,2017-10-02,4,20.20556304293204,0.49461955403095,0.9722239841756688,0.1509828007059964
meta-qts-hillsboro-or,2017-11-19,2,-2.115868042121903,0.4469788802040517,0.9670046663489332,0.1752125246058403
meta-qts-hillsboro-or,2017-11-19,3,0.5362444425604094,0.4814821853842833,0.9704091232804954,0.1499290770651996
meta-qts-hillsboro-or,2017-11-19,4,0.6994598542207606,0.501987506581488,0.9718523719261384,0.1571581613946132
meta-qts-hillsboro-or,2017-12-05,0,7.715202029072796,0.6399153740174313,0.9695286730277516,0.112904051481371
meta-qts-hillsboro-or,2017-12-05,1,7.775545965833233,0.4870803561623448,0.969695778763622,0.1151139548047957
meta-qts-hillsboro-or,2017-12-05,2,8.078488852262144,0.517380968719673,0.9689095347106494,0.1052915104602318
meta-qts-hillsboro-or,2017-12-05,3,7.968546556966262,0.567583147211828,0.9710990620762576,0.1065489485179021
meta-qts-hillsboro-or,2017-12-05,4,7.7606130058162,0.6071996422807002,0.9728544867306096,0.096780714373168
meta-qts-hillsboro-or,2017-12-21,0,-0.5853363439330755,0.5259094277736553,0.9691391265844054,0.1565759691005958
meta-qts-hillsboro-or,2017-12-21,1,-0.6093994134793957,0.3840535475216418,0.9691005114422292,0.1717899194022761
meta-qts-hillsboro-or,2017-12-21,2,-0.7765549660626405,0.3974577273762051,0.968536370146238,0.167635923559859
meta-qts-hillsboro-or,2017-12-21,3,-0.9928116685950654,0.4273767097655092,0.970382633021656,0.1647510662356704
meta-qts-hillsboro-or,2017-12-21,4,-0.7810843861855055,0.462980451435742,0.9718104784958144,0.149972654952441
meta-qts-hillsboro-or,2018-02-07,1,3.123169337005238,0.4453365460514644,0.9657790778599392,0.0875458073714114
meta-qts-hillsboro-or,2018-02-07,2,5.1352169683084465,0.4127177925903713,0.9672542535846334,0.0908708806145769
meta-qts-hillsboro-or,2018-02-07,3,5.667584517707548,0.3702831870038801,0.9672324921252352,0.1058002736316204
meta-qts-hillsboro-or,2018-02-07,4,6.03096133924588,0.3303942659279684,0.9683158984864376,0.1372896895977141
meta-qts-hillsboro-or,2018-03-11,0,20.075936325695945,0.621343260881263,0.969641134368485,0.1390958490431917
meta-qts-hillsboro-or,2018-03-11,1,21.24778821204103,0.4452302790536184,0.9697449797743676,0.1448691103439719
meta-qts-hillsboro-or,2018-03-11,2,21.45252745879616,0.464982534714483,0.9688454594584336,0.1343792531569561
meta-qts-hillsboro-or,2018-03-11,3,21.182301821386787,0.5162489720128729,0.9710957471997465,0.1291649433043739
meta-qts-hillsboro-or,2018-03-11,4,20.546939724047068,0.5606786600495697,0.972869859726136,0.1210904709891158
meta-qts-hillsboro-or,2018-04-28,0,18.30073816370141,0.5782183741403335,0.9681948515932748,0.2411064492856673
meta-qts-hillsboro-or,2018-04-28,1,24.54840787773603,0.5332898088020948,0.9698419844615588,0.1719087541156431
meta-qts-hillsboro-or,2018-04-28,2,22.377626006918728,0.5899680408249269,0.9697049517090788,0.2018784864268622
meta-qts-hillsboro-or,2018-04-28,3,22.499753103613056,0.5798722935577305,0.9713805905115452,0.1924805590888892
meta-qts-hillsboro-or,2018-04-28,4,21.947725569510503,0.6071933352529171,0.9733665419462932,0.1809074586415274
meta-qts-hillsboro-or,2018-05-14,0,32.732390799468476,0.7416624088821281,0.9701100902390168,0.1721516908611877
meta-qts-hillsboro-or,2018-05-14,1,36.764926795093594,0.547554764710309,0.9702887015023872,0.1753643281782777
meta-qts-hillsboro-or,2018-05-14,2,37.10383063099147,0.569643601246307,0.969259024996686,0.1707147341461153
meta-qts-hillsboro-or,2018-05-14,3,36.12642419446342,0.6231747064858238,0.9719066802938724,0.1665229298972168
meta-qts-hillsboro-or,2018-05-14,4,34.94443993228779,0.6678232573749895,0.9741824869824124,0.1636617263430056
meta-qts-hillsboro-or,2018-05-30,0,10.247332161726083,0.6364228071891532,0.9695671223922512,0.1835370495290398
meta-qts-hillsboro-or,2018-05-30,1,12.585586774689505,0.4889974107989307,0.970334262874318,0.2011649547522682
meta-qts-hillsboro-or,2018-05-30,2,12.20405681959662,0.5253389445945944,0.9690638601279746,0.1914723923111925
meta-qts-hillsboro-or,2018-05-30,3,12.098167494327893,0.5512008579358763,0.971668041862127,0.1991676057746274
meta-qts-hillsboro-or,2018-05-30,4,11.640434292833763,0.5910932972004762,0.9731391752080438,0.2046422932820945
meta-qts-hillsboro-or,2018-06-15,4,12.526365740000015,0.8591511340669212,0.9804,0.1299436475
meta-qts-hillsboro-or,2018-07-01,0,35.20209800765356,0.4734618771079786,0.970536632763689,0.2121588319758199
meta-qts-hillsboro-or,2018-07-01,1,37.29667919376227,0.4515506835602842,0.970117509906435,0.2128680885195358
meta-qts-hillsboro-or,2018-07-01,2,37.839626979394424,0.4781976094347647,0.9694097828349924,0.1995003582663853
meta-qts-hillsboro-or,2018-07-01,3,36.00874892623776,0.5035949976490064,0.9707290656883109,0.1970895242448422
meta-qts-hillsboro-or,2018-07-01,4,34.470297292955564,0.560117878020355,0.973479050811881,0.1870005289206583
meta-qts-hillsboro-or,2018-07-17,0,41.18944747252918,0.362651007828417,0.96937017116802,0.2164567576434197
meta-qts-hillsboro-or,2018-07-17,1,42.61624338193045,0.3661163353718819,0.9696730647886282,0.1940896166872353
meta-qts-hillsboro-or,2018-07-17,2,42.386677490331714,0.4020822015292087,0.9688624705281256,0.1828588820690757
meta-qts-hillsboro-or,2018-07-17,3,41.84270759835091,0.4377386070550149,0.970868377620884,0.1809960193083023
meta-qts-hillsboro-or,2018-07-17,4,40.97270680040167,0.4826773533128758,0.972962378142016,0.173588246367156
meta-qts-hillsboro-or,2018-08-18,0,38.88015562085487,0.370419769861258,0.9694175605037392,0.2151694931551981
meta-qts-hillsboro-or,2018-08-18,1,39.118049553925296,0.3521055294971769,0.9696623279458858,0.190867731756057
meta-qts-hillsboro-or,2018-08-18,2,39.47793489011064,0.3624551692070566,0.9688519255965304,0.1847853279490237
meta-qts-hillsboro-or,2018-08-18,3,39.074581383305166,0.4040164900231666,0.9708157796293232,0.1794009332355244
meta-qts-hillsboro-or,2018-08-18,4,37.87237341182885,0.4580806284109728,0.9729178432020438,0.1701519120226143
meta-qts-hillsboro-or,2018-09-03,0,34.12760764733954,0.3778264854349863,0.9693504788980573,0.2126650876520938
meta-qts-hillsboro-or,2018-09-03,1,34.55172912264062,0.357893568459614,0.9695471853672994,0.1879524471345042
meta-qts-hillsboro-or,2018-09-03,2,34.57326850026135,0.3546663775655101,0.9687244385390672,0.1838722893167331
meta-qts-hillsboro-or,2018-09-03,3,34.32422117030809,0.3930035146511169,0.970541112910582,0.1786080433902295
meta-qts-hillsboro-or,2018-09-03,4,33.113486451309086,0.458143835333992,0.9723752393373832,0.1681479282004366
meta-qts-hillsboro-or,2018-09-19,0,29.016806866334395,0.3901657469926775,0.9694501750736848,0.1592253490217218
meta-qts-hillsboro-or,2018-09-19,1,29.123498371169944,0.3655029747572949,0.969707688313338,0.1567761343758362
meta-qts-hillsboro-or,2018-09-19,2,29.5761568264701,0.3737194575652289,0.968854559274885,0.1447786185363888
meta-qts-hillsboro-or,2018-09-19,3,29.478896922500823,0.40964964019111,0.9708101822851042,0.1416468845550521
meta-qts-hillsboro-or,2018-09-19,4,28.35924283740046,0.4698194516557437,0.972892377539186,0.1346833856246997
meta-qts-hillsboro-or,2018-10-21,0,21.56098637578183,0.4361327125043382,0.9695262029219818,0.1424261495196601
meta-qts-hillsboro-or,2018-10-21,1,21.5454709841681,0.4032023191877388,0.9698043197512852,0.1456510309440401
meta-qts-hillsboro-or,2018-10-21,2,22.18263625992183,0.4064120382558325,0.9688539065313948,0.1366871170594777
meta-qts-hillsboro-or,2018-10-21,3,22.280044308411828,0.4330546545698404,0.9707809088748772,0.130783971437761
meta-qts-hillsboro-or,2018-10-21,4,21.52741487255048,0.474843779846392,0.9726389538534588,0.1226809819218932
meta-qts-hillsboro-or,2018-11-06,0,10.251659587790154,0.320698670506421,0.968971354502396,0.2326788373009831
meta-qts-hillsboro-or,2018-11-06,1,11.104276396054985,0.3177946100678948,0.9684285269778374,0.2164721059996611
meta-qts-hillsboro-or,2018-11-06,2,11.128385746310752,0.3232486976311368,0.9683236744527698,0.2231574587563214
meta-qts-hillsboro-or,2018-11-06,3,11.158924078855213,0.3335931541611256,0.9700890623673916,0.2252170856480098
meta-qts-hillsboro-or,2018-11-06,4,10.753874711850576,0.3426976272973092,0.9703734397968876,0.2339643574331282
meta-qts-hillsboro-or,2019-02-10,0,4.7428315587929895,0.4535705816073057,0.9692977306272216,0.1319576419801946
meta-qts-hillsboro-or,2019-02-10,1,4.922959614007238,0.4205989908322793,0.9694987257549772,0.1325347860960481
meta-qts-hillsboro-or,2019-02-10,2,5.064974409097167,0.422774186070356,0.9686942156981466,0.1231372018354692
meta-qts-hillsboro-or,2019-02-10,3,4.8981040625605585,0.4805007764508707,0.970675007211226,0.1172208524952848
meta-qts-hillsboro-or,2019-02-10,4,4.484837491138751,0.5130982907434412,0.9723650828034504,0.1054431681215241
meta-qts-hillsboro-or,2019-02-26,4,-8.969562039999971,0.4949119902465381,0.9775,0.1645932075
meta-qts-hillsboro-or,2019-03-14,0,3.4209585794051134,0.4350252400685324,0.969385760925125,0.1708439676860474
meta-qts-hillsboro-or,2019-03-14,1,4.420146763853091,0.3797258953871615,0.9693810670762044,0.1696512143625319
meta-qts-hillsboro-or,2019-03-14,2,6.107943659439098,0.3724346464386268,0.9683263215563338,0.1588088255288327
meta-qts-hillsboro-or,2019-03-14,3,7.755242849116637,0.4201658214117394,0.9702916821500108,0.1437530836336166
meta-qts-hillsboro-or,2019-03-14,4,7.898774400042126,0.456150570285097,0.9718474533095512,0.1269699512001192
meta-qts-hillsboro-or,2019-03-30,0,23.541092149164193,0.52085582088617,0.9695038157434612,0.1481411114968801
meta-qts-hillsboro-or,2019-03-30,1,24.31397024260965,0.4737956218928039,0.969786405529952,0.1498326781374518
meta-qts-hillsboro-or,2019-03-30,2,24.526904097618512,0.4976877562365012,0.9688911518156156,0.1391248767485785
meta-qts-hillsboro-or,2019-03-30,3,24.289864226224665,0.5352323330091496,0.971072399411353,0.1342463519516614
meta-qts-hillsboro-or,2019-03-30,4,23.603420221247905,0.5595219082636573,0.972930234767462,0.1242143528889971
meta-qts-hillsboro-or,2019-05-01,0,27.339188000635204,0.6129154667309674,0.9697629020904388,0.1808482460487504
meta-qts-hillsboro-or,2019-05-01,1,28.705449172083103,0.5630799867261037,0.9701466962279786,0.1732781972731732
meta-qts-hillsboro-or,2019-05-01,2,28.27289466740074,0.5862618686128931,0.96914227168997,0.166787855875349
meta-qts-hillsboro-or,2019-05-01,3,28.11720277579389,0.6141382460762351,0.9715976139111656,0.1602343288431903
meta-qts-hillsboro-or,2019-05-01,4,27.563484003711498,0.6403814188524632,0.9736456354183244,0.1531140254729448
meta-qts-hillsboro-or,2019-05-17,2,6.2178605053571605,0.8356483657291128,0.970108928571428,0.1808791735267857
meta-qts-hillsboro-or,2019-05-17,3,5.870274440000023,0.7447211820828481,0.9815382352941175,0.1691079067647059
meta-qts-hillsboro-or,2019-05-17,4,5.811421305714313,0.7041420771637333,0.9812571428571428,0.1861712867857143
meta-qts-hillsboro-or,2019-06-02,0,29.631262418479427,0.6257095392662076,0.9699733025118866,0.1937573691531362
meta-qts-hillsboro-or,2019-06-02,1,30.794104390164893,0.567793671047776,0.9702297516607404,0.1890582842326937
meta-qts-hillsboro-or,2019-06-02,2,31.474615905084487,0.61107572943959,0.9693530905966636,0.182465752989792
meta-qts-hillsboro-or,2019-06-02,3,32.425525859966456,0.6111351285319827,0.971912019895712,0.1685233143259893
meta-qts-hillsboro-or,2019-06-02,4,31.8576109057919,0.6483116478482872,0.9742007478725766,0.1660986693566411
meta-qts-hillsboro-or,2019-06-18,0,33.71369907457,0.5398337568627467,0.969803234889392,0.1833751738109411
meta-qts-hillsboro-or,2019-06-18,1,35.65951643267602,0.5026058191526269,0.9700781607089854,0.1826592436262506
meta-qts-hillsboro-or,2019-06-18,2,35.037249381929485,0.5492068870774942,0.9692530252994463,0.1782736373283962
meta-qts-hillsboro-or,2019-06-18,3,35.146065074479246,0.5625336186274282,0.971679200358032,0.1724587587608138
meta-qts-hillsboro-or,2019-06-18,4,34.46887281976813,0.605565783558314,0.9739407749633554,0.1650526082914907
meta-qts-hillsboro-or,2019-07-04,0,24.3034354223257,0.3172544571221013,0.968926260156318,0.2293318780374845
meta-qts-hillsboro-or,2019-07-04,1,28.94712482330455,0.343188500164104,0.9690698969737392,0.2616869588121515
meta-qts-hillsboro-or,2019-07-04,2,30.987311059700662,0.425385016893571,0.96899463415125,0.2254148839681508
meta-qts-hillsboro-or,2019-07-04,3,30.673557008992,0.4630907976343686,0.97109340349744,0.2051357286312545
meta-qts-hillsboro-or,2019-07-04,4,29.25950634065296,0.4979846130719346,0.9734457840461636,0.1995047167643165
meta-qts-hillsboro-or,2019-07-20,0,38.23339975996864,0.372371597052392,0.96940918395184,0.1834053534180089
meta-qts-hillsboro-or,2019-07-20,1,39.315356324753004,0.3891384646647136,0.9697683956351378,0.1790900082512581
meta-qts-hillsboro-or,2019-07-20,2,38.53397397024085,0.4151863796429194,0.96898717819365,0.173226134063382
meta-qts-hillsboro-or,2019-07-20,3,38.36645100975606,0.4592685712059854,0.9710663476970623,0.1666521315068346
meta-qts-hillsboro-or,2019-07-20,4,37.650211227552056,0.5117667322669851,0.9732721897700928,0.1599526302473917
meta-qts-hillsboro-or,2019-08-05,0,44.48971484539895,0.4029781257102901,0.9694971546526744,0.1793789366848157
meta-qts-hillsboro-or,2019-08-05,1,45.63167554002521,0.3891871746453811,0.969784490604769,0.178047807418333
meta-qts-hillsboro-or,2019-08-05,2,45.27908192687587,0.4061042296983299,0.968948528184898,0.1741449157929114
meta-qts-hillsboro-or,2019-08-05,3,45.22778937925363,0.4487323517923652,0.9710700615784896,0.1671330354804541
meta-qts-hillsboro-or,2019-08-05,4,44.37603634794402,0.5002921027635806,0.9732323664656612,0.1602707912259118
meta-qts-hillsboro-or,2019-09-06,0,31.38148173588888,0.335168570580874,0.9675817966334176,0.2601102589798282
meta-qts-hillsboro-or,2019-09-06,1,32.569732082644094,0.351991686549311,0.9698504634412466,0.2145267613007708
meta-qts-hillsboro-or,2019-09-06,2,31.36292189514663,0.4127275658440451,0.967603035271905,0.1388622434918403
meta-qts-hillsboro-or,2019-09-06,3,30.577379515070092,0.5753554836268576,0.9737054468276922,0.1266866674717328
meta-qts-hillsboro-or,2019-09-06,4,30.941312362864217,0.481186572696282,0.9751364483810564,0.1544683259781026
meta-qts-hillsboro-or,2019-10-24,0,19.880068317398223,0.5206884707458236,0.9694403718555988,0.1300843787895279
meta-qts-hillsboro-or,2019-10-24,1,20.26711166298389,0.4802350509003135,0.9697605024918688,0.1388606612372225
meta-qts-hillsboro-or,2019-10-24,2,20.505719153674697,0.4607269307751228,0.968897704549842,0.1241736774810979
meta-qts-hillsboro-or,2019-10-24,3,20.250208802433733,0.5158296674512504,0.9709522599448188,0.1223530641743411
meta-qts-hillsboro-or,2019-10-24,4,19.537201578435887,0.5684308741142203,0.9728262621069172,0.1129995559004475
meta-qts-hillsboro-or,2019-11-25,0,8.942516771839978,0.5291751032050117,0.9696333162268944,0.100785041757732
meta-qts-hillsboro-or,2019-11-25,1,8.313467089801717,0.5490009906364912,0.9722862349763578,0.079169451903831
meta-qts-hillsboro-or,2019-11-25,2,8.66273950109988,0.5107550844547057,0.9699457856418736,0.0900504572951856
meta-qts-hillsboro-or,2019-11-25,3,8.032796565255543,0.5350428073160967,0.9716620785721436,0.0891832906673482
meta-qts-hillsboro-or,2019-11-25,4,7.446488805147368,0.5540668110018666,0.9735699194377082,0.08857401250158
meta-qts-hillsboro-or,2020-02-29,0,13.510642757636456,0.5208924583344732,0.969567825952687,0.1367878516819562
meta-qts-hillsboro-or,2020-02-29,1,13.831288740824764,0.5133748144594932,0.969906755148754,0.1389137034638096
meta-qts-hillsboro-or,2020-02-29,2,13.722113022088369,0.5196603347798762,0.9690726232904446,0.127520800662541
meta-qts-hillsboro-or,2020-02-29,3,12.725238784980773,0.5617587484747882,0.9714375866663968,0.1331317755386497
meta-qts-hillsboro-or,2020-02-29,4,10.874086942306484,0.5788621228507878,0.97343441682853,0.1328157026920985
meta-qts-hillsboro-or,2020-03-16,0,16.453754325998936,0.4891785758414234,0.9694918108205068,0.1548456001128668
meta-qts-hillsboro-or,2020-03-16,1,17.022184931920183,0.4841463153173195,0.9698008359725544,0.1528938929114196
meta-qts-hillsboro-or,2020-03-16,2,16.961657817027998,0.4898869622823233,0.9689000036745185,0.1419872810341257
meta-qts-hillsboro-or,2020-03-16,3,16.902127868508963,0.5389371075185566,0.9711056421452342,0.1364905648475076
meta-qts-hillsboro-or,2020-03-16,4,16.654530562858838,0.570427616512021,0.972985100097596,0.1255200676268037
meta-qts-hillsboro-or,2020-04-17,0,28.32811556703517,0.5264062577055286,0.9696494316349742,0.1750019655891539
meta-qts-hillsboro-or,2020-04-17,1,28.99136750650928,0.5262808446813328,0.9699957972774106,0.1685990855797496
meta-qts-hillsboro-or,2020-04-17,2,28.48729834280622,0.5461997300734927,0.9690375170208309,0.1628075856625674
meta-qts-hillsboro-or,2020-04-17,3,28.218251081876364,0.5908638768560155,0.9714595309237614,0.1586375232494992
meta-qts-hillsboro-or,2020-04-17,4,27.740516539319245,0.6164028263740227,0.9734495455054968,0.1487514799457356
meta-qts-hillsboro-or,2020-05-03,0,12.31838684574977,0.5912197079720722,0.970127624519392,0.1979358380381709
meta-qts-hillsboro-or,2020-05-03,1,10.851727396613134,0.5773641401356164,0.969647578673126,0.1409880443529606
meta-qts-hillsboro-or,2020-05-03,2,14.936569040166424,0.5698235444509406,0.9654534001462732,0.133006734548361
meta-qts-hillsboro-or,2020-05-03,3,11.171131341106086,0.7133584527849541,0.9719778337327842,0.1307152428659149
meta-qts-hillsboro-or,2020-05-03,4,13.42323257753807,0.7462461413102771,0.973967494844814,0.1494585901568928
meta-qts-hillsboro-or,2020-06-04,0,26.656937436774392,0.5489317825650145,0.9698367055265148,0.2021950137382661
meta-qts-hillsboro-or,2020-06-04,1,27.449424506704908,0.5389581091516698,0.9702297876914306,0.1931311835065429
meta-qts-hillsboro-or,2020-06-04,2,25.65945909876837,0.5824677830630752,0.9691869874497084,0.1974498959562134
meta-qts-hillsboro-or,2020-06-04,3,24.607960530527695,0.5893465677273412,0.9713165414552352,0.1926334032839558
meta-qts-hillsboro-or,2020-06-04,4,24.506873645551085,0.6196422571841622,0.9738604351417816,0.1848122970618854
meta-qts-hillsboro-or,2020-07-06,4,21.577852370000013,0.6265716576196795,0.9723833333333332,0.1557808485416666
meta-qts-hillsboro-or,2020-07-22,0,34.77403090522175,0.3748354289490719,0.9692332013521636,0.2427879314134025
meta-qts-hillsboro-or,2020-07-22,1,36.06362710822635,0.3587489742392023,0.968673710877786,0.2174925995622742
meta-qts-hillsboro-or,2020-07-22,2,34.44642399122373,0.4299148383422178,0.968842888801224,0.2156232929542013
meta-qts-hillsboro-or,2020-07-22,3,33.89658626073793,0.4849336682784023,0.9707138617445028,0.2247120566860233
meta-qts-hillsboro-or,2020-07-22,4,35.219420249847644,0.5111073175668192,0.973123652443468,0.193141177519769
meta-qts-hillsboro-or,2020-08-07,0,35.82824965857734,0.4004354121005383,0.9693704023288656,0.1899480183344501
meta-qts-hillsboro-or,2020-08-07,1,35.98770597869029,0.379885113976363,0.9697679569085048,0.1919643605269138
meta-qts-hillsboro-or,2020-08-07,2,35.15382806652352,0.3980357286626311,0.9688901733086795,0.2026947104836268
meta-qts-hillsboro-or,2020-08-07,3,34.388398558045616,0.4279643499352977,0.9700973463483772,0.189560270643535
meta-qts-hillsboro-or,2020-08-07,4,34.41949831241677,0.4887613326551371,0.9725659808256364,0.1732051121450666
meta-qts-hillsboro-or,2020-08-23,0,36.959258852183545,0.3864096536510416,0.9694373249830822,0.1783452665593934
meta-qts-hillsboro-or,2020-08-23,1,37.90327227443412,0.362005541887227,0.9696930739325512,0.1714224396836566
meta-qts-hillsboro-or,2020-08-23,2,37.961804657083285,0.386503941511423,0.9689115802221472,0.1744938810995313
meta-qts-hillsboro-or,2020-08-23,3,37.65551078106642,0.4394281051152051,0.971016312935092,0.1611506222017597
meta-qts-hillsboro-or,2020-08-23,4,36.648780313850885,0.487439513022215,0.9730913636117088,0.1557237965749983
meta-qts-hillsboro-or,2020-09-08,0,30.318363418672888,0.3585651781984732,0.9693575676792624,0.1823207618516711
meta-qts-hillsboro-or,2020-09-08,1,30.8831770295248,0.3299589271986862,0.9695457732064874,0.1747788675033003
meta-qts-hillsboro-or,2020-09-08,2,30.74034711548009,0.3492544620693112,0.9687922263338076,0.1759172126452846
meta-qts-hillsboro-or,2020-09-08,3,30.81305099874106,0.3883146340651049,0.970680843327696,0.1711437949169514
meta-qts-hillsboro-or,2020-09-08,4,30.475824232412624,0.4436977784009385,0.9726793011889394,0.1604153923725037
meta-qts-hillsboro-or,2020-09-24,1,14.403407852039315,0.366099105167903,0.9698400599558216,0.1548514049803763
meta-qts-hillsboro-or,2020-09-24,2,15.379694467112552,0.4320348996183072,0.9703163724693642,0.1367512685703027
meta-qts-hillsboro-or,2020-09-24,3,15.639880363468585,0.4200434580374673,0.9709384530673904,0.1258100668929111
meta-qts-hillsboro-or,2020-09-24,4,17.472305387686156,0.4568643645634083,0.9724243515864248,0.1122157002022207
meta-qts-hillsboro-or,2020-10-10,4,16.154224673185638,0.6013074597356686,0.973812297136816,0.0882845259011798
meta-qts-hillsboro-or,2020-10-26,0,14.761379017013343,0.4610164447670867,0.9696487095411744,0.1529765792876135
meta-qts-hillsboro-or,2020-10-26,1,15.096346434303078,0.4183915620750422,0.9695976342370258,0.1430439337071644
meta-qts-hillsboro-or,2020-10-26,2,15.175632845498086,0.4788198333338576,0.9690378198181449,0.1404661168780419
meta-qts-hillsboro-or,2020-10-26,3,15.175488325809845,0.5154218939129372,0.9711828552470796,0.1321390676464111
meta-qts-hillsboro-or,2020-10-26,4,14.512443250268923,0.5629521176241493,0.973235155096376,0.1222524668098623
meta-qts-hillsboro-or,2020-11-11,0,4.147370044670917,0.0278540821825489,0.9686795070687976,0.6168425150831555
meta-qts-hillsboro-or,2020-11-11,1,4.164472217050189,0.0280769757764177,0.9685742509249876,0.5544040430634856
meta-qts-hillsboro-or,2020-11-11,2,4.173092694755899,0.0411631323008159,0.9680093951596104,0.5864736897092993
meta-qts-hillsboro-or,2020-11-11,3,4.005956775793424,0.0407006151693924,0.9689622838894024,0.5892466806233762
meta-qts-hillsboro-or,2020-11-11,4,3.838780740028576,0.0496100665215342,0.9701294164192752,0.5654464124966644
meta-qts-hillsboro-or,2020-11-27,4,0.4291726352000228,0.4780654230419738,0.9640160000000002,0.1870233701999999
meta-qts-hillsboro-or,2021-01-14,0,9.47063741886992,0.4331249748568699,0.9692956165727334,0.1266529180003678
meta-qts-hillsboro-or,2021-01-14,1,9.414332412254767,0.3991462711789364,0.9692649398949224,0.117916213124572
meta-qts-hillsboro-or,2021-01-14,2,9.744680375456056,0.4519105485993603,0.968783469678934,0.1154828955768594
meta-qts-hillsboro-or,2021-01-14,3,9.637547729485698,0.5027447937427708,0.9706819380304996,0.1104646806324129
meta-qts-hillsboro-or,2021-01-14,4,9.451455445501043,0.5437095614264871,0.972411121010268,0.1018705805015028
meta-qts-hillsboro-or,2021-03-03,0,15.40563788800735,0.4225124764925769,0.9693500079475724,0.1491344956484312
meta-qts-hillsboro-or,2021-03-03,1,15.6165709252187,0.3804144394903179,0.9693087305977856,0.1404057506046457
meta-qts-hillsboro-or,2021-03-03,2,15.526261405634031,0.4334221653782369,0.968776890427524,0.1327851525773654
meta-qts-hillsboro-or,2021-03-03,3,15.333362649017356,0.4885124792573946,0.9708134836790682,0.125805885476489
meta-qts-hillsboro-or,2021-03-03,4,14.83518459183618,0.5350467018108709,0.9725924080189864,0.1158977969736777
meta-qts-hillsboro-or,2021-03-19,4,-3.626220202857122,0.3866580646880255,0.975007142857143,0.0846495446428571
meta-qts-hillsboro-or,2021-04-20,0,30.31416585733246,0.4968671204798973,0.9695754133873458,0.1738427381538922
meta-qts-hillsboro-or,2021-04-20,1,31.238876625422424,0.4329606315042631,0.9691636748818409,0.1708558595889697
meta-qts-hillsboro-or,2021-04-20,2,30.264767534801233,0.5084560671143776,0.9689997166747392,0.1694486531323102
meta-qts-hillsboro-or,2021-04-20,3,29.424703318794048,0.575541858090721,0.9714124597014886,0.162319022817754
meta-qts-hillsboro-or,2021-04-20,4,28.910160076794217,0.6084453589854835,0.973390032482398,0.151376145204534
meta-qts-hillsboro-or,2021-05-22,0,30.793357986531735,0.5530647592657532,0.9698364466626996,0.1667646743595928
meta-qts-hillsboro-or,2021-05-22,1,30.275533332427106,0.4565884939300275,0.9697376902208452,0.1885041932402074
meta-qts-hillsboro-or,2021-05-22,2,29.872047650162955,0.5303304073200283,0.9692724679774852,0.1869459239782925
meta-qts-hillsboro-or,2021-05-22,3,29.342816242692344,0.5708942606658441,0.9714442440993396,0.1816457563298127
meta-qts-hillsboro-or,2021-05-22,4,28.464191035092576,0.6217448693960488,0.9737705142351788,0.1735860064233743
meta-qts-hillsboro-or,2021-06-23,0,38.17992973618085,0.4710141872187223,0.9696820607376254,0.1718660919782986
meta-qts-hillsboro-or,2021-06-23,1,39.53968981419431,0.4097372876932967,0.9696361801110578,0.1816669089957429
meta-qts-hillsboro-or,2021-06-23,2,38.51541144980697,0.4799485328376276,0.969067405415631,0.1693511397786689
meta-qts-hillsboro-or,2021-06-23,3,37.59023373043902,0.550606231957619,0.9716276101953778,0.1623822287627246
meta-qts-hillsboro-or,2021-06-23,4,36.60121300771261,0.5957160482322854,0.9738767299244886,0.1548689341750984
meta-qts-hillsboro-or,2021-07-09,0,41.60080170041471,0.3698017751873955,0.9693256738406756,0.1907754920493275
meta-qts-hillsboro-or,2021-07-09,1,42.50449581228135,0.3484070711552717,0.9694297484815622,0.193428357549088
meta-qts-hillsboro-or,2021-07-09,2,41.27676225770615,0.3946691016160976,0.9688489206007904,0.187629956653727
meta-qts-hillsboro-or,2021-07-09,3,40.37165403223414,0.4458095760680775,0.9709075144591442,0.1793058845351985
meta-qts-hillsboro-or,2021-07-09,4,39.08644700331994,0.4900481938268454,0.9729663188155148,0.1686182342445975
meta-qts-hillsboro-or,2021-07-25,0,43.87551349933625,0.3325999558261142,0.9692578365343116,0.1900218432162694
meta-qts-hillsboro-or,2021-07-25,1,44.50772992682128,0.3407907291030956,0.9694065513785506,0.1913560896435651
meta-qts-hillsboro-or,2021-07-25,2,44.022071037466205,0.3878248126124352,0.9688081861221984,0.1849964936023992
meta-qts-hillsboro-or,2021-07-25,3,43.26637120699996,0.4314945801731571,0.9708200335734728,0.1795928558163073
meta-qts-hillsboro-or,2021-07-25,4,42.42483386387675,0.4784010981526366,0.9728734244468225,0.1740292344193928
meta-qts-hillsboro-or,2021-08-10,0,42.58676049323392,0.3319036883146885,0.9693564668268284,0.1781347379765023
meta-qts-hillsboro-or,2021-08-10,1,43.33215778401583,0.3340473740170566,0.9694623980392022,0.1860480611959615
meta-qts-hillsboro-or,2021-08-10,2,42.85712532787201,0.3724693175813927,0.9688614066645193,0.1828408520857075
meta-qts-hillsboro-or,2021-08-10,3,41.86446548761573,0.4066097480614772,0.9708312304596896,0.1805347279978521
meta-qts-hillsboro-or,2021-08-10,4,39.9701879025743,0.4553341074664196,0.9729108982333524,0.1748231689206728
meta-qts-hillsboro-or,2021-09-11,0,34.32641356981844,0.3208591477403758,0.9692941038089308,0.1599972333340414
meta-qts-hillsboro-or,2021-09-11,1,34.54639493066189,0.3334140728976746,0.9694071057667252,0.1727411099641018
meta-qts-hillsboro-or,2021-09-11,2,34.61134641870077,0.365042287638233,0.968795264783239,0.1689597067707756
meta-qts-hillsboro-or,2021-09-11,3,34.42898666432143,0.3968279040947836,0.970648617922813,0.1623203964633228
meta-qts-hillsboro-or,2021-09-11,4,33.41274865097247,0.4533284676854884,0.9726029652994276,0.1544569136556997
meta-qts-hillsboro-or,2021-10-29,0,15.53759264690466,0.4461460558455797,0.969458169605144,0.1244060379880734
meta-qts-hillsboro-or,2021-10-29,1,15.26403586952418,0.4589517951594792,0.9696761676229272,0.1452290910958451
meta-qts-hillsboro-or,2021-10-29,2,15.076441612065627,0.5552272519736504,0.969764069461441,0.1317139417246615
meta-qts-hillsboro-or,2021-10-29,3,14.367384242580393,0.554903259349218,0.9714907332501612,0.118399696087541
meta-qts-hillsboro-or,2021-10-29,4,15.56345046923845,0.5777708090492077,0.9727048956542828,0.1120731037211845
meta-qts-hillsboro-or,2021-12-16,0,0.4260481422200083,0.2781425791877518,0.9683834717677656,0.2479101969154292
meta-qts-hillsboro-or,2021-12-16,1,0.6365452610035472,0.3627858389746395,0.9678331191381148,0.2230414778042026
meta-qts-hillsboro-or,2021-12-16,2,1.4120022083452195,0.3241878946065876,0.968626483448908,0.2361221890723245
meta-qts-hillsboro-or,2021-12-16,3,1.9545401471584003,0.3365731726928427,0.9704153379169198,0.209449154357763
meta-qts-hillsboro-or,2021-12-16,4,1.622444359812759,0.1988283790521617,0.9707466308131456,0.3294853241843954
meta-qts-hillsboro-or,2022-01-01,0,-5.506330866451656,0.0029969149156331,0.9675152231098998,0.590412089382429
meta-qts-hillsboro-or,2022-01-01,1,-5.505283946235293,0.0052155273777054,0.9676648401531756,0.5641553462179179
meta-qts-hillsboro-or,2022-01-01,2,-5.405237201701667,0.0102862813237788,0.9677385040364602,0.5794955399939826
meta-qts-hillsboro-or,2022-01-01,3,-5.406674437721396,0.012278487671815,0.9684664158140002,0.5284140154563175
meta-qts-hillsboro-or,2022-01-01,4,-5.53349053271757,0.0817519263840994,0.9696908938731308,0.3880862795427758
meta-qts-hillsboro-or,2022-02-18,0,15.09296851164743,0.3816208798045496,0.969240882316876,0.1349055748208617
meta-qts-hillsboro-or,2022-02-18,1,15.06013682309016,0.4061200784122578,0.9692805092135603,0.1469050531115226
meta-qts-hillsboro-or,2022-02-18,2,14.735460788050569,0.4765261304075218,0.9688043684184532,0.1337753308398672
meta-qts-hillsboro-or,2022-02-18,3,14.838659137979835,0.5169317934707531,0.9708893438406244,0.1244141995783786
meta-qts-hillsboro-or,2022-02-18,4,14.34106217876875,0.5617240043665022,0.9726885695410856,0.1135971087911163
meta-qts-hillsboro-or,2022-03-06,4,5.283969610197108,0.4035474657083143,0.9741066908713694,0.1152666045707987
meta-qts-hillsboro-or,2022-03-22,0,11.326835271648942,0.1341320486158881,0.9705596871605472,0.4412730383553116
meta-qts-hillsboro-or,2022-03-22,1,12.19976739544584,0.1632462329371477,0.9681351529262084,0.4039772246070706
meta-qts-hillsboro-or,2022-03-22,2,12.441262571439133,0.2565305250086857,0.9683378251233206,0.3391404422543046
meta-qts-hillsboro-or,2022-03-22,3,12.302855646891617,0.2456154273303655,0.9697160194461368,0.3729906776381598
meta-qts-hillsboro-or,2022-03-22,4,13.272655783107524,0.3182074359249753,0.9704009374299698,0.3043464421296758
meta-qts-hillsboro-or,2022-04-07,0,29.13884020653467,0.3816536023796044,0.9691223222354926,0.1582732641208393
meta-qts-hillsboro-or,2022-04-07,1,28.243649924485148,0.4591929217897837,0.969528669680324,0.1659172051270495
meta-qts-hillsboro-or,2022-04-07,2,26.95076191400076,0.5435491893837429,0.9689869673207532,0.1556748496816541
meta-qts-hillsboro-or,2022-04-07,3,26.55032811459138,0.590618779575959,0.9714105983494348,0.1447639386454216
meta-qts-hillsboro-or,2022-04-07,4,26.062273236549498,0.6183455607503261,0.9733252579229392,0.13429658304303
meta-qts-hillsboro-or,2022-04-23,0,25.92916956906835,0.3775432619113965,0.969099758847919,0.1586619156831736
meta-qts-hillsboro-or,2022-04-23,1,24.77177496345046,0.4798156441392806,0.9697946702116672,0.1662154362598053
meta-qts-hillsboro-or,2022-04-23,2,23.448863911320515,0.5669008346283524,0.9691782499391208,0.164330494282019
meta-qts-hillsboro-or,2022-04-23,3,23.508364309982493,0.5991167699480119,0.9718297432068012,0.1528562901174015
meta-qts-hillsboro-or,2022-04-23,4,22.961218466515955,0.6262296669577305,0.9738836916690904,0.1436481713257502
meta-qts-hillsboro-or,2022-05-09,0,12.850585570998131,0.3049040911192689,0.9675455325381878,0.0970676030968821
meta-qts-hillsboro-or,2022-05-09,1,13.031193632599942,0.451050205762653,0.9685484572321316,0.1262495691220218
meta-qts-hillsboro-or,2022-05-09,2,8.057183538415764,0.7628072068318951,0.970434775028358,0.1398289833112947
meta-qts-hillsboro-or,2022-05-09,3,11.872275282540212,0.6966000202773789,0.970899979262534,0.1889366686050337
meta-qts-hillsboro-or,2022-05-09,4,13.222886254015252,0.7286078462725378,0.9740432552922234,0.1846752664570932
meta-qts-hillsboro-or,2022-05-25,3,11.243206055488857,0.7349388454437108,0.9746857690440118,0.2034100734832432
meta-qts-hillsboro-or,2022-05-25,4,13.059666358053368,0.6910764193290977,0.9734746604215464,0.1973132400069502
meta-qts-hillsboro-or,2022-06-26,0,46.80529728421868,0.327808625401052,0.9687903702660836,0.1823220101260941
meta-qts-hillsboro-or,2022-06-26,1,43.94225376976823,0.4614796741316806,0.9696879226036548,0.1891053294632295
meta-qts-hillsboro-or,2022-06-26,2,41.29262739344283,0.5615540995670819,0.9691046108577562,0.180893035289357
meta-qts-hillsboro-or,2022-06-26,3,41.09481505976365,0.5968712897550282,0.9715794614121672,0.1701016212480481
meta-qts-hillsboro-or,2022-06-26,4,40.61867570854568,0.6413168992552711,0.9737179354339328,0.1614004843969774
meta-qts-hillsboro-or,2022-07-12,0,47.69622196388138,0.3035646237255631,0.9687742112601212,0.1778296821630226
meta-qts-hillsboro-or,2022-07-12,1,44.79594617839449,0.4274439349898952,0.969606209541167,0.1819624105525714
meta-qts-hillsboro-or,2022-07-12,2,43.26981298409922,0.4762553968083552,0.9689792470717324,0.1780045544479753
meta-qts-hillsboro-or,2022-07-12,3,42.53269347162633,0.5379063892987335,0.9713244783677092,0.1665695897202624
meta-qts-hillsboro-or,2022-07-12,4,41.75131181776965,0.5838093508459401,0.9733661287422872,0.1581828091962647
meta-qts-hillsboro-or,2022-07-28,0,47.8156143417683,0.2818536459019061,0.9688227100770684,0.179579116388464
meta-qts-hillsboro-or,2022-07-28,1,45.98296758706176,0.3650590041806877,0.969556016368226,0.18811435028217
meta-qts-hillsboro-or,2022-07-28,2,44.708092534253275,0.3933522970597187,0.9689257014021576,0.1900850925391688
meta-qts-hillsboro-or,2022-07-28,3,43.73658635966525,0.4520181237639112,0.9710515181360724,0.1797853877908666
meta-qts-hillsboro-or,2022-07-28,4,42.59616519929825,0.5092601011967123,0.97324338289617,0.1701812941398185
meta-qts-hillsboro-or,2022-08-13,0,39.99500751822105,0.3068831670300805,0.9691339563788623,0.1683863398574541
meta-qts-hillsboro-or,2022-08-13,1,37.49399079523232,0.3997062765149183,0.97072532170567,0.2152215384291617
meta-qts-hillsboro-or,2022-08-13,2,34.816821644282456,0.3967438523752795,0.968930860466642,0.226441934148893
meta-qts-hillsboro-or,2022-08-13,3,35.12264444881863,0.4270854878782404,0.9712468619755312,0.2098149650239129
meta-qts-hillsboro-or,2022-08-13,4,34.14715870625947,0.4966782948427423,0.973600805500534,0.1895533199441453
meta-qts-hillsboro-or,2022-08-29,0,42.47853794510315,0.2733272559184642,0.968796553478084,0.1763338841815474
meta-qts-hillsboro-or,2022-08-29,1,41.82542291330823,0.354387324746321,0.96950948485197,0.1833237944336595
meta-qts-hillsboro-or,2022-08-29,2,41.42370340459066,0.3780407048509544,0.968820246787894,0.1801627629503233
meta-qts-hillsboro-or,2022-08-29,3,39.3963852907501,0.4222658702982818,0.9708485960994124,0.1685775782216321
meta-qts-hillsboro-or,2022-08-29,4,37.65888053850406,0.4798503103761447,0.972902114810642,0.1628311793763878
meta-qts-hillsboro-or,2022-09-14,1,26.33847264444481,0.5086819356368928,0.9657952894653592,0.0560892009655963
meta-qts-hillsboro-or,2022-09-14,2,26.091494914025247,0.4741529855659291,0.9691482398567024,0.0838683902324805
meta-qts-hillsboro-or,2022-09-14,3,27.88254534134391,0.4436608819540073,0.972016163844752,0.1375342161687007
meta-qts-hillsboro-or,2022-09-14,4,29.249204064647675,0.4028799206302662,0.9712220787546044,0.1883837178575955
meta-qts-hillsboro-or,2022-09-30,4,21.839215547373044,0.4957927153595631,0.9728112893577934,0.1546685940247638
meta-qts-hillsboro-or,2022-10-16,0,31.822523415803996,0.2653162887249999,0.9687533931596368,0.1554675710155069
meta-qts-hillsboro-or,2022-10-16,1,32.41774719996525,0.3156069275112863,0.9692222547036689,0.1569427675539286
meta-qts-hillsboro-or,2022-10-16,2,32.19611390412508,0.373195957762692,0.9686818674394324,0.1497967960323686
meta-qts-hillsboro-or,2022-10-16,3,32.177989404779765,0.4064402411323279,0.9706304673205752,0.1425970842242547
meta-qts-hillsboro-or,2022-10-16,4,31.6983107809413,0.4667355943663688,0.9724681257612664,0.1340746974148484
meta-qts-hillsboro-or,2022-11-17,0,5.014307874002253,0.4035791455911593,0.9690626039969118,0.1508801695525499
meta-qts-hillsboro-or,2022-11-17,1,4.999136272403847,0.3642715447729734,0.968573701963796,0.152974765073273
meta-qts-hillsboro-or,2022-11-17,2,3.86918060317671,0.4279172312095773,0.9688069697908096,0.139528127298549
meta-qts-hillsboro-or,2022-11-17,3,5.273930304300358,0.4011498521989118,0.9694034373792508,0.1340688481356311
meta-qts-hillsboro-or,2022-11-17,4,5.166383489306097,0.4688007904666347,0.9720321956062812,0.119283857100637
meta-qts-hillsboro-or,2023-02-21,0,9.548007248243591,0.4239096256967729,0.9709747843485608,0.0773582580531811
meta-qts-hillsboro-or,2023-02-21,1,10.052999048594485,0.4153269850506557,0.9697454875345908,0.1039922148512996
meta-qts-hillsboro-or,2023-02-21,2,10.09619800917135,0.4609633163236148,0.9691343080969566,0.105326806779347
meta-qts-hillsboro-or,2023-02-21,3,9.28575285788303,0.4966410402173704,0.9708179220539817,0.1049319075709463
meta-qts-hillsboro-or,2023-02-21,4,8.531364583988136,0.5427240993499298,0.9728099732182088,0.1038387981185857
meta-qts-hillsboro-or,2023-03-25,0,2.082881655670115,0.1872901200067689,0.9706604810996562,0.2851239989325601
meta-qts-hillsboro-or,2023-03-25,1,4.7588507043862895,0.2440938822813913,0.969137471815108,0.2976696251220583
meta-qts-hillsboro-or,2023-03-25,2,4.728359701285645,0.2741084090783387,0.9688141730611836,0.2788431163336269
meta-qts-hillsboro-or,2023-03-25,3,4.2870864755310905,0.2230731764060734,0.968230886617822,0.3121830678507756
meta-qts-hillsboro-or,2023-03-25,4,4.418277977075182,0.2595683217884598,0.9707723711852896,0.2896138131605092
meta-qts-hillsboro-or,2023-04-26,0,20.290237423263708,0.2825658651502308,0.9688013492708666,0.1855520760131341
meta-qts-hillsboro-or,2023-04-26,1,19.220737445207018,0.3839439869266861,0.9693704775428872,0.1633582357992874
meta-qts-hillsboro-or,2023-04-26,2,18.413863672120133,0.4593706834169045,0.968912160993052,0.150240459532245
meta-qts-hillsboro-or,2023-04-26,3,18.444469870087985,0.5066203445982227,0.9713006059540712,0.1432779684582974
meta-qts-hillsboro-or,2023-04-26,4,17.80878069356164,0.5229437969241163,0.973028561833428,0.1351750033509046
meta-qts-hillsboro-or,2023-05-12,0,37.57830986254421,0.3111645877155871,0.9687490724046623,0.1986509193187005
meta-qts-hillsboro-or,2023-05-12,1,35.591669112381254,0.4562088255213514,0.9695144115189194,0.1768581632017809
meta-qts-hillsboro-or,2023-05-12,2,33.695462337648046,0.5527187431410893,0.9690489727704478,0.1649633134942242
meta-qts-hillsboro-or,2023-05-12,3,33.225584508883685,0.5890936692381503,0.9715786951183366,0.1599442839341279
meta-qts-hillsboro-or,2023-05-12,4,32.71403738981246,0.6186972202035788,0.9735013921779504,0.15305798865286
meta-qts-hillsboro-or,2023-05-28,0,34.399179956288336,0.3134347541509912,0.9688032544177144,0.2085604448894006
meta-qts-hillsboro-or,2023-05-28,1,33.469902559037905,0.4641275168950499,0.9696723708193784,0.1911894153149733
meta-qts-hillsboro-or,2023-05-28,2,31.469612680349854,0.5357244844448384,0.9691749772361692,0.1955297070227533
meta-qts-hillsboro-or,2023-05-28,3,30.84649050730889,0.5568771935540291,0.9716157878105662,0.1863843835101496
meta-qts-hillsboro-or,2023-05-28,4,30.169804824638668,0.5984371690419732,0.9737394244011344,0.1775050283394185
meta-qts-hillsboro-or,2023-06-29,0,44.00252265382201,0.2811941380470019,0.96875458620392,0.2078160709670607
meta-qts-hillsboro-or,2023-06-29,1,42.71864657250511,0.3708761825924935,0.969368774260158,0.1942028796098171
meta-qts-hillsboro-or,2023-06-29,2,41.83250968104706,0.4340460429025463,0.9688776563664888,0.1805287572027907
meta-qts-hillsboro-or,2023-06-29,3,41.67297421979604,0.4884682411890698,0.971125437389952,0.1724626854695114
meta-qts-hillsboro-or,2023-06-29,4,40.78837197614417,0.5451642349566274,0.9731517977605156,0.1629066370243618
meta-qts-hillsboro-or,2023-07-15,0,48.42893821702032,0.2620509069049778,0.9687521742289712,0.2110085385084789
meta-qts-hillsboro-or,2023-07-15,1,47.41942319503927,0.3380350964556298,0.9692918699322366,0.1991324337585651
meta-qts-hillsboro-or,2023-07-15,2,47.20940669643733,0.3729002015505523,0.9687648978749948,0.1936095144848526
meta-qts-hillsboro-or,2023-07-15,3,47.057782148605625,0.4208195717951546,0.9707288918763388,0.1864817311902828
meta-qts-hillsboro-or,2023-07-15,4,46.07758152879017,0.4826519965271881,0.97280007851909,0.1778218457558103
meta-qts-hillsboro-or,2023-07-31,0,40.80181054039768,0.2569801744878681,0.9687835798594864,0.2050818254558276
meta-qts-hillsboro-or,2023-07-31,1,39.98122356476856,0.3328641809087675,0.9693659096689398,0.2015724697824686
meta-qts-hillsboro-or,2023-07-31,2,40.11885921974719,0.370424499130887,0.9688404124358966,0.1951427133468758
meta-qts-hillsboro-or,2023-07-31,3,40.01583653179306,0.4112848464142673,0.9709093626143128,0.1882520521793876
meta-qts-hillsboro-or,2023-07-31,4,38.97469068976198,0.472517366729263,0.9730677029264028,0.1767236351900725
meta-qts-hillsboro-or,2023-08-16,0,47.82838844118323,0.254527621688608,0.9687563941633016,0.1964800482457549
meta-qts-hillsboro-or,2023-08-16,1,47.676420697859456,0.3171867072612652,0.9692062832678304,0.197700514684353
meta-qts-hillsboro-or,2023-08-16,2,47.75453177022659,0.3535848474373325,0.9686692511968482,0.1840164443552774
meta-qts-hillsboro-or,2023-08-16,3,48.27333944579495,0.3885533508053073,0.9704990326842724,0.1777955750171092
meta-qts-hillsboro-or,2023-08-16,4,46.69718052276245,0.4518752053946316,0.9725198079781512,0.1720295742952302
meta-qts-hillsboro-or,2023-09-01,0,34.90849559389104,0.2690533802224394,0.968775555535371,0.1805239384637001
meta-qts-hillsboro-or,2023-09-01,1,34.362780404945475,0.3315882935888064,0.9692800396034792,0.17290118782551
meta-qts-hillsboro-or,2023-09-01,2,33.47305684557909,0.3726361881333348,0.9687464457561104,0.151251502114828
meta-qts-hillsboro-or,2023-09-01,3,33.218546400439585,0.4124068209257965,0.9706733767884388,0.1410367786684511
meta-qts-hillsboro-or,2023-09-01,4,32.341752693727,0.4854036120723874,0.9728871500533012,0.135926808287251
meta-qts-hillsboro-or,2023-09-17,0,25.32597246655468,0.2575597112210983,0.96882127497241,0.211872418623889
meta-qts-hillsboro-or,2023-09-17,1,25.218759314983725,0.3230484284689555,0.9692434519520136,0.1973411812109813
meta-qts-hillsboro-or,2023-09-17,2,25.496436421192147,0.3614893003971433,0.9686711634340616,0.181499641030034
meta-qts-hillsboro-or,2023-09-17,3,25.462356407980213,0.3897566714336283,0.9705057868826868,0.1776843087876364
meta-qts-hillsboro-or,2023-09-17,4,23.479061096455226,0.4496228493255809,0.9726057018930852,0.1697363132677209
meta-qts-hillsboro-or,2023-10-03,0,18.440939213191296,0.4939737154941624,0.9703576061413132,0.0590009054966316
meta-qts-hillsboro-or,2023-10-03,1,18.558461913416227,0.5247326180929044,0.9689719453124264,0.0761129591697092
meta-qts-hillsboro-or,2023-10-03,2,19.420192512319097,0.4409610715202047,0.9680809963750644,0.1456502309942343
meta-qts-hillsboro-or,2023-10-03,3,18.35386548951422,0.4467986928108322,0.969975454724633,0.132534688413514
meta-qts-hillsboro-or,2023-10-03,4,17.074023779208108,0.468706120810194,0.9705054201592942,0.1357170208695048
meta-qts-hillsboro-or,2023-10-19,0,21.87284826108444,0.3332433020091935,0.9684815087243368,0.1538026635968
meta-qts-hillsboro-or,2023-10-19,1,21.29568741253348,0.4426225369705306,0.968786285081893,0.1512071542799254
meta-qts-hillsboro-or,2023-10-19,2,21.308273349159307,0.4519234342985641,0.968462239145006,0.132995737126065
meta-qts-hillsboro-or,2023-10-19,3,21.51301596909304,0.4869190919269877,0.9695172498725844,0.129547944367448
meta-qts-hillsboro-or,2023-10-19,4,19.88255581889834,0.5904209901838497,0.9730686785744938,0.1163332134599053
meta-qts-hillsboro-or,2023-11-04,0,2.500128206345455,0.0042485589171845,0.9768545911995434,0.4387235297971548
meta-qts-hillsboro-or,2023-11-04,1,2.8507035992055623,0.0580048952878218,0.9744318773763648,0.4108052817901256
meta-qts-hillsboro-or,2023-11-04,2,3.3259760840498456,0.1232254009825754,0.9750283963170624,0.2738028182876643
meta-qts-hillsboro-or,2023-11-04,3,4.501701634032373,0.1823084352529684,0.9726070537090892,0.2502858256059066
meta-qts-hillsboro-or,2023-11-04,4,7.417349169006505,0.3509475660991785,0.974396195408506,0.1316969968253234
meta-qts-hillsboro-or,2023-11-20,2,1.8489047387081672,0.4434605852062609,0.9634461992910596,0.1643572317546278
meta-qts-hillsboro-or,2023-11-20,3,3.25973751766705,0.4222282048256623,0.968865322123122,0.1525180168381956
meta-qts-hillsboro-or,2023-11-20,4,3.5516159920467807,0.454313555810358,0.9709395881871732,0.1407888261443888
meta-qts-hillsboro-or,2024-01-07,0,1.3878729140598165,0.3895805966733955,0.9695183761910628,0.0926744754407442
meta-qts-hillsboro-or,2024-01-07,1,2.0339710926631556,0.5277600216783125,0.9694625955629208,0.0891457398654452
meta-qts-hillsboro-or,2024-01-07,2,2.3444894073285445,0.5341987452528661,0.9692194063074862,0.0937521353269533
meta-qts-hillsboro-or,2024-01-07,3,2.36310924897433,0.570579068138849,0.9703466325288498,0.0820960597104669
meta-qts-hillsboro-or,2024-01-07,4,2.5019250233821184,0.5912091402225527,0.9715125869146436,0.0673677936213719
meta-qts-hillsboro-or,2024-01-23,0,12.152872269853097,0.3392359568790946,0.9687408932164052,0.1289024733734154
meta-qts-hillsboro-or,2024-01-23,1,12.12860535950646,0.4497197487753186,0.9693575404058432,0.1238940394582441
meta-qts-hillsboro-or,2024-01-23,2,12.054691393779004,0.5235604438524994,0.9692663726714956,0.100796342820968
meta-qts-hillsboro-or,2024-01-23,3,11.437958524682989,0.5848182486982068,0.9708659185168144,0.0995069009987773
meta-qts-hillsboro-or,2024-01-23,4,10.742231565822664,0.6156294682181884,0.9724564995158236,0.0919042229621397
meta-qts-hillsboro-or,2024-02-08,0,11.345269645378938,0.2958853178162426,0.9687412615296576,0.1607333232583004
meta-qts-hillsboro-or,2024-02-08,1,11.352242944518055,0.4171022199048967,0.9692679526696004,0.1521357450756922
meta-qts-hillsboro-or,2024-02-08,2,11.207743044288906,0.4862805035998779,0.9690608276829455,0.1286731490404353
meta-qts-hillsboro-or,2024-02-08,3,10.52718162851317,0.5689189119247308,0.9718328685275348,0.1140382033447481
meta-qts-hillsboro-or,2024-02-08,4,9.282096148506128,0.593415299560497,0.9736219636196828,0.1113033896042223
meta-qts-hillsboro-or,2024-02-24,0,14.547286872351556,0.2872712090440996,0.9687585213880544,0.1652557391589675
meta-qts-hillsboro-or,2024-02-24,1,14.251223711574898,0.3892835381042662,0.9692057759617756,0.1517970169587827
meta-qts-hillsboro-or,2024-02-24,2,13.96404834167894,0.4521192897316776,0.9687707998231568,0.1366992374480289
meta-qts-hillsboro-or,2024-02-24,3,13.551035407561152,0.5154275376593209,0.9708843587848496,0.1268354084013239
meta-qts-hillsboro-or,2024-02-24,4,12.957261180143584,0.548784246583582,0.9725425660500218,0.1169906857427846
meta-qts-hillsboro-or,2024-04-12,0,24.260611569474033,0.3110469537102807,0.9688392378504304,0.1984458661835413
meta-qts-hillsboro-or,2024-04-12,1,23.11314394466689,0.4489805450296437,0.9695907744781588,0.1768379045994349
meta-qts-hillsboro-or,2024-04-12,2,22.15331238045197,0.5315300241309976,0.9691765677521872,0.1626633773629496
meta-qts-hillsboro-or,2024-04-12,3,21.852169721678553,0.5941195902346822,0.9717751946101612,0.1525325725488045
meta-qts-hillsboro-or,2024-04-12,4,21.39859550861493,0.6365455202962863,0.9739598999909916,0.1412480794362052
meta-qts-hillsboro-or,2024-05-14,0,35.43961403369566,0.322615648636188,0.9688057722089252,0.2095165022303392
meta-qts-hillsboro-or,2024-05-14,1,33.52477552149789,0.4789033283452588,0.969626729927271,0.188379257941989
meta-qts-hillsboro-or,2024-05-14,2,31.63635874799789,0.572080493795542,0.9692113289138392,0.1785886689648748
meta-qts-hillsboro-or,2024-05-14,3,31.37943024920238,0.6242011158804565,0.9716968887970874,0.1695377159460065
meta-qts-hillsboro-or,2024-05-14,4,30.51592166528538,0.6742907215279073,0.9739373549126346,0.1604871631914033
meta-qts-hillsboro-or,2024-05-30,0,32.007496488262234,0.3315054257460834,0.9688723833182704,0.2187098912858491
meta-qts-hillsboro-or,2024-05-30,1,29.783018760123703,0.4783186646576113,0.9696105939310978,0.1934598827977048
meta-qts-hillsboro-or,2024-05-30,2,28.18404991329232,0.5704484556187384,0.9692721410547206,0.1787482074767457
meta-qts-hillsboro-or,2024-05-30,3,27.889681877672636,0.600350333120694,0.9713841527407752,0.1795486719433511
meta-qts-hillsboro-or,2024-05-30,4,27.29047287898648,0.6331039096230361,0.973430091185906,0.172126162108033
meta-qts-hillsboro-or,2024-06-15,0,19.208899870190127,0.2615157422566593,0.967893983448893,0.2641923705496532
meta-qts-hillsboro-or,2024-06-15,1,24.623272908169223,0.4825631227082653,0.9689522289724642,0.2414662162552665
meta-qts-hillsboro-or,2024-06-15,2,26.331013838456904,0.465766809122886,0.9677152776586117,0.203404790724411
meta-qts-hillsboro-or,2024-06-15,3,26.420004944554588,0.5332407937118196,0.96989917464415,0.1875115316410472
meta-qts-hillsboro-or,2024-06-15,4,24.131977233485372,0.6336327722908623,0.9740753422126612,0.169738768938425
meta-qts-hillsboro-or,2024-07-01,0,38.68784648679157,0.291251288173228,0.9667177303796408,0.2455978193155522
meta-qts-hillsboro-or,2024-07-01,1,39.2593514612504,0.3629910564395963,0.9682471928436084,0.2305664199313166
meta-qts-hillsboro-or,2024-07-01,2,36.56066288222498,0.4124057128078619,0.9683540782810172,0.1928931072837047
meta-qts-hillsboro-or,2024-07-01,3,34.10741787236212,0.5493033427379663,0.9720649351077848,0.1785916852823074
meta-qts-hillsboro-or,2024-07-01,4,35.718184765647166,0.6003835937800142,0.9738723404285418,0.1765060484106247
meta-qts-hillsboro-or,2024-07-17,0,41.21357286366217,0.2859957553657637,0.9688509503026884,0.1980161776013655
meta-qts-hillsboro-or,2024-07-17,1,40.65771046544463,0.3560705948895199,0.969417364067409,0.188313718177271
meta-qts-hillsboro-or,2024-07-17,2,40.85753741310096,0.3940360240372895,0.9690119917876104,0.1888709050835658
meta-qts-hillsboro-or,2024-07-17,3,40.347064971995735,0.4444998848557089,0.9710515508933828,0.1813851612650524
meta-qts-hillsboro-or,2024-07-17,4,38.651018248366654,0.4932160194828701,0.9730344004865884,0.1685244228031802
meta-qts-hillsboro-or,2024-08-02,0,42.42458460037928,0.2982796391688682,0.9688752835012918,0.2140589643533288
meta-qts-hillsboro-or,2024-08-02,1,41.89665907964933,0.3577877974797687,0.9694177990093056,0.2045829174112214
meta-qts-hillsboro-or,2024-08-02,2,40.14406859711338,0.4003663641911543,0.96890278881029,0.196937461024881
meta-qts-hillsboro-or,2024-08-02,3,37.03664036826276,0.4456068949024123,0.9708636911709994,0.1865787952348218
meta-qts-hillsboro-or,2024-08-02,4,36.49916036672878,0.4963731141705126,0.9726059774909086,0.178679506953793
meta-qts-hillsboro-or,2024-08-18,1,28.72239806556321,0.2734090345090383,0.971245059098094,0.2506192389936572
meta-qts-hillsboro-or,2024-08-18,2,29.19927967383856,0.4001873997614857,0.9687378220529408,0.1898748983572024
meta-qts-hillsboro-or,2024-08-18,3,30.314470674154787,0.446169711895272,0.9709558355262624,0.1781151801652048
meta-qts-hillsboro-or,2024-08-18,4,30.281275226208827,0.4929099835264235,0.973005987618452,0.1717648391328101
meta-qts-hillsboro-or,2024-09-19,0,30.058017132149377,0.3195713143524477,0.9688605041940476,0.1870042578945746
meta-qts-hillsboro-or,2024-09-19,1,30.86864726219393,0.3490805176815077,0.969344297310716,0.1666726482107337
meta-qts-hillsboro-or,2024-09-19,2,30.79573365773381,0.3893727768665214,0.9688767601188308,0.1460298918197214
meta-qts-hillsboro-or,2024-09-19,3,30.85658990463312,0.4262950533379187,0.9708448332645688,0.1438784402713959
meta-qts-hillsboro-or,2024-09-19,4,29.616487572335664,0.4980125836137123,0.973089531210165,0.1387817388739086
meta-qts-hillsboro-or,2024-10-05,0,22.959860605796138,0.3303385943378987,0.9688449982515336,0.1786355149560158
meta-qts-hillsboro-or,2024-10-05,1,23.137000539094434,0.3595162494868503,0.9692427779661716,0.155142634354423
meta-qts-hillsboro-or,2024-10-05,2,22.872201852487713,0.411215484702247,0.9687959752373532,0.1354162295564687
meta-qts-hillsboro-or,2024-10-05,3,23.121004063861488,0.4585765843725999,0.9706492877932584,0.127138620621513
meta-qts-hillsboro-or,2024-10-05,4,22.82445978685285,0.5265435698514758,0.9727665624939574,0.1201470754625889
meta-qts-hillsboro-or,2024-10-21,2,14.862074955079072,0.3908385569779,0.966573011870439,0.1786158145354193
meta-qts-hillsboro-or,2024-10-21,3,16.287496551372048,0.5340302381657266,0.9708684765427024,0.1310712687035196
meta-qts-hillsboro-or,2024-10-21,4,15.082167822630888,0.5914791521489737,0.972663068106274,0.1086727408725326
meta-qts-hillsboro-or,2024-11-06,0,15.361209449071149,0.3267211110689151,0.9688113109862702,0.1641177340161699
meta-qts-hillsboro-or,2024-11-06,1,15.381318462658475,0.3639219566396144,0.96913914268666,0.1420463750659983
meta-qts-hillsboro-or,2024-11-06,2,15.246541784688349,0.4253986005590596,0.9687349986652786,0.1233108315625678
meta-qts-hillsboro-or,2024-11-06,3,15.283925389409491,0.4815121298129305,0.9705852533023576,0.1144640363811158
meta-qts-hillsboro-or,2024-11-06,4,14.793407844076109,0.5412970311806089,0.9725930784944274,0.1052576810224396
meta-qts-hillsboro-or,2024-11-22,4,1.498644343478282,0.5845049674521102,0.97645652173913,0.0995346789673913
meta-qts-hillsboro-or,2024-12-08,4,-0.8358713643813115,0.391084510766528,0.9740816914518748,0.0925136048580207
meta-qts-hillsboro-or,2025-01-09,0,8.243561841023116,0.3519850421549378,0.9689191920204764,0.1429686559431486
meta-qts-hillsboro-or,2025-01-09,1,8.53128050952529,0.3894684818813409,0.9691771877458192,0.1247879466339428
meta-qts-hillsboro-or,2025-01-09,2,8.559345709096391,0.4340085874384677,0.9688264069676144,0.1102993742050496
meta-qts-hillsboro-or,2025-01-09,3,8.66675813830854,0.5107433460463929,0.9707425274385036,0.1060841336581878
meta-qts-hillsboro-or,2025-01-09,4,8.589609791414432,0.5557459722616943,0.9725644670983584,0.0961472957315818
meta-qts-hillsboro-or,2025-01-25,0,5.715218704366286,0.306297041706595,0.9688019882557568,0.1539882157450394
meta-qts-hillsboro-or,2025-01-25,1,5.621856859880337,0.3439360356602462,0.9691151725643112,0.1352251561898167
meta-qts-hillsboro-or,2025-01-25,2,5.502567680577004,0.3800407089003592,0.9686567999221282,0.1198385086382806
meta-qts-hillsboro-or,2025-01-25,3,5.504089229519109,0.4610871164754104,0.9705727089332752,0.1107014457293444
meta-qts-hillsboro-or,2025-01-25,4,5.503061116293267,0.5087448500927718,0.9723727168641394,0.101022286732037
meta-qts-hillsboro-or,2025-02-10,0,7.035508309272893,0.2898427796954274,0.9688658277056936,0.1723343051244249
meta-qts-hillsboro-or,2025-02-10,1,6.598102505294722,0.3395234604682763,0.969328196558882,0.1572033338435431
meta-qts-hillsboro-or,2025-02-10,2,5.537611470827383,0.3678017697300337,0.9693612018464028,0.127843983696983
meta-qts-hillsboro-or,2025-02-10,3,5.368776558311765,0.4503919185158374,0.9710033348906012,0.1234815335138594
meta-qts-hillsboro-or,2025-02-10,4,5.4546731451784245,0.4949253202903739,0.9725602043555334,0.1116163752815769
meta-qts-hillsboro-or,2025-02-26,0,14.331906487465028,0.2953630466214985,0.9688058380602468,0.1667503287280021
meta-qts-hillsboro-or,2025-02-26,1,14.392454086591323,0.3312245212780793,0.9690978286210826,0.144329123157178
meta-qts-hillsboro-or,2025-02-26,2,14.119570634550314,0.3759094575254071,0.9686151509664012,0.1266409055156801
meta-qts-hillsboro-or,2025-02-26,3,13.549220010493638,0.4531689391916517,0.9706067838854884,0.1199172867041735
meta-qts-hillsboro-or,2025-02-26,4,13.456423826314891,0.4926777090617139,0.9722849158653312,0.1067209341344414
meta-qts-hillsboro-or,2025-03-30,1,2.8515683236777254,0.6190084805470083,0.9681047520661156,0.1821942990909091
meta-qts-hillsboro-or,2025-03-30,2,6.312507116038858,0.3893788808891215,0.9677480335333732,0.1665724597704425
meta-qts-hillsboro-or,2025-03-30,3,8.42794437736513,0.4182100951161899,0.9687577522275476,0.1630219763617289
meta-qts-hillsboro-or,2025-03-30,4,9.118914599522348,0.4667326655738229,0.971656614030237,0.1444184611163059
meta-qts-hillsboro-or,2025-04-15,0,31.222376457581333,0.3495379645128028,0.9689092446172212,0.1994305345896798
meta-qts-hillsboro-or,2025-04-15,1,30.667225654742335,0.4322135641536137,0.9694192384202192,0.1745597489511057
meta-qts-hillsboro-or,2025-04-15,2,29.333784549008648,0.4995327975921991,0.9689461821484642,0.1597245901270458
meta-qts-hillsboro-or,2025-04-15,3,28.798352972115683,0.5774135294656643,0.97141570052295,0.1518705531174073
meta-qts-hillsboro-or,2025-04-15,4,28.113132224631205,0.6120216958770093,0.973319609427595,0.1400831950912754
meta-qts-hillsboro-or,2025-05-01,0,33.680706588903696,0.3705804706937222,0.968928223876326,0.2052484936292596
meta-qts-hillsboro-or,2025-05-01,1,33.17706353978479,0.4591492009134036,0.9695405402786762,0.1848937421461609
meta-qts-hillsboro-or,2025-05-01,2,31.85792330152896,0.5347969154516443,0.969051630088998,0.173787085427083
meta-qts-hillsboro-or,2025-05-01,3,31.241199036426735,0.6012478366918796,0.9715765858188182,0.1685470048505969
meta-qts-hillsboro-or,2025-05-01,4,30.456119484554648,0.6449601871482312,0.9735869707540802,0.158052807164469
meta-qts-hillsboro-or,2025-05-17,3,14.456575177048764,0.7745920451842779,0.9710491201652118,0.1534826474805961
meta-qts-hillsboro-or,2025-05-17,4,14.217117507108656,0.6711166796468493,0.9703515818860708,0.2055185542794186
meta-qts-hillsboro-or,2025-06-02,0,37.2154395699332,0.36706125344109,0.969008184183874,0.2152312757503872
meta-qts-hillsboro-or,2025-06-02,1,36.89724858925817,0.449589278186015,0.9696507913126658,0.1942453305957968
meta-qts-hillsboro-or,2025-06-02,2,35.71342025205347,0.5307021564713968,0.9691746596779348,0.1800018826643354
meta-qts-hillsboro-or,2025-06-02,3,35.37571326778943,0.5790949368024333,0.97172747255394,0.1741234063920052
meta-qts-hillsboro-or,2025-06-02,4,34.02821098722579,0.63746644050408,0.9739008630511308,0.1662058535304034
meta-qts-hillsboro-or,2025-06-18,2,30.24444301531457,0.3801575639742517,0.9680737450761971,0.2173390791888691
meta-qts-hillsboro-or,2025-06-18,3,30.33499722399941,0.4886965250402128,0.970527736067743,0.1852403254849626
meta-qts-hillsboro-or,2025-06-18,4,29.956158337660664,0.5555574218224587,0.9732033434334644,0.1723654978738781
meta-qts-hillsboro-or,2025-08-05,0,24.268726511877905,0.3174075283141807,0.9686166594953444,0.1704281697855646
meta-qts-hillsboro-or,2025-08-05,1,24.815917175484845,0.3396358135681512,0.9686309635049662,0.1666728053771987
meta-qts-hillsboro-or,2025-08-05,2,24.178816870062764,0.3628308797937694,0.968840272909841,0.1770698620698783
meta-qts-hillsboro-or,2025-08-05,3,23.483578440506637,0.4017668099964691,0.9712197171298312,0.1797336124482351
meta-qts-hillsboro-or,2025-08-05,4,22.59374561849229,0.4270994860414961,0.9726942997686427,0.1950260392915435
meta-qts-hillsboro-or,2025-08-21,0,37.95090839458208,0.3003142518405168,0.9689604923862242,0.2004430451667629
meta-qts-hillsboro-or,2025-08-21,1,39.348296166014386,0.3254222302984683,0.9692552513973232,0.1764379586172958
meta-qts-hillsboro-or,2025-08-21,2,39.535825522989015,0.3361371376824463,0.9686767632311636,0.1730301950884439
meta-qts-hillsboro-or,2025-08-21,3,39.56506346947665,0.3910700739196361,0.9705217975120624,0.1626817114716895
meta-qts-hillsboro-or,2025-08-21,4,38.437905997498945,0.4572916759862364,0.9725999866700924,0.1533991720960425
meta-qts-hillsboro-or,2025-09-06,3,21.751601720000053,0.179029070448508,0.9749,0.31319592
meta-qts-hillsboro-or,2025-09-22,0,28.863979990003816,0.3132924736346633,0.9690044728942332,0.1861251929631392
meta-qts-hillsboro-or,2025-09-22,1,29.573577021683057,0.3294196919965819,0.9693105374628322,0.1626821561673453
meta-qts-hillsboro-or,2025-09-22,2,29.40069634903037,0.3486161005545559,0.9687558725050488,0.1494082775557995
meta-qts-hillsboro-or,2025-09-22,3,29.529211569443707,0.4032929124265491,0.9707000006470616,0.1445622759427872
meta-qts-hillsboro-or,2025-09-22,4,28.48401094969509,0.4738075853493127,0.9729146360735956,0.1344780065385696
meta-qts-hillsboro-or,2025-12-27,3,-5.830544150670551,0.7439225890313481,0.968141836734694,0.0566412748104956
meta-qts-hillsboro-or,2025-12-27,4,-5.305270252597837,0.4795028372187718,0.9689078291814948,0.0971948370996441
meta-qts-hillsboro-or,2026-01-12,0,7.152509168873652,0.3526040158080942,0.9692017314376328,0.1759640014457335
meta-qts-hillsboro-or,2026-01-12,1,6.37737632261473,0.4676360383802505,0.969477217639211,0.1497655386247804
meta-qts-hillsboro-or,2026-01-12,2,5.959254841089002,0.4415925533166054,0.9681932714873182,0.1346190773731372
meta-qts-hillsboro-or,2026-01-12,3,6.2433261658249855,0.5165647580636188,0.9702943865717568,0.1360500503000806
meta-qts-hillsboro-or,2026-01-12,4,5.943321563227844,0.5537686993828034,0.97289372071024,0.1250644391196984
meta-qts-hillsboro-or,2026-03-01,2,5.832335233108147,0.4728032617760431,0.9686256756756756,0.0967739054222973
meta-qts-hillsboro-or,2026-03-01,3,11.031339101203454,0.5817579266648341,0.9724088278342724,0.0763097051136483
meta-qts-hillsboro-or,2026-03-01,4,11.35854326230818,0.6103773687675575,0.9695606975753616,0.0717473448640514
meta-qts-hillsboro-or,2026-04-02,2,8.5046829213427,0.6469453914103743,0.9682260357688506,0.1825713210645277
meta-qts-hillsboro-or,2026-04-02,3,12.535271918713368,0.6270564211446698,0.9717412857407048,0.1186812690125774
meta-qts-hillsboro-or,2026-04-02,4,13.902462477167935,0.7176039017309054,0.9746336368564668,0.1463899219392384
meta-qts-hillsboro-or,2026-04-18,0,16.803545992183075,0.3675626707944678,0.9689842342853764,0.1812909837108244
meta-qts-hillsboro-or,2026-04-18,1,15.465591355225412,0.4586395737900254,0.969440199955187,0.1632734169205713
meta-qts-hillsboro-or,2026-04-18,2,14.220112382787477,0.5070217505145252,0.9688542039597432,0.1586093253799063
meta-qts-hillsboro-or,2026-04-18,3,13.745889265334444,0.5655604564127401,0.9711014400298996,0.1533681826749355
meta-qts-hillsboro-or,2026-04-18,4,14.080835076919245,0.6061404947309191,0.9730543349299796,0.147433361994711
meta-qts-hillsboro-or,2026-05-04,0,29.149686041751057,0.3620661306456126,0.9695834179882964,0.2267630408647125
meta-qts-hillsboro-or,2026-05-04,1,27.0820848799043,0.4929916752847844,0.9698561735824622,0.2042159887843025
meta-qts-hillsboro-or,2026-05-04,2,26.640719987262234,0.5558109748620592,0.9692687706035992,0.1896441807548939
meta-qts-hillsboro-or,2026-05-04,3,25.68018700362566,0.6496330739254393,0.972192310869038,0.1874309715623889
meta-qts-hillsboro-or,2026-05-04,4,24.89945205910205,0.6838285793319274,0.9735475540502122,0.1915082134734745
meta-qts-hillsboro-or,2026-05-20,3,18.55660330730505,0.4255789783678442,0.9704835100218894,0.2238775374105111
meta-qts-hillsboro-or,2026-05-20,4,14.60914235379095,0.6333627766122397,0.9759672640181338,0.219568306648099
meta-qts-hillsboro-or,2026-06-21,0,36.73118148533526,0.3450483324595924,0.969061414304723,0.217449422643488
meta-qts-hillsboro-or,2026-06-21,1,36.04939042287004,0.4001664439500204,0.9695900263114852,0.1985617544272179
meta-qts-hillsboro-or,2026-06-21,2,35.12607618460388,0.4700480631625417,0.9691527877935188,0.1848238009566084
meta-qts-hillsboro-or,2026-06-21,3,34.42450381863318,0.5252781348989165,0.9716644542403016,0.1795014056998994
meta-qts-hillsboro-or,2026-06-21,4,33.55239011818631,0.5697835550535414,0.9738287611853814,0.1684621074823732
meta-qts-hillsboro-or,2026-07-07,0,39.21675393132542,0.3322672372069072,0.969046190387523,0.2156338248410487
meta-qts-hillsboro-or,2026-07-07,1,38.92401056603276,0.3739938312427538,0.9695036280482248,0.1952038837623071
meta-qts-hillsboro-or,2026-07-07,2,38.77672127202624,0.4104721989655149,0.9690176035347292,0.1879746483272403
meta-qts-hillsboro-or,2026-07-07,3,38.03843907125644,0.4638644024186939,0.9711714228604552,0.1794300486410152
meta-qts-hillsboro-or,2026-07-07,4,37.139501880732425,0.5197140049395813,0.9734643310841634,0.1710030724731963
meta-qts-hillsboro-or,2026-07-23,4,30.23120424538724,0.2283265309695044,0.9658506172839508,0.2023223604835391
meta-qts-hillsboro-or,2026-08-08,0,41.972270309640095,0.314034471915969,0.969019513336027,0.2048571358654173
meta-qts-hillsboro-or,2026-08-08,1,42.45564656752273,0.3483340386370868,0.9694116150529548,0.1873607285098547
meta-qts-hillsboro-or,2026-08-08,2,42.6296427441704,0.3866471364248761,0.9689186205082572,0.1788940041769549
meta-qts-hillsboro-or,2026-08-08,3,42.331812606870955,0.4245957283457685,0.970967848312214,0.1715453442327676
meta-qts-hillsboro-or,2026-08-08,4,41.500969960292906,0.4834281789443255,0.9731735904784722,0.1650445352315562
meta-qts-hillsboro-or,2026-08-24,0,40.10260571688161,0.304205732778597,0.9690259604074604,0.2005571258675003
meta-qts-hillsboro-or,2026-08-24,1,41.01923886526772,0.3334402805516387,0.9693792286101824,0.1902560552157753
meta-qts-hillsboro-or,2026-08-24,2,41.1738147985058,0.3584116017015525,0.9688348599920492,0.1795559947182463
meta-qts-hillsboro-or,2026-08-24,3,40.58748505531064,0.3959848260123619,0.9708078772544468,0.1761874572427816
meta-qts-hillsboro-or,2026-08-24,4,39.906490686956,0.4600229161340967,0.9729656318227216,0.1673868489979197
meta-qts-hillsboro-or,2026-09-09,0,35.11692905915444,0.3100858080197658,0.968972133537396,0.1875601294140257
meta-qts-hillsboro-or,2026-09-09,1,36.402886055521954,0.3296238328016654,0.9692045326002028,0.1652662458562599
meta-qts-hillsboro-or,2026-09-09,2,36.604421648111334,0.3560686065794748,0.9686859362310032,0.1485687937621943
meta-qts-hillsboro-or,2026-09-09,3,36.35927905776813,0.3997099099156677,0.970526419286038,0.1449653259680994
meta-qts-hillsboro-or,2026-09-09,4,35.48583485002315,0.4687841394259619,0.9725547507659742,0.1363484391041984
meta-qts-hillsboro-or,2013-07-03,4,41.301200405688014,0.5967538265262269,0.9750100248997208,0.1431149755372071
meta-qts-hillsboro-or,2013-07-19,4,38.33520514695896,0.5660171710832249,0.9747806891739288,0.1431429422510239
meta-qts-hillsboro-or,2013-08-04,4,40.961173835162626,0.5600097936051787,0.9745859380577732,0.1369458135522886
meta-qts-hillsboro-or,2013-08-20,4,36.820882458114994,0.5486313076404505,0.9739782789268926,0.1283702712735704
meta-qts-hillsboro-or,2013-10-07,4,14.119163060000004,0.6161851541820321,0.9729,0.0948322524999999
meta-qts-hillsboro-or,2013-10-23,4,21.890481572752936,0.5572950412949021,0.9735838593804574,0.1049200281886114
meta-qts-hillsboro-or,2013-11-24,4,8.250048550650062,0.5226078444016554,0.9730211463169276,0.0913093789170737
meta-qts-hillsboro-or,2014-02-28,4,10.252233148607951,0.446730698175186,0.9726893710401552,0.0851423064867378
meta-qts-hillsboro-or,2014-05-19,4,26.144081200800144,0.6394118502259375,0.9743286720401588,0.1689023983924409
meta-qts-hillsboro-or,2014-06-04,4,28.93721989607448,0.520452719869839,0.9733283848870348,0.1778385680260815
meta-qts-hillsboro-or,2014-06-20,4,32.28118683659397,0.56243133140526,0.974882983938871,0.1568243085505933
meta-qts-hillsboro-or,2014-07-06,4,44.43363344026785,0.5726356356498261,0.974578267031158,0.143363197330167
meta-qts-hillsboro-or,2014-08-07,4,38.39737128043208,0.5465209255283647,0.974457131850423,0.1374557572368897
meta-qts-hillsboro-or,2014-08-23,4,38.72708249023967,0.532338049273052,0.974611711379331,0.132331892299249
meta-qts-hillsboro-or,2014-10-10,4,24.621746152431548,0.5603816469617711,0.974296872016353,0.1137900255712072
meta-qts-hillsboro-or,2014-11-11,4,10.209321504376708,0.5522399327617155,0.973563899362442,0.0964800456120174
meta-qts-hillsboro-or,2014-12-29,4,2.9835990161346473,0.4470951145289392,0.9726870408353536,0.160489335348655
meta-qts-hillsboro-or,2015-01-30,4,10.40199657237958,0.5385055882535075,0.9731020801656012,0.0816410887942042
meta-qts-hillsboro-or,2015-04-20,4,34.999690450091755,0.5213673606356252,0.9706169724770644,0.1138949693004587
meta-qts-hillsboro-or,2015-06-07,4,43.04910791476228,0.585895179101646,0.9749761628948456,0.14416297591392
meta-qts-hillsboro-or,2015-06-23,3,41.07863764969154,0.5527823893163576,0.971303127677806,0.1964954121304627
meta-qts-hillsboro-or,2015-06-23,4,40.3142349880605,0.5500813335405361,0.9743106257108022,0.1524828865357245
meta-qts-hillsboro-or,2015-07-09,4,40.25102447410428,0.5257517352992704,0.9745158102023472,0.1483230712015853
meta-qts-hillsboro-or,2015-08-10,3,35.71845008623124,0.3618289735870104,0.9730161869779608,0.2271791980826077
meta-qts-hillsboro-or,2015-08-10,4,32.34904116470123,0.477511335271302,0.9738636968182782,0.1513665647001065
meta-qts-hillsboro-or,2015-08-26,3,39.61551827498307,0.434273823640815,0.9715445480225994,0.2064819445621468
meta-qts-hillsboro-or,2015-08-26,4,38.010542961288984,0.4949761099371827,0.9741054519460628,0.1381876969131102
meta-qts-hillsboro-or,2015-09-11,4,37.47637729894599,0.5132232791660002,0.9743582985279238,0.1295553400079184
meta-qts-hillsboro-or,2015-09-27,4,25.544253326565983,0.5486647114418659,0.9745522552070794,0.1143031181155899
meta-qts-hillsboro-or,2015-10-13,4,25.56230634408303,0.5356573093944508,0.9736857149543394,0.1065669991112465
meta-qts-hillsboro-or,2016-01-01,4,2.369899803372989,0.5076103272458786,0.9733814557299132,0.0865175335172389
meta-qts-hillsboro-or,2016-04-06,4,14.73820696554803,0.4932009914779204,0.9739487952761908,0.1461345745814578
meta-qts-hillsboro-or,2016-05-08,4,26.64428052683033,0.5237814032056435,0.9736642123647176,0.1423227739696832
meta-qts-hillsboro-or,2016-05-24,4,27.66820464056281,0.5140911330076877,0.974426692735351,0.1597877505529983
meta-qts-hillsboro-or,2016-06-25,3,34.77204068906802,0.5718364946310566,0.9719968884279158,0.177205272356275
meta-qts-hillsboro-or,2016-06-25,4,35.696297726329895,0.5683256020434034,0.9741558877001704,0.14173277064232
meta-qts-hillsboro-or,2016-07-11,4,22.765496270579774,0.4172682714275487,0.972827727997764,0.1814057657070117
meta-qts-hillsboro-or,2016-07-27,4,40.80083348403445,0.5372609366435547,0.9744302491083618,0.1389489752822606
meta-qts-hillsboro-or,2016-08-12,3,44.08469122032587,0.4259792235495235,0.9714445113418764,0.1739988209102039
meta-qts-hillsboro-or,2016-08-12,4,42.238216607920315,0.5197763590987797,0.973782621403136,0.1343958817413669
meta-qts-hillsboro-or,2016-08-28,4,30.47457475984818,0.5027535974933716,0.974299353637102,0.124077501602731
meta-qts-hillsboro-or,2016-09-13,4,31.76833466837876,0.5354487785111651,0.974608417389324,0.1189639590987534
meta-qts-hillsboro-or,2016-09-29,3,13.43342515801106,0.4883193847950797,0.967445635359116,0.1872554415939226
meta-qts-hillsboro-or,2016-09-29,4,11.739143744352472,0.4621981304778199,0.973375774281578,0.1506171329585883
meta-qts-hillsboro-or,2016-11-16,4,6.269381474196461,0.2892596698998005,0.9719267083938614,0.173785097256031
meta-qts-hillsboro-or,2017-01-03,4,1.4111273160885085,0.5228563372081821,0.9732379003338796,0.0849868887411685
meta-qts-hillsboro-or,2017-01-19,4,6.701884590682943,0.5240555892194831,0.9722734146341464,0.0656141826219512
meta-qts-hillsboro-or,2017-05-27,4,40.916366922634,0.5909183808813383,0.9745880378964632,0.1453777541349976
meta-qts-hillsboro-or,2017-06-28,4,31.24068006302747,0.5205384049209528,0.9731702231903732,0.1706700696311762
meta-qts-hillsboro-or,2017-07-14,3,40.08473176290159,0.5281423029278457,0.9719992405113624,0.1734788486547905
meta-qts-hillsboro-or,2017-07-14,4,39.89329736907551,0.5488607583463104,0.9741554506897624,0.1452369941677698
meta-qts-hillsboro-or,2017-07-30,4,41.08958575429187,0.5399998158075173,0.9742597810786712,0.1404452545173111
meta-qts-hillsboro-or,2017-08-31,4,34.075356155053974,0.5512729499263077,0.9750056784973812,0.1374081354489011
meta-qts-hillsboro-or,2017-09-16,4,24.7305611848007,0.4939522389239297,0.9728993228266049,0.1404425598891415
meta-qts-hillsboro-or,2017-10-02,4,20.91924733493406,0.5752732105592779,0.9742646199175832,0.1199471172063931
meta-qts-hillsboro-or,2017-12-05,4,7.600474145217188,0.5676303434026994,0.9737440070752168,0.0815370633687382
meta-qts-hillsboro-or,2017-12-21,4,-1.529609039313809,0.2963848560867865,0.972465691384206,0.1756757509705798
meta-qts-hillsboro-or,2018-03-11,4,22.04866407375497,0.5126810485124657,0.9735779934869444,0.1042222919073875
meta-qts-hillsboro-or,2018-04-28,4,24.560870666135816,0.5312989463274483,0.9736008980450752,0.1460907420340633
meta-qts-hillsboro-or,2018-05-14,4,38.38069281706651,0.5906209888901551,0.9746221935774833,0.1394919280999243
meta-qts-hillsboro-or,2018-05-30,4,10.914914693319748,0.4696449064767041,0.9744539527574644,0.1847455844004356
meta-qts-hillsboro-or,2018-07-01,3,38.01775407768325,0.3689867548009528,0.9714689240365336,0.1011015361093784
meta-qts-hillsboro-or,2018-07-01,4,37.6705705468023,0.5002737545685463,0.9739392117797926,0.1629001278878362
meta-qts-hillsboro-or,2018-07-17,3,43.807885410067286,0.4092002816886789,0.971521427541078,0.1948227723324744
meta-qts-hillsboro-or,2018-07-17,4,41.978030414490526,0.5135772278206409,0.97413782027373,0.1436301864657225
meta-qts-hillsboro-or,2018-08-18,3,39.86095589173805,0.4629276164489322,0.972025233367907,0.1926004365613424
meta-qts-hillsboro-or,2018-08-18,4,37.39186284542557,0.5077146162315108,0.9741280823585884,0.1352579947457803
meta-qts-hillsboro-or,2018-09-03,3,34.64188383181713,0.4809055839064506,0.9720105143790256,0.1861328689859839
meta-qts-hillsboro-or,2018-09-03,4,32.78276579814558,0.5113718947926371,0.973741815328474,0.1322139661754821
meta-qts-hillsboro-or,2018-09-19,3,29.29590929085464,0.4169908914700367,0.9716707537818384,0.1557492354699284
meta-qts-hillsboro-or,2018-09-19,4,27.765315258842193,0.5252443469643701,0.9740780255872736,0.1167020721350512
meta-qts-hillsboro-or,2018-10-21,4,20.256152759594865,0.5197859566329588,0.9739090193971108,0.1038378505161082
meta-qts-hillsboro-or,2019-02-10,4,5.091775023797163,0.4906309368257976,0.9734144289501578,0.0920746961101907
meta-qts-hillsboro-or,2019-02-26,4,-3.1156149305266703,0.414668596786684,0.9715252145868264,0.1669688885902591
meta-qts-hillsboro-or,2019-03-14,4,8.981185316889988,0.4453529091967216,0.9727661354998102,0.0901391691924648
meta-qts-hillsboro-or,2019-03-30,4,25.03688137445204,0.4993649756797739,0.973336275519734,0.1058973551817646
meta-qts-hillsboro-or,2019-05-01,4,30.82854418882768,0.5583719041447719,0.9741670840397596,0.1321171756609556
meta-qts-hillsboro-or,2019-06-02,4,35.190147329656405,0.5889250816195284,0.974457919079966,0.1389713715214967
meta-qts-hillsboro-or,2019-06-18,4,36.97056400957659,0.5733407906881863,0.9744977366443676,0.1449742006854021
meta-qts-hillsboro-or,2019-07-04,4,33.329135342253906,0.5414106565418183,0.9744607051785824,0.1589540810115138
meta-qts-hillsboro-or,2019-07-20,3,39.422506000961896,0.4670041484292248,0.9717425174463684,0.1711689926365389
meta-qts-hillsboro-or,2019-07-20,4,38.57608374359574,0.5424295182927672,0.974329907760996,0.139191881597674
meta-qts-hillsboro-or,2019-08-05,3,47.65527225390245,0.5117417558556533,0.9720310616929696,0.1896902944099713
meta-qts-hillsboro-or,2019-08-05,4,44.49685532299464,0.52824006382584,0.9742898803924848,0.1360361187616204
meta-qts-hillsboro-or,2019-09-06,4,23.586394856000013,0.4465554861150726,0.9702,0.1173159382142857
meta-qts-hillsboro-or,2019-10-24,4,19.734296896437932,0.562551341511677,0.9738030268602134,0.1004171627531368
meta-qts-hillsboro-or,2019-11-25,4,7.831139384713685,0.5341131863340453,0.9739450722048992,0.0673136897169239
meta-qts-hillsboro-or,2020-02-29,4,12.583243849614531,0.5647088441895171,0.9754921703153496,0.0802141365139619
meta-qts-hillsboro-or,2020-03-16,4,17.810781051544662,0.5111180175089011,0.9734870945353328,0.1033318521303673
meta-qts-hillsboro-or,2020-04-17,4,30.3440339296616,0.5437115858750535,0.974008341427334,0.1247605920543514
meta-qts-hillsboro-or,2020-06-04,3,27.301688381346192,0.6899621887522512,0.9730875,0.2228130205849358
meta-qts-hillsboro-or,2020-06-04,4,28.576765667744663,0.5567233739877028,0.9743041952439326,0.1578536056931562
meta-qts-hillsboro-or,2020-07-22,4,36.01304194968679,0.5226760052077708,0.9735553909267104,0.1664015417334519
meta-qts-hillsboro-or,2020-08-07,3,36.79620829716835,0.4477254338160267,0.971500053612914,0.1915319563390942
meta-qts-hillsboro-or,2020-08-07,4,35.116871830371345,0.5189541676621701,0.9739415507282034,0.1412864708001324
meta-qts-hillsboro-or,2020-08-23,3,40.97112818000005,0.328956667286591,0.973,0.1822608025
meta-qts-hillsboro-or,2020-08-23,4,36.6207544535703,0.5307723007390869,0.9743350267535568,0.1269794333927982
meta-qts-hillsboro-or,2020-09-08,4,30.231994274293765,0.5043498017337917,0.9744894295577112,0.1260894430175509
meta-qts-hillsboro-or,2020-09-24,4,17.514579779782707,0.4584138669604597,0.9751507828240692,0.1298298850670891
meta-qts-hillsboro-or,2020-10-26,4,13.92364479078247,0.5698672448573283,0.9739556741260358,0.1017682119999151
meta-qts-hillsboro-or,2021-01-14,4,9.75202209551695,0.5166520975642234,0.9733124209096824,0.0814889509844894
meta-qts-hillsboro-or,2021-03-03,4,15.506651951737457,0.4913541930367628,0.9731916479139788,0.099886385916742
meta-qts-hillsboro-or,2021-04-20,4,31.65530451490299,0.541010123631469,0.9742918937336416,0.1240052977771139
meta-qts-hillsboro-or,2021-05-22,4,31.209509740733733,0.5766918690602018,0.9743566948149792,0.1458388171883103
meta-qts-hillsboro-or,2021-06-23,4,39.39276328440572,0.5738128114803874,0.9744801639739264,0.1406572349553664
meta-qts-hillsboro-or,2021-07-09,3,43.56439839145229,0.5763939321211449,0.9735726141078838,0.1867768595366528
meta-qts-hillsboro-or,2021-07-09,4,41.28640977885901,0.5259130269723962,0.9743356194059004,0.1405525997035081
meta-qts-hillsboro-or,2021-07-25,3,45.28678545390244,0.5254230063185973,0.9720310616929696,0.1869787957711621
meta-qts-hillsboro-or,2021-07-25,4,42.541817922512465,0.5139163094400624,0.9740860959684632,0.1403954781249474
meta-qts-hillsboro-or,2021-08-10,4,42.12309702324255,0.5105312412512589,0.9743478778175352,0.1357872264807011
meta-qts-hillsboro-or,2021-09-11,4,32.036522036902426,0.5267237453134174,0.9746128193091572,0.1229466123991558
meta-qts-hillsboro-or,2022-01-01,4,-5.712679692826568,0.0397879127691879,0.9707078711606464,0.2741443229455768
meta-qts-hillsboro-or,2022-02-18,4,14.76390836959042,0.5123385194165571,0.973202095803724,0.0936065449389474
meta-qts-hillsboro-or,2022-04-07,4,29.88375264185548,0.4960201687223663,0.9732493331317604,0.1090607859502033
meta-qts-hillsboro-or,2022-04-23,4,25.63040632184312,0.5270670903752049,0.9737951654119876,0.1233153068905788
meta-qts-hillsboro-or,2022-05-09,4,7.067242269422514,0.4661601149191834,0.9737890577507596,0.1142050169907324
meta-qts-hillsboro-or,2022-06-26,4,45.55201901530049,0.5932007536583386,0.9745024872115436,0.1408816968275673
meta-qts-hillsboro-or,2022-07-12,4,45.0811641919686,0.5759504219162165,0.9748790795204004,0.1396660024596641
meta-qts-hillsboro-or,2022-07-28,4,43.89100970756135,0.554174789005091,0.9743525465394696,0.1375662652481745
meta-qts-hillsboro-or,2022-08-13,4,29.251678529352944,0.5769049472037883,0.9748617344586964,0.1157413711228601
meta-qts-hillsboro-or,2022-08-29,4,38.535764331430904,0.5451720532524871,0.9743309632190644,0.1250041029333169
meta-qts-hillsboro-or,2022-10-16,4,30.894818031138183,0.5224175949239134,0.9742733149334468,0.1089254578904171
meta-qts-hillsboro-or,2022-11-17,4,5.757050006644379,0.4910000764400113,0.9731293607200991,0.1118965528980845
meta-qts-hillsboro-or,2023-02-21,4,9.046862383233186,0.6197445113584038,0.9735135654453904,0.0691910493258753
meta-qts-hillsboro-or,2023-03-25,4,3.114288194446226,0.2043218084620843,0.9719631210111072,0.3423919844560229
meta-qts-hillsboro-or,2023-04-26,4,20.22143592594686,0.4833724642250737,0.9748012058166772,0.1264942273891808
meta-qts-hillsboro-or,2023-05-12,4,35.57352881018995,0.5697657058899932,0.9749924599917013,0.1350898360173317
meta-qts-hillsboro-or,2023-05-28,4,34.10218675104471,0.5789126582589341,0.974867842772911,0.1478350458496429
meta-qts-hillsboro-or,2023-06-29,4,42.693508447405975,0.5545822016666604,0.9748588908109864,0.1439045636553036
meta-qts-hillsboro-or,2023-07-15,4,46.29898036958494,0.5358698074012962,0.9748255426400196,0.1432933062840431
meta-qts-hillsboro-or,2023-07-31,4,38.51286698713643,0.5268207700912557,0.974663032847837,0.1393326703175542
meta-qts-hillsboro-or,2023-08-16,4,45.47095021807112,0.5175426741779996,0.9745719631908096,0.1341656807013121
meta-qts-hillsboro-or,2023-09-01,4,33.31744639305853,0.5427619631930832,0.9745374089520524,0.1193240239120531
meta-qts-hillsboro-or,2023-09-17,4,25.469644574355637,0.5327872062998822,0.9746092145362544,0.1361446514761589
meta-qts-hillsboro-or,2023-10-19,4,20.585110926042773,0.5932164847441044,0.9742770459586136,0.1061695649962277
meta-qts-hillsboro-or,2023-11-20,4,2.0535524599999917,0.3141077810410106,0.9726,0.0937002699999999
meta-qts-hillsboro-or,2024-01-07,4,2.83394463331626,0.5210409327316882,0.9720324772517722,0.0643281531788461
meta-qts-hillsboro-or,2024-01-23,4,12.314287861785411,0.5997082193145946,0.9745752442424532,0.0641544509946555
meta-qts-hillsboro-or,2024-02-08,4,10.139509011291732,0.5423444013256853,0.9745084177281828,0.0551025340400041
meta-qts-hillsboro-or,2024-02-24,4,13.918415932035238,0.4384959801756591,0.971169878376244,0.107029618403392
meta-qts-hillsboro-or,2024-04-12,4,23.6803724738217,0.5449758953525916,0.975286879793828,0.1213701660197122
meta-qts-hillsboro-or,2024-05-14,4,34.287019485197405,0.5971176923799456,0.9743221672340836,0.1367161404173159
meta-qts-hillsboro-or,2024-05-30,4,30.770704884741612,0.5849537355039827,0.9740893587866916,0.1484717101496349
meta-qts-hillsboro-or,2024-06-15,4,24.528494095527005,0.650272006054963,0.9747550568959692,0.1563678756552107
meta-qts-hillsboro-or,2024-07-01,4,37.63855375825321,0.5955718350098445,0.9745493249887408,0.1478603955180047
meta-qts-hillsboro-or,2024-07-17,4,41.04386679651242,0.5413481801389926,0.974398145932812,0.137576071528904
meta-qts-hillsboro-or,2024-08-02,4,32.4268808968182,0.4707545894052985,0.9716329545454558,0.1687403708333333
meta-qts-hillsboro-or,2024-08-18,4,28.981020617321363,0.5190578051302807,0.9749776560028048,0.1389637321963699
meta-qts-hillsboro-or,2024-09-19,4,28.56790794908725,0.5751597901558287,0.9742918307982306,0.1132975487376703
meta-qts-hillsboro-or,2024-10-05,3,23.070423226639026,0.6837311435583194,0.9735726141078838,0.1415481442081604
meta-qts-hillsboro-or,2024-10-05,4,23.009566957180745,0.5702976364252391,0.9743284351062032,0.1088428696342605
meta-qts-hillsboro-or,2024-11-06,4,14.5381520462324,0.5435187167119137,0.9736376519787764,0.0939881415060936
meta-qts-hillsboro-or,2025-01-09,4,7.949969973189836,0.5473365860228319,0.9732787041569438,0.0769146028572593
meta-qts-hillsboro-or,2025-01-25,4,6.160384689814282,0.4969776302043974,0.972999210204196,0.0829495601355954
meta-qts-hillsboro-or,2025-02-10,4,4.746053553150697,0.4908528379270535,0.9741450852760416,0.0747443609869882
meta-qts-hillsboro-or,2025-02-26,4,14.55818866909846,0.4767463027641864,0.9729044615516912,0.0897338644905597
meta-qts-hillsboro-or,2025-04-15,4,30.867513980234484,0.5493676726514594,0.9740896499682866,0.1189025048341582
meta-qts-hillsboro-or,2025-05-01,4,33.178088138897365,0.5780982002103061,0.9755744059949524,0.1329944243181111
meta-qts-hillsboro-or,2025-06-02,4,36.894560510712054,0.5751241727835484,0.9743298625153614,0.144120006977469
meta-qts-hillsboro-or,2025-06-18,4,31.46769781616293,0.5570142811612742,0.973971070729193,0.1523041489206954
meta-qts-hillsboro-or,2025-08-05,4,17.987415875025384,0.4631043972597437,0.9739138598595818,0.1380893329343052
meta-qts-hillsboro-or,2025-08-21,4,37.41685545508025,0.5295988250698445,0.974346731986339,0.1276959857040683
meta-qts-hillsboro-or,2025-09-22,4,28.107899767843325,0.5476571945711357,0.9742299354952516,0.1119798593165403
meta-qts-hillsboro-or,2026-01-12,4,7.447060546287605,0.5598191757288071,0.9747178632303808,0.0392122279945088
meta-qts-hillsboro-or,2026-05-20,4,14.322775238638329,0.4934429251385413,0.9707936170212766,0.1935153405984042
meta-qts-hillsboro-or,2026-06-21,4,35.84566288406544,0.5630529256955062,0.9748278891086252,0.1443006006017496
meta-qts-hillsboro-or,2026-07-07,4,38.284174082633335,0.5493793019741315,0.974891297162358,0.1421350145536784
meta-qts-hillsboro-or,2026-08-08,4,41.43821425894381,0.5236480665447374,0.974601504777602,0.1321258405399701
meta-qts-hillsboro-or,2026-08-24,4,38.6827703625211,0.5146047318514498,0.974610211467056,0.1310014570843543
meta-qts-hillsboro-or,2026-09-09,3,35.080915637151335,0.4868146707986584,0.9718457846472424,0.1421700945154193
meta-qts-hillsboro-or,2026-09-09,4,34.28769089784178,0.5142492569801609,0.9740517048929458,0.1186162644412419
meta-qts-hillsboro-or,2013-06-08,0,30.900938059970883,0.7671744290018875,0.9697752789598212,0.1944183993358829
meta-qts-hillsboro-or,2013-06-08,1,34.57741875518023,0.6187692827963609,0.970262088599161,0.1707519084685407
meta-qts-hillsboro-or,2013-06-08,2,33.795230524819665,0.6422736172706452,0.9693679348307344,0.1607089750611919
meta-qts-hillsboro-or,2013-06-08,3,34.51271467666502,0.6263497261109724,0.9719726362665736,0.155831521756441
meta-qts-hillsboro-or,2013-06-08,4,32.87210863701062,0.6787325157194262,0.9743526489877388,0.1536517755624234
meta-qts-hillsboro-or,2013-07-10,0,32.49354909040662,0.800396361497817,0.9699138146989232,0.2115632587241874
meta-qts-hillsboro-or,2013-07-10,1,37.00592368312145,0.5816114834406696,0.9702457707842562,0.1749072289124333
meta-qts-hillsboro-or,2013-07-10,2,38.19730541497063,0.5020990078022118,0.969294347645086,0.1670715177064044
meta-qts-hillsboro-or,2013-07-10,3,38.45839463404358,0.5194959912303297,0.9715231600365932,0.1576073241719455
meta-qts-hillsboro-or,2013-07-10,4,37.097921237082055,0.5792450184251675,0.9738556277021532,0.1523584210583254
meta-qts-hillsboro-or,2013-07-26,0,36.79341787785855,0.7325806835999381,0.969969180673318,0.1943936076716678
meta-qts-hillsboro-or,2013-07-26,1,41.1223745921899,0.5081250631024394,0.9701123185597392,0.178589167362281
meta-qts-hillsboro-or,2013-07-26,2,42.0059988091284,0.4525277232318077,0.969160212954375,0.1709888972518685
meta-qts-hillsboro-or,2013-07-26,3,42.34897151017538,0.4633364923247325,0.9712800282989288,0.1651530414774668
meta-qts-hillsboro-or,2013-07-26,4,40.71602986108055,0.5366884645083284,0.9735516448272608,0.1541182474310005
meta-qts-hillsboro-or,2013-08-27,0,20.247596330231843,0.4721147770565141,0.9692754700356768,0.1421737678890283
meta-qts-hillsboro-or,2013-08-27,1,26.083514943029396,0.4321819905626181,0.9693170641209397,0.1392706931037826
meta-qts-hillsboro-or,2013-08-27,2,26.95474230803179,0.3672113209763376,0.9678706568141188,0.1211904970025566
meta-qts-hillsboro-or,2013-08-27,3,23.78673811458312,0.3742742162574903,0.9696824891335574,0.133516544911404
meta-qts-hillsboro-or,2013-08-27,4,23.933061861306633,0.4777835657065303,0.9724179379821224,0.1262585164898683
meta-qts-hillsboro-or,2013-09-12,0,33.49031958561457,0.4753351875144431,0.9697476545575922,0.1298636904957242
meta-qts-hillsboro-or,2013-09-12,1,32.485569523696846,0.4677231798047995,0.9701599580726098,0.1334738995784374
meta-qts-hillsboro-or,2013-09-12,2,32.48974433172726,0.438225573898339,0.969005119771546,0.1336229565211118
meta-qts-hillsboro-or,2013-09-12,3,32.36226207087198,0.4415487844434937,0.970944421720531,0.1335530353998148
meta-qts-hillsboro-or,2013-09-12,4,31.036039457404424,0.5136019180406223,0.973021999431633,0.1293577084219786
meta-qts-hillsboro-or,2013-10-14,0,23.770032585737603,0.4028649228876096,0.96953645892467,0.1178416758635378
meta-qts-hillsboro-or,2013-10-14,1,22.248741336298103,0.4941159028779784,0.970159141903068,0.1321216704268463
meta-qts-hillsboro-or,2013-10-14,2,21.690248593566455,0.5088429448878917,0.9690189406728804,0.1249593080385055
meta-qts-hillsboro-or,2013-10-14,3,21.253481711267764,0.5153130630990896,0.9712593291630576,0.1203503250602019
meta-qts-hillsboro-or,2013-10-14,4,20.296605795649384,0.5771019635812777,0.973444576248818,0.1143901859593973
meta-qts-hillsboro-or,2013-10-30,0,16.96400446942168,0.362091227836213,0.9693055028997282,0.118224761859766
meta-qts-hillsboro-or,2013-10-30,1,16.085410791808666,0.444314373039917,0.9697944583294796,0.1307168117224829
meta-qts-hillsboro-or,2013-10-30,2,15.42796577128185,0.4888313849932342,0.9689627042810234,0.1289592655157452
meta-qts-hillsboro-or,2013-10-30,3,15.133305365937565,0.5037676958840718,0.9711321527427148,0.1232095014912382
meta-qts-hillsboro-or,2013-10-30,4,14.466791860986469,0.5537162323863271,0.9732198529401194,0.1155402359973234
meta-qts-hillsboro-or,2014-02-03,2,-2.6471433697705273,0.4780978063418602,0.9780972413310832,0.0320414711830033
meta-qts-hillsboro-or,2014-02-03,3,-15.463901545511751,-0.0466390517552648,0.9903404154731223,0.3925922757759616
meta-qts-hillsboro-or,2014-02-03,4,-18.83818007754496,-0.0556366920320508,0.9904,0.5954023388095447
meta-qts-hillsboro-or,2014-02-19,3,2.925981240760506,0.4114351205586328,0.9698068480324604,0.0675341999183334
meta-qts-hillsboro-or,2014-02-19,4,5.101281340086949,0.4246129232644265,0.9706502136647788,0.0857966755698135
meta-qts-hillsboro-or,2014-03-07,3,12.639318793596942,0.4431058100346952,0.9699682108838372,0.1619281187035953
meta-qts-hillsboro-or,2014-03-07,4,14.020202089595506,0.4741032849779384,0.9727290259466008,0.1319996221079046
meta-qts-hillsboro-or,2014-03-23,0,19.973196039923533,0.4265392640485164,0.9693953318225372,0.1296576561113207
meta-qts-hillsboro-or,2014-03-23,1,20.968380564384635,0.4819943362385556,0.9698908012740918,0.1378558645929213
meta-qts-hillsboro-or,2014-03-23,2,20.9345733240194,0.4633255134105646,0.9688958186462776,0.1329933883016981
meta-qts-hillsboro-or,2014-03-23,3,20.28943936147931,0.5150168908272642,0.9715397289879554,0.1308614020291197
meta-qts-hillsboro-or,2014-03-23,4,19.377906252824378,0.5598341988884893,0.9734315203483928,0.1240414886592988
meta-qts-hillsboro-or,2014-04-08,0,20.752333320942512,0.5372963231932565,0.969620642799725,0.1192615244996775
meta-qts-hillsboro-or,2014-04-08,1,21.79214417561309,0.5605657280453219,0.9701652020746396,0.1383598706375916
meta-qts-hillsboro-or,2014-04-08,2,21.896758342377364,0.5308529828658259,0.9690556687418368,0.1356459472533807
meta-qts-hillsboro-or,2014-04-08,3,20.49441982362306,0.5894168096157919,0.972085386297588,0.1397118769685811
meta-qts-hillsboro-or,2014-04-08,4,18.862461740263512,0.6147154097987394,0.974016983350156,0.1349516533049047
meta-qts-hillsboro-or,2014-04-24,0,14.599350901293851,0.6056387980328496,0.9706948108762,0.1644948942116442
meta-qts-hillsboro-or,2014-04-24,1,17.24102473978576,0.6736362673942133,0.9724122225854338,0.2008017913575991
meta-qts-hillsboro-or,2014-04-24,2,18.19935263656316,0.5776793106038919,0.9688511698005982,0.1746835195369551
meta-qts-hillsboro-or,2014-04-24,3,19.146376416562195,0.527338055448774,0.9705289509014782,0.1404136812945011
meta-qts-hillsboro-or,2014-04-24,4,18.99162465313746,0.6032143054805009,0.9727901563682948,0.1445481198463221
meta-qts-hillsboro-or,2014-05-10,3,14.90506001741229,0.5876936078754128,0.9720959137153956,0.1149179557267135
meta-qts-hillsboro-or,2014-05-10,4,15.388789866013946,0.804863933157887,0.9732069504109336,0.1354582342680297
meta-qts-hillsboro-or,2014-05-26,0,27.274433089935087,0.8001725625307633,0.9701022189624549,0.2095330091986007
meta-qts-hillsboro-or,2014-05-26,1,29.890704764850472,0.6623650524174194,0.9704997626213367,0.1913218020840459
meta-qts-hillsboro-or,2014-05-26,2,29.66778220662235,0.6374672668035851,0.9693042681127344,0.1909972181972067
meta-qts-hillsboro-or,2014-05-26,3,28.76779390459626,0.6734724661994237,0.9721910094134804,0.1806272206060234
meta-qts-hillsboro-or,2014-05-26,4,27.915136840306797,0.6878830351330011,0.974584332627935,0.1726475596945774
meta-qts-hillsboro-or,2014-06-11,0,25.14999683389018,0.751102290144356,0.9699916350656008,0.1932333771496368
meta-qts-hillsboro-or,2014-06-11,1,29.022791290512536,0.6056682325130784,0.9703965914664776,0.179379073702061
meta-qts-hillsboro-or,2014-06-11,2,30.25468929636529,0.5991021770043425,0.9693658435861988,0.1735331188202887
meta-qts-hillsboro-or,2014-06-11,3,30.32376291757062,0.5815784091207052,0.971841018681422,0.1664580781361243
meta-qts-hillsboro-or,2014-06-11,4,28.92019563424403,0.6291321166308326,0.97415754950814,0.1620144496242725
meta-qts-hillsboro-or,2014-07-29,0,40.499312471794866,0.4785477384425043,0.9694666083844616,0.179935642069832
meta-qts-hillsboro-or,2014-07-29,1,41.65654483567086,0.4614264476109155,0.9698064955158427,0.1638100949159182
meta-qts-hillsboro-or,2014-07-29,2,42.863745693765786,0.4370739671950496,0.9690158487709768,0.1638403214644577
meta-qts-hillsboro-or,2014-07-29,3,42.49975705029023,0.4693293213403669,0.9712954422684196,0.1604434872080012
meta-qts-hillsboro-or,2014-07-29,4,40.81371436034949,0.5368170747266412,0.9735093538612016,0.1521913722342732
meta-qts-hillsboro-or,2014-08-14,0,27.23556017462456,0.3556782527410345,0.9678003109160268,0.2446902197424057
meta-qts-hillsboro-or,2014-08-14,1,30.936991483417483,0.3770250943575765,0.9686652416103256,0.2202044647276469
meta-qts-hillsboro-or,2014-08-14,2,32.934363119815295,0.399293791789816,0.9687481692023402,0.1981325392441562
meta-qts-hillsboro-or,2014-08-14,3,31.645153896029985,0.3844516652115126,0.9699425076885456,0.1943562914297116
meta-qts-hillsboro-or,2014-08-14,4,31.83103350479994,0.4550858418605459,0.9728186213693066,0.1852091478777835
meta-qts-hillsboro-or,2014-09-15,0,37.877461145445096,0.4436700347642904,0.9694899247478344,0.1783155736507974
meta-qts-hillsboro-or,2014-09-15,1,39.10866416676589,0.3677726652193691,0.969545499948526,0.1609561104993049
meta-qts-hillsboro-or,2014-09-15,2,39.016806429916095,0.3760678971595454,0.9688574601018004,0.1637700589469838
meta-qts-hillsboro-or,2014-09-15,3,38.55092905993021,0.4030845966610077,0.9708656283666628,0.1581231461050397
meta-qts-hillsboro-or,2014-09-15,4,37.43606985640933,0.4639269751037845,0.972857104736084,0.1500330917527572
meta-qts-hillsboro-or,2014-10-01,0,18.066264072500015,0.3623497342800446,0.9708000000000008,0.1002263797916666
meta-qts-hillsboro-or,2014-10-01,1,19.703111398032252,0.3820717587938397,0.9707913066801294,0.1592326140419993
meta-qts-hillsboro-or,2014-10-01,2,22.925221053201437,0.3528894879835003,0.970567559619482,0.212919002151034
meta-qts-hillsboro-or,2014-10-01,3,23.5188605354517,0.3945540247548673,0.9694742542228983,0.1383318366907586
meta-qts-hillsboro-or,2014-10-01,4,22.787859045122584,0.4770034825610095,0.9721866622872736,0.1198572107682347
meta-qts-hillsboro-or,2015-02-22,0,11.660097798173268,0.6843209412730894,0.9697114199815609,0.1265963278116469
meta-qts-hillsboro-or,2015-02-22,1,13.227124799355211,0.4822954909485604,0.9696781095936886,0.1275792340956846
meta-qts-hillsboro-or,2015-02-22,2,13.37231824775822,0.4978689466661307,0.9689981691292302,0.1216251517891674
meta-qts-hillsboro-or,2015-02-22,3,13.404129109791697,0.5310116549200654,0.9713318598451968,0.1187370418369286
meta-qts-hillsboro-or,2015-02-22,4,13.106750517339862,0.5696281718769263,0.9730418314895136,0.1099171873854485
meta-qts-hillsboro-or,2015-03-26,0,20.906954062860382,0.7694799751690128,0.9699856884642102,0.1531764423809228
meta-qts-hillsboro-or,2015-03-26,1,23.001353788703696,0.5982449512335812,0.9700818131309136,0.1380068840268609
meta-qts-hillsboro-or,2015-03-26,2,23.370018259893747,0.573997690568611,0.9691882525025042,0.1323763128865535
meta-qts-hillsboro-or,2015-03-26,3,23.33210498252475,0.5912364545796637,0.97177513829075,0.1284663459607201
meta-qts-hillsboro-or,2015-03-26,4,22.376793125898907,0.6437237478509321,0.9737986344052024,0.1216140404927758
meta-qts-hillsboro-or,2015-04-11,0,-0.3599791736654603,0.7518846307173359,0.9701822064056944,0.2357570838078291
meta-qts-hillsboro-or,2015-04-11,1,6.868642504988043,0.5648114146298807,0.966136061864452,0.0830686965590561
meta-qts-hillsboro-or,2015-04-11,2,10.386725010887544,0.5687707078850868,0.9684020291243918,0.057720051550053
meta-qts-hillsboro-or,2015-04-11,3,9.165214651115484,0.567607783571,0.9728220754947956,0.0642115283643413
meta-qts-hillsboro-or,2015-04-11,4,8.43844228996115,0.7461682890322663,0.9755319441526136,0.0588102721380966
meta-qts-hillsboro-or,2015-04-27,0,25.79495290970183,0.8406494879648557,0.9704537717205128,0.185545534546242
meta-qts-hillsboro-or,2015-04-27,1,27.862365313835113,0.7115086098945747,0.9715962750573778,0.1727351591091502
meta-qts-hillsboro-or,2015-04-27,2,27.272259872473764,0.7335321872829685,0.9705620007852628,0.1671396304024045
meta-qts-hillsboro-or,2015-04-27,3,27.798109987298552,0.6982819533243717,0.9730253777795432,0.1601870959485866
meta-qts-hillsboro-or,2015-04-27,4,28.101077240078855,0.6912640473047738,0.9745869515186611,0.1483020588942618
meta-qts-hillsboro-or,2015-05-29,0,31.35671721863139,0.7549281428007218,0.970144643108546,0.1844778226263325
meta-qts-hillsboro-or,2015-05-29,1,36.48844302648168,0.597601107680745,0.9702158401811812,0.1704387825548181
meta-qts-hillsboro-or,2015-05-29,2,35.02738572013189,0.6168991831402394,0.969387090657934,0.1720825616543645
meta-qts-hillsboro-or,2015-05-29,3,34.82878175214993,0.6155347708858697,0.9718589106454996,0.1632075408887324
meta-qts-hillsboro-or,2015-05-29,4,33.44758685910546,0.656348954785703,0.9742940461634892,0.1565926970531518
meta-qts-hillsboro-or,2015-06-14,0,32.807435953901226,0.6953276391432867,0.9698788072282036,0.1712041593356281
meta-qts-hillsboro-or,2015-06-14,1,37.38109347803047,0.5500624592792879,0.9699620586240502,0.1661849250664099
meta-qts-hillsboro-or,2015-06-14,2,36.69426771394067,0.5854273100326641,0.969173910420645,0.1666978624251567
meta-qts-hillsboro-or,2015-06-14,3,36.903130262610226,0.5851156667379777,0.9715104979050366,0.1609646506511678
meta-qts-hillsboro-or,2015-06-14,4,35.84227464457826,0.6211217785575814,0.9736576064818364,0.1535175197729977
meta-qts-hillsboro-or,2015-06-30,0,38.5181298326563,0.5322851978851504,0.969516022307702,0.1683483673480537
meta-qts-hillsboro-or,2015-06-30,1,42.72111754635788,0.4694468085068293,0.9697944211472882,0.1680659382380199
meta-qts-hillsboro-or,2015-06-30,2,42.373930466363895,0.480007701625173,0.9689952438170538,0.1718800999184438
meta-qts-hillsboro-or,2015-06-30,3,42.403527347044275,0.4929498346303758,0.9710976641826938,0.1672670124958327
meta-qts-hillsboro-or,2015-06-30,4,41.10025084198748,0.5386937536036789,0.9732235433340676,0.1603184348278321
meta-qts-hillsboro-or,2015-07-16,0,26.03880606135611,0.3940902166826119,0.9694148051936248,0.2242696914348095
meta-qts-hillsboro-or,2015-07-16,1,25.335898090286193,0.4094692585353566,0.9700120028335144,0.1806876541208296
meta-qts-hillsboro-or,2015-07-16,2,24.69106983690671,0.3971142663945037,0.9689697037881764,0.2132426780433554
meta-qts-hillsboro-or,2015-07-16,3,25.718729725716397,0.4054256930087483,0.9707351018247432,0.2066525327786791
meta-qts-hillsboro-or,2015-07-16,4,24.804994954984593,0.4582606688255596,0.9735773439903044,0.1817357890287378
meta-qts-hillsboro-or,2015-08-01,0,44.98431286643708,0.3824497245057611,0.9693370506782676,0.2102730673783683
meta-qts-hillsboro-or,2015-08-01,1,46.31059204942714,0.3816438365118641,0.9695982514518235,0.1640250874312313
meta-qts-hillsboro-or,2015-08-01,2,46.05482331335597,0.402761497260626,0.9688269680776552,0.1654917794435834
meta-qts-hillsboro-or,2015-08-01,3,45.74007829986443,0.4111809979907523,0.970705707902568,0.1675694186888743
meta-qts-hillsboro-or,2015-08-01,4,43.946552274115426,0.4737858935692993,0.9727851358933286,0.159210668460343
meta-qts-hillsboro-or,2015-08-17,0,41.31827945821568,0.3801304228101668,0.9693577275390216,0.2100868332819615
meta-qts-hillsboro-or,2015-08-17,1,42.857241677428206,0.3654256354238465,0.969575498828244,0.1623004981033534
meta-qts-hillsboro-or,2015-08-17,2,41.8427026258379,0.3847021683804215,0.9688294036369108,0.1677562239835453
meta-qts-hillsboro-or,2015-08-17,3,41.6367198533998,0.4027417641757733,0.9707373221621814,0.1657651666007361
meta-qts-hillsboro-or,2015-08-17,4,39.98004598908609,0.4676721132382759,0.972823168182324,0.1543067888742868
meta-qts-hillsboro-or,2015-09-02,0,22.81611304143052,0.4798056906310827,0.9704654919915292,0.0765981345654249
meta-qts-hillsboro-or,2015-09-02,1,23.14730763374707,0.5036948578645778,0.9695045414887278,0.0669144343066078
meta-qts-hillsboro-or,2015-09-02,2,25.81734089603387,0.4150537575161364,0.9704532083321088,0.1435410976222224
meta-qts-hillsboro-or,2015-09-02,3,25.75793959718302,0.4112289215944844,0.9707484785051304,0.1552349768478475
meta-qts-hillsboro-or,2015-09-02,4,25.55220584768002,0.4737252012155596,0.9724582104008268,0.1335674174094723
meta-qts-hillsboro-or,2015-09-18,0,27.30694036276915,0.4449659044260082,0.9695504089594128,0.1516181655492578
meta-qts-hillsboro-or,2015-09-18,1,27.606413313371657,0.4006959613886053,0.9699275144274128,0.1322348819149845
meta-qts-hillsboro-or,2015-09-18,2,27.530110576632712,0.4110199407871091,0.9690697033966,0.1335541220395078
meta-qts-hillsboro-or,2015-09-18,3,27.856093309540356,0.4321688954969789,0.9710537748273258,0.133680689435301
meta-qts-hillsboro-or,2015-09-18,4,26.45246367035002,0.4923315643555092,0.9730882442660962,0.130757054940083
meta-qts-hillsboro-or,2015-10-04,0,25.046814007563956,0.4847121485489672,0.9695444410131104,0.1089411144555685
meta-qts-hillsboro-or,2015-10-04,1,25.198037225504585,0.4122094736572584,0.969667069021558,0.0982745106992226
meta-qts-hillsboro-or,2015-10-04,2,22.712425989201392,0.4401585818648477,0.969248775233297,0.0981417500740482
meta-qts-hillsboro-or,2015-10-04,3,21.561001042379925,0.4199282822390069,0.9708947792154754,0.1019712441759804
meta-qts-hillsboro-or,2015-10-04,4,19.81224352403494,0.4437454705377228,0.9722756786825576,0.1037170489910337
meta-qts-hillsboro-or,2015-11-21,0,8.99872892820343,0.6933113306542569,0.9696965637964824,0.1137678500213864
meta-qts-hillsboro-or,2015-11-21,1,9.810995994585602,0.5302944637902209,0.9700088916760624,0.1130403900641188
meta-qts-hillsboro-or,2015-11-21,2,9.83002315434395,0.5138159574883422,0.9691867198616576,0.1074585309030256
meta-qts-hillsboro-or,2015-11-21,3,9.685626689502897,0.5275324896078978,0.9711729614535108,0.102509264783674
meta-qts-hillsboro-or,2015-11-21,4,9.270752394659166,0.5543312372668585,0.973123492821715,0.0947708308451522
meta-qts-hillsboro-or,2015-12-23,2,-7.093915426857112,0.1857891932527806,0.9729841904761906,0.3026357122571428
meta-qts-hillsboro-or,2015-12-23,3,-2.2313029623422924,0.4666806196020164,0.9690010172893356,0.2064702735870081
meta-qts-hillsboro-or,2015-12-23,4,1.87225050003426,0.5351521693573159,0.9724585451605772,0.1283163965284375
meta-qts-hillsboro-or,2016-01-08,0,4.345781583596988,0.5880699197018434,0.9703323706934271,0.1349305466538058
meta-qts-hillsboro-or,2016-01-08,1,4.376189786188515,0.4330151419119546,0.969577869340156,0.1332305520170167
meta-qts-hillsboro-or,2016-01-08,2,4.455173857465338,0.3831730924172682,0.9674744208003492,0.0756590719788317
meta-qts-hillsboro-or,2016-01-08,3,5.742982501021194,0.3718271283489276,0.9681406897907064,0.1349537409815946
meta-qts-hillsboro-or,2016-01-08,4,4.193721268571445,0.5286126002921737,0.9789857142857142,0.18940632
meta-qts-hillsboro-or,2016-02-09,0,11.212736127118507,0.5720053117283956,0.9696331779005612,0.1078187329005398
meta-qts-hillsboro-or,2016-02-09,1,13.45531982332898,0.4564826051511471,0.9697609846440532,0.1095318019693266
meta-qts-hillsboro-or,2016-02-09,2,14.08573901686967,0.4651471404298901,0.9690522792293232,0.1165815983417612
meta-qts-hillsboro-or,2016-02-09,3,14.408847555331576,0.497556407599206,0.9710081354818908,0.1116883864803486
meta-qts-hillsboro-or,2016-02-09,4,14.121345581627528,0.523274056458888,0.9728707054836911,0.1025411808810669
meta-qts-hillsboro-or,2016-02-25,0,15.206901725157056,0.6222587554104615,0.9697499048561936,0.1222664022506282
meta-qts-hillsboro-or,2016-02-25,1,16.676590611319213,0.4876316305242623,0.9699076372875484,0.1209711996598984
meta-qts-hillsboro-or,2016-02-25,2,16.746840376023865,0.4757830686965272,0.9690107196753122,0.1202097187839149
meta-qts-hillsboro-or,2016-02-25,3,16.534681559478823,0.5010407703726956,0.9711386921102938,0.1157568148683044
meta-qts-hillsboro-or,2016-02-25,4,15.950550526927222,0.5278717636088842,0.973104288577494,0.1091541057513998
meta-qts-hillsboro-or,2016-03-28,0,17.32332538778782,0.7092478648515881,0.9700107314946428,0.1617245819487107
meta-qts-hillsboro-or,2016-03-28,1,18.06351216839199,0.6197509992829497,0.9710084505373638,0.1204624408393592
meta-qts-hillsboro-or,2016-03-28,2,17.96073475304264,0.5839547915181746,0.9692981109690136,0.1474836476880826
meta-qts-hillsboro-or,2016-03-28,3,18.645522002302744,0.5844116601611582,0.9718749468423492,0.1390657366986921
meta-qts-hillsboro-or,2016-03-28,4,17.320654264683508,0.6064993551204622,0.9736892423819744,0.1260818054232637
meta-qts-hillsboro-or,2016-05-31,0,34.14848791182861,0.7176250224227758,0.9701674194910824,0.1762763137497672
meta-qts-hillsboro-or,2016-05-31,1,37.96758872875836,0.5840040711070446,0.9704334305758237,0.1684769041845406
meta-qts-hillsboro-or,2016-05-31,2,38.140552810615254,0.5936902866017726,0.9693717472704192,0.1673744567683225
meta-qts-hillsboro-or,2016-05-31,3,37.99808734333754,0.6018769806708342,0.9719144104888248,0.1604688478465817
meta-qts-hillsboro-or,2016-05-31,4,36.802002837763574,0.6443688360035862,0.9743279279729258,0.1548288503781832
meta-qts-hillsboro-or,2016-06-16,2,21.692136225275593,0.5381290321043263,0.9685845672462398,0.178171711942617
meta-qts-hillsboro-or,2016-06-16,3,22.760136370112008,0.4667132108506244,0.970212224023422,0.1705540249301091
meta-qts-hillsboro-or,2016-06-16,4,25.375490387957697,0.5298544056451905,0.9722178133006044,0.1663996261018892
meta-qts-hillsboro-or,2016-07-02,0,36.23489015975367,0.5501964010131764,0.9695815184860552,0.1925653721276083
meta-qts-hillsboro-or,2016-07-02,1,38.427779452309295,0.4877916370178713,0.9699288677639376,0.1992098461980015
meta-qts-hillsboro-or,2016-07-02,2,36.422988764265824,0.48600156218997,0.9687946387571416,0.1921408017903136
meta-qts-hillsboro-or,2016-07-02,3,37.87242900785825,0.481455694231696,0.9710413236321408,0.1878984358971438
meta-qts-hillsboro-or,2016-07-02,4,36.35640076951975,0.5306615456293032,0.9731926574087996,0.1833942729252002
meta-qts-hillsboro-or,2016-08-03,0,35.734935972467326,0.4232286933237338,0.9694335065147384,0.1987596490974738
meta-qts-hillsboro-or,2016-08-03,1,36.243582840507266,0.4143106003835287,0.969777129444036,0.1738824690324171
meta-qts-hillsboro-or,2016-08-03,2,36.03037769065521,0.4409521763356182,0.969012061271214,0.1689854896452267
meta-qts-hillsboro-or,2016-08-03,3,36.51592795161948,0.4360196744636314,0.97098265556561,0.1686327036788223
meta-qts-hillsboro-or,2016-08-03,4,35.49190647252461,0.4956906320172041,0.9731356635553718,0.156883584255333
meta-qts-hillsboro-or,2016-08-19,0,43.68696114012665,0.3957696644349361,0.9693723151962136,0.1902495956893614
meta-qts-hillsboro-or,2016-08-19,1,44.32876097807667,0.3749246091376073,0.9695892922240302,0.1639965595742474
meta-qts-hillsboro-or,2016-08-19,2,43.626568889834154,0.3955976644787261,0.9688603799269558,0.1646847423978325
meta-qts-hillsboro-or,2016-08-19,3,42.857884729412,0.4037227108409814,0.9706783977942174,0.1619698035880456
meta-qts-hillsboro-or,2016-08-19,4,41.531490414604185,0.4593244074756067,0.9726524188609972,0.1521472439535474
meta-qts-hillsboro-or,2016-09-04,3,20.92026538781347,0.592298961878495,0.9783173730566888,0.080998293910695
meta-qts-hillsboro-or,2016-09-04,4,21.288776013925787,0.3935093576593626,0.972544811449298,0.1552954334245468
meta-qts-hillsboro-or,2016-09-20,0,28.09693701680847,0.4502812837491584,0.9694957655329636,0.1411905120865559
meta-qts-hillsboro-or,2016-09-20,1,29.137483892651055,0.3939766977123962,0.9696770133283256,0.142817569410126
meta-qts-hillsboro-or,2016-09-20,2,29.40692699357448,0.3900240849677876,0.9688935461994028,0.1363053259417233
meta-qts-hillsboro-or,2016-09-20,3,28.937603702727433,0.419110264469723,0.97081674519699,0.1365235671588575
meta-qts-hillsboro-or,2016-09-20,4,27.517252059889113,0.4898291484209406,0.9728322671484292,0.129450654309464
meta-qts-hillsboro-or,2016-10-22,0,16.3254460032114,0.5727916996867829,0.9696817555508116,0.1292215157011577
meta-qts-hillsboro-or,2016-10-22,1,16.790628196172374,0.4548842101591052,0.969829512777368,0.1388635841602494
meta-qts-hillsboro-or,2016-10-22,2,16.61378982202641,0.4386138022428635,0.9687005921072496,0.1302849581502843
meta-qts-hillsboro-or,2016-10-22,3,17.137118649073933,0.487620483669424,0.9709968859858752,0.1218103666219221
meta-qts-hillsboro-or,2016-10-22,4,17.167464720170678,0.549157858438659,0.9729425133726736,0.1103117998456115
meta-qts-hillsboro-or,2016-12-25,0,3.353087391901859,0.4153214764253895,0.9711844704715868,0.1816773314638718
meta-qts-hillsboro-or,2016-12-25,1,4.327630990089182,0.4130731458097809,0.9700210992385024,0.1957039544489724
meta-qts-hillsboro-or,2016-12-25,2,4.27526683340926,0.406626164582715,0.9688847447423862,0.1682293677246294
meta-qts-hillsboro-or,2016-12-25,3,4.4804783210247585,0.4245538741537748,0.96994148918476,0.1646658152144586
meta-qts-hillsboro-or,2016-12-25,4,4.216666404279773,0.4258958677313223,0.9714152568830864,0.1663809586955304
meta-qts-hillsboro-or,2017-02-11,0,9.55115038389997,0.4922321011513255,0.9693873860658596,0.120093922664719
meta-qts-hillsboro-or,2017-02-11,1,9.731954313500747,0.3691620211550337,0.9698271831725368,0.1242882521420847
meta-qts-hillsboro-or,2017-02-11,2,9.992901730928404,0.3979678732799567,0.9687916182009394,0.1180251701755608
meta-qts-hillsboro-or,2017-02-11,3,9.838227428543211,0.4484177827313405,0.97094035870832,0.1150104148270637
meta-qts-hillsboro-or,2017-02-11,4,9.53641824611026,0.483499525404456,0.9726511971059716,0.106653487419552
meta-qts-hillsboro-or,2017-03-31,0,17.12811917335852,0.6021602742355511,0.9696746126810576,0.1531064633063129
meta-qts-hillsboro-or,2017-03-31,1,19.073019556592545,0.4569308649658494,0.9688807150052314,0.1429833174471898
meta-qts-hillsboro-or,2017-03-31,2,17.483420449564477,0.4450512295980517,0.9688838931331264,0.1518554746845219
meta-qts-hillsboro-or,2017-03-31,3,17.38249059038652,0.4612831033097126,0.9701068192865252,0.1453548554568881
meta-qts-hillsboro-or,2017-03-31,4,16.883343799622402,0.4967822851155294,0.9720169040227564,0.1410264817392647
meta-qts-hillsboro-or,2017-05-18,2,13.060304218530952,0.4722337557395402,0.9669163956182378,0.2180168243381244
meta-qts-hillsboro-or,2017-05-18,3,21.28414853997339,0.5711464715337361,0.9707515278382676,0.1883571922281029
meta-qts-hillsboro-or,2017-05-18,4,22.28041540060865,0.6885803534520908,0.974340797502067,0.1656744723528096
meta-qts-hillsboro-or,2017-06-19,0,37.32912545808434,0.6733471058441285,0.969990272170323,0.1591869000585737
meta-qts-hillsboro-or,2017-06-19,1,41.132984100438726,0.5168037633121421,0.9701572185518672,0.1746128292208893
meta-qts-hillsboro-or,2017-06-19,2,40.183632825995296,0.6081697011874463,0.9692644063806806,0.1665122351853381
meta-qts-hillsboro-or,2017-06-19,3,40.669330494768616,0.6059047907598949,0.9717889426944036,0.1596677928952951
meta-qts-hillsboro-or,2017-06-19,4,39.714724914858415,0.6559135673568957,0.9739758298131932,0.1504946250787963
meta-qts-hillsboro-or,2017-07-05,0,39.09725818686847,0.5382019358664976,0.9698232105471106,0.1668370122549084
meta-qts-hillsboro-or,2017-07-05,1,42.10075167691801,0.4670712605684479,0.970188893766992,0.1789017427841278
meta-qts-hillsboro-or,2017-07-05,2,41.467917310409334,0.5110561939827112,0.969206799364199,0.171257473560396
meta-qts-hillsboro-or,2017-07-05,3,41.53440710534403,0.5366717592701195,0.9716917462607648,0.1632727260238612
meta-qts-hillsboro-or,2017-07-05,4,40.433315826378426,0.5883112763580954,0.9738955815510882,0.1534993496601037
meta-qts-hillsboro-or,2017-07-21,0,38.52477366889131,0.3927179869607378,0.9693953409054782,0.2087728278585832
meta-qts-hillsboro-or,2017-07-21,1,38.72785815856651,0.4224968017999121,0.9698662858717292,0.1864772826920057
meta-qts-hillsboro-or,2017-07-21,2,37.72622128772155,0.447287454071953,0.968990722387266,0.1763180640361369
meta-qts-hillsboro-or,2017-07-21,3,38.37768690662034,0.4627933123001368,0.9709608837194236,0.1755457021558799
meta-qts-hillsboro-or,2017-07-21,4,37.22027250900206,0.525300998193501,0.9730805810165564,0.1654978356597813
meta-qts-hillsboro-or,2017-08-22,0,39.25895630232986,0.3855801611811076,0.9693940929094012,0.1956949229647512
meta-qts-hillsboro-or,2017-08-22,1,39.5994086231418,0.3712068317835544,0.9695946654898644,0.1741521445032647
meta-qts-hillsboro-or,2017-08-22,2,39.93450799833076,0.3811099601821218,0.9688282505345586,0.1683041953080902
meta-qts-hillsboro-or,2017-08-22,3,39.642792385137525,0.412765584681269,0.9708057448483756,0.1631154953744776
meta-qts-hillsboro-or,2017-08-22,4,38.34650398121658,0.4686919020013602,0.9728201274951332,0.1520473345058219
meta-qts-hillsboro-or,2017-09-23,0,26.7176770397608,0.4179658100073606,0.969360512368694,0.1448701360391906
meta-qts-hillsboro-or,2017-09-23,1,26.948493616153847,0.3865471925776424,0.9697017812482952,0.1419906883584002
meta-qts-hillsboro-or,2017-09-23,2,27.43391914087542,0.3892449147950401,0.9688572111945776,0.135523397107491
meta-qts-hillsboro-or,2017-09-23,3,26.64575267859011,0.4215591006205789,0.9709800556904814,0.1329959427720275
meta-qts-hillsboro-or,2017-09-23,4,25.671187673752375,0.4756326914707663,0.972993964519472,0.1248296551871225
meta-qts-hillsboro-or,2017-10-09,0,19.903690240842906,0.4947554020767285,0.9695710022571102,0.1419975264108987
meta-qts-hillsboro-or,2017-10-09,1,20.761487469368493,0.4233611013124184,0.9698567919363904,0.1467099313818109
meta-qts-hillsboro-or,2017-10-09,2,20.360469093457105,0.4133615873996242,0.9688849209226602,0.1354816006704256
meta-qts-hillsboro-or,2017-10-09,3,20.32711066675391,0.4569503294917917,0.9710416008148214,0.1351375557186945
meta-qts-hillsboro-or,2017-10-09,4,19.73094002959605,0.5088036928965333,0.9730723696980592,0.1282703098160987
meta-qts-hillsboro-or,2017-10-25,0,20.258269118845583,0.5805837771386593,0.969721052894506,0.1280605843456989
meta-qts-hillsboro-or,2017-10-25,1,20.743753371652183,0.4547537804270268,0.9699530037463604,0.1376128112572683
meta-qts-hillsboro-or,2017-10-25,2,21.1834013341406,0.4590636575328949,0.9688950799451426,0.1230385360380554
meta-qts-hillsboro-or,2017-10-25,3,20.72365207422649,0.5126987688259698,0.9711709325807188,0.1200467687714146
meta-qts-hillsboro-or,2017-10-25,4,19.887608630892395,0.5577802768880092,0.9731614135538617,0.1109889970664187
meta-qts-hillsboro-or,2017-12-12,0,0.2483357137790486,0.57110889349075,0.97150894518727,0.086729710069591
meta-qts-hillsboro-or,2017-12-12,1,0.4297976285672341,0.4930101166655242,0.9685410497729084,0.0764552487948623
meta-qts-hillsboro-or,2017-12-12,2,0.3802288015112017,0.4932380155690634,0.967629636499434,0.0709459435259963
meta-qts-hillsboro-or,2017-12-12,3,0.2740496834685668,0.4878094278260019,0.9687145823832932,0.0725732210757835
meta-qts-hillsboro-or,2017-12-12,4,0.1416302041759144,0.4954145360158407,0.9710472639912584,0.0828438314898235
meta-qts-hillsboro-or,2018-02-14,0,7.306157946785755,0.442296441435048,0.969001398886894,0.2274793184494698
meta-qts-hillsboro-or,2018-02-14,1,7.669892206629945,0.3923332370267201,0.9686941972487354,0.1875759942979297
meta-qts-hillsboro-or,2018-02-14,2,8.05236848635564,0.3886908228113498,0.9678261445400396,0.1837019502800988
meta-qts-hillsboro-or,2018-02-14,3,7.357949154391587,0.4776469586284299,0.9705427422088784,0.1141763419305924
meta-qts-hillsboro-or,2018-02-14,4,7.430808729793801,0.5209715530996025,0.972620201217214,0.1029712852459539
meta-qts-hillsboro-or,2018-04-19,0,23.54297180947036,0.7208786030069894,0.9699177448874392,0.1507075255520725
meta-qts-hillsboro-or,2018-04-19,1,25.820419960946538,0.5221811675715601,0.970005896619169,0.1535587288690059
meta-qts-hillsboro-or,2018-04-19,2,25.9277828330286,0.5560651883881372,0.969031870002079,0.1445402738191739
meta-qts-hillsboro-or,2018-04-19,3,25.498297127748664,0.6061588401298659,0.9715621597652828,0.1397783943776512
meta-qts-hillsboro-or,2018-04-19,4,24.378800338473564,0.6534003736692737,0.9735705526116714,0.133015748403329
meta-qts-hillsboro-or,2018-05-05,0,3.3056684462707726,0.66581601968302,0.9714544416063576,0.2466397268903433
meta-qts-hillsboro-or,2018-05-05,1,5.707262646502216,0.6114738454509422,0.9734287845962196,0.2353744925807359
meta-qts-hillsboro-or,2018-05-05,2,11.45230060566451,0.4327231706239206,0.9676839747926952,0.1983746112257044
meta-qts-hillsboro-or,2018-05-05,3,14.964276692531902,0.4371752394237083,0.9690639087623194,0.1807018327443983
meta-qts-hillsboro-or,2018-05-05,4,14.25300172897308,0.5401508282068289,0.9736053174250164,0.1790572802876952
meta-qts-hillsboro-or,2018-05-21,0,22.429290743043403,0.6955958342071327,0.9700001566807296,0.1931246065955778
meta-qts-hillsboro-or,2018-05-21,1,26.306649717852633,0.5472359551993909,0.9704315504319234,0.1946944433525173
meta-qts-hillsboro-or,2018-05-21,2,26.47632354211649,0.5497744670056278,0.969564797895154,0.1898099526709231
meta-qts-hillsboro-or,2018-05-21,3,27.65839168324748,0.5552238648013125,0.9712654551265736,0.1733019943940722
meta-qts-hillsboro-or,2018-05-21,4,26.75419924237466,0.6467651685347836,0.9743116301150424,0.1664828482726212
meta-qts-hillsboro-or,2018-06-06,0,30.93522865838604,0.6666350168264114,0.9700689227177972,0.1731181626635839
meta-qts-hillsboro-or,2018-06-06,1,34.16940794720095,0.523512579218138,0.9702556400140472,0.1770008657343523
meta-qts-hillsboro-or,2018-06-06,2,34.195910033308735,0.5529924033026951,0.9692948451946158,0.1720013824868839
meta-qts-hillsboro-or,2018-06-06,3,33.57261890377657,0.5812885817125761,0.9718955147221472,0.1682713468897414
meta-qts-hillsboro-or,2018-06-06,4,32.323701641407574,0.6244209592357344,0.974240711982456,0.1602557310691628
meta-qts-hillsboro-or,2018-06-22,1,19.973978133333382,0.7239170298738025,0.9687407407407408,0.1251825824305555
meta-qts-hillsboro-or,2018-06-22,2,22.777244312237418,0.5250857519494598,0.9664792295284184,0.1620860229001803
meta-qts-hillsboro-or,2018-06-22,3,24.945728257004653,0.5916924471473755,0.9717673169308976,0.1749253110197496
meta-qts-hillsboro-or,2018-06-22,4,24.341858812312573,0.6052381343722472,0.972559705459342,0.1585253517703986
meta-qts-hillsboro-or,2018-07-08,0,38.45275877399565,0.4032979250494912,0.969506300381937,0.2361237847621518
meta-qts-hillsboro-or,2018-07-08,1,38.35596190583536,0.4204104474865235,0.9698512787867024,0.2069639959157453
meta-qts-hillsboro-or,2018-07-08,2,35.39982164371884,0.4361024377067517,0.968937327547314,0.2019349539636233
meta-qts-hillsboro-or,2018-07-08,3,31.3634322139855,0.4615964936113609,0.9711640344091932,0.1984449580822475
meta-qts-hillsboro-or,2018-07-08,4,29.844155941979167,0.513201294682587,0.973201187898312,0.1858017169838645
meta-qts-hillsboro-or,2018-07-24,0,43.80939141478638,0.3729669199182949,0.9694891567851828,0.2073481800913406
meta-qts-hillsboro-or,2018-07-24,1,45.11937113343643,0.3778023395987646,0.9697813476083476,0.1852120931612124
meta-qts-hillsboro-or,2018-07-24,2,44.75552293743661,0.3996042834369058,0.9689201399133316,0.1734280791983685
meta-qts-hillsboro-or,2018-07-24,3,44.32047373281114,0.4341564245238516,0.9709696746683236,0.1720063779475647
meta-qts-hillsboro-or,2018-07-24,4,43.481098502660345,0.4821939511688569,0.9731249818149614,0.1612481200708671
meta-qts-hillsboro-or,2018-08-09,0,40.74582767790128,0.3758231467426583,0.9693318334370296,0.1974137168015446
meta-qts-hillsboro-or,2018-08-09,1,41.49287872780815,0.3509994186298342,0.969491883405898,0.181906375443942
meta-qts-hillsboro-or,2018-08-09,2,41.47307079227641,0.3680368778272889,0.9687002379321408,0.1737836165219844
meta-qts-hillsboro-or,2018-08-09,3,41.310314459473865,0.3959474554809601,0.9705183507164188,0.1738773362573944
meta-qts-hillsboro-or,2018-08-09,4,40.21542057207581,0.4446622372265329,0.9723562291297247,0.1628649740203532
meta-qts-hillsboro-or,2018-09-10,1,18.074558364518605,0.4132164341988811,0.966406863679695,0.1368703993279313
meta-qts-hillsboro-or,2018-09-10,2,22.618624137517127,0.492478056573143,0.9646784191872608,0.1003465083093412
meta-qts-hillsboro-or,2018-09-10,3,21.788834124445263,0.425556145552858,0.968824300925467,0.1575785402894389
meta-qts-hillsboro-or,2018-09-10,4,23.159958809048263,0.4630810361202966,0.9735659582128428,0.1342499805486047
meta-qts-hillsboro-or,2018-09-26,0,31.510169541101696,0.4251746192937528,0.9695258686697572,0.1470149775813261
meta-qts-hillsboro-or,2018-09-26,1,31.778087748400367,0.3848270320465511,0.969775118689329,0.1494636242660563
meta-qts-hillsboro-or,2018-09-26,2,32.33199378827726,0.3863163688476139,0.9688801341240166,0.1380851703066455
meta-qts-hillsboro-or,2018-09-26,3,32.578986940233264,0.4185580617622746,0.9708338888669484,0.1333870820033483
meta-qts-hillsboro-or,2018-09-26,4,31.728275885286187,0.4754648834386017,0.9728806629227132,0.126108064864532
meta-qts-hillsboro-or,2018-10-12,0,23.77850364613607,0.4813647332762018,0.969506895314564,0.1285095706515079
meta-qts-hillsboro-or,2018-10-12,1,23.79178627685882,0.4138817004595618,0.969702056928488,0.1377782674757094
meta-qts-hillsboro-or,2018-10-12,2,24.204096814867157,0.419308145397418,0.9687881965866142,0.1257835957809017
meta-qts-hillsboro-or,2018-10-12,3,24.25904142749477,0.444704050359476,0.9706215043284504,0.1206642132322453
meta-qts-hillsboro-or,2018-10-12,4,23.43088866852497,0.4912067758777544,0.9724400782466166,0.1120724831124505
meta-qts-hillsboro-or,2018-10-28,0,17.137715739315897,0.690685601838183,0.9835678954371976,0.0250863979961215
meta-qts-hillsboro-or,2018-10-28,1,17.56377534068151,0.5282581431000883,0.975829857582376,0.0821436226104784
meta-qts-hillsboro-or,2018-10-28,2,17.509993216611974,0.5184443438636213,0.97745816278463,0.0704722682447052
meta-qts-hillsboro-or,2018-10-28,3,16.841980429508244,0.5475507302833795,0.9780800925637304,0.0798681198730503
meta-qts-hillsboro-or,2018-10-28,4,15.935083681488337,0.5686573536831433,0.978865834633876,0.0843420454617247
meta-qts-hillsboro-or,2018-11-13,0,-17.45305714507548,0.4591001305272414,0.967836508814926,0.1880326162655151
meta-qts-hillsboro-or,2018-11-13,1,-17.82110101051427,0.5048972099628188,0.9694258378378378,0.1881602797189189
meta-qts-hillsboro-or,2018-11-13,2,-17.150724784630643,0.4289031628622416,0.9685477502111066,0.2169658953159556
meta-qts-hillsboro-or,2018-11-13,3,-14.884638946273627,0.4009758318782894,0.9686822262671936,0.216844400454949
meta-qts-hillsboro-or,2018-11-13,4,-11.367346535182422,0.344993490754285,0.971700035155461,0.1952929658188854
meta-qts-hillsboro-or,2018-11-29,0,1.4720437140594385,0.4685980040631111,0.969634354565166,0.0845214407146443
meta-qts-hillsboro-or,2018-11-29,1,5.676130862141969,0.5284698443362422,0.9709790982221942,0.0771991197404816
meta-qts-hillsboro-or,2018-11-29,2,7.732312952540601,0.4242042339274786,0.969247892440188,0.0779250835216381
meta-qts-hillsboro-or,2018-11-29,3,5.585256705811629,0.4482883201068263,0.9703751229003283,0.0806982327750332
meta-qts-hillsboro-or,2018-11-29,4,5.036744793653983,0.4476765168944679,0.9722311238059784,0.0793001489125209
meta-qts-hillsboro-or,2018-12-31,0,5.966366664195116,0.5462185029729412,0.9701164158296806,0.1125650307451259
meta-qts-hillsboro-or,2018-12-31,1,6.0776156423321455,0.4764029899354965,0.9696623201110814,0.1122291027725077
meta-qts-hillsboro-or,2018-12-31,2,6.057141095417904,0.487246780554803,0.9689516526861596,0.1046845276744798
meta-qts-hillsboro-or,2018-12-31,3,5.827817563611684,0.5368333126679949,0.97092519437853,0.1010244983326966
meta-qts-hillsboro-or,2018-12-31,4,5.581763944028235,0.5625152537623997,0.972530401553902,0.0909270063566046
meta-qts-hillsboro-or,2019-03-05,0,2.0765276586530095,0.4377712294637544,0.9698451607783196,0.1561814996719327
meta-qts-hillsboro-or,2019-03-05,1,2.650879855999619,0.4079374550320631,0.9697922295835134,0.1461578386482394
meta-qts-hillsboro-or,2019-03-05,2,2.747006672393782,0.412753286739777,0.9690438961823744,0.1401798461892313
meta-qts-hillsboro-or,2019-03-05,3,2.071726102274733,0.4627761705854195,0.9713985581340708,0.1359197147223297
meta-qts-hillsboro-or,2019-03-05,4,2.2729681774819763,0.4456214161817026,0.9713856662428818,0.1346044494969068
meta-qts-hillsboro-or,2019-04-06,2,6.885905619798657,0.2423656197942802,0.96699406733788,0.1068844738684096
meta-qts-hillsboro-or,2019-04-06,3,8.38891855158703,0.2763720182722127,0.9692086464793872,0.1047599107378693
meta-qts-hillsboro-or,2019-04-06,4,5.825813776245915,0.4570849623840707,0.9728572029773236,0.1283770898079467
meta-qts-hillsboro-or,2019-05-08,0,29.235854661116683,0.6324679721132047,0.9698812964081504,0.1787096008348034
meta-qts-hillsboro-or,2019-05-08,1,30.76961491032986,0.5738675272392897,0.9702993823310327,0.1742849447924784
meta-qts-hillsboro-or,2019-05-08,2,30.41585974635455,0.5944262406383801,0.9692587433156064,0.168241134164646
meta-qts-hillsboro-or,2019-05-08,3,30.21534003448074,0.6182271482729681,0.971752137548032,0.1628374706191203
meta-qts-hillsboro-or,2019-05-08,4,29.40588042767821,0.6431964502432278,0.9738142059954996,0.1548038029933793
meta-qts-hillsboro-or,2019-06-09,0,5.185494323167328,0.6425396954916028,0.9690027501064292,0.1779341793268058
meta-qts-hillsboro-or,2019-06-09,1,5.161961770016371,0.6493733184315774,0.9712595331101974,0.17128593613869
meta-qts-hillsboro-or,2019-06-09,2,6.74532921513324,0.6925710009680288,0.9701658074192328,0.1714942373864008
meta-qts-hillsboro-or,2019-06-09,3,8.148975284304948,0.6617412440846877,0.9732945630620012,0.166291242209814
meta-qts-hillsboro-or,2019-06-09,4,10.147515325002972,0.6456875901075236,0.9736774588191088,0.1629425533551713
meta-qts-hillsboro-or,2019-07-11,3,-25.761051383636342,0.2585213583411859,0.9723636363636362,0.18441426
meta-qts-hillsboro-or,2019-07-11,4,10.72071820453642,0.5090697365211304,0.9778352372505532,0.1437424890765853
meta-qts-hillsboro-or,2019-07-27,2,30.416689157983736,0.4355719589546086,0.9684022431775164,0.1909650850552108
meta-qts-hillsboro-or,2019-07-27,3,33.665455993461556,0.4427117405834646,0.9693043790344686,0.1850163462795949
meta-qts-hillsboro-or,2019-07-27,4,28.75140701687498,0.5357939002599662,0.9713491349040108,0.1496430626306052
meta-qts-hillsboro-or,2019-08-12,0,37.51198459753681,0.3890562587930928,0.9695036767802024,0.1727451943419529
meta-qts-hillsboro-or,2019-08-12,1,39.136466508515625,0.3918842071133118,0.969834289378658,0.1655887248397674
meta-qts-hillsboro-or,2019-08-12,2,38.92555008802901,0.410187179646766,0.9689550785792136,0.1595650377811344
meta-qts-hillsboro-or,2019-08-12,3,38.80399457777649,0.4377533125928763,0.970905281271011,0.1541114690003122
meta-qts-hillsboro-or,2019-08-12,4,37.3885025707388,0.4933303084382127,0.9731192841031472,0.1458138830142143
meta-qts-hillsboro-or,2019-08-28,0,42.54906030316034,0.3790773159277516,0.9692993382795264,0.1635822052594246
meta-qts-hillsboro-or,2019-08-28,1,43.875704012550166,0.3685163922299909,0.9695533192137422,0.164142336717044
meta-qts-hillsboro-or,2019-08-28,2,44.19442771544245,0.3767265072710986,0.968794586220596,0.163861009913718
meta-qts-hillsboro-or,2019-08-28,3,44.18565028133147,0.4111231956462223,0.9706272355827792,0.1538976062410827
meta-qts-hillsboro-or,2019-08-28,4,42.87909361191102,0.473419922459641,0.972618752075278,0.1431735455270781
meta-qts-hillsboro-or,2019-09-13,0,29.24441765943578,0.3910696701383101,0.9685912784335784,0.1272428028901995
meta-qts-hillsboro-or,2019-09-13,1,29.87171052010276,0.3846221913508827,0.9697571265650125,0.1485706654339632
meta-qts-hillsboro-or,2019-09-13,2,30.41333930249419,0.3846669694665082,0.9690689784099378,0.1367093868838115
meta-qts-hillsboro-or,2019-09-13,3,30.406804097229227,0.4228471267136672,0.9710035218175408,0.1342735739875631
meta-qts-hillsboro-or,2019-09-13,4,28.941450283709276,0.4835293318014389,0.9728202847154724,0.1306616370503731
meta-qts-hillsboro-or,2019-10-31,0,3.976788708598214,0.5018653897420964,0.9702719664369056,0.1551288872516405
meta-qts-hillsboro-or,2019-10-31,1,3.355714418650565,0.4911233185526915,0.9703747900107332,0.1539750344404175
meta-qts-hillsboro-or,2019-10-31,2,4.228941976061063,0.4160320503183681,0.9692328602567524,0.1509998064424094
meta-qts-hillsboro-or,2019-10-31,3,3.651406932555014,0.4745200214426899,0.9716378954831504,0.1492049041787417
meta-qts-hillsboro-or,2019-10-31,4,2.851349563357718,0.5033443046282697,0.9726188302428858,0.1429791655499901
meta-qts-hillsboro-or,2019-12-02,0,7.806346063429472,0.507167337043048,0.9694131104269996,0.1039549843236845
meta-qts-hillsboro-or,2019-12-02,1,7.9315086384295235,0.5265707626281273,0.9696655533770534,0.1008553711892367
meta-qts-hillsboro-or,2019-12-02,2,8.278537900290699,0.5041103071026586,0.9691541614951944,0.0972817190872208
meta-qts-hillsboro-or,2019-12-02,3,8.188047508591419,0.5508646280805147,0.971551576800521,0.0972055428114427
meta-qts-hillsboro-or,2019-12-02,4,7.8306457893579715,0.5746407938874651,0.9730541475205908,0.0904609247896575
meta-qts-hillsboro-or,2020-01-19,0,12.283815033241703,0.5185711777261348,0.9699085300896992,0.0845298705520642
meta-qts-hillsboro-or,2020-01-19,1,12.24679003174906,0.4885795696216207,0.9700804645751318,0.100991401013564
meta-qts-hillsboro-or,2020-01-19,2,12.385096570772646,0.5060518623385795,0.9690585709801018,0.0988969812315258
meta-qts-hillsboro-or,2020-01-19,3,12.356312212043916,0.5499709264316467,0.9714277139916996,0.0953456409103567
meta-qts-hillsboro-or,2020-01-19,4,11.818265188366228,0.6031420514304443,0.9741692068359062,0.0828820603536293
meta-qts-hillsboro-or,2020-02-20,0,12.5977857842672,0.4786881480629544,0.9694058448724522,0.137856851369435
meta-qts-hillsboro-or,2020-02-20,1,13.055639351585222,0.4662619220146537,0.9696733901684432,0.1371272050381077
meta-qts-hillsboro-or,2020-02-20,2,13.022544534993916,0.4722024411663294,0.9688250660739958,0.1261902270648734
meta-qts-hillsboro-or,2020-02-20,3,12.905139617956172,0.5174802553509621,0.9709667062454824,0.1212810664113598
meta-qts-hillsboro-or,2020-02-20,4,12.643026633325713,0.5534824465473501,0.972755744235372,0.1098394280418292
meta-qts-hillsboro-or,2020-03-23,3,8.596523161593833,0.569599675534033,0.9749173112018784,0.1366376252644043
meta-qts-hillsboro-or,2020-03-23,4,9.597990355836624,0.6024070756151513,0.9727193193424916,0.139650455015909
meta-qts-hillsboro-or,2020-04-08,0,23.750273427089617,0.5235682464002652,0.9697077014255674,0.1582656952781534
meta-qts-hillsboro-or,2020-04-08,1,24.57831993880095,0.5228018762752508,0.9700909997456638,0.1548503849755602
meta-qts-hillsboro-or,2020-04-08,2,24.34616897022499,0.5317412859619479,0.9690948577213442,0.1459580684041448
meta-qts-hillsboro-or,2020-04-08,3,23.887689623900226,0.5746713571994236,0.9715658651268126,0.1399914036732735
meta-qts-hillsboro-or,2020-04-08,4,22.787341505159528,0.6072851459045862,0.97357380676866,0.129771845243469
meta-qts-hillsboro-or,2020-05-10,0,28.86520814132734,0.5546116147993192,0.9698417488294347,0.1794344728143267
meta-qts-hillsboro-or,2020-05-10,1,29.139537681035957,0.5566986824543643,0.970259708302802,0.1736507852041519
meta-qts-hillsboro-or,2020-05-10,2,28.523657505816946,0.5715509214811875,0.9692627137585828,0.1724624773480333
meta-qts-hillsboro-or,2020-05-10,3,28.261804673198608,0.6018058185949713,0.9717251593625096,0.1665240076627096
meta-qts-hillsboro-or,2020-05-10,4,26.956353574147293,0.6324437496627056,0.9739629078654326,0.1585331724253545
meta-qts-hillsboro-or,2020-07-13,0,37.83622736841043,0.4345950450520834,0.9694778376242656,0.1820948533448859
meta-qts-hillsboro-or,2020-07-13,1,38.18069566375449,0.4239266832345128,0.9699229666882632,0.1762009871529207
meta-qts-hillsboro-or,2020-07-13,2,37.54642491560189,0.4321488114373659,0.9690675735353916,0.1755786049606146
meta-qts-hillsboro-or,2020-07-13,3,36.967777788904755,0.5000811500505415,0.9713942143737672,0.167803187588271
meta-qts-hillsboro-or,2020-07-13,4,36.21674219036043,0.539910194518068,0.97352653612606,0.1572999865854461
meta-qts-hillsboro-or,2020-07-29,0,40.97331003889273,0.3973446173721138,0.9693167539385896,0.1859699678943728
meta-qts-hillsboro-or,2020-07-29,1,41.605490706491985,0.3867994729658967,0.9696257778390048,0.1770948678210099
meta-qts-hillsboro-or,2020-07-29,2,41.31010629022656,0.3992266811706072,0.9688309171381502,0.1794962103385575
meta-qts-hillsboro-or,2020-07-29,3,40.82498187205426,0.4579128778974433,0.9708830279894548,0.1702342828931605
meta-qts-hillsboro-or,2020-07-29,4,40.021712353233355,0.5040615454629536,0.972851290565264,0.1611486574989145
meta-qts-hillsboro-or,2020-08-14,0,37.820487367139705,0.3899242594869213,0.9694368721984796,0.1838184771282806
meta-qts-hillsboro-or,2020-08-14,1,38.578307773501514,0.3683940402347095,0.9697302489750916,0.1758653643557794
meta-qts-hillsboro-or,2020-08-14,2,38.44979253119392,0.3918242269479974,0.9689401508127204,0.1790176869102963
meta-qts-hillsboro-or,2020-08-14,3,38.049562049833554,0.4498518888855619,0.9711154309648145,0.1650085874238966
meta-qts-hillsboro-or,2020-08-14,4,37.21582246248363,0.492483044376871,0.9731786197877867,0.1593365412946266
meta-qts-hillsboro-or,2020-08-30,0,32.30847589565114,0.3877299775259421,0.9694411761500134,0.1719850923714991
meta-qts-hillsboro-or,2020-08-30,1,33.02983127319984,0.354770798783165,0.969670598048891,0.1672410429940571
meta-qts-hillsboro-or,2020-08-30,2,33.0738395029852,0.3741667953015439,0.9689233183340558,0.1686651411683504
meta-qts-hillsboro-or,2020-08-30,3,32.80410328516976,0.4219138604850924,0.9709313583335496,0.1573239759201231
meta-qts-hillsboro-or,2020-08-30,4,31.99820750729787,0.4781010046173647,0.9730247953922122,0.1490634234435762
meta-qts-hillsboro-or,2020-10-01,0,26.398720573000904,0.3989688164986609,0.9692517559595444,0.1455220835878866
meta-qts-hillsboro-or,2020-10-01,1,27.120803912678937,0.3708196368060011,0.9693232979283852,0.1456503842256088
meta-qts-hillsboro-or,2020-10-01,2,26.85100839361486,0.4081483665428679,0.968766621966498,0.1414010695112866
meta-qts-hillsboro-or,2020-10-01,3,26.885056876789623,0.4395729316771856,0.9704184812131078,0.1344546147173639
meta-qts-hillsboro-or,2020-10-01,4,26.315865858539095,0.4882486537074965,0.9721504796310576,0.1257188236329079
meta-qts-hillsboro-or,2020-10-17,3,8.979562744593661,0.3524148830489449,0.9671670985473106,0.1288400122850412
meta-qts-hillsboro-or,2020-10-17,4,9.334230185679344,0.4187559195046051,0.9712339522647416,0.1174032723102704
meta-qts-hillsboro-or,2020-12-04,0,8.824696371294515,0.5137693707699929,0.9693150866141734,0.140915869823622
meta-qts-hillsboro-or,2020-12-04,1,8.588504299366287,0.5378968052453974,0.9700150399394296,0.1118113876401665
meta-qts-hillsboro-or,2020-12-04,2,8.66695872434841,0.5704809187423489,0.9700720687678478,0.1191041407174332
meta-qts-hillsboro-or,2020-12-04,3,8.491116814969525,0.5546931890896097,0.971321820504288,0.1078907828635716
meta-qts-hillsboro-or,2020-12-04,4,8.288498087969177,0.5591457330212377,0.972725473547968,0.1001411293150893
meta-qts-hillsboro-or,2021-03-10,0,15.211820028519634,0.4382985472177589,0.9707629011979606,0.1296708605855771
meta-qts-hillsboro-or,2021-03-10,1,15.70180683540667,0.4089762930848931,0.9706864338287204,0.1315626783828869
meta-qts-hillsboro-or,2021-03-10,2,15.78022835036482,0.4362741160583458,0.9690103340735644,0.1594552740141649
meta-qts-hillsboro-or,2021-03-10,3,15.915823074207417,0.507560080744193,0.9713021075274296,0.1361566814112797
meta-qts-hillsboro-or,2021-03-10,4,15.246136419785271,0.5387968865692152,0.9729651163229814,0.1336458197739239
meta-qts-hillsboro-or,2021-04-11,0,21.27352152264527,0.485613663346013,0.9695465496178344,0.1609789344742793
meta-qts-hillsboro-or,2021-04-11,1,21.479709681663376,0.4309213440966187,0.969436742748772,0.1556904228559675
meta-qts-hillsboro-or,2021-04-11,2,20.79907822377948,0.4979619853628833,0.968955210513366,0.1523858811958415
meta-qts-hillsboro-or,2021-04-11,3,20.46506834981636,0.5647657551740642,0.9713344725777824,0.1424428842491326
meta-qts-hillsboro-or,2021-04-11,4,19.804386334335412,0.6074513680078628,0.9732352293942635,0.1325832950462139
meta-qts-hillsboro-or,2021-04-27,0,10.538167719738858,0.4784217685060085,0.9702718431046022,0.178605764056874
meta-qts-hillsboro-or,2021-04-27,1,11.072476149897051,0.445423351517568,0.9701317863217362,0.1943873104489766
meta-qts-hillsboro-or,2021-04-27,2,12.079570230591925,0.4474722472619473,0.968323294285751,0.1945873406789218
meta-qts-hillsboro-or,2021-04-27,3,11.673934632624883,0.4942663829793696,0.9707619117502482,0.1877115812129846
meta-qts-hillsboro-or,2021-04-27,4,11.047058553874349,0.5453171725874111,0.9730777244222146,0.1773204716833202
meta-qts-hillsboro-or,2021-05-13,0,32.44072788826072,0.5123270317736991,0.9696338171513166,0.1903964840348466
meta-qts-hillsboro-or,2021-05-13,1,31.932622864116908,0.4437184679092468,0.9696624520852364,0.1974526705559272
meta-qts-hillsboro-or,2021-05-13,2,30.20221958382205,0.5118443524426193,0.9691436608829616,0.1864254723662191
meta-qts-hillsboro-or,2021-05-13,3,30.442698458195792,0.5803896353274746,0.9716313306150952,0.1759755482405249
meta-qts-hillsboro-or,2021-05-13,4,29.348812991557924,0.6273021203705671,0.973958718233175,0.1633145170575527
meta-qts-hillsboro-or,2021-05-29,0,34.95962677822777,0.5644180866677493,0.969832734464764,0.1660970052694795
meta-qts-hillsboro-or,2021-05-29,1,35.79538056990051,0.4688912975009065,0.9697526929155776,0.1759365671527314
meta-qts-hillsboro-or,2021-05-29,2,34.93831724657634,0.548379990519332,0.969225601226178,0.1640586975982204
meta-qts-hillsboro-or,2021-05-29,3,34.066895918369326,0.6014595123356639,0.9717738949017778,0.1572395520456906
meta-qts-hillsboro-or,2021-05-29,4,32.729165901793955,0.6484045123522376,0.9740364402334796,0.1478915853123454
meta-qts-hillsboro-or,2021-07-16,2,30.97270087278526,0.4175796972973287,0.9698775305524856,0.1976386096354742
meta-qts-hillsboro-or,2021-07-16,3,31.025577076944103,0.363027289794725,0.97082184941779,0.1697754036740226
meta-qts-hillsboro-or,2021-07-16,4,31.14224146075532,0.4831831896792634,0.9725032987509036,0.1842724247252385
meta-qts-hillsboro-or,2021-08-01,3,18.984699417575342,0.533522228477399,0.9775854066593892,0.1936847728865994
meta-qts-hillsboro-or,2021-08-01,4,24.376661611678113,0.4231641563442547,0.9735467154019416,0.1776048962603705
meta-qts-hillsboro-or,2021-09-02,0,36.521130773321474,0.3122696088199129,0.9693086528636236,0.1599515967578895
meta-qts-hillsboro-or,2021-09-02,1,37.182656415716494,0.324461468066852,0.9694345193687648,0.1706986890858073
meta-qts-hillsboro-or,2021-09-02,2,37.477898475906656,0.3531730371296482,0.9688108339167756,0.1678760678848646
meta-qts-hillsboro-or,2021-09-02,3,37.40173384379341,0.388526120806564,0.9707306050067982,0.1657914973846739
meta-qts-hillsboro-or,2021-09-02,4,36.1887248556291,0.4430400634075421,0.9727721329065216,0.1559602010813826
meta-qts-hillsboro-or,2021-09-18,0,15.783738800000036,0.3292016899500963,0.9739,0.06950258
meta-qts-hillsboro-or,2021-09-18,1,13.45905022781758,0.5106050039016732,0.9702469942942538,0.0679388566062695
meta-qts-hillsboro-or,2021-09-18,2,15.010048106242577,0.4093272319567796,0.9703952361066924,0.0900452325991548
meta-qts-hillsboro-or,2021-09-18,3,17.714462022475406,0.4396622196202644,0.9711862146900476,0.1465132974207184
meta-qts-hillsboro-or,2021-09-18,4,19.517137973318807,0.4974450967673667,0.9733886550148882,0.1452164367927545
meta-qts-hillsboro-or,2021-10-04,0,23.612698141493137,0.3591686181380279,0.9693665788649038,0.1485322336874243
meta-qts-hillsboro-or,2021-10-04,1,23.428101809053672,0.3587545494328122,0.9693483839175944,0.1760432885207812
meta-qts-hillsboro-or,2021-10-04,2,22.91770784478155,0.3928537213281136,0.9687742811532885,0.1688746716823384
meta-qts-hillsboro-or,2021-10-04,3,23.522280906374053,0.4312095444485324,0.9701833468731084,0.1532363183133204
meta-qts-hillsboro-or,2021-10-04,4,22.84669879880196,0.498551303303742,0.972814868264908,0.1377689148618701
meta-qts-hillsboro-or,2021-10-20,4,-18.529080375999985,0.4684635190908669,0.9747,0.111557505
meta-qts-hillsboro-or,2021-11-05,0,8.553989357148748,0.4746180140196073,0.9703685640848212,0.0716074719273392
meta-qts-hillsboro-or,2021-11-05,1,9.012750571776584,0.4490400105962341,0.96947591832688,0.0778407145896377
meta-qts-hillsboro-or,2021-11-05,2,9.186023447580476,0.4870083595834895,0.9689237621769906,0.0756404867881086
meta-qts-hillsboro-or,2021-11-05,3,9.167667345105595,0.490068558548451,0.970972339443253,0.0843594139043158
meta-qts-hillsboro-or,2021-11-05,4,9.461962357988403,0.5023170123480553,0.9724213306737765,0.0893460550411394
meta-qts-hillsboro-or,2021-11-21,1,-7.050196179560728,0.2914196849808692,0.9730450219619328,0.0586264277800146
meta-qts-hillsboro-or,2021-11-21,2,-3.223950747820989,0.4370197533788217,0.9708699409756713,0.0595830470142908
meta-qts-hillsboro-or,2021-11-21,3,-0.516159406379999,0.4459238757856136,0.9717537756564378,0.0515430986924807
meta-qts-hillsboro-or,2021-11-21,4,0.4259057493013407,0.4807074035159257,0.9706300799301124,0.0479273427425498
meta-qts-hillsboro-or,2021-12-23,0,5.845576206129107,0.5636149844374345,0.9713525569648686,0.0409455039221293
meta-qts-hillsboro-or,2021-12-23,1,6.154583514705623,0.5211046726796617,0.9702523465376856,0.0625302716295424
meta-qts-hillsboro-or,2021-12-23,2,6.220263000602379,0.5357852237259499,0.969136689500154,0.1178876037135486
meta-qts-hillsboro-or,2021-12-23,3,6.154618315752195,0.5796610463392516,0.9716074972718176,0.1170843576671774
meta-qts-hillsboro-or,2021-12-23,4,5.881316764025804,0.6081726529322635,0.973040483851746,0.0830977270825856
meta-qts-hillsboro-or,2022-01-08,0,6.728264480000007,,0.9778,-0.0030801866666666
meta-qts-hillsboro-or,2022-01-08,1,5.838061279634454,0.5187480227209986,0.9694881234713484,0.1178956136954598
meta-qts-hillsboro-or,2022-01-08,2,6.419320077587267,0.6704917279816461,0.9693968329444588,0.066553006709561
meta-qts-hillsboro-or,2022-01-08,3,4.474311101808578,0.5451010695162726,0.9718791890963152,0.0911882719094324
meta-qts-hillsboro-or,2022-01-08,4,3.1009503635267195,0.5319942706326537,0.9709049277440728,0.1354143554475486
meta-qts-hillsboro-or,2022-02-25,0,9.8287925721936,0.3674472966816749,0.9692596372273404,0.1340949307654079
meta-qts-hillsboro-or,2022-02-25,1,9.71575019910756,0.3973591943683513,0.9693022281017653,0.1437181159362472
meta-qts-hillsboro-or,2022-02-25,2,9.1284420214205,0.469079478811356,0.96870244431273,0.1290545951076807
meta-qts-hillsboro-or,2022-02-25,3,8.938275017121567,0.5050752764603773,0.970889235852354,0.1185172853056097
meta-qts-hillsboro-or,2022-02-25,4,8.504979432903458,0.546581944152089,0.9727064103688242,0.1074626295188983
meta-qts-hillsboro-or,2022-04-14,2,-1.8456994816451329,0.5710926890314916,0.9904,0.0389364055843907
meta-qts-hillsboro-or,2022-04-14,3,-3.2217642026698257,0.4710913719111532,0.9904,0.0488782593931267
meta-qts-hillsboro-or,2022-05-16,1,16.879828667094934,0.4994579560979407,0.9696316075423456,0.2277286818384467
meta-qts-hillsboro-or,2022-05-16,2,18.8044288213416,0.3915359113124085,0.9669303720701524,0.2106698411511432
meta-qts-hillsboro-or,2022-05-16,3,20.501162104062217,0.4294721323994236,0.968604387567344,0.2186254068523999
meta-qts-hillsboro-or,2022-05-16,4,23.26816463857931,0.5679310700905084,0.9713154247388108,0.131637605617182
meta-qts-hillsboro-or,2022-07-19,0,43.49983907062117,0.2840520430844148,0.9687940829181664,0.1742072901492442
meta-qts-hillsboro-or,2022-07-19,1,41.369277570690514,0.392610443368803,0.9696410581819924,0.1802033095014448
meta-qts-hillsboro-or,2022-07-19,2,40.100669950175984,0.4209515751767451,0.9689930852839296,0.1766195393052597
meta-qts-hillsboro-or,2022-07-19,3,39.500756230448395,0.4896370217598872,0.971257003830759,0.1634041644452189
meta-qts-hillsboro-or,2022-07-19,4,38.442757791004475,0.54151653743154,0.97342315751484,0.1539922670141277
meta-qts-hillsboro-or,2022-09-05,0,36.468906020656185,0.2652530731450042,0.9687919161826208,0.1689454537476896
meta-qts-hillsboro-or,2022-09-05,1,35.5589166767745,0.353919279138211,0.969537963176028,0.1713167752836727
meta-qts-hillsboro-or,2022-09-05,2,35.36505232792859,0.3804380899190216,0.9688417535905504,0.1657628084690399
meta-qts-hillsboro-or,2022-09-05,3,35.11636689183401,0.4217669595583906,0.9709139877848114,0.1583234560567179
meta-qts-hillsboro-or,2022-09-05,4,33.94203020767942,0.4880924926576279,0.9730974851524358,0.1495404922969397
meta-qts-hillsboro-or,2022-09-21,4,24.69999618261357,0.2956929323612199,0.9693204668692073,0.1492973301832481
meta-qts-hillsboro-or,2022-10-07,4,22.15235313241776,0.4362655982111156,0.9735902773838956,0.1320481569928869
meta-qts-hillsboro-or,2022-10-23,0,15.616508560915504,0.466070967988977,0.9684704225352114,0.070139204806338
meta-qts-hillsboro-or,2022-10-23,1,14.671812555252554,0.428346517662743,0.968763794362958,0.0631491939799132
meta-qts-hillsboro-or,2022-10-23,2,14.384125880449783,0.3736329683574134,0.9686286638501176,0.1255761072064779
meta-qts-hillsboro-or,2022-10-23,3,16.558508877490002,0.4869946873897446,0.9724058778738702,0.1301539085116874
meta-qts-hillsboro-or,2022-10-23,4,16.25144903652243,0.4980891914130892,0.9732279090909542,0.1241091445637352
meta-qts-hillsboro-or,2022-11-08,0,10.928325388155168,0.314958916295196,0.9687752095069784,0.1341476189968674
meta-qts-hillsboro-or,2022-11-08,1,10.942357006606615,0.3604914156266595,0.9691846233247584,0.1229946856907827
meta-qts-hillsboro-or,2022-11-08,2,10.871959273392251,0.4418987950959922,0.968714215360401,0.1106950675067656
meta-qts-hillsboro-or,2022-11-08,3,10.958601411808951,0.4776383089892912,0.97074662873589,0.0997457282265493
meta-qts-hillsboro-or,2022-11-08,4,10.856976646236054,0.5386976354799402,0.9725986648981252,0.0923557736849472
meta-qts-hillsboro-or,2022-11-24,0,9.363983778576738,0.4478989407628754,0.9696043478260868,0.0919549717064226
meta-qts-hillsboro-or,2022-11-24,1,9.37294032892813,0.4633132997812647,0.9690476079992616,0.0939991854407799
meta-qts-hillsboro-or,2022-11-24,2,9.08394400022202,0.4593929904497025,0.9693110849308912,0.0940533985929936
meta-qts-hillsboro-or,2022-11-24,3,8.130173101400212,0.5375612372418589,0.9721315216919488,0.0947781693913387
meta-qts-hillsboro-or,2022-11-24,4,7.836439836572253,0.5195657988738608,0.9729193653096015,0.0932647054600027
meta-qts-hillsboro-or,2023-02-12,0,10.50541073151166,0.2521552486414287,0.9686887396160244,0.1438403712177867
meta-qts-hillsboro-or,2023-02-12,1,10.278905471435756,0.3093953010435978,0.9692875121198156,0.133118781547342
meta-qts-hillsboro-or,2023-02-12,2,10.356142504152226,0.3713780781287372,0.9688227656075604,0.1266774095552804
meta-qts-hillsboro-or,2023-02-12,3,9.95575707022512,0.4189202848820386,0.9708918196380624,0.1183650248598477
meta-qts-hillsboro-or,2023-02-12,4,9.479550826190016,0.4736417673358483,0.9726291643711888,0.1047646850550713
meta-qts-hillsboro-or,2023-03-16,0,16.886850134018097,0.2433101542992097,0.9687364303134064,0.165928098387256
meta-qts-hillsboro-or,2023-03-16,1,16.708185854670447,0.3145755818319349,0.9691342362704888,0.1465765067944834
meta-qts-hillsboro-or,2023-03-16,2,16.31513954839338,0.3733409046781109,0.9687062856558878,0.1332531518878336
meta-qts-hillsboro-or,2023-03-16,3,16.03498916206518,0.4183769851441222,0.970754674774356,0.123481778906047
meta-qts-hillsboro-or,2023-03-16,4,15.46727519640943,0.4594414180415163,0.9724945202081976,0.1150983856688281
meta-qts-hillsboro-or,2023-04-01,1,8.229873150380476,0.2900109306391244,0.9658325816942268,0.232975397659813
meta-qts-hillsboro-or,2023-04-01,2,12.204192642924705,0.3492939725209918,0.9670840218858148,0.1671392144758959
meta-qts-hillsboro-or,2023-04-01,3,12.85405646600852,0.4481715952348314,0.9697338014722052,0.1213884185344255
meta-qts-hillsboro-or,2023-04-01,4,12.496430442420186,0.5652299437651749,0.9723827203529593,0.0966542391719891
meta-qts-hillsboro-or,2023-05-03,0,33.93214733082713,0.2784914140967443,0.9688356759751668,0.2141552521709021
meta-qts-hillsboro-or,2023-05-03,1,32.06993811835131,0.4215692383129411,0.9695352646590388,0.1766361563692684
meta-qts-hillsboro-or,2023-05-03,2,28.98221960488962,0.5039879239725962,0.969011954215972,0.1673206155315454
meta-qts-hillsboro-or,2023-05-03,3,28.772525507048268,0.588538252022307,0.972205050237094,0.1564064382167403
meta-qts-hillsboro-or,2023-05-03,4,29.06661172739889,0.5904395161707602,0.9739494644216078,0.1470504474176678
meta-qts-hillsboro-or,2023-05-19,0,39.511196237505125,0.327096230312019,0.9687821197767408,0.1947756224265419
meta-qts-hillsboro-or,2023-05-19,1,37.230233654361335,0.4724387034042945,0.9695612712475082,0.1760180147317933
meta-qts-hillsboro-or,2023-05-19,2,35.07397669144248,0.5634669796752663,0.9690758082388754,0.1696668823298919
meta-qts-hillsboro-or,2023-05-19,3,35.13907786200598,0.5928486016784612,0.9715691636803324,0.1623742084333246
meta-qts-hillsboro-or,2023-05-19,4,34.47897772686381,0.6275044320400024,0.9734990806640756,0.1540133370704265
meta-qts-hillsboro-or,2023-06-04,0,35.600684669525705,0.3052453693267491,0.9687883052594766,0.1997737165807271
meta-qts-hillsboro-or,2023-06-04,1,34.2618770443287,0.4547555081865069,0.969711693018522,0.1836876717587139
meta-qts-hillsboro-or,2023-06-04,2,33.02805042334311,0.5352484808628966,0.9691906986205426,0.175565191082846
meta-qts-hillsboro-or,2023-06-04,3,33.38095669082722,0.5662399798535142,0.9718571373718636,0.1666692298531
meta-qts-hillsboro-or,2023-06-04,4,32.533083034899434,0.6062772246061641,0.9740024622922638,0.1583440922896108
meta-qts-hillsboro-or,2023-07-06,0,45.21800960886114,0.2760167023249948,0.9688117914738432,0.2010752077495197
meta-qts-hillsboro-or,2023-07-06,1,44.06599369203592,0.3502497673509489,0.969432124387628,0.1900977871135519
meta-qts-hillsboro-or,2023-07-06,2,43.6287881897108,0.3865853463478941,0.9689083613450118,0.1829089052437458
meta-qts-hillsboro-or,2023-07-06,3,43.41068646191203,0.4410556870631211,0.9710894519071742,0.1720541750834481
meta-qts-hillsboro-or,2023-07-06,4,42.4239008479573,0.4921212365455558,0.9732391895240604,0.163773071191535
meta-qts-hillsboro-or,2023-07-22,0,46.020163717624065,0.2577855576479894,0.9687721462535134,0.2023195317508843
meta-qts-hillsboro-or,2023-07-22,1,44.87256844751663,0.3350382519155075,0.969347010058313,0.1901021427907282
meta-qts-hillsboro-or,2023-07-22,2,44.72002581631288,0.3703761038802706,0.9688183824247322,0.1841437620398689
meta-qts-hillsboro-or,2023-07-22,3,44.691498835396,0.4207595987438265,0.970893168776452,0.1753883706953205
meta-qts-hillsboro-or,2023-07-22,4,43.65427151790449,0.4832379554724946,0.9730034268625908,0.1649966545251034
meta-qts-hillsboro-or,2023-08-07,0,40.57294920820052,0.2649893356371214,0.9688238954008516,0.208249331891318
meta-qts-hillsboro-or,2023-08-07,1,39.393709950025965,0.3235055381427748,0.9693393555261296,0.2061117389344434
meta-qts-hillsboro-or,2023-08-07,2,39.545117524085526,0.3578267612648182,0.9688756078828308,0.2001932897317728
meta-qts-hillsboro-or,2023-08-07,3,40.42372672525381,0.3946674064465575,0.970001066707499,0.1757820232623503
meta-qts-hillsboro-or,2023-08-07,4,38.8324976110172,0.4733469107066974,0.9729357927058208,0.1637096175053057
meta-qts-hillsboro-or,2023-08-23,0,37.578972982608846,0.2551862870735508,0.9688421253173346,0.1921933515968151
meta-qts-hillsboro-or,2023-08-23,1,37.0968292415794,0.3133267354216695,0.9693455512695502,0.1934144644878608
meta-qts-hillsboro-or,2023-08-23,2,36.36900361846833,0.3443171845314084,0.969023970070798,0.1789849361197712
meta-qts-hillsboro-or,2023-08-23,3,37.00321592814835,0.3721312969428261,0.9708060779912374,0.179090852494152
meta-qts-hillsboro-or,2023-08-23,4,34.96529000031933,0.4193469864450454,0.9729004894025552,0.1758037997300511
meta-qts-hillsboro-or,2023-09-08,0,33.37892733630382,0.2609200243898091,0.968783458148078,0.1791029673997357
meta-qts-hillsboro-or,2023-09-08,1,33.311593535238224,0.3289102653903015,0.9693060801031858,0.1673903493535535
meta-qts-hillsboro-or,2023-09-08,2,33.3026416112692,0.3735037553219051,0.9687877830486878,0.1475436322067919
meta-qts-hillsboro-or,2023-09-08,3,33.74475218665397,0.4037906156116408,0.9707318134471996,0.1418085171305623
meta-qts-hillsboro-or,2023-09-08,4,32.44360772779666,0.4756795222259232,0.9729751926758684,0.1341726582046218
meta-qts-hillsboro-or,2023-11-27,0,7.736777947110792,0.3909606504083285,0.967709785224264,0.1201440565064194
meta-qts-hillsboro-or,2023-11-27,1,7.732778836466323,0.4748128107892658,0.9688130919220056,0.123425444346176
meta-qts-hillsboro-or,2023-11-27,2,7.405313078883001,0.5356669867876891,0.9689867127918188,0.1153638565690173
meta-qts-hillsboro-or,2023-11-27,3,7.29182358740406,0.5617708648661606,0.970911115489778,0.1108836296957072
meta-qts-hillsboro-or,2023-11-27,4,7.177692611972215,0.6061480853590169,0.973123391775004,0.1049934295922015
meta-qts-hillsboro-or,2024-01-30,1,8.042682658769621,0.4644912087941806,0.9693162860625756,0.1427497788114587
meta-qts-hillsboro-or,2024-01-30,2,9.612253107310131,0.3888421457317146,0.9685360142350712,0.0995990306352563
meta-qts-hillsboro-or,2024-01-30,3,9.521711294273546,0.36957754615547,0.9694512269947554,0.1064253691059394
meta-qts-hillsboro-or,2024-01-30,4,9.855767537891486,0.4134133150741261,0.971749207651746,0.0882389050380931
meta-qts-hillsboro-or,2024-02-15,0,-2.626411678601752,0.8302498967699056,0.9864004079336054,0.0095226131970037
meta-qts-hillsboro-or,2024-02-15,1,-1.1099526682722982,0.7201215315839089,0.9828280789448962,0.0061746591191448
meta-qts-hillsboro-or,2024-02-15,2,-7.275861322857125,-0.0048187903525458,0.9904,0.3039664571218489
meta-qts-hillsboro-or,2024-02-15,3,-1.9893954967504996,0.5008470916332063,0.9808780904909808,0.0561769661737307
meta-qts-hillsboro-or,2024-02-15,4,3.943869498349565,0.659570203290161,0.9812571594262226,0.0317373788892689
meta-qts-hillsboro-or,2024-03-02,3,1.1752031765588489,0.4508533174803826,0.9653721752867636,0.0951842943222758
meta-qts-hillsboro-or,2024-03-02,4,2.6361856032569513,0.4247111964241345,0.9711267176480044,0.0993283098866293
meta-qts-hillsboro-or,2024-03-18,0,25.94009803423522,0.2747150302535597,0.9687476481995332,0.1788528656908938
meta-qts-hillsboro-or,2024-03-18,1,25.06324305302158,0.3960013283742278,0.9692677096895292,0.1616275637605669
meta-qts-hillsboro-or,2024-03-18,2,24.299773056749498,0.4671184761668016,0.9688676622528688,0.1395796175819087
meta-qts-hillsboro-or,2024-03-18,3,23.86736560201774,0.5444552093117345,0.9713363223149988,0.1320192889758126
meta-qts-hillsboro-or,2024-03-18,4,23.0981285994594,0.6055896783655516,0.9732592866590358,0.1198298499150613
meta-qts-hillsboro-or,2024-04-03,0,9.086862104059882,0.3238506464248316,0.9678949911754822,0.1993528179806444
meta-qts-hillsboro-or,2024-04-03,1,9.511326676841286,0.4083938102499528,0.967906437929806,0.2047822258221937
meta-qts-hillsboro-or,2024-04-03,2,9.236406327282696,0.4371120488632838,0.9686818736724856,0.1733012330733227
meta-qts-hillsboro-or,2024-04-03,3,9.575800607198282,0.4585352322832722,0.9698507611776004,0.1715934794444987
meta-qts-hillsboro-or,2024-04-03,4,8.823546361077375,0.5192934806487903,0.9723999051544304,0.154725529444776
meta-qts-hillsboro-or,2024-04-19,0,27.778721237728575,0.3058325072924913,0.9688203784861456,0.1922860142536435
meta-qts-hillsboro-or,2024-04-19,1,26.492571398914414,0.4562299158210648,0.9696251451824832,0.1719083856264226
meta-qts-hillsboro-or,2024-04-19,2,25.13746057696535,0.5409708768991123,0.9692201042882008,0.1606613754053698
meta-qts-hillsboro-or,2024-04-19,3,24.813888848778824,0.6093289718140009,0.9719951433440556,0.1515480136307836
meta-qts-hillsboro-or,2024-04-19,4,24.018107663543624,0.6677654567622993,0.9742591422153656,0.1426882276113567
meta-qts-hillsboro-or,2024-06-06,0,37.487353505473955,0.3195755049296147,0.9688370665734144,0.2074744555106085
meta-qts-hillsboro-or,2024-06-06,1,35.61919391493591,0.4639404973853855,0.9697014363831228,0.1842426195835318
meta-qts-hillsboro-or,2024-06-06,2,33.93651383919756,0.5528489727680622,0.9692386576721448,0.1682093765853893
meta-qts-hillsboro-or,2024-06-06,3,33.267043154156234,0.6204509045868837,0.971931779814436,0.1597862477510395
meta-qts-hillsboro-or,2024-06-06,4,32.39323852392384,0.6618097930997433,0.9742268515631956,0.1499410680160225
meta-qts-hillsboro-or,2024-06-22,0,40.15399770039913,0.3117879247800219,0.9688689772154412,0.2193359651745517
meta-qts-hillsboro-or,2024-06-22,1,38.53991967310376,0.4101386222963257,0.9695208429970252,0.1955977683292709
meta-qts-hillsboro-or,2024-06-22,2,36.38576121288419,0.5072639641477883,0.9691874224080806,0.1731685303054328
meta-qts-hillsboro-or,2024-06-22,3,35.07730465021916,0.5547144299538315,0.9716243112181004,0.1685548541526148
meta-qts-hillsboro-or,2024-06-22,4,34.53898878155758,0.5951912565487739,0.9738117149548392,0.1602608435857151
meta-qts-hillsboro-or,2024-07-08,0,49.461314498512955,0.2852868510678326,0.9688277515634004,0.2069445089621379
meta-qts-hillsboro-or,2024-07-08,1,48.01544340012752,0.3760280138480372,0.969484764316899,0.1861142607717547
meta-qts-hillsboro-or,2024-07-08,2,47.21801721574617,0.4226916228033683,0.969116025658974,0.1753741221489141
meta-qts-hillsboro-or,2024-07-08,3,46.290896140718935,0.4802235765429459,0.9712749985240954,0.1650925440875105
meta-qts-hillsboro-or,2024-07-08,4,45.280308925045446,0.5346967213299221,0.9734870053922392,0.1540015742593042
meta-qts-hillsboro-or,2024-07-24,0,41.00520710901284,0.2763319453292876,0.9688107655556708,0.2023694434959221
meta-qts-hillsboro-or,2024-07-24,1,40.17792971850648,0.3482378154953596,0.9693841916106004,0.1886483978933135
meta-qts-hillsboro-or,2024-07-24,2,39.69499272689548,0.3907310503575222,0.9689701869169456,0.1788176951614609
meta-qts-hillsboro-or,2024-07-24,3,39.277944981883046,0.4403416380910361,0.9709328045881528,0.1705825337521209
meta-qts-hillsboro-or,2024-07-24,4,38.01078587362374,0.4998075051479376,0.9731061518210428,0.1614235794468118
meta-qts-hillsboro-or,2024-08-25,0,29.486475336513273,0.2858823209638564,0.9688322474453064,0.2134530549557788
meta-qts-hillsboro-or,2024-08-25,1,30.748155151738043,0.3392134292727617,0.969920874908096,0.2099677940316485
meta-qts-hillsboro-or,2024-08-25,2,30.00115425843246,0.3608395442775681,0.968535246272028,0.1735147060895175
meta-qts-hillsboro-or,2024-08-25,3,30.672293994101928,0.4135276328154124,0.970774723636913,0.1597241409590041
meta-qts-hillsboro-or,2024-08-25,4,30.802987985455143,0.468975103992623,0.9727328349166994,0.1536088159991264
meta-qts-hillsboro-or,2024-09-10,0,34.00817225567197,0.305984844815609,0.9688692333543752,0.1825908722605511
meta-qts-hillsboro-or,2024-09-10,1,35.10404095481594,0.3482108002573544,0.9693738739652512,0.1644547930891723
meta-qts-hillsboro-or,2024-09-10,2,35.593757973835565,0.3741242063515188,0.9688748514012112,0.148251271291989
meta-qts-hillsboro-or,2024-09-10,3,35.70055118854663,0.4163972382473696,0.9708274252147536,0.1443261056373428
meta-qts-hillsboro-or,2024-09-10,4,34.11596353982897,0.4887671581886705,0.9731323835265144,0.1351844140709039
meta-qts-hillsboro-or,2024-10-12,0,25.13750953440776,0.3213936447849147,0.9688362799907344,0.1718655722523652
meta-qts-hillsboro-or,2024-10-12,1,26.345871966671936,0.3453125390122904,0.9691786758302736,0.1553183796749434
meta-qts-hillsboro-or,2024-10-12,2,26.48027145110137,0.3875554920656564,0.9686500705656012,0.1385167810692285
meta-qts-hillsboro-or,2024-10-12,3,26.67596634330664,0.4321686342936282,0.9705076027577264,0.1326142827041392
meta-qts-hillsboro-or,2024-10-12,4,25.83585376972901,0.4961173532502791,0.9725084290223568,0.1234162272076615
meta-qts-hillsboro-or,2024-10-28,2,5.858851604102711,0.4755114731357932,0.9705750557646856,0.0988737737659403
meta-qts-hillsboro-or,2024-10-28,3,8.471395612726305,0.486628608026194,0.9719038753986649,0.1229818843731652
meta-qts-hillsboro-or,2024-10-28,4,8.388699238372421,0.4910889714548539,0.974013846166682,0.1575739428677553
meta-qts-hillsboro-or,2024-12-15,3,0.2388368459665773,0.3478290896409169,0.9693216557911908,0.1140233740242659
meta-qts-hillsboro-or,2024-12-15,4,-0.3407040930580636,0.3308950289326531,0.9709286125780122,0.111825213394143
meta-qts-hillsboro-or,2025-02-01,1,-5.260419253834573,,0.9675526315789474,-0.0425071667293233
meta-qts-hillsboro-or,2025-02-01,2,-2.6991266995035574,0.6487297024359212,0.969540075790902,0.0165839848225435
meta-qts-hillsboro-or,2025-02-01,3,0.1251973400494603,0.5007456627191091,0.9706172585518272,0.0539248343369515
meta-qts-hillsboro-or,2025-02-01,4,-1.0351948761713294,0.4860441188367604,0.9732394677575034,0.0599839158856919
meta-qts-hillsboro-or,2025-03-05,0,17.03374464781489,0.3006454182578399,0.9688568642054916,0.1752603437458879
meta-qts-hillsboro-or,2025-03-05,1,16.96932003059631,0.335600466251137,0.9691976024452408,0.1564916600831467
meta-qts-hillsboro-or,2025-03-05,2,16.379735600818616,0.3783440882666767,0.9687303453711252,0.1344538393338107
meta-qts-hillsboro-or,2025-03-05,3,15.536922677608944,0.4709810026979383,0.971092638805824,0.1269466482661577
meta-qts-hillsboro-or,2025-03-05,4,14.751960874950443,0.4952007248496187,0.9726755352583416,0.1229256569328972
meta-qts-hillsboro-or,2025-04-22,0,27.4775105400716,0.3592968348531299,0.9689583806024712,0.1958464770948436
meta-qts-hillsboro-or,2025-04-22,1,26.67197694260243,0.4482865121117038,0.9696225305122284,0.1738761794073063
meta-qts-hillsboro-or,2025-04-22,2,25.343105247427815,0.5166088857244787,0.9691374411268792,0.1597379859648748
meta-qts-hillsboro-or,2025-04-22,3,24.67177207865112,0.5913134338870347,0.9718586046809368,0.1530491618087298
meta-qts-hillsboro-or,2025-04-22,4,23.62764349145006,0.6386094205653453,0.9740780797330268,0.1398468804114263
meta-qts-hillsboro-or,2025-05-08,0,28.78572918350116,0.3755379267085492,0.9690075147711322,0.2014952872919073
meta-qts-hillsboro-or,2025-05-08,1,28.258457470493173,0.4645834634231356,0.969713635950754,0.1819990036211185
meta-qts-hillsboro-or,2025-05-08,2,27.538574349620095,0.513737739769207,0.9691150727572015,0.169313920362738
meta-qts-hillsboro-or,2025-05-08,3,26.916308437215857,0.5842637283418989,0.971822893574768,0.1650182645976763
meta-qts-hillsboro-or,2025-05-08,4,25.41058575027209,0.6419955238228455,0.9741288226792468,0.1552975151995879
meta-qts-hillsboro-or,2025-05-24,0,35.92647220897777,0.3886902568429432,0.9690591844427384,0.2033894422992898
meta-qts-hillsboro-or,2025-05-24,1,35.440321678003,0.4761091463401376,0.9697724327376648,0.1831672651634703
meta-qts-hillsboro-or,2025-05-24,2,34.23742138722068,0.5387611912163971,0.9692148236229085,0.1681495189124246
meta-qts-hillsboro-or,2025-05-24,3,33.773218530109894,0.5922978542596411,0.9718824262764438,0.1614368272239974
meta-qts-hillsboro-or,2025-05-24,4,32.36457114873078,0.6513452184336394,0.9742018608349148,0.153227674729868
meta-qts-hillsboro-or,2025-06-09,0,45.25668006881192,0.3580954818038246,0.9690315591322154,0.2077942511291934
meta-qts-hillsboro-or,2025-06-09,1,45.28924319013335,0.4283516816864433,0.9696652580887366,0.1871958536956624
meta-qts-hillsboro-or,2025-06-09,2,43.86849978111114,0.5131888419601808,0.9692361878252282,0.1714060049141573
meta-qts-hillsboro-or,2025-06-09,3,43.486412983542344,0.5596645032281223,0.9717783763264466,0.163896309248455
meta-qts-hillsboro-or,2025-06-09,4,42.14856607956232,0.6197455259407749,0.9740028377912768,0.1536781913036604
meta-qts-hillsboro-or,2025-07-11,0,41.72174047882476,0.3244502776666291,0.9690141725667928,0.2053044180525379
meta-qts-hillsboro-or,2025-07-11,1,42.5589368625845,0.3649586173024469,0.9694866049098612,0.1929264238888658
meta-qts-hillsboro-or,2025-07-11,2,41.6326118996132,0.4081694101113379,0.9690230163680024,0.1780307501375403
meta-qts-hillsboro-or,2025-07-11,3,41.26337731262877,0.4570441039428454,0.9711078504334932,0.1691783264731576
meta-qts-hillsboro-or,2025-07-11,4,39.975119241880975,0.5126293779386556,0.9732477233424378,0.1589525597047967
meta-qts-hillsboro-or,2025-07-27,2,26.767606504569503,0.2861672240336824,0.9690160157834818,0.2098741167688034
meta-qts-hillsboro-or,2025-07-27,3,32.97139791652228,0.3601691477057215,0.9703855099029136,0.1970906551485424
meta-qts-hillsboro-or,2025-07-27,4,33.09695723737842,0.43437298034574,0.9733684497263244,0.1975058706257419
meta-qts-hillsboro-or,2025-08-12,0,45.43535515383886,0.2989480060622211,0.9690140490387972,0.1962487859945708
meta-qts-hillsboro-or,2025-08-12,1,47.3506741263608,0.3298180607582065,0.9693770802424634,0.1726763030127597
meta-qts-hillsboro-or,2025-08-12,2,47.17761923332485,0.3484024843372366,0.9688376397903355,0.1710956897675885
meta-qts-hillsboro-or,2025-08-12,3,47.11805675870572,0.3973935679451413,0.970763349299762,0.1593499495705305
meta-qts-hillsboro-or,2025-08-12,4,45.66493933952065,0.4673947513751306,0.9730036108366256,0.1507704543980688
meta-qts-hillsboro-or,2025-08-28,1,14.698517450000054,0.3102910218263829,0.97055,0.2871458987499999
meta-qts-hillsboro-or,2025-08-28,2,15.255654710000016,0.332260392090822,0.97105,0.2470196587499999
meta-qts-hillsboro-or,2025-08-28,3,33.18165735841832,0.3650497349448597,0.9679454387257008,0.1952703997903239
meta-qts-hillsboro-or,2025-08-28,4,32.812567541409805,0.4657425442519804,0.9720504190036844,0.1686974653196398
meta-qts-hillsboro-or,2025-09-13,0,32.72845669171395,0.30803904293291,0.9689534699104874,0.1782644144115276
meta-qts-hillsboro-or,2025-09-13,1,34.37940799584146,0.3251734527394014,0.9692060439211062,0.1580522222026396
meta-qts-hillsboro-or,2025-09-13,2,35.02749545224024,0.3378100832208914,0.9686359942096968,0.1459165850679817
meta-qts-hillsboro-or,2025-09-13,3,35.02541773643577,0.3918044172916028,0.970443396712636,0.1418099269303981
meta-qts-hillsboro-or,2025-09-13,4,33.81062375464188,0.4578727980594747,0.9724957084211372,0.1322456502528459
meta-qts-hillsboro-or,2025-10-15,0,21.37345369619772,0.3389979714115469,0.9690348971129866,0.1698412606091604
meta-qts-hillsboro-or,2025-10-15,1,21.99753016011931,0.3630129575422709,0.969336970969557,0.1496314183039914
meta-qts-hillsboro-or,2025-10-15,2,22.061616614186235,0.3880037328066792,0.9688324202709736,0.1309732903415472
meta-qts-hillsboro-or,2025-10-15,3,21.92192693449653,0.4544895706844143,0.9708600747307988,0.1241337232430953
meta-qts-hillsboro-or,2025-10-15,4,21.077301111308554,0.5226366616414376,0.9731703933205066,0.1137027146704732
meta-qts-hillsboro-or,2026-01-19,0,7.529220500000008,0.6422161141835282,0.9671,0.0989073674999999
meta-qts-hillsboro-or,2026-01-19,1,6.940255480903886,0.6072991223155286,0.9710167577073312,0.1093472616072827
meta-qts-hillsboro-or,2026-01-19,2,7.298907877691332,0.5452814702721801,0.9687481425184052,0.1049083357008533
meta-qts-hillsboro-or,2026-01-19,3,7.317362088483613,0.5933812343695309,0.9716467124434872,0.1045067224089709
meta-qts-hillsboro-or,2026-01-19,4,7.069583105115814,0.6044241448826646,0.9735028311729376,0.0990855916182374
meta-qts-hillsboro-or,2026-02-04,3,5.489056792985967,0.4628858436935859,0.9670264637002344,0.1592291614461358
meta-qts-hillsboro-or,2026-02-04,4,5.077734823088771,0.4485707502999574,0.968783359245304,0.1248718309851873
meta-qts-hillsboro-or,2026-04-09,0,29.81748913075911,0.3602825900732296,0.9690267842301972,0.1888255793159691
meta-qts-hillsboro-or,2026-04-09,1,28.9702743861261,0.4614239483966484,0.9695739952282028,0.1651875702083667
meta-qts-hillsboro-or,2026-04-09,2,27.80629402619733,0.5068090467966537,0.968982227449048,0.1525702217659183
meta-qts-hillsboro-or,2026-04-09,3,26.782962668509484,0.5961703153297919,0.9717211753850192,0.1442852117296982
meta-qts-hillsboro-or,2026-04-09,4,25.881974355584507,0.6481359822359184,0.973738076264039,0.137342282968897
meta-qts-hillsboro-or,2026-04-25,1,25.27150387806502,0.5665706970742387,0.9724320983568128,0.1886626911621951
meta-qts-hillsboro-or,2026-04-25,2,24.18031083883676,0.6710767330543708,0.9700370410986324,0.1646658451163184
meta-qts-hillsboro-or,2026-04-25,3,24.64333783547092,0.6858823565287447,0.9732014108138136,0.1563564233054619
meta-qts-hillsboro-or,2026-04-25,4,24.920112293229785,0.6799034566561488,0.9742912305792572,0.1472795577443145
meta-qts-hillsboro-or,2026-05-11,0,35.50995160846253,0.3876270351360736,0.9690442243849704,0.1997449422486382
meta-qts-hillsboro-or,2026-05-11,1,34.29167495219856,0.5018177830492281,0.9697120899616662,0.1778780864701458
meta-qts-hillsboro-or,2026-05-11,2,32.877361910839916,0.5502531026687402,0.9691323131681988,0.1675059552105482
meta-qts-hillsboro-or,2026-05-11,3,32.32005193895784,0.6140529664522225,0.9718294504076324,0.1609920964127582
meta-qts-hillsboro-or,2026-05-11,4,31.208889395379437,0.674450441600002,0.9739943124693176,0.154528293464864
meta-qts-hillsboro-or,2026-05-27,0,35.97207426751187,0.3900167986134942,0.969097043048598,0.2063002196233529
meta-qts-hillsboro-or,2026-05-27,1,34.951252214320945,0.4863405552559486,0.9697952883060716,0.1855330756278724
meta-qts-hillsboro-or,2026-05-27,2,33.895882978432816,0.5381068759340281,0.9692230427395871,0.1785270019873964
meta-qts-hillsboro-or,2026-05-27,3,33.22526987074714,0.6192449084404739,0.972185032234968,0.1661125078390436
meta-qts-hillsboro-or,2026-05-27,4,32.740290593066256,0.6536663176618516,0.9743598529428608,0.1546260437079566
meta-qts-hillsboro-or,2026-06-12,0,37.30022137717023,0.3653496630876406,0.9690743138973528,0.2092554349947546
meta-qts-hillsboro-or,2026-06-12,1,36.588839542692035,0.4453739072376282,0.9697053853769882,0.1854017365021806
meta-qts-hillsboro-or,2026-06-12,2,35.401977786490534,0.5211657944046473,0.9692385012583462,0.1732169079869657
meta-qts-hillsboro-or,2026-06-12,3,34.71778639029336,0.5777225579725473,0.9718833865738664,0.163664277766542
meta-qts-hillsboro-or,2026-06-12,4,33.858404748414614,0.6258762175557542,0.9741431861621118,0.1513305522518072
meta-qts-hillsboro-or,2026-07-14,0,41.78463977409291,0.3237618284948131,0.96904684526756,0.2084470943533287
meta-qts-hillsboro-or,2026-07-14,1,41.63494698726067,0.3677016673044471,0.9694902818568808,0.1879548188868595
meta-qts-hillsboro-or,2026-07-14,2,41.5994206325904,0.4048554472342929,0.9689831301682184,0.1796259697175
meta-qts-hillsboro-or,2026-07-14,3,40.98278295704733,0.4498128322932417,0.9710661180779722,0.1699127287576889
meta-qts-hillsboro-or,2026-07-14,4,40.106271357970456,0.5061937839652189,0.9733681682798292,0.1581104695822244
meta-qts-hillsboro-or,2026-07-30,0,38.071813752324594,0.3126322381287568,0.9689724528027676,0.2008528817127132
meta-qts-hillsboro-or,2026-07-30,1,38.16841701519586,0.3533135255904034,0.9693210125532116,0.1821595901996901
meta-qts-hillsboro-or,2026-07-30,2,38.24604265861834,0.3968995107317342,0.9688347645467072,0.1710883352961626
meta-qts-hillsboro-or,2026-07-30,3,37.9563866756444,0.437489667734067,0.9707887458969,0.1624893107186762
meta-qts-hillsboro-or,2026-07-30,4,37.03656730411441,0.4972123711365595,0.9728677014215564,0.150985388674934
meta-qts-hillsboro-or,2026-08-31,0,36.78319793705376,0.3013256767273753,0.9690026104372064,0.1878855284791754
meta-qts-hillsboro-or,2026-08-31,1,37.92439571234024,0.3220644310812896,0.9692809922973034,0.1793492749090025
meta-qts-hillsboro-or,2026-08-31,2,38.356439637770954,0.3478876825317855,0.9687474945029962,0.1681600851283643
meta-qts-hillsboro-or,2026-08-31,3,38.28008218736785,0.3879356568748392,0.9706534534968904,0.1652750773355759
meta-qts-hillsboro-or,2026-08-31,4,37.3033841899577,0.453406976062171,0.9727352939955978,0.1541695874192788
meta-qts-hillsboro-or,2026-09-16,0,31.871382786408887,0.3152120890356478,0.9689990590073252,0.1777799929615043
meta-qts-hillsboro-or,2026-09-16,1,33.13739843468531,0.3364383843464329,0.9692285634049288,0.1580855775810975
meta-qts-hillsboro-or,2026-09-16,2,33.12245128233195,0.3632553205845211,0.9687163532461608,0.1411139276574285
meta-qts-hillsboro-or,2026-09-16,3,33.27712002137263,0.4062305965481201,0.9706060105804468,0.1363457535740395
meta-qts-hillsboro-or,2026-09-16,4,32.633485842142754,0.4759235027011576,0.9726482964926632,0.1274781523751077
meta-qts-hillsboro-or,2021-11-09,1,2.1526750400000196,0.5886899520594853,0.9685,0.1658855974999999
meta-qts-hillsboro-or,2021-11-09,2,8.56707638808747,0.489741388435674,0.9663870913697852,0.0687431578073362
meta-qts-hillsboro-or,2021-11-09,3,10.621064241668014,0.6302913969733462,0.9724219803966178,0.1095181665482339
meta-qts-hillsboro-or,2021-11-09,4,9.340167908912422,0.581124360542956,0.9722354712327346,0.1385767135787889
meta-qts-hillsboro-or,2021-12-08,0,10.178656761071183,0.473798470930948,0.9701852325005836,0.1025868147780014
meta-qts-hillsboro-or,2021-12-08,1,10.023824692518046,0.49479283573771,0.9701206984550348,0.1191966722458792
meta-qts-hillsboro-or,2021-12-08,2,9.831242616231606,0.554570646899332,0.9696103570676432,0.1140962878206635
meta-qts-hillsboro-or,2021-12-08,3,9.434678229428174,0.5737189312973271,0.971440961282624,0.1129904392787101
meta-qts-hillsboro-or,2021-12-08,4,9.54046585294383,0.6158251216943452,0.9737258187818022,0.1035416868843912
meta-qts-hillsboro-or,2022-01-09,0,5.647828823167708,0.4516424723265455,0.970626474501918,0.103121258517638
meta-qts-hillsboro-or,2022-01-09,1,5.8133370162607045,0.4632015018937339,0.9701857599677356,0.1206716744087838
meta-qts-hillsboro-or,2022-01-09,2,5.885765114988665,0.5295308946983904,0.969644242296001,0.1142748990090258
meta-qts-hillsboro-or,2022-01-09,3,5.904281554946906,0.5697964182730739,0.97164582849792,0.1069654180961451
meta-qts-hillsboro-or,2022-01-09,4,5.90895624617505,0.6155447864254677,0.9735465411251522,0.096707479784857
meta-qts-hillsboro-or,2022-01-25,0,6.838460385961265,0.4378677408770149,0.9701418815928704,0.1190586645827812
meta-qts-hillsboro-or,2022-01-25,1,7.05607050709254,0.4358738190142291,0.9699658087347832,0.1283041783034851
meta-qts-hillsboro-or,2022-01-25,2,7.049102060239871,0.5141837017405473,0.9696287031923044,0.1205054822832362
meta-qts-hillsboro-or,2022-01-25,3,7.018883338055421,0.5483625076939744,0.9715372925482896,0.112301685397324
meta-qts-hillsboro-or,2022-01-25,4,6.735869701071756,0.5941636734186433,0.9733618866692464,0.1016665446858665
meta-qts-hillsboro-or,2022-03-30,2,11.963590623553827,0.4058406610192294,0.9687651913743964,0.1995357149514758
meta-qts-hillsboro-or,2022-03-30,3,15.141824328759578,0.4069797544853119,0.9694684074386516,0.1710654021050333
meta-qts-hillsboro-or,2022-03-30,4,12.94681582942999,0.4521332258743917,0.971812722577418,0.140846958525543
meta-qts-hillsboro-or,2022-04-15,0,17.065767707600045,0.4137372642570455,0.9696872907457956,0.1569221947600924
meta-qts-hillsboro-or,2022-04-15,1,14.69181165999204,0.5226526597233889,0.9697435051897032,0.1991231249665707
meta-qts-hillsboro-or,2022-04-15,2,15.661254545126582,0.5733101190838682,0.969424447277871,0.2077032172633737
meta-qts-hillsboro-or,2022-04-15,3,14.378762573447563,0.5552869294318048,0.971631557747593,0.1849164098937664
meta-qts-hillsboro-or,2022-04-15,4,14.600153750539413,0.5810573165016596,0.9741526255606996,0.1751108936640753
meta-qts-hillsboro-or,2022-05-01,4,8.220867066433856,0.733647139401446,0.9661001497891124,0.2796204322229886
meta-qts-hillsboro-or,2022-05-17,0,23.23534210368654,0.4244284852558816,0.9696175703354708,0.1895694594564724
meta-qts-hillsboro-or,2022-05-17,1,22.867034505373056,0.5105959885450575,0.969947252036988,0.18459645199047
meta-qts-hillsboro-or,2022-05-17,2,22.42296323788786,0.6008508196274436,0.969791249517928,0.1679712037076017
meta-qts-hillsboro-or,2022-05-17,3,21.78869749366169,0.6422818880261119,0.9727209403119264,0.1718916068890596
meta-qts-hillsboro-or,2022-05-17,4,19.875645229270333,0.6588209579308144,0.9745843120487442,0.1678261218052874
meta-qts-hillsboro-or,2022-07-04,0,30.903622967435226,0.3425905067483246,0.9695436430767606,0.2024315581286987
meta-qts-hillsboro-or,2022-07-04,1,29.485388422280064,0.4065337845674492,0.9702725427311008,0.2238698349456729
meta-qts-hillsboro-or,2022-07-04,2,28.24833367733641,0.4587871284653415,0.9693187396772308,0.2181599819185975
meta-qts-hillsboro-or,2022-07-04,3,27.45052590775503,0.5391051402742376,0.9717257100326796,0.209561274217781
meta-qts-hillsboro-or,2022-07-04,4,27.7305547477463,0.575507619470059,0.9738995925413632,0.1877661661528619
meta-qts-hillsboro-or,2022-07-20,0,44.45522003265013,0.2838097138367098,0.969428133046923,0.1806330129952135
meta-qts-hillsboro-or,2022-07-20,1,42.75900174665213,0.3877244254659936,0.9701861855610808,0.1875229743879193
meta-qts-hillsboro-or,2022-07-20,2,41.583173204813534,0.412610102238625,0.9695046659980644,0.1860738259557874
meta-qts-hillsboro-or,2022-07-20,3,41.13882903875085,0.4789547097896829,0.9716084231688414,0.1748246973407091
meta-qts-hillsboro-or,2022-07-20,4,40.20098035384284,0.5347599987575388,0.97370847113132,0.1669632239185731
meta-qts-hillsboro-or,2022-08-05,0,40.85398510773164,0.2709586271612465,0.9694435976620565,0.179106800234816
meta-qts-hillsboro-or,2022-08-05,1,39.5406055389612,0.3621748215278725,0.9702290305927812,0.1853434930109248
meta-qts-hillsboro-or,2022-08-05,2,38.26560003908973,0.3872412123641012,0.9695475023747748,0.1881892595756541
meta-qts-hillsboro-or,2022-08-05,3,38.026414961820635,0.4483976603192771,0.9716963530991496,0.1761817778803301
meta-qts-hillsboro-or,2022-08-05,4,37.2888320556867,0.5047337766858148,0.9738614861159292,0.1668723062246563
meta-qts-hillsboro-or,2022-08-21,0,40.68064242759693,0.2742126540093124,0.9694547946574192,0.1734155846525622
meta-qts-hillsboro-or,2022-08-21,1,39.49526374546226,0.3604122867789257,0.9701942288826862,0.1794986872562233
meta-qts-hillsboro-or,2022-08-21,2,39.208260190433165,0.385483137084961,0.9694821937290616,0.1846763210132126
meta-qts-hillsboro-or,2022-08-21,3,38.14402909222164,0.4356494171636849,0.9715464706640876,0.1763899986863171
meta-qts-hillsboro-or,2022-08-21,4,36.89788802458084,0.4935797647860505,0.973724271723802,0.1694405993484093
meta-qts-hillsboro-or,2022-09-06,0,39.45358057437588,0.2655921431703826,0.9694508844513724,0.172202438005227
meta-qts-hillsboro-or,2022-09-06,1,39.086469313082006,0.3458203771389041,0.9701478894796453,0.1777913145795309
meta-qts-hillsboro-or,2022-09-06,2,39.1470295614133,0.373471727563867,0.9694372349991428,0.1773993210471891
meta-qts-hillsboro-or,2022-09-06,3,38.898404302885325,0.4126344585563533,0.9714503259866348,0.1701578936622395
meta-qts-hillsboro-or,2022-09-06,4,37.7621618079888,0.4789198491617177,0.9736168105842112,0.1606864923661506
meta-qts-hillsboro-or,2022-10-08,0,32.553961861815516,0.2661651536967998,0.9692375248260886,0.1548016114830067
meta-qts-hillsboro-or,2022-10-08,1,33.01738891044437,0.3301540307428441,0.9698708475036384,0.1533884084397733
meta-qts-hillsboro-or,2022-10-08,2,32.97263851257794,0.3812438847618951,0.9692583578727336,0.1486246936925839
meta-qts-hillsboro-or,2022-10-08,3,33.06169562469614,0.4163290401098526,0.9711123167022978,0.1408842986535435
meta-qts-hillsboro-or,2022-10-08,4,32.11017214161051,0.4781689421339029,0.972916972991762,0.1327101610811256
meta-qts-hillsboro-or,2022-11-09,0,10.222248395819015,0.3102658802638888,0.969354702433618,0.1320480356759349
meta-qts-hillsboro-or,2022-11-09,1,10.108106642063056,0.3483678149882365,0.9697666314666744,0.1291288121171812
meta-qts-hillsboro-or,2022-11-09,2,10.023384663697518,0.4211418626390884,0.969295661319666,0.1180197055581094
meta-qts-hillsboro-or,2022-11-09,3,10.011996055941855,0.4643521360247074,0.9712537139340734,0.1079358863912069
meta-qts-hillsboro-or,2022-11-09,4,9.617118818109835,0.5257678960703163,0.9730379399658086,0.0996585352857505
meta-qts-hillsboro-or,2023-03-01,0,4.461113858877883,0.2103206122751615,0.969348255193484,0.2656889984923115
meta-qts-hillsboro-or,2023-03-01,1,5.048178129136198,0.2828667625998099,0.9697735470523106,0.1949051598862756
meta-qts-hillsboro-or,2023-03-01,2,5.2348032750992255,0.3395833862314556,0.9690159703885952,0.1975892500688736
meta-qts-hillsboro-or,2023-03-01,3,6.571708416445483,0.4071448942231925,0.9705679968899584,0.161397543011298
meta-qts-hillsboro-or,2023-03-01,4,6.736157094021458,0.4594372379908223,0.9722357276779202,0.1417444044183456
meta-qts-hillsboro-or,2023-03-17,0,18.332803824080273,0.2416830731506701,0.9694010663372636,0.1806090249189229
meta-qts-hillsboro-or,2023-03-17,1,18.20812479309615,0.317691257350517,0.9698359875436768,0.1583731100607871
meta-qts-hillsboro-or,2023-03-17,2,17.5865409711159,0.3805706235118333,0.969380207769594,0.1413783746006889
meta-qts-hillsboro-or,2023-03-17,3,17.252048238907783,0.4237034927671906,0.9714437765689437,0.1301068661950623
meta-qts-hillsboro-or,2023-03-17,4,17.048731478621885,0.4586859875203642,0.973271830940138,0.1218885204365092
meta-qts-hillsboro-or,2023-05-20,0,40.443359164779686,0.3256708315333262,0.9694421439373694,0.1993065185349558
meta-qts-hillsboro-or,2023-05-20,1,37.87545289670464,0.4725655027297355,0.9702634771432213,0.1821003798233095
meta-qts-hillsboro-or,2023-05-20,2,35.75137236877488,0.5671942686276611,0.9697495680360232,0.1754286130506293
meta-qts-hillsboro-or,2023-05-20,3,35.15741948660094,0.5946692791002568,0.9723003130716537,0.1728650076991765
meta-qts-hillsboro-or,2023-05-20,4,33.46240000875241,0.6258188121698633,0.974212376267642,0.1657127391939958
meta-qts-hillsboro-or,2023-06-05,0,40.049599777455086,0.2957085395176078,0.9694287366083442,0.2096299465046461
meta-qts-hillsboro-or,2023-06-05,1,38.38371636401485,0.446009876191987,0.9703039530813818,0.1919254495896927
meta-qts-hillsboro-or,2023-06-05,2,36.9705614471523,0.5277741072582799,0.9697589329952452,0.1843166381427981
meta-qts-hillsboro-or,2023-06-05,3,37.078059030060295,0.5563056423831253,0.9723276016791732,0.1777217830335213
meta-qts-hillsboro-or,2023-06-05,4,36.31551372144224,0.5988885195914738,0.974451307786398,0.1706677549603862
meta-qts-hillsboro-or,2023-06-21,0,36.70628268438236,0.2987463099477807,0.9694662963854483,0.2040125927472721
meta-qts-hillsboro-or,2023-06-21,1,35.46636573941065,0.4066846522333388,0.9702168104361842,0.189946102597824
meta-qts-hillsboro-or,2023-06-21,2,34.3881741621477,0.4952407491887823,0.969706384884662,0.1743906454200826
meta-qts-hillsboro-or,2023-06-21,3,34.87442319220591,0.5326798364127899,0.9720507737740044,0.167996465592148
meta-qts-hillsboro-or,2023-06-21,4,34.27051497127824,0.5827633111339029,0.974382944099265,0.1609810966546531
meta-qts-hillsboro-or,2023-07-23,0,44.51204676312259,0.257090530668868,0.9694121988437466,0.2105288655978167
meta-qts-hillsboro-or,2023-07-23,1,43.044811674847395,0.3347176473693652,0.9699124687380792,0.197686241258733
meta-qts-hillsboro-or,2023-07-23,2,42.7638119395604,0.3666833394693593,0.9693476981853222,0.1943071550455483
meta-qts-hillsboro-or,2023-07-23,3,42.864291290999326,0.4163705594695425,0.971308009237841,0.1871500719413618
meta-qts-hillsboro-or,2023-07-23,4,41.966676867384614,0.4788657131784382,0.973324213818418,0.1782368346206221
meta-qts-hillsboro-or,2023-08-08,0,42.91583514860356,0.2598018695749485,0.9694409236442622,0.2016568642610006
meta-qts-hillsboro-or,2023-08-08,1,42.505201948218904,0.3322666209502132,0.9699922370516612,0.1992149534880583
meta-qts-hillsboro-or,2023-08-08,2,42.3799043985056,0.3653014732123258,0.9694120167275292,0.1875114799159736
meta-qts-hillsboro-or,2023-08-08,3,42.25582049374524,0.4065458156598133,0.9713723552360064,0.1822127423552971
meta-qts-hillsboro-or,2023-08-08,4,40.67931253384833,0.4663892483990422,0.9735478251287648,0.1712308555669439
meta-qts-hillsboro-or,2023-08-24,0,38.702930260123786,0.254694492066193,0.9694765787286658,0.1927129401633112
meta-qts-hillsboro-or,2023-08-24,1,38.760238354601334,0.3136787432700882,0.9698903667863662,0.1935918545705042
meta-qts-hillsboro-or,2023-08-24,2,39.05319731070267,0.3455197684440999,0.9692914877909682,0.1854140398462427
meta-qts-hillsboro-or,2023-08-24,3,39.411152296006875,0.380106723615113,0.9711108328727012,0.1779827768047132
meta-qts-hillsboro-or,2023-08-24,4,37.86692012212013,0.4424424275001618,0.9731688120954688,0.1726283903426867
meta-qts-hillsboro-or,2023-09-09,0,36.48215636070359,0.2675793265803287,0.969425009877703,0.182134007483435
meta-qts-hillsboro-or,2023-09-09,1,36.395284046589275,0.3298610758607466,0.9698279467956916,0.1710472444779316
meta-qts-hillsboro-or,2023-09-09,2,36.581896348884946,0.3689222261023661,0.9692419473985124,0.1555506218582688
meta-qts-hillsboro-or,2023-09-09,3,37.058339088766296,0.399821825717531,0.9710151978301864,0.1507916806010965
meta-qts-hillsboro-or,2023-09-09,4,35.65864985727004,0.4701751055002634,0.9730547248986644,0.143765853978672
meta-qts-hillsboro-or,2023-10-27,0,13.621850757604374,0.3238246103998943,0.9694586745446898,0.1557772344232488
meta-qts-hillsboro-or,2023-10-27,1,13.559078761217728,0.4267373270588942,0.9699952663331514,0.1445140802779196
meta-qts-hillsboro-or,2023-10-27,2,13.558165969494796,0.5162074927779899,0.9695891272109888,0.127500150034612
meta-qts-hillsboro-or,2023-10-27,3,13.727817359671157,0.5525300563151394,0.9716994528201944,0.118349117439128
meta-qts-hillsboro-or,2023-10-27,4,13.321080354529862,0.6207178965827581,0.974068987227423,0.1126718823056698
meta-qts-hillsboro-or,2023-11-28,0,4.907960287027829,0.3263385988981263,0.9698040576220852,0.1353980582193732
meta-qts-hillsboro-or,2023-11-28,1,5.081870354289147,0.4627605912275464,0.9704021877700372,0.126209654329339
meta-qts-hillsboro-or,2023-11-28,2,5.189272495489505,0.5022487809525921,0.9694466141195156,0.1142226686779248
meta-qts-hillsboro-or,2023-11-28,3,5.106586156091127,0.5502160851837972,0.9714343634485376,0.1125383349916426
meta-qts-hillsboro-or,2023-11-28,4,5.0849427058002625,0.5973200779539011,0.9734655448452922,0.1061560473781155
meta-qts-hillsboro-or,2024-01-15,0,-5.60457192872002,0.1134772858074922,0.9883688658992432,0.3866948097756541
meta-qts-hillsboro-or,2024-01-15,1,-5.7395631745031555,0.1401783292098452,0.9864700895539296,0.3984725059234231
meta-qts-hillsboro-or,2024-01-15,2,-6.054383439376589,0.2074288323662192,0.9859835265404636,0.3778742032720792
meta-qts-hillsboro-or,2024-01-15,3,-7.187897871854107,0.1951760466205915,0.9882720845939194,0.4217725738532972
meta-qts-hillsboro-or,2024-01-15,4,-7.936501177294379,0.2267508100986869,0.9882998986497588,0.4068956397712416
meta-qts-hillsboro-or,2024-03-19,0,25.068464515214213,0.2784336550014915,0.9694066051146084,0.1818778614772156
meta-qts-hillsboro-or,2024-03-19,1,24.44383716085864,0.4011069777246364,0.969882128777925,0.1631539190916876
meta-qts-hillsboro-or,2024-03-19,2,23.740156136597147,0.4666891130082586,0.9694371343311772,0.1449069760195193
meta-qts-hillsboro-or,2024-03-19,3,23.30667348903549,0.5400045943163707,0.9716582891210148,0.1374749583215286
meta-qts-hillsboro-or,2024-03-19,4,22.622552236627463,0.5812649830516587,0.9734809670172596,0.1275406861879816
meta-qts-hillsboro-or,2024-04-20,0,20.649486389177312,0.3524012311075457,0.9694827494341955,0.2262164530441534
meta-qts-hillsboro-or,2024-04-20,1,20.437301661978974,0.4090316311127714,0.9693823376165652,0.2183541220570144
meta-qts-hillsboro-or,2024-04-20,2,19.16722804075069,0.4556837712036624,0.9697213101394732,0.2006607804105874
meta-qts-hillsboro-or,2024-04-20,3,20.5224729500611,0.5073849292314053,0.9697997934419564,0.1855665876232826
meta-qts-hillsboro-or,2024-04-20,4,21.489525837014096,0.5682568852934586,0.9736208743536732,0.1717781223269561
meta-qts-hillsboro-or,2024-05-06,0,23.25690894790643,0.3602493044514885,0.9695217436521648,0.206342389639748
meta-qts-hillsboro-or,2024-05-06,1,22.360079265406853,0.5134188716521506,0.9703746489278612,0.1814156710889561
meta-qts-hillsboro-or,2024-05-06,2,20.817265405556,0.6008759655477206,0.9699175115332886,0.179833322397385
meta-qts-hillsboro-or,2024-05-06,3,19.262108561571512,0.6439490557591654,0.9722179155610836,0.1712701435128223
meta-qts-hillsboro-or,2024-05-06,4,18.761203398487996,0.6827389072582197,0.974355283283922,0.1422616807363112
meta-qts-hillsboro-or,2024-06-07,0,40.016720065197994,0.3155728517486993,0.969470436389899,0.2148011432372852
meta-qts-hillsboro-or,2024-06-07,1,37.838037559827235,0.4558039982119853,0.9701996931335808,0.1920241723142905
meta-qts-hillsboro-or,2024-06-07,2,36.083278518202235,0.5422718119374651,0.9696985997312944,0.1778755860228727
meta-qts-hillsboro-or,2024-06-07,3,35.700259783409415,0.6104015424565926,0.97220328842957,0.1713667149689259
meta-qts-hillsboro-or,2024-06-07,4,34.934359435644424,0.6516417684599052,0.9743729704020052,0.1632180759605551
meta-qts-hillsboro-or,2024-06-23,2,27.56180707536336,0.611967729240802,0.9714779426275476,0.1957092795746934
meta-qts-hillsboro-or,2024-06-23,3,29.97557225522719,0.5424682691849055,0.9715167433301698,0.1775091981772801
meta-qts-hillsboro-or,2024-06-23,4,28.87060939922699,0.5804318257307248,0.972636947389112,0.1749451641476084
meta-qts-hillsboro-or,2024-07-09,0,50.78021837977974,0.2822978536143077,0.969468383191114,0.2135676869411039
meta-qts-hillsboro-or,2024-07-09,1,49.58381304995488,0.3677082989331621,0.9700571025875494,0.1955369299265779
meta-qts-hillsboro-or,2024-07-09,2,48.94859071595824,0.4077722008490881,0.9696345575340082,0.1869756147314775
meta-qts-hillsboro-or,2024-07-09,3,48.09476099946064,0.4656894977027593,0.9716526278822,0.178218340947199
meta-qts-hillsboro-or,2024-07-09,4,47.2421242075607,0.5187434916180683,0.9738015506408552,0.1689594077051395
meta-qts-hillsboro-or,2024-07-25,0,23.279435943817493,0.3082146629477116,0.969921810356186,0.2428008347267118
meta-qts-hillsboro-or,2024-07-25,1,28.11593621944852,0.3605568700773417,0.9686744061343776,0.2525129731500013
meta-qts-hillsboro-or,2024-07-25,2,29.051415935186295,0.3801914466777365,0.9672566919152074,0.1687489037526568
meta-qts-hillsboro-or,2024-07-25,3,26.712005649420117,0.5035263913817722,0.9684865386636956,0.1623732383702235
meta-qts-hillsboro-or,2024-07-25,4,24.76156850430864,0.6103455653918246,0.9688612458500896,0.19726156287229
meta-qts-hillsboro-or,2024-08-10,0,41.5468505444107,0.2842927469393855,0.9694835616936104,0.1952068133462578
meta-qts-hillsboro-or,2024-08-10,1,41.356805177688145,0.3383720214170514,0.9698779083427712,0.1893786795593999
meta-qts-hillsboro-or,2024-08-10,2,41.27723777634091,0.3728612638874909,0.9693469328817104,0.1771012045236333
meta-qts-hillsboro-or,2024-08-10,3,40.747728951841744,0.4206716382491482,0.9711479301009353,0.1710091335472901
meta-qts-hillsboro-or,2024-08-10,4,39.61710908101988,0.4777417716791224,0.9731156785753372,0.1654443895823862
meta-qts-hillsboro-or,2024-08-26,0,36.13859951952797,0.2924746161775998,0.9694724786891548,0.1952591332608213
meta-qts-hillsboro-or,2024-08-26,1,36.59524073658136,0.3439134846806006,0.9699181967094,0.175032482484106
meta-qts-hillsboro-or,2024-08-26,2,36.47499957911511,0.3785340924458679,0.9694213812704544,0.1574150798359334
meta-qts-hillsboro-or,2024-08-26,3,36.7182605220714,0.4207411968678931,0.9712168158699636,0.1542039681771722
meta-qts-hillsboro-or,2024-08-26,4,35.99878038133858,0.4880346201224582,0.9733918543961394,0.1464051072036966
meta-qts-hillsboro-or,2024-09-27,0,14.63596389153573,0.4307893562060091,0.9680497316185748,0.0474092574111099
meta-qts-hillsboro-or,2024-09-27,1,15.59108268400171,0.4956801045755515,0.9697211873868056,0.0451684011059617
meta-qts-hillsboro-or,2024-09-27,2,17.552471718578474,0.4887904046201884,0.968877469495497,0.0431748792121175
meta-qts-hillsboro-or,2024-09-27,3,16.5747962857306,0.5034913019624038,0.9712755197924228,0.0515755401098231
meta-qts-hillsboro-or,2024-09-27,4,15.389379972546926,0.4756661867132737,0.9710525637431212,0.068045186184671
meta-qts-hillsboro-or,2024-10-13,0,25.371494225454068,0.328740068127639,0.9695271130326626,0.1759112874667176
meta-qts-hillsboro-or,2024-10-13,1,26.392776576159388,0.3523320199470502,0.9699220105262212,0.1597769618149437
meta-qts-hillsboro-or,2024-10-13,2,26.52767954868043,0.3944468330774173,0.9694181941445308,0.1422769000976528
meta-qts-hillsboro-or,2024-10-13,3,26.799202067959364,0.4369335293367518,0.971317690978426,0.1384703050754795
meta-qts-hillsboro-or,2024-10-13,4,25.88939826993446,0.5028935126940233,0.973479624695103,0.129719696041878
meta-qts-hillsboro-or,2024-10-29,0,10.453538758168214,0.3643229039280823,0.969828686878582,0.3605832394864573
meta-qts-hillsboro-or,2024-10-29,1,9.724145970823567,0.2632083369989365,0.9700058212089618,0.3497242149205306
meta-qts-hillsboro-or,2024-10-29,2,9.962960790794089,0.2419189620675834,0.9693083962305228,0.3330484589736392
meta-qts-hillsboro-or,2024-10-29,3,10.495305905884267,0.287393984147493,0.969565521214744,0.2439140158446436
meta-qts-hillsboro-or,2024-10-29,4,9.277318784780892,0.3056512390635423,0.9704343009272632,0.2570667872569506
meta-qts-hillsboro-or,2024-11-14,1,2.173183160000008,0.6558980395576289,0.9746,0.0842838024999999
meta-qts-hillsboro-or,2024-11-14,2,4.05391111296891,0.4738895703438953,0.9683270916285877,0.0901356532930328
meta-qts-hillsboro-or,2024-11-14,3,2.5871104326477297,0.5886579869862291,0.9700297739122516,0.0687285193989426
meta-qts-hillsboro-or,2024-11-14,4,3.0898318459695444,0.5472699997074828,0.973114721801812,0.074654303182153
meta-qts-hillsboro-or,2024-11-30,0,5.870018315932408,0.3465831419495883,0.9694219053285122,0.176505619859764
meta-qts-hillsboro-or,2024-11-30,1,5.438248726825022,0.3521059456851904,0.9695832203636195,0.1620858643324029
meta-qts-hillsboro-or,2024-11-30,2,5.440122747587973,0.3880843164387111,0.9689354097692856,0.153791602122026
meta-qts-hillsboro-or,2024-11-30,3,5.015952815010513,0.4128403987829306,0.9705623450809968,0.1607234792617173
meta-qts-hillsboro-or,2024-11-30,4,4.391235546942197,0.4250453228475764,0.972062490835017,0.1677036153555237
meta-qts-hillsboro-or,2025-01-17,1,1.2472216819449728,0.1829779839759214,0.9688405645730414,0.2722606241235003
meta-qts-hillsboro-or,2025-01-17,2,1.7814023864617623,0.2424551634341317,0.968841996848338,0.2433600831278298
meta-qts-hillsboro-or,2025-01-17,3,1.9758979714366411,0.2574366101439305,0.9699523146981954,0.2386745509049228
meta-qts-hillsboro-or,2025-01-17,4,2.1876087938889293,0.2656306081559133,0.9702680558755246,0.2337901805993922
meta-qts-hillsboro-or,2025-02-02,3,-5.529324909999974,0.3523202964210649,0.9749000000000002,0.11385118375
meta-qts-hillsboro-or,2025-02-02,4,-2.015569420754385,0.4518390511389935,0.973266725074105,0.0994007257159785
meta-qts-hillsboro-or,2025-03-06,0,17.052416649065893,0.3002559466582144,0.9694862720431676,0.1802989995500992
meta-qts-hillsboro-or,2025-03-06,1,17.107690970062222,0.3374760185595341,0.9697688006019254,0.1579698352743215
meta-qts-hillsboro-or,2025-03-06,2,16.758726518095372,0.3856576923421715,0.9693429364274992,0.1356666493662962
meta-qts-hillsboro-or,2025-03-06,3,16.550186522105438,0.4731169341941515,0.9713367146849512,0.1283886825545617
meta-qts-hillsboro-or,2025-03-06,4,16.022449868536004,0.5106444438462833,0.9730924827537124,0.1168925038349125
meta-qts-hillsboro-or,2025-03-22,4,-2.1984644199999934,0.3248961055653143,0.966,0.1205455225
meta-qts-hillsboro-or,2025-04-23,0,30.93553464454481,0.3606690576137963,0.9695824553914116,0.2018306388095784
meta-qts-hillsboro-or,2025-04-23,1,29.991790641198826,0.4489894851192795,0.9701166785759714,0.1795396000464595
meta-qts-hillsboro-or,2025-04-23,2,28.70280065871964,0.5142781335662919,0.969587340435592,0.1673671262100885
meta-qts-hillsboro-or,2025-04-23,3,27.903541263450123,0.5896485909728304,0.9720495374859828,0.1611015077510972
meta-qts-hillsboro-or,2025-04-23,4,27.245058365868456,0.6273613482916779,0.9739941801392644,0.150077205731086
meta-qts-hillsboro-or,2025-05-09,0,22.288748888109208,0.3700118334164262,0.9696585527242062,0.1695316495170032
meta-qts-hillsboro-or,2025-05-09,1,21.554597567815954,0.4538131689036125,0.970483195057744,0.1612896985211482
meta-qts-hillsboro-or,2025-05-09,2,21.531275616607267,0.510166735899828,0.9699328776923274,0.1601610071174235
meta-qts-hillsboro-or,2025-05-09,3,21.869545512970163,0.5528244559486296,0.9720390312543412,0.1681326955025967
meta-qts-hillsboro-or,2025-05-09,4,20.53360283585907,0.6023561797130145,0.9739948098875504,0.1652421859394668
meta-qts-hillsboro-or,2025-05-25,4,14.265643923410863,0.6743550525243114,0.9701609382078774,0.1860474124680639
meta-qts-hillsboro-or,2025-06-10,0,31.50016392410439,0.3594966079332136,0.9697029537723776,0.2144087711429974
meta-qts-hillsboro-or,2025-06-10,1,32.76984092530913,0.4223020265297478,0.9702386999884952,0.1955996130591102
meta-qts-hillsboro-or,2025-06-10,2,33.867501678465615,0.5109352323250905,0.9698731235968334,0.1789969488963967
meta-qts-hillsboro-or,2025-06-10,3,34.55843454198915,0.546419736231035,0.9721882440975208,0.1659778252534521
meta-qts-hillsboro-or,2025-06-10,4,33.196126534359855,0.5980414859101063,0.9741969974700656,0.1602987711554505
meta-qts-hillsboro-or,2025-07-12,0,45.26494450472994,0.3260849182438029,0.9696356396434086,0.2118083962257428
meta-qts-hillsboro-or,2025-07-12,1,45.67326390619818,0.3655709544695661,0.9700368448621456,0.1996273251285524
meta-qts-hillsboro-or,2025-07-12,2,44.70428817004631,0.4053826214966428,0.9695352573655974,0.1862693588521623
meta-qts-hillsboro-or,2025-07-12,3,44.38828292652354,0.4547310389414931,0.9714836786593952,0.178916898928361
meta-qts-hillsboro-or,2025-07-12,4,43.19511300350069,0.5104795167677776,0.9735281204239676,0.1709741075609125
meta-qts-hillsboro-or,2025-07-28,0,40.52687874806643,0.3124497926511498,0.9696659748493418,0.2081319542099413
meta-qts-hillsboro-or,2025-07-28,1,41.68485521859567,0.3418077232293646,0.9700380870126024,0.1906132309070936
meta-qts-hillsboro-or,2025-07-28,2,40.902751556257215,0.3716996492465969,0.9695154210456548,0.1889018056696443
meta-qts-hillsboro-or,2025-07-28,3,40.635672747969096,0.4244239137485319,0.9715165554415852,0.1814025060591816
meta-qts-hillsboro-or,2025-07-28,4,39.5634646767374,0.4855898224789594,0.9736364534834884,0.1755201882066895
meta-qts-hillsboro-or,2025-08-13,0,43.716376993446694,0.3061731032380411,0.9696603129981474,0.2028812623427133
meta-qts-hillsboro-or,2025-08-13,1,45.268219868874255,0.3265661074914509,0.969987451328292,0.1810122775254974
meta-qts-hillsboro-or,2025-08-13,2,45.00303472639173,0.344070490028874,0.9694005879993132,0.182027086179471
meta-qts-hillsboro-or,2025-08-13,3,44.88640546177944,0.3912311135940662,0.9712081238909076,0.1718461653444316
meta-qts-hillsboro-or,2025-08-13,4,43.643155270884826,0.4627188759414792,0.97340997313515,0.1612398103616217
meta-qts-hillsboro-or,2025-08-29,0,32.28116724705711,0.3031900590711032,0.9697318471948768,0.1910764109740161
meta-qts-hillsboro-or,2025-08-29,1,33.23267852212806,0.3139563408879116,0.9704575519198768,0.1829953994096968
meta-qts-hillsboro-or,2025-08-29,2,33.607629317059086,0.3240260211898875,0.969079052201232,0.1857066105882767
meta-qts-hillsboro-or,2025-08-29,3,35.600139551004894,0.3788982840144172,0.9709884003093848,0.1685866657056037
meta-qts-hillsboro-or,2025-08-29,4,34.545978862903304,0.4501168724023591,0.9732731031464678,0.1594506646304676
meta-qts-hillsboro-or,2025-10-16,0,15.232716404525856,0.3283968382698087,0.9695647082332368,0.1416353864798835
meta-qts-hillsboro-or,2025-10-16,1,15.618056280888728,0.3580926846766946,0.9697564830760712,0.1266987077737917
meta-qts-hillsboro-or,2025-10-16,2,16.113983628969667,0.3874620474675536,0.9692640290118804,0.1195740715503343
meta-qts-hillsboro-or,2025-10-16,3,16.809274812412184,0.4344430887363402,0.9710539259989054,0.116541506346651
meta-qts-hillsboro-or,2025-10-16,4,17.172692593763912,0.49345367614579,0.9729342057975776,0.1091003855734482
meta-qts-hillsboro-or,2025-12-19,0,9.114304072239737,0.4113349411720237,0.969798472249349,0.1323549862424913
meta-qts-hillsboro-or,2025-12-19,1,9.162248489978914,0.4766266714270215,0.9700669033893082,0.1244284631898287
meta-qts-hillsboro-or,2025-12-19,2,9.315318307953431,0.5028855924140468,0.9696122111175086,0.102621857557474
meta-qts-hillsboro-or,2025-12-19,3,9.279360243615224,0.5896297747047521,0.9718269445401274,0.1013303179628805
meta-qts-hillsboro-or,2025-12-19,4,9.072525951403795,0.6379862503896152,0.973909404794122,0.0930244336324024
meta-qts-hillsboro-or,2026-01-04,0,7.452270616198112,0.4167945710806603,0.9695003551509817,0.1196894720137292
meta-qts-hillsboro-or,2026-01-04,1,6.433525675694285,0.5022392523357232,0.9697627709626664,0.1257204072063262
meta-qts-hillsboro-or,2026-01-04,2,7.487300794513515,0.5625167995820486,0.9702203408041408,0.098670054091189
meta-qts-hillsboro-or,2026-01-04,3,5.942051422961543,0.5650800579639783,0.9720250230889644,0.1005933986050164
meta-qts-hillsboro-or,2026-01-04,4,2.479645351603515,0.5342476910029069,0.9715876145467416,0.120826001181917
meta-qts-hillsboro-or,2026-01-20,0,5.101255030226659,0.5157451476583867,0.9701384826464762,0.1264018586577697
meta-qts-hillsboro-or,2026-01-20,1,5.078352632154604,0.5385119184556613,0.9702084165750766,0.1217078944899288
meta-qts-hillsboro-or,2026-01-20,2,4.977580526862674,0.4868934251210108,0.9693482713164197,0.1114031993509041
meta-qts-hillsboro-or,2026-01-20,3,5.019991415994818,0.5481671860402104,0.9713787351551548,0.1126164767012678
meta-qts-hillsboro-or,2026-01-20,4,4.871457613412197,0.5868074813441436,0.9734009006061684,0.103922970492148
meta-qts-hillsboro-or,2026-03-09,2,3.945426530000006,0.4169781343835781,0.969175,0.16666955375
meta-qts-hillsboro-or,2026-03-09,3,5.730980946074022,0.526851080641385,0.9743543365082766,0.1238225351531644
meta-qts-hillsboro-or,2026-03-09,4,7.359251281599251,0.5723197576767607,0.972788873157215,0.1192324904875201
meta-qts-hillsboro-or,2026-03-25,2,12.85962691003667,0.7467038411416197,0.9725074676768756,0.0912815628429011
meta-qts-hillsboro-or,2026-03-25,3,13.90187151419787,0.6937956293501105,0.973868506413248,0.1249642648965459
meta-qts-hillsboro-or,2026-03-25,4,13.29741411124233,0.652757134684167,0.9735829177946482,0.1870485676074927
meta-qts-hillsboro-or,2026-04-10,0,28.694476464430956,0.3528546131828273,0.9697074457407868,0.2002788088222037
meta-qts-hillsboro-or,2026-04-10,1,27.56918856447969,0.4525159058939623,0.9702538766297082,0.1757431059413699
meta-qts-hillsboro-or,2026-04-10,2,26.50637551558676,0.49668994963218,0.9696093874392064,0.1635407370442905
meta-qts-hillsboro-or,2026-04-10,3,25.33991497887778,0.5621653846114657,0.9720492837952568,0.1557664765767894
meta-qts-hillsboro-or,2026-04-10,4,23.34526916805173,0.6004984556612095,0.9741107949065692,0.1489621703198062
meta-qts-hillsboro-or,2026-04-26,0,30.892729987473217,0.3734345456847749,0.96968310845486,0.2018542628137362
meta-qts-hillsboro-or,2026-04-26,1,29.778604504972645,0.4914111979378658,0.9702561850160786,0.1762427574864851
meta-qts-hillsboro-or,2026-04-26,2,28.433112481512527,0.5448893270850773,0.9696778066115338,0.1677977040324524
meta-qts-hillsboro-or,2026-04-26,3,27.881436078584844,0.6140859515466711,0.9721502957874631,0.160158139076391
meta-qts-hillsboro-or,2026-04-26,4,26.986306626660816,0.6585587997989418,0.9742773429664818,0.1531246116118861
meta-qts-hillsboro-or,2026-05-28,0,39.9089121630834,0.3857487152601731,0.9697073553655252,0.2112092591454884
meta-qts-hillsboro-or,2026-05-28,1,38.8470238501685,0.4855556370005245,0.9703055414595166,0.1880793087410576
meta-qts-hillsboro-or,2026-05-28,2,37.28467282577406,0.5446233842815975,0.9697386477188816,0.1825168676025374
meta-qts-hillsboro-or,2026-05-28,3,36.93790985565685,0.5960092955111794,0.972153362066198,0.1725642772861874
meta-qts-hillsboro-or,2026-05-28,4,36.12947170555103,0.6456565689230516,0.9742858372937908,0.1644480980087324
meta-qts-hillsboro-or,2026-06-13,0,41.027158387148624,0.3635600861172227,0.969676189070502,0.2152287281528249
meta-qts-hillsboro-or,2026-06-13,1,40.32324219094759,0.4359155841000112,0.9701802454931372,0.1927473555645711
meta-qts-hillsboro-or,2026-06-13,2,39.13807888317151,0.5094377833765019,0.9696839184053488,0.1815342541826608
meta-qts-hillsboro-or,2026-06-13,3,38.71802295735985,0.5659091836126274,0.9720749491911566,0.1736627429202107
meta-qts-hillsboro-or,2026-06-13,4,38.058612500639626,0.613865751271828,0.9741649537963448,0.1631377772298254
meta-qts-hillsboro-or,2026-07-15,0,41.62688807599567,0.3282207208198089,0.969697808286372,0.2112849414510909
meta-qts-hillsboro-or,2026-07-15,1,41.54863324766793,0.3623009038307688,0.9701038876811386,0.1941656967509447
meta-qts-hillsboro-or,2026-07-15,2,41.45190328621922,0.4013301377439764,0.9695475192981275,0.1870658690344887
meta-qts-hillsboro-or,2026-07-15,3,40.66317390853134,0.4430468888348662,0.97156812985579,0.1792110349230089
meta-qts-hillsboro-or,2026-07-15,4,39.867070004079714,0.4998087917470745,0.9738271202270916,0.1696278048642069
meta-qts-hillsboro-or,2026-07-31,0,41.98835744810988,0.3097075707998197,0.9696142134400328,0.2086848805035243
meta-qts-hillsboro-or,2026-07-31,1,42.169744693250365,0.3525727823960732,0.9699516003379024,0.18896891266618
meta-qts-hillsboro-or,2026-07-31,2,42.11637151842106,0.3903707541929879,0.9694311007101052,0.17996092188641
meta-qts-hillsboro-or,2026-07-31,3,41.843226780568656,0.4308382088911089,0.9713358957173054,0.1729199331024042
meta-qts-hillsboro-or,2026-07-31,4,41.03825018537648,0.490382454776372,0.9734116886779254,0.163705484219532
meta-qts-hillsboro-or,2026-08-16,0,36.7073488154479,0.3388495611661143,0.9686533060746286,0.2315172190208976
meta-qts-hillsboro-or,2026-08-16,1,36.56126795434721,0.3726558179363459,0.9694004216315314,0.2067898873958247
meta-qts-hillsboro-or,2026-08-16,2,35.94128827718643,0.3445427248199872,0.9690882366344828,0.2097316943168924
meta-qts-hillsboro-or,2026-08-16,3,35.667654651844146,0.3818648250626626,0.9707347345349444,0.1982922121721374
meta-qts-hillsboro-or,2026-08-16,4,33.30783554955772,0.439428590557792,0.9732719995470258,0.1890488604371255
meta-qts-hillsboro-or,2026-09-17,0,34.76765351177053,0.3130330425823809,0.9697013992270468,0.1829864403549502
meta-qts-hillsboro-or,2026-09-17,1,36.15812101865372,0.3346854285742923,0.9699573526829252,0.163288916588003
meta-qts-hillsboro-or,2026-09-17,2,36.54267201454769,0.3548712584528297,0.9694037596079198,0.1495179179971948
meta-qts-hillsboro-or,2026-09-17,3,36.42746835556716,0.3979377718971009,0.971353162895197,0.1449616006497601
meta-qts-hillsboro-or,2026-09-17,4,35.605067696232624,0.4679361554823552,0.9735075940379252,0.1368963650381689
meta-qts-hillsboro-or,2021-11-09,2,10.822252952029356,0.5761213993679539,0.963166666666667,0.0448555119172779
meta-qts-hillsboro-or,2021-11-09,3,11.073588528529552,0.6595601887743003,0.972175102508387,0.1059214501909888
meta-qts-hillsboro-or,2021-11-09,4,9.890782566238403,0.6073245693839104,0.9705674513310666,0.1349335386651974
meta-qts-hillsboro-or,2021-12-08,4,10.012829689142386,0.5977301980717439,0.9743603361734569,0.0731119708980495
meta-qts-hillsboro-or,2022-01-09,4,5.848073135727594,0.5759334403528609,0.9744701332973054,0.0734607321604105
meta-qts-hillsboro-or,2022-01-25,4,6.791211801669157,0.5460555060125258,0.9735890916416255,0.0807521684514405
meta-qts-hillsboro-or,2022-03-30,4,7.978679854512843,0.4641660693743561,0.9737589116063728,0.1210671811367404
meta-qts-hillsboro-or,2022-04-15,4,18.4230628096651,0.5375156124639633,0.9747602295860638,0.1210463441250161
meta-qts-hillsboro-or,2022-05-17,4,18.517938427056983,0.5036058962530842,0.9746303363074812,0.1816092807153968
meta-qts-hillsboro-or,2022-07-04,4,32.979187095291,0.5015945334324134,0.973895183062111,0.1614302400428126
meta-qts-hillsboro-or,2022-07-20,4,42.11917487344535,0.576719696616865,0.975229772028446,0.1384848434740581
meta-qts-hillsboro-or,2022-08-05,4,38.122067026735714,0.560011033289879,0.975209210352598,0.1338898243283506
meta-qts-hillsboro-or,2022-08-21,4,37.08519091252688,0.5539658831387538,0.9751285154892844,0.130000848585383
meta-qts-hillsboro-or,2022-09-06,4,36.62364311591016,0.5412059321386268,0.9749425453890752,0.1233588915025401
meta-qts-hillsboro-or,2022-10-08,4,30.297117041709477,0.543252525962695,0.9742074368231076,0.1067163907825801
meta-qts-hillsboro-or,2022-11-09,4,9.07238556846496,0.5572895761177328,0.974298026932522,0.0905047882113653
meta-qts-hillsboro-or,2023-03-01,4,8.328824443180974,0.4975226351303766,0.9747258919358928,0.1085552864717007
meta-qts-hillsboro-or,2023-03-17,4,18.886194320347663,0.4639467575943022,0.9748199857639196,0.1072353438567704
meta-qts-hillsboro-or,2023-05-20,4,40.22520438388875,0.5209017758631731,0.9739404659472074,0.1403927938895927
meta-qts-hillsboro-or,2023-06-21,4,36.55032501682684,0.568306629496157,0.9751087066571617,0.1422936175449121
meta-qts-hillsboro-or,2023-07-23,4,41.73564392400394,0.530223959369896,0.9748675839309722,0.1415570158725228
meta-qts-hillsboro-or,2023-08-08,4,40.05488905165278,0.530215192798973,0.9747687173289704,0.1339954519644116
meta-qts-hillsboro-or,2023-08-24,4,36.74059195031644,0.5041093801179197,0.9744636744860166,0.1338460479355394
meta-qts-hillsboro-or,2023-09-09,4,33.683826405819175,0.5405764793758177,0.9745540131145496,0.1185023267854795
meta-qts-hillsboro-or,2023-10-27,4,13.142482678274952,0.5971501373129096,0.9744939137178054,0.0980635442461913
meta-qts-hillsboro-or,2023-11-28,4,5.148508082193441,0.5255178322166469,0.973901696519754,0.0879444471250315
meta-qts-hillsboro-or,2024-01-15,4,-8.195480888405314,0.2354119076362354,0.9908704026238416,0.2781179734388902
meta-qts-hillsboro-or,2024-04-20,4,23.75117749330337,0.4963996027296615,0.9746350992273376,0.1466104272300138
meta-qts-hillsboro-or,2024-05-06,4,17.896600531711524,0.6954167600743753,0.9796695564006748,0.0754210767540847
meta-qts-hillsboro-or,2024-06-23,4,26.4585162738836,0.6795152200222302,0.976593759122404,0.1439977114994929
meta-qts-hillsboro-or,2024-07-09,4,49.26673831489305,0.5366155969360001,0.9756077929299256,0.1393182776475249
meta-qts-hillsboro-or,2024-08-10,4,39.26264316365551,0.5264146342307202,0.974738040670219,0.1317701105131886
meta-qts-hillsboro-or,2024-08-26,4,35.15417792183796,0.5481342544681268,0.9748021498309556,0.1229968767571107
meta-qts-hillsboro-or,2024-10-13,4,24.230044309406367,0.5567300248575633,0.9746643467907264,0.1062906796594023
meta-qts-hillsboro-or,2024-11-30,4,4.77202120039872,0.420479654293078,0.9705039625737524,0.1190833886141465
meta-qts-hillsboro-or,2025-03-06,4,16.68895546033614,0.487989390636693,0.9748010225518208,0.0955894299404988
meta-qts-hillsboro-or,2025-04-23,4,30.128109532608725,0.551623565873979,0.975271414109119,0.1267394431394748
meta-qts-hillsboro-or,2025-05-09,4,23.80070176057061,0.450565070775369,0.9717438571890836,0.1383282944528638
meta-qts-hillsboro-or,2025-06-10,4,37.4620938175952,0.5609253068711029,0.9750525929393434,0.1466262751765342
meta-qts-hillsboro-or,2025-07-12,4,44.196314397540945,0.5524069511043483,0.9750645322561684,0.1407957710685426
meta-qts-hillsboro-or,2025-07-28,4,39.55312957953459,0.5345873078505977,0.9751675908311448,0.1390355733246227
meta-qts-hillsboro-or,2025-08-13,4,44.081440678500144,0.5077782630600015,0.9741707093668996,0.1305652702072764
meta-qts-hillsboro-or,2025-08-29,4,34.106220797381305,0.522718291196896,0.9747309224862354,0.1283650395914148
meta-qts-hillsboro-or,2025-09-14,4,22.572012027256473,0.4956762077760658,0.972981865242943,0.1164921705796688
meta-qts-hillsboro-or,2025-10-16,4,15.18798586164846,0.6157395314482129,0.9733863769692498,0.0632422202000815
meta-qts-hillsboro-or,2025-12-19,4,9.073525039856277,0.6025579918096823,0.9747941169474964,0.067889035305726
meta-qts-hillsboro-or,2026-01-04,4,7.497157849621632,0.5527592979855691,0.9732780801791492,0.0720054514460713
meta-qts-hillsboro-or,2026-01-20,4,5.072322622793503,0.5429338599479833,0.9748208527939426,0.0803359257058547
meta-qts-hillsboro-or,2026-04-10,4,24.220353843259712,0.5174170905230439,0.9753148163931448,0.1198046867182653
meta-qts-hillsboro-or,2026-05-28,4,40.35344744162239,0.557625854194118,0.9757753949425756,0.1391708498386756
meta-qts-hillsboro-or,2026-06-13,4,41.32180664238178,0.5776145098832532,0.9750136093789382,0.1413698647538199
meta-qts-hillsboro-or,2026-07-15,4,40.61610113367257,0.5347755117132204,0.9748701967298964,0.1396869706081106
meta-qts-hillsboro-or,2026-07-31,4,40.939672321956394,0.5390862326607508,0.9751825548929388,0.1326159069370746
meta-qts-hillsboro-or,2026-08-16,4,33.330519341036506,0.4976724493256277,0.9745802178977108,0.153020790424278
meta-qts-hillsboro-or,2026-09-17,4,33.73886239864303,0.5305280599809129,0.9748668630816288,0.1136265726653938
meta-qts-hillsboro-or,2021-12-31,0,3.5378591536522292,0.5245305097910049,0.9761877729593748,0.0975179663737522
meta-qts-hillsboro-or,2021-12-31,1,3.2760136779303384,0.5104464657281329,0.9763769284144764,0.1194350708031091
meta-qts-hillsboro-or,2021-12-31,2,3.5426745718835124,0.5587147031037009,0.9742741830710832,0.1238585161755916
meta-qts-hillsboro-or,2021-12-31,3,3.765076533858239,0.5718764835542438,0.973942291798512,0.1201923104194584
meta-qts-hillsboro-or,2021-12-31,4,3.5637869163807383,0.6117414962686083,0.9757362320734289,0.1050904471001171
meta-qts-hillsboro-or,2022-02-01,2,4.272824479436328,0.4100952723396823,0.9686262544607092,0.1816028340071735
meta-qts-hillsboro-or,2022-02-01,3,5.9396878306811,0.4326697369259059,0.9696236565648496,0.1997254372920547
meta-qts-hillsboro-or,2022-02-01,4,5.845703692579417,0.4069244858538385,0.9731471135959544,0.1509669745945691
meta-qts-hillsboro-or,2022-02-17,0,8.946376588828468,0.3276830464225815,0.9688455651905048,0.1331197937053075
meta-qts-hillsboro-or,2022-02-17,1,8.773084327369668,0.3845696496102569,0.9695619516952356,0.118962927115467
meta-qts-hillsboro-or,2022-02-17,2,7.976764406884671,0.4243575438113536,0.9691563822334164,0.1342371112376642
meta-qts-hillsboro-or,2022-02-17,3,8.382519707734277,0.4531934541569138,0.9710566249640742,0.1236484993057959
meta-qts-hillsboro-or,2022-02-17,4,7.59373825662848,0.4159675719330557,0.9729471575966668,0.1077577447152247
meta-qts-hillsboro-or,2022-03-05,0,15.760769767070448,0.3762375141040949,0.971871579023858,0.1273505608661833
meta-qts-hillsboro-or,2022-03-05,1,15.481184068054196,0.4138156521958547,0.9701785155119196,0.1446885736715822
meta-qts-hillsboro-or,2022-03-05,2,14.910670023429123,0.4877797186090518,0.9703294233768734,0.1251505335572411
meta-qts-hillsboro-or,2022-03-05,3,15.206656929157509,0.5142219038944383,0.9719823021075222,0.1261347609993593
meta-qts-hillsboro-or,2022-03-05,4,14.74668731939592,0.5459469373121287,0.9738711718444744,0.114785550271613
meta-qts-hillsboro-or,2022-04-06,0,10.058028159985664,0.3888215820270659,0.9698346105462076,0.1602302370266061
meta-qts-hillsboro-or,2022-04-06,1,11.27915713893634,0.4378141331499556,0.9701937611500072,0.1649441847574584
meta-qts-hillsboro-or,2022-04-06,2,12.284522924446325,0.5126767787402842,0.969585338662469,0.1565201041212903
meta-qts-hillsboro-or,2022-04-06,3,13.084871184361726,0.5526661746683063,0.9720730834277505,0.1489731903410726
meta-qts-hillsboro-or,2022-04-06,4,13.362535807786577,0.5908100606346144,0.9739792626668128,0.1397957761313683
meta-qts-hillsboro-or,2022-04-22,0,25.94688320589915,0.3664217254290094,0.9697173606790456,0.152066278518277
meta-qts-hillsboro-or,2022-04-22,1,24.915330523107823,0.4808735695269575,0.970366524612898,0.168226995645751
meta-qts-hillsboro-or,2022-04-22,2,23.85839000143397,0.5703424764549181,0.9697949526913094,0.1601802399435418
meta-qts-hillsboro-or,2022-04-22,3,23.42442926896282,0.6220594633251302,0.9725119946528614,0.1505558812789715
meta-qts-hillsboro-or,2022-04-22,4,21.951545164812472,0.6780182096455629,0.9744792743976444,0.1452203425738148
meta-qts-hillsboro-or,2022-06-25,0,41.81339513070781,0.3235805176620175,0.9694427388699964,0.1760429810736604
meta-qts-hillsboro-or,2022-06-25,1,39.68310863417537,0.4606514767696745,0.970336060210614,0.1826109213657865
meta-qts-hillsboro-or,2022-06-25,2,37.35005846243627,0.5650666570174944,0.9697167712074432,0.1720643278670373
meta-qts-hillsboro-or,2022-06-25,3,37.43444035225936,0.602720985886182,0.9721756141342812,0.1594892932876276
meta-qts-hillsboro-or,2022-06-25,4,36.64512212417851,0.6547367846988263,0.9743295027684128,0.1506990142279976
meta-qts-hillsboro-or,2022-07-11,0,46.198959896300615,0.3087797309175335,0.969431403813932,0.1708361704383769
meta-qts-hillsboro-or,2022-07-11,1,43.59144758445241,0.4355745682162967,0.9702774688591906,0.1756199424089455
meta-qts-hillsboro-or,2022-07-11,2,41.54630043008163,0.4953917800500045,0.9696138136885676,0.1684691428546672
meta-qts-hillsboro-or,2022-07-11,3,41.05528305739739,0.5538854928455863,0.971959088406217,0.1553766235659492
meta-qts-hillsboro-or,2022-07-11,4,40.35459719738117,0.5999734647057272,0.974013588763487,0.1456226135754876
meta-qts-hillsboro-or,2022-07-27,0,46.936241990082834,0.283966602912921,0.9694978200941952,0.1744422199785868
meta-qts-hillsboro-or,2022-07-27,1,45.10705572507523,0.3683487896949234,0.9702544647777313,0.1821497150865494
meta-qts-hillsboro-or,2022-07-27,2,43.84513167215159,0.3968156432358913,0.9695566029481276,0.1823679401115637
meta-qts-hillsboro-or,2022-07-27,3,43.216966473436024,0.4536284671063478,0.9716573924337372,0.1702787767635785
meta-qts-hillsboro-or,2022-07-27,4,42.24775300102738,0.5080771321422696,0.9738488318792872,0.1598984844410861
meta-qts-hillsboro-or,2022-08-12,0,38.575884797044395,0.2730660814035805,0.9695180104152928,0.1713793985231012
meta-qts-hillsboro-or,2022-08-12,1,37.285542696771834,0.3586607476533632,0.970493634633168,0.1951114829039865
meta-qts-hillsboro-or,2022-08-12,2,36.0939864590277,0.4041602906123171,0.9700656861678164,0.205348793668447
meta-qts-hillsboro-or,2022-08-12,3,36.58660696345628,0.4317519047039135,0.9716055380138732,0.1883611824717606
meta-qts-hillsboro-or,2022-08-12,4,34.87487029286257,0.481469091840574,0.9739262889354634,0.1743484087240739
meta-qts-hillsboro-or,2022-08-28,0,38.02607197273653,0.2673616331457802,0.9694555208385424,0.1693765015384687
meta-qts-hillsboro-or,2022-08-28,1,36.91058565519584,0.3553218027290478,0.9701763414619388,0.1752265489354886
meta-qts-hillsboro-or,2022-08-28,2,36.62681635707914,0.381291293248251,0.9694601154275498,0.1758269166070053
meta-qts-hillsboro-or,2022-08-28,3,36.2020585455246,0.4313760424344281,0.971522385975552,0.1665476859471366
meta-qts-hillsboro-or,2022-08-28,4,35.083784443824335,0.4949859721835437,0.973679405619876,0.1547515977432852
meta-qts-hillsboro-or,2022-09-29,2,19.714461800000016,0.5350021188455666,0.9708375,0.097419913125
meta-qts-hillsboro-or,2022-09-29,3,19.283324407594005,0.3678710613725078,0.9717120300751884,0.1232051433364661
meta-qts-hillsboro-or,2022-09-29,4,21.19314626612807,0.5234850347719163,0.9725471956007944,0.1226920580509891
meta-qts-hillsboro-or,2022-10-15,0,30.210646619725186,0.265749929384315,0.9692651356156872,0.1515683768020309
meta-qts-hillsboro-or,2022-10-15,1,30.827913075026014,0.3112799647166969,0.9699145963654432,0.15332562742971
meta-qts-hillsboro-or,2022-10-15,2,30.896713160329536,0.3656258450924688,0.9693913644412004,0.1466184732106843
meta-qts-hillsboro-or,2022-10-15,3,30.97553861820725,0.4000586704040691,0.971297165000914,0.1385407972775322
meta-qts-hillsboro-or,2022-10-15,4,30.287844614796903,0.460155179353029,0.9732324967906256,0.1297901836016022
meta-qts-hillsboro-or,2022-11-16,0,9.920053536046808,0.3911868036865394,0.970423686272316,0.125319299302773
meta-qts-hillsboro-or,2022-11-16,1,9.953743900080305,0.3904992945917996,0.970642009654081,0.1211255480124741
meta-qts-hillsboro-or,2022-11-16,2,9.87735437821226,0.4365004591258491,0.9696167551887808,0.1132676014631469
meta-qts-hillsboro-or,2022-11-16,3,9.768107670288066,0.4478643622937716,0.9715711571920432,0.1069696453836237
meta-qts-hillsboro-or,2022-11-16,4,9.41526018761536,0.4891293756453502,0.9732781498561512,0.1011874617439247
meta-qts-hillsboro-or,2022-12-02,4,-6.915332019999994,,0.964,0.0531293
meta-qts-hillsboro-or,2023-04-25,0,22.77668746835431,0.2763099147246545,0.96941074966053,0.1868661182900574
meta-qts-hillsboro-or,2023-04-25,1,21.760241189498572,0.3902184650993816,0.9699459318626364,0.1630530697529135
meta-qts-hillsboro-or,2023-04-25,2,20.308306243120484,0.4649327046249221,0.9694544159176436,0.1486556741133563
meta-qts-hillsboro-or,2023-04-25,3,19.804302904845684,0.5139742738321055,0.9717523273523562,0.1400052656121461
meta-qts-hillsboro-or,2023-04-25,4,18.702968863687943,0.5469541585176049,0.9735250638925862,0.1324104241195608
meta-qts-hillsboro-or,2023-05-11,0,36.202606539951894,0.3057723332913557,0.9694081514852928,0.1947482238303328
meta-qts-hillsboro-or,2023-05-11,1,34.12241380471518,0.4548108914636859,0.9701488288511974,0.170628714550859
meta-qts-hillsboro-or,2023-05-11,2,32.08570103907403,0.5503273865198537,0.9696506711449988,0.1573456831601057
meta-qts-hillsboro-or,2023-05-11,3,31.49578262045954,0.5951011734613622,0.9722554201403484,0.150991829886582
meta-qts-hillsboro-or,2023-05-11,4,30.59163229613833,0.6415648989812062,0.9742572857875696,0.1430187707563403
meta-qts-hillsboro-or,2023-05-27,4,19.090888762927374,0.4920057726905221,0.9769147128768564,0.1817597391329892
meta-qts-hillsboro-or,2023-06-12,0,43.60081184858318,0.2947732702874579,0.9694227227931912,0.1977984848297974
meta-qts-hillsboro-or,2023-06-12,1,41.74235746940174,0.4292277828939454,0.9701557988215854,0.1807766813649841
meta-qts-hillsboro-or,2023-06-12,2,40.20873340696308,0.5145519635779798,0.969558391038318,0.1680582746924738
meta-qts-hillsboro-or,2023-06-12,3,39.58820968710619,0.575426254071603,0.9725162206781104,0.1615362518579127
meta-qts-hillsboro-or,2023-06-12,4,39.62826768937994,0.6009910437232601,0.974399888092212,0.1523978296926609
meta-qts-hillsboro-or,2023-06-28,0,43.17059870896902,0.2866790179461401,0.9694308888111842,0.2014096462979527
meta-qts-hillsboro-or,2023-06-28,1,41.6564407708637,0.3781850356632211,0.970029182436402,0.187010744490673
meta-qts-hillsboro-or,2023-06-28,2,40.68814754181736,0.4454708182194181,0.9695009129751874,0.1719177818868553
meta-qts-hillsboro-or,2023-06-28,3,40.480011324981234,0.5007150456073721,0.9717391020719522,0.1612320660627987
meta-qts-hillsboro-or,2023-06-28,4,39.51963976194015,0.5514273844412853,0.9737345476634864,0.1516285837912452
meta-qts-hillsboro-or,2023-07-14,0,44.938362164988845,0.2644041647915792,0.9694156812432776,0.2029057855660261
meta-qts-hillsboro-or,2023-07-14,1,44.10835545258039,0.3432974302124497,0.9699482364642702,0.1905580847673482
meta-qts-hillsboro-or,2023-07-14,2,43.9245490819466,0.3748741540762728,0.969383155751504,0.184581036380785
meta-qts-hillsboro-or,2023-07-14,3,43.83705058564184,0.4251412339241974,0.9713237078212962,0.17587590121069
meta-qts-hillsboro-or,2023-07-14,4,42.8323585502048,0.4871614984663779,0.9733883092028248,0.1651586089831037
meta-qts-hillsboro-or,2023-07-30,0,40.355911170619464,0.2551272633643248,0.9699377468856912,0.1993076620650176
meta-qts-hillsboro-or,2023-07-30,1,39.63779813997403,0.3197717383402919,0.9701105383414728,0.1981810259555532
meta-qts-hillsboro-or,2023-07-30,2,39.89748599738501,0.368975604193467,0.9693420411614972,0.1935592855370181
meta-qts-hillsboro-or,2023-07-30,3,40.32332582074282,0.404622118971932,0.9710473292969328,0.1848339266292908
meta-qts-hillsboro-or,2023-07-30,4,38.815418966384286,0.4558682413993223,0.9728723059892253,0.1708220308081069
meta-qts-hillsboro-or,2023-08-15,0,47.983771214681624,0.2542790233791377,0.969466128351043,0.1909197348599185
meta-qts-hillsboro-or,2023-08-15,1,47.94867461057779,0.3161649492240285,0.9699288162253172,0.192192107874511
meta-qts-hillsboro-or,2023-08-15,2,48.07465041197257,0.3501416331636943,0.969336857834877,0.1791866394584413
meta-qts-hillsboro-or,2023-08-15,3,48.48111510570788,0.384471203090147,0.9711984820359454,0.1717453247864136
meta-qts-hillsboro-or,2023-08-15,4,46.94900959627358,0.4444390854718628,0.9732919637779244,0.1654662348111491
meta-qts-hillsboro-or,2023-09-16,0,36.555168628908206,0.2565458681606122,0.9694684767454056,0.1765226236523073
meta-qts-hillsboro-or,2023-09-16,1,36.52028021855201,0.3223275434512763,0.9699223626443508,0.1669565739667634
meta-qts-hillsboro-or,2023-09-16,2,36.71456974635635,0.3636524142831752,0.9693499279050796,0.1515913986498476
meta-qts-hillsboro-or,2023-09-16,3,37.28845197614406,0.3927600100386904,0.9712186304269288,0.1459762387646505
meta-qts-hillsboro-or,2023-09-16,4,35.890143526205954,0.460969362114982,0.9733789404979638,0.1381701943649263
meta-qts-hillsboro-or,2023-10-18,0,22.774599391893577,0.33121992002747,0.9690056039897392,0.1476662676541782
meta-qts-hillsboro-or,2023-10-18,1,22.37178556821278,0.4129613173802185,0.9699064106389144,0.1445549481705356
meta-qts-hillsboro-or,2023-10-18,2,22.17191637329191,0.506521191507384,0.96948145799465,0.1238335334615704
meta-qts-hillsboro-or,2023-10-18,3,22.24743343548956,0.5343865317381191,0.9713984953952578,0.1134804315165984
meta-qts-hillsboro-or,2023-10-18,4,21.447563827876348,0.6164895626395327,0.9737751272003276,0.1075774970106152
meta-qts-hillsboro-or,2023-11-19,0,12.437166428348172,0.3284402120617046,0.9694551788658186,0.1375215514430408
meta-qts-hillsboro-or,2023-11-19,1,12.578251134826832,0.4404012809044242,0.9699494662218148,0.1336669079164021
meta-qts-hillsboro-or,2023-11-19,2,12.575268716691449,0.5126929522289988,0.969493444808032,0.1223597424922407
meta-qts-hillsboro-or,2023-11-19,3,12.606333599632848,0.562126536727038,0.9715892195489236,0.1148173767371915
meta-qts-hillsboro-or,2023-11-19,4,12.346819398947089,0.6093734192246981,0.9736439395651548,0.1080747258999367
meta-qts-hillsboro-or,2023-12-21,0,3.8385490392013257,0.6262625010634207,0.9690730332147844,0.0191044649060605
meta-qts-hillsboro-or,2023-12-21,1,3.753534790921488,0.4993936797078762,0.9691392091879608,0.0393495439960023
meta-qts-hillsboro-or,2023-12-21,2,3.4048917535515955,0.5790601716955815,0.9689452571733732,0.029375091270554
meta-qts-hillsboro-or,2023-12-21,3,3.1743291652297367,0.5618419553052674,0.9703765557021968,0.0312092818842517
meta-qts-hillsboro-or,2023-12-21,4,3.108667162269416,0.5392177120694587,0.9703183112274802,0.0365491676728805
meta-qts-hillsboro-or,2024-01-06,4,1.6231987167836086,0.4518107287359841,0.9737606193142062,0.0808326900420967
meta-qts-hillsboro-or,2024-02-07,2,-0.2635232979999785,0.5525422394960522,0.9695800000000002,0.011708085
meta-qts-hillsboro-or,2024-02-07,3,1.9299542588599137,0.6053756823511519,0.9700679849671596,0.0226846062284136
meta-qts-hillsboro-or,2024-02-07,4,7.600038936616177,0.6463646621875676,0.9724083681580862,0.0584374057513461
meta-qts-hillsboro-or,2024-02-23,0,13.808828226494722,0.2942580935441388,0.9693315079373402,0.1502552622244926
meta-qts-hillsboro-or,2024-02-23,1,13.750160402926948,0.4034972308308093,0.9700727409711624,0.1439268180916402
meta-qts-hillsboro-or,2024-02-23,2,13.740220052180987,0.4554250632598196,0.9695888782139496,0.1295815689381658
meta-qts-hillsboro-or,2024-02-23,3,14.025197464024316,0.5160382174845236,0.9718035013194276,0.1219460454437261
meta-qts-hillsboro-or,2024-02-23,4,13.88486113475392,0.5542706918571164,0.9737341012126324,0.1100879930406876
meta-qts-hillsboro-or,2024-03-26,0,16.42400548349882,0.1822281890686963,0.9692885534882526,0.2759636697586788
meta-qts-hillsboro-or,2024-03-26,1,14.60629544039396,0.3994026512444176,0.9706172589668192,0.1683517722886607
meta-qts-hillsboro-or,2024-03-26,2,14.413393903095407,0.4631628470082908,0.9685556624008574,0.1146121526001543
meta-qts-hillsboro-or,2024-03-26,3,14.302379674260957,0.6048236867426614,0.9704213297726768,0.1421411274083151
meta-qts-hillsboro-or,2024-03-26,4,12.258138587109658,0.6839475411526017,0.9722417132073145,0.1365660706442121
meta-qts-hillsboro-or,2024-05-13,0,27.202572010829137,0.331363586422029,0.9695547823954492,0.1964365140720982
meta-qts-hillsboro-or,2024-05-13,1,24.777857477006865,0.4694990357461829,0.9703580502855216,0.1769378628451754
meta-qts-hillsboro-or,2024-05-13,2,23.19294299584996,0.5535499872514728,0.9698510826297672,0.1686471781496471
meta-qts-hillsboro-or,2024-05-13,3,22.87428629166096,0.5969992429147172,0.9723590387417,0.1628988073377905
meta-qts-hillsboro-or,2024-05-13,4,21.14867821245568,0.6443196406621634,0.974547185170356,0.1584934187931635
meta-qts-hillsboro-or,2024-05-29,1,19.962043005347525,0.3137148389061625,0.969812648482701,0.1735238947924195
meta-qts-hillsboro-or,2024-05-29,2,19.454570335652978,0.6167410952823517,0.9707663449936192,0.2012415716933322
meta-qts-hillsboro-or,2024-05-29,3,18.42641270240697,0.6601798926689496,0.9758690578887153,0.184275452567409
meta-qts-hillsboro-or,2024-05-29,4,17.441320737267,0.6800959968848252,0.9718569099396172,0.1932913731239614
meta-qts-hillsboro-or,2024-06-30,0,32.127162382039366,0.3189517431409153,0.9695058791793972,0.1837381426895887
meta-qts-hillsboro-or,2024-06-30,1,29.491903534995327,0.3822543187270252,0.9701185496614356,0.1942974692464396
meta-qts-hillsboro-or,2024-06-30,2,27.188236687168317,0.4860271321037049,0.9692569295084432,0.193299552328561
meta-qts-hillsboro-or,2024-06-30,3,27.10503379543437,0.5791703061115582,0.9734292139519264,0.1850086516257204
meta-qts-hillsboro-or,2024-06-30,4,27.03524539568334,0.590025956381253,0.9742313354407044,0.2010447112846443
meta-qts-hillsboro-or,2024-07-16,0,46.13652853694736,0.2733344109551553,0.969478753638858,0.2060752486227764
meta-qts-hillsboro-or,2024-07-16,1,45.15405924379438,0.3539153042208877,0.9700755727062996,0.1899093904797674
meta-qts-hillsboro-or,2024-07-16,2,44.658022981374295,0.3957188411803846,0.9696442061422548,0.1804829816221548
meta-qts-hillsboro-or,2024-07-16,3,44.072434612055154,0.4461762840389083,0.9716401421766744,0.1715027154297668
meta-qts-hillsboro-or,2024-07-16,4,42.95684019971459,0.5023893702478529,0.9737645212759116,0.1626408439185928
meta-qts-hillsboro-or,2024-08-01,0,40.38706286516286,0.2818437035968281,0.9694898761541068,0.1970647595303668
meta-qts-hillsboro-or,2024-08-01,1,41.6882460516584,0.3458866847414436,0.9699064859783102,0.1844556982977011
meta-qts-hillsboro-or,2024-08-01,2,41.4339956231132,0.3839406363021483,0.969380711563565,0.1710835151807217
meta-qts-hillsboro-or,2024-08-01,3,39.25411335777228,0.4257692295983562,0.9711382962012728,0.1631449309472437
meta-qts-hillsboro-or,2024-08-01,4,37.16911228168194,0.4750666658713762,0.9730425871237532,0.1564405808092173
meta-qts-hillsboro-or,2024-08-17,0,39.76789830525106,0.2835116946770227,0.9694677224071658,0.1650928296453681
meta-qts-hillsboro-or,2024-08-17,1,39.66251078662643,0.3351951219412327,0.969918385664172,0.1643771373800798
meta-qts-hillsboro-or,2024-08-17,2,39.0784605802607,0.3579461953380288,0.9693287131789332,0.1661759866180037
meta-qts-hillsboro-or,2024-08-17,3,37.469925052356736,0.3973745083396355,0.9713852902773495,0.1728265882275641
meta-qts-hillsboro-or,2024-08-17,4,36.6354479913327,0.4411283337221239,0.973135937815511,0.1745852831563701
meta-qts-hillsboro-or,2024-09-18,3,21.59536248979402,0.47902945732455,0.9716785573458429,0.1572491761431777
meta-qts-hillsboro-or,2024-09-18,4,24.02083014671273,0.5586883769013717,0.975807847963194,0.1259986366695018
meta-qts-hillsboro-or,2025-01-08,2,9.050510600624504,0.3537812111962489,0.966086798674548,0.0509517673549685
meta-qts-hillsboro-or,2025-01-08,3,8.586178160223744,0.4575835684384265,0.9718022775244624,0.0576631616780414
meta-qts-hillsboro-or,2025-01-08,4,8.536557451069395,0.5153146978325457,0.9730574185441496,0.0538919898862895
meta-qts-hillsboro-or,2025-01-24,0,7.4427353417327184,0.320764240715374,0.969541906651046,0.1380937740588019
meta-qts-hillsboro-or,2025-01-24,1,7.543447328124427,0.3576192040825038,0.9699999167205444,0.1244132703776208
meta-qts-hillsboro-or,2025-01-24,2,7.347058677961011,0.3851347485284807,0.969355105827518,0.1134768328218708
meta-qts-hillsboro-or,2025-01-24,3,7.261896987973174,0.4579661254059479,0.9713210147705312,0.1064133592858211
meta-qts-hillsboro-or,2025-01-24,4,6.840087617794637,0.5067185938950909,0.9733639526062116,0.0964497356995559
meta-qts-hillsboro-or,2025-02-25,4,0.8807229490955941,0.5077714804537865,0.9821648657409918,0.00043124427570924944
meta-qts-hillsboro-or,2025-03-29,0,11.379665007181291,0.3713012962398611,0.970897821241102,0.1197549773245487
meta-qts-hillsboro-or,2025-03-29,1,13.7858528536416,0.3853499795544525,0.9649733462706716,0.0775850579168073
meta-qts-hillsboro-or,2025-03-29,2,12.853423319526518,0.7163455904543717,0.967316144799145,0.0681389253493012
meta-qts-hillsboro-or,2025-03-29,3,11.171287551485696,0.6099047522568448,0.9700155852383716,0.0937782254434311
meta-qts-hillsboro-or,2025-03-29,4,12.932274683315644,0.5910236777582899,0.9734147917508272,0.1073279296741442
meta-qts-hillsboro-or,2025-04-14,0,28.620934603603732,0.3440236352538212,0.9696009273682682,0.191422932916487
meta-qts-hillsboro-or,2025-04-14,1,28.14371215550149,0.4238678219324595,0.9701244357715118,0.1674766242719416
meta-qts-hillsboro-or,2025-04-14,2,26.878929632327495,0.4947972067648152,0.9696224628289324,0.151115228332983
meta-qts-hillsboro-or,2025-04-14,3,25.77977935353795,0.5892190787415573,0.972483698555099,0.1438366969580421
meta-qts-hillsboro-or,2025-04-14,4,25.464508539080366,0.6203200228252304,0.9741900282060832,0.1324983298479085
meta-qts-hillsboro-or,2025-04-30,0,27.374757836029755,0.3657375432846269,0.969652397669322,0.1994976661258872
meta-qts-hillsboro-or,2025-04-30,1,26.88993970589414,0.4580301425221319,0.970338824733404,0.1802339869776651
meta-qts-hillsboro-or,2025-04-30,2,25.558181702415855,0.5315331996747079,0.9698069578497316,0.1686027046063206
meta-qts-hillsboro-or,2025-04-30,3,24.53088081550853,0.610710949384432,0.9727809130193265,0.1647010439865277
meta-qts-hillsboro-or,2025-04-30,4,23.79378574371022,0.6491643946654275,0.9746887263978228,0.1537858851563115
meta-qts-hillsboro-or,2025-06-01,0,34.089407901891384,0.3735002411004813,0.9698483380488988,0.2009177978548024
meta-qts-hillsboro-or,2025-06-01,1,33.83917115857179,0.4592994308394817,0.9702467183308416,0.1882104629041037
meta-qts-hillsboro-or,2025-06-01,2,32.8064974805255,0.5357332537938636,0.9697139107612484,0.1734629453633187
meta-qts-hillsboro-or,2025-06-01,3,32.62408797629237,0.5843850654310723,0.9721377617399428,0.1657557087853539
meta-qts-hillsboro-or,2025-06-01,4,31.3029106029411,0.6389674889050828,0.9742240657291552,0.15672332055655
meta-qts-hillsboro-or,2025-06-17,0,38.3942725125654,0.349284458954482,0.969711031231697,0.2082595673808774
meta-qts-hillsboro-or,2025-06-17,1,38.48552306159349,0.4050392960492822,0.970254841586078,0.1911062340184475
meta-qts-hillsboro-or,2025-06-17,2,36.68595073804683,0.4878497315236276,0.969823925861444,0.1743564566526095
meta-qts-hillsboro-or,2025-06-17,3,36.50927368095094,0.5330824696394633,0.9722493745241106,0.1664133657764721
meta-qts-hillsboro-or,2025-06-17,4,35.08601355907706,0.5924897748121486,0.974462030531622,0.1548028254407287
meta-qts-hillsboro-or,2025-07-03,0,38.37626496634289,0.333221759566976,0.9696911913639448,0.2071272956724665
meta-qts-hillsboro-or,2025-07-03,1,38.743608233364235,0.3721737860939523,0.9701747963811876,0.1939061060385164
meta-qts-hillsboro-or,2025-07-03,2,37.423817344551544,0.4242686113005979,0.9697279761575814,0.1780460341749066
meta-qts-hillsboro-or,2025-07-03,3,37.160377887221195,0.4775600552120384,0.971889486076703,0.1688449593192111
meta-qts-hillsboro-or,2025-07-03,4,35.94127897553069,0.5368506041995204,0.9740704824561282,0.1568259820953004
meta-qts-hillsboro-or,2025-07-19,0,40.26009897526918,0.3131338224620065,0.9696820480215136,0.204881729438981
meta-qts-hillsboro-or,2025-07-19,1,41.12903549015193,0.346868534473744,0.970084556761962,0.1860302924570243
meta-qts-hillsboro-or,2025-07-19,2,40.014137394312094,0.3875325263837667,0.969593239956851,0.1784681138719661
meta-qts-hillsboro-or,2025-07-19,3,39.67765721571827,0.4386448953933105,0.9716225151502572,0.1704996414377177
meta-qts-hillsboro-or,2025-07-19,4,38.28372153820164,0.4955247971359349,0.9737630259201172,0.1620612678360338
meta-qts-hillsboro-or,2025-08-20,0,37.94524783692039,0.300483703511226,0.9696834186372916,0.1942253794163532
meta-qts-hillsboro-or,2025-08-20,1,39.294735239768464,0.3267608144880588,0.9700123067513652,0.1717387860943149
meta-qts-hillsboro-or,2025-08-20,2,39.48896931705585,0.3433027192188624,0.9694002104944414,0.1685526935511028
meta-qts-hillsboro-or,2025-08-20,3,39.43512111969179,0.387055802140975,0.9711178371560788,0.1577133232455066
meta-qts-hillsboro-or,2025-08-20,4,37.851475090618,0.4586050803344289,0.9732944453091252,0.147122869862434
meta-qts-hillsboro-or,2025-09-21,0,26.878192936689945,0.3296415253931274,0.96969253700584,0.1633445077467018
meta-qts-hillsboro-or,2025-09-21,1,27.99568914922698,0.2817758010353089,0.9698303779641372,0.1870988428648572
meta-qts-hillsboro-or,2025-09-21,2,26.97543563749084,0.3609258634649357,0.9690990186204674,0.1474778149054628
meta-qts-hillsboro-or,2025-09-21,3,27.872517349054604,0.3781266074876163,0.9704847896042428,0.1429958553359333
meta-qts-hillsboro-or,2025-09-21,4,26.54399140355699,0.4683048076531384,0.9725185273181508,0.1197939764351462
meta-qts-hillsboro-or,2025-10-07,0,28.46091160402832,0.3216794743953222,0.9696269359153156,0.1748981473779139
meta-qts-hillsboro-or,2025-10-07,1,29.350936304592476,0.3426888552359804,0.969862804974053,0.1518904236918058
meta-qts-hillsboro-or,2025-10-07,2,29.45901810846952,0.360055975547397,0.9693030855476596,0.1357281176150958
meta-qts-hillsboro-or,2025-10-07,3,29.389638575944968,0.4256789902953429,0.9711289708048828,0.1284823981427012
meta-qts-hillsboro-or,2025-10-07,4,28.543047370723738,0.4923488817372192,0.9731932204396474,0.1173037887346548
meta-qts-hillsboro-or,2025-11-08,0,9.563076424172834,0.3178215092581756,0.969633951578847,0.1560305937828629
meta-qts-hillsboro-or,2025-11-08,1,9.63573144659868,0.3629461719272334,0.9698629567914896,0.1333314758513257
meta-qts-hillsboro-or,2025-11-08,2,9.54538103395942,0.3805749068017992,0.9692870262442592,0.121553757184557
meta-qts-hillsboro-or,2025-11-08,3,9.362345488498374,0.4443000596896128,0.9712244412748364,0.1141976839604769
meta-qts-hillsboro-or,2025-11-08,4,8.927355833796113,0.4786832961139325,0.9732008605999168,0.1085262579959997
meta-qts-hillsboro-or,2025-11-24,2,7.594462206645321,0.3158637181634527,0.9683577357583532,0.1804667212416874
meta-qts-hillsboro-or,2025-11-24,3,6.609903317927131,0.3619179313722326,0.9704781827385476,0.1423445182299986
meta-qts-hillsboro-or,2025-11-24,4,7.117682214270337,0.3026797274295348,0.9690744233020154,0.1063987415110214
meta-qts-hillsboro-or,2026-02-12,0,7.99227952025344,0.3576497347234653,0.9695615986193622,0.1408677250557191
meta-qts-hillsboro-or,2026-02-12,1,7.672703996880369,0.4076911771394626,0.9700836269240024,0.1385072400908509
meta-qts-hillsboro-or,2026-02-12,2,7.561468839272921,0.4109976111006297,0.9697147078066136,0.1203847659922133
meta-qts-hillsboro-or,2026-02-12,3,7.547049350389155,0.4463079751196548,0.9711839245011172,0.1086107972511579
meta-qts-hillsboro-or,2026-02-12,4,7.368993097172355,0.4689233577806349,0.9729122463020492,0.0973594268117516
meta-qts-hillsboro-or,2026-04-17,0,12.79996392336148,0.2811080860441599,0.9656234902309064,0.2682108617464724
meta-qts-hillsboro-or,2026-04-17,1,15.42276123414594,0.3729975276544753,0.9684391311633912,0.2347115820812442
meta-qts-hillsboro-or,2026-04-17,2,16.371809855804138,0.3149960326340943,0.9673783979709428,0.2022397081388648
meta-qts-hillsboro-or,2026-04-17,3,13.291009178224686,0.4695301120206882,0.9713740585912046,0.1839903866314238
meta-qts-hillsboro-or,2026-04-17,4,10.072060485666755,0.5954565789733317,0.9736382421135424,0.1738067886508983
meta-qts-hillsboro-or,2026-05-03,0,39.17056104257769,0.3816440441419882,0.9697031245316656,0.1980778273204986
meta-qts-hillsboro-or,2026-05-03,1,37.99586552903701,0.499203226281435,0.970316205029764,0.1749739161417468
meta-qts-hillsboro-or,2026-05-03,2,36.26365743019162,0.5607563037002388,0.969706591553622,0.1678890790398213
meta-qts-hillsboro-or,2026-05-03,3,34.69469415413448,0.6572477773607824,0.9728061457199504,0.1637885618094006
meta-qts-hillsboro-or,2026-05-03,4,35.180835766122115,0.6719284148130475,0.974750408335946,0.153913284251112
meta-qts-hillsboro-or,2026-06-04,2,17.00679941204189,0.4984725559485443,0.9686327225130892,0.2664657006708115
meta-qts-hillsboro-or,2026-06-04,3,21.912280589282226,0.4426951250352009,0.9693235962585738,0.193670196541229
meta-qts-hillsboro-or,2026-06-04,4,22.528245925833435,0.4740145947378895,0.9741271287764836,0.1798740297632681
meta-qts-hillsboro-or,2026-06-20,0,28.459456571018137,0.2912735282280864,0.962952354124749,0.2130762181196066
meta-qts-hillsboro-or,2026-06-20,1,25.700319954913493,0.3718872367701726,0.9694584235417752,0.2062103666273899
meta-qts-hillsboro-or,2026-06-20,2,27.596505410495062,0.5439295006589233,0.9701626396948702,0.188411853154939
meta-qts-hillsboro-or,2026-06-20,3,29.793659253345133,0.5318379556544084,0.9729725200123516,0.2101003011703238
meta-qts-hillsboro-or,2026-06-20,4,28.656446083090785,0.5526803472336549,0.9741209725752707,0.1822241603039151
meta-qts-hillsboro-or,2026-07-06,0,35.24639914209257,0.3293028327128487,0.9696922168279698,0.1980542410708219
meta-qts-hillsboro-or,2026-07-06,1,32.60408431707641,0.3869318922951049,0.9706526149978896,0.1767140383662507
meta-qts-hillsboro-or,2026-07-06,2,26.155971704518052,0.4344517547577524,0.9696201815482978,0.1738712007576941
meta-qts-hillsboro-or,2026-07-06,3,24.38317218942089,0.4880717344628874,0.9729707194980064,0.1873898944503525
meta-qts-hillsboro-or,2026-07-06,4,29.94174575294124,0.5364529086780817,0.9751453706584692,0.1896417036599164
meta-qts-hillsboro-or,2026-07-22,0,46.7662250622061,0.3424033443947736,0.9697136071537292,0.1890194926957942
meta-qts-hillsboro-or,2026-07-22,1,47.09342459328376,0.3654695626516186,0.9699241591829822,0.1812738577843132
meta-qts-hillsboro-or,2026-07-22,2,47.03739853400159,0.3996993214818094,0.969294469506306,0.1766601178088387
meta-qts-hillsboro-or,2026-07-22,3,46.3566170526107,0.4326078835777217,0.9710705804706288,0.1690644657181567
meta-qts-hillsboro-or,2026-07-22,4,45.11437261133227,0.4760057874669365,0.9729957316098696,0.1564566082670122
meta-qts-hillsboro-or,2026-08-07,0,41.837688044295376,0.3026812398905542,0.96966680775502,0.198705911941615
meta-qts-hillsboro-or,2026-08-07,1,42.1802088750555,0.3424115504489717,0.9700064513101254,0.18153563001773
meta-qts-hillsboro-or,2026-08-07,2,42.25874150815781,0.382962696627123,0.9694723843548304,0.172011814602485
meta-qts-hillsboro-or,2026-08-07,3,41.92892811338514,0.4214925634063939,0.9714281016972304,0.1630646810029151
meta-qts-hillsboro-or,2026-08-07,4,41.041834048475685,0.4804703805367861,0.9735727920199369,0.1551494075000206
meta-qts-hillsboro-or,2026-08-23,0,27.836017325493497,0.2501854444401694,0.9648735059373176,0.1937187745342612
meta-qts-hillsboro-or,2026-08-23,1,31.211094299363708,0.2877805149970176,0.9699740964340328,0.2408837812738468
meta-qts-hillsboro-or,2026-08-23,2,33.20268947577664,0.3391281181657387,0.9687638073179456,0.1744255477789119
meta-qts-hillsboro-or,2026-08-23,3,34.35580448264464,0.3594453777951668,0.9700553856021872,0.163606023095823
meta-qts-hillsboro-or,2026-08-23,4,32.813641480177836,0.4223565233452574,0.9727607682872382,0.1838179299254869
meta-qts-hillsboro-or,2026-09-08,0,33.13929028365363,0.3049188585172385,0.9696333539213376,0.182617351567852
meta-qts-hillsboro-or,2026-09-08,1,33.96728577677169,0.33064415338914,0.9698576366895376,0.1594259360861132
meta-qts-hillsboro-or,2026-09-08,2,33.93404300404232,0.3582993256641914,0.9693011165061358,0.1408700474762766
meta-qts-hillsboro-or,2026-09-08,3,33.87800697818032,0.4034979565255079,0.9711197558279416,0.1364117927768355
meta-qts-hillsboro-or,2026-09-08,4,33.154773973354345,0.4741858935013985,0.9731653708611516,0.127008338494466
