site_id,date,ring,lst_c,ndvi,emissivity,albedo
meta-sarpy-ne,2013-04-04,0,25.103487748655425,0.2054300384531419,0.9720343376885142,0.1806575045519671
meta-sarpy-ne,2013-04-04,1,25.051140065601302,0.2277138963331794,0.9735237207697502,0.1790702703733271
meta-sarpy-ne,2013-04-04,2,25.522061643413387,0.213076525190814,0.9728623377886114,0.1767707268766452
meta-sarpy-ne,2013-04-04,3,25.06093035866857,0.2338223459436618,0.972874052937248,0.1728071762015496
meta-sarpy-ne,2013-04-04,4,25.093819725082746,0.2267288502109392,0.9731666962728108,0.1758540785263412
meta-sarpy-ne,2013-04-16,1,11.554508720000046,0.2598452626560716,0.966725,0.2340322508168859
meta-sarpy-ne,2013-04-16,2,11.748683603791322,0.2108170196619246,0.9714400854546548,0.1972904996629206
meta-sarpy-ne,2013-04-16,3,13.961050250885052,0.2323082158041409,0.971732808959356,0.1910534301950871
meta-sarpy-ne,2013-04-16,4,15.698627830509515,0.2590804232347864,0.9732483695168448,0.203743648239734
meta-sarpy-ne,2013-05-18,1,23.68659577097368,0.3977427024103367,0.97450575984741,0.2310990037317579
meta-sarpy-ne,2013-05-18,2,33.715046308203675,0.275183558578947,0.9736467260250594,0.2162519256601131
meta-sarpy-ne,2013-05-18,3,34.23499045526816,0.348523707096308,0.9737213648238366,0.2135367663619534
meta-sarpy-ne,2013-05-18,4,35.4942866047643,0.3234799915126017,0.9736978440259288,0.2194594464401627
meta-sarpy-ne,2013-06-03,0,32.158539683673226,0.3028327098788154,0.9729348806486456,0.2137736723878327
meta-sarpy-ne,2013-06-03,1,31.55805559648204,0.3442505906353452,0.974674582468206,0.2138708429519605
meta-sarpy-ne,2013-06-03,2,32.08629305890825,0.3071228425926356,0.97382462231067,0.2104486808359595
meta-sarpy-ne,2013-06-03,3,30.984727686825227,0.3922425002437619,0.9746360715476664,0.2033376284546615
meta-sarpy-ne,2013-06-03,4,30.92105860082443,0.3738986169390892,0.9745734649211288,0.2087620616755522
meta-sarpy-ne,2013-06-19,2,23.59508232264107,0.4556616189211905,0.9762687826060736,0.2249593022262597
meta-sarpy-ne,2013-06-19,3,24.567243809655228,0.4976308020282275,0.9774878080021108,0.2143518487641549
meta-sarpy-ne,2013-06-19,4,24.76086998258987,0.4797966082976106,0.9756311203275048,0.1915643847676472
meta-sarpy-ne,2013-07-21,0,39.74183061618641,0.7542860829073227,0.9805298283047472,0.1948129711860795
meta-sarpy-ne,2013-07-21,1,40.33924836902189,0.706774356406453,0.9806488380539606,0.1952132985028974
meta-sarpy-ne,2013-07-21,2,38.83123299265634,0.765704114431141,0.981338494955189,0.1946987494675738
meta-sarpy-ne,2013-07-21,3,39.46386127363568,0.7115442838316265,0.9798433950104184,0.1946134004485092
meta-sarpy-ne,2013-07-21,4,39.79620042549703,0.6889581844080648,0.9798586213038516,0.195112558027922
meta-sarpy-ne,2013-08-06,0,27.071848824935365,0.8416268766133738,0.9818506046882208,0.2387949256012651
meta-sarpy-ne,2013-08-06,1,28.471622306632028,0.7929893311037118,0.9818131875725564,0.2216367362079228
meta-sarpy-ne,2013-08-06,2,27.852538434241417,0.8373855268071984,0.9823218652469962,0.2281139085570326
meta-sarpy-ne,2013-08-06,3,28.225033898043705,0.7873976863931454,0.9809550090799384,0.2098321961317229
meta-sarpy-ne,2013-08-06,4,26.88215203711453,0.7901072408235625,0.9815833579808736,0.206687661733966
meta-sarpy-ne,2013-09-07,0,13.786613382794568,0.7811063893311267,0.979414287142682,0.2395169389110499
meta-sarpy-ne,2013-09-07,1,18.118530860563354,0.6771543875036579,0.980038092306254,0.2247515590528347
meta-sarpy-ne,2013-09-07,2,21.572555126651327,0.7468189938013033,0.981035935269807,0.2020090482198226
meta-sarpy-ne,2013-09-07,3,24.88016602156237,0.6828135832924681,0.980418029043006,0.1994757820397695
meta-sarpy-ne,2013-09-07,4,22.50653251138275,0.6689830766389071,0.980786640996464,0.2114113080288897
meta-sarpy-ne,2013-09-23,0,27.776501136046907,0.7125016844737881,0.979752194993506,0.18483303145975
meta-sarpy-ne,2013-09-23,1,29.22350452766734,0.5568012411194748,0.9781381229683356,0.1644145796654752
meta-sarpy-ne,2013-09-23,2,27.910020460800197,0.6095531380979506,0.9786563932342436,0.1691987656435557
meta-sarpy-ne,2013-09-23,3,27.84220229856777,0.559960513282167,0.977276180228356,0.1608174675952054
meta-sarpy-ne,2013-09-23,4,28.228319131132277,0.5094050284940147,0.976901345741218,0.1633736683960552
meta-sarpy-ne,2013-10-09,0,28.884513811876143,0.4385266710464595,0.974828726041202,0.147297655025196
meta-sarpy-ne,2013-10-09,1,27.42075787876276,0.4153852851168135,0.9757416330199714,0.1601855668458529
meta-sarpy-ne,2013-10-09,2,27.27052855427001,0.411828830967908,0.9751676026648444,0.1464364626152277
meta-sarpy-ne,2013-10-09,3,26.47773260135896,0.4341982563547232,0.9750753114282088,0.1510979807492408
meta-sarpy-ne,2013-10-09,4,26.41366917417782,0.4072404313963934,0.9749976215388858,0.1571892225991424
meta-sarpy-ne,2013-10-25,0,17.03109526022484,0.2855062976212123,0.9729961248263518,0.2091287242085313
meta-sarpy-ne,2013-10-25,1,16.034215823178975,0.3395100218059028,0.9749105460450272,0.1847290393024313
meta-sarpy-ne,2013-10-25,2,15.754950896986063,0.3093851615909827,0.9740950628946332,0.1845142511986899
meta-sarpy-ne,2013-10-25,3,15.175192392462815,0.361130467504256,0.9743781834342924,0.1738990521528529
meta-sarpy-ne,2013-10-25,4,15.197870254015362,0.3469954452604891,0.9745858545010404,0.177817441489754
meta-sarpy-ne,2013-11-10,0,13.851389836067824,0.2440049576303236,0.9721497725559984,0.1784184743164759
meta-sarpy-ne,2013-11-10,1,12.892763468208289,0.2913493163426606,0.9740203109015324,0.1712886318749132
meta-sarpy-ne,2013-11-10,2,12.950046176280384,0.2627512980556303,0.9732757028120096,0.1745921510854505
meta-sarpy-ne,2013-11-10,3,12.459493369324566,0.3116360221755708,0.973631246085486,0.1677705043524082
meta-sarpy-ne,2013-11-10,4,12.471051796116956,0.3034564882991706,0.9739129028701452,0.1718106140062806
meta-sarpy-ne,2013-11-26,0,3.0103546117683617,0.2308047074192765,0.97212512779538,0.1735187332633672
meta-sarpy-ne,2013-11-26,1,2.314981053310673,0.2539956913346773,0.9735638959847952,0.1815305453684239
meta-sarpy-ne,2013-11-26,2,2.489571605699863,0.235930365210158,0.9730556925677922,0.189691453700415
meta-sarpy-ne,2013-11-26,3,2.073909069441802,0.2725878911321437,0.9733210685219562,0.1745084606014551
meta-sarpy-ne,2013-11-26,4,2.229997905016918,0.2584362672256482,0.9736175402423688,0.187484460577421
meta-sarpy-ne,2013-12-12,0,-3.4591718630068127,0.0138995309825648,0.9887849993126644,0.6479118675645942
meta-sarpy-ne,2013-12-12,1,-3.736520565201888,0.0297497332155128,0.9876589134966444,0.6279818558793391
meta-sarpy-ne,2013-12-12,2,-4.086379438297202,0.0145596845557729,0.9893539515467836,0.6711202093901516
meta-sarpy-ne,2013-12-12,3,-4.234009804349359,0.052685097044833,0.9875129691202283,0.5976838719068808
meta-sarpy-ne,2013-12-12,4,-4.106236662778033,0.0376510124767956,0.987666442325373,0.617720488353362
meta-sarpy-ne,2014-01-13,0,7.592396254901278,0.2184179798979177,0.9723715513406008,0.1735784675004654
meta-sarpy-ne,2014-01-13,1,7.046285389512879,0.2314236884657954,0.9737522122072448,0.175216606372214
meta-sarpy-ne,2014-01-13,2,6.9873553773878925,0.2226068293009567,0.9733790966250708,0.187328863234632
meta-sarpy-ne,2014-01-13,3,6.426449866998684,0.240990976727163,0.9733225667286648,0.1760209368547247
meta-sarpy-ne,2014-01-13,4,6.565592826404502,0.234374780790461,0.9737063074629012,0.17768302868037
meta-sarpy-ne,2014-01-29,0,4.097871364060687,0.2052697174733117,0.9722884126133796,0.1764795810616435
meta-sarpy-ne,2014-01-29,1,3.681940347493347,0.213932108175191,0.9736332395564108,0.1811980311152481
meta-sarpy-ne,2014-01-29,2,3.7521568933097953,0.2094231718642048,0.9732502285013904,0.1869938547398988
meta-sarpy-ne,2014-01-29,3,3.0806235692726,0.2218553242486921,0.9731904256504568,0.179098752264235
meta-sarpy-ne,2014-01-29,4,3.32403431138251,0.2183438021053454,0.9734904784134276,0.1812600247353837
meta-sarpy-ne,2014-02-14,0,0.2281934330570955,0.1566154717354076,0.9718791574166338,0.2218744633631149
meta-sarpy-ne,2014-02-14,1,-0.0430963103817671,0.1635308052465559,0.9730710927586892,0.2190450776453093
meta-sarpy-ne,2014-02-14,2,-0.3408987721454821,0.1729550165475824,0.9726224104038048,0.2433221167875435
meta-sarpy-ne,2014-02-14,3,-0.8045497405410083,0.2054098956374685,0.9730037151390932,0.2334372379531583
meta-sarpy-ne,2014-02-14,4,-0.7004338251877665,0.1848665291407434,0.9730799678981836,0.2397535697888986
meta-sarpy-ne,2014-03-18,0,15.273933422055904,0.1770668557925564,0.9721131345506048,0.2212072242225365
meta-sarpy-ne,2014-03-18,1,15.397585457457067,0.1854164447406236,0.9735433281173412,0.2218551215981525
meta-sarpy-ne,2014-03-18,2,16.85845660771906,0.1891704130179654,0.9732418753897693,0.2240656112511474
meta-sarpy-ne,2014-03-18,3,18.208072895568005,0.198989597504966,0.9732808342856236,0.2151951841134804
meta-sarpy-ne,2014-03-18,4,19.498497134295253,0.1959981193813096,0.973207418305049,0.2119426750723622
meta-sarpy-ne,2014-05-05,0,29.992732570691174,0.2437889931097892,0.9722849047095892,0.205959790085314
meta-sarpy-ne,2014-05-05,1,29.452536551516687,0.2787616763030401,0.9738505193798922,0.1986581450801126
meta-sarpy-ne,2014-05-05,2,29.981260599595537,0.2457448829865794,0.9730198354705074,0.200320146037422
meta-sarpy-ne,2014-05-05,3,27.94064214812436,0.2907321744656526,0.9734401062531748,0.1974999636414762
meta-sarpy-ne,2014-05-05,4,27.010938429640472,0.2796437483855076,0.9734415725852816,0.2020001620827053
meta-sarpy-ne,2014-05-21,0,16.075987822194705,0.3697192884207725,0.9716395695915784,0.2127664598750749
meta-sarpy-ne,2014-05-21,1,13.805950043756392,0.4609845008340118,0.9765041955958168,0.211092561982876
meta-sarpy-ne,2014-05-21,2,16.124850648281015,0.37390434056368,0.9743832011097942,0.2066675598913019
meta-sarpy-ne,2014-05-21,3,15.356305069961351,0.4174001481276748,0.9763380155794316,0.201605446376268
meta-sarpy-ne,2014-05-21,4,17.12725177761917,0.3720082353250061,0.9751918456068835,0.2088228287393597
meta-sarpy-ne,2014-06-06,0,24.661038501580325,0.4091068184644624,0.974336623098106,0.1928771473954518
meta-sarpy-ne,2014-06-06,1,24.51643649413898,0.4037317019610135,0.9751654588065006,0.1952481043760384
meta-sarpy-ne,2014-06-06,2,25.643797502668228,0.3696484515739755,0.9743446541203568,0.2009823852083274
meta-sarpy-ne,2014-06-06,3,25.50860129810368,0.4147497394070603,0.9751290960985436,0.201578070804686
meta-sarpy-ne,2014-06-06,4,28.04975917545031,0.4041459277254125,0.9755119995152766,0.2040242498926275
meta-sarpy-ne,2014-07-08,0,27.789521698365608,0.7963822558257376,0.9807919068977716,0.1854837037487402
meta-sarpy-ne,2014-07-08,1,28.920546092351486,0.6951052193634274,0.9801424170838484,0.1972541954195029
meta-sarpy-ne,2014-07-08,2,27.766391013253735,0.7958656449764646,0.9816076474279832,0.1931351317971181
meta-sarpy-ne,2014-07-08,3,28.69706519652884,0.7397558936894668,0.9802264099429034,0.1915911198225979
meta-sarpy-ne,2014-07-08,4,28.836228025416577,0.723687512002025,0.9804042267045292,0.1937724472902225
meta-sarpy-ne,2014-07-24,0,29.941564094089475,0.7794666180577619,0.980296438072582,0.18237544155327
meta-sarpy-ne,2014-07-24,1,31.404784580683128,0.7145384038711777,0.980425069765191,0.1991950392952922
meta-sarpy-ne,2014-07-24,2,28.89485980129269,0.8214795628899982,0.9821159409982158,0.2110149319922897
meta-sarpy-ne,2014-07-24,3,29.613768504561516,0.7504692084561168,0.9802874610153536,0.2180296820369061
meta-sarpy-ne,2014-07-24,4,28.619610161185967,0.7633556691747713,0.9814232742511028,0.2238880827368398
meta-sarpy-ne,2014-09-26,0,24.67682381423985,0.5006344653186047,0.9739208158956084,0.1699209805100676
meta-sarpy-ne,2014-09-26,1,28.501425585762792,0.4996137548034796,0.9766876448490824,0.1802069255598941
meta-sarpy-ne,2014-09-26,2,28.35704233225019,0.5169779017360497,0.9766429935603476,0.1626381623938514
meta-sarpy-ne,2014-09-26,3,27.480928633334923,0.5498689222427225,0.977235671650478,0.161691108816025
meta-sarpy-ne,2014-09-26,4,28.12160924506344,0.525455733476415,0.9768188564453362,0.1687456529356744
meta-sarpy-ne,2014-10-12,0,11.946047117517637,0.3547248824031767,0.9722702821501128,0.1360444856880019
meta-sarpy-ne,2014-10-12,1,14.114440747770104,0.3721639387163193,0.9743353585480083,0.1454681044904125
meta-sarpy-ne,2014-10-12,2,12.64452416183187,0.3349636477207899,0.9734647398754652,0.1444106921520665
meta-sarpy-ne,2014-10-12,3,10.021741040686946,0.3572910653303787,0.9728659182744824,0.162838115579318
meta-sarpy-ne,2014-10-12,4,8.183114885849896,0.4102200028705707,0.9744954139146488,0.1840902377553408
meta-sarpy-ne,2014-10-28,0,14.083352521202707,0.3046997379494083,0.9721438294254484,0.1506883899002849
meta-sarpy-ne,2014-10-28,1,14.27659261406186,0.3253128597683667,0.974002312622344,0.1593370053351731
meta-sarpy-ne,2014-10-28,2,14.493127715255666,0.2890787598766606,0.9734547290564668,0.1696590525166446
meta-sarpy-ne,2014-10-28,3,13.551168009854743,0.3287242400259433,0.9733322331730836,0.1601588032455509
meta-sarpy-ne,2014-10-28,4,13.752823718636014,0.3278206909044613,0.9736732287371648,0.1578438857637233
meta-sarpy-ne,2014-11-13,2,-2.1983065625183142,0.2341765003551094,0.9731626547595212,0.2433199695277556
meta-sarpy-ne,2014-11-13,3,-2.3546777559683005,0.2856649209579136,0.9720094906342528,0.2116076066174591
meta-sarpy-ne,2014-11-13,4,-2.538797126410396,0.3171851518476077,0.9725826797402268,0.2271965958380744
meta-sarpy-ne,2014-12-31,0,-8.772629241156986,0.1248887526475463,0.9716556638550166,0.3406831391971858
meta-sarpy-ne,2014-12-31,1,-8.916591859713753,0.1165490436083828,0.9779513002657438,0.3764840402494206
meta-sarpy-ne,2014-12-31,2,-8.836421079029472,0.0987429669074903,0.9766796845621656,0.3806659123743127
meta-sarpy-ne,2014-12-31,3,-8.834463339194484,0.1564309523820919,0.9763084415524492,0.3228335652499886
meta-sarpy-ne,2014-12-31,4,-8.75608643203415,0.1368090845863653,0.976484740883242,0.3373231107100974
meta-sarpy-ne,2015-01-16,0,9.481614320055874,0.2056173013223751,0.9721826856551352,0.1797086085486823
meta-sarpy-ne,2015-01-16,1,9.427327966129194,0.2096393124866664,0.9733226248055356,0.173590616600082
meta-sarpy-ne,2015-01-16,2,9.724808431774196,0.2051273092008781,0.9728750283924368,0.1743361895117711
meta-sarpy-ne,2015-01-16,3,9.033242789221587,0.2231981581760129,0.9728120426624236,0.1597331697979027
meta-sarpy-ne,2015-01-16,4,8.990725968611763,0.2151045305004929,0.9732373157481546,0.1620846810383033
meta-sarpy-ne,2015-03-05,0,5.2288684453510825,0.1736704361098552,0.9719858253811156,0.2109824754652273
meta-sarpy-ne,2015-03-05,1,5.465452086106426,0.1610614916594265,0.9729431917649856,0.2094162683816899
meta-sarpy-ne,2015-03-05,2,5.664294090472385,0.1613251090687207,0.972460269196069,0.2118507002509449
meta-sarpy-ne,2015-03-05,3,4.9726983912143385,0.1704114857717284,0.9723836550524584,0.1990341682342954
meta-sarpy-ne,2015-03-05,4,5.36803472102167,0.1637439040102465,0.9726598689645856,0.2028351984210212
meta-sarpy-ne,2015-03-21,0,23.401311321431987,0.2027179680277447,0.9720342178377834,0.2143920213157247
meta-sarpy-ne,2015-03-21,1,23.67415265243694,0.210302613554866,0.9732090330030222,0.1981971622551257
meta-sarpy-ne,2015-03-21,2,23.433800793930025,0.2063093453867603,0.9727576742039408,0.2006761272372274
meta-sarpy-ne,2015-03-21,3,23.085925887637632,0.2171542509443114,0.9726406184213122,0.188904280417757
meta-sarpy-ne,2015-03-21,4,23.12687313117901,0.2049409526728557,0.972937202914075,0.1886758251859631
meta-sarpy-ne,2015-04-22,0,25.911212733280575,0.237143183485556,0.9720979280350832,0.2101698762702131
meta-sarpy-ne,2015-04-22,1,25.086950216935517,0.2828392413818963,0.9738982358941148,0.1983716212742135
meta-sarpy-ne,2015-04-22,2,25.2498448984598,0.2480706972132095,0.9730767166166716,0.2018823020987125
meta-sarpy-ne,2015-04-22,3,24.357878868024944,0.3071926717228173,0.9735813443467392,0.1925331155037153
meta-sarpy-ne,2015-04-22,4,24.353620556401943,0.2929148134004537,0.9737935874775172,0.1942624935577462
meta-sarpy-ne,2015-06-09,0,46.45082694934258,0.3216866414985502,0.9733524188056673,0.2081998772413335
meta-sarpy-ne,2015-06-09,1,45.0509943858143,0.3730739144148395,0.9752963620707406,0.2050791947741407
meta-sarpy-ne,2015-06-09,2,45.94658978383971,0.3424048901241366,0.9745707359333616,0.2033815172581471
meta-sarpy-ne,2015-06-09,3,44.06161703370161,0.4283127698026331,0.975334819726978,0.1960995051176395
meta-sarpy-ne,2015-06-09,4,44.00780712364503,0.4077857708276998,0.9754462199538092,0.1961197499490256
meta-sarpy-ne,2015-06-25,4,29.163314607553065,0.5216246110200566,0.97522632602546,0.1830217364511138
meta-sarpy-ne,2015-07-11,0,35.071003130655924,0.7118489702535234,0.9794069653963604,0.2128783419396512
meta-sarpy-ne,2015-07-11,1,34.71534308877352,0.7132995166475539,0.9804288747191408,0.2000459548823842
meta-sarpy-ne,2015-07-11,2,34.79125128262877,0.7252095633830689,0.9804973522123612,0.1998785200090447
meta-sarpy-ne,2015-07-11,3,34.88285093909362,0.7184719931632204,0.979618466570145,0.2026663144410062
meta-sarpy-ne,2015-07-11,4,35.554169981837966,0.7069529675609739,0.979218921297619,0.2084261664216501
meta-sarpy-ne,2015-08-12,0,29.855086453274453,0.859554237248559,0.9818983043845394,0.2462041271673912
meta-sarpy-ne,2015-08-12,1,31.148797524373258,0.772163424362741,0.981256013880398,0.2046521245306703
meta-sarpy-ne,2015-08-12,2,30.03156932160365,0.8281710325351709,0.9819925331875524,0.2186171829678426
meta-sarpy-ne,2015-08-12,3,30.94065207490423,0.7769149726126647,0.9803276639299788,0.2048801853209196
meta-sarpy-ne,2015-08-12,4,31.12557336994408,0.7594503609766033,0.980657411923216,0.2039663053242092
meta-sarpy-ne,2015-09-13,0,24.159149233940717,0.8375120427753209,0.9809091368023476,0.2237084119863672
meta-sarpy-ne,2015-09-13,1,25.062002821463693,0.7338128589988907,0.98001454384765,0.1861734516435528
meta-sarpy-ne,2015-09-13,2,24.918037937963035,0.7495729787685605,0.9800798836195256,0.1909358718491521
meta-sarpy-ne,2015-09-13,3,25.338144877266966,0.7073514884103349,0.9787600670665888,0.1784991694048477
meta-sarpy-ne,2015-09-13,4,25.502072961677957,0.6854687276904018,0.9789119638973744,0.1786436603757662
meta-sarpy-ne,2015-09-29,0,22.053760683818545,0.6802417615363242,0.979024705593941,0.152876231638346
meta-sarpy-ne,2015-09-29,1,22.500864252334825,0.5116290716671996,0.9766569768216136,0.1193627837656593
meta-sarpy-ne,2015-09-29,2,22.304353672921746,0.5264527629775272,0.9768603073041058,0.1178816538147475
meta-sarpy-ne,2015-09-29,3,22.13528457241766,0.5366927640545178,0.9762731611469306,0.1206608407849314
meta-sarpy-ne,2015-09-29,4,22.371718375842587,0.4989199849245541,0.9762013357334828,0.1354438025227719
meta-sarpy-ne,2015-12-02,0,0.7574305057188981,0.0744483275687147,0.9874184211482192,0.4501617210591237
meta-sarpy-ne,2015-12-02,1,1.3781824117705437,0.1423836475820121,0.9852056570337228,0.3626069303088742
meta-sarpy-ne,2015-12-02,2,0.9959085163644652,0.1008301880927862,0.987019323537542,0.3877371288148061
meta-sarpy-ne,2015-12-02,3,1.9231105337255885,0.1999635944421834,0.9813318100017212,0.2769137364973374
meta-sarpy-ne,2015-12-02,4,1.7790877484211782,0.1837881696063648,0.9823811006379436,0.2944876728552866
meta-sarpy-ne,2015-12-18,0,1.770260307413875,0.2332575501158369,0.9712891389814492,0.1604741945258065
meta-sarpy-ne,2015-12-18,1,1.3911085294978325,0.2573246549575147,0.9729040775558896,0.1675600865842261
meta-sarpy-ne,2015-12-18,2,1.2724908294798856,0.2401095704338551,0.9722797275385856,0.1610714539386357
meta-sarpy-ne,2015-12-18,3,0.99541022971895,0.2716223905722107,0.9724458351940164,0.1601127920496745
meta-sarpy-ne,2015-12-18,4,1.088152879322182,0.2559988749785898,0.97279155138564,0.1645571511968393
meta-sarpy-ne,2016-01-03,0,-6.014127958034147,-0.0458468161167821,0.9900619646485208,0.8943729992186927
meta-sarpy-ne,2016-01-03,1,-5.816457619735891,-0.0422879786542203,0.9901473357122198,0.8465168783350008
meta-sarpy-ne,2016-01-03,2,-5.998119798807355,-0.0441175113182135,0.9902293604181632,0.8752877384904509
meta-sarpy-ne,2016-01-03,3,-5.726688022581492,-0.0251809104924952,0.989708063003984,0.7672115058457075
meta-sarpy-ne,2016-01-03,4,-5.631230921727708,-0.0303982284139299,0.9895446263363928,0.7777748300509215
meta-sarpy-ne,2016-02-04,0,-6.2532873323644,-0.0549561660133231,0.9902498120522756,0.8694831888902572
meta-sarpy-ne,2016-02-04,1,-6.228576122104141,-0.0524177093641292,0.9903036849942792,0.8436230074486417
meta-sarpy-ne,2016-02-04,2,-6.197195523335969,-0.0549829214899935,0.990303666539312,0.8592053564007599
meta-sarpy-ne,2016-02-04,3,-6.059483245045286,-0.0432985739099254,0.9900404084806383,0.7771506299130077
meta-sarpy-ne,2016-02-04,4,-5.921300646524157,-0.0477016021847236,0.9899175135277708,0.7833673112172621
meta-sarpy-ne,2016-02-20,0,15.424254954298297,0.2239540168943227,0.9719786134541508,0.1521347661022181
meta-sarpy-ne,2016-02-20,1,15.199665723905882,0.2320884992037361,0.9734234734892292,0.1662223312165173
meta-sarpy-ne,2016-02-20,2,14.805634130828912,0.2320393366888727,0.9729636408139866,0.1541432663563629
meta-sarpy-ne,2016-02-20,3,15.007993406118985,0.2406415038836654,0.9729341074195932,0.1618282816531515
meta-sarpy-ne,2016-02-20,4,14.81606717592402,0.2298602940722001,0.973226210337658,0.1648574307121615
meta-sarpy-ne,2016-03-07,1,19.53649017038146,0.2126682124871254,0.9681885251069576,0.0811883238305561
meta-sarpy-ne,2016-03-07,2,20.957979436044248,0.2331540763061809,0.9715035881127162,0.1569474318636105
meta-sarpy-ne,2016-03-07,3,22.372045069671405,0.2164656303290013,0.9723175417386548,0.1736764793694175
meta-sarpy-ne,2016-03-07,4,23.234669635256605,0.2695313237459875,0.9735317881039736,0.208773763574917
meta-sarpy-ne,2016-04-08,0,21.673542602517863,0.2546804498999779,0.9723912436329274,0.1931221059244054
meta-sarpy-ne,2016-04-08,1,20.800454427184444,0.2865687264624178,0.9740528924556764,0.2030826592060653
meta-sarpy-ne,2016-04-08,2,21.685733507878997,0.2545126599704238,0.9732418374689364,0.2020669961405407
meta-sarpy-ne,2016-04-08,3,20.901799758000156,0.3039742390071652,0.973637398540766,0.1969281249153387
meta-sarpy-ne,2016-04-08,4,20.775960474147915,0.2849573238588843,0.9738210303350582,0.1973462364659062
meta-sarpy-ne,2016-05-10,0,30.489526805213657,0.3594087259309438,0.9734777840326128,0.1516176344424443
meta-sarpy-ne,2016-05-10,1,30.405315756097924,0.378374834264279,0.974926448724857,0.1767429371091523
meta-sarpy-ne,2016-05-10,2,30.52777260076369,0.3437830881625204,0.974119088945304,0.1685798420620651
meta-sarpy-ne,2016-05-10,3,29.964775484347783,0.4077832061130292,0.974711482076392,0.1715358216975466
meta-sarpy-ne,2016-05-10,4,30.368311093867984,0.3815865249789447,0.974756736485176,0.1717321223399008
meta-sarpy-ne,2016-05-26,0,36.9298798690333,0.3468575717618584,0.9735775352515476,0.1791407737121607
meta-sarpy-ne,2016-05-26,1,37.54661031183964,0.3699785347149702,0.9749516832932796,0.1893106794817741
meta-sarpy-ne,2016-05-26,2,37.79915055404794,0.3485338768979249,0.9744308076994412,0.1884934386580094
meta-sarpy-ne,2016-05-26,3,37.896022726332426,0.4059926283093666,0.974870678923944,0.1883642723581393
meta-sarpy-ne,2016-05-26,4,38.741491548846874,0.3818657979545785,0.9748517423748532,0.1929938704902099
meta-sarpy-ne,2016-06-11,0,46.88063021702136,0.4006851451462177,0.9749781308733656,0.2192538227372954
meta-sarpy-ne,2016-06-11,1,45.40822477445602,0.3924295913979184,0.9757617797236036,0.2234345710972167
meta-sarpy-ne,2016-06-11,2,45.24310257478901,0.4439748120647018,0.9763822167282724,0.2203388506039643
meta-sarpy-ne,2016-06-11,3,44.3603151981361,0.4535166528099799,0.976010447812312,0.2143671987454028
meta-sarpy-ne,2016-06-11,4,44.28392324675095,0.4337005019113698,0.9761180578945324,0.2119333514949681
meta-sarpy-ne,2016-06-27,0,35.54618705367104,0.4373629016968886,0.9768215747241727,0.2852140597758276
meta-sarpy-ne,2016-06-27,1,34.61647227134227,0.640624627611081,0.9810346621777536,0.2765049771822492
meta-sarpy-ne,2016-06-27,2,32.68012771253154,0.7147970398592803,0.9812435594436408,0.2343494394208859
meta-sarpy-ne,2016-06-27,3,34.11106049426001,0.6808843551522812,0.9790243769121098,0.2342626042974009
meta-sarpy-ne,2016-06-27,4,35.622930420471256,0.6412339156454514,0.9785056838974038,0.2289754811701507
meta-sarpy-ne,2016-07-29,0,28.65835067231043,0.7090204351172197,0.9808438719220932,0.22707706701131
meta-sarpy-ne,2016-07-29,1,30.682936711925496,0.6850669259471802,0.9802528047620908,0.2282805205420185
meta-sarpy-ne,2016-07-29,2,27.919291106019124,0.7752066683447237,0.9811743574210132,0.238430523329422
meta-sarpy-ne,2016-07-29,3,29.417162169416745,0.7705534011772819,0.980137232862904,0.2278050206238389
meta-sarpy-ne,2016-07-29,4,29.158023037108883,0.7837209248191142,0.9809632437361436,0.223818866702513
meta-sarpy-ne,2016-08-14,2,11.09149421078697,0.8334331346384436,0.9827333736167392,0.2248687431345822
meta-sarpy-ne,2016-08-14,3,17.711204232601098,0.8106390690008287,0.9819228917526746,0.2272647240303693
meta-sarpy-ne,2016-08-14,4,19.746909074775225,0.8025520230890367,0.982115621560495,0.2281096790996266
meta-sarpy-ne,2016-10-17,3,2.0559107533059495,0.5096759419423458,0.9750506165590136,0.208925899997064
meta-sarpy-ne,2016-10-17,4,3.640503689665603,0.485010747621262,0.9766254910291182,0.1996989832863004
meta-sarpy-ne,2016-12-04,0,-1.305671428144339,-0.0268002975862389,0.9904,1.0278433473300752
meta-sarpy-ne,2016-12-04,1,-1.2550679297944607,-0.026310340507017,0.9898611393295308,0.8207770664844299
meta-sarpy-ne,2016-12-04,2,-1.1595329434761146,-0.0419221455715767,0.989951149765818,0.6172667054261923
meta-sarpy-ne,2016-12-04,3,-0.7894326718697016,-0.0224829451929794,0.9895276302327564,0.6266375639341151
meta-sarpy-ne,2016-12-04,4,-0.98437742275092,-0.0495146478921132,0.9899524762207116,0.7215030751894472
meta-sarpy-ne,2017-01-05,0,-13.678206000707894,0.0479453126347703,0.9866122912746982,0.6707226515508632
meta-sarpy-ne,2017-01-05,1,-13.905892198871562,0.0463601665953486,0.987433021223934,0.6322971849302913
meta-sarpy-ne,2017-01-05,2,-13.639628823635295,0.0389360448036456,0.9883716309768016,0.6424496246719476
meta-sarpy-ne,2017-01-05,3,-13.214410324659548,0.0721330182222203,0.9867899097412928,0.5796314117250021
meta-sarpy-ne,2017-01-05,4,-13.31138528663772,0.061870182943447,0.9872018735653084,0.5863597003361093
meta-sarpy-ne,2017-01-21,0,9.749861933645654,0.288950123206742,0.9733243228887642,0.1310795257352887
meta-sarpy-ne,2017-01-21,1,9.710210021212326,0.3054635852061683,0.9744713666107752,0.1202130050932561
meta-sarpy-ne,2017-01-21,2,9.71791781205198,0.2889423041742615,0.9739165367417992,0.1207316528097778
meta-sarpy-ne,2017-01-21,3,9.477676573765155,0.2982235880477821,0.9737642917469796,0.1175388261167344
meta-sarpy-ne,2017-01-21,4,9.450751778461845,0.2882639873510973,0.9741741575867008,0.1183269797164125
meta-sarpy-ne,2017-02-22,0,23.990625520121025,0.2216256806669844,0.9722086723807606,0.1866969180836822
meta-sarpy-ne,2017-02-22,1,23.815542403574792,0.2291479805016617,0.973378226753513,0.1824865802324046
meta-sarpy-ne,2017-02-22,2,23.729270366557017,0.2183539071085989,0.9728393219723128,0.1818462389607528
meta-sarpy-ne,2017-02-22,3,23.34359580208115,0.2284779093828111,0.972728296906373,0.1735128963314921
meta-sarpy-ne,2017-02-22,4,23.3163055518543,0.2218531794777048,0.973084132112342,0.1741204915291906
meta-sarpy-ne,2017-04-11,0,25.414589233724772,0.2452264951194468,0.9721837066562546,0.1803315385974969
meta-sarpy-ne,2017-04-11,1,26.475869121118254,0.2910825090425698,0.974089934593246,0.198137910310357
meta-sarpy-ne,2017-04-11,2,26.925959493199947,0.2552338633555362,0.9732756497477832,0.1999146571492177
meta-sarpy-ne,2017-04-11,3,25.665619926751894,0.2948285405366815,0.9735378100680444,0.1885382981842044
meta-sarpy-ne,2017-04-11,4,25.96159508151232,0.2829243952799582,0.973797862957997,0.1889515919744133
meta-sarpy-ne,2017-04-27,0,20.241568190436972,0.2250065962277059,0.9707701651053396,0.2320867325622977
meta-sarpy-ne,2017-04-27,1,22.975943492738644,0.2845924292909756,0.97309905985894,0.2481381182458047
meta-sarpy-ne,2017-04-27,2,23.51175940913088,0.2626158119754105,0.9733707094377896,0.2354503417168788
meta-sarpy-ne,2017-04-27,3,22.668844890257947,0.3342683590267127,0.9734213118520006,0.2194040625140588
meta-sarpy-ne,2017-04-27,4,23.376679385923687,0.3019619208976925,0.9737669702089377,0.2183467251574574
meta-sarpy-ne,2017-05-13,0,31.4657185402792,0.266058079283792,0.9722000208830816,0.2017598123406869
meta-sarpy-ne,2017-05-13,1,33.56760951144257,0.3602611436790597,0.9748865335464734,0.2096341576365744
meta-sarpy-ne,2017-05-13,2,34.74001327060214,0.2974359106973268,0.9737543436560816,0.2144326248943735
meta-sarpy-ne,2017-05-13,3,33.99400194236762,0.3671812982165426,0.9744141292760058,0.204329220396539
meta-sarpy-ne,2017-05-13,4,34.16739102047872,0.3496366823640016,0.9744174384152262,0.2069193014153123
meta-sarpy-ne,2017-05-29,0,30.450864141221373,0.2655643347611647,0.9723027302359776,0.2385428367313891
meta-sarpy-ne,2017-05-29,1,31.165800538155608,0.3665648733910375,0.975030087430994,0.2378611302724692
meta-sarpy-ne,2017-05-29,2,32.163694240380174,0.3143348246128805,0.9736722003879692,0.2375485974727336
meta-sarpy-ne,2017-05-29,3,32.41443766746523,0.3701576475084313,0.9751484151261428,0.2296968940571552
meta-sarpy-ne,2017-05-29,4,32.47605247503138,0.3533778417892299,0.9740075922825168,0.2280305210212804
meta-sarpy-ne,2017-06-14,0,30.138455663921544,0.2941394421035972,0.9723571170451336,0.155196209476527
meta-sarpy-ne,2017-06-14,1,30.85479152602435,0.4639880096971894,0.976627083875616,0.1792504175585058
meta-sarpy-ne,2017-06-14,2,30.546621255261417,0.4611431637118209,0.976327943830056,0.1776268875329111
meta-sarpy-ne,2017-06-14,3,30.489091873981952,0.5151319583777635,0.9766625672379112,0.1749388122745585
meta-sarpy-ne,2017-06-14,4,30.729119946555155,0.5055829886516333,0.9768866343240936,0.1756226085148509
meta-sarpy-ne,2017-06-30,0,29.364577416201374,0.2975966275189695,0.9721304016815416,0.1591743295465529
meta-sarpy-ne,2017-06-30,1,29.26679499229806,0.613629503258293,0.9784215639509204,0.1755491088931888
meta-sarpy-ne,2017-06-30,2,28.5984594625784,0.6574823126129122,0.9787881363462984,0.1774706761308047
meta-sarpy-ne,2017-06-30,3,28.709715837693267,0.661989547218845,0.978485679126424,0.1803887519949982
meta-sarpy-ne,2017-06-30,4,29.285762389348022,0.6390655879408685,0.9783657552500808,0.1802644782048951
meta-sarpy-ne,2017-07-16,0,42.210744634377214,0.2791271866885277,0.9724263562653768,0.2201188284455044
meta-sarpy-ne,2017-07-16,1,36.999810768984545,0.6859877670905598,0.980306399329288,0.1928546494340206
meta-sarpy-ne,2017-07-16,2,34.83708486099012,0.7834151180335176,0.9815024489749582,0.2061200602564323
meta-sarpy-ne,2017-07-16,3,36.06457932877357,0.7196326705639028,0.9799340704843232,0.1966225197285064
meta-sarpy-ne,2017-07-16,4,36.35181728468957,0.7021021317106093,0.9800135135736504,0.1914640263409633
meta-sarpy-ne,2017-08-01,0,30.562605347090535,0.2642001807213303,0.9708926637236605,0.280410618368452
meta-sarpy-ne,2017-08-01,1,27.646597740035716,0.6309712615018057,0.9781522309852704,0.2113785617046053
meta-sarpy-ne,2017-08-01,2,24.94164112777821,0.8597025876891067,0.9823469437409524,0.2139760403138108
meta-sarpy-ne,2017-08-01,3,26.0272273141743,0.7698136875297098,0.9722152558421236,0.1982329106876336
meta-sarpy-ne,2017-08-01,4,25.20132816559715,0.8747254311266501,0.9757405514872364,0.2214915470015736
meta-sarpy-ne,2017-08-17,0,33.03103595069413,0.2792874114439631,0.9724010317290755,0.2119482204985023
meta-sarpy-ne,2017-08-17,1,29.546641373586517,0.6722942350896348,0.979934550718235,0.1879418661395714
meta-sarpy-ne,2017-08-17,2,26.483157600056927,0.8183032965774834,0.98189881356894,0.2059195887516911
meta-sarpy-ne,2017-08-17,3,28.131293115370877,0.7193401561474434,0.9797693569364432,0.1883259432434317
meta-sarpy-ne,2017-08-17,4,28.180267562056994,0.7114844344956437,0.9800052699742764,0.1876927747453104
meta-sarpy-ne,2017-09-02,0,34.79350801982759,0.3592151028079798,0.9737511517473671,0.1978592622593908
meta-sarpy-ne,2017-09-02,1,30.86933522729796,0.6759272708709664,0.979865802799084,0.1849330729154546
meta-sarpy-ne,2017-09-02,2,28.715724055156453,0.7709089898998494,0.9812564905781757,0.1994581926506963
meta-sarpy-ne,2017-09-02,3,30.09197447080177,0.6951099016312079,0.9792241321311492,0.1835060520674983
meta-sarpy-ne,2017-09-02,4,30.154900456462943,0.6813292131390147,0.979277257086654,0.1824049478093707
meta-sarpy-ne,2017-10-20,0,24.19467433451657,0.2531946747644283,0.971941627700046,0.1852454080995149
meta-sarpy-ne,2017-10-20,1,25.151397952440263,0.3718090940104939,0.9748924406564592,0.1639107672268669
meta-sarpy-ne,2017-10-20,2,25.549108383889447,0.3294772160967279,0.9741051420550249,0.1648026075148703
meta-sarpy-ne,2017-10-20,3,23.39610216489221,0.3572442833380831,0.9739675201638016,0.1629069811410331
meta-sarpy-ne,2017-10-20,4,20.393503745182944,0.3512705485900889,0.9742705593172588,0.1569293922467211
meta-sarpy-ne,2017-11-05,0,10.36303717781707,0.2256372164148717,0.9709486476871568,0.1315364402835294
meta-sarpy-ne,2017-11-05,1,10.671036962439082,0.3361447958519604,0.9742745658214144,0.147874211277051
meta-sarpy-ne,2017-11-05,2,11.336388093834334,0.2869034411212922,0.973478172507926,0.178713139187407
meta-sarpy-ne,2017-11-05,3,10.527194101802596,0.3149117832819106,0.9734854536646456,0.1770092399026246
meta-sarpy-ne,2017-11-05,4,10.238205066526229,0.3065187755344739,0.9737797018310062,0.1894721885603751
meta-sarpy-ne,2017-11-21,0,4.010463194186217,0.2025071453284045,0.9712660339150032,0.180864586895313
meta-sarpy-ne,2017-11-21,1,3.540717253719704,0.2993031335722184,0.9743324108488676,0.1818524849181545
meta-sarpy-ne,2017-11-21,2,3.3129839234553686,0.2636521699373599,0.9734501364849616,0.1821291035941633
meta-sarpy-ne,2017-11-21,3,3.286813219136299,0.2938759719223087,0.9735002323079224,0.1738091469509815
meta-sarpy-ne,2017-11-21,4,3.2981747166780586,0.285220084683615,0.9738601629602396,0.1741674998195956
meta-sarpy-ne,2017-12-07,0,-0.7819795154439142,0.1873271255255629,0.971225561511808,0.1900434685665924
meta-sarpy-ne,2017-12-07,1,-0.3482998740828938,0.2717489557263515,0.9740886668644124,0.1877933324194977
meta-sarpy-ne,2017-12-07,2,-0.1995268198385335,0.2438655743105562,0.97330869357069,0.1851520259813352
meta-sarpy-ne,2017-12-07,3,-0.6012466080146007,0.2685606164297819,0.9733019916074028,0.1769437508151285
meta-sarpy-ne,2017-12-07,4,-0.5773760187474488,0.2591793718217968,0.973678580214938,0.1770265056011249
meta-sarpy-ne,2018-01-08,0,2.137302942438135,0.2213138285727815,0.9775350743017254,0.2229262998098995
meta-sarpy-ne,2018-01-08,1,1.631836407209771,0.1371692680897638,0.9834753274424496,0.3445118690049211
meta-sarpy-ne,2018-01-08,2,1.7036361559382085,0.1025095941690948,0.9828227590215118,0.349556731819433
meta-sarpy-ne,2018-01-08,3,1.372487079443011,0.1281405096570671,0.9836051089251812,0.3398467473442557
meta-sarpy-ne,2018-01-08,4,1.341245598157088,0.1193581222214175,0.984626035702026,0.3559112104122706
meta-sarpy-ne,2018-01-24,0,-3.573967225265971,-0.02451588263616,0.989676699020324,0.6915021186609582
meta-sarpy-ne,2018-01-24,1,-4.367058288304342,-0.0344504996211354,0.9903185213714528,0.8331787612778077
meta-sarpy-ne,2018-01-24,2,-4.638004606676155,-0.0380498468966919,0.9903429614006788,0.8659489714832638
meta-sarpy-ne,2018-01-24,3,-4.537719584998648,-0.025711631988293,0.9902223724714304,0.7869151533952924
meta-sarpy-ne,2018-01-24,4,-4.384622611737835,-0.0313436750061476,0.9902174745998228,0.7853421634581109
meta-sarpy-ne,2018-02-25,0,1.2468992001843084,0.1192335779157506,0.9857600921453288,0.2803385616210467
meta-sarpy-ne,2018-02-25,1,1.924504150620252,0.214717389204618,0.9845365935645974,0.2267905102493018
meta-sarpy-ne,2018-02-25,2,1.440086645221139,0.1563340833024757,0.985956090432075,0.2850855764486483
meta-sarpy-ne,2018-02-25,3,1.7041388314375343,0.1821363732064509,0.9837986931379888,0.2873665176356019
meta-sarpy-ne,2018-02-25,4,1.8814482639394792,0.1722083114240213,0.9839241407625794,0.2898985241933278
meta-sarpy-ne,2018-03-13,0,12.634885865531846,0.148364066723152,0.9707670492205158,0.172300633428094
meta-sarpy-ne,2018-03-13,1,13.594236733672297,0.2117197018463267,0.9732089956234083,0.1856398991475634
meta-sarpy-ne,2018-03-13,2,13.598932139164631,0.2008983110400655,0.9726117916629656,0.1831834620200659
meta-sarpy-ne,2018-03-13,3,13.381603514012168,0.2114311909093624,0.9725206395538284,0.1789182061906737
meta-sarpy-ne,2018-03-13,4,13.458058854556208,0.1988094499475231,0.9728831186969656,0.1792707045157768
meta-sarpy-ne,2018-04-30,3,15.847484788383111,0.3992061562866596,0.9779788087623278,0.1865162071364196
meta-sarpy-ne,2018-04-30,4,22.817429294757844,0.2656284263760526,0.9751743309927492,0.1840138267450867
meta-sarpy-ne,2018-05-16,0,39.872430219269845,0.2036854825333752,0.9713186853645904,0.2194790775732611
meta-sarpy-ne,2018-05-16,1,40.71535292270431,0.3514831297943266,0.9747788824857608,0.2009557786524196
meta-sarpy-ne,2018-05-16,2,42.78593784568377,0.3008097753395877,0.9738488351459464,0.203938730214279
meta-sarpy-ne,2018-05-16,3,41.010286842737344,0.3588843297865193,0.9741830653884715,0.1954488739475063
meta-sarpy-ne,2018-05-16,4,40.83972008412021,0.3366151505649213,0.9742803809368784,0.1955426473443668
meta-sarpy-ne,2018-06-01,0,46.03997794743325,0.2068181131236091,0.9713738135231568,0.2401864591289029
meta-sarpy-ne,2018-06-01,1,46.4074464812251,0.3798605737902231,0.9753124975029828,0.2049003841807775
meta-sarpy-ne,2018-06-01,2,47.54205463252023,0.3895667226522403,0.9753359596490808,0.206007575508415
meta-sarpy-ne,2018-06-01,3,46.14552903301751,0.4162777946787168,0.975216598243553,0.2005741718730728
meta-sarpy-ne,2018-06-01,4,45.861477102696874,0.3851722714081681,0.9750961828500972,0.2007251247694901
meta-sarpy-ne,2018-07-03,0,38.370178634673195,0.2999596218997756,0.9729589075424236,0.229327448653359
meta-sarpy-ne,2018-07-03,1,35.79100916860082,0.5903356915680326,0.9788348184289076,0.2028755576571797
meta-sarpy-ne,2018-07-03,2,32.33734281215206,0.7791456730442936,0.9816282740425016,0.20828347143481
meta-sarpy-ne,2018-07-03,3,33.40239064344305,0.7152811992155224,0.9799511194757616,0.2045044588892078
meta-sarpy-ne,2018-07-03,4,33.85613797604735,0.6877667495461055,0.9797076571500128,0.2026148734502326
meta-sarpy-ne,2018-07-19,0,34.27864548551385,0.2670409073465886,0.972193106767025,0.1987544342699659
meta-sarpy-ne,2018-07-19,1,31.48203684083544,0.6767921594265698,0.9799635143192676,0.188252764794378
meta-sarpy-ne,2018-07-19,2,30.094745446517873,0.8221083622717954,0.9820697722277196,0.2011494312850626
meta-sarpy-ne,2018-07-19,3,30.94434530208953,0.7580304184898893,0.9803746481204176,0.1978301916192904
meta-sarpy-ne,2018-07-19,4,31.399510240762623,0.7351671812264644,0.980428227551011,0.1980631555881501
meta-sarpy-ne,2018-09-21,0,17.713811543379336,0.4124570501523475,0.9748480450021646,0.1450760795188664
meta-sarpy-ne,2018-09-21,1,16.112601978823438,0.5157976711901033,0.9768020995800843,0.1384033950401878
meta-sarpy-ne,2018-09-21,2,15.417123263823749,0.4416201964243507,0.9746853873832332,0.1542924268404565
meta-sarpy-ne,2018-09-21,3,14.905763290185112,0.4596738968605833,0.9743495809202162,0.1580114983487896
meta-sarpy-ne,2018-09-21,4,12.975474613328336,0.5392806838824393,0.9753747509385656,0.1795590110782279
meta-sarpy-ne,2018-10-23,0,18.091517817942844,0.2015378356553566,0.9713181528460012,0.2079057755460017
meta-sarpy-ne,2018-10-23,1,18.808195838663657,0.3630222392444058,0.975031662802594,0.1643870292716839
meta-sarpy-ne,2018-10-23,2,19.11443837542449,0.3188012439323872,0.974070267756912,0.1637130379526336
meta-sarpy-ne,2018-10-23,3,18.262563590250352,0.3645530145002763,0.9741050324639976,0.1533646083686504
meta-sarpy-ne,2018-10-23,4,18.647386084334865,0.3429529304754924,0.9743717993514096,0.1559110240781746
meta-sarpy-ne,2018-12-10,0,-4.009742073706729,0.0320706336266528,0.9836202933619111,0.4588421361512382
meta-sarpy-ne,2018-12-10,1,-4.996816710715615,-0.0152656602765269,0.9887086918951304,0.7197257704261808
meta-sarpy-ne,2018-12-10,2,-5.410557173317741,-0.0263896501105052,0.9899854486030694,0.7739269403983894
meta-sarpy-ne,2018-12-10,3,-5.213691151984987,0.001639877541338,0.9889674704488746,0.6711394735385917
meta-sarpy-ne,2018-12-10,4,-4.970023810187982,-0.0020939965425684,0.9885834639913474,0.6636954362917974
meta-sarpy-ne,2019-02-12,0,-7.358760273193269,-0.0230985129187301,0.9896786688397314,0.6749788917828569
meta-sarpy-ne,2019-02-12,1,-8.730357233880053,-0.0344939365404655,0.9903635707670232,0.8436817096564304
meta-sarpy-ne,2019-02-12,2,-9.052135855596074,-0.0343096352090443,0.9903817654191942,0.8645435267061963
meta-sarpy-ne,2019-02-12,3,-8.875056132039,-0.0278707729615294,0.9903062222254404,0.8065327890851498
meta-sarpy-ne,2019-02-12,4,-8.793838580645852,-0.0291263873579773,0.990291203727245,0.8090497094505373
meta-sarpy-ne,2019-03-16,0,12.954254457792496,0.1334457468612861,0.9704757937841064,0.1883386863721549
meta-sarpy-ne,2019-03-16,1,11.890218369758518,0.2473759476697653,0.9737960799832932,0.1573574675672001
meta-sarpy-ne,2019-03-16,2,12.044691345588683,0.2366384609773798,0.9732993463120148,0.1592887813247427
meta-sarpy-ne,2019-03-16,3,12.077735635042997,0.2368159783447589,0.973037821952447,0.1531642357730631
meta-sarpy-ne,2019-03-16,4,12.09963199800078,0.2280874177757253,0.9734791558494902,0.152356087789501
meta-sarpy-ne,2019-04-01,0,15.529006884787494,0.1360155242017094,0.970586085511679,0.2131003210148613
meta-sarpy-ne,2019-04-01,1,15.610184389648456,0.2319637259799328,0.973555416411922,0.1909500530147567
meta-sarpy-ne,2019-04-01,2,15.830620278151418,0.2157322861295769,0.9729325690992032,0.1943631415912942
meta-sarpy-ne,2019-04-01,3,15.409615915215156,0.2233766298738202,0.972677860027973,0.1864548592399681
meta-sarpy-ne,2019-04-01,4,14.764870117066977,0.216089892005486,0.9729769886110188,0.1866299779031739
meta-sarpy-ne,2019-05-03,3,15.93028640750002,0.3778062171644579,0.9751625,0.1274964328125
meta-sarpy-ne,2019-05-03,4,18.004335641484772,0.4456885162960885,0.975637965358474,0.2368497294250164
meta-sarpy-ne,2019-06-04,0,23.74778318446769,0.3313559050682389,0.9733134286529836,0.2241020476072022
meta-sarpy-ne,2019-06-04,1,22.082528825639564,0.4159743231532808,0.9755287628395198,0.1884984934672386
meta-sarpy-ne,2019-06-04,2,24.546056900875293,0.3767836650145214,0.9747430536026644,0.1878004085607542
meta-sarpy-ne,2019-06-04,3,26.951332830332344,0.4442759436098762,0.975094155896787,0.1828384430088592
meta-sarpy-ne,2019-06-04,4,27.2473103113574,0.4118344610700282,0.9748263854957846,0.1854354458575184
meta-sarpy-ne,2019-07-06,0,41.00983803158061,0.3126138161393847,0.9725680634119316,0.2130087757543097
meta-sarpy-ne,2019-07-06,1,36.96702685116865,0.5598440265307739,0.9781771740274822,0.1974696669184515
meta-sarpy-ne,2019-07-06,2,33.73688622821016,0.5881995887780276,0.9783990458994408,0.2048313737221455
meta-sarpy-ne,2019-07-06,3,31.585507821492847,0.6449813922763803,0.9790254600908618,0.1971492796673758
meta-sarpy-ne,2019-07-06,4,32.159834855103156,0.6511244503723784,0.9788488851606172,0.1943024616172594
meta-sarpy-ne,2019-07-22,0,33.492811522912625,0.2795096691339369,0.9721914270408678,0.2442767704440832
meta-sarpy-ne,2019-07-22,1,30.103891562714587,0.5816420827664558,0.9784281569883256,0.1923864476529879
meta-sarpy-ne,2019-07-22,2,28.40777588152255,0.6986026908870463,0.980041030363392,0.193240473683847
meta-sarpy-ne,2019-07-22,3,28.94719130623185,0.7147159637683961,0.9796464968045842,0.1875469746177429
meta-sarpy-ne,2019-07-22,4,29.34893440164461,0.6889454845294081,0.9796340279692026,0.1872312378004735
meta-sarpy-ne,2019-08-07,1,36.44035581456867,0.5334035749304453,0.9784579566105251,0.1827740846297798
meta-sarpy-ne,2019-08-07,2,33.976976758216054,0.6946818031370666,0.9796224853112236,0.1948003110468784
meta-sarpy-ne,2019-08-07,3,33.82402589681018,0.7239085219679079,0.979903042403274,0.1937797684267299
meta-sarpy-ne,2019-08-07,4,34.081231459329025,0.688742787588729,0.9794098042143607,0.194147280346677
meta-sarpy-ne,2019-08-23,3,14.62830069430892,0.7212018821165014,0.9806883470526274,0.1985411265128611
meta-sarpy-ne,2019-08-23,4,19.446277415116185,0.7151307011218672,0.9810076749630668,0.1807549130386497
meta-sarpy-ne,2019-09-24,0,31.312630697948215,0.3088640414944201,0.9721565546344728,0.2410430463505432
meta-sarpy-ne,2019-09-24,1,30.20418871251522,0.4468685903489848,0.9751388645077644,0.1662139911589615
meta-sarpy-ne,2019-09-24,2,30.578398587797203,0.5230285642672391,0.976125750132272,0.1699808851574137
meta-sarpy-ne,2019-09-24,3,30.5192107972392,0.5318491759271697,0.975923740906414,0.1578665508384929
meta-sarpy-ne,2019-09-24,4,30.476406290145345,0.5067373085440651,0.9759372590985488,0.1605152238351752
meta-sarpy-ne,2019-10-26,0,14.987634686136364,0.2557480585983894,0.97226213897237,0.2279854867440435
meta-sarpy-ne,2019-10-26,1,15.451682823757974,0.3210311416196293,0.9744163830154308,0.1827082083131994
meta-sarpy-ne,2019-10-26,2,16.150751298638816,0.2989164923212177,0.974000109194211,0.1853343248104192
meta-sarpy-ne,2019-10-26,3,15.555142771964384,0.350747175516603,0.9742135496235776,0.1757113182943339
meta-sarpy-ne,2019-10-26,4,15.534063179620112,0.3384106255526849,0.9745630402182056,0.1710059184214183
meta-sarpy-ne,2019-11-27,0,-1.1350737330680405,0.2077623132462202,0.9783741272737744,0.2796941556291817
meta-sarpy-ne,2019-11-27,1,-1.454155073373612,0.210446647656352,0.9827098565366288,0.3368446347986324
meta-sarpy-ne,2019-11-27,2,-1.9582188110516952,0.1034532669936724,0.9858282738800352,0.4503980625108824
meta-sarpy-ne,2019-11-27,3,-1.2194285482141631,0.1969033312040048,0.9838472748392962,0.3621309618041334
meta-sarpy-ne,2019-11-27,4,-1.4065325986230464,0.1552448631420235,0.9869694407614096,0.4077900086569432
meta-sarpy-ne,2019-12-13,0,2.3723027330177104,0.193257548355207,0.9715710348373692,0.1902767049469204
meta-sarpy-ne,2019-12-13,1,3.0855060045904157,0.2402104948065502,0.9738379616981924,0.1918157771058455
meta-sarpy-ne,2019-12-13,2,3.603851175817518,0.2343028194156278,0.9734930166455984,0.1879998499843034
meta-sarpy-ne,2019-12-13,3,3.1565855422122544,0.2625775617806036,0.97350134537987,0.1766922103875358
meta-sarpy-ne,2019-12-13,4,3.341867467582172,0.2602574397335772,0.9740140876708394,0.1776773945243547
meta-sarpy-ne,2020-01-14,0,-1.921501254200383,0.1122237675981997,0.9851885796780478,0.3019099894002561
meta-sarpy-ne,2020-01-14,1,-2.022855703330229,0.1054402797226903,0.9863844936963688,0.3597506593157324
meta-sarpy-ne,2020-01-14,2,-2.19538770462028,0.0779824116404822,0.9881361886554576,0.3949007016213832
meta-sarpy-ne,2020-01-14,3,-2.1976814770205744,0.1195932434266618,0.98635638903176,0.3549684268167045
meta-sarpy-ne,2020-01-14,4,-1.9899400276789776,0.1143838875028425,0.9861342806652772,0.3516347799200541
meta-sarpy-ne,2020-02-15,0,8.380960498469788,0.1503259443954942,0.970764663960838,0.2243984956600031
meta-sarpy-ne,2020-02-15,1,9.16386877316686,0.187471437039128,0.9728260801821328,0.1993758030764279
meta-sarpy-ne,2020-02-15,2,9.841436590288264,0.1915869482544698,0.9724937227879208,0.1920892110937363
meta-sarpy-ne,2020-02-15,3,9.508274249508991,0.2053089805792348,0.9724972666603724,0.1832951634834121
meta-sarpy-ne,2020-02-15,4,9.596707477262576,0.2023712178210024,0.972921795352847,0.1883751154852533
meta-sarpy-ne,2020-03-02,0,7.482951787515149,0.1893780215684518,0.9715767676767678,0.1023301630185185
meta-sarpy-ne,2020-03-02,1,10.631482583700713,0.2073655771184531,0.9733267631735596,0.2147621826878542
meta-sarpy-ne,2020-03-02,2,11.323470978705398,0.2018532008835357,0.9733045354823978,0.2318451200568332
meta-sarpy-ne,2020-03-02,3,11.210078028460098,0.212144446044053,0.97317477221681,0.2199493333387911
meta-sarpy-ne,2020-03-02,4,11.571450482552386,0.224165750187774,0.9731776593558584,0.2080245777246345
meta-sarpy-ne,2020-04-19,0,25.74055167464113,0.2042769979302494,0.9715647888538808,0.2423615224903528
meta-sarpy-ne,2020-04-19,1,25.644002729380983,0.2495106555043424,0.9735681914908172,0.2094456404000518
meta-sarpy-ne,2020-04-19,2,26.75423346810149,0.241174151694119,0.9731282060051116,0.2019681732438648
meta-sarpy-ne,2020-04-19,3,26.315836329704656,0.2806602345401644,0.9733972367051312,0.19396599190114
meta-sarpy-ne,2020-04-19,4,26.261803299845003,0.2683649228005509,0.97368093752031,0.1960824313688374
meta-sarpy-ne,2020-05-05,0,23.580558705633628,0.2426413235225623,0.97183482798696,0.2384563004517666
meta-sarpy-ne,2020-05-05,1,22.3315296641294,0.3029685807421933,0.9740723142091136,0.2092363278772508
meta-sarpy-ne,2020-05-05,2,22.363846487163688,0.2894610838788898,0.9736888487706244,0.2011773565792592
meta-sarpy-ne,2020-05-05,3,22.31953017621893,0.3462127119223111,0.9740878034150972,0.1897510906540009
meta-sarpy-ne,2020-05-05,4,22.29710815800936,0.3223632564207322,0.974104152063056,0.1942488409787839
meta-sarpy-ne,2020-06-06,0,41.0362207341293,0.3266116139309716,0.9721133608847224,0.2206195265635896
meta-sarpy-ne,2020-06-06,1,39.63272047837237,0.4383037035886839,0.9758894461494432,0.1983373677679872
meta-sarpy-ne,2020-06-06,2,41.17242554321389,0.3979613595372924,0.9751132033452236,0.2105580718905858
meta-sarpy-ne,2020-06-06,3,43.048262043454,0.4324430507845361,0.9749282640479452,0.2048103398213065
meta-sarpy-ne,2020-06-06,4,42.57439052475918,0.4066779464471887,0.9753729672517896,0.2085206944751306
meta-sarpy-ne,2020-06-22,0,38.569293487061614,0.3387228301064706,0.9732306655957944,0.2710868039854734
meta-sarpy-ne,2020-06-22,1,36.604883347186025,0.4577729279067424,0.976154758921341,0.2367033522339311
meta-sarpy-ne,2020-06-22,2,34.61102081544078,0.6034692662033566,0.9775800497970704,0.2156392175533367
meta-sarpy-ne,2020-06-22,3,34.55726164606028,0.5925835555361593,0.9775219888618096,0.213160517337653
meta-sarpy-ne,2020-06-22,4,35.13139947091016,0.5596034425499558,0.9773537986193642,0.2121126122585379
meta-sarpy-ne,2020-07-08,0,42.399684203349885,0.3332933621152949,0.9730898621716574,0.2433954774251045
meta-sarpy-ne,2020-07-08,1,39.61495572280781,0.5330488044266998,0.977839493755941,0.209044228936656
meta-sarpy-ne,2020-07-08,2,36.388512620204146,0.6973291722215376,0.9803009245604944,0.2044415926173964
meta-sarpy-ne,2020-07-08,3,36.785683024623616,0.6927965676245947,0.9796369081861982,0.1980766650182938
meta-sarpy-ne,2020-07-08,4,37.200617623297205,0.65549335066494,0.9793634968397854,0.197201562441525
meta-sarpy-ne,2020-07-24,0,33.72437954632092,0.3646495581941825,0.9704465496130872,0.2849767846864895
meta-sarpy-ne,2020-07-24,1,32.32278138618126,0.6134934969368696,0.9775921746979588,0.2719256077200782
meta-sarpy-ne,2020-07-24,2,32.62834753139702,0.6856316291514205,0.9790131872942373,0.2487849554693044
meta-sarpy-ne,2020-07-24,3,33.17981207605727,0.710298431521308,0.9799844433522676,0.2395834656931933
meta-sarpy-ne,2020-07-24,4,33.81788003731424,0.6553179588095761,0.9785964186104334,0.2405346053944911
meta-sarpy-ne,2020-08-09,0,35.038937974089485,0.3666839972392076,0.9734385956607862,0.2271266039599695
meta-sarpy-ne,2020-08-09,1,31.27305505382969,0.658889090074764,0.9793728451099228,0.1958425167084253
meta-sarpy-ne,2020-08-09,2,29.796239316918907,0.7900590445596684,0.9811929608516816,0.1965865991423895
meta-sarpy-ne,2020-08-09,3,30.37041311412604,0.7608671977533397,0.980215030279479,0.1953942411060065
meta-sarpy-ne,2020-08-09,4,30.743658079926437,0.7266330160576017,0.9802788685564432,0.1962309090007411
meta-sarpy-ne,2020-08-25,0,39.63513466878352,0.3605522517180828,0.973763487293098,0.2262890320703533
meta-sarpy-ne,2020-08-25,1,37.26823731634636,0.5691801914955128,0.9783059748361052,0.1939302970928649
meta-sarpy-ne,2020-08-25,2,35.597784373361314,0.6793684657037161,0.979639301073946,0.1852188819398945
meta-sarpy-ne,2020-08-25,3,35.977219226195814,0.6751796563260406,0.9791362140782068,0.1810827026916628
meta-sarpy-ne,2020-08-25,4,35.99289236019269,0.6532051802263744,0.9792584391027636,0.1817560033593309
meta-sarpy-ne,2020-09-26,0,16.70011155405744,0.3025040881521884,0.9725297052761552,0.1971418115786021
meta-sarpy-ne,2020-09-26,1,17.602102376632793,0.3358033412435504,0.9744276198161184,0.1739681094763925
meta-sarpy-ne,2020-09-26,2,19.417250994836973,0.3439398629959055,0.974351614016634,0.1666038040288498
meta-sarpy-ne,2020-09-26,3,21.122495731846033,0.3800292486917853,0.9744287465090256,0.158183376399898
meta-sarpy-ne,2020-09-26,4,20.9362708770556,0.3780265680679006,0.9746053503873788,0.162640790459645
meta-sarpy-ne,2020-10-12,0,22.04829925969578,0.3156225316827855,0.9728072800239684,0.2123357564610101
meta-sarpy-ne,2020-10-12,1,21.92224598624174,0.3436946724317263,0.9745469484918023,0.1792613530135689
meta-sarpy-ne,2020-10-12,2,21.52551250708106,0.3483357219729953,0.9745485429008812,0.1786043430390712
meta-sarpy-ne,2020-10-12,3,21.459735765164893,0.3836525474286503,0.9744909456284372,0.1665658566694797
meta-sarpy-ne,2020-10-12,4,21.58223457625341,0.3625609551805291,0.9747354458344386,0.1691968563647331
meta-sarpy-ne,2020-10-28,0,10.919803951015936,0.2844099357898393,0.9719051998874112,0.2054509673344224
meta-sarpy-ne,2020-10-28,1,11.357924731875237,0.286456818677453,0.9732460168389366,0.1916224693219044
meta-sarpy-ne,2020-10-28,2,11.454642393537265,0.2835932948690833,0.9729902970632224,0.1915420468928374
meta-sarpy-ne,2020-10-28,3,11.32728744851611,0.3203724777486488,0.9730719234637986,0.1736848465593045
meta-sarpy-ne,2020-10-28,4,11.396254931117715,0.3110506344856503,0.9734578461911516,0.1732307165523985
meta-sarpy-ne,2020-11-29,0,5.051873139618492,0.2630748063608645,0.9723168916894408,0.2101744800821248
meta-sarpy-ne,2020-11-29,1,5.001771154003573,0.2576802260536105,0.973509116842318,0.1863485719136471
meta-sarpy-ne,2020-11-29,2,4.83970764349145,0.243106762678642,0.9729057945400492,0.1779058257831634
meta-sarpy-ne,2020-11-29,3,4.902803216790179,0.2736478982139199,0.9730585263148568,0.1703622346543085
meta-sarpy-ne,2020-11-29,4,4.932863565999609,0.266809581722792,0.973429585613312,0.1694148419527193
meta-sarpy-ne,2020-12-31,0,-7.331425966569979,-0.0473013796265044,0.989034749448427,0.7294165596367818
meta-sarpy-ne,2020-12-31,1,-7.8135550707661325,-0.0451223440028915,0.9900840885427694,0.8452603609543314
meta-sarpy-ne,2020-12-31,2,-8.141112721376302,-0.048588969960353,0.990149751788488,0.8784187158095821
meta-sarpy-ne,2020-12-31,3,-8.119670552681237,-0.0356034740702376,0.9901122606256488,0.8069548046157539
meta-sarpy-ne,2020-12-31,4,-7.916666940268391,-0.0393072891661584,0.990014597385076,0.8159927034912344
meta-sarpy-ne,2021-03-05,0,17.411668575152042,0.1776475980558791,0.971389136711548,0.2128001301535587
meta-sarpy-ne,2021-03-05,1,17.51204847177388,0.1992227249326718,0.9729322204701067,0.1834121131483207
meta-sarpy-ne,2021-03-05,2,17.755113058435782,0.2049915852190511,0.9726708940684264,0.1748631307605175
meta-sarpy-ne,2021-03-05,3,17.182705668698983,0.2212779900338382,0.9726232034394714,0.1622362483970981
meta-sarpy-ne,2021-03-05,4,16.79304571475466,0.2190313763819172,0.9730655512174023,0.1609176543255865
meta-sarpy-ne,2021-03-21,0,20.67848719068001,0.2160346039249628,0.9718688256444232,0.2253891752999425
meta-sarpy-ne,2021-03-21,1,21.051478809032663,0.2180639270288175,0.973267031937628,0.2091307045260432
meta-sarpy-ne,2021-03-21,2,21.672339007149382,0.2144252556585758,0.9728645397216236,0.2001047599160657
meta-sarpy-ne,2021-03-21,3,21.42347615438062,0.2394460283698064,0.9729447488187816,0.1875968747444766
meta-sarpy-ne,2021-03-21,4,21.17838812939559,0.2326052114160533,0.9733303446437468,0.189655050537093
meta-sarpy-ne,2021-04-06,2,5.092988243060295,0.4479960419509083,0.968408384677203,0.1432257634547281
meta-sarpy-ne,2021-04-06,3,17.555038050351172,0.3694168777257507,0.9737323256572258,0.1772375296077905
meta-sarpy-ne,2021-04-06,4,18.29273800077889,0.3735040763376983,0.9746702050546991,0.1517261798721245
meta-sarpy-ne,2021-04-22,0,20.00087394951223,0.335013148637267,0.9739359995217608,0.1664007996474973
meta-sarpy-ne,2021-04-22,1,23.12677144530984,0.195660534943442,0.9721435194640012,0.2330429519918578
meta-sarpy-ne,2021-04-22,2,22.805109358268187,0.283282812998974,0.9737880442395008,0.2237136377820806
meta-sarpy-ne,2021-04-22,3,23.242773991098073,0.3314995564559653,0.9748866610049188,0.2064773258627921
meta-sarpy-ne,2021-04-22,4,23.094960584790467,0.324617635296732,0.9745248035424712,0.2056142720064553
meta-sarpy-ne,2021-06-09,0,44.358151334463145,0.3192619258026339,0.9730413080980947,0.2428401388255876
meta-sarpy-ne,2021-06-09,1,44.14887077476027,0.3678366699594636,0.9752841581566276,0.2256305351358264
meta-sarpy-ne,2021-06-09,2,45.219861900008176,0.3679893919110509,0.9750965613206656,0.2179626801065382
meta-sarpy-ne,2021-06-09,3,43.98193951522867,0.4409299936566812,0.9757746336513478,0.2076326429922135
meta-sarpy-ne,2021-06-09,4,43.1902493801256,0.4158174794193327,0.975403968743322,0.2031674262738779
meta-sarpy-ne,2021-07-11,0,29.096476811888596,0.3860195455548699,0.9737659169942874,0.2519434705778027
meta-sarpy-ne,2021-07-11,1,25.53185477211464,0.5284253462791237,0.9774849447840742,0.2033109123934296
meta-sarpy-ne,2021-07-11,2,24.164184254112573,0.6425195280181993,0.980079429150087,0.2242101221625339
meta-sarpy-ne,2021-07-11,3,23.561446544820907,0.7025671669706228,0.9783973259181904,0.2148684686139711
meta-sarpy-ne,2021-07-11,4,22.521811748741005,0.692912406625427,0.9801067386703786,0.2000249572463052
meta-sarpy-ne,2021-07-27,0,42.92157110905422,0.3631819752679526,0.973698578588484,0.226591873824589
meta-sarpy-ne,2021-07-27,1,39.97471076956021,0.4994207186525489,0.9772684850511828,0.2066248863595662
meta-sarpy-ne,2021-07-27,2,37.02288310354346,0.6666097388223637,0.9797325548270928,0.2126674904944289
meta-sarpy-ne,2021-07-27,3,36.345126043304376,0.706783198512669,0.979383312410217,0.1951332279150365
meta-sarpy-ne,2021-07-27,4,36.87768109333184,0.6731796550101847,0.9793273768104696,0.1915996312890469
meta-sarpy-ne,2021-08-12,0,37.11798258373977,0.37353470323088,0.9733503345832905,0.2254962892702268
meta-sarpy-ne,2021-08-12,1,34.25032786528147,0.4767653632326362,0.9765604815765432,0.212183176666639
meta-sarpy-ne,2021-08-12,2,31.97362711241925,0.6571659126358746,0.9790557021688738,0.2117753218404237
meta-sarpy-ne,2021-08-12,3,31.567800327545537,0.7060391233176705,0.9789513564743556,0.1980688199272843
meta-sarpy-ne,2021-08-12,4,32.230315506871705,0.6453059107679411,0.9784067892502726,0.1949573603352347
meta-sarpy-ne,2021-08-28,0,39.90225491642424,0.373462068187019,0.973158264706682,0.2324594348347092
meta-sarpy-ne,2021-08-28,1,37.90655192028398,0.4634459647649513,0.976102404402017,0.2085408023894012
meta-sarpy-ne,2021-08-28,2,35.703209300570364,0.6475557419017082,0.9785392088328676,0.2059633534019449
meta-sarpy-ne,2021-08-28,3,35.294365843375274,0.6920267826147527,0.9782929914048784,0.1901426644068879
meta-sarpy-ne,2021-08-28,4,35.54010689191777,0.6617417832394142,0.9783083671275,0.1879335982560944
meta-sarpy-ne,2021-09-13,0,31.804375125195644,0.4003830061728193,0.9741654380453424,0.2209134974340254
meta-sarpy-ne,2021-09-13,1,30.43795822263175,0.4402336243882438,0.9763379708771956,0.1973128059753016
meta-sarpy-ne,2021-09-13,2,28.91683933240987,0.5695855419426483,0.978210449360844,0.1945219471880142
meta-sarpy-ne,2021-09-13,3,28.097197495028222,0.6267193195197293,0.9781382776387906,0.1798701614844504
meta-sarpy-ne,2021-09-13,4,27.917663749857848,0.6127528514405131,0.9783459860761756,0.1782802772551613
meta-sarpy-ne,2021-10-15,0,18.98341104464062,0.3332974747502291,0.9730941786139068,0.2178215460987452
meta-sarpy-ne,2021-10-15,1,17.733429089380717,0.3257155545344651,0.9744123133932188,0.1863758295182635
meta-sarpy-ne,2021-10-15,2,18.033689774814047,0.3634877574720427,0.9747427072697024,0.1767917715162553
meta-sarpy-ne,2021-10-15,3,17.338824635905546,0.3987758071481029,0.9750884032944376,0.167736350943663
meta-sarpy-ne,2021-10-15,4,16.672066952337566,0.3880755489029091,0.9753881184594608,0.16917621110717
meta-sarpy-ne,2021-12-02,0,18.69163620539457,0.2588617215330948,0.9723892897028232,0.2015785882825141
meta-sarpy-ne,2021-12-02,1,19.31185392002388,0.2488871371851586,0.973535761847976,0.1942418045518383
meta-sarpy-ne,2021-12-02,2,20.74912456304465,0.2792431029450624,0.9735631737102388,0.1809434580236511
meta-sarpy-ne,2021-12-02,3,20.32871138932121,0.2828158926106064,0.973244898347338,0.1727324601102534
meta-sarpy-ne,2021-12-02,4,20.193832279837743,0.2791697166582719,0.9736814435483788,0.1726090550675224
meta-sarpy-ne,2022-02-20,0,18.130886215729827,0.1593447263266663,0.9717110113201428,0.2351392996184388
meta-sarpy-ne,2022-02-20,1,18.366585203644892,0.1786351701338432,0.973149773237756,0.2247772097420602
meta-sarpy-ne,2022-02-20,2,20.13499997506294,0.2143357207801554,0.973175493083849,0.207900769109171
meta-sarpy-ne,2022-02-20,3,19.737729523904022,0.2212100470033666,0.9732805103577762,0.1981123177942514
meta-sarpy-ne,2022-02-20,4,19.83967623535938,0.2166275047385636,0.9734817486962424,0.1979351190578785
meta-sarpy-ne,2022-03-08,0,7.986945092645894,0.1280348003000668,0.971721370047012,0.2483757834314975
meta-sarpy-ne,2022-03-08,1,6.52213580655711,0.1391708166919631,0.9724683258609392,0.2578027489807374
meta-sarpy-ne,2022-03-08,2,6.021087444678755,0.1454624750544135,0.972237559256827,0.2545832903957477
meta-sarpy-ne,2022-03-08,3,6.450395742159215,0.1551691938237857,0.9717742454861148,0.2440545282851217
meta-sarpy-ne,2022-03-08,4,6.709518845826358,0.1513247998136986,0.97208418893712,0.2337341043501806
meta-sarpy-ne,2022-04-09,0,23.44338151584526,0.1730667826958102,0.9711441604547034,0.2461777682962926
meta-sarpy-ne,2022-04-09,1,23.253387592550357,0.188711502530316,0.9727343122151144,0.2271383415237981
meta-sarpy-ne,2022-04-09,2,24.074950009110893,0.2178063487507215,0.972744288146306,0.2133140567746413
meta-sarpy-ne,2022-04-09,3,23.975821654212517,0.227768305069694,0.972677200785083,0.2075981660424727
meta-sarpy-ne,2022-04-09,4,23.82779440548757,0.2172687800286367,0.973011794260221,0.2044164101880591
meta-sarpy-ne,2022-04-25,0,21.646111856939932,0.2326412752389604,0.9717061791223658,0.2295034781388859
meta-sarpy-ne,2022-04-25,1,21.46304428540913,0.2328729626399371,0.973274731506431,0.2306413741960998
meta-sarpy-ne,2022-04-25,2,21.83082842865948,0.2522487946716277,0.973255959978135,0.2184467543032174
meta-sarpy-ne,2022-04-25,3,21.549442384901212,0.2765162116442154,0.973277453343686,0.2106283547223566
meta-sarpy-ne,2022-04-25,4,21.395830224500667,0.2674145264806142,0.973571712306215,0.2062944867841651
meta-sarpy-ne,2022-05-11,0,36.73812876703458,0.289920070287347,0.9726477609704264,0.2529269434833775
meta-sarpy-ne,2022-05-11,1,36.72611400565432,0.2999670798542664,0.9740963164740404,0.2362202239985078
meta-sarpy-ne,2022-05-11,2,36.87609748339081,0.3171291668355598,0.9739900478341266,0.2205276805167265
meta-sarpy-ne,2022-05-11,3,37.99170501411869,0.3340295993330167,0.9737197121673478,0.2052423749158835
meta-sarpy-ne,2022-05-11,4,38.768168955210726,0.3204674775839349,0.9745189440027654,0.2132043442880083
meta-sarpy-ne,2022-05-27,0,32.774067821261525,0.3100252698495188,0.9727223321862748,0.2303221221496067
meta-sarpy-ne,2022-05-27,1,31.43671614398745,0.3477769195711928,0.9745025425076768,0.1953569809086794
meta-sarpy-ne,2022-05-27,2,30.68243163072953,0.3477347678088107,0.9743814788365868,0.1833269320729619
meta-sarpy-ne,2022-05-27,3,31.16318272800405,0.3835239302385992,0.9744263610921486,0.1831702595533759
meta-sarpy-ne,2022-05-27,4,31.061289957058136,0.3663426413104801,0.9746597477980296,0.1794742255432204
meta-sarpy-ne,2022-06-28,0,40.23219293880787,0.3098154987835882,0.9728233132371484,0.2428958480502805
meta-sarpy-ne,2022-06-28,1,39.65757920624206,0.3726331623052228,0.9753514783864136,0.222795247121505
meta-sarpy-ne,2022-06-28,2,37.14406235871687,0.5163311403480537,0.97756623570448,0.2111997961040637
meta-sarpy-ne,2022-06-28,3,37.124816411506835,0.5601141854413573,0.9773461886177952,0.2021148473807507
meta-sarpy-ne,2022-06-28,4,37.2647295687138,0.5447609160866307,0.9774833032994604,0.1969221893612462
meta-sarpy-ne,2022-07-14,0,38.72322042600581,0.3244821439775389,0.9729316190341756,0.2320248050569659
meta-sarpy-ne,2022-07-14,1,36.046531379996,0.4510148957111141,0.9764055060467998,0.2058133986138669
meta-sarpy-ne,2022-07-14,2,33.54834081037126,0.5909505436348016,0.9786496015870472,0.2057545522898596
meta-sarpy-ne,2022-07-14,3,33.940095862356536,0.6412397965490777,0.9786130231747006,0.2013791226379293
meta-sarpy-ne,2022-07-14,4,33.835379251243495,0.6419835401953431,0.9790317397757846,0.1970152447866669
meta-sarpy-ne,2022-07-30,0,41.647521137551486,0.2711092044353055,0.9722514273132542,0.2449792634804378
meta-sarpy-ne,2022-07-30,1,39.1246487796797,0.4358614488126878,0.9764511887322432,0.2142461531718457
meta-sarpy-ne,2022-07-30,2,35.95034605971389,0.5819536727010696,0.978557479504243,0.2047903708219711
meta-sarpy-ne,2022-07-30,3,35.57758512005727,0.6311053718269115,0.97833096685901,0.1969359625253407
meta-sarpy-ne,2022-07-30,4,35.53506734848889,0.6143603997928004,0.9786814448293804,0.1912840913815041
meta-sarpy-ne,2022-08-31,0,37.21424704829354,0.3345044345835953,0.9730908023643264,0.2228758767854919
meta-sarpy-ne,2022-08-31,1,34.81316200104104,0.5035329543396591,0.9773345909370847,0.198227470453965
meta-sarpy-ne,2022-08-31,2,33.537423093744266,0.570533571948688,0.9784259928442244,0.1837044936903905
meta-sarpy-ne,2022-08-31,3,33.23361972032276,0.6292952702579454,0.9783121545518664,0.1768045463484344
meta-sarpy-ne,2022-08-31,4,33.23279144246218,0.6220455832065255,0.9787056787227456,0.1735783456985433
meta-sarpy-ne,2022-09-16,0,34.346751901151876,0.3390827095818279,0.9733368645414348,0.2239867364015837
meta-sarpy-ne,2022-09-16,1,33.82113179052418,0.4450941727296065,0.976435700703499,0.1947324131804278
meta-sarpy-ne,2022-09-16,2,32.1558719931393,0.4591584333574788,0.976345085343114,0.1545528938023483
meta-sarpy-ne,2022-09-16,3,31.737236958793765,0.5109616024302739,0.9765248388451948,0.1707928595682364
meta-sarpy-ne,2022-09-16,4,32.7646078293044,0.4996412727606074,0.9766890253602468,0.1804021295182991
meta-sarpy-ne,2022-10-02,0,31.114046156802623,0.3186027246630165,0.9729996281903428,0.22518596911077
meta-sarpy-ne,2022-10-02,1,31.40107044689735,0.3589539476007664,0.9749695656162212,0.2038761056535231
meta-sarpy-ne,2022-10-02,2,30.38564119741484,0.3750846439891273,0.9752536632972038,0.1947036376885586
meta-sarpy-ne,2022-10-02,3,30.71281835168378,0.4134993533381016,0.9750943822070136,0.1808143086825379
meta-sarpy-ne,2022-10-02,4,31.055308086432152,0.3984317830285422,0.9753403095508624,0.1781943592863775
meta-sarpy-ne,2022-10-18,0,11.57735113856154,0.2979001208256079,0.9728083550487115,0.2191243788367899
meta-sarpy-ne,2022-10-18,1,11.611195146571644,0.295650458386977,0.9742178490326256,0.2139955307794808
meta-sarpy-ne,2022-10-18,2,10.704458000837564,0.2971386217753593,0.9742787444655352,0.217967260066579
meta-sarpy-ne,2022-10-18,3,11.040555782725711,0.3380227175245131,0.9742718141352488,0.1979459962138077
meta-sarpy-ne,2022-10-18,4,11.370780041634864,0.3290045695271019,0.974653165618927,0.1962251794149009
meta-sarpy-ne,2022-12-05,0,-0.4925859643572876,0.1904759577675356,0.971643725131681,0.2197289120881095
meta-sarpy-ne,2022-12-05,1,0.1336079864296537,0.1974615000452309,0.9728815372042428,0.2081988471868005
meta-sarpy-ne,2022-12-05,2,0.346644569253943,0.2083878128844014,0.9735087112460944,0.2218432529539918
meta-sarpy-ne,2022-12-05,3,0.2386601797374456,0.2273524772998736,0.9735268291460484,0.2021980980856437
meta-sarpy-ne,2022-12-05,4,0.7947742856115194,0.2194028370313948,0.9735166444335835,0.1968242950353531
meta-sarpy-ne,2023-01-06,0,2.0940407762485083,0.2019245654340338,0.9716576781644668,0.1731803972856986
meta-sarpy-ne,2023-01-06,1,2.1576315279813993,0.2214065834595951,0.9731041728966036,0.1541829137898881
meta-sarpy-ne,2023-01-06,2,2.210630353980195,0.2170978823672054,0.9732085312003932,0.1668154709119742
meta-sarpy-ne,2023-01-06,3,2.3302533939508523,0.2491060953157781,0.9731402111423436,0.1612608100925376
meta-sarpy-ne,2023-01-06,4,2.3833934903089986,0.2471059008685053,0.9735387899417162,0.1609017719372373
meta-sarpy-ne,2023-02-07,0,7.194448069628748,0.1635156500722279,0.9712130750792176,0.2055080514472542
meta-sarpy-ne,2023-02-07,1,6.79694941503014,0.1908623843949446,0.9727882744541376,0.173329361966235
meta-sarpy-ne,2023-02-07,2,6.708456919339182,0.1914615583531627,0.9726235690479044,0.1820899924839237
meta-sarpy-ne,2023-02-07,3,6.790437611150761,0.217237659943067,0.9726962412273488,0.1697557797678645
meta-sarpy-ne,2023-02-07,4,6.797900825181209,0.2089865316257884,0.9730536445522674,0.1673911956279613
meta-sarpy-ne,2023-02-23,0,-4.702992843702789,0.3399155470041822,0.972089826375628,0.10815545468396
meta-sarpy-ne,2023-02-23,1,-5.129255092436688,0.2829263011407127,0.97446541447219,0.1358413304213963
meta-sarpy-ne,2023-02-23,2,-5.5474959940089,0.2282668349110869,0.9737537837290036,0.1793310397240547
meta-sarpy-ne,2023-02-23,3,-5.6382753995076085,0.2282983068958924,0.972916277289292,0.1778268140744887
meta-sarpy-ne,2023-02-23,4,-5.425485146493075,0.2687575299940212,0.9731371390739206,0.1633150386346218
meta-sarpy-ne,2023-04-12,0,35.160048123030634,0.1882636139149186,0.9713547253318254,0.2375737563733294
meta-sarpy-ne,2023-04-12,1,35.50957427643948,0.2151080051962016,0.9730085650337944,0.2184798176498127
meta-sarpy-ne,2023-04-12,2,35.331631243745825,0.2117299708360757,0.9727438761340916,0.21373485456433
meta-sarpy-ne,2023-04-12,3,35.39448433244997,0.2457802348005956,0.9730978742836977,0.1989265286765828
meta-sarpy-ne,2023-04-12,4,35.271109103743,0.2381326975747308,0.9734075233420276,0.1962312582070027
meta-sarpy-ne,2023-05-30,0,43.773256848497994,0.292599224245127,0.9728007608705516,0.2623310989115037
meta-sarpy-ne,2023-05-30,1,44.48014174045241,0.329479910216069,0.9745865498465476,0.2409391049304921
meta-sarpy-ne,2023-05-30,2,44.7719323356175,0.3056347220476512,0.9740586356878346,0.2342774551119913
meta-sarpy-ne,2023-05-30,3,44.3804949618322,0.3584843341563012,0.9742138021267428,0.2137359045156942
meta-sarpy-ne,2023-05-30,4,41.15673512424653,0.3459436586348065,0.9736785254180488,0.2192274959937131
meta-sarpy-ne,2023-06-15,0,40.34316058104448,0.3531500254962069,0.9738960540054644,0.2268343053517666
meta-sarpy-ne,2023-06-15,1,39.94564491624113,0.4004503209113502,0.9759403834512754,0.2123245372657762
meta-sarpy-ne,2023-06-15,2,39.644147040813806,0.4092578077091828,0.9761685278775638,0.2159671373917663
meta-sarpy-ne,2023-06-15,3,38.980309350546015,0.473648676146808,0.97597522344343,0.1967644237937661
meta-sarpy-ne,2023-06-15,4,39.36693654940002,0.4620201755828752,0.9764959245703384,0.1953225201175475
meta-sarpy-ne,2023-07-17,0,34.38366950885426,0.4803807979916637,0.974952492804416,0.2199336588751626
meta-sarpy-ne,2023-07-17,1,31.58224816377211,0.6051955096106265,0.978278832696722,0.2066618275133175
meta-sarpy-ne,2023-07-17,2,29.883751198023305,0.6689467246489195,0.9796716698381956,0.2187734974800704
meta-sarpy-ne,2023-07-17,3,29.57866788660599,0.7188790079420114,0.9792765818682312,0.2008818045546489
meta-sarpy-ne,2023-07-17,4,29.947824015203505,0.7079403771343405,0.9795727692514116,0.1971694591895102
meta-sarpy-ne,2023-08-18,0,33.810179181431685,0.418861830757957,0.9744113218082918,0.2270932859985178
meta-sarpy-ne,2023-08-18,1,31.50828445755412,0.5641172349360334,0.9781380329243284,0.2116013426570171
meta-sarpy-ne,2023-08-18,2,29.71512302725242,0.6509206789597997,0.9797864106744965,0.2224820009570397
meta-sarpy-ne,2023-08-18,3,29.15994872563157,0.7134867456549386,0.97954008538994,0.1989277377334984
meta-sarpy-ne,2023-08-18,4,29.340616110262573,0.6944376948449663,0.9797084529952532,0.1951206438898887
meta-sarpy-ne,2023-09-03,0,38.22247901614456,0.3811727011614916,0.9737889160772476,0.2240246082321903
meta-sarpy-ne,2023-09-03,1,37.142751298992586,0.4836914753397575,0.9768696535046052,0.2070344906458729
meta-sarpy-ne,2023-09-03,2,35.993698974070206,0.5658988529989931,0.9782973888798538,0.2093758279471126
meta-sarpy-ne,2023-09-03,3,35.817132210607575,0.6106609826329833,0.9779931449097914,0.1853085342949356
meta-sarpy-ne,2023-09-03,4,35.95620986148018,0.5927910551464795,0.9781268809226488,0.1815091228910549
meta-sarpy-ne,2023-10-05,0,26.0369929955083,0.3273891413007804,0.9730773976955976,0.2037819907391906
meta-sarpy-ne,2023-10-05,1,25.32914241540626,0.3446380482693976,0.9745853346307756,0.1764500347434501
meta-sarpy-ne,2023-10-05,2,25.018989072616556,0.3483576578283016,0.9745763477609556,0.1713402714787976
meta-sarpy-ne,2023-10-05,3,25.07516814411746,0.3829201247947654,0.9745631118409652,0.1570521698779519
meta-sarpy-ne,2023-10-05,4,24.96453171907756,0.3789476261628749,0.9748451129090292,0.1532883272132436
meta-sarpy-ne,2023-10-21,0,23.888113052675283,0.3315051884010557,0.9731816868990432,0.2063067399459082
meta-sarpy-ne,2023-10-21,1,23.77241501683977,0.3423036054802272,0.9744869051798776,0.1857791172281832
meta-sarpy-ne,2023-10-21,2,24.482609932000233,0.3133247696867694,0.9740421041531436,0.1884988963967219
meta-sarpy-ne,2023-10-21,3,24.289052067078504,0.3586904143700884,0.9742082467608268,0.1656012447064849
meta-sarpy-ne,2023-10-21,4,24.10589563704204,0.3575045498952125,0.9745078493287724,0.1568973115391273
meta-sarpy-ne,2023-11-22,0,9.56572969527108,0.2776346691492452,0.972362799967312,0.1927914305757249
meta-sarpy-ne,2023-11-22,1,10.184729961576505,0.2732891498263143,0.9738276000774848,0.1862851705134514
meta-sarpy-ne,2023-11-22,2,10.148672106211814,0.2565580818355752,0.9733312126756652,0.1764937313652582
meta-sarpy-ne,2023-11-22,3,10.253387773799297,0.2928125689550024,0.973424465904763,0.1602866502059982
meta-sarpy-ne,2023-11-22,4,10.26347109385969,0.289940803711539,0.9738014495135284,0.1610711682510401
meta-sarpy-ne,2023-12-08,4,4.48191894920002,0.322840926827383,0.9680199999999995,0.1126602082499999
meta-sarpy-ne,2024-02-26,0,23.18832512195523,0.1854569981769442,0.9714514945023004,0.2069126692890159
meta-sarpy-ne,2024-02-26,1,24.001850113672397,0.2036245478126258,0.9730667839004348,0.1951705075750051
meta-sarpy-ne,2024-02-26,2,24.50698931070784,0.1975975647563297,0.9727237959685496,0.1929971304409444
meta-sarpy-ne,2024-02-26,3,24.518620903815,0.2212376041394485,0.972726871874254,0.1749268982031145
meta-sarpy-ne,2024-02-26,4,24.383428528254612,0.2211537236645891,0.9730520554897282,0.1745430556279796
meta-sarpy-ne,2024-04-14,0,37.42129934259673,0.2620715040958925,0.9722648569508866,0.2280730940064305
meta-sarpy-ne,2024-04-14,1,37.67707044553988,0.285560326501477,0.9738221098143436,0.2127749915412546
meta-sarpy-ne,2024-04-14,2,38.50028089436568,0.2529983204335672,0.9732814511237984,0.214123360629044
meta-sarpy-ne,2024-04-14,3,38.076657403056906,0.3002984767419566,0.9735303596427513,0.1955888759266774
meta-sarpy-ne,2024-04-14,4,37.8957102075864,0.2907623054225893,0.9737619415432822,0.1926199569010472
meta-sarpy-ne,2024-04-30,0,26.902624273310703,0.3395594093558896,0.9732146635553875,0.2085698472930757
meta-sarpy-ne,2024-04-30,1,25.87922008414875,0.363115241467098,0.9746940993177854,0.1893012301478312
meta-sarpy-ne,2024-04-30,2,25.282498097691818,0.3193838741632092,0.9741509824046412,0.1837285581605562
meta-sarpy-ne,2024-04-30,3,25.756706621691855,0.3807398797150007,0.9744972013243268,0.1743511873921365
meta-sarpy-ne,2024-04-30,4,26.06284773941003,0.3607493131686088,0.9745427189892958,0.1754911388622713
meta-sarpy-ne,2024-05-16,0,30.24211557648089,0.3750395413795769,0.9736395008035434,0.219892819684393
meta-sarpy-ne,2024-05-16,1,29.011382228606237,0.3948714006601092,0.9750778343432398,0.1981649758327219
meta-sarpy-ne,2024-05-16,2,28.317569985863695,0.3421401196194836,0.9745223056916552,0.1967784271264189
meta-sarpy-ne,2024-05-16,3,27.727786627650428,0.3960169478684447,0.9743335228050548,0.1865690350801609
meta-sarpy-ne,2024-05-16,4,28.62142842107525,0.3920599365761861,0.9749516237108192,0.1920299773761549
meta-sarpy-ne,2024-06-01,0,29.269917779557996,0.4712427900741258,0.9766233372781068,0.1888888185997725
meta-sarpy-ne,2024-06-01,1,27.988379766847512,0.4600463991078054,0.9761884779700252,0.2304360927440809
meta-sarpy-ne,2024-06-01,2,27.03810781935746,0.3755107762278734,0.9739458118345068,0.2498684303033723
meta-sarpy-ne,2024-06-01,3,27.33017060525132,0.453252352685696,0.9744335911845076,0.2212971212004478
meta-sarpy-ne,2024-06-01,4,27.545875794646623,0.4423776001593001,0.974947948578062,0.2207821198376326
meta-sarpy-ne,2024-06-17,0,24.0389106038738,0.3920000403240744,0.9740319615569688,0.2206829625514926
meta-sarpy-ne,2024-06-17,1,22.475361956481176,0.4582944069980766,0.9762371996767508,0.208553035836698
meta-sarpy-ne,2024-06-17,2,21.12615014548857,0.5248471611048858,0.97745901014259,0.2061571442573156
meta-sarpy-ne,2024-06-17,3,21.385435905428704,0.5468444554213245,0.976817019511998,0.1947907106459717
meta-sarpy-ne,2024-06-17,4,21.737204176760656,0.5256659162316671,0.976590418609219,0.1931290086287968
meta-sarpy-ne,2024-08-04,0,43.02014219478419,0.3965696679593454,0.97401308506678,0.2196675404222241
meta-sarpy-ne,2024-08-04,1,39.561563387660655,0.5613554683388011,0.9780822852412584,0.2114299161098363
meta-sarpy-ne,2024-08-04,2,37.2522951398218,0.6441249878415658,0.9795878327929728,0.2118777873932779
meta-sarpy-ne,2024-08-04,3,36.80538433291615,0.6887433067263774,0.9793178640022596,0.1979576169766761
meta-sarpy-ne,2024-08-04,4,36.73845882697157,0.681418859933084,0.9795826439664076,0.196421891412722
meta-sarpy-ne,2024-09-05,1,25.626497060000016,0.4651056870511307,0.9773916666666668,0.188164688125
meta-sarpy-ne,2024-09-05,2,24.248312945903137,0.5531443792587999,0.9790174173138924,0.2164401380130492
meta-sarpy-ne,2024-09-05,3,28.5263421343128,0.4491776361531129,0.967909740742952,0.1436587243309892
meta-sarpy-ne,2024-09-05,4,25.935031919183544,0.5771982045335953,0.9753912220864972,0.1584357670660091
meta-sarpy-ne,2024-10-07,0,27.63924285374417,0.2923974065394264,0.9725600556579522,0.2120434323705023
meta-sarpy-ne,2024-10-07,1,27.88035133197343,0.3166480743832898,0.9743175737150196,0.2130052922655089
meta-sarpy-ne,2024-10-07,2,26.742718483153624,0.3281230427240009,0.974461585974452,0.2074228503624185
meta-sarpy-ne,2024-10-07,3,26.751146696867256,0.3730324842181442,0.9745616914491696,0.1918774209930749
meta-sarpy-ne,2024-10-07,4,27.12200429378708,0.3655246057184729,0.974790715753079,0.1982801392708742
meta-sarpy-ne,2024-10-23,0,22.347505251860447,0.276237535084756,0.972448510037498,0.2062355143491512
meta-sarpy-ne,2024-10-23,1,22.45515540327943,0.2992408394755871,0.9741599213059764,0.2100024209726122
meta-sarpy-ne,2024-10-23,2,22.23560390507458,0.2937551407864487,0.9740992417535836,0.2283595303093793
meta-sarpy-ne,2024-10-23,3,22.131928972172695,0.3306575674675749,0.974113165264634,0.2097102975693486
meta-sarpy-ne,2024-10-23,4,22.317040351650117,0.3333090959837867,0.97454483839471,0.2089586584132575
meta-sarpy-ne,2024-11-24,0,9.534064701722665,0.3030800409956635,0.9719309481034512,0.1923865089444297
meta-sarpy-ne,2024-11-24,1,11.497540428583925,0.2416309270967777,0.973316033295275,0.1973874051081964
meta-sarpy-ne,2024-11-24,2,12.885589313156515,0.2250096735275554,0.972837578208814,0.1966047027326415
meta-sarpy-ne,2024-11-24,3,12.755724667982404,0.2629308630497689,0.9728888844729796,0.1804179653082163
meta-sarpy-ne,2024-11-24,4,11.908866172952942,0.2701472491476505,0.97332738855544,0.1789955308479384
meta-sarpy-ne,2024-12-10,0,4.998219591139898,0.2527830045665404,0.9721664628555368,0.1869407653693978
meta-sarpy-ne,2024-12-10,1,5.305753435711604,0.2417055599689475,0.9733116394278974,0.1787464946103774
meta-sarpy-ne,2024-12-10,2,5.637823214975535,0.2267228852470542,0.9729682673668067,0.1806184085519241
meta-sarpy-ne,2024-12-10,3,5.557342091659033,0.2597054141893038,0.9730842117213052,0.1630159788036404
meta-sarpy-ne,2024-12-10,4,5.656012034967269,0.2628525883240812,0.9735629628003688,0.1625961400459291
meta-sarpy-ne,2025-01-27,0,5.243572864404169,0.1766575464267545,0.9713388293670592,0.1944389305652958
meta-sarpy-ne,2025-01-27,1,5.830276538241399,0.1883072913429558,0.972829701749562,0.1838077668319406
meta-sarpy-ne,2025-01-27,2,5.9541385323848885,0.1830637971288999,0.9725900225768164,0.1908664278432482
meta-sarpy-ne,2025-01-27,3,6.099859891775014,0.2095522979117398,0.97284599233627,0.1715059616656634
meta-sarpy-ne,2025-01-27,4,6.340323747462224,0.2080443814483401,0.9733213133453708,0.1701029406446441
meta-sarpy-ne,2025-02-28,0,18.45481577387094,0.1625028187493095,0.9711470740986216,0.1880119622609342
meta-sarpy-ne,2025-02-28,1,18.13602142302117,0.1851047320217071,0.9728301036035782,0.1786548113813508
meta-sarpy-ne,2025-02-28,2,18.172013517635374,0.1814037466652584,0.972623448252385,0.1941185499431837
meta-sarpy-ne,2025-02-28,3,18.201587944546453,0.2026815768116091,0.9726563117083792,0.1782173421208008
meta-sarpy-ne,2025-02-28,4,18.146080740076428,0.1965447433543383,0.972985907098112,0.1757394250566048
meta-sarpy-ne,2025-03-16,0,15.564691330757606,0.1863630781355529,0.9715826747596168,0.2161239879382659
meta-sarpy-ne,2025-03-16,1,15.7848548131072,0.1988587866451958,0.9731435274248336,0.2025418032915328
meta-sarpy-ne,2025-03-16,2,15.595734281674682,0.1906909441120809,0.9728414590797198,0.2074936296131658
meta-sarpy-ne,2025-03-16,3,14.669477247671944,0.2131363828653348,0.972816412668381,0.1888754193196602
meta-sarpy-ne,2025-03-16,4,13.917542165523727,0.2058694118337999,0.973087258577514,0.1822544426495644
meta-sarpy-ne,2025-04-17,1,9.692750637164195,0.1732571782308133,0.9724379767827528,0.2621665717122719
meta-sarpy-ne,2025-04-17,2,13.703705237020383,0.1797832600545972,0.9715893839667064,0.2959025711530087
meta-sarpy-ne,2025-04-17,3,11.361605564049702,0.2511426446128982,0.9720596838853834,0.2595580630505718
meta-sarpy-ne,2025-04-17,4,16.3348642579843,0.2395373015436426,0.9710070459232928,0.2703257417896464
meta-sarpy-ne,2025-05-03,0,26.333880236708985,0.4043237433113397,0.9732790313119456,0.181600929833099
meta-sarpy-ne,2025-05-03,1,26.998523385923452,0.3990978974507652,0.974909464635402,0.193822017618474
meta-sarpy-ne,2025-05-03,2,27.71734623047271,0.3053058548510488,0.9738524467543171,0.2082150196383427
meta-sarpy-ne,2025-05-03,3,27.495825494907777,0.3616410445507056,0.9741254330624778,0.1902712791559315
meta-sarpy-ne,2025-05-03,4,27.551698709485535,0.3492901817097584,0.9743493565190704,0.1861421218174884
meta-sarpy-ne,2025-06-20,0,40.894503248652015,0.3953197255625684,0.9740304475335252,0.2152550890632008
meta-sarpy-ne,2025-06-20,1,38.31201751446699,0.5255799738898399,0.9774321201353556,0.200851944538551
meta-sarpy-ne,2025-06-20,2,37.39665492894437,0.5290892849497945,0.9777909808913844,0.2048892168574768
meta-sarpy-ne,2025-06-20,3,37.43786366003746,0.5822437920071426,0.9777769051515915,0.1920016071866806
meta-sarpy-ne,2025-06-20,4,37.45224016119162,0.5842209417813291,0.9781455978813456,0.1885748453960045
meta-sarpy-ne,2025-07-06,0,35.80244637295836,0.4927675466977343,0.9774267744988382,0.2377631488089618
meta-sarpy-ne,2025-07-06,1,32.94676462481435,0.5520519347602032,0.9775478198988012,0.2503670327761723
meta-sarpy-ne,2025-07-06,2,33.020566113083255,0.7139494275502801,0.9815067364222728,0.2383043200475333
meta-sarpy-ne,2025-07-06,3,34.002711473564254,0.6828436382341617,0.9783292392388772,0.23489669334548
meta-sarpy-ne,2025-07-06,4,33.942733459897596,0.648323796357959,0.9778453558700684,0.2126772377628757
meta-sarpy-ne,2025-08-07,2,24.705496776990245,0.7402890124366598,0.9804713926771832,0.303252383398741
meta-sarpy-ne,2025-08-07,3,26.73454638893315,0.7536110892022015,0.980780442730658,0.2622226906282827
meta-sarpy-ne,2025-08-07,4,25.399277117181892,0.7599463795089105,0.9801982296129113,0.2547132769715468
meta-sarpy-ne,2025-08-23,0,30.63128413973904,0.4782995499836884,0.9748663651198856,0.2518161345564788
meta-sarpy-ne,2025-08-23,1,27.71926306805886,0.6202003794768438,0.9782046641111805,0.2101449191324967
meta-sarpy-ne,2025-08-23,2,23.7813866016378,0.7303392084377613,0.9807986647279636,0.2135037149589241
meta-sarpy-ne,2025-08-23,3,23.247022924215457,0.7224969279858927,0.9780777646338278,0.2095454388092704
meta-sarpy-ne,2025-08-23,4,23.74880880139524,0.7214570392106422,0.9793478208231804,0.1956495656579754
meta-sarpy-ne,2025-09-08,3,19.264137665000018,0.6269926855325898,0.97786875,0.2196068853125
meta-sarpy-ne,2025-09-08,4,18.779877474285733,0.5684587169093155,0.9800857142857142,0.1902928217857142
meta-sarpy-ne,2025-09-24,0,29.986708790308377,0.4588952343565333,0.9746683943633824,0.1920010494773782
meta-sarpy-ne,2025-09-24,1,28.77473928224077,0.4758664354933551,0.976176331440644,0.1681083994119991
meta-sarpy-ne,2025-09-24,2,28.78593689646176,0.4416574385634903,0.975962723063133,0.1628756226790708
meta-sarpy-ne,2025-09-24,3,28.360442088589817,0.4892185744730449,0.9758713280080424,0.1486038326646461
meta-sarpy-ne,2025-09-24,4,28.8487422200114,0.4682135273155969,0.9759102431900336,0.1441911077494236
meta-sarpy-ne,2025-10-10,0,27.04929389587274,0.4261363391951887,0.9743603816156234,0.1934971167329895
meta-sarpy-ne,2025-10-10,1,26.57646202993263,0.4236765150055452,0.975620580870852,0.179407420905456
meta-sarpy-ne,2025-10-10,2,26.89546868472146,0.3644874021687195,0.974899617789821,0.1826726561223849
meta-sarpy-ne,2025-10-10,3,26.54711587716683,0.4155890324338879,0.9749536451728202,0.1628750557698676
meta-sarpy-ne,2025-10-10,4,26.666675503069893,0.4031301595266509,0.9752825863396624,0.1623994072941222
meta-sarpy-ne,2025-10-26,0,18.62343599434084,0.3861242499584223,0.973839633003385,0.1956056314792309
meta-sarpy-ne,2025-10-26,1,18.575655024961325,0.3645286727942895,0.9744429804997352,0.2029187963522435
meta-sarpy-ne,2025-10-26,2,19.550895664442308,0.3253439022259499,0.9742215253602712,0.2114783283212237
meta-sarpy-ne,2025-10-26,3,20.02846000200835,0.3818009607606043,0.9744856087928538,0.181940510170955
meta-sarpy-ne,2025-10-26,4,20.221814150846157,0.3920836376553727,0.975101416673019,0.1794354009514293
meta-sarpy-ne,2025-11-11,0,14.962601880036978,0.356964693724591,0.9734801233917744,0.1924802645088391
meta-sarpy-ne,2025-11-11,1,15.21518910295193,0.3339790277425656,0.9745185165287512,0.1938773710789174
meta-sarpy-ne,2025-11-11,2,15.250274802045013,0.2877064809150328,0.973813425780561,0.1980747263037999
meta-sarpy-ne,2025-11-11,3,15.053633436640077,0.3262728162270484,0.973709131768122,0.1853776983013231
meta-sarpy-ne,2025-11-11,4,14.920946863866934,0.3269482111302853,0.9742203114868252,0.1840682273820565
meta-sarpy-ne,2025-11-27,2,0.9052912128301972,0.2460942329911288,0.9750056603773584,0.1707078299056603
meta-sarpy-ne,2025-11-27,3,-0.5133805599999732,0.4140579564825028,0.9777,0.1572402575
meta-sarpy-ne,2025-12-29,0,-6.2243026549703435,0.193644535556548,0.9706096643271536,0.2359453249051745
meta-sarpy-ne,2025-12-29,1,-6.266418410082903,0.1832785318703327,0.9718927657636788,0.2456030959144351
meta-sarpy-ne,2025-12-29,2,-6.517164273539224,0.1666192147511843,0.9714727905237722,0.2616034117685712
meta-sarpy-ne,2025-12-29,3,-6.664288394797546,0.1872540900461074,0.9715237963029992,0.2444735801792244
meta-sarpy-ne,2025-12-29,4,-6.6755332446967115,0.182622075466414,0.9720973554479316,0.2387463550774378
meta-sarpy-ne,2026-01-14,0,1.2547768862308049,0.2144201273597812,0.9717633388416228,0.1895121286818462
meta-sarpy-ne,2026-01-14,1,0.4709037039590815,0.2214946039791971,0.9732104883865936,0.1852849446367569
meta-sarpy-ne,2026-01-14,2,0.360544728370807,0.2149002873089082,0.9729807674684612,0.1887390430867543
meta-sarpy-ne,2026-01-14,3,0.4427977658932869,0.2470099774499723,0.9730342500122802,0.170135519705836
meta-sarpy-ne,2026-01-14,4,0.6938031630938152,0.2469947153541868,0.9735636877098552,0.1690321221685003
meta-sarpy-ne,2026-02-15,0,19.737475734557066,0.1871418529316581,0.9716992409453656,0.2094625236804615
meta-sarpy-ne,2026-02-15,1,20.03700707150304,0.2014184545558576,0.9733095628249918,0.2086593770622346
meta-sarpy-ne,2026-02-15,2,20.30763344260551,0.2023291424847518,0.9730525453518922,0.2072950075983869
meta-sarpy-ne,2026-02-15,3,20.0642412655848,0.2266802389385656,0.9731075541810345,0.1889823198568985
meta-sarpy-ne,2026-02-15,4,19.86381530014582,0.2257859389508853,0.9735971595345192,0.1874231339285031
meta-sarpy-ne,2026-03-19,0,32.140817291714264,0.1982669329133234,0.9714108623804896,0.2145050327455241
meta-sarpy-ne,2026-03-19,1,32.131323234905686,0.2057879800886719,0.9729849502310296,0.2140852121305756
meta-sarpy-ne,2026-03-19,2,32.76528084519246,0.2028467155635434,0.972698439203306,0.2183641223377734
meta-sarpy-ne,2026-03-19,3,32.37200149726668,0.2384070836187616,0.97292479896205,0.1997572806809893
meta-sarpy-ne,2026-03-19,4,32.12347963568924,0.2384639354818138,0.9733528358539776,0.1967819491590228
meta-sarpy-ne,2026-04-20,0,29.96945315357972,0.322111015364573,0.9727367791931836,0.2168173055771676
meta-sarpy-ne,2026-04-20,1,29.491346504992805,0.3091320313571926,0.9739901901880677,0.2194341207797741
meta-sarpy-ne,2026-04-20,2,29.79075718026147,0.2660519852882484,0.9733345215821416,0.2263700695842715
meta-sarpy-ne,2026-04-20,3,29.813816565873935,0.3290605902603764,0.9738162993281232,0.205729038047562
meta-sarpy-ne,2026-04-20,4,29.750738494601123,0.3197502928938067,0.974139632168313,0.2013976563544053
meta-sarpy-ne,2026-05-06,0,22.06083073763596,0.3704016771708716,0.9734849106113276,0.2496542366758216
meta-sarpy-ne,2026-05-06,1,22.277118091681075,0.3571040110364438,0.9747260707550466,0.2476529393375721
meta-sarpy-ne,2026-05-06,2,23.70865164610847,0.2911497849269482,0.9736149905804556,0.2569451131101767
meta-sarpy-ne,2026-05-06,3,23.80226552765805,0.3594788203639948,0.9742109589001045,0.2330096260802777
meta-sarpy-ne,2026-05-06,4,22.943327254095383,0.3573681865488516,0.9743643014246915,0.2232790649171568
meta-sarpy-ne,2026-07-09,3,29.727239786803736,0.7793903774082095,0.9828007925154872,0.2523421002310972
meta-sarpy-ne,2026-07-09,4,30.54194249546686,0.759003822405276,0.9812185317002288,0.2468184903082061
meta-sarpy-ne,2026-07-25,0,40.29537232471731,0.4255047912218573,0.9742676257751702,0.2015969613294693
meta-sarpy-ne,2026-07-25,1,37.58504274456365,0.5456725119110342,0.9776970344497792,0.1995577183956254
meta-sarpy-ne,2026-07-25,2,34.89948141084376,0.6445266153212184,0.979703223836781,0.2140468941777697
meta-sarpy-ne,2026-07-25,3,34.80273415324329,0.6896782221823077,0.9794071898874624,0.1998049720741524
meta-sarpy-ne,2026-07-25,4,35.0719641119174,0.6876633492832925,0.979803563155726,0.1983167857656921
meta-sarpy-ne,2026-08-10,4,28.206810578564284,0.7007880731499101,0.976445992155798,0.1489245214021653
meta-sarpy-ne,2026-08-26,0,31.922613069794966,0.5003451454693256,0.9752281621979886,0.2016923417200282
meta-sarpy-ne,2026-08-26,1,29.787497648868552,0.5858325744334016,0.9782002677763174,0.1964288415357607
meta-sarpy-ne,2026-08-26,2,26.99743060504609,0.6884644428018595,0.9802139573959808,0.1821885385426631
meta-sarpy-ne,2026-08-26,3,27.028165336408144,0.7320970000856029,0.979621108308386,0.1779373225797408
meta-sarpy-ne,2026-08-26,4,27.846855616764763,0.6939002419555486,0.9797995945892998,0.1890985642648321
meta-sarpy-ne,2026-09-11,0,33.15251649989741,0.4711410553380691,0.975094047413674,0.2156077623430362
meta-sarpy-ne,2026-09-11,1,31.69423270004358,0.5378453000707971,0.977724506800972,0.2057754468960125
meta-sarpy-ne,2026-09-11,2,30.40149384533362,0.5609399230343546,0.9783273207077516,0.2008199974640049
meta-sarpy-ne,2026-09-11,3,30.01458207428149,0.61033489654778,0.9781487402252158,0.1831375585553116
meta-sarpy-ne,2026-09-11,4,29.592265114005773,0.6052946728588636,0.9785646539611468,0.1796855356478654
meta-sarpy-ne,2013-04-04,0,25.020408398824763,0.2068509096348712,0.9733914338708292,0.1802371474483455
meta-sarpy-ne,2013-04-04,1,25.01885171902772,0.2296165065363936,0.9741994156053282,0.1786621101564551
meta-sarpy-ne,2013-04-04,2,25.461779368603068,0.2147119941431116,0.9738956001939996,0.1763086347025591
meta-sarpy-ne,2013-04-04,3,25.193419927298116,0.2394783501332016,0.9734937072978598,0.1726349761895804
meta-sarpy-ne,2013-04-04,4,25.40085535943743,0.2360973355598601,0.9740246603329884,0.1760591469530601
meta-sarpy-ne,2013-05-18,3,37.61091831067271,0.3234508810526721,0.972441407902492,0.2086186404473193
meta-sarpy-ne,2013-05-18,4,38.11316444498544,0.2816029784250307,0.9752263081441336,0.2241559590250434
meta-sarpy-ne,2013-06-03,3,31.829595244410292,0.392436181780645,0.9753086648953304,0.2054542657652749
meta-sarpy-ne,2013-06-03,4,31.918862598454822,0.3389611703132482,0.976287940640743,0.2120258653301321
meta-sarpy-ne,2013-07-21,0,39.529256179235965,0.7525744515796574,0.9837316837211828,0.1954394506496339
meta-sarpy-ne,2013-07-21,1,40.221418917580465,0.7061660762999413,0.9824261135190115,0.195618870797616
meta-sarpy-ne,2013-07-21,2,38.65420689760953,0.7647459085375528,0.9840224636535252,0.1952002269452742
meta-sarpy-ne,2013-07-21,3,39.376943610045174,0.7118585561466131,0.9811123830692478,0.1947410905469796
meta-sarpy-ne,2013-07-21,4,39.70744520573553,0.688403924774987,0.98115343145667,0.1954462141265043
meta-sarpy-ne,2013-08-06,0,26.881684637479587,0.8379052258475674,0.9853037911873386,0.2386178297008044
meta-sarpy-ne,2013-08-06,1,28.36090304927813,0.7908547479781725,0.9837549427980772,0.2216509233456308
meta-sarpy-ne,2013-08-06,2,27.67753619518897,0.8362178522059275,0.985321944255688,0.2283650650389204
meta-sarpy-ne,2013-08-06,3,28.110749657629384,0.7744700076987167,0.9819717296071108,0.2092409050286611
meta-sarpy-ne,2013-08-06,4,26.822730189861744,0.7957550907478993,0.983419949195777,0.2082284746055254
meta-sarpy-ne,2013-08-22,4,-2.4958321599999778,0.7461773936053299,0.976875,0.2078414537499999
meta-sarpy-ne,2013-09-07,1,20.176155749936303,0.7559552650221953,0.9836,0.2122069276751592
meta-sarpy-ne,2013-09-07,2,23.642486661049745,0.749420855227829,0.98330386119486,0.203767801296872
meta-sarpy-ne,2013-09-07,3,27.106632465962793,0.6910375261275016,0.982373692646465,0.1940258469077947
meta-sarpy-ne,2013-09-07,4,20.993781459816088,0.6578637744625733,0.9820015067759136,0.210008418122999
meta-sarpy-ne,2013-09-23,0,27.556060197615977,0.713232797954079,0.9831651343326936,0.1847800424640109
meta-sarpy-ne,2013-09-23,1,29.11658568937541,0.5570408332514497,0.97980077271379,0.1645162967734129
meta-sarpy-ne,2013-09-23,2,27.744975833742448,0.6093660374109541,0.981212785863182,0.1694382975568986
meta-sarpy-ne,2013-09-23,3,27.77553676123018,0.5628022395869939,0.9785998291007304,0.160711458806961
meta-sarpy-ne,2013-09-23,4,28.205662936662655,0.516290787394111,0.9781364464827204,0.1642223464770065
meta-sarpy-ne,2013-10-09,0,28.707379922667428,0.4387451824109074,0.9775557047132208,0.1475317337301836
meta-sarpy-ne,2013-10-09,1,27.317421131513857,0.4160095134957891,0.9773521304866306,0.1604079525406032
meta-sarpy-ne,2013-10-09,2,27.133161252708927,0.4113406244444225,0.9773041295572632,0.1468843002672352
meta-sarpy-ne,2013-10-09,3,26.425263686312764,0.4357207773813318,0.976369473839725,0.1509715588686841
meta-sarpy-ne,2013-10-09,4,26.342965819617696,0.4137418737468473,0.976519200561222,0.1568836182975872
meta-sarpy-ne,2013-10-25,0,16.90767172398188,0.2858251227649536,0.974992312301953,0.2091292811413964
meta-sarpy-ne,2013-10-25,1,15.959046011941844,0.3400896499553579,0.9761249373475313,0.1845562074529765
meta-sarpy-ne,2013-10-25,2,15.660601782956164,0.3097505406424556,0.975640233047202,0.1846341913698438
meta-sarpy-ne,2013-10-25,3,15.155578293380122,0.3650164526844894,0.9753266913521944,0.1733608318070205
meta-sarpy-ne,2013-10-25,4,15.228087178262172,0.3506603927316621,0.9758911109601984,0.1780762428651868
meta-sarpy-ne,2013-11-10,0,13.74186204371748,0.2455809341341912,0.973920968430228,0.1782696440456888
meta-sarpy-ne,2013-11-10,1,12.826260988236552,0.2930091350294912,0.975088624339426,0.1711693944572466
meta-sarpy-ne,2013-11-10,2,12.86448058281569,0.2643020575566182,0.9746414144008888,0.1745897914801036
meta-sarpy-ne,2013-11-10,3,12.413460363467046,0.3133370778904422,0.97431353170771,0.1676948198210599
meta-sarpy-ne,2013-11-10,4,12.410625945998754,0.3064625629382532,0.9747118997726364,0.1717322783120581
meta-sarpy-ne,2013-11-26,0,2.940040451196523,0.2333237635032735,0.9738489401630231,0.1762283770561405
meta-sarpy-ne,2013-11-26,1,2.2997883621732016,0.2638072673378168,0.9747707531452194,0.1884044345513971
meta-sarpy-ne,2013-11-26,2,2.479760356600526,0.2383651316688319,0.9743689478645492,0.1895522240704351
meta-sarpy-ne,2013-11-26,3,2.394996395501578,0.2844967026468877,0.9741938964879904,0.1744958019465781
meta-sarpy-ne,2013-11-26,4,2.421398302885962,0.2661712816491437,0.9743833576828892,0.1874467042071068
meta-sarpy-ne,2013-12-12,0,-3.4461955667381776,0.0025633167249281,0.9901817817095172,0.6724529627665371
meta-sarpy-ne,2013-12-12,1,-3.939410984646071,0.0115680628194987,0.9901152235593692,0.6636266953876961
meta-sarpy-ne,2013-12-12,2,-4.094459917660349,0.0046861215945808,0.9902229579678208,0.6856905031998715
meta-sarpy-ne,2013-12-12,3,-4.410552106155484,0.0110620110653173,0.990224605063328,0.6714108983871622
meta-sarpy-ne,2013-12-12,4,-4.259874897014907,0.0091592454293875,0.9901367909910602,0.6713569993051008
meta-sarpy-ne,2013-12-28,0,11.921522945485806,0.2184724527165563,0.9732971285762274,0.1748468235432915
meta-sarpy-ne,2013-12-28,1,11.34939686002455,0.2336458922853754,0.9740468371096326,0.1774927413765498
meta-sarpy-ne,2013-12-28,2,11.561539714719936,0.2230994844769795,0.9739221678123312,0.1867203671635154
meta-sarpy-ne,2013-12-28,3,11.023581207499168,0.2465625569236829,0.973278235241634,0.1753648456944455
meta-sarpy-ne,2013-12-28,4,11.179183451948314,0.2435562398748097,0.9739052317047484,0.1780045457234479
meta-sarpy-ne,2014-01-13,0,7.48552175189884,0.2196922555502487,0.9741521886377852,0.1735035261163028
meta-sarpy-ne,2014-01-13,1,6.984330370827878,0.2320870968023869,0.9747980288685636,0.1753961765142642
meta-sarpy-ne,2014-01-13,2,6.902647990374129,0.2237535158658412,0.9747828540352844,0.1873638959127411
meta-sarpy-ne,2014-01-13,3,6.394296625996032,0.2431578594057157,0.9740746635223468,0.1759360427546052
meta-sarpy-ne,2014-01-13,4,6.590089722805677,0.2399593503063979,0.9744823153743296,0.1788012703419951
meta-sarpy-ne,2014-01-29,0,3.987581742761307,0.2080527381037372,0.9741724529449686,0.1760179500872889
meta-sarpy-ne,2014-01-29,1,3.616432391170326,0.2159753668952246,0.9747852929367627,0.1812098251422187
meta-sarpy-ne,2014-01-29,2,3.667168440609877,0.2108504998836084,0.974778993097975,0.1872292244166373
meta-sarpy-ne,2014-01-29,3,3.119023326083185,0.2275243748366486,0.9742070656493328,0.1791993166080375
meta-sarpy-ne,2014-01-29,4,3.406354621562671,0.2218500581573305,0.9748619782850078,0.1813222283598108
meta-sarpy-ne,2014-02-14,2,-1.97629311999998,0.088263203042564,0.9904,0.1353580124999999
meta-sarpy-ne,2014-02-14,4,0.7938232362346668,0.2330446057758427,0.9658716916780352,0.1859244631940654
meta-sarpy-ne,2014-03-18,0,15.821397769480418,0.1772241300873011,0.9739065597387608,0.2203610096959972
meta-sarpy-ne,2014-03-18,1,16.00362420772814,0.1865533240620006,0.9745120647865212,0.220395361825561
meta-sarpy-ne,2014-03-18,2,17.678593179830223,0.1897940276096159,0.974745627035954,0.222955099632286
meta-sarpy-ne,2014-03-18,3,18.825235481977757,0.2015323816803435,0.9743167129316184,0.2159875221895889
meta-sarpy-ne,2014-03-18,4,19.86160381035554,0.1969573556190277,0.9742728096576057,0.2132215909917084
meta-sarpy-ne,2014-05-05,0,29.872385336240697,0.2455160277421421,0.974078648864596,0.2052051498368169
meta-sarpy-ne,2014-05-05,1,29.377660298078823,0.2806483759454279,0.9749680183356844,0.1982439833368002
meta-sarpy-ne,2014-05-05,2,29.883859003670576,0.2474430607184548,0.974427613938588,0.1996129168583672
meta-sarpy-ne,2014-05-05,3,27.922185067877752,0.2913425965326578,0.974074335498932,0.1968244638132937
meta-sarpy-ne,2014-05-05,4,26.96819790011184,0.2825869188800939,0.9742859546613272,0.2016995852071225
meta-sarpy-ne,2014-05-21,0,15.959807061887265,0.3046568462711543,0.9760870227497528,0.2288055862171118
meta-sarpy-ne,2014-05-21,1,13.259481165960318,0.478598541088373,0.979270051236424,0.2156179319819215
meta-sarpy-ne,2014-05-21,2,15.63792471312873,0.3900341874303964,0.9762623329666298,0.2094449258820315
meta-sarpy-ne,2014-05-21,3,14.882623982820313,0.4745400865273469,0.978228566412262,0.1996906354874793
meta-sarpy-ne,2014-05-21,4,16.46936952718617,0.4277166287557027,0.9773457407649976,0.2077741600074069
meta-sarpy-ne,2014-06-06,0,24.489885505245983,0.4145513910043385,0.9769988161752758,0.191923676165523
meta-sarpy-ne,2014-06-06,1,24.48900710698451,0.4084234645075807,0.9767679321702132,0.1950273086622975
meta-sarpy-ne,2014-06-06,2,25.40074147744214,0.3689534618257369,0.9764560426799206,0.1995675795697594
meta-sarpy-ne,2014-06-06,3,25.151681952158217,0.4201516214812855,0.976389666962733,0.1998172889872324
meta-sarpy-ne,2014-06-06,4,27.412131641866253,0.4091298866713826,0.976753302079207,0.2032404295971644
meta-sarpy-ne,2014-07-08,0,27.562770476119407,0.7981304404008138,0.984400685519592,0.1854732695403862
meta-sarpy-ne,2014-07-08,1,28.797880852203697,0.6968609246591471,0.9820455957881612,0.1972908596279885
meta-sarpy-ne,2014-07-08,2,27.615949106159647,0.7960938463059021,0.9845163409092615,0.1929879013080107
meta-sarpy-ne,2014-07-08,3,28.638190872418505,0.7418542205085905,0.9815795188973908,0.1909634638720068
meta-sarpy-ne,2014-07-08,4,28.75424450897991,0.7275857408776829,0.9818733848216616,0.1941532676851875
meta-sarpy-ne,2014-07-24,0,29.730820098397896,0.7813167022179235,0.983758773209792,0.1824389916089193
meta-sarpy-ne,2014-07-24,1,31.27962626568608,0.7170679277406525,0.9823643199870926,0.1993590656414996
meta-sarpy-ne,2014-07-24,2,28.71512154653884,0.8223369807704402,0.9850346641344504,0.2114155720336248
meta-sarpy-ne,2014-07-24,3,30.030104423805984,0.7590900063057451,0.9818270604606966,0.216627390214912
meta-sarpy-ne,2014-07-24,4,29.111415738130756,0.7660229609495695,0.9829475076339876,0.2195550864270161
meta-sarpy-ne,2014-09-26,0,24.72981316454677,0.5226798869750897,0.978373366090622,0.1606452129322557
meta-sarpy-ne,2014-09-26,1,28.527030015531256,0.5019261910388597,0.9785374409029046,0.1778787004298532
meta-sarpy-ne,2014-09-26,2,28.273199751392703,0.51858965429382,0.9791169962834296,0.1635334797827699
meta-sarpy-ne,2014-09-26,3,27.497797894789283,0.560182487161263,0.9789266030879477,0.1610957470910941
meta-sarpy-ne,2014-09-26,4,28.330653992721217,0.5340426288230479,0.9780952476493836,0.1686115062992518
meta-sarpy-ne,2014-10-12,0,12.15785306677786,0.3544043159371216,0.9749313958978344,0.129336504619735
meta-sarpy-ne,2014-10-12,1,13.754304973962942,0.3514989579050667,0.9752659131219092,0.1331198538350916
meta-sarpy-ne,2014-10-12,2,12.71989947741289,0.336664716629053,0.975090201032414,0.1377266458683498
meta-sarpy-ne,2014-10-12,3,11.70572900942811,0.3751367685528192,0.974908299903313,0.1455220757999493
meta-sarpy-ne,2014-10-12,4,11.007252084433055,0.3728190296055807,0.9758480150196563,0.1506226082412185
meta-sarpy-ne,2014-10-28,0,13.930054465614225,0.3073402482960696,0.9745537121243208,0.149235391877027
meta-sarpy-ne,2014-10-28,1,14.253948836082625,0.3199846648299639,0.9751380922990964,0.1561645204241237
meta-sarpy-ne,2014-10-28,2,14.38416838637873,0.2889046614663732,0.975069076867598,0.1685695831250229
meta-sarpy-ne,2014-10-28,3,13.47263182422162,0.3310899161660896,0.9740984766398014,0.1590267760483997
meta-sarpy-ne,2014-10-28,4,13.578680373167918,0.3285337486668074,0.974652532771308,0.156916966228341
meta-sarpy-ne,2014-11-13,2,-1.1911678189634602,0.2489460641993047,0.9732581098999884,0.248143256238924
meta-sarpy-ne,2014-11-13,3,-1.39020560312054,0.2486595807344672,0.9715383453245484,0.1883965714210151
meta-sarpy-ne,2014-11-13,4,-2.297622857051513,0.4349265011080686,0.9769522393513108,0.2221372732009295
meta-sarpy-ne,2014-12-31,0,-8.82847194538237,0.1140939803126493,0.9727269321970942,0.3432127244320423
meta-sarpy-ne,2014-12-31,1,-8.94033183159177,0.1149748450346664,0.9784136645553942,0.3768207775164301
meta-sarpy-ne,2014-12-31,2,-8.86689396717589,0.0975343032794093,0.9773867650080544,0.3804837807802504
meta-sarpy-ne,2014-12-31,3,-8.832224628551343,0.1512641409485733,0.9770262895649428,0.32806119752376
meta-sarpy-ne,2014-12-31,4,-8.737127761112877,0.1363861611022448,0.9773723652096828,0.3439634946560019
meta-sarpy-ne,2015-01-16,0,9.379788159693954,0.2068877678274753,0.9739322103380312,0.1801237235181068
meta-sarpy-ne,2015-01-16,1,9.366957535954688,0.2121617113702054,0.974317697499572,0.1733488282578972
meta-sarpy-ne,2015-01-16,2,9.645927318711006,0.2063083882194699,0.9742697035927944,0.1745496203772637
meta-sarpy-ne,2015-01-16,3,9.087443598365894,0.2289934320811982,0.9737124441109656,0.1597369195178371
meta-sarpy-ne,2015-01-16,4,9.152842547769245,0.2236078638734484,0.974305149982962,0.1630904846625271
meta-sarpy-ne,2015-03-05,0,5.150133745031681,0.1767353572677822,0.973776396413872,0.210633223335077
meta-sarpy-ne,2015-03-05,1,5.385926397849319,0.1649858705535244,0.9738373957839332,0.2096796187021938
meta-sarpy-ne,2015-03-05,2,5.697494105885875,0.1639295536200514,0.9738888730937112,0.2118891460365762
meta-sarpy-ne,2015-03-05,3,5.386411455888683,0.1761514260301529,0.9732310191229436,0.2008027568932972
meta-sarpy-ne,2015-03-05,4,5.473521446889729,0.1674583121822232,0.9739786517175718,0.2021826749688918
meta-sarpy-ne,2015-03-21,0,23.28232527033356,0.2045072139932991,0.9739405058666069,0.2142848374506966
meta-sarpy-ne,2015-03-21,1,23.604359221842504,0.2122772910340051,0.9743824727322516,0.1978067640876029
meta-sarpy-ne,2015-03-21,2,23.34721068902412,0.2073043266946579,0.9742833926073448,0.2008470476421962
meta-sarpy-ne,2015-03-21,3,23.151250732404087,0.2230873751506182,0.9736552465216072,0.1896627099171634
meta-sarpy-ne,2015-03-21,4,23.28367781749055,0.2130439681433274,0.9741016039423972,0.190116498856203
meta-sarpy-ne,2015-04-22,0,25.790566794103302,0.237839957074716,0.9739252372045734,0.21026412059544
meta-sarpy-ne,2015-04-22,1,25.008065951909963,0.2840528893605191,0.9750477768966742,0.1983318882066715
meta-sarpy-ne,2015-04-22,2,25.154962996757913,0.2488564458286284,0.974487596838817,0.2019564070276218
meta-sarpy-ne,2015-04-22,3,24.360076062283504,0.3109507111915044,0.9745130582024432,0.1923813186062966
meta-sarpy-ne,2015-04-22,4,24.637448079091843,0.2998921634365969,0.9750783481969278,0.1970234212580144
meta-sarpy-ne,2015-06-09,0,46.306729058100224,0.3216490718631403,0.9754596152973098,0.2083384801429696
meta-sarpy-ne,2015-06-09,1,44.94960077787655,0.3737105878480491,0.9766427463876466,0.2050683219752288
meta-sarpy-ne,2015-06-09,2,45.831545310200134,0.3421112740056446,0.976214639864416,0.2035932917436243
meta-sarpy-ne,2015-06-09,3,43.99635805444081,0.4282235958044093,0.9762522430371048,0.1962693471689401
meta-sarpy-ne,2015-06-09,4,43.93834659541668,0.4076360206676768,0.976435752130177,0.1962866915424536
meta-sarpy-ne,2015-06-25,4,29.3729869042705,0.5009237323192296,0.9752160203587013,0.193495770358095
meta-sarpy-ne,2015-07-11,0,34.895675723697245,0.7210457915160576,0.9831063359981448,0.212768064401906
meta-sarpy-ne,2015-07-11,1,34.89300144494637,0.7171227746421794,0.9823665691493104,0.2055943969999334
meta-sarpy-ne,2015-07-11,2,34.733442137935405,0.7314893094023058,0.9834721400032782,0.2025919478822608
meta-sarpy-ne,2015-07-11,3,34.82350364610112,0.732366302735244,0.9816708083740586,0.2035247990261102
meta-sarpy-ne,2015-07-11,4,35.54277474196392,0.7222538085311225,0.9813553278513854,0.2092833767269184
meta-sarpy-ne,2015-08-12,0,29.605317751860785,0.8615203874119801,0.9857560157440924,0.2463328210298727
meta-sarpy-ne,2015-08-12,1,31.025373167085057,0.7727120323591349,0.9832095407301588,0.2046334936236356
meta-sarpy-ne,2015-08-12,2,29.83876178583137,0.8287160437238882,0.9850387636597524,0.218663349601017
meta-sarpy-ne,2015-08-12,3,30.84493494329401,0.7779334725762226,0.981873643438082,0.204765560132923
meta-sarpy-ne,2015-08-12,4,31.02414516898558,0.7610157919892593,0.9822393288792082,0.203801649996892
meta-sarpy-ne,2015-09-13,0,23.87806928080305,0.8345780206281436,0.9854965810762946,0.2246862951774268
meta-sarpy-ne,2015-09-13,1,24.89740411718912,0.7342113295716615,0.9826898147363466,0.186329645672765
meta-sarpy-ne,2015-09-13,2,24.69627635601672,0.7486982551523974,0.983683263382716,0.1913738571628012
meta-sarpy-ne,2015-09-13,3,25.21250032846873,0.708233470059114,0.9808047314660826,0.1784445266855611
meta-sarpy-ne,2015-09-13,4,25.37154318286315,0.6858717642462128,0.981034218159854,0.1788890001800926
meta-sarpy-ne,2015-09-29,0,21.85948317603306,0.6816237277072884,0.982255381933409,0.152751825262582
meta-sarpy-ne,2015-09-29,1,22.39738455394166,0.5130365395870755,0.97838978068609,0.1192850928416641
meta-sarpy-ne,2015-09-29,2,22.175999039072025,0.527494752145455,0.9789850329700294,0.1178945236700641
meta-sarpy-ne,2015-09-29,3,22.05605636426819,0.5376500133847071,0.9774313745031572,0.1203315152022519
meta-sarpy-ne,2015-09-29,4,22.22762825937549,0.5031527426941009,0.9773468658225316,0.1324474494123987
meta-sarpy-ne,2015-12-02,0,0.505410983256466,0.0382032656017159,0.9894861005967024,0.4893480807120109
meta-sarpy-ne,2015-12-02,1,1.1153759111968629,0.1196414155919974,0.9877683421760732,0.3867767011688839
meta-sarpy-ne,2015-12-02,2,0.8157766493299865,0.0745573235713403,0.9884210629805704,0.4062075923156155
meta-sarpy-ne,2015-12-02,3,1.7774509354540184,0.1946938556544429,0.984095053166849,0.2918957881443832
meta-sarpy-ne,2015-12-02,4,1.5142991222168305,0.1765496591486264,0.9853932167915967,0.3291465272297003
meta-sarpy-ne,2015-12-18,0,1.6397802482896962,0.236200164250451,0.973569226508802,0.1606031239450751
meta-sarpy-ne,2015-12-18,1,1.2959883746317016,0.2622898559078094,0.9745649153737675,0.1671041367890647
meta-sarpy-ne,2015-12-18,2,1.1618350370212105,0.2439313392718701,0.9742177685905108,0.1609087435942905
meta-sarpy-ne,2015-12-18,3,0.9493192535738272,0.2782875489820657,0.9738218645672198,0.1595689883286735
meta-sarpy-ne,2015-12-18,4,1.0409586922548697,0.262530932990656,0.9742593380443052,0.1651099428509778
meta-sarpy-ne,2016-01-03,0,-6.038866453487162,-0.0430937810390976,0.9903808995383696,0.8876410054067927
meta-sarpy-ne,2016-01-03,1,-5.831232279819566,-0.0394573181384962,0.9903189435097516,0.8385958797502655
meta-sarpy-ne,2016-01-03,2,-6.003486000013224,-0.0420276825034518,0.9903363604757268,0.866074361039338
meta-sarpy-ne,2016-01-03,3,-5.763103961713281,-0.0245807979444674,0.9901062065431488,0.7645782840846508
meta-sarpy-ne,2016-01-03,4,-5.701104557091771,-0.0324931873692578,0.9900984546504892,0.7760946366773944
meta-sarpy-ne,2016-02-04,0,-6.260859025296546,-0.0566149674997084,0.9903777911027748,0.8589417075090404
meta-sarpy-ne,2016-02-04,1,-6.236830819973111,-0.0530245124176168,0.9903896405183013,0.8340456823288819
meta-sarpy-ne,2016-02-04,2,-6.204328739077035,-0.0556232665821251,0.9903788179269846,0.8496646015813382
meta-sarpy-ne,2016-02-04,3,-6.08316026249025,-0.0444005661537151,0.9902725385587632,0.7713251092656476
meta-sarpy-ne,2016-02-04,4,-5.946786569298944,-0.0476669493131669,0.990158290724378,0.7763772021962185
meta-sarpy-ne,2016-02-20,0,15.311293298959564,0.2248609744236796,0.9738025618093796,0.1525148160020928
meta-sarpy-ne,2016-02-20,1,15.130434685434356,0.2336082146395844,0.9745521562134908,0.1663832868750492
meta-sarpy-ne,2016-02-20,2,14.717726787106312,0.2338434067331977,0.9744505219458288,0.1540673973588403
meta-sarpy-ne,2016-02-20,3,14.984455314069107,0.2436461593919994,0.9737915727612354,0.1618801509370657
meta-sarpy-ne,2016-02-20,4,14.866704270951889,0.2363997006230255,0.9741937296558782,0.1657341144901842
meta-sarpy-ne,2016-03-07,1,20.002804798732026,0.2183530084157333,0.9708766235674412,0.0824037047849936
meta-sarpy-ne,2016-03-07,2,20.78191444310526,0.2345818121091873,0.97399561825526,0.1504249990876515
meta-sarpy-ne,2016-03-07,3,22.15967676398068,0.2214700170151195,0.97321736850085,0.174641591108865
meta-sarpy-ne,2016-03-07,4,23.07019509211995,0.2708968932437809,0.97456361463208,0.203887684896684
meta-sarpy-ne,2016-04-08,0,21.562768855177943,0.2568043950991323,0.9742676554530098,0.1926526199818829
meta-sarpy-ne,2016-04-08,1,20.72733598887992,0.289911950851019,0.975248771422105,0.2026906359479989
meta-sarpy-ne,2016-04-08,2,21.59740240762143,0.2558058874799912,0.974665041560193,0.2016079565771707
meta-sarpy-ne,2016-04-08,3,20.97216221378444,0.311242145823819,0.974705647287766,0.197362841439884
meta-sarpy-ne,2016-04-08,4,21.010127306067616,0.2979742454325125,0.975083540879942,0.2005816034699898
meta-sarpy-ne,2016-05-10,0,30.34446585889776,0.359949993344818,0.9756701371927696,0.1518075887069171
meta-sarpy-ne,2016-05-10,1,30.3091256505048,0.3808842404583418,0.9763817369564822,0.1762437734199283
meta-sarpy-ne,2016-05-10,2,30.411111209223144,0.3455150282743762,0.9758868465295468,0.1682804407131184
meta-sarpy-ne,2016-05-10,3,29.905410559185658,0.4107055247468262,0.9756468656046408,0.1708207072159204
meta-sarpy-ne,2016-05-10,4,30.32092540397596,0.3840122253730865,0.9757670179949828,0.1715796274686425
meta-sarpy-ne,2016-05-26,0,36.77869716718415,0.3448465336448882,0.9758796276455663,0.1799270884400337
meta-sarpy-ne,2016-05-26,1,37.45010458195497,0.3705238799083032,0.976508342463846,0.1894289478150936
meta-sarpy-ne,2016-05-26,2,37.67674784294435,0.3489220297159867,0.9763310598075932,0.188683254742518
meta-sarpy-ne,2016-05-26,3,37.82900848043882,0.4068718027955455,0.9759050272137864,0.1883424990538298
meta-sarpy-ne,2016-05-26,4,38.66992930057442,0.3824105733973545,0.975966498054236,0.1931812875131378
meta-sarpy-ne,2016-06-11,0,46.72022241149133,0.4015761545614795,0.9774109590782374,0.218972681716033
meta-sarpy-ne,2016-06-11,1,45.303729748439224,0.3939841207210458,0.9773046753270346,0.222982956209938
meta-sarpy-ne,2016-06-11,2,45.097869285919494,0.4454966956694728,0.9785788344537736,0.2198374349928841
meta-sarpy-ne,2016-06-11,3,44.28700612881091,0.456013045788277,0.9770742868603602,0.2135543829024812
meta-sarpy-ne,2016-06-11,4,44.206711474576075,0.4359572927223798,0.9772700051244098,0.2112781333435999
meta-sarpy-ne,2016-06-27,0,37.33677210158056,0.4813957051940876,0.9789542046605876,0.2621249197821681
meta-sarpy-ne,2016-06-27,1,34.72094904425555,0.6905515557073447,0.9825115028345824,0.2632045071293846
meta-sarpy-ne,2016-06-27,2,33.20268925008792,0.7298237092772202,0.9829484339730324,0.2364654017741442
meta-sarpy-ne,2016-06-27,3,34.84228085141993,0.6915592056223813,0.980472514925766,0.2346122906239632
meta-sarpy-ne,2016-06-27,4,36.195888393195254,0.6549012665732059,0.9802781007629509,0.2267477073417651
meta-sarpy-ne,2016-07-29,0,29.19972694926659,0.6917024322405544,0.982176930533118,0.2304304778419492
meta-sarpy-ne,2016-07-29,1,31.071420872428146,0.6644426477722766,0.9818165804398864,0.2349251128218468
meta-sarpy-ne,2016-07-29,2,27.73242011918215,0.7847856820881793,0.9839749629456396,0.2419094871210331
meta-sarpy-ne,2016-07-29,3,29.323822677168664,0.7736711732912176,0.9820649490479286,0.2286354403460318
meta-sarpy-ne,2016-07-29,4,29.142315477224685,0.7878107582228444,0.9829774753271578,0.2241135400940676
meta-sarpy-ne,2016-08-14,0,11.658675655591985,0.7895787521593592,0.9825839584517738,0.2159068223656929
meta-sarpy-ne,2016-08-14,1,10.228215589500538,0.7867488803572453,0.9826760524053264,0.2384026864000085
meta-sarpy-ne,2016-08-14,2,8.51256752821132,0.7996038272613224,0.9832950950638208,0.2368929438033881
meta-sarpy-ne,2016-08-14,3,12.586836528095205,0.7933533356800792,0.982515297839242,0.2330452079465816
meta-sarpy-ne,2016-08-14,4,17.186385860595962,0.8010312638286436,0.9835966591517732,0.2306407925752681
meta-sarpy-ne,2016-09-15,2,20.869533925622655,0.7153811680973449,0.9778102470380642,0.1928444197505987
meta-sarpy-ne,2016-09-15,3,22.21477167706165,0.6545899080178064,0.9769908370459036,0.197540320291795
meta-sarpy-ne,2016-09-15,4,22.939471436365313,0.7161000211550737,0.979527364046614,0.2042690004561717
meta-sarpy-ne,2016-10-17,3,1.5231872261354118,0.5518912522004369,0.9803285168104372,0.2068627886261918
meta-sarpy-ne,2016-10-17,4,3.69569589366149,0.5233425933354334,0.9786294121685168,0.2038880070591265
meta-sarpy-ne,2016-12-04,1,-0.737795747916034,-0.0216211148551031,0.9904,0.3799785919523373
meta-sarpy-ne,2016-12-04,2,-0.8383607731374482,-0.0574698272558425,0.9904,0.3991279034184564
meta-sarpy-ne,2016-12-04,3,-0.7106849847233383,-0.0236498722063056,0.9904,0.6052363083349664
meta-sarpy-ne,2016-12-04,4,-0.8991998175228135,-0.0439458304495884,0.9903884922241591,0.613430382813434
meta-sarpy-ne,2017-01-05,0,-13.60097387240846,0.0510264047011613,0.986845809225118,0.6523185569712868
meta-sarpy-ne,2017-01-05,1,-13.931552452750276,0.0481688056297642,0.987404792520143,0.6250615164472135
meta-sarpy-ne,2017-01-05,2,-13.657182931929825,0.0400960143880967,0.988207457559892,0.6321548317180503
meta-sarpy-ne,2017-01-05,3,-13.253514392905233,0.0743544839281061,0.9868147446012546,0.5600933094238398
meta-sarpy-ne,2017-01-05,4,-13.341568264074027,0.0657849157219445,0.987133637282715,0.577525901511927
meta-sarpy-ne,2017-01-21,0,9.648082852252124,0.2898189620116213,0.9750578066408164,0.1312592945426603
meta-sarpy-ne,2017-01-21,1,9.654497378363647,0.3061538020918304,0.9754029328619768,0.1205533320209471
meta-sarpy-ne,2017-01-21,2,9.648773478273592,0.2912171228751554,0.9752189389001996,0.1203432782682685
meta-sarpy-ne,2017-01-21,3,9.468123309382726,0.3016343883838304,0.974387100281416,0.1175345581137456
meta-sarpy-ne,2017-01-21,4,9.520434819699556,0.2977827005554119,0.9748111939280556,0.1192648838396403
meta-sarpy-ne,2017-02-22,0,23.87781782573295,0.2231085266777648,0.9739575106458304,0.1868144564998027
meta-sarpy-ne,2017-02-22,1,23.74869956373575,0.2315923413274404,0.9744237492206272,0.1820798655395149
meta-sarpy-ne,2017-02-22,2,23.648727312942313,0.2206386936905714,0.974221881798596,0.1815063694889052
meta-sarpy-ne,2017-02-22,3,23.356640107898837,0.2327671461430006,0.9735240249741558,0.1731048361890154
meta-sarpy-ne,2017-02-22,4,23.493774209698056,0.2303997140687852,0.973771430396644,0.1758660603174504
meta-sarpy-ne,2017-04-11,0,25.301909772887992,0.2457970797524763,0.973936377420849,0.1803483337376629
meta-sarpy-ne,2017-04-11,1,26.41052328920648,0.2922400227308689,0.9751903611429518,0.197914812446766
meta-sarpy-ne,2017-04-11,2,26.866174449546456,0.2569545943819348,0.9746616075876507,0.1991462915270949
meta-sarpy-ne,2017-04-11,3,25.783580943235517,0.2991142876708113,0.9744068326101784,0.1886754934015031
meta-sarpy-ne,2017-04-11,4,26.37288283627099,0.2941503330052462,0.974753113102964,0.1918901843957514
meta-sarpy-ne,2017-04-27,0,20.8282085982881,0.2539586159782657,0.9738649623757056,0.23700025455002
meta-sarpy-ne,2017-04-27,1,23.783575194997997,0.2935482770924765,0.9739152309888184,0.2439876832746515
meta-sarpy-ne,2017-04-27,2,24.919694704697427,0.2624223264582754,0.9748838401085488,0.2382753526938426
meta-sarpy-ne,2017-04-27,3,23.44624823798216,0.3572363038343275,0.9745511917319468,0.2117385077487613
meta-sarpy-ne,2017-04-27,4,23.4402705508805,0.3345755299197759,0.975147526185527,0.2063789003053485
meta-sarpy-ne,2017-05-13,0,31.325851564856357,0.2659423204164869,0.9741755654321425,0.2018278659924572
meta-sarpy-ne,2017-05-13,1,33.475668756013256,0.3605803773578694,0.9762319916973352,0.2095980026627597
meta-sarpy-ne,2017-05-13,2,34.6310235914513,0.2973700269758358,0.9752654214463852,0.2145139197389194
meta-sarpy-ne,2017-05-13,3,33.928955879388674,0.3673822308987192,0.9751744137222718,0.2043583695568863
meta-sarpy-ne,2017-05-13,4,34.09700421885912,0.3494140903661279,0.9752964003760954,0.2069996161060165
meta-sarpy-ne,2017-05-29,0,30.23651426889336,0.2713695992466946,0.974622714816568,0.2380385701401862
meta-sarpy-ne,2017-05-29,1,31.160830238713025,0.3833307892013003,0.9768653331876264,0.2381589903279783
meta-sarpy-ne,2017-05-29,2,32.42666342846377,0.3178821742940805,0.9753218979257032,0.2411666132650529
meta-sarpy-ne,2017-05-29,3,32.67687341982691,0.3740180453971617,0.9760094254415848,0.2300047987368587
meta-sarpy-ne,2017-05-29,4,32.58566958095769,0.36357473946668,0.9753300144327384,0.2283926854539403
meta-sarpy-ne,2017-06-14,0,29.989448923347,0.2952922958727041,0.9746009233793568,0.1557542313667836
meta-sarpy-ne,2017-06-14,1,30.7589030374592,0.4656059649470628,0.9781738572321216,0.178671379437621
meta-sarpy-ne,2017-06-14,2,30.429079337305673,0.4633446765655598,0.9783111690343836,0.1771074842428374
meta-sarpy-ne,2017-06-14,3,30.417484285393332,0.5164151902367399,0.9777950918061896,0.1749130147587607
meta-sarpy-ne,2017-06-14,4,30.645213282004164,0.5073035276235669,0.978079349391782,0.1753049353374742
meta-sarpy-ne,2017-06-30,0,29.205689947903796,0.2970039948586836,0.9745368631794934,0.159832856827508
meta-sarpy-ne,2017-06-30,1,29.115654122349586,0.6155870774944044,0.9807857521625704,0.1752738690363967
meta-sarpy-ne,2017-06-30,2,28.398352047219937,0.6573107298533843,0.982005815321732,0.1778491007455451
meta-sarpy-ne,2017-06-30,3,28.59815036407759,0.660615444887847,0.9804142711841148,0.1801307111842319
meta-sarpy-ne,2017-06-30,4,29.115924648675243,0.6390920687371311,0.980374343577332,0.1804677094303977
meta-sarpy-ne,2017-07-16,0,42.07994158621982,0.2771528733705707,0.9744043745516928,0.2207791574493697
meta-sarpy-ne,2017-07-16,1,36.881959452783825,0.6861177411095598,0.9821072869059368,0.1929236848522486
meta-sarpy-ne,2017-07-16,2,34.64962014675098,0.7825405162042214,0.9844705462847676,0.2065155395949396
meta-sarpy-ne,2017-07-16,3,35.970234839036515,0.7210522285837603,0.9814015287625936,0.1964638287354606
meta-sarpy-ne,2017-07-16,4,36.256799734386746,0.7026156230121997,0.9814944443307072,0.1915338182356939
meta-sarpy-ne,2017-08-01,0,29.20625119049608,0.2880540432399338,0.9738210687725212,0.2815820226711646
meta-sarpy-ne,2017-08-01,1,26.900762475367983,0.6544522806297187,0.9802425789948293,0.2077492258836503
meta-sarpy-ne,2017-08-01,2,24.77754662030737,0.8577386203469884,0.9842603526004848,0.2148809448966635
meta-sarpy-ne,2017-08-01,3,25.55529357372447,0.7896722880616917,0.9767466270168624,0.1992550952722171
meta-sarpy-ne,2017-08-01,4,24.79065173636235,0.8790170119826941,0.9805728581173516,0.2173346360272737
meta-sarpy-ne,2017-08-17,0,32.97029379633507,0.2822713938243237,0.9744024318886586,0.2124677434819961
meta-sarpy-ne,2017-08-17,1,29.434096734243997,0.6742367036023759,0.9816440224579184,0.1877575774478208
meta-sarpy-ne,2017-08-17,2,26.265408150255222,0.820581161777773,0.9849606233254784,0.2064764068863978
meta-sarpy-ne,2017-08-17,3,28.007948086139603,0.7251545604319267,0.9813346336047184,0.1880615315861385
meta-sarpy-ne,2017-08-17,4,28.069973665344342,0.7219268413365545,0.9816662500005702,0.1885785880227347
meta-sarpy-ne,2017-09-02,0,34.83940364620704,0.3669482845541552,0.9760125880892466,0.1980365679773104
meta-sarpy-ne,2017-09-02,1,30.767977059800305,0.6786063157697678,0.9814365478455432,0.1844976421788672
meta-sarpy-ne,2017-09-02,2,28.54645285643768,0.7733561478444111,0.9839135884841844,0.1991145225745711
meta-sarpy-ne,2017-09-02,3,29.953092424084257,0.7016608015303314,0.980632184279078,0.183576984478559
meta-sarpy-ne,2017-09-02,4,30.07686931468556,0.692157481696058,0.9806876985147858,0.1836107490933116
meta-sarpy-ne,2017-10-20,0,24.08454997063751,0.2491951218488839,0.9739447061387194,0.1867304075247302
meta-sarpy-ne,2017-10-20,1,24.959852937004392,0.367404830447513,0.9763794973577028,0.1589044642443831
meta-sarpy-ne,2017-10-20,2,25.495312869830503,0.3256633171760471,0.9757915899507196,0.1632803303625678
meta-sarpy-ne,2017-10-20,3,23.422841272163403,0.3584578377096941,0.9749891952791568,0.1621680242267125
meta-sarpy-ne,2017-10-20,4,20.88094807190975,0.3608855771648895,0.9752908239393516,0.1558924402247013
meta-sarpy-ne,2017-11-05,0,10.266766972224357,0.2182783731176841,0.9724862093928142,0.133493317114783
meta-sarpy-ne,2017-11-05,1,10.614122444805677,0.3325785452883066,0.9755267719530268,0.1486491141617993
meta-sarpy-ne,2017-11-05,2,11.303346508659084,0.2863402819433294,0.9750860938118088,0.1814378406287555
meta-sarpy-ne,2017-11-05,3,10.635616824779596,0.3172319439846052,0.9745609513191396,0.1773934783334284
meta-sarpy-ne,2017-11-05,4,10.432556866113387,0.315050971275511,0.9750750733992618,0.1922523732023647
meta-sarpy-ne,2017-11-21,0,3.966297170898319,0.2038878542606508,0.9730052795807538,0.1807960829712516
meta-sarpy-ne,2017-11-21,1,3.500942047502938,0.3009028041066109,0.975504495488396,0.1816098924912009
meta-sarpy-ne,2017-11-21,2,3.23738166235048,0.2672120316321696,0.9749101580182692,0.1809724687417004
meta-sarpy-ne,2017-11-21,3,3.267334569743539,0.299940051264631,0.9745571580777528,0.1734597332053462
meta-sarpy-ne,2017-11-21,4,3.2580880864377635,0.2966667169812217,0.97507292381023,0.176222555049901
meta-sarpy-ne,2017-12-07,0,-0.7543932639519733,0.1949697498630693,0.9730764359496056,0.1897853058337656
meta-sarpy-ne,2017-12-07,1,-0.4028049099318961,0.2754664522223681,0.975160004975864,0.1872743650341863
meta-sarpy-ne,2017-12-07,2,-0.2561242111998299,0.2477854583893535,0.974641550828946,0.1842117475860606
meta-sarpy-ne,2017-12-07,3,-0.5968938557174774,0.2736493833321572,0.9740631987988712,0.1763355136825386
meta-sarpy-ne,2017-12-07,4,-0.5637237200052858,0.2705463843665192,0.9746563839974745,0.1785730216513018
meta-sarpy-ne,2018-01-08,0,1.781850820839145,0.1080536769565235,0.9828209035552924,0.2893209496674605
meta-sarpy-ne,2018-01-08,1,1.1129648360636857,0.0630347283338997,0.9882091006994824,0.3939357513238354
meta-sarpy-ne,2018-01-08,2,1.389245331352581,0.0740651525038171,0.9860645258407328,0.3812571144082859
meta-sarpy-ne,2018-01-08,3,1.025716607971368,0.0889752323561786,0.9869359583720768,0.3796491952575965
meta-sarpy-ne,2018-01-08,4,1.047251482897584,0.0967640163210056,0.9869280209748974,0.3773321901615659
meta-sarpy-ne,2018-01-24,0,-3.594407189414312,-0.0246638947788428,0.9899503179708808,0.6857288822511832
meta-sarpy-ne,2018-01-24,1,-4.372199354155068,-0.033979592402862,0.9903770063421344,0.8223600961874644
meta-sarpy-ne,2018-01-24,2,-4.642832934772528,-0.0378915490093309,0.9903984310559124,0.8563367153300466
meta-sarpy-ne,2018-01-24,3,-4.550446301611763,-0.0274419494829983,0.9903635160193676,0.7817714181909617
meta-sarpy-ne,2018-01-24,4,-4.395621122670361,-0.0320973795042149,0.990362057126944,0.7770113148702622
meta-sarpy-ne,2018-02-25,0,1.1839962420778705,0.1295688858143986,0.9862637487713132,0.2763883846117526
meta-sarpy-ne,2018-02-25,1,1.9010167113559064,0.2247507643227686,0.9849582606853132,0.224723256103432
meta-sarpy-ne,2018-02-25,2,1.4239043842943448,0.1753086082702574,0.9862823000022758,0.2791607651955125
meta-sarpy-ne,2018-02-25,3,1.6796593149495251,0.2143508568252022,0.9842354557331766,0.2829720473866268
meta-sarpy-ne,2018-02-25,4,1.8549453919676624,0.1931904658857434,0.984336244962334,0.2865696224449539
meta-sarpy-ne,2018-03-13,0,12.637340100817925,0.1536608008688119,0.9724290632132156,0.1715045044651033
meta-sarpy-ne,2018-03-13,1,13.536943033590992,0.2143287762814585,0.9742320985234852,0.1850722608773333
meta-sarpy-ne,2018-03-13,2,13.580035091690329,0.2046952609080265,0.9739434959338474,0.1812151504440393
meta-sarpy-ne,2018-03-13,3,13.40124485093332,0.2159273576082969,0.9734546233389396,0.1792420383858322
meta-sarpy-ne,2018-03-13,4,13.584300810351907,0.2141184690448785,0.973883332827386,0.1812341495552002
meta-sarpy-ne,2018-04-30,3,18.669415299092787,0.2270189229516623,0.97382686404998,0.1706629178215402
meta-sarpy-ne,2018-04-30,4,24.33046592105112,0.2591525869687248,0.9754269645186346,0.1874520714249991
meta-sarpy-ne,2018-05-16,0,39.75444765557411,0.2055564275115533,0.9730326102944508,0.2178694621183958
meta-sarpy-ne,2018-05-16,1,40.62100425192826,0.353021176691629,0.9761907100310552,0.2007645411374222
meta-sarpy-ne,2018-05-16,2,42.67053563437407,0.301799265989403,0.9753825138353712,0.2038700360601972
meta-sarpy-ne,2018-05-16,3,40.918196851377715,0.3601394589525785,0.9750187551677602,0.1952278307668227
meta-sarpy-ne,2018-05-16,4,40.82180302874936,0.3379742959173777,0.9753369976048984,0.1956782062789462
meta-sarpy-ne,2018-06-01,0,45.915037813585855,0.20412183481534,0.9730839036835938,0.2424527597268966
meta-sarpy-ne,2018-06-01,1,46.305421391935354,0.3796996960495171,0.9767333905882072,0.2053092010877505
meta-sarpy-ne,2018-06-01,2,47.415995240912416,0.3892190363768834,0.9770789791208792,0.2063840567342544
meta-sarpy-ne,2018-06-01,3,46.080555432999496,0.4173410616913357,0.9760956869093848,0.2004403942438091
meta-sarpy-ne,2018-06-01,4,45.805334485073416,0.3849711914390868,0.9760359446813628,0.2010452799840217
meta-sarpy-ne,2018-07-03,0,38.24371521533874,0.3002081889832602,0.9749537121948112,0.229247927951279
meta-sarpy-ne,2018-07-03,1,35.69170310076953,0.5918910773265831,0.9804206673552662,0.2027134292592817
meta-sarpy-ne,2018-07-03,2,32.17257086698388,0.7805776989231574,0.9843719221479954,0.2081023602344488
meta-sarpy-ne,2018-07-03,3,33.33055889685203,0.7180771411640751,0.9812638841325242,0.2048159104850298
meta-sarpy-ne,2018-07-03,4,33.80083795443088,0.6966838778507382,0.9811647904276573,0.2046937378854521
meta-sarpy-ne,2018-07-19,0,34.17032758251972,0.2698691970842716,0.9741412563612633,0.1987443268372803
meta-sarpy-ne,2018-07-19,1,31.358588746291435,0.6760667588178801,0.9818168388348466,0.1887748585259797
meta-sarpy-ne,2018-07-19,2,29.898183770896495,0.8237395496671512,0.985094363929632,0.2011412151145111
meta-sarpy-ne,2018-07-19,3,30.83455531021524,0.762768265318695,0.9819628485057248,0.1985559805565281
meta-sarpy-ne,2018-07-19,4,31.278574096756905,0.7366672358315836,0.9820049613321392,0.1981950604826932
meta-sarpy-ne,2018-09-21,0,17.33549039745553,0.2965264298221373,0.9734304611529276,0.1207484169887616
meta-sarpy-ne,2018-09-21,1,16.07401044023272,0.5005258036243726,0.977587645962093,0.1132891175508521
meta-sarpy-ne,2018-09-21,2,15.001590827341584,0.4537708753549527,0.976932731828635,0.1246349689759887
meta-sarpy-ne,2018-09-21,3,14.226319598613614,0.4540588767050035,0.9750241480677114,0.1448482997178447
meta-sarpy-ne,2018-09-21,4,11.515128354379469,0.5240517955951473,0.9756807354860776,0.1763563043876192
meta-sarpy-ne,2018-10-23,0,18.304705024641738,0.1920974851984579,0.97284280452137,0.2051129604485864
meta-sarpy-ne,2018-10-23,1,18.72733031901512,0.3621614300142037,0.9763096474324048,0.1639783104372343
meta-sarpy-ne,2018-10-23,2,19.014762902723614,0.3197943788703229,0.9756651702773318,0.1642015437240812
meta-sarpy-ne,2018-10-23,3,18.236230294957203,0.3682130109118001,0.9751402511447724,0.1528526637554002
meta-sarpy-ne,2018-10-23,4,18.653636075573555,0.3487673194682198,0.9754686776250268,0.1563013036709407
meta-sarpy-ne,2018-12-10,0,-4.249366942710104,0.0049868611815339,0.9877081999813588,0.5595803366948641
meta-sarpy-ne,2018-12-10,1,-5.123770773190863,-0.0196567056322917,0.9897745851294494,0.7348995837354756
meta-sarpy-ne,2018-12-10,2,-5.436149936367836,-0.02754929900225,0.9902869738117872,0.771122253572173
meta-sarpy-ne,2018-12-10,3,-5.326308062150953,-0.0038786790978791,0.990027801482816,0.6879526457527975
meta-sarpy-ne,2018-12-10,4,-5.133132308309089,-0.0087014771885385,0.9898382976354332,0.6914582677998498
meta-sarpy-ne,2019-02-12,0,-7.382048407041481,-0.0235783164718874,0.9897869616974057,0.6728753772242452
meta-sarpy-ne,2019-02-12,1,-8.728056685431241,-0.0346754694417646,0.9903976755575702,0.8338119494703599
meta-sarpy-ne,2019-02-12,2,-9.053866690257248,-0.0370018026845553,0.9904,0.8557772582509042
meta-sarpy-ne,2019-02-12,3,-8.913033884512384,-0.0305111413924822,0.9903851021885656,0.8055640169358989
meta-sarpy-ne,2019-02-12,4,-8.804415652287053,-0.0311278197781297,0.9903633048436398,0.8035321514353226
meta-sarpy-ne,2019-03-16,0,12.859223186005352,0.1514221168102209,0.97200304166629,0.1804613908356862
meta-sarpy-ne,2019-03-16,1,11.829683692569713,0.2515524982424744,0.974867330324012,0.1563253036284767
meta-sarpy-ne,2019-03-16,2,11.9960436362413,0.2422363334512045,0.974790620217257,0.1584804770499094
meta-sarpy-ne,2019-03-16,3,12.060498288393628,0.2410233805249367,0.9738734666536416,0.1526019181697521
meta-sarpy-ne,2019-03-16,4,12.083000180740976,0.2340130429306452,0.9743253050629624,0.1510673901234708
meta-sarpy-ne,2019-04-01,0,15.44154291320593,0.1460604261690846,0.9719726717633498,0.2053334974432072
meta-sarpy-ne,2019-04-01,1,15.559258499694716,0.2332831634016197,0.9743788157472584,0.1904502760684325
meta-sarpy-ne,2019-04-01,2,15.760142442052878,0.2167439699750469,0.9741102280373308,0.1939406977922898
meta-sarpy-ne,2019-04-01,3,15.397322679958991,0.2252748248173063,0.973197826671748,0.1859721865133164
meta-sarpy-ne,2019-04-01,4,14.728543737386884,0.2174092999974763,0.9735863445222148,0.1859165283959978
meta-sarpy-ne,2019-05-03,2,15.54265141268783,0.285261079270772,0.9755677796327212,0.1184198902587646
meta-sarpy-ne,2019-05-03,3,14.847929324750028,0.3494486722965131,0.9737907352941176,0.1944912668137254
meta-sarpy-ne,2019-05-03,4,17.965765108957477,0.4197311870091088,0.9774939947714736,0.2175249642416424
meta-sarpy-ne,2019-06-04,0,23.854628866840507,0.3153448117397941,0.9747684841900356,0.2254551782508317
meta-sarpy-ne,2019-06-04,1,22.259126670976876,0.4138572512711036,0.9770229961486904,0.1892348770813668
meta-sarpy-ne,2019-06-04,2,24.431204960840823,0.374142612802609,0.9764191025128522,0.1880923808918598
meta-sarpy-ne,2019-06-04,3,26.850362613733633,0.4443163753314912,0.9759311161376756,0.1829693016804262
meta-sarpy-ne,2019-06-04,4,27.13545282292413,0.4093198419773952,0.9758170535668228,0.186048432069618
meta-sarpy-ne,2019-07-06,0,40.873028101193505,0.3144372951232436,0.9746400773581994,0.2123845805414618
meta-sarpy-ne,2019-07-06,1,36.90095619908613,0.5607515716274293,0.9795893721045984,0.1961366193975872
meta-sarpy-ne,2019-07-06,2,33.53507237458652,0.5949319887316048,0.9807329823880624,0.2031179509873037
meta-sarpy-ne,2019-07-06,3,31.617593214300083,0.6519764667898871,0.9799165790783329,0.1956497862763268
meta-sarpy-ne,2019-07-06,4,32.1404299735632,0.6579879047253411,0.9801850640321188,0.1939241569842504
meta-sarpy-ne,2019-07-22,0,33.35716624613483,0.279452895750214,0.9742598100547512,0.2448233212864773
meta-sarpy-ne,2019-07-22,1,29.995014998408525,0.5847097354818311,0.9801495394364208,0.1918809099635391
meta-sarpy-ne,2019-07-22,2,28.231571749390096,0.6994556411656763,0.9828009017735752,0.1934805151386697
meta-sarpy-ne,2019-07-22,3,28.85390286570672,0.7150051029438774,0.9811128520484452,0.1877797382936967
meta-sarpy-ne,2019-07-22,4,29.2528252112228,0.6897322104859293,0.9811517969673996,0.1873084480351372
meta-sarpy-ne,2019-08-07,0,39.180104392296904,0.4734487728463656,0.9787082031249998,0.142740482188802
meta-sarpy-ne,2019-08-07,1,36.059992474866256,0.5650630146669967,0.979496478730306,0.1683657330793897
meta-sarpy-ne,2019-08-07,2,33.60699573298495,0.7056647946071299,0.982597659988469,0.1901806819441392
meta-sarpy-ne,2019-08-07,3,33.686006412029705,0.7277936341520231,0.9814561529989432,0.1934702849100813
meta-sarpy-ne,2019-08-07,4,33.84826047136265,0.6883995253439499,0.9810376397521504,0.1949558987964358
meta-sarpy-ne,2019-08-23,2,15.29667095000002,0.2973034772778718,0.97505,0.2129199337499999
meta-sarpy-ne,2019-08-23,3,13.25672367841345,0.7291825472477037,0.9810527621392934,0.1899320343802077
meta-sarpy-ne,2019-08-23,4,18.193863175312973,0.6777323283662494,0.979828482340617,0.1892173868803698
meta-sarpy-ne,2019-09-24,0,31.13377814106095,0.3045112431359561,0.9748819238766232,0.2442548252957681
meta-sarpy-ne,2019-09-24,1,30.06106648071703,0.4514550942608734,0.9774461495971478,0.1656434496925564
meta-sarpy-ne,2019-09-24,2,30.369592840354777,0.5242575870575855,0.9792082866312136,0.1694619402460848
meta-sarpy-ne,2019-09-24,3,30.33483458241674,0.5340647592340788,0.977781995728344,0.1564648387321157
meta-sarpy-ne,2019-09-24,4,30.260551448315912,0.5069654817586177,0.9778022499864536,0.1596366281074303
meta-sarpy-ne,2019-10-26,0,14.881567146267868,0.2710842469378751,0.9743403584206016,0.2215623244922835
meta-sarpy-ne,2019-10-26,1,15.408214073005295,0.3211460868875636,0.975772744150634,0.1828521801007773
meta-sarpy-ne,2019-10-26,2,16.116589562788917,0.298130353874121,0.9755053162512916,0.1861563234906845
meta-sarpy-ne,2019-10-26,3,15.54078369271232,0.3549610080352786,0.975294802135952,0.17489370972627
meta-sarpy-ne,2019-10-26,4,15.550166455967185,0.3421246846287134,0.9756220787298392,0.1720299184993851
meta-sarpy-ne,2019-11-27,0,-1.2520283492513626,0.1812135150320195,0.9825946781153784,0.3021377420929949
meta-sarpy-ne,2019-11-27,1,-1.182239572530879,0.2211326915526393,0.9837606337591162,0.3496058013997342
meta-sarpy-ne,2019-11-27,2,-1.758457421293704,0.1042285576617889,0.988323118900202,0.461921343437333
meta-sarpy-ne,2019-11-27,3,-1.2058694052504055,0.1854031807238847,0.985686128931436,0.3858760003996809
meta-sarpy-ne,2019-11-27,4,-1.4607100336461136,0.1328253979332499,0.988557876839838,0.4273702175048481
meta-sarpy-ne,2019-12-13,0,3.065623936580072,0.2345259558552975,0.973500075350624,0.1815340464247951
meta-sarpy-ne,2019-12-13,1,3.3901128899672663,0.2546360611742095,0.9747886018289242,0.1875705138073012
meta-sarpy-ne,2019-12-13,2,3.818699836193222,0.2397346073980829,0.9746359343959768,0.1909720739889674
meta-sarpy-ne,2019-12-13,3,3.253599233808032,0.2703486856368963,0.9742654391388588,0.1779023349304362
meta-sarpy-ne,2019-12-13,4,3.525910644439416,0.2683689932010584,0.9747754961084056,0.1837844954151592
meta-sarpy-ne,2020-01-14,0,-1.9352815770479057,0.1534796612407415,0.9854533854498564,0.2879971545212285
meta-sarpy-ne,2020-01-14,1,-2.0327062916299057,0.129157925502253,0.986576455557276,0.3550365479940632
meta-sarpy-ne,2020-01-14,2,-2.200389064627606,0.0844726613093289,0.9882372542619016,0.3951811732182901
meta-sarpy-ne,2020-01-14,3,-2.207438946869588,0.1267463189091751,0.9865358686921468,0.3528296003766609
meta-sarpy-ne,2020-01-14,4,-1.9968930869379389,0.1216224931702108,0.986303729321826,0.349934927972448
meta-sarpy-ne,2020-02-15,0,8.280072352873827,0.142613800963473,0.9725076782366536,0.2298336484527948
meta-sarpy-ne,2020-02-15,1,9.092530772998543,0.1909727882279207,0.9740420234405796,0.1986767275050013
meta-sarpy-ne,2020-02-15,2,9.792350500103408,0.1942594153269233,0.9740868678530912,0.191348849785336
meta-sarpy-ne,2020-02-15,3,9.477584909725604,0.2096281727498016,0.9734757744331496,0.182669897985601
meta-sarpy-ne,2020-02-15,4,9.566353864773566,0.2055803617802732,0.9737397374705108,0.1882806927417812
meta-sarpy-ne,2020-03-02,0,7.540550991656467,0.1539865430163762,0.9707494504089984,0.078878193076112
meta-sarpy-ne,2020-03-02,1,10.49484090234512,0.2074507469629342,0.9746062441446744,0.2123594570276192
meta-sarpy-ne,2020-03-02,2,11.128712780226763,0.197364825771085,0.9744953863210912,0.2448008440166652
meta-sarpy-ne,2020-03-02,3,10.804357862324611,0.2121063859081685,0.9738002298891918,0.2184878600408551
meta-sarpy-ne,2020-03-02,4,11.12238558294423,0.217896370557771,0.9738499596816016,0.2056862890897411
meta-sarpy-ne,2020-04-19,0,25.630668741766986,0.2051073071508366,0.9732572486993474,0.2415861426030077
meta-sarpy-ne,2020-04-19,1,25.592142996973024,0.2517382439678133,0.974689838245768,0.2089181526660374
meta-sarpy-ne,2020-04-19,2,26.773043402858526,0.2437062269973358,0.9745356811783956,0.2013041089332196
meta-sarpy-ne,2020-04-19,3,26.32139078813019,0.283098800065944,0.9741732334174322,0.193594491132047
meta-sarpy-ne,2020-04-19,4,26.511519958866288,0.2760173015912518,0.9746026772014138,0.1978583670724102
meta-sarpy-ne,2020-05-05,0,23.504904559599225,0.2470823272245931,0.973817086141046,0.2406138371047631
meta-sarpy-ne,2020-05-05,1,22.264346544937904,0.31560968212378,0.9756004423520438,0.2070633543176749
meta-sarpy-ne,2020-05-05,2,22.324008908275736,0.297953667117642,0.9753063436893809,0.1994175612604719
meta-sarpy-ne,2020-05-05,3,22.331175934526733,0.3495171283818188,0.9750902615452626,0.1908679833914077
meta-sarpy-ne,2020-05-05,4,22.42840940720168,0.3275440512495318,0.9752304833486892,0.198213879047985
meta-sarpy-ne,2020-06-06,0,40.855004178984665,0.3228775353908471,0.974914939424412,0.2144390692921994
meta-sarpy-ne,2020-06-06,1,39.73351860293208,0.4125438056637329,0.977144450763646,0.1836802784713471
meta-sarpy-ne,2020-06-06,2,41.18857257181438,0.397779143036036,0.9770894777491872,0.2071711619125038
meta-sarpy-ne,2020-06-06,3,42.993895181352826,0.428554896723456,0.9757139308534332,0.2047242201954834
meta-sarpy-ne,2020-06-06,4,42.49753153694813,0.4076874069292556,0.9762744909828692,0.2087418334969896
meta-sarpy-ne,2020-06-22,0,38.52209158397285,0.3505182892748029,0.9756566731845072,0.267754709468307
meta-sarpy-ne,2020-06-22,1,36.850880633480216,0.4660758208603833,0.9780343166658,0.2375695189340804
meta-sarpy-ne,2020-06-22,2,34.56419863539501,0.6185556204642599,0.9812633128875892,0.2160856106240132
meta-sarpy-ne,2020-06-22,3,34.80787420059469,0.6013426417626958,0.9792343299158964,0.2123050623187437
meta-sarpy-ne,2020-06-22,4,35.36991342086214,0.5804226925219507,0.9792033012362652,0.213738010133284
meta-sarpy-ne,2020-07-08,0,42.2570936615034,0.3272124028895011,0.9752182595313096,0.2453768737626547
meta-sarpy-ne,2020-07-08,1,39.50620812267261,0.5331791380665782,0.979348943231416,0.2092141902285494
meta-sarpy-ne,2020-07-08,2,36.224165427965254,0.6974714969672914,0.9828100427115976,0.2045351455526623
meta-sarpy-ne,2020-07-08,3,36.69955174918098,0.6935422510064021,0.9809427093211864,0.1981487628038383
meta-sarpy-ne,2020-07-08,4,37.113398540521935,0.6553529690769184,0.98072204177341,0.197356414182129
meta-sarpy-ne,2020-07-24,0,34.222619992556005,0.3872327367904654,0.9760224420723768,0.2712006953852351
meta-sarpy-ne,2020-07-24,1,32.60473753475345,0.6301777869356603,0.9798039336391766,0.2755392786737436
meta-sarpy-ne,2020-07-24,2,32.781380353092935,0.6900468684176789,0.9820038537624228,0.2440763142617491
meta-sarpy-ne,2020-07-24,3,33.327079393983176,0.718393560412416,0.9812358156952236,0.2385546722287806
meta-sarpy-ne,2020-07-24,4,34.170984611633834,0.6585609194388413,0.9799619348401264,0.2425430419968701
meta-sarpy-ne,2020-08-09,0,34.88112487077165,0.3660654666973879,0.9757822904593724,0.2266828893060761
meta-sarpy-ne,2020-08-09,1,31.1860855750138,0.6557717723389986,0.9813476652640156,0.1957771860172133
meta-sarpy-ne,2020-08-09,2,29.678206939674787,0.7820469917109116,0.9841920134809464,0.1955960956846338
meta-sarpy-ne,2020-08-09,3,30.26886185912832,0.7609394761195689,0.9819060657815633,0.1952614059768403
meta-sarpy-ne,2020-08-09,4,30.680247703203655,0.7222729235158395,0.9818789021071674,0.1958965991200227
meta-sarpy-ne,2020-08-25,0,39.495239110809614,0.3608886171418066,0.9758242634173808,0.2260991493324223
meta-sarpy-ne,2020-08-25,1,37.179814290169624,0.5699179382563253,0.9796438119336308,0.1936681637870617
meta-sarpy-ne,2020-08-25,2,35.44603563067556,0.6801311051333726,0.9818809021000302,0.184954607805445
meta-sarpy-ne,2020-08-25,3,35.90556166804098,0.6762614207486203,0.980163541983907,0.1809057308076813
meta-sarpy-ne,2020-08-25,4,35.92003331791403,0.6542633651176967,0.9803270254121708,0.181575367986607
meta-sarpy-ne,2020-09-26,0,15.914994944231832,0.4644417131039836,0.9766356311400974,0.1737326656678775
meta-sarpy-ne,2020-09-26,1,17.47980339684739,0.3972490095961846,0.97716782145562,0.1582545982937384
meta-sarpy-ne,2020-09-26,2,19.61695552605252,0.3507034729533678,0.9764388040740516,0.1595813703133456
meta-sarpy-ne,2020-09-26,3,21.12587502332121,0.3863463126766261,0.975602311048965,0.1553456229282134
meta-sarpy-ne,2020-09-26,4,20.90741705514669,0.3890286732913675,0.9766322135993274,0.1603691786301151
meta-sarpy-ne,2020-10-12,0,21.907294770420073,0.3127552758509754,0.975053467236376,0.2156155764054875
meta-sarpy-ne,2020-10-12,1,21.83603507102017,0.3460442898822032,0.9759498574200094,0.1787839243978484
meta-sarpy-ne,2020-10-12,2,21.441283867460022,0.3550346795034372,0.9763517563012496,0.178054250760112
meta-sarpy-ne,2020-10-12,3,21.3775711959884,0.3888697637902882,0.9755993198160045,0.1663907295636283
meta-sarpy-ne,2020-10-12,4,21.563908341727693,0.3691768735899868,0.9757220920911496,0.170660596819573
meta-sarpy-ne,2020-10-28,0,10.75283492935164,0.2901435389679924,0.9746684674541688,0.2040332117846408
meta-sarpy-ne,2020-10-28,1,11.237233795174667,0.2910616488335928,0.975201759111849,0.1900901937549335
meta-sarpy-ne,2020-10-28,2,11.3036052460845,0.2866794171460866,0.9752620963325308,0.1910054318290608
meta-sarpy-ne,2020-10-28,3,11.203652628365097,0.3246709694823012,0.9745577853132472,0.172553419785088
meta-sarpy-ne,2020-10-28,4,11.252717186033674,0.3122268120004532,0.975004290573917,0.1716756982371181
meta-sarpy-ne,2020-11-29,0,4.943221987452184,0.2799286285848267,0.9741792621916326,0.2063881762011767
meta-sarpy-ne,2020-11-29,1,4.938575465336722,0.2626549922737761,0.974608123920257,0.185884609026774
meta-sarpy-ne,2020-11-29,2,4.767227287688316,0.2473070957033783,0.9743120522110796,0.177963230258613
meta-sarpy-ne,2020-11-29,3,4.893380450668472,0.2785738043917634,0.9739065178985166,0.1696859397008555
meta-sarpy-ne,2020-11-29,4,4.924960785501996,0.2734117785760777,0.974330636757963,0.1696984144908851
meta-sarpy-ne,2020-12-31,0,-7.487309431549197,-0.0553394316205164,0.990371691131134,0.7521945379109889
meta-sarpy-ne,2020-12-31,1,-7.881902938720589,-0.046501695981791,0.9904,0.8570238529832275
meta-sarpy-ne,2020-12-31,2,-8.155487696445187,-0.0483551849052966,0.9903651785148536,0.88336659910117
meta-sarpy-ne,2020-12-31,3,-8.177364975839177,-0.0384915068430524,0.9903922957954406,0.8203061872804593
meta-sarpy-ne,2020-12-31,4,-7.9983072322280435,-0.0430175919478918,0.9903903809733762,0.8290781707640569
meta-sarpy-ne,2021-01-16,3,-6.108608091249981,0.0415514040582664,0.9712979166666664,0.32648201046875
meta-sarpy-ne,2021-01-16,4,-5.883551874594574,0.0497841178642483,0.9723540540540544,0.3284846966216216
meta-sarpy-ne,2021-03-05,0,17.350463105411787,0.1797364616251761,0.9728869721871924,0.2125931739357246
meta-sarpy-ne,2021-03-05,1,17.61852501598303,0.2068737619681708,0.973843041421276,0.181184184565118
meta-sarpy-ne,2021-03-05,2,17.872810864830186,0.2110726558015641,0.9739155478476256,0.1738166569270707
meta-sarpy-ne,2021-03-05,3,17.30512807843517,0.2284907793156726,0.9734669867790132,0.1608819342009638
meta-sarpy-ne,2021-03-05,4,17.068970973939816,0.2304117859501832,0.9740028665507988,0.1618317036983126
meta-sarpy-ne,2021-03-21,0,20.587966096476933,0.2077479480379848,0.9733802754750892,0.2292780564618384
meta-sarpy-ne,2021-03-21,1,21.007920355710866,0.2204834400407144,0.974104918949981,0.2080250521826671
meta-sarpy-ne,2021-03-21,2,21.664265918123142,0.2163081235000717,0.974027927958646,0.1995331159789017
meta-sarpy-ne,2021-03-21,3,21.464904005259772,0.2423571212285518,0.9736508342473869,0.1871441465582491
meta-sarpy-ne,2021-03-21,4,21.28339368887523,0.2375721101844254,0.973933542961733,0.1904715663159165
meta-sarpy-ne,2021-04-06,2,11.87128157824693,0.508790165656076,0.975367006581326,0.1339596202863961
meta-sarpy-ne,2021-04-06,3,17.46838071223184,0.3587116938967999,0.9750346119575968,0.181719232394767
meta-sarpy-ne,2021-04-06,4,17.889227039273756,0.3545223110645194,0.9755446190582469,0.1551257409165889
meta-sarpy-ne,2021-04-22,0,18.110333174015345,0.2533756608418442,0.9737257304906016,0.2178127322123285
meta-sarpy-ne,2021-04-22,1,20.986299836285088,0.2245766467618751,0.9736276745316328,0.2322556124595674
meta-sarpy-ne,2021-04-22,2,21.49112096069547,0.2469235648814343,0.9741206434226528,0.2204254166228844
meta-sarpy-ne,2021-04-22,3,21.647510600023843,0.3185877409151553,0.9746032510990292,0.1995528296078145
meta-sarpy-ne,2021-04-22,4,22.14610405025979,0.3044447213966835,0.9749927375350868,0.2027754161769645
meta-sarpy-ne,2021-06-09,0,44.219103461711285,0.3192282612117508,0.9751589624740082,0.2430468385509749
meta-sarpy-ne,2021-06-09,1,44.07022279086508,0.3674836732188981,0.9765694991434486,0.2256503068680766
meta-sarpy-ne,2021-06-09,2,45.09393237763448,0.368516720918244,0.9766755529530752,0.217965060305109
meta-sarpy-ne,2021-06-09,3,43.8216377409149,0.44144486142534,0.9765158871477672,0.2070992844594533
meta-sarpy-ne,2021-06-09,4,43.08342760598717,0.4155143946206762,0.9763044205309468,0.2033079626931226
meta-sarpy-ne,2021-07-11,0,28.94632298877283,0.3868959640646098,0.9761324813641188,0.2512061557469104
meta-sarpy-ne,2021-07-11,1,25.40565913219345,0.5295244591648781,0.97890844534221,0.2052974033540983
meta-sarpy-ne,2021-07-11,2,23.982848092450897,0.638825398793706,0.9815433974559864,0.227110811726535
meta-sarpy-ne,2021-07-11,3,23.424724983850194,0.6986097953701697,0.9800487850061328,0.2157001660562232
meta-sarpy-ne,2021-07-11,4,22.40591583088764,0.6899659922628505,0.9816709234824896,0.2011816726268407
meta-sarpy-ne,2021-07-27,0,42.785371017340864,0.3635095533134657,0.975836351090006,0.2268806990842316
meta-sarpy-ne,2021-07-27,1,39.89910739778568,0.499614970743574,0.9784970668353544,0.2065446514929259
meta-sarpy-ne,2021-07-27,2,36.878775485059336,0.6673598916075835,0.9819743459147824,0.2126284531987927
meta-sarpy-ne,2021-07-27,3,36.26367686499705,0.7080921278162832,0.9806719194263478,0.1949614505561601
meta-sarpy-ne,2021-07-27,4,36.79807524603112,0.6745496322898468,0.9806028169160624,0.1914247034160128
meta-sarpy-ne,2021-08-12,0,36.970426421065696,0.3741280293541215,0.9757921842795786,0.225121868519355
meta-sarpy-ne,2021-08-12,1,34.20743703601069,0.4798787344218153,0.9781168224700286,0.2111218806459451
meta-sarpy-ne,2021-08-12,2,31.763709049302136,0.665090572327013,0.9819128254061272,0.2124607895290393
meta-sarpy-ne,2021-08-12,3,31.495260018646263,0.7095670395968204,0.980601684307006,0.1982688975773706
meta-sarpy-ne,2021-08-12,4,32.245021550922196,0.6436641420866241,0.9799951517171954,0.1957646331314963
meta-sarpy-ne,2021-08-28,0,39.72165411274312,0.3761395706828115,0.9759686681133484,0.2306999371023183
meta-sarpy-ne,2021-08-28,1,37.78223401489119,0.4658105238290681,0.9780475299188264,0.2078649645973898
meta-sarpy-ne,2021-08-28,2,35.501844294311475,0.6475336719756013,0.9817678122854046,0.2060748367393564
meta-sarpy-ne,2021-08-28,3,35.15154270031621,0.6941706375400893,0.980607663163861,0.1896866878346153
meta-sarpy-ne,2021-08-28,4,35.39943949511856,0.6629743009585085,0.9806070490537724,0.1876973409995639
meta-sarpy-ne,2021-09-13,0,31.65278762801097,0.4028244084958842,0.9764982163124124,0.2209594297230722
meta-sarpy-ne,2021-09-13,1,30.358501656058763,0.4436556870313109,0.9775966075790454,0.1967794808124208
meta-sarpy-ne,2021-09-13,2,28.828468921268932,0.5820679820512407,0.980418750987094,0.1926911069174598
meta-sarpy-ne,2021-09-13,3,28.017189841808342,0.6353418179333841,0.979498417873866,0.17890350873666
meta-sarpy-ne,2021-09-13,4,27.968940095394892,0.6432997310381775,0.9805512801650108,0.176890781706776
meta-sarpy-ne,2021-10-15,0,18.84977380844933,0.3318471106983476,0.9752494125498248,0.2191876547076936
meta-sarpy-ne,2021-10-15,1,17.67181670361812,0.3246787463094776,0.9755187402869074,0.1870207671401617
meta-sarpy-ne,2021-10-15,2,17.799350354814944,0.3628033723441817,0.976272766417015,0.1775366762637353
meta-sarpy-ne,2021-10-15,3,17.22386064378486,0.4002560053139283,0.9759589000484392,0.167247735560117
meta-sarpy-ne,2021-10-15,4,16.50136746444123,0.388791968221915,0.9762645448321622,0.1693457945602734
meta-sarpy-ne,2021-12-02,0,19.139082044337435,0.3469985942907451,0.9758850899283256,0.1738897825977514
meta-sarpy-ne,2021-12-02,1,19.48347257322495,0.2710565919362391,0.9749220303670312,0.1883240314304603
meta-sarpy-ne,2021-12-02,2,21.325800847069097,0.292617321312443,0.9752410968255956,0.1775042789000751
meta-sarpy-ne,2021-12-02,3,20.69093396642021,0.2957840793489651,0.9745803078974328,0.1694135279793616
meta-sarpy-ne,2021-12-02,4,20.666961710889577,0.2931555142074278,0.9752842098776292,0.173344700338184
meta-sarpy-ne,2022-02-20,0,18.304858345499667,0.1786185865938164,0.9734927003802204,0.2329382867947882
meta-sarpy-ne,2022-02-20,1,18.479496317516706,0.190418070846762,0.97424371765894,0.2187767335731318
meta-sarpy-ne,2022-02-20,2,20.482515708017797,0.2238340858621932,0.9747454176142832,0.2044083028605214
meta-sarpy-ne,2022-02-20,3,19.91276546473265,0.2263218310902006,0.9741754356497396,0.1968810664656916
meta-sarpy-ne,2022-02-20,4,20.080057965770905,0.2215721823044106,0.9746109342316,0.1987227818254615
meta-sarpy-ne,2022-03-08,0,7.767500791567824,0.1699946400089926,0.9714188889179488,0.229626785657727
meta-sarpy-ne,2022-03-08,1,6.544817409121025,0.1830563009820662,0.9726527935471496,0.2320849095920591
meta-sarpy-ne,2022-03-08,2,6.111857467108556,0.1614338369355859,0.9727821232166756,0.2482543614058417
meta-sarpy-ne,2022-03-08,3,6.528255228604081,0.1624033563612704,0.9724944015673376,0.2405152679490454
meta-sarpy-ne,2022-03-08,4,6.9027704511986965,0.1631814495424051,0.9725970015063672,0.2309526552323318
meta-sarpy-ne,2022-04-09,0,23.318439054459063,0.1753706377986295,0.9727048996633738,0.2452812175569218
meta-sarpy-ne,2022-04-09,1,23.339880686729373,0.2010763483311581,0.9738628042570876,0.2265655055896667
meta-sarpy-ne,2022-04-09,2,24.09190172218576,0.2219429371224036,0.9741304771704822,0.2110606528059839
meta-sarpy-ne,2022-04-09,3,23.998268323356672,0.2307477310082049,0.9734155011612674,0.2068205312580066
meta-sarpy-ne,2022-04-09,4,24.15087915566746,0.2263611699921388,0.974088401155736,0.2059308076485891
meta-sarpy-ne,2022-04-25,0,21.47957457208418,0.2274890569209629,0.9735193435473286,0.2477688795239272
meta-sarpy-ne,2022-04-25,1,21.57778571346585,0.2576274153104053,0.974624991081776,0.2219109317442841
meta-sarpy-ne,2022-04-25,2,21.960280271278872,0.2681603528487394,0.9748858426055572,0.2128740064339434
meta-sarpy-ne,2022-04-25,3,21.904507339873053,0.2883654914999204,0.9745813912334872,0.2074612283133165
meta-sarpy-ne,2022-04-25,4,21.666939433452967,0.2807553947050976,0.9748283202855624,0.2098478581799066
meta-sarpy-ne,2022-05-11,0,36.62047892161174,0.2932610767155206,0.9745928112260168,0.2518907749267159
meta-sarpy-ne,2022-05-11,1,36.67280455400305,0.3107415874010889,0.9753647324590534,0.2349385662040732
meta-sarpy-ne,2022-05-11,2,37.40432175002449,0.3304470292224044,0.9759455926278549,0.218571663672422
meta-sarpy-ne,2022-05-11,3,38.60484759559688,0.3341212176525171,0.974910966621696,0.2048984851829172
meta-sarpy-ne,2022-05-11,4,39.06271976221341,0.3193958131677979,0.9755925375705988,0.2130513087528944
meta-sarpy-ne,2022-05-27,0,32.638016662949155,0.3120896895774477,0.9747540749248644,0.2296215456376265
meta-sarpy-ne,2022-05-27,1,31.363385074579984,0.3454868846010899,0.9757276813048372,0.1961189331591867
meta-sarpy-ne,2022-05-27,2,30.589781163598563,0.3474882115190361,0.975877941889966,0.1839142104058252
meta-sarpy-ne,2022-05-27,3,31.11165464391478,0.3847947542368186,0.9752166329765574,0.182878600795025
meta-sarpy-ne,2022-05-27,4,31.018150774050376,0.3685882030573987,0.9755257504753512,0.1797012242687992
meta-sarpy-ne,2022-06-28,0,40.095587632796615,0.3095550224030642,0.9749913412386388,0.2441522833062826
meta-sarpy-ne,2022-06-28,1,39.57915235280779,0.3739696977127762,0.9766546582262402,0.2219635834161905
meta-sarpy-ne,2022-06-28,2,37.01839508944539,0.5171420584686933,0.979600318502183,0.2109552475284159
meta-sarpy-ne,2022-06-28,3,37.043931110562234,0.5618458796018928,0.9787057216406522,0.2017318567995481
meta-sarpy-ne,2022-06-28,4,37.18063777338521,0.5456599140305569,0.9788971402708492,0.1967831876994286
meta-sarpy-ne,2022-07-14,0,38.583579870719106,0.3156771160817717,0.9750278215636804,0.2363140621973518
meta-sarpy-ne,2022-07-14,1,35.975503669904654,0.4499207836376883,0.977699130264846,0.2060319498136918
meta-sarpy-ne,2022-07-14,2,33.41327541903079,0.5925636766737773,0.9806379936005188,0.2053967728785254
meta-sarpy-ne,2022-07-14,3,33.876137617823645,0.6416056363638416,0.9799225281555888,0.2013070224543769
meta-sarpy-ne,2022-07-14,4,33.73586553314838,0.6431555499931529,0.9804115611135852,0.1968547706727032
meta-sarpy-ne,2022-07-30,0,41.5116870173178,0.2723625889541489,0.97419494811008,0.2438189550069767
meta-sarpy-ne,2022-07-30,1,39.036163599032406,0.4371625221719528,0.9777013231172484,0.2133566019066443
meta-sarpy-ne,2022-07-30,2,35.81111432573092,0.5826436384376525,0.9805604162607352,0.2048628501229261
meta-sarpy-ne,2022-07-30,3,35.43147690744367,0.6329277274517232,0.9797628641619688,0.1969306442727311
meta-sarpy-ne,2022-07-30,4,35.37520132911818,0.6168987262234991,0.9800144656947676,0.1908964668919709
meta-sarpy-ne,2022-08-31,0,37.070624058774,0.3268510259579766,0.9752760552766098,0.2268901885442903
meta-sarpy-ne,2022-08-31,1,34.69769973137003,0.5063035637883507,0.9787941909417912,0.1981858338918302
meta-sarpy-ne,2022-08-31,2,33.413321512923254,0.5704902832312878,0.9803014351967588,0.1842736374107716
meta-sarpy-ne,2022-08-31,3,33.149795335024045,0.6309656869253087,0.9796288052038138,0.1766180504061331
meta-sarpy-ne,2022-08-31,4,33.1456111634686,0.6223932975677766,0.9800672659751934,0.1737171544015835
meta-sarpy-ne,2022-09-16,0,34.20991914735492,0.3425588500410533,0.9756204667798218,0.2227682307043792
meta-sarpy-ne,2022-09-16,1,33.66430482565851,0.4669899126442791,0.978052740088022,0.1928582338380874
meta-sarpy-ne,2022-09-16,2,32.41709614167262,0.4807020215055637,0.9782511531056228,0.1526395399788082
meta-sarpy-ne,2022-09-16,3,32.27482428421727,0.5216791716231913,0.977501555489962,0.1690878132735996
meta-sarpy-ne,2022-09-16,4,33.005915794889255,0.5126743422387632,0.9781195732990726,0.1794653031199453
meta-sarpy-ne,2022-10-02,0,30.985295365780978,0.324049707060081,0.9752215563803556,0.2242227051382281
meta-sarpy-ne,2022-10-02,1,31.308817725351,0.3739625622836878,0.9765398790226612,0.2012303696599831
meta-sarpy-ne,2022-10-02,2,30.33957720559923,0.3847600298248105,0.9768764959566816,0.1912560692357547
meta-sarpy-ne,2022-10-02,3,30.68790606384355,0.4262770585058181,0.9763737235532648,0.1776751279186265
meta-sarpy-ne,2022-10-02,4,31.176345639028867,0.41319010287195,0.9766535268038378,0.1786319673888837
meta-sarpy-ne,2022-10-18,0,11.484797533923349,0.2887592003498761,0.9747546138364168,0.2231327766545744
meta-sarpy-ne,2022-10-18,1,11.544231988461704,0.3010394720903852,0.97556706108495,0.2124363035170196
meta-sarpy-ne,2022-10-18,2,10.684773577499438,0.3079311828097921,0.9759059630970932,0.2146936751768392
meta-sarpy-ne,2022-10-18,3,11.006022530851377,0.343822540923585,0.9753630753169292,0.1976071202794593
meta-sarpy-ne,2022-10-18,4,11.400998489345202,0.3385939593988609,0.97583020475671,0.1989703761355881
meta-sarpy-ne,2022-12-05,0,-0.8312564199999883,,0.9781,
meta-sarpy-ne,2022-12-05,1,1.4255145139784775,0.2194336751611068,0.9742630877073004,0.1463020052590186
meta-sarpy-ne,2022-12-05,2,1.6307896797153556,0.232837007235247,0.97411947480346,0.2319677130588173
meta-sarpy-ne,2022-12-05,3,2.0671759378621224,0.2558030225886865,0.974717377719176,0.1969825228630397
meta-sarpy-ne,2022-12-05,4,2.7776012767614624,0.2417572732375745,0.9752122976126854,0.1889209082294301
meta-sarpy-ne,2023-01-06,0,1.9943271798518365,0.206446392583596,0.9734229877334604,0.172526724388205
meta-sarpy-ne,2023-01-06,1,2.101257061060633,0.226054103038719,0.9740899865009662,0.1536845965339073
meta-sarpy-ne,2023-01-06,2,2.1396891368313353,0.2223531747676546,0.97443775337723,0.1660292089602196
meta-sarpy-ne,2023-01-06,3,2.2875537073276493,0.2550962225781792,0.9738818127779478,0.1603069895879832
meta-sarpy-ne,2023-01-06,4,2.3390330488744517,0.2520727898762893,0.9743413773014248,0.1602693134430376
meta-sarpy-ne,2023-02-07,0,7.18217539939789,0.1615512171366287,0.9728113599598778,0.2084627580222341
meta-sarpy-ne,2023-02-07,1,6.75224971118267,0.1917509398664684,0.9738484067173376,0.1738031247221756
meta-sarpy-ne,2023-02-07,2,6.687129293330429,0.197502529645888,0.9740405288388204,0.1814194678731678
meta-sarpy-ne,2023-02-07,3,6.761539820831585,0.2242557718536552,0.9736581865937618,0.1694108624467201
meta-sarpy-ne,2023-02-07,4,6.835425365196063,0.2214840514962671,0.974244456580533,0.1690780142369248
meta-sarpy-ne,2023-02-23,0,-4.787421780534402,0.2651265311223309,0.9721995041902513,0.1186249378428985
meta-sarpy-ne,2023-02-23,1,-4.834701193240532,0.2629232027419038,0.974042211549371,0.1404893906906131
meta-sarpy-ne,2023-02-23,2,-4.874086843532906,0.2431208748240427,0.9735040375806572,0.1655175879222797
meta-sarpy-ne,2023-02-23,3,-5.207503832532917,0.281804487746731,0.9731070899576688,0.1610998390195503
meta-sarpy-ne,2023-02-23,4,-4.996342648398092,0.2554851207756558,0.973355530114958,0.1660939532903387
meta-sarpy-ne,2023-04-12,0,35.09189824903208,0.1903890889475619,0.9728812185331804,0.2364537397032751
meta-sarpy-ne,2023-04-12,1,35.45485371952003,0.2167515453567873,0.9738655892388964,0.2175263627976861
meta-sarpy-ne,2023-04-12,2,35.240589047028074,0.2125039603561656,0.9738175390183594,0.213719924683699
meta-sarpy-ne,2023-04-12,3,35.374733629403856,0.2444903243938357,0.9734800563755576,0.1991159511052766
meta-sarpy-ne,2023-04-12,4,35.3322530223607,0.2402672378376115,0.9739065430658312,0.1969223761987494
meta-sarpy-ne,2023-05-30,0,43.64578354339576,0.2907958637780389,0.9749758609731504,0.2634615247171704
meta-sarpy-ne,2023-05-30,1,44.39856250806661,0.3297161297015304,0.9760097683372,0.2410200057728311
meta-sarpy-ne,2023-05-30,2,44.682493864422376,0.3058378997192362,0.975696290298171,0.2341393799317043
meta-sarpy-ne,2023-05-30,3,44.24772478489313,0.359089842418057,0.9752033531408828,0.2138147448725481
meta-sarpy-ne,2023-05-30,4,41.03231646252141,0.3466971957275118,0.9750321398730856,0.2184319820242723
meta-sarpy-ne,2023-06-15,0,40.20345984062094,0.3578514146176318,0.9760076309505424,0.2252864854665781
meta-sarpy-ne,2023-06-15,1,39.86663041959891,0.4004043109917279,0.9771588240101218,0.2130508592606254
meta-sarpy-ne,2023-06-15,2,39.51839819963413,0.4098973882094907,0.9776892546683782,0.2157414989943055
meta-sarpy-ne,2023-06-15,3,38.843538709910035,0.4747924397538497,0.9770098754858788,0.1951936174183208
meta-sarpy-ne,2023-06-15,4,39.297621926046496,0.4629442161777475,0.9774423089759487,0.194652216283657
meta-sarpy-ne,2023-07-17,0,34.23111735833173,0.485899626133241,0.97742500022699,0.2170049721431151
meta-sarpy-ne,2023-07-17,1,31.490056205537677,0.6056266564904141,0.9797838126600366,0.2071729323313076
meta-sarpy-ne,2023-07-17,2,29.753823529640375,0.6718439882591888,0.9817566588103548,0.2180530865150125
meta-sarpy-ne,2023-07-17,3,29.49494378655584,0.7221922190822911,0.9806441733462457,0.2002395112322212
meta-sarpy-ne,2023-07-17,4,29.86405256873588,0.7108153986088366,0.9809535983611252,0.196748338457539
meta-sarpy-ne,2023-08-18,0,33.66248421804167,0.415540445581015,0.9767526925556348,0.2284539140616121
meta-sarpy-ne,2023-08-18,1,31.41966984180132,0.5669768461892825,0.9796724252390526,0.2113255529567001
meta-sarpy-ne,2023-08-18,2,29.53154998459315,0.6640409294320699,0.9820505614381372,0.2202416717373003
meta-sarpy-ne,2023-08-18,3,29.05987425044387,0.7162144811747542,0.9809706395320024,0.1987822366871745
meta-sarpy-ne,2023-08-18,4,29.223128811270374,0.6991447583683252,0.9812350948607604,0.1949463919414383
meta-sarpy-ne,2023-09-03,0,38.060420498466854,0.3800314114387392,0.9761552357518358,0.2246933775504033
meta-sarpy-ne,2023-09-03,1,37.03700548667193,0.4849435626028219,0.9784328354933816,0.2067299833818827
meta-sarpy-ne,2023-09-03,2,35.853874929336314,0.5672301690252344,0.980338361297012,0.2093432990655797
meta-sarpy-ne,2023-09-03,3,35.721707345746616,0.6129058298654947,0.979389993416296,0.1850083377048682
meta-sarpy-ne,2023-09-03,4,35.85703255303063,0.594725811026583,0.9795861280835912,0.1811925762306726
meta-sarpy-ne,2023-10-05,0,25.946115347302467,0.3227873496716242,0.974995048950655,0.2053891304058765
meta-sarpy-ne,2023-10-05,1,25.24047778567736,0.3414140241804017,0.9757392433894287,0.176427744007988
meta-sarpy-ne,2023-10-05,2,24.96044512355293,0.3516472330186067,0.9760745836926724,0.1717813504372798
meta-sarpy-ne,2023-10-05,3,25.023079295804216,0.3846969487707003,0.9754363058251688,0.157175638388065
meta-sarpy-ne,2023-10-05,4,24.902022423380167,0.379734845245446,0.9757968877053504,0.1537634052436529
meta-sarpy-ne,2023-10-21,0,23.844994274032448,0.3664484306089776,0.9761378140344332,0.2023572692230561
meta-sarpy-ne,2023-10-21,1,23.947766237052583,0.3528215635564881,0.9761768672107152,0.1799488900642325
meta-sarpy-ne,2023-10-21,2,24.710345419616633,0.342311603876348,0.9759394743015136,0.17504922215103
meta-sarpy-ne,2023-10-21,3,24.42338917031573,0.3702402208819944,0.9755293758329358,0.1612279737273298
meta-sarpy-ne,2023-10-21,4,24.194101182244104,0.3734077885053234,0.9761622537097028,0.1556166946566126
meta-sarpy-ne,2023-11-22,0,9.459672070642604,0.2736082958461353,0.9739377683941518,0.198770619025293
meta-sarpy-ne,2023-11-22,1,10.260428329830154,0.2809242330310292,0.97509757044378,0.1842760982862249
meta-sarpy-ne,2023-11-22,2,10.181601381023649,0.2646163220255719,0.9746577538866666,0.1741941600013812
meta-sarpy-ne,2023-11-22,3,10.275804051165828,0.2970234220864514,0.9742102722600612,0.1604514826649502
meta-sarpy-ne,2023-11-22,4,10.257033202917569,0.2942690259211694,0.9747317262824976,0.1609392988423156
meta-sarpy-ne,2023-12-08,0,0.2940647904494599,0.202528158499337,0.9730864514195934,0.2092500969300733
meta-sarpy-ne,2023-12-08,1,0.6336909281885186,0.213146567144079,0.9736757106666588,0.1909752998649642
meta-sarpy-ne,2023-12-08,2,1.5243274670933478,0.2086453056391842,0.9733526105905136,0.1731373509058103
meta-sarpy-ne,2023-12-08,3,3.427153314963039,0.2309855472482417,0.9728211484747938,0.1570389875747831
meta-sarpy-ne,2023-12-08,4,2.457791631517696,0.2323496892022159,0.9729784021803854,0.1652220498276592
meta-sarpy-ne,2024-02-26,0,23.15153735456053,0.1994006574496707,0.973173371564806,0.2048087967497581
meta-sarpy-ne,2024-02-26,1,24.30059795821649,0.2147080651855161,0.973954926742472,0.188377281206723
meta-sarpy-ne,2024-02-26,2,25.15150942019662,0.2148436978365352,0.974001433143016,0.1809255483772149
meta-sarpy-ne,2024-02-26,3,24.90127679908235,0.2342611445592266,0.9737478171881148,0.1722317502736043
meta-sarpy-ne,2024-02-26,4,24.6794044526785,0.2321112768122017,0.9742126074986264,0.1734842073994447
meta-sarpy-ne,2024-04-14,0,37.28250486455584,0.2666146618078489,0.9742268978635702,0.2261761806316906
meta-sarpy-ne,2024-04-14,1,37.58976203068428,0.2863409923810587,0.9750794595240836,0.2128047225682103
meta-sarpy-ne,2024-04-14,2,38.409822528961136,0.2538579846594815,0.9746093204643892,0.2139249878865124
meta-sarpy-ne,2024-04-14,3,38.02377184415211,0.3014242843460502,0.9742941055256684,0.1954001655355048
meta-sarpy-ne,2024-04-14,4,37.98138039167626,0.2948477143541918,0.9748214272757344,0.1924734447985936
meta-sarpy-ne,2024-04-30,0,26.767998134017123,0.3414535467729168,0.9753957808189287,0.2084230389681231
meta-sarpy-ne,2024-04-30,1,25.79291639505221,0.3656083581399711,0.976110388669941,0.1888933470714643
meta-sarpy-ne,2024-04-30,2,25.20851519725593,0.3245019137119167,0.9755888823373856,0.1833637023617717
meta-sarpy-ne,2024-04-30,3,25.705414461011372,0.3815549760074271,0.9752743255101914,0.1743366739392477
meta-sarpy-ne,2024-04-30,4,25.995472875181193,0.3655681406595456,0.9757274737585298,0.174618445802476
meta-sarpy-ne,2024-05-16,0,30.083317548912905,0.37700715368616,0.9760352079682566,0.2198864341564028
meta-sarpy-ne,2024-05-16,1,28.91067570792592,0.3955209415492115,0.9766158094577994,0.1982984218041944
meta-sarpy-ne,2024-05-16,2,28.21304965387568,0.3442473993769291,0.975990957090012,0.1963586448693711
meta-sarpy-ne,2024-05-16,3,27.625005395097432,0.3966823396899289,0.9752740659282716,0.1861285371461834
meta-sarpy-ne,2024-05-16,4,28.502989883724048,0.3937804311542767,0.9759195715725192,0.1911538724596262
meta-sarpy-ne,2024-06-01,0,29.424283230066575,0.4530235607944954,0.9769522030914796,0.1866546099535178
meta-sarpy-ne,2024-06-01,1,28.49851022356357,0.5072122485630619,0.9785077865002684,0.2286044706180492
meta-sarpy-ne,2024-06-01,2,28.298420577543,0.3823579581050496,0.9762195935174688,0.2458552172904367
meta-sarpy-ne,2024-06-01,3,28.71494486943657,0.4843565384290986,0.9760977288189217,0.2111749765901868
meta-sarpy-ne,2024-06-01,4,28.927126922341607,0.4732558283161255,0.9765891244956162,0.210932590811237
meta-sarpy-ne,2024-06-17,1,21.929476965434414,0.5387311219440056,0.9786729485699628,0.1937745722541362
meta-sarpy-ne,2024-06-17,2,20.385502210902963,0.6144636333211507,0.9810548803492796,0.191888281196613
meta-sarpy-ne,2024-06-17,3,21.560987301860095,0.5843245767738049,0.9796257688416304,0.1913150797491053
meta-sarpy-ne,2024-06-17,4,22.428049499209,0.5807598323278547,0.9801149083061216,0.1927670868263578
meta-sarpy-ne,2024-08-04,0,42.87658175481044,0.395721620044649,0.976194016089052,0.2209436593687066
meta-sarpy-ne,2024-08-04,1,39.47385552584401,0.5625501433015401,0.9794363437290028,0.2113540208399631
meta-sarpy-ne,2024-08-04,2,37.13537263855804,0.6463076182804707,0.9813308673973176,0.2112993758584767
meta-sarpy-ne,2024-08-04,3,36.73337859061644,0.6905123521347999,0.980413411671866,0.1976340475551202
meta-sarpy-ne,2024-08-04,4,36.66411575138455,0.6831805882314631,0.9807320414939186,0.1960937592298078
meta-sarpy-ne,2024-09-05,0,24.888034109517996,0.5322987387203515,0.9775017202759612,0.1502729981809425
meta-sarpy-ne,2024-09-05,1,24.34278263887564,0.5424619573677144,0.9787093172116332,0.1917858761838633
meta-sarpy-ne,2024-09-05,2,24.668147903363153,0.5664335900108816,0.9791492140801228,0.2027692482316457
meta-sarpy-ne,2024-09-05,3,24.55983639911392,0.6310451739547909,0.9782980323456566,0.173901580142859
meta-sarpy-ne,2024-09-05,4,23.55462943040327,0.662642334888324,0.979433813608854,0.1817913830743359
meta-sarpy-ne,2024-10-07,0,27.492638853119292,0.2971575198696407,0.9748206538220568,0.2087870999308696
meta-sarpy-ne,2024-10-07,1,27.800610507266217,0.3189374417326217,0.9757375834802302,0.2124807884311461
meta-sarpy-ne,2024-10-07,2,26.684656250524252,0.3351651452729328,0.976218297187096,0.2057699437376135
meta-sarpy-ne,2024-10-07,3,26.704780521238774,0.3774348828563914,0.975769786656816,0.1917988085714265
meta-sarpy-ne,2024-10-07,4,27.1229173784609,0.3703987759263523,0.9761572688949508,0.1992913734807342
meta-sarpy-ne,2024-10-23,0,22.21369596174647,0.2807639246985938,0.9745008434949198,0.2040355086530965
meta-sarpy-ne,2024-10-23,1,22.374273580996505,0.298739582344969,0.9753842988976806,0.2105236520783368
meta-sarpy-ne,2024-10-23,2,22.13718288977972,0.2934240893054886,0.9755359975182673,0.2289819050736195
meta-sarpy-ne,2024-10-23,3,22.072998195038437,0.3310582059189993,0.9749469003396818,0.2099188415233397
meta-sarpy-ne,2024-10-23,4,22.236636665581088,0.3318072063015788,0.9754851635859352,0.2087682234055969
meta-sarpy-ne,2024-11-24,0,9.74843122134198,0.3175174102291887,0.97383799197933,0.1842055377399168
meta-sarpy-ne,2024-11-24,1,11.745381877523576,0.2506831569070632,0.974050339603804,0.196801087047595
meta-sarpy-ne,2024-11-24,2,12.903305578142849,0.2295527614863658,0.9739443952897692,0.1956296120324041
meta-sarpy-ne,2024-11-24,3,12.918486092687974,0.2708241283644189,0.9736271915369322,0.1783419149657572
meta-sarpy-ne,2024-11-24,4,12.34193543453428,0.2871185381738336,0.9743541778712436,0.1765516022500989
meta-sarpy-ne,2024-12-10,0,5.146050351755953,0.2785956072057369,0.974564364960666,0.1672045797567111
meta-sarpy-ne,2024-12-10,1,5.416240451256476,0.2523336350453243,0.9743490566478136,0.1717977813535301
meta-sarpy-ne,2024-12-10,2,5.758348529411564,0.23928392079955,0.9742823153321308,0.174950280155764
meta-sarpy-ne,2024-12-10,3,5.576222395530897,0.2664131591920571,0.9739545503043217,0.1600276423445692
meta-sarpy-ne,2024-12-10,4,5.7225685363062935,0.2687783947381274,0.9746398795315092,0.16149612739625
meta-sarpy-ne,2025-01-27,0,5.2590027788400775,0.1905310837901066,0.9733888764149096,0.1894923774057327
meta-sarpy-ne,2025-01-27,1,5.944455113748043,0.1938786955954494,0.9737302062614892,0.1786377559079003
meta-sarpy-ne,2025-01-27,2,6.20162788409978,0.1967498420075934,0.9739501243963824,0.1813002997023147
meta-sarpy-ne,2025-01-27,3,6.249427868884051,0.2172161525469451,0.97383741228052,0.168680932114783
meta-sarpy-ne,2025-01-27,4,6.346922131663363,0.2122217057661125,0.9743696923857256,0.1676752104493633
meta-sarpy-ne,2025-02-28,0,18.369270355594868,0.1718211826883574,0.97251308960658,0.1828437464986759
meta-sarpy-ne,2025-02-28,1,18.120667971971717,0.1883594090112542,0.9734709246332798,0.1785758219935374
meta-sarpy-ne,2025-02-28,2,18.205074618164335,0.1863310365918025,0.9735394645265852,0.1929317019198792
meta-sarpy-ne,2025-02-28,3,18.27312665341331,0.2095007936942207,0.9732549329840086,0.1775060958877864
meta-sarpy-ne,2025-02-28,4,18.384788095428444,0.2064653154870515,0.97346854289897,0.1771389053442612
meta-sarpy-ne,2025-03-16,0,15.467117360198577,0.1879185843727079,0.9731559112741406,0.2161212650649487
meta-sarpy-ne,2025-03-16,1,15.735254759325343,0.1979044531220759,0.9739355885700116,0.2028861224531206
meta-sarpy-ne,2025-03-16,2,15.535683005512809,0.1920221009620054,0.9738655255857656,0.20713194754181
meta-sarpy-ne,2025-03-16,3,14.653435998667277,0.2144652584248972,0.9733086141161532,0.1886192772844135
meta-sarpy-ne,2025-03-16,4,13.923322070055356,0.2094354301805866,0.9736955086721284,0.1816098406395394
meta-sarpy-ne,2025-05-03,0,26.19218233323827,0.4020905935195211,0.9765257703328192,0.1851307209687017
meta-sarpy-ne,2025-05-03,1,26.884885430249525,0.4014261825839313,0.9766021689089546,0.1940441475018205
meta-sarpy-ne,2025-05-03,2,27.62006957163016,0.3062693837667291,0.9754091240023216,0.2079352339483649
meta-sarpy-ne,2025-05-03,3,27.435364998214716,0.3617992557994122,0.9750804101312393,0.1901799788571349
meta-sarpy-ne,2025-05-03,4,27.515836892643808,0.35344146532101,0.9755895376642452,0.1862780735561875
meta-sarpy-ne,2025-06-20,0,40.73142938317714,0.3990230286936994,0.9766239892134344,0.2148469765806222
meta-sarpy-ne,2025-06-20,1,38.20727766211466,0.5272828035171041,0.9791069927117334,0.2004660552836082
meta-sarpy-ne,2025-06-20,2,37.2760093085568,0.5302912938684905,0.9796802760932326,0.2046398762765191
meta-sarpy-ne,2025-06-20,3,37.36230057348756,0.584376955213788,0.978981498510061,0.1916427118226226
meta-sarpy-ne,2025-06-20,4,37.37469627820825,0.5852654916756883,0.979397309630937,0.1885485162483595
meta-sarpy-ne,2025-07-06,0,35.956010469083665,0.5280043061935101,0.978607580017473,0.2302894930090541
meta-sarpy-ne,2025-07-06,1,34.22209014463913,0.5567155146983982,0.9789552467916623,0.2490514612686367
meta-sarpy-ne,2025-07-06,2,33.28627556960088,0.7231749084934169,0.9826226069485052,0.2375776205899919
meta-sarpy-ne,2025-07-06,3,33.969164329333644,0.7017970243109874,0.9801371447490336,0.2314295262814697
meta-sarpy-ne,2025-07-06,4,33.76608188163265,0.6625921886270526,0.9793436568275226,0.2192242785377739
meta-sarpy-ne,2025-08-07,2,25.893771376392696,0.8442584804901928,0.9839618293158894,0.3090265672398107
meta-sarpy-ne,2025-08-07,3,27.86645607176528,0.8306665681654173,0.9831925364645372,0.2679217004972111
meta-sarpy-ne,2025-08-07,4,26.588591264459986,0.8161476767211396,0.9836965703807165,0.2545420447904571
meta-sarpy-ne,2025-08-23,0,29.739891084003126,0.5437249195008925,0.9792161014145638,0.2290743321931693
meta-sarpy-ne,2025-08-23,1,27.91116651746023,0.6086285166570203,0.9799900333448832,0.2040029210371712
meta-sarpy-ne,2025-08-23,2,23.3710415816281,0.7360590470764338,0.9832510856363998,0.2130140540818244
meta-sarpy-ne,2025-08-23,3,23.158606495564584,0.7237660503805633,0.9803387805714048,0.2035553051885502
meta-sarpy-ne,2025-08-23,4,23.632252633466997,0.7350985041513514,0.9821244527903884,0.1926443864239199
meta-sarpy-ne,2025-09-24,0,29.79170188437272,0.458883635869383,0.9777391839254737,0.1925805264123206
meta-sarpy-ne,2025-09-24,1,28.66598621462264,0.4747279405762628,0.9778697670054542,0.1689228161520449
meta-sarpy-ne,2025-09-24,2,28.665837757642556,0.4432722710606105,0.977830041047024,0.1623638975268312
meta-sarpy-ne,2025-09-24,3,28.28319985979708,0.4905244219577664,0.977070516958988,0.1484068047727901
meta-sarpy-ne,2025-09-24,4,28.765750516786177,0.4679654763160719,0.9771846608314432,0.1444278489996097
meta-sarpy-ne,2025-10-10,0,26.869434066119673,0.4271491409468176,0.9771008239737776,0.1937617040168042
meta-sarpy-ne,2025-10-10,1,26.505775549996137,0.4241875580358024,0.9769876168874044,0.1793609218580886
meta-sarpy-ne,2025-10-10,2,26.857679693282464,0.3655805101254842,0.9763851280697494,0.1821034934447179
meta-sarpy-ne,2025-10-10,3,26.497003740107935,0.4186826334631249,0.9758747928069832,0.1624352279279795
meta-sarpy-ne,2025-10-10,4,26.63348522381064,0.4094289866295668,0.97630080553476,0.1627758401984321
meta-sarpy-ne,2025-10-26,0,18.283457688628893,0.4101102508260195,0.9761486333060624,0.1855060615952198
meta-sarpy-ne,2025-10-26,1,18.391311595738156,0.3642198357462509,0.9759279087254848,0.1980210882783977
meta-sarpy-ne,2025-10-26,2,19.30880510009935,0.3238788982198591,0.9757483252569448,0.2104236744653426
meta-sarpy-ne,2025-10-26,3,19.963298877605904,0.3826072009045319,0.9752808651643275,0.1821466644650392
meta-sarpy-ne,2025-10-26,4,20.044429606763245,0.3872661990024404,0.975980410917878,0.1798786878613716
meta-sarpy-ne,2025-11-11,0,14.82088681437935,0.3603701761597278,0.9759779357057782,0.1926724644016042
meta-sarpy-ne,2025-11-11,1,15.230090786556186,0.3392541589571397,0.9759268269597068,0.1936159899218533
meta-sarpy-ne,2025-11-11,2,15.450503036274384,0.3034626978052105,0.97542004220474,0.1926165263675347
meta-sarpy-ne,2025-11-11,3,15.158584534910965,0.3389000511315009,0.9751729172139012,0.1827195471153656
meta-sarpy-ne,2025-11-11,4,15.253004973704972,0.3312787703412195,0.9757278617249636,0.1830000001968504
meta-sarpy-ne,2025-11-27,3,5.035205240000001,0.2444927502444922,0.9755,0.2988516358333333
meta-sarpy-ne,2025-12-29,0,-6.325062418597502,0.2015627159631866,0.9731050817112816,0.2339124084790315
meta-sarpy-ne,2025-12-29,1,-6.280930559262255,0.1913003711533782,0.9735382850513736,0.2463980926696807
meta-sarpy-ne,2025-12-29,2,-6.412618424232993,0.1800207451572322,0.9734558804452184,0.258131160200474
meta-sarpy-ne,2025-12-29,3,-6.556303760327707,0.2030542254385818,0.9730421817042354,0.2380421790629849
meta-sarpy-ne,2025-12-29,4,-6.60898676744733,0.2002569613880317,0.9736433493231492,0.2360157147316189
meta-sarpy-ne,2026-01-14,0,1.1504675818368248,0.2188376294139263,0.973580802545919,0.1884685674567922
meta-sarpy-ne,2026-01-14,1,0.4375893436355276,0.221488117534415,0.9741931647237522,0.1862714755339735
meta-sarpy-ne,2026-01-14,2,0.3202330683991294,0.2215952545281161,0.9741996622291964,0.1876246747537523
meta-sarpy-ne,2026-01-14,3,0.4181002730260676,0.2538234522046182,0.9739258482622516,0.1697664875545502
meta-sarpy-ne,2026-01-14,4,0.6706306421723804,0.2561299217791046,0.9744320401216348,0.1696237339164135
meta-sarpy-ne,2026-02-15,0,19.636936580363905,0.1887951006869195,0.9732620849487452,0.2092919261846381
meta-sarpy-ne,2026-02-15,1,19.989757193819436,0.2025919790745418,0.9740593351127048,0.2087486204623433
meta-sarpy-ne,2026-02-15,2,20.2748719495385,0.2042149202962895,0.9740561578827442,0.2071645600938568
meta-sarpy-ne,2026-02-15,3,20.0524878479839,0.2283753963989217,0.973579877479675,0.1891819005462981
meta-sarpy-ne,2026-02-15,4,19.907054294845384,0.2288375405222076,0.9741094066412002,0.1876909976189204
meta-sarpy-ne,2026-03-19,0,32.114214073267554,0.2065452507962618,0.9733087890193666,0.2138800917701247
meta-sarpy-ne,2026-03-19,1,32.313734700351674,0.223061037467191,0.9741804601955518,0.2048376959674241
meta-sarpy-ne,2026-03-19,2,33.67453737772719,0.2263448463471451,0.9743666154714968,0.2076201437391583
meta-sarpy-ne,2026-03-19,3,33.018019342375275,0.2514802025606235,0.9742079092259812,0.1994643720286534
meta-sarpy-ne,2026-03-19,4,32.69611533621968,0.2498764092874083,0.9749630654873116,0.1967555027069554
meta-sarpy-ne,2026-04-04,3,7.917165770000054,0.2990009784917193,0.97475,0.27007695125
meta-sarpy-ne,2026-04-20,0,30.00435246698937,0.3224342010501668,0.9750063171627232,0.2210217928954948
meta-sarpy-ne,2026-04-20,1,29.54039144326747,0.3254019293857045,0.9754115017465428,0.2125219222537664
meta-sarpy-ne,2026-04-20,2,30.224531326423627,0.2891227645756812,0.9752919220638804,0.2139285325100244
meta-sarpy-ne,2026-04-20,3,30.057393276234,0.3424520433015803,0.9755434418050084,0.2029734558247332
meta-sarpy-ne,2026-04-20,4,30.19547314575457,0.3319236685419484,0.9760038446835188,0.2049068377661017
meta-sarpy-ne,2026-05-06,0,21.892469503670533,0.3764315023555067,0.9760631558876672,0.2480278048563493
meta-sarpy-ne,2026-05-06,1,22.207549759740076,0.3605221421850688,0.97613705941407,0.2477486872821427
meta-sarpy-ne,2026-05-06,2,23.563563014947896,0.2936332906005423,0.975438275760936,0.2578297766346422
meta-sarpy-ne,2026-05-06,3,23.551220405078507,0.3601045817858264,0.9750410576771684,0.2308797360315564
meta-sarpy-ne,2026-05-06,4,22.610605932198705,0.3658338834272387,0.9757183592768228,0.2198010682221155
meta-sarpy-ne,2026-07-09,1,26.867618100000016,0.5473073052731015,0.977411111111111,0.2015475180555555
meta-sarpy-ne,2026-07-09,2,26.43765481615228,0.5587098628929074,0.9778756309474556,0.2374654034671079
meta-sarpy-ne,2026-07-09,3,28.57555518261818,0.7453573172138921,0.982395787737908,0.2631245911804424
meta-sarpy-ne,2026-07-09,4,29.21292820740192,0.7261779352869947,0.9816186212043782,0.2557264362134768
meta-sarpy-ne,2026-07-25,0,40.13876556399124,0.4338953004299298,0.9766986221705688,0.1985300921386429
meta-sarpy-ne,2026-07-25,1,37.49791281690529,0.5455982992821435,0.9790421307590336,0.1995501351516524
meta-sarpy-ne,2026-07-25,2,34.790915762944394,0.6458066263179197,0.9814179229072624,0.2136690025927476
meta-sarpy-ne,2026-07-25,3,34.73437480740499,0.6911355393669959,0.9805254748142606,0.1995937395214267
meta-sarpy-ne,2026-07-25,4,35.000616733089,0.6887627043764584,0.9809548452811924,0.1983324621602221
meta-sarpy-ne,2026-08-10,4,31.018523155642576,0.6787304390399949,0.9782109850850124,0.1332210574196489
meta-sarpy-ne,2026-08-26,0,31.72925105708372,0.5028083064052438,0.9782828363765126,0.2009003110657067
meta-sarpy-ne,2026-08-26,1,29.67362835209194,0.5814430758652027,0.9798509123955048,0.1980289705793349
meta-sarpy-ne,2026-08-26,2,26.783721293809755,0.6660988938473431,0.9816908131937478,0.1863650615438348
meta-sarpy-ne,2026-08-26,3,26.441188259392593,0.7211392492670483,0.9807829919655257,0.1809478462119143
meta-sarpy-ne,2026-08-26,4,27.548336988290373,0.6944349911689822,0.981034888667676,0.1892161139743117
meta-sarpy-ne,2026-09-11,0,32.97916913146025,0.4794313227152763,0.9780114761615089,0.2118008960388541
meta-sarpy-ne,2026-09-11,1,31.608394634642053,0.5393883722198355,0.9792810057083357,0.2053678565155997
meta-sarpy-ne,2026-09-11,2,30.296934804380797,0.5622755794091938,0.9801610116482748,0.2005104449360213
meta-sarpy-ne,2026-09-11,3,29.956980672078284,0.6120235828212194,0.9792853181674398,0.1829289334359106
meta-sarpy-ne,2026-09-11,4,29.53362452890513,0.6073592063011378,0.9797833237630206,0.179815647564853
meta-sarpy-ne,2013-03-30,0,17.386034037543318,0.2993400622753152,0.9708637655691802,0.1159924265637367
meta-sarpy-ne,2013-03-30,1,20.759191316479313,0.2454890437305169,0.9733583376041944,0.1770268485650057
meta-sarpy-ne,2013-03-30,2,21.01552197616788,0.2286071638628723,0.9721166975006256,0.1745595679632501
meta-sarpy-ne,2013-03-30,3,20.338534975376753,0.2366965319917204,0.971974624838454,0.1673697714314204
meta-sarpy-ne,2013-03-30,4,20.65754544666144,0.2389636879275074,0.9717725774579106,0.1723909984016776
meta-sarpy-ne,2021-11-21,0,11.10994446917494,0.3070294137309423,0.9753166741361184,0.2128593154247149
meta-sarpy-ne,2021-11-21,1,11.219265438906252,0.2755218245492402,0.9755134082899156,0.2023396683904965
meta-sarpy-ne,2021-11-21,2,11.729463750876674,0.303927608510916,0.9759278055449342,0.1878308703995681
meta-sarpy-ne,2021-11-21,3,11.548442862124991,0.3106161667367462,0.9752062293065498,0.1786440192316913
meta-sarpy-ne,2021-11-21,4,11.518739036043485,0.3040586097675757,0.9757795368852508,0.1803947498795291
meta-sarpy-ne,2022-01-11,2,-0.1836520274647783,0.2524462454354428,0.9750559617619252,0.2016355332970222
meta-sarpy-ne,2022-01-11,3,3.8493522862524783,0.2273217178572351,0.9731513600963382,0.2012180713873756
meta-sarpy-ne,2022-01-11,4,5.530058713255238,0.2225926890643751,0.9734637903117722,0.2073359606991891
meta-sarpy-ne,2022-02-28,0,15.808607814696591,0.184392847283537,0.9722724320118908,0.167205874838129
meta-sarpy-ne,2022-02-28,1,15.83735463075926,0.1858425760630913,0.9734309482861164,0.1556772968109895
meta-sarpy-ne,2022-02-28,2,17.90161204157297,0.2149671328973389,0.973205411259963,0.1539399778017168
meta-sarpy-ne,2022-02-28,3,16.94569806991744,0.2136304809895473,0.9728867762915122,0.148519608965102
meta-sarpy-ne,2022-02-28,4,16.420620788409305,0.2185605051568873,0.9729521919625144,0.1563941548990595
meta-sarpy-ne,2022-04-01,0,8.749717714634372,0.1576785556349317,0.9713045240130994,0.2075915319307903
meta-sarpy-ne,2022-04-01,1,9.194858173538083,0.181013713999578,0.9730161761697284,0.2054355433901367
meta-sarpy-ne,2022-04-01,2,10.37807349894797,0.1990675691806254,0.9727161264024278,0.1978527121936095
meta-sarpy-ne,2022-04-01,3,10.997794599036109,0.2049812176085389,0.9728005664819118,0.2047700584685892
meta-sarpy-ne,2022-04-01,4,11.58075199332688,0.2053819193060558,0.9731098280228848,0.2083822970871519
meta-sarpy-ne,2022-05-19,0,39.68061591600612,0.2931615925431632,0.9731647566213,0.2458520999425488
meta-sarpy-ne,2022-05-19,1,38.27773263053091,0.304635090442317,0.9745769590246812,0.228209801642728
meta-sarpy-ne,2022-05-19,2,38.56455284890508,0.3289564863697266,0.974701030601788,0.2104497164085499
meta-sarpy-ne,2022-05-19,3,38.681169272677494,0.3694807925488197,0.9747559745863212,0.2038074232337297
meta-sarpy-ne,2022-05-19,4,37.76836717706335,0.3535252454061776,0.974837916918027,0.2058538353022729
meta-sarpy-ne,2022-06-20,0,45.1991085001124,0.3241827925844078,0.9737348833725272,0.2426986524240943
meta-sarpy-ne,2022-06-20,1,44.22857555535286,0.3801716120291245,0.976008331265098,0.2209146655720674
meta-sarpy-ne,2022-06-20,2,42.96980585079502,0.490206600266144,0.977718282002494,0.2100383891675289
meta-sarpy-ne,2022-06-20,3,42.99125129854535,0.5240391674117364,0.9774584883044676,0.2031028162756541
meta-sarpy-ne,2022-06-20,4,42.87891570755787,0.5123262016620833,0.9775965330651362,0.1995223553601759
meta-sarpy-ne,2022-08-07,0,48.55934497845714,0.2825493985129138,0.9725161498860524,0.2460743554217021
meta-sarpy-ne,2022-08-07,1,46.00013393818822,0.4380391000174309,0.9762308735933488,0.2149197501773452
meta-sarpy-ne,2022-08-07,2,42.90520792361574,0.570106023878796,0.977766976896394,0.2046959695044569
meta-sarpy-ne,2022-08-07,3,42.31485647981754,0.6214414121137454,0.9777461329113968,0.1952311818355238
meta-sarpy-ne,2022-08-07,4,41.968221594122774,0.6141002530640975,0.9780468606204497,0.1906747994699664
meta-sarpy-ne,2022-08-23,0,41.19048381941774,0.3111600028891259,0.973186028764176,0.2256068715616344
meta-sarpy-ne,2022-08-23,1,38.36840643892314,0.4707582786990902,0.9772334456739546,0.201117008914175
meta-sarpy-ne,2022-08-23,2,35.8598599462237,0.5751837190840466,0.9786830342221768,0.1888362795472553
meta-sarpy-ne,2022-08-23,3,35.34091522527398,0.6276075719065076,0.9785906391594392,0.1812451950986818
meta-sarpy-ne,2022-08-23,4,35.394255230605474,0.6244346188617056,0.9790351957225318,0.1782610713952237
meta-sarpy-ne,2022-09-08,0,35.53096331487301,0.349099979016496,0.973847445000319,0.2194631212984512
meta-sarpy-ne,2022-09-08,1,34.228850791026076,0.4802081730951372,0.9772375925199828,0.2008829227937212
meta-sarpy-ne,2022-09-08,2,33.220322260536705,0.5218728039803213,0.9777641065543824,0.1882957747437181
meta-sarpy-ne,2022-09-08,3,33.05760936803589,0.5799583458451141,0.97772796324727,0.1819501592281877
meta-sarpy-ne,2022-09-08,4,32.9554028799649,0.5736187414840879,0.9782302341947284,0.1793336088985812
meta-sarpy-ne,2022-09-24,0,31.3680276016043,0.3444854398680738,0.973672196900225,0.2184221224591625
meta-sarpy-ne,2022-09-24,1,30.961891271965953,0.4257854697360764,0.9763582220416858,0.1884842025892651
meta-sarpy-ne,2022-09-24,2,30.38423527678736,0.4408650768443535,0.9765337213501945,0.1736340264349661
meta-sarpy-ne,2022-09-24,3,30.718583496021736,0.4965523646958386,0.9765943240047268,0.1634711281040141
meta-sarpy-ne,2022-09-24,4,31.11844089934379,0.4703467682065875,0.976753493499707,0.1620389634559952
meta-sarpy-ne,2022-10-10,0,30.35320206440578,0.2883061070826717,0.973076640002906,0.2231216772012472
meta-sarpy-ne,2022-10-10,1,31.425572647692157,0.3126579252475926,0.9747838188105225,0.2121127679312477
meta-sarpy-ne,2022-10-10,2,30.661033200691676,0.3251615011930897,0.9749228264593126,0.2018553793335648
meta-sarpy-ne,2022-10-10,3,30.971876964253628,0.3628289569166155,0.974844545580808,0.1869683874244649
meta-sarpy-ne,2022-10-10,4,31.07933526388859,0.3537605265275164,0.975232068929952,0.1891436830925176
meta-sarpy-ne,2022-10-26,0,13.13574794636872,0.2490672259647404,0.9722093669702292,0.1642046728728424
meta-sarpy-ne,2022-10-26,1,13.57714909205898,0.2631787459427023,0.9737701453220374,0.1664020016952687
meta-sarpy-ne,2022-10-26,2,13.681280874669184,0.2593901301004065,0.97366954824596,0.1810601672796538
meta-sarpy-ne,2022-10-26,3,14.61297338394906,0.2977697936164088,0.9738804890836052,0.1848067765048337
meta-sarpy-ne,2022-10-26,4,14.93951422066665,0.3000157641410501,0.9741738049412364,0.1981310178707944
meta-sarpy-ne,2022-11-11,0,3.068074776987222,0.2705692101074481,0.9727670800911604,0.2108974636566024
meta-sarpy-ne,2022-11-11,1,3.030588219481524,0.2656439345998934,0.9741854750281772,0.202961623820779
meta-sarpy-ne,2022-11-11,2,2.3421461058456146,0.2537037092519964,0.9739498859666376,0.214560994954563
meta-sarpy-ne,2022-11-11,3,2.7019993592819325,0.2932418133340004,0.9740333464154672,0.1945779716920982
meta-sarpy-ne,2022-11-11,4,2.9246720405980344,0.2851252477831025,0.9743923988219472,0.1906529831413242
meta-sarpy-ne,2022-11-27,2,-0.9610616406271384,0.3072880642142526,0.9751269804317556,0.2861302481372771
meta-sarpy-ne,2022-11-27,3,0.3298190900882871,0.3692969951610779,0.9754704666443405,0.2296178306287699
meta-sarpy-ne,2022-11-27,4,0.905856448685849,0.2932877163422274,0.975762997735688,0.2384862348597056
meta-sarpy-ne,2022-12-29,0,6.4287837863843595,0.2119954605088957,0.9723555404427198,0.171752532139651
meta-sarpy-ne,2022-12-29,1,6.325002309774094,0.2125070952395745,0.9739738649636964,0.1757138807522832
meta-sarpy-ne,2022-12-29,2,6.1501969547836675,0.2026764153336276,0.9733998480046788,0.1861356523406707
meta-sarpy-ne,2022-12-29,3,6.297664496509939,0.2280405643183114,0.9735287077974614,0.176314126888996
meta-sarpy-ne,2022-12-29,4,6.478465484169068,0.2231934417119428,0.9739680504609036,0.1755287517420058
meta-sarpy-ne,2023-01-30,0,-9.333916603770364,0.2466132108503973,0.9706237454261512,0.1825408370653027
meta-sarpy-ne,2023-01-30,1,-9.028357185527558,0.2549199637174554,0.9719060072646464,0.183842122753861
meta-sarpy-ne,2023-01-30,2,-8.977039843948342,0.2489646062617525,0.9714635233756757,0.1903312409032015
meta-sarpy-ne,2023-01-30,3,-9.45133946384779,0.2572035026435418,0.9713156758648356,0.1939686209182486
meta-sarpy-ne,2023-01-30,4,-9.640037219478494,0.2422181140961099,0.9715112368074365,0.2086813704670319
meta-sarpy-ne,2023-03-03,0,13.75634739194805,0.147435817093864,0.9714827256053832,0.2177604350958464
meta-sarpy-ne,2023-03-03,1,13.253110798028798,0.1808041012876497,0.9732371902940146,0.1763309328228003
meta-sarpy-ne,2023-03-03,2,12.97040678780368,0.1841574149750218,0.972989985851077,0.17782537201862
meta-sarpy-ne,2023-03-03,3,12.94823274338246,0.211569478754974,0.9731427157453072,0.1638223952866328
meta-sarpy-ne,2023-03-03,4,13.234780520043984,0.2009978049995604,0.9734722566700452,0.1592933877851526
meta-sarpy-ne,2023-03-19,0,9.909579242467208,0.1530653820243705,0.9712899538756292,0.2195806421333432
meta-sarpy-ne,2023-03-19,1,9.77243938650284,0.1667585204489276,0.9729625581881048,0.2002741439424631
meta-sarpy-ne,2023-03-19,2,9.845490222023423,0.1692078912994534,0.9727266639967108,0.1994111737287907
meta-sarpy-ne,2023-03-19,3,9.815628894685414,0.1921311893681332,0.9728717125000144,0.1875188894489098
meta-sarpy-ne,2023-03-19,4,9.815603814485677,0.1806545860498343,0.9731952112900674,0.1831102615013718
meta-sarpy-ne,2023-04-04,0,30.26552213332061,0.165700660515183,0.9715499865653232,0.2318168229367182
meta-sarpy-ne,2023-04-04,1,31.50953149218484,0.1843031296642898,0.9731745043410088,0.2135668803295993
meta-sarpy-ne,2023-04-04,2,31.829504534723885,0.184805644447229,0.9728605899870842,0.2112877543924715
meta-sarpy-ne,2023-04-04,3,32.16679575910204,0.213270879362062,0.9731677363165095,0.197889324563363
meta-sarpy-ne,2023-04-04,4,32.45935282640399,0.2131405101272291,0.9735260397621222,0.1965006556073261
meta-sarpy-ne,2023-05-22,0,40.16860951790234,0.2904555033310136,0.9732158498052452,0.2320072430413825
meta-sarpy-ne,2023-05-22,1,40.354315764125936,0.3282321253780935,0.9750134239725924,0.2201135752934752
meta-sarpy-ne,2023-05-22,2,40.83473082668272,0.3085823296856113,0.974582883278924,0.2201892372864536
meta-sarpy-ne,2023-05-22,3,41.39045900076922,0.3530961910504995,0.9747120759663814,0.2033640884295106
meta-sarpy-ne,2023-05-22,4,41.15902094858565,0.3443435653180802,0.9750417609031742,0.2001059758164407
meta-sarpy-ne,2023-06-07,0,45.44422575412874,0.3027005213481911,0.9735150362730054,0.2354703278629003
meta-sarpy-ne,2023-06-07,1,46.55193373475177,0.338273131606452,0.975454295931526,0.220395520802625
meta-sarpy-ne,2023-06-07,2,47.32738830649027,0.33220113218558,0.9752059111871136,0.2203061939098025
meta-sarpy-ne,2023-06-07,3,46.60885964954073,0.4003514582744276,0.9757265127710686,0.2010265355934836
meta-sarpy-ne,2023-06-07,4,46.390999240170295,0.3901124132842287,0.9759208295881854,0.197580604979653
meta-sarpy-ne,2023-06-23,0,44.07192047046445,0.3186073069640229,0.9736506264924616,0.2463340344464055
meta-sarpy-ne,2023-06-23,1,43.77411996365529,0.4045374867123739,0.9764282272075177,0.2222392152638025
meta-sarpy-ne,2023-06-23,2,42.821261988095486,0.4507656847485358,0.9771149441041754,0.22047465574991
meta-sarpy-ne,2023-06-23,3,41.602892041202566,0.539240656796574,0.9777613574379584,0.1985561354229681
meta-sarpy-ne,2023-06-23,4,41.57862814500871,0.5221829562295405,0.9778110611388232,0.1955948955634518
meta-sarpy-ne,2023-07-09,0,37.54086060344589,0.3672925826852375,0.9741452195901484,0.2375261951284199
meta-sarpy-ne,2023-07-09,1,34.16497971372069,0.5201415193171816,0.9779574947108456,0.2109992135895586
meta-sarpy-ne,2023-07-09,2,32.64292960378269,0.5850676988144502,0.9788978269439657,0.2148467438161601
meta-sarpy-ne,2023-07-09,3,31.80382976565244,0.6642398595996488,0.9789576554051596,0.1955486556813304
meta-sarpy-ne,2023-07-09,4,32.51676643301141,0.6471208139159871,0.9789802120143144,0.1935141382479499
meta-sarpy-ne,2023-08-10,0,36.84087107419014,0.4286975992985361,0.9750046669148436,0.2284505020150358
meta-sarpy-ne,2023-08-10,1,34.14281567835708,0.586166870520629,0.9789581778119472,0.2114963408537649
meta-sarpy-ne,2023-08-10,2,32.21052334540519,0.6777531328400932,0.9806867839186468,0.2229027736399546
meta-sarpy-ne,2023-08-10,3,31.814615113126536,0.7393816093604109,0.9803937868957068,0.1993097711631666
meta-sarpy-ne,2023-08-10,4,32.48580566738228,0.7140698488177962,0.9805154169793868,0.1953402717748915
meta-sarpy-ne,2023-09-11,4,16.033254260000035,0.5450188191013878,0.9799,0.1430773175
meta-sarpy-ne,2023-09-27,0,27.881343209410264,0.3094004565257697,0.9709732252438472,0.2591535119076698
meta-sarpy-ne,2023-09-27,1,28.906808784796205,0.3699073072554981,0.9752521037226108,0.1960261211345456
meta-sarpy-ne,2023-09-27,2,30.15146101093972,0.3473406150889311,0.9744819401862388,0.1778944966940343
meta-sarpy-ne,2023-09-27,3,30.160623489666225,0.4286713150614551,0.975934517810042,0.1607841474351675
meta-sarpy-ne,2023-09-27,4,30.389177091213597,0.41308317162975,0.9755721927555396,0.1623578426309461
meta-sarpy-ne,2023-11-14,0,17.59575773797746,0.2543057636544981,0.9728807703133376,0.2316404118400948
meta-sarpy-ne,2023-11-14,1,18.184135372813333,0.2680275913240555,0.9745836372738352,0.2184989274440185
meta-sarpy-ne,2023-11-14,2,17.474120910067093,0.2447806100931724,0.973656658360258,0.2122528571128614
meta-sarpy-ne,2023-11-14,3,16.88854967583155,0.273388581450818,0.973484301332545,0.1914644667796879
meta-sarpy-ne,2023-11-14,4,16.340573209906523,0.2860046355987147,0.9741988168290812,0.1827889502641647
meta-sarpy-ne,2023-11-30,0,7.400045322776832,0.2520143420793465,0.9726530798006124,0.1979382886040452
meta-sarpy-ne,2023-11-30,1,7.450962000556693,0.2584037525779624,0.974077723112408,0.1919416847404501
meta-sarpy-ne,2023-11-30,2,7.605431272034682,0.2407100857460772,0.9735432350348654,0.1854732517434939
meta-sarpy-ne,2023-11-30,3,7.595818748660619,0.2758994413999503,0.9736506440728344,0.1678236464011368
meta-sarpy-ne,2023-11-30,4,7.602201785571354,0.2734200055623162,0.9740947903489,0.1689063173249839
meta-sarpy-ne,2024-01-01,0,0.957709169913582,0.2212147838519703,0.972091986798262,0.1795029150877883
meta-sarpy-ne,2024-01-01,1,1.3326268160143844,0.2320826040815742,0.9736436665012108,0.1742175277099613
meta-sarpy-ne,2024-01-01,2,1.3638164685874012,0.2229905231077788,0.9733604029511428,0.1663602483283379
meta-sarpy-ne,2024-01-01,3,1.3215995510801988,0.2493679977886317,0.9732193445212364,0.1530774343685291
meta-sarpy-ne,2024-01-01,4,1.454380359661206,0.2478401795067894,0.9735615548427696,0.1540441887126369
meta-sarpy-ne,2024-02-02,0,11.741287942595868,0.180350866245,0.9715106231330082,0.1825341337046588
meta-sarpy-ne,2024-02-02,1,11.242722677370988,0.1808477482614882,0.9731484153767932,0.1799860470796498
meta-sarpy-ne,2024-02-02,2,11.015351304286334,0.1803018848332479,0.9729057758339892,0.1712642295289999
meta-sarpy-ne,2024-02-02,3,11.279757489595934,0.2070551665855609,0.9728133748004308,0.1584227689529584
meta-sarpy-ne,2024-02-02,4,11.129803637329312,0.2030172304521731,0.973238055001178,0.1595427740385428
meta-sarpy-ne,2024-02-18,0,10.917117579149712,0.1822217948486996,0.9712193994752,0.2008634877034056
meta-sarpy-ne,2024-02-18,1,11.495272988715495,0.2018700711953953,0.972793487018532,0.1890943167907558
meta-sarpy-ne,2024-02-18,2,11.877836759442513,0.199575923182605,0.9723967591720784,0.1854834120726327
meta-sarpy-ne,2024-02-18,3,11.821912458592733,0.2229722147038649,0.9724652777195454,0.1672455684939325
meta-sarpy-ne,2024-02-18,4,11.90267865388384,0.220804856010856,0.972787262848428,0.1669869809567828
meta-sarpy-ne,2024-03-05,0,8.501790335621678,0.2378287906406192,0.9727102646035026,0.2014439381315945
meta-sarpy-ne,2024-03-05,1,9.388455719300604,0.2138345700970545,0.9733772322263924,0.206823790149311
meta-sarpy-ne,2024-03-05,2,10.417930308317969,0.1992836134711139,0.9732822377819365,0.2068099632394111
meta-sarpy-ne,2024-03-05,3,10.635253063459915,0.2208128310048859,0.9732713443097254,0.1989764489396389
meta-sarpy-ne,2024-03-05,4,10.825477992016957,0.2145634956291592,0.9748463030343492,0.1996969774209879
meta-sarpy-ne,2024-03-21,0,12.775445341573484,0.2402944842699041,0.970809527958588,0.0933388815851314
meta-sarpy-ne,2024-03-21,1,13.66040558323594,0.22501803357946,0.9724325492385744,0.1258876226205612
meta-sarpy-ne,2024-03-21,2,15.126524072439414,0.2126465863615794,0.9719406972696232,0.1926346762374526
meta-sarpy-ne,2024-03-21,3,16.483657716923982,0.2424133950712479,0.9728161447976424,0.1837088864693966
meta-sarpy-ne,2024-03-21,4,16.29191607223697,0.2586846975073301,0.9728621677254842,0.1822255631552016
meta-sarpy-ne,2024-04-06,0,23.376909286612904,0.2416877648688903,0.9724318930059844,0.2230302139720415
meta-sarpy-ne,2024-04-06,1,23.51775215413297,0.2604094554916407,0.974001945833714,0.2081748349811126
meta-sarpy-ne,2024-04-06,2,23.74967210492383,0.2367263885240545,0.9734834355569404,0.2091339153279073
meta-sarpy-ne,2024-04-06,3,23.815549412713356,0.2770352245133812,0.973715897986898,0.1899244972052491
meta-sarpy-ne,2024-04-06,4,23.711694792424368,0.2707242723509135,0.9739898517709225,0.1874830008699565
meta-sarpy-ne,2024-04-22,0,25.35952307164175,0.2818017748043809,0.9732921093728732,0.2444745509580681
meta-sarpy-ne,2024-04-22,1,25.196311349353692,0.3025354236715015,0.9747428474790728,0.2141071016457738
meta-sarpy-ne,2024-04-22,2,25.326301294252204,0.266870033639964,0.97407652178519,0.2134491026381498
meta-sarpy-ne,2024-04-22,3,25.496326246027127,0.3194552202602355,0.9743726468154016,0.195529799469905
meta-sarpy-ne,2024-04-22,4,25.550050514118,0.3088357877285624,0.9744990502219376,0.2010139029130729
meta-sarpy-ne,2024-05-08,2,21.590193802910463,0.2978306752600045,0.9693694444444446,0.2281289867133085
meta-sarpy-ne,2024-05-08,3,22.309900772286777,0.3453934957569643,0.9736444117003324,0.2154736651650731
meta-sarpy-ne,2024-05-08,4,27.98007384079924,0.4072866021563616,0.9768535558843694,0.2230443075625291
meta-sarpy-ne,2024-05-24,0,28.936654607277234,0.3907798141857131,0.9743026162869884,0.2168887296539162
meta-sarpy-ne,2024-05-24,1,26.94601120079338,0.4127396030986999,0.9757841483198862,0.1948216183037752
meta-sarpy-ne,2024-05-24,2,26.26332541580494,0.3625827734341237,0.9752440936553072,0.1922813238889412
meta-sarpy-ne,2024-05-24,3,26.41555157407587,0.4317621650966942,0.9756217776004064,0.1799456615003941
meta-sarpy-ne,2024-05-24,4,26.76982149658394,0.4097513167774982,0.9756634325746364,0.1795793769521476
meta-sarpy-ne,2024-06-09,0,38.46712656667614,0.3814905747160439,0.974324085911184,0.2352638380105004
meta-sarpy-ne,2024-06-09,1,38.109788938793805,0.4158434661451105,0.9760225458089452,0.2192149301792784
meta-sarpy-ne,2024-06-09,2,38.592948774407944,0.4298068372134491,0.9765423743715316,0.2181910902835957
meta-sarpy-ne,2024-06-09,3,38.43801022783058,0.4704838820343011,0.976302692620268,0.199356585010703
meta-sarpy-ne,2024-06-09,4,38.89792678552437,0.4510445941940831,0.9764468148339516,0.1996228896698957
meta-sarpy-ne,2024-06-25,0,43.01679797078828,0.3530991970330062,0.9739689743034295,0.2547469513170393
meta-sarpy-ne,2024-06-25,1,42.0006255718836,0.4634090579740262,0.9773054540864188,0.2235608244096018
meta-sarpy-ne,2024-06-25,2,39.64562892360385,0.606299476005237,0.9797174742033924,0.219549613973692
meta-sarpy-ne,2024-06-25,3,39.917402732278745,0.610842581845548,0.9785821611506242,0.2055452777309614
meta-sarpy-ne,2024-06-25,4,40.63223449038984,0.5834452619617599,0.9783551904903044,0.2047302026754954
meta-sarpy-ne,2024-07-11,0,39.74727416457696,0.3772708967726613,0.9744395589129912,0.2309449603303384
meta-sarpy-ne,2024-07-11,1,36.11903964972416,0.5549866246362415,0.9786167646809584,0.2166964331225862
meta-sarpy-ne,2024-07-11,2,33.719635775395446,0.6538888635706555,0.98037147267083,0.2191882461136312
meta-sarpy-ne,2024-07-11,3,33.29995509004207,0.7010315303103142,0.9800630101847696,0.2017773613085802
meta-sarpy-ne,2024-07-11,4,33.96574807927581,0.6796225281100857,0.9801329219510786,0.2007143252338715
meta-sarpy-ne,2024-07-27,0,37.61718935935899,0.4534638416684157,0.9751033417470972,0.2222180174281692
meta-sarpy-ne,2024-07-27,1,34.96487583988658,0.5939397076365099,0.9788472409753992,0.219787047207869
meta-sarpy-ne,2024-07-27,2,33.59308427375773,0.6586990551316004,0.9798600607254244,0.2258812031174175
meta-sarpy-ne,2024-07-27,3,32.42038323175191,0.7038852056997943,0.979901932438294,0.2182082559567129
meta-sarpy-ne,2024-07-27,4,32.99752490176477,0.6976743631741124,0.9798434204039744,0.2163233063863909
meta-sarpy-ne,2024-08-28,0,40.55703193960884,0.4201657707743503,0.9747438108900748,0.2119354864845711
meta-sarpy-ne,2024-08-28,1,37.68662332283218,0.5694930184075241,0.9785222175644852,0.200925807558839
meta-sarpy-ne,2024-08-28,2,36.03778988942186,0.6322445857439766,0.9795879325542588,0.1977225122132865
meta-sarpy-ne,2024-08-28,3,35.37719591281389,0.6884451007191972,0.9795561125467864,0.1858929301265043
meta-sarpy-ne,2024-08-28,4,35.56457498944966,0.6752803298748872,0.9798400163101764,0.1855014120329906
meta-sarpy-ne,2024-09-13,0,36.33041296822863,0.3612279012921615,0.9740502256280829,0.2182998166134336
meta-sarpy-ne,2024-09-13,1,34.87413551439688,0.4733558426770019,0.9772506604236166,0.2047536150036547
meta-sarpy-ne,2024-09-13,2,33.34480539794913,0.4997900192644902,0.9777028460150372,0.1980852089683532
meta-sarpy-ne,2024-09-13,3,33.08647487857799,0.5605404250792317,0.9778804258327284,0.1837928085876528
meta-sarpy-ne,2024-09-13,4,33.04917283041172,0.5590656055780555,0.9782797325258562,0.1839989972849857
meta-sarpy-ne,2024-09-29,0,35.500253893110454,0.3138929124728914,0.9732749375777447,0.2093170682449127
meta-sarpy-ne,2024-09-29,1,35.16761170485199,0.3490890533234042,0.975253073754368,0.1982437083244401
meta-sarpy-ne,2024-09-29,2,33.7249612733156,0.3667870712146343,0.9754466729995604,0.1846213649151946
meta-sarpy-ne,2024-09-29,3,33.66831734625185,0.4180085485308883,0.9756675956450742,0.172710435045587
meta-sarpy-ne,2024-09-29,4,33.96717123848599,0.4082062854135869,0.9759586853699164,0.1749762655982531
meta-sarpy-ne,2024-10-15,0,19.400344405802972,0.2795814526102103,0.9727777626955528,0.21379032241161
meta-sarpy-ne,2024-10-15,1,19.286344819649113,0.3010838708108792,0.974476729447308,0.2164660418162361
meta-sarpy-ne,2024-10-15,2,18.381271624764473,0.3066300514487707,0.974529515139585,0.2183056405065425
meta-sarpy-ne,2024-10-15,3,18.42136917665255,0.3464100758425047,0.9746222903595398,0.2069262558584496
meta-sarpy-ne,2024-10-15,4,18.740941904122625,0.3425495310769708,0.9749780419758124,0.2078132128147354
meta-sarpy-ne,2024-10-31,0,12.811716455375588,0.2440378546295635,0.9725528847820352,0.2328200236527611
meta-sarpy-ne,2024-10-31,1,13.508758503367414,0.287426676204341,0.9742113385442644,0.1942078059535311
meta-sarpy-ne,2024-10-31,2,13.089897148308207,0.2753407623978794,0.9741049805395988,0.2051724201497627
meta-sarpy-ne,2024-10-31,3,13.156163312334227,0.3150761658335691,0.9741980878071752,0.1915952688235153
meta-sarpy-ne,2024-10-31,4,13.283923078363856,0.3135551837908592,0.974669638914584,0.1885696800423691
meta-sarpy-ne,2024-12-02,2,-3.50572567215127,0.2247477528222011,0.9727836150420176,0.1844928302609213
meta-sarpy-ne,2024-12-02,3,-4.1686259917687,0.3750908868447783,0.9742989421571516,0.1457891447176902
meta-sarpy-ne,2024-12-18,0,3.076485852098312,0.2447167440718187,0.9723484196954713,0.1811455595908503
meta-sarpy-ne,2024-12-18,1,3.3005636017342432,0.2409811044518234,0.9735962612512878,0.1704020019927454
meta-sarpy-ne,2024-12-18,2,3.243005340655322,0.2209114062752341,0.973174402590462,0.1749694899115465
meta-sarpy-ne,2024-12-18,3,3.1574860497895196,0.2549529391503711,0.9733360967731296,0.157816328934301
meta-sarpy-ne,2024-12-18,4,3.235434559476692,0.2605751935110761,0.9738991295489792,0.1561782612013973
meta-sarpy-ne,2025-01-19,0,-8.979700916353856,0.1853875439051563,0.9718407655919458,0.1876668880649102
meta-sarpy-ne,2025-01-19,1,-8.784783952665318,0.1931695718505878,0.9733222703802148,0.1791437538864243
meta-sarpy-ne,2025-01-19,2,-9.127069079889177,0.1844459664160128,0.9729763939408343,0.1856446211362724
meta-sarpy-ne,2025-01-19,3,-9.158122362806573,0.2118354433918843,0.9730562373988402,0.1658638609297822
meta-sarpy-ne,2025-01-19,4,-9.063180503718172,0.2094016162619168,0.9734941837235984,0.164240576195732
meta-sarpy-ne,2025-02-20,0,-12.1065707036052,-0.0209993291806688,0.9898699946430204,0.6667084946260562
meta-sarpy-ne,2025-02-20,1,-12.56942643218413,-0.0198138403499495,0.9901821466188828,0.7295752489913786
meta-sarpy-ne,2025-02-20,2,-13.084267132740331,-0.0221470703638323,0.9902784789284994,0.7572267818143772
meta-sarpy-ne,2025-02-20,3,-13.17563420822124,-0.0129354899247526,0.9901932601013224,0.7279646257868829
meta-sarpy-ne,2025-02-20,4,-13.024967868514736,-0.0160867551042504,0.9901701600950776,0.7316876430966823
meta-sarpy-ne,2025-03-08,0,10.944209213397787,0.1640452359600189,0.9711941223203844,0.194097775050681
meta-sarpy-ne,2025-03-08,1,10.41572556184697,0.1733210917524849,0.9729681042936624,0.1858585814190227
meta-sarpy-ne,2025-03-08,2,10.292875709148758,0.1682365415468478,0.9725472188896818,0.1909041699756015
meta-sarpy-ne,2025-03-08,3,10.402634121816718,0.1859417744583082,0.9726317580474076,0.1781566243803119
meta-sarpy-ne,2025-03-08,4,10.65266440456328,0.1818305479128888,0.9730137432281212,0.172711430219263
meta-sarpy-ne,2025-04-09,2,10.914748355500448,0.2398681986042437,0.9717414029084688,0.2224779869054747
meta-sarpy-ne,2025-04-09,3,16.02021329901028,0.21789582830858,0.9745294472498242,0.163624093885432
meta-sarpy-ne,2025-04-09,4,12.983793184828466,0.3486111824537304,0.9734636110821424,0.2039593625257238
meta-sarpy-ne,2025-05-11,0,40.89293966518195,0.379645895073554,0.9740922183280816,0.2208106463696012
meta-sarpy-ne,2025-05-11,1,40.704940952278285,0.4029341764598259,0.9756489471661124,0.215362396358923
meta-sarpy-ne,2025-05-11,2,42.42273876400601,0.3122954066157279,0.974541474552742,0.2223316512552575
meta-sarpy-ne,2025-05-11,3,42.10926852662445,0.3665332964014131,0.9747698011437864,0.2076960171339144
meta-sarpy-ne,2025-05-11,4,42.17317932947475,0.3579072930560353,0.9750268096192298,0.2030041305992847
meta-sarpy-ne,2025-06-12,0,30.75287138112808,0.5561539420765138,0.977715889029004,0.204248510204918
meta-sarpy-ne,2025-06-12,1,30.805109864415375,0.4962596744663456,0.9786713308347958,0.2244624174613799
meta-sarpy-ne,2025-06-12,2,32.58905262576028,0.4969220274316099,0.9777467494659076,0.232062094396455
meta-sarpy-ne,2025-06-12,3,32.85367938675054,0.541897923247361,0.9786588918508624,0.2148229220012295
meta-sarpy-ne,2025-06-12,4,34.65592244768504,0.515991173950363,0.9789287763426928,0.2163275964385329
meta-sarpy-ne,2025-06-28,0,24.80680275950757,0.5088299239496626,0.9771964484381688,0.175236507305306
meta-sarpy-ne,2025-06-28,1,26.697349763449104,0.5715741460380769,0.9790465635969448,0.19258200795136
meta-sarpy-ne,2025-06-28,2,28.90841176088435,0.6398928437632624,0.980283805166643,0.1948181216107499
meta-sarpy-ne,2025-06-28,3,31.879175084425697,0.6555468822637652,0.9792273205681504,0.1985309949188086
meta-sarpy-ne,2025-06-28,4,33.28330300672683,0.651501949209978,0.9795647865739626,0.1952763040233192
meta-sarpy-ne,2025-07-14,0,39.93650609177081,0.4646989408695208,0.9753683099230964,0.2237652726216554
meta-sarpy-ne,2025-07-14,1,36.95220654304889,0.612518138987507,0.9791475300701604,0.2103567775824382
meta-sarpy-ne,2025-07-14,2,34.974979340972055,0.6809171833979503,0.9806369345252756,0.2282694849629006
meta-sarpy-ne,2025-07-14,3,35.1266504005095,0.7076190841696378,0.9799119476319654,0.2098805601033144
meta-sarpy-ne,2025-07-14,4,35.06170081678342,0.7108191835667927,0.9803430485306884,0.2033797750254332
meta-sarpy-ne,2025-08-15,0,22.640023024656333,0.7105251935290515,0.9710207948745792,0.2055252157069171
meta-sarpy-ne,2025-08-15,1,25.42796298269664,0.614029057215915,0.9725613723955197,0.1792779280601891
meta-sarpy-ne,2025-08-15,2,22.940674128084726,0.5165435961660632,0.9738926778304056,0.2256082560911539
meta-sarpy-ne,2025-08-15,3,19.8183007985716,0.6437830719556612,0.9786258982578222,0.2297120085796219
meta-sarpy-ne,2025-08-15,4,20.559805001530425,0.7118815511316114,0.9817450786848884,0.2296714717465626
meta-sarpy-ne,2025-09-16,0,37.58255087648094,0.4589770096085912,0.9752175504144852,0.2003577756762488
meta-sarpy-ne,2025-09-16,1,36.217444598405415,0.5013915030925303,0.977253531770864,0.1856514414278387
meta-sarpy-ne,2025-09-16,2,35.92130426410718,0.4975266136082197,0.977561150489352,0.1893114279058179
meta-sarpy-ne,2025-09-16,3,35.75446166702013,0.528917077827046,0.9771122712454756,0.1722146493111812
meta-sarpy-ne,2025-09-16,4,36.11407386356179,0.5110355691715979,0.9772124764746786,0.1661217806547532
meta-sarpy-ne,2025-10-02,0,32.27445795719096,0.4304229280191628,0.9747267870924408,0.2016064953023392
meta-sarpy-ne,2025-10-02,1,31.72501091772364,0.42962123027941,0.9759242280950838,0.1786930335604669
meta-sarpy-ne,2025-10-02,2,31.78658636398565,0.3847441224617861,0.9751835947353924,0.1714729972129774
meta-sarpy-ne,2025-10-02,3,31.61473197185603,0.4257950779819562,0.9750393503323233,0.1636641636292058
meta-sarpy-ne,2025-10-02,4,30.986717976324385,0.4169720770782972,0.9753612417980854,0.1542350271443307
meta-sarpy-ne,2025-11-03,0,13.595224218747603,0.448139673097055,0.974554097952751,0.1819580406301752
meta-sarpy-ne,2025-11-03,1,14.520485806486922,0.3537439439451795,0.9748063249110996,0.1950297598286168
meta-sarpy-ne,2025-11-03,2,15.391176254070674,0.3111492235861676,0.974135808864124,0.1957292463098861
meta-sarpy-ne,2025-11-03,3,16.92818360036015,0.359391663208265,0.9745574979222844,0.1804381903419199
meta-sarpy-ne,2025-11-03,4,17.842599161294874,0.3553459689310279,0.9752107993654936,0.1858226317353701
meta-sarpy-ne,2025-12-05,0,0.5627613541111562,0.1086889792730892,0.9822144480143572,0.4040285685281362
meta-sarpy-ne,2025-12-05,1,-0.2364471568885869,0.0691640558906145,0.9868965073517292,0.4986524289143983
meta-sarpy-ne,2025-12-05,2,-0.2676204191271863,0.0421312360155413,0.9886043068091374,0.577759664074697
meta-sarpy-ne,2025-12-05,3,-0.1914343738859836,0.0603288342755793,0.9886152717901248,0.5448068795708088
meta-sarpy-ne,2025-12-05,4,-0.0381866186500371,0.057035015668551,0.9890621456430726,0.5307401714103036
meta-sarpy-ne,2025-12-21,0,4.797253397729115,0.2475247517565822,0.9725104991964564,0.1995146386411013
meta-sarpy-ne,2025-12-21,1,4.6635486371954284,0.2421584348177725,0.973887699312487,0.1989193721013675
meta-sarpy-ne,2025-12-21,2,4.6466254768724715,0.231396455787906,0.9734921338397736,0.1980625162354472
meta-sarpy-ne,2025-12-21,3,4.581257906225723,0.2659313006790162,0.9736166107296396,0.1798523207543655
meta-sarpy-ne,2025-12-21,4,4.653400093003197,0.2723604952981655,0.9741279476082924,0.1784923894836622
meta-sarpy-ne,2026-01-06,0,9.119663375033117,0.2373636512476055,0.9724359829121928,0.1693311026121216
meta-sarpy-ne,2026-01-06,1,8.95452637755713,0.2365895455559177,0.9738220928648844,0.170471829404393
meta-sarpy-ne,2026-01-06,2,8.76350147841037,0.23342348910559,0.9735072374203376,0.1708342429165407
meta-sarpy-ne,2026-01-06,3,8.637520287823424,0.2673077256107189,0.973596490810204,0.1559046948297975
meta-sarpy-ne,2026-01-06,4,8.565584695735682,0.2670535949223798,0.9741602524896602,0.1567454132570664
meta-sarpy-ne,2026-02-07,0,5.246014872528142,0.178371334234039,0.9718076014418418,0.1917911385617572
meta-sarpy-ne,2026-02-07,1,4.923757361925024,0.1895426671416032,0.973383495916998,0.1917380871265785
meta-sarpy-ne,2026-02-07,2,4.422854369853814,0.1891449889139834,0.97294762543515,0.1864657762462061
meta-sarpy-ne,2026-02-07,3,3.8307082591371087,0.2074025984605989,0.9730382140411497,0.1748997081067726
meta-sarpy-ne,2026-02-07,4,3.5338887719842607,0.2166310972257233,0.9731542215210012,0.1801351630902949
meta-sarpy-ne,2026-02-23,0,-4.310572223286689,0.0030586445996981,0.985223498043615,0.5524391388740901
meta-sarpy-ne,2026-02-23,1,-5.197660012329333,-0.0027312410020559,0.9883791707113844,0.6369021656882119
meta-sarpy-ne,2026-02-23,2,-5.4101812895861245,-0.0005690543816518175,0.9875617494143988,0.6511540968924184
meta-sarpy-ne,2026-02-23,3,-5.745052646381928,0.0043291524634307,0.9884052445913196,0.6342632062329593
meta-sarpy-ne,2026-02-23,4,-5.094209305048146,0.0044752616207209,0.9878081236555772,0.6061220447364992
meta-sarpy-ne,2026-03-11,0,9.137873532414549,0.2136909145773184,0.9714525613554044,0.1922656630819118
meta-sarpy-ne,2026-03-11,1,8.499982795739804,0.2442741531571611,0.9730779085980584,0.1838444316896543
meta-sarpy-ne,2026-03-11,2,8.300831973022921,0.2277133566540319,0.972909481103171,0.184842969620882
meta-sarpy-ne,2026-03-11,3,8.40903389834924,0.2667749976180262,0.9729586768545372,0.1694268470983649
meta-sarpy-ne,2026-03-11,4,8.339205119882557,0.2655129149112224,0.9732677503597884,0.1693459922943659
meta-sarpy-ne,2026-03-27,0,18.591808433965177,0.2178652980856997,0.9719512675122804,0.223708350517174
meta-sarpy-ne,2026-03-27,1,18.062935672919274,0.219284510785704,0.973486228692376,0.2277271901877387
meta-sarpy-ne,2026-03-27,2,18.397122785023747,0.2092829917015033,0.9730506263870942,0.2289917730691655
meta-sarpy-ne,2026-03-27,3,18.43244289481611,0.2537520139732247,0.9734522086228472,0.2085696300682129
meta-sarpy-ne,2026-03-27,4,18.27676759893144,0.2499042910500568,0.9739999701315416,0.204687861965345
meta-sarpy-ne,2026-05-14,0,31.121553312617465,0.3560117304646023,0.9742347090441908,0.2321390991412285
meta-sarpy-ne,2026-05-14,1,30.415352938943553,0.3529109619484412,0.9755302855017932,0.2319131165453903
meta-sarpy-ne,2026-05-14,2,30.70440730879718,0.3003857228898393,0.9747204956709612,0.2349313628381689
meta-sarpy-ne,2026-05-14,3,30.83902351004552,0.3550143702448373,0.9749129627213098,0.2145345167368939
meta-sarpy-ne,2026-05-14,4,30.107813790196538,0.3499039716785335,0.9749760683858952,0.2146884669381872
meta-sarpy-ne,2026-06-15,0,35.288835078800425,0.4561080409868869,0.9749482753298172,0.2240611420986396
meta-sarpy-ne,2026-06-15,1,34.120300163085325,0.5145711807745885,0.9773711273318362,0.2173318871367437
meta-sarpy-ne,2026-06-15,2,33.83350620525525,0.5242621895386662,0.9779324641453372,0.220404921191962
meta-sarpy-ne,2026-06-15,3,33.59715851948057,0.5674541759686881,0.977661493668384,0.2012345935923155
meta-sarpy-ne,2026-06-15,4,34.664737036668434,0.5387712631909942,0.9776821950627296,0.1985183549251518
meta-sarpy-ne,2026-07-17,0,43.93357403399674,0.4376835288067437,0.9748853073898892,0.2078559879506886
meta-sarpy-ne,2026-07-17,1,40.64863383646858,0.5604849499049137,0.9784310089524908,0.2055351565973563
meta-sarpy-ne,2026-07-17,2,38.31203545556637,0.6511685048148472,0.9802731654090636,0.2182001811654573
meta-sarpy-ne,2026-07-17,3,38.48123317967835,0.6991485846958846,0.979979484414858,0.2026216823764633
meta-sarpy-ne,2026-07-17,4,38.98075950251568,0.694603780418786,0.9803390953510868,0.2017004258655862
meta-sarpy-ne,2026-08-02,0,36.05855119813249,0.4263332634744802,0.9746186059180852,0.2039130656947597
meta-sarpy-ne,2026-08-02,1,33.918583903571474,0.541330790610804,0.9778347156879396,0.1952178726661415
meta-sarpy-ne,2026-08-02,2,31.680370348498368,0.6340612820386904,0.9795694943706884,0.2162203901827457
meta-sarpy-ne,2026-08-02,3,31.475934084030303,0.6789808457258707,0.979604412370548,0.202405603212592
meta-sarpy-ne,2026-08-02,4,32.02356644030245,0.6775090748054374,0.9798313273983864,0.1983176913600864
meta-sarpy-ne,2026-08-18,0,-0.6647124564834945,0.5725383094272647,0.9744063971742544,0.1456883432388147
meta-sarpy-ne,2026-08-18,1,5.438462387757025,0.7093538979213434,0.981653894080997,0.1410259387869938
meta-sarpy-ne,2026-08-18,2,23.208933567268943,0.684811320568632,0.9810094389983957,0.1776595849028354
meta-sarpy-ne,2026-08-18,3,19.12969743897295,0.6331784491030847,0.9762326061235076,0.2030130076898747
meta-sarpy-ne,2026-08-18,4,9.627198214116818,0.6788386175322596,0.9768901186536676,0.1521791332786895
meta-sarpy-ne,2026-09-03,0,38.16720206938573,0.4893913478493943,0.9757633007073032,0.2184009453159816
meta-sarpy-ne,2026-09-03,1,36.69656938337733,0.5692644515395163,0.9785719915896696,0.2096959567686347
meta-sarpy-ne,2026-09-03,2,35.12803124946619,0.5978944187790564,0.9789485416885132,0.2098234959237172
meta-sarpy-ne,2026-09-03,3,34.68939925515673,0.645772047403678,0.9783554937206232,0.1983654597342064
meta-sarpy-ne,2026-09-03,4,34.11741555329844,0.6573933017211687,0.9789824197296452,0.1904506490468079
meta-sarpy-ne,2022-01-11,3,4.900327704931357,0.234706511123644,0.9743475563961298,0.1960876319974372
meta-sarpy-ne,2022-01-11,4,6.037669563711677,0.2436843352146885,0.9763572762495762,0.2093134674958805
meta-sarpy-ne,2022-02-28,3,13.579854195630762,0.1227459576781174,0.9697615635047704,0.2407523315586953
meta-sarpy-ne,2022-02-28,4,14.742006197559675,0.1515163128300526,0.9696528468283904,0.1776900522842219
meta-sarpy-ne,2022-04-01,0,8.739076898184258,0.2156042385503422,0.9741858975250756,0.1869446239484009
meta-sarpy-ne,2022-04-01,1,9.190854147981714,0.1964372218161685,0.9742158329083408,0.1944241086628405
meta-sarpy-ne,2022-04-01,2,10.41814607579345,0.2074604069427344,0.9742697912750012,0.1954589136791943
meta-sarpy-ne,2022-04-01,3,11.191950718562287,0.2125747785815638,0.973882526824538,0.2025428722283865
meta-sarpy-ne,2022-04-01,4,11.777908969061968,0.2111263175502414,0.9744003975581924,0.2078428046889517
meta-sarpy-ne,2022-05-19,0,39.55714216633478,0.2967033816260332,0.9751409589874428,0.2449898113813682
meta-sarpy-ne,2022-05-19,1,38.201749100578816,0.3062112306284048,0.9757489812163672,0.2280827048671173
meta-sarpy-ne,2022-05-19,2,38.465772386417456,0.3313013180608818,0.9762414095584722,0.2096901035313433
meta-sarpy-ne,2022-05-19,3,38.62705638577282,0.3714071091233989,0.9755944608509431,0.2034297505606784
meta-sarpy-ne,2022-05-19,4,37.78550388377464,0.3594219649363677,0.9760230466222044,0.2039244321129291
meta-sarpy-ne,2022-06-20,0,45.06745155988156,0.3247717397898013,0.9757767412404555,0.242616117146781
meta-sarpy-ne,2022-06-20,1,44.1512114212915,0.3814092104908544,0.9771758176601286,0.2205637284231291
meta-sarpy-ne,2022-06-20,2,42.85691281689731,0.4916785125426842,0.9794833916188432,0.2097409407254228
meta-sarpy-ne,2022-06-20,3,42.92501638426423,0.525600535016687,0.9784789374106868,0.2027753602890965
meta-sarpy-ne,2022-06-20,4,42.78743136970645,0.5167594104865435,0.9788139202516258,0.1985418547897826
meta-sarpy-ne,2022-08-07,0,48.39801660375181,0.2841062852795824,0.97498259849097,0.2455482697270216
meta-sarpy-ne,2022-08-07,1,45.86980626551352,0.4391866207020647,0.9782519381405252,0.2145313248373685
meta-sarpy-ne,2022-08-07,2,42.711996130420474,0.571490148832837,0.9808116605316812,0.2042841959532492
meta-sarpy-ne,2022-08-07,3,42.164489105169714,0.6239027948498025,0.980177887794902,0.1946663589491913
meta-sarpy-ne,2022-08-07,4,41.74408202711325,0.62047639089081,0.9806157301974928,0.189756238575044
meta-sarpy-ne,2022-08-23,0,41.06644257731678,0.3113234931385351,0.9752303485658766,0.2266287668725995
meta-sarpy-ne,2022-08-23,1,38.29237796905426,0.4730086624247756,0.9785312128852232,0.2005779023926888
meta-sarpy-ne,2022-08-23,2,35.74326040697636,0.5779645174456285,0.9805806347036472,0.1882251803142068
meta-sarpy-ne,2022-08-23,3,35.276382278781924,0.6304335460088428,0.979882296958618,0.1810299332971077
meta-sarpy-ne,2022-08-23,4,35.27719095010546,0.6305301823323124,0.9804617203387472,0.1772276316984983
meta-sarpy-ne,2022-09-08,0,35.37366025403226,0.3498155317047915,0.9762131286488648,0.2191835158344718
meta-sarpy-ne,2022-09-08,1,34.12851793446375,0.4830234311513359,0.9788069298083552,0.2004177609978299
meta-sarpy-ne,2022-09-08,2,33.08192685980822,0.5240813907782059,0.9798096785077928,0.1877375052499971
meta-sarpy-ne,2022-09-08,3,32.96024548327542,0.5821503007665823,0.9791875207970092,0.1815696538452697
meta-sarpy-ne,2022-09-08,4,32.84660195383911,0.5765976797689032,0.9797587050025416,0.1790684975919947
meta-sarpy-ne,2022-09-24,0,31.31472012041463,0.3633438111279783,0.9763316056154688,0.2167327163790967
meta-sarpy-ne,2022-09-24,1,30.997915160112484,0.4571213719087049,0.97848183753768,0.1837221627818711
meta-sarpy-ne,2022-09-24,2,30.326080320217805,0.4730690506039012,0.9788486516298912,0.1633362030484607
meta-sarpy-ne,2022-09-24,3,30.65582744057966,0.5129359650640394,0.9782007692051145,0.1612646625285755
meta-sarpy-ne,2022-09-24,4,31.16210858657173,0.4840599554608356,0.9781467000062608,0.1622844879287115
meta-sarpy-ne,2022-10-10,0,30.250634540677293,0.2932321438928133,0.975232878710928,0.2219436969883192
meta-sarpy-ne,2022-10-10,1,31.42148944561239,0.3266907720827045,0.976357030169784,0.2103372464750801
meta-sarpy-ne,2022-10-10,2,30.720974951078965,0.3390302595305809,0.9766793659710276,0.1972591853379205
meta-sarpy-ne,2022-10-10,3,30.973990389651377,0.3692415858338186,0.9759512491725428,0.1859395764877391
meta-sarpy-ne,2022-10-10,4,31.178839404657467,0.3608829056511287,0.9765591950299204,0.1897678100815906
meta-sarpy-ne,2022-10-26,0,13.03213621449394,0.2532484917372715,0.9739676130637298,0.1630235299938602
meta-sarpy-ne,2022-10-26,1,13.542956319721258,0.2680323634292407,0.9748700833733612,0.1672559720290675
meta-sarpy-ne,2022-10-26,2,13.61518239671302,0.2614204786613087,0.9749608168521368,0.1809493075073399
meta-sarpy-ne,2022-10-26,3,14.56557997275238,0.2990136783718226,0.9746265604361404,0.1846861675380703
meta-sarpy-ne,2022-10-26,4,14.863797302206097,0.3007436140599259,0.9750388937709468,0.1971456007819921
meta-sarpy-ne,2022-11-11,0,3.0881216960366804,0.2767885980273804,0.9747726249510018,0.2056447128695798
meta-sarpy-ne,2022-11-11,1,2.9736956104716388,0.2654280737213697,0.9751013237812868,0.2013568264614436
meta-sarpy-ne,2022-11-11,2,2.3302703174281514,0.2678109944359835,0.975428213104442,0.2118889945631284
meta-sarpy-ne,2022-11-11,3,2.7027882083697854,0.2997288677202969,0.974988512156408,0.1940011719381276
meta-sarpy-ne,2022-11-11,4,2.858592250663679,0.2954998733333173,0.9752629187783672,0.1935160005156088
meta-sarpy-ne,2022-11-27,2,-0.8464396920991019,0.3189014417023115,0.9767839818990516,0.2712597001190972
meta-sarpy-ne,2022-11-27,3,0.3640114712981903,0.3553478527928172,0.976980288402656,0.2159441556155807
meta-sarpy-ne,2022-11-27,4,0.7654740507343315,0.2997166113032415,0.9764944614549702,0.2315276376917399
meta-sarpy-ne,2022-12-29,0,6.3478713440468395,0.2160419711448274,0.9739495466544243,0.1709750246399058
meta-sarpy-ne,2022-12-29,1,6.313118740125193,0.2109632297280858,0.9744938707963674,0.1768910479197922
meta-sarpy-ne,2022-12-29,2,6.2063853494118995,0.2098627546346691,0.9744875120273224,0.1860953418273803
meta-sarpy-ne,2022-12-29,3,6.3262001219915325,0.2333031789379787,0.9740544925353338,0.1779683548917015
meta-sarpy-ne,2022-12-29,4,6.559901914166635,0.2325850354252757,0.9745988795678482,0.1785203385897463
meta-sarpy-ne,2023-03-03,0,13.674608127042289,0.1493175958370014,0.9728947668393776,0.2168599578297428
meta-sarpy-ne,2023-03-03,1,13.21349176686594,0.1828449392424636,0.9740000891085676,0.1757647895144475
meta-sarpy-ne,2023-03-03,2,13.03189977344327,0.1900013451120539,0.974119309993044,0.175405382733104
meta-sarpy-ne,2023-03-03,3,12.930776666670122,0.2145481216425942,0.9737377577090924,0.1632687457577055
meta-sarpy-ne,2023-03-03,4,13.229483051066437,0.208268601221246,0.9743429890230187,0.158193816984145
meta-sarpy-ne,2023-03-19,0,10.043402277312024,0.1497197123713982,0.9726861959287516,0.2234172219925256
meta-sarpy-ne,2023-03-19,1,9.846647919015384,0.1666464605123158,0.973692476849364,0.201616903463586
meta-sarpy-ne,2023-03-19,2,10.1829039038784,0.1816668858170011,0.9738457183241884,0.1924432827161322
meta-sarpy-ne,2023-03-19,3,9.93138654056098,0.2005133811688143,0.9735465398767283,0.1848032533560889
meta-sarpy-ne,2023-03-19,4,10.021534128572007,0.1952961820990416,0.9739182971762638,0.1846468207252092
meta-sarpy-ne,2023-04-04,0,30.720793604296983,0.2262221197797799,0.9741561418807444,0.1864743296081781
meta-sarpy-ne,2023-04-04,1,32.910464460311395,0.2092656449008251,0.9741921271398676,0.1916608722509133
meta-sarpy-ne,2023-04-04,2,32.68637420032987,0.2000370824086157,0.97395439445711,0.2040549403696749
meta-sarpy-ne,2023-04-04,3,32.521518870337125,0.2240474613688987,0.9738612767487008,0.1943254323734889
meta-sarpy-ne,2023-04-04,4,32.607928046596015,0.2135586924815161,0.9745235910861132,0.1937468395122838
meta-sarpy-ne,2023-05-22,0,40.03550946918835,0.2900827646290959,0.975176233236786,0.2316210960472861
meta-sarpy-ne,2023-05-22,1,40.26741485520808,0.3305927744329243,0.9762534342330684,0.2195763719371001
meta-sarpy-ne,2023-05-22,2,40.73647178968841,0.3106638051215163,0.9760635795650182,0.2195277384665203
meta-sarpy-ne,2023-05-22,3,41.28627972011892,0.3549303766971676,0.9755619161993186,0.2025384747473915
meta-sarpy-ne,2023-05-22,4,41.23872356736713,0.3487793661517925,0.9761499653160538,0.1994705171894783
meta-sarpy-ne,2023-06-07,0,45.34900805955785,0.3038571050259105,0.9751957135204322,0.2358469940911093
meta-sarpy-ne,2023-06-07,1,46.508489616779755,0.3408860618403018,0.9763125890603366,0.2195705754263245
meta-sarpy-ne,2023-06-07,2,47.271837823204486,0.3344212966726855,0.9763641765816364,0.2191459830379221
meta-sarpy-ne,2023-06-07,3,46.59464382121739,0.4021179348568038,0.9762425749547232,0.200582317842304
meta-sarpy-ne,2023-06-07,4,46.85098491841588,0.401299849375805,0.97697549636533,0.1974935149912718
meta-sarpy-ne,2023-06-23,0,43.95661462698081,0.3208599233769336,0.9755764570489476,0.2452772416688987
meta-sarpy-ne,2023-06-23,1,43.71361293826419,0.4057862447022707,0.9775763022330924,0.2219098750139342
meta-sarpy-ne,2023-06-23,2,42.732709015332325,0.4521788097480987,0.9786670117769032,0.2202007345706312
meta-sarpy-ne,2023-06-23,3,41.553746822042264,0.5407829964594981,0.9787191664761388,0.1982495404011549
meta-sarpy-ne,2023-06-23,4,41.52690285882952,0.5237202008341978,0.9788215930928088,0.1952649597935508
meta-sarpy-ne,2023-07-09,0,37.39296661736357,0.3693187765487252,0.9763961920153988,0.2367730759867027
meta-sarpy-ne,2023-07-09,1,34.06459381156694,0.521644536189056,0.9794897902201628,0.2109498571828144
meta-sarpy-ne,2023-07-09,2,32.46936078524923,0.5872147647766751,0.9811974036412906,0.214909764959466
meta-sarpy-ne,2023-07-09,3,31.658418985549694,0.6667054426426458,0.9805913592440996,0.195672946633869
meta-sarpy-ne,2023-07-09,4,32.26681040799806,0.6550767204795955,0.9808707189183776,0.1927960734745195
meta-sarpy-ne,2023-08-10,0,36.70231720474644,0.4302058874198562,0.9771819256925464,0.2278117348010971
meta-sarpy-ne,2023-08-10,1,34.063154658318865,0.5866866606303854,0.9802202299375912,0.2117925232632101
meta-sarpy-ne,2023-08-10,2,32.0961866887503,0.6787388668839476,0.9824791703962096,0.2228115022534125
meta-sarpy-ne,2023-08-10,3,31.74370116728921,0.7404715476257696,0.9815256700003284,0.1993032697218318
meta-sarpy-ne,2023-08-10,4,32.41353789567926,0.715132420804662,0.981668514750591,0.1953082254579723
meta-sarpy-ne,2023-09-11,1,12.692926082474829,0.4336558413823963,0.974791389877126,0.1477254430725881
meta-sarpy-ne,2023-09-11,2,12.523222154276668,0.5896155790806892,0.9797312733514344,0.150864603141039
meta-sarpy-ne,2023-09-11,3,11.366440680879874,0.5641941130445828,0.977805664271102,0.1557843863257152
meta-sarpy-ne,2023-09-11,4,12.60915301474292,0.5549744926860036,0.9794699130877697,0.160470457551987
meta-sarpy-ne,2023-09-27,1,29.46486640373102,0.40320023026275,0.9761807784669329,0.1751130159734887
meta-sarpy-ne,2023-09-27,2,30.806196211456523,0.3549369793124808,0.9762316823414444,0.1780124749770715
meta-sarpy-ne,2023-09-27,3,30.44713031876238,0.4408852287959326,0.9770796369595278,0.1571639643332334
meta-sarpy-ne,2023-09-27,4,30.433611089283463,0.4199678456587115,0.9763680077402028,0.1603726757177228
meta-sarpy-ne,2023-11-14,0,17.557787647845874,0.2665324212284261,0.9749569232465908,0.2270394599955645
meta-sarpy-ne,2023-11-14,1,18.191208585159817,0.2765456764754078,0.9756207630099688,0.2146011787193776
meta-sarpy-ne,2023-11-14,2,17.94021945235022,0.2617172669596205,0.975203460759064,0.2059720199101539
meta-sarpy-ne,2023-11-14,3,17.761618129137283,0.2862288972105,0.9748751050852968,0.1863794727347401
meta-sarpy-ne,2023-11-14,4,16.56489008931181,0.2928749812041709,0.9755764581890276,0.1827756143318497
meta-sarpy-ne,2023-11-30,0,7.3519167783263635,0.2446940434701747,0.9742209993414978,0.2043650343956802
meta-sarpy-ne,2023-11-30,1,7.418115106251621,0.2617656847638088,0.9752068807289312,0.1919311976738653
meta-sarpy-ne,2023-11-30,2,7.643071229831229,0.2489834305175613,0.9749675196822152,0.1831645470721134
meta-sarpy-ne,2023-11-30,3,7.625969724500343,0.282128357756077,0.9745764611501024,0.1674263822473429
meta-sarpy-ne,2023-11-30,4,7.63198260436708,0.2816853039247926,0.9752105802181024,0.1694325727191295
meta-sarpy-ne,2024-01-01,0,0.9472602979795874,0.241294047848437,0.9740532461512782,0.1720812625019931
meta-sarpy-ne,2024-01-01,1,1.3376287002445642,0.237887611447337,0.97461707431834,0.1731622321505929
meta-sarpy-ne,2024-01-01,2,1.4211529791247968,0.2358042508776744,0.9744956166660256,0.1624385861621526
meta-sarpy-ne,2024-01-01,3,1.3492933228999238,0.2592782390835534,0.9740035361370216,0.1518248594889889
meta-sarpy-ne,2024-01-01,4,1.492206912033884,0.2594935720791667,0.974389998238332,0.1540646825215975
meta-sarpy-ne,2024-02-02,0,11.685900737763696,0.1813884063502766,0.9730262260693556,0.1875332924505786
meta-sarpy-ne,2024-02-02,1,11.218620761564257,0.1855966761356288,0.973888802547336,0.1787357908621042
meta-sarpy-ne,2024-02-02,2,11.03131992177556,0.1868428915630602,0.9738707859028084,0.1698818182024815
meta-sarpy-ne,2024-02-02,3,11.281400360618878,0.2103251539666908,0.9733210285852216,0.158526409921441
meta-sarpy-ne,2024-02-02,4,11.21123585966602,0.2122051453000616,0.9739237024079832,0.1595712707692477
meta-sarpy-ne,2024-02-18,0,10.841193769142125,0.1930930768934125,0.9734271635727269,0.1979668441575071
meta-sarpy-ne,2024-02-18,1,11.573777760837816,0.2108998389392454,0.9742288006928452,0.1838250721901409
meta-sarpy-ne,2024-02-18,2,12.32502456672761,0.2151467014839349,0.97434506893298,0.1737049254744333
meta-sarpy-ne,2024-02-18,3,12.089383519934664,0.2342567030914516,0.974048642653176,0.1641571233516651
meta-sarpy-ne,2024-02-18,4,12.020115444752657,0.2279806877911236,0.9746510060059156,0.164936374649843
meta-sarpy-ne,2024-03-05,1,9.543573620000018,0.2065426550696697,0.977,0.2467760224999999
meta-sarpy-ne,2024-03-05,2,11.754841972516092,0.2027113267355914,0.9733854887256396,0.1968755849319585
meta-sarpy-ne,2024-03-05,3,11.713397099671122,0.2317688620757687,0.9752971860576656,0.2005844413267248
meta-sarpy-ne,2024-03-05,4,11.76526628019361,0.2076943007913315,0.9750800413060308,0.2000932863496952
meta-sarpy-ne,2024-03-21,0,12.10367630204569,0.2940598181841272,0.9754137629027216,0.0924008892281827
meta-sarpy-ne,2024-03-21,1,13.971398500028087,0.2457996308622788,0.973978551251357,0.1312118734657104
meta-sarpy-ne,2024-03-21,2,15.307034188880182,0.2129558977102895,0.973874184072872,0.199608471852232
meta-sarpy-ne,2024-03-21,3,16.616677810398876,0.2443477216836159,0.9732507369132878,0.1854729783974398
meta-sarpy-ne,2024-03-21,4,16.894165782796016,0.2750092456384966,0.9744337476693536,0.1846372336253491
meta-sarpy-ne,2024-04-06,0,23.26489779159389,0.2426357869991916,0.974331349108746,0.2240139819434711
meta-sarpy-ne,2024-04-06,1,23.484958789792188,0.2632429541032772,0.9751411369723452,0.207402136517133
meta-sarpy-ne,2024-04-06,2,23.868911898017288,0.246571475702165,0.974861546401072,0.2035537449638906
meta-sarpy-ne,2024-04-06,3,23.930472216009473,0.2833840800711343,0.9745706328752336,0.1886088924281936
meta-sarpy-ne,2024-04-06,4,23.995897204661553,0.2794511055336042,0.9752004054985348,0.1895664594423404
meta-sarpy-ne,2024-04-22,0,25.22405993492015,0.2866627983751353,0.9752409489998825,0.2423428946131526
meta-sarpy-ne,2024-04-22,1,25.113927993504443,0.3060058727631222,0.9759577348559618,0.212620090705964
meta-sarpy-ne,2024-04-22,2,25.24441093913106,0.2675709931900905,0.9753578382213036,0.2135322547145408
meta-sarpy-ne,2024-04-22,3,25.44992760045466,0.3209516854657016,0.975060195803042,0.1951746495350473
meta-sarpy-ne,2024-04-22,4,25.495306911363897,0.3106871833599441,0.9752796973990112,0.2003986241049012
meta-sarpy-ne,2024-05-08,2,-1.429409920000012,0.2083172296513874,0.9759,0.2522275674999999
meta-sarpy-ne,2024-05-08,3,13.635055975241622,0.3670482535513021,0.9764916686503212,0.2433513573018328
meta-sarpy-ne,2024-05-08,4,29.94223267901441,0.3832072513245972,0.9771370560126246,0.2197183338994811
meta-sarpy-ne,2024-05-24,0,28.77817606187142,0.3923354473052418,0.9767024029163672,0.2165858548230609
meta-sarpy-ne,2024-05-24,1,26.84835184234633,0.4144899814502789,0.9773102376253828,0.1944351977435046
meta-sarpy-ne,2024-05-24,2,26.161399089851095,0.3633823881825281,0.976752485293064,0.1922768404585764
meta-sarpy-ne,2024-05-24,3,26.35354888610301,0.4324909894364622,0.976534560024556,0.180016346424088
meta-sarpy-ne,2024-05-24,4,26.621255157902176,0.4139352767522976,0.9769228619203012,0.1788488470897303
meta-sarpy-ne,2024-06-09,0,38.306671697694775,0.3849257326677042,0.9766694008371388,0.2343596394292336
meta-sarpy-ne,2024-06-09,1,38.01060255942296,0.4180562780460307,0.9775237537606632,0.2188014501509144
meta-sarpy-ne,2024-06-09,2,38.48310896102385,0.4309224306102967,0.9781788689559712,0.2182393889923203
meta-sarpy-ne,2024-06-09,3,38.3702041515649,0.4717399358946188,0.9773078006164232,0.1993018424820426
meta-sarpy-ne,2024-06-09,4,38.98898226011374,0.461616752345284,0.977830146235224,0.2000465460749206
meta-sarpy-ne,2024-06-25,0,43.09861770249125,0.3534494107221377,0.97603635270097,0.2539100117637421
meta-sarpy-ne,2024-06-25,1,41.986153899837525,0.4627906716426784,0.978359576849228,0.2235971136943496
meta-sarpy-ne,2024-06-25,2,39.55174311048,0.6067931034713628,0.9814158375046864,0.2193619144104742
meta-sarpy-ne,2024-06-25,3,39.93308321295589,0.6145643470374273,0.9797470553860655,0.2048514302248433
meta-sarpy-ne,2024-06-25,4,40.64667657720605,0.5896794982271966,0.9795938905058308,0.2045832888568725
meta-sarpy-ne,2024-07-11,0,39.6053293680399,0.3819674485335237,0.9766192097115391,0.228707960154251
meta-sarpy-ne,2024-07-11,1,36.021774420761744,0.5529787900828732,0.980132009812528,0.2173758235495498
meta-sarpy-ne,2024-07-11,2,33.591649228901545,0.6537670939201646,0.9823475431561164,0.2196809437108295
meta-sarpy-ne,2024-07-11,3,33.21434277340486,0.7013900771536433,0.9814233521434876,0.2019009445811189
meta-sarpy-ne,2024-07-11,4,33.65048498414231,0.6963459075035456,0.981978359098838,0.200835867556899
meta-sarpy-ne,2024-07-27,0,37.47214337155504,0.4576612393470626,0.9775264865576504,0.2204200410859769
meta-sarpy-ne,2024-07-27,1,34.91972327654872,0.5933109552332505,0.9802095236711644,0.21912769504155
meta-sarpy-ne,2024-07-27,2,33.4526410219112,0.6588939907870557,0.9820229462399424,0.2257217618375244
meta-sarpy-ne,2024-07-27,3,32.25697760021444,0.7068314223834091,0.981479332904519,0.2172483549012742
meta-sarpy-ne,2024-07-27,4,32.92574945809268,0.6953133546208579,0.9812946892687346,0.2158339100562907
meta-sarpy-ne,2024-08-28,0,40.401255841814525,0.4231685639688728,0.977238048975366,0.2109009887477302
meta-sarpy-ne,2024-08-28,1,37.58073732155825,0.5709174358648581,0.9802299987287916,0.2005449761892465
meta-sarpy-ne,2024-08-28,2,35.90502990025424,0.63317929661506,0.9817532918535534,0.1976903479031801
meta-sarpy-ne,2024-08-28,3,35.2874416898808,0.6896814854113817,0.9810408953128072,0.1858481943871369
meta-sarpy-ne,2024-08-28,4,35.37376925497884,0.6840993767771356,0.9816148308458428,0.1850444718820661
meta-sarpy-ne,2024-09-13,0,36.17330529907208,0.3646070492989374,0.976386203092512,0.2160975530060287
meta-sarpy-ne,2024-09-13,1,34.77085569207713,0.4732858045892441,0.9787932267232462,0.2051625525390217
meta-sarpy-ne,2024-09-13,2,33.21885087151715,0.5014117842395309,0.9795729069235148,0.1975655218081543
meta-sarpy-ne,2024-09-13,3,33.00567082017577,0.5620752918441123,0.9790985890964986,0.1835489623854486
meta-sarpy-ne,2024-09-13,4,32.981799513383876,0.5623173222419995,0.9795889526079044,0.1841336334710203
meta-sarpy-ne,2024-09-29,0,35.3577747487307,0.3088103031114428,0.9754008571143216,0.2122597294126178
meta-sarpy-ne,2024-09-29,1,35.07967556915536,0.3512450774323726,0.9765324939314886,0.1976444554947086
meta-sarpy-ne,2024-09-29,2,33.62339429313934,0.3653855739722174,0.9769504918560326,0.18565369784554
meta-sarpy-ne,2024-09-29,3,33.60773998249255,0.4183045012750706,0.9765818834461786,0.1727616579834927
meta-sarpy-ne,2024-09-29,4,33.899446398642255,0.4078179397864555,0.97699440706965,0.1751635103051873
meta-sarpy-ne,2024-10-15,0,19.276823931818303,0.2816036174676985,0.9747366055929696,0.2135278625483615
meta-sarpy-ne,2024-10-15,1,19.33069061058635,0.3085327133364821,0.975778721581856,0.2135990432002368
meta-sarpy-ne,2024-10-15,2,18.33011730207339,0.3185436803869415,0.9760578140066508,0.2150138050260967
meta-sarpy-ne,2024-10-15,3,18.381770319378777,0.35304483796,0.975585514956664,0.2068090652185522
meta-sarpy-ne,2024-10-15,4,18.737971483737557,0.3471901464876291,0.9759992723038536,0.2091652537219943
meta-sarpy-ne,2024-10-31,0,13.351728664295964,0.2721116858823491,0.9746943659479638,0.2141017863498263
meta-sarpy-ne,2024-10-31,1,13.523373015783232,0.2951578304196771,0.975462842131048,0.1987621599713455
meta-sarpy-ne,2024-10-31,2,13.085714397838949,0.2850770218931408,0.9755435676565648,0.205729981276094
meta-sarpy-ne,2024-10-31,3,13.129985788024142,0.3208445312579845,0.9750819225834176,0.1930886952638373
meta-sarpy-ne,2024-10-31,4,13.256386026747874,0.3221590043587756,0.9757965997994328,0.1917532788870344
meta-sarpy-ne,2024-12-02,2,-1.8584327634651676,0.2262972599005585,0.9740861109655784,0.1683385177216168
meta-sarpy-ne,2024-12-02,3,-2.1952353126893343,0.2788670732418754,0.974022280688278,0.146043783423625
meta-sarpy-ne,2024-12-18,0,3.0408725373610888,0.2519515340283909,0.9740444191229096,0.1820645508118965
meta-sarpy-ne,2024-12-18,1,3.400748569737573,0.2481606993160032,0.9744425659225614,0.1666120868409752
meta-sarpy-ne,2024-12-18,2,3.3611348942576855,0.2363050132544625,0.9744621617707174,0.1696474208252349
meta-sarpy-ne,2024-12-18,3,3.179494584705932,0.2658176365695598,0.9741069794222316,0.156232272546247
meta-sarpy-ne,2024-12-18,4,3.2933568971217855,0.2725402957960019,0.9747832157819342,0.1562946922584467
meta-sarpy-ne,2025-01-19,0,-9.044684209946546,0.1894667273603355,0.9734563619784272,0.1869577994098193
meta-sarpy-ne,2025-01-19,1,-8.806065081415841,0.1962225411089543,0.9740917957173654,0.1783344288286129
meta-sarpy-ne,2025-01-19,2,-9.155991757231964,0.1877717436893732,0.9740248462387804,0.1855246759211599
meta-sarpy-ne,2025-01-19,3,-9.164290484018425,0.2166531965797757,0.973629248048224,0.1651066266156817
meta-sarpy-ne,2025-01-19,4,-9.0367683414764,0.2181819459287575,0.97419477983599,0.1650721591446
meta-sarpy-ne,2025-02-20,0,-12.105952082236628,-0.0154505077002254,0.989860541870564,0.6630766226451486
meta-sarpy-ne,2025-02-20,1,-12.57473140730336,-0.0142321008790651,0.9902896902955624,0.7260205563515948
meta-sarpy-ne,2025-02-20,2,-13.090325537770122,-0.017683669186452,0.9904061371688372,0.7513708529118069
meta-sarpy-ne,2025-02-20,3,-13.174905620628056,-0.0106669615379051,0.990216021615954,0.7184938949110844
meta-sarpy-ne,2025-02-20,4,-13.159138326437525,-0.0156958986376958,0.990399724565006,0.7302371179028402
meta-sarpy-ne,2025-03-08,0,11.024461551909503,0.1515239865802816,0.97278563262382,0.206152610692216
meta-sarpy-ne,2025-03-08,1,10.464129244513364,0.1736497071606305,0.9739228626030833,0.1876589333313628
meta-sarpy-ne,2025-03-08,2,10.36441830433799,0.1758483632181847,0.9738174052691744,0.1874483112969932
meta-sarpy-ne,2025-03-08,3,10.416650720935776,0.1884321609413936,0.9733343001945683,0.1782065174847971
meta-sarpy-ne,2025-03-08,4,10.707727917161444,0.1893305353963688,0.9738601318563992,0.174007288471971
meta-sarpy-ne,2025-04-09,0,13.016389617856415,0.2438359199622041,0.9734019931362196,0.1532282833953713
meta-sarpy-ne,2025-04-09,1,15.087013556876052,0.2745180239575276,0.9749928772581564,0.122259395436296
meta-sarpy-ne,2025-04-09,2,17.916421896328412,0.2150976134595339,0.9751388634092774,0.1555944627438452
meta-sarpy-ne,2025-04-09,3,21.38084379900339,0.245572236898697,0.974282503777065,0.1889263514173083
meta-sarpy-ne,2025-04-09,4,21.138049499080328,0.223509078453699,0.974491438606638,0.1899542970974048
meta-sarpy-ne,2025-05-11,0,40.71479711605851,0.3797324830195228,0.9766182509056888,0.2210164010825834
meta-sarpy-ne,2025-05-11,1,40.59702422334014,0.4009846163804571,0.97722978353118,0.2160098040476294
meta-sarpy-ne,2025-05-11,2,42.31847928907362,0.3120793894056505,0.9760170677673108,0.2222625622918486
meta-sarpy-ne,2025-05-11,3,42.04847419520847,0.366434481329907,0.9756193755971816,0.2076682653178359
meta-sarpy-ne,2025-05-11,4,42.3419876868771,0.3602904985572359,0.9762045588028816,0.2036211216721154
meta-sarpy-ne,2025-06-12,0,29.53125148442053,0.5275789793291022,0.9792619478846016,0.2155566747864021
meta-sarpy-ne,2025-06-12,1,30.17002400994507,0.4828044698354142,0.9784497929765372,0.2382112547440232
meta-sarpy-ne,2025-06-12,2,31.564528879870934,0.4746433184796567,0.9786747712521534,0.2363024783693085
meta-sarpy-ne,2025-06-12,3,31.97861071545439,0.5220192131058509,0.978632409508015,0.218878268826372
meta-sarpy-ne,2025-06-12,4,33.74236311879095,0.5136669209939231,0.9792808404773394,0.2152350141110224
meta-sarpy-ne,2025-06-28,0,21.154551253182145,0.5389729010679986,0.9787818578154976,0.1651815725564145
meta-sarpy-ne,2025-06-28,1,24.73247553705656,0.6148508538315665,0.9806334425718638,0.1801291590024969
meta-sarpy-ne,2025-06-28,2,28.666135088203887,0.6846266291793659,0.9826742799501862,0.1871128016810677
meta-sarpy-ne,2025-06-28,3,31.64675824035437,0.666755672434346,0.980660764680813,0.1972313384066043
meta-sarpy-ne,2025-06-28,4,33.42341562082595,0.6539055323990076,0.9807745837223109,0.1954429114961593
meta-sarpy-ne,2025-07-14,0,39.755771887334525,0.4657337967180827,0.9781808783605864,0.2237334699416973
meta-sarpy-ne,2025-07-14,1,36.83835487944584,0.6136672779147262,0.9809534416484578,0.2102880684300669
meta-sarpy-ne,2025-07-14,2,34.82887180236713,0.6815672778266644,0.9829161931441988,0.2282781199282463
meta-sarpy-ne,2025-07-14,3,35.02739255727701,0.708511278249697,0.9814896112911132,0.2098410565128734
meta-sarpy-ne,2025-07-14,4,34.95881362058119,0.7116470998612348,0.9819969776904292,0.2033700068801161
meta-sarpy-ne,2025-08-15,0,23.949221814751024,0.5655159359630404,0.9793348124606864,0.2379253073768992
meta-sarpy-ne,2025-08-15,1,24.229653422989664,0.621179050562152,0.97951016013075,0.1974904084504048
meta-sarpy-ne,2025-08-15,2,18.411670394779765,0.7169368793076764,0.98246801403257,0.2377701721742542
meta-sarpy-ne,2025-08-15,3,18.31644489782659,0.6690494915105343,0.9795697525956252,0.2421862308603656
meta-sarpy-ne,2025-08-15,4,20.300870695049873,0.7083239803156527,0.981617507687409,0.2214300147388215
meta-sarpy-ne,2025-09-16,0,37.39474649409014,0.4646675384167348,0.9781303245049344,0.1985495790355265
meta-sarpy-ne,2025-09-16,1,36.106142772944104,0.5021116597236464,0.9789003895349202,0.1855618785016281
meta-sarpy-ne,2025-09-16,2,35.79308086269474,0.4990619414096902,0.9794757865706284,0.1891365062759476
meta-sarpy-ne,2025-09-16,3,35.67006820906065,0.5304976670048863,0.9783648806364742,0.172035843019829
meta-sarpy-ne,2025-09-16,4,36.02553091953323,0.5124629485142371,0.97854281555615,0.1659042377145321
meta-sarpy-ne,2025-10-02,0,32.095522622446786,0.4321440158822131,0.977637839690566,0.2013239701247312
meta-sarpy-ne,2025-10-02,1,31.636736638328532,0.4322746237685819,0.9775591784141784,0.1784184412782905
meta-sarpy-ne,2025-10-02,2,31.68881540636671,0.3867228749829954,0.9769567245613032,0.1712692258407811
meta-sarpy-ne,2025-10-02,3,31.52562880503018,0.428787600449993,0.9761690512278948,0.1624749494030782
meta-sarpy-ne,2025-10-02,4,30.968365253756488,0.4220270848033066,0.9765500382897117,0.1538015599374623
meta-sarpy-ne,2025-11-03,0,13.37039204392224,0.5062654702454426,0.9782934454260468,0.1748723005214612
meta-sarpy-ne,2025-11-03,1,14.111350953021102,0.3278220688146791,0.9756129910304252,0.202445093413816
meta-sarpy-ne,2025-11-03,2,15.035440923682994,0.3170519533865891,0.9757350925704112,0.195791537713716
meta-sarpy-ne,2025-11-03,3,16.755109512764598,0.3698501023084692,0.9758966348155332,0.1798605668199186
meta-sarpy-ne,2025-11-03,4,17.408771142629462,0.3664260470770619,0.9767321368577244,0.1810314587978999
meta-sarpy-ne,2025-12-05,0,0.4593815320591749,0.1071682097896646,0.9844324255403718,0.4137729733881878
meta-sarpy-ne,2025-12-05,1,-0.3876796620628729,0.0611371426039653,0.9883917927299428,0.5157431179840934
meta-sarpy-ne,2025-12-05,2,-0.2534448496411109,0.0456867756257618,0.9888047495000454,0.5657347523879299
meta-sarpy-ne,2025-12-05,3,-0.249991286389988,0.0581743594743722,0.9894019178815197,0.54735739967987
meta-sarpy-ne,2025-12-05,4,-0.0322922778191795,0.0576181274036229,0.9892382005897372,0.5288425110384137
meta-sarpy-ne,2025-12-21,0,4.688566261341433,0.2552341107065398,0.9744236582619822,0.1974299608275601
meta-sarpy-ne,2025-12-21,1,4.621045191186586,0.248227298693449,0.9749300101650348,0.1980687617095561
meta-sarpy-ne,2025-12-21,2,4.615529465625721,0.2382660359166506,0.9747666263870904,0.1970631369435073
meta-sarpy-ne,2025-12-21,3,4.55938954032473,0.2722861188276497,0.9743286298200172,0.1797126611116908
meta-sarpy-ne,2025-12-21,4,4.646235332639175,0.2815920564055758,0.97526581125284,0.1784943597394414
meta-sarpy-ne,2026-01-06,0,9.132494824353689,0.2630991344101506,0.9747020667209098,0.1613808157162853
meta-sarpy-ne,2026-01-06,1,8.972552525587457,0.243331246929463,0.9748834781972072,0.1698928791473916
meta-sarpy-ne,2026-01-06,2,8.889187627663595,0.2515778320445029,0.974896452518232,0.1664344455727894
meta-sarpy-ne,2026-01-06,3,8.682634018756357,0.2788442619325447,0.9745408409753322,0.1558791051503444
meta-sarpy-ne,2026-01-06,4,8.652554385278323,0.2846717987960954,0.975250445518384,0.1584254322412032
meta-sarpy-ne,2026-02-07,0,4.77400598757894,0.1735900979771989,0.9733288662776676,0.1874422143976707
meta-sarpy-ne,2026-02-07,1,4.49276803891131,0.1964159029778781,0.9741702618859848,0.19581798737661
meta-sarpy-ne,2026-02-07,2,4.087185356205665,0.1896060518451441,0.9734575815550456,0.2005310017648026
meta-sarpy-ne,2026-02-07,3,3.6254657765940688,0.2170151529395765,0.9737274555757184,0.1807210481035403
meta-sarpy-ne,2026-02-07,4,3.668312733575782,0.228699478086819,0.9742072734986312,0.1810790341749795
meta-sarpy-ne,2026-02-23,0,-4.680545388499968,-0.0034302802571303,0.991401548424,0.6165941548717649
meta-sarpy-ne,2026-02-23,1,-5.8828349485592595,-0.0187142914762137,0.9914658712316056,0.6922147818392177
meta-sarpy-ne,2026-02-23,2,-6.246031308512767,-0.0157399569461416,0.9914084359765392,0.7205171342666974
meta-sarpy-ne,2026-02-23,3,-6.122908103871633,-0.0110044324371611,0.9910655861156892,0.685436916440951
meta-sarpy-ne,2026-02-23,4,-5.485747867038617,-0.0092508005272703,0.990525356277692,0.6303434555453318
meta-sarpy-ne,2026-03-11,0,9.004477292748597,0.2148793609793146,0.9737251790951263,0.1925747772198036
meta-sarpy-ne,2026-03-11,1,8.423942986368353,0.2441981489596809,0.9745642401567102,0.183241506349158
meta-sarpy-ne,2026-03-11,2,8.207289544563805,0.232461150062075,0.9746477859939195,0.184335172453046
meta-sarpy-ne,2026-03-11,3,8.338664682256834,0.27107998058064,0.9742627006420485,0.1688981134943561
meta-sarpy-ne,2026-03-11,4,8.299100702682441,0.2682315580201679,0.9747326502229924,0.1685100687755981
meta-sarpy-ne,2026-03-27,0,18.48059838234862,0.2173376874349889,0.9738042221279796,0.2253450692328441
meta-sarpy-ne,2026-03-27,1,18.037609849791448,0.2228986150191,0.9745772779919788,0.2253220915317033
meta-sarpy-ne,2026-03-27,2,18.54759455114529,0.2231920300167584,0.9745349894192342,0.2199312624983149
meta-sarpy-ne,2026-03-27,3,18.54049703574903,0.2601735488115792,0.9743379949614284,0.2080405340391442
meta-sarpy-ne,2026-03-27,4,18.388574274029217,0.2613680978875802,0.975165326554666,0.2066458793897788
meta-sarpy-ne,2026-05-14,0,30.984559224947404,0.3602680298383443,0.9765436302060164,0.2296659065737789
meta-sarpy-ne,2026-05-14,1,30.350204428969047,0.3542660384453402,0.976688802305302,0.2317706726209069
meta-sarpy-ne,2026-05-14,2,30.632044451133,0.3011733948115083,0.9760324560441154,0.2347024767994375
meta-sarpy-ne,2026-05-14,3,30.81236679560175,0.3559457701067212,0.9755543853443488,0.214372265342247
meta-sarpy-ne,2026-05-14,4,30.10401868536702,0.3523707730028219,0.9759760550861688,0.2158870917432968
meta-sarpy-ne,2026-05-30,3,30.13924120293092,0.4900262233108312,0.97879616986523,0.2253257130135596
meta-sarpy-ne,2026-05-30,4,31.301705700741525,0.4720945909095488,0.9779831583765412,0.1984896433633806
meta-sarpy-ne,2026-06-15,0,35.07029726964908,0.4574941032157057,0.9781280836594428,0.2239462482613199
meta-sarpy-ne,2026-06-15,1,33.99065860894256,0.5152577550423026,0.9792949819033152,0.2173307135351286
meta-sarpy-ne,2026-06-15,2,33.685545918804486,0.5246326277522151,0.980089301406194,0.2204339301909769
meta-sarpy-ne,2026-06-15,3,33.49481384001867,0.5678020633950802,0.9791716089831402,0.2013307613928781
meta-sarpy-ne,2026-06-15,4,34.56050488504211,0.5389950743122364,0.9792256564124796,0.1985647300543988
meta-sarpy-ne,2026-07-17,0,43.7687533587964,0.4379630186906259,0.9774457239619744,0.2080158083794836
meta-sarpy-ne,2026-07-17,1,40.55107971212281,0.5603364717981869,0.979903973135108,0.2057161997646637
meta-sarpy-ne,2026-07-17,2,38.1954739750637,0.6514714160478455,0.9821223453541424,0.2182429281925293
meta-sarpy-ne,2026-07-17,3,38.40346028330677,0.6991939689998595,0.9812406915273284,0.202693257310894
meta-sarpy-ne,2026-07-17,4,38.905425387967945,0.6943787475898274,0.9816406664010048,0.2017603155175663
meta-sarpy-ne,2026-08-02,0,35.90340373025478,0.429493549286867,0.9769655392828926,0.2021004032792793
meta-sarpy-ne,2026-08-02,1,33.82917178148575,0.5431948476450873,0.979271030916577,0.1948597430243887
meta-sarpy-ne,2026-08-02,2,31.536405647190332,0.6365665900651345,0.9815145727030308,0.2156160715377344
meta-sarpy-ne,2026-08-02,3,31.3978739561853,0.680611389355668,0.9808647063403654,0.2020391196373962
meta-sarpy-ne,2026-08-02,4,31.8982280250356,0.6817048599724549,0.9812377864688352,0.1982370709408078
meta-sarpy-ne,2026-08-18,0,10.840933579561808,0.6363664153963645,0.9790706700672388,0.1437325982468699
meta-sarpy-ne,2026-08-18,1,16.787367550652732,0.6398992545054276,0.9800656685619962,0.1886984841459555
meta-sarpy-ne,2026-08-18,2,20.70392993593898,0.7050339665062847,0.9818757221107136,0.1881270641747372
meta-sarpy-ne,2026-08-18,3,19.038714483247745,0.6132018129140341,0.9778271409447712,0.2114572992942085
meta-sarpy-ne,2026-08-18,4,18.929629930810663,0.4890118068957395,0.971716927492896,0.168115807423621
meta-sarpy-ne,2026-09-03,0,37.98312227890603,0.4914319360145716,0.9787842033104218,0.2179675497974001
meta-sarpy-ne,2026-09-03,1,36.59880907877807,0.5722644761616161,0.98026012890643,0.2094293592390899
meta-sarpy-ne,2026-09-03,2,35.082379688798845,0.5970048120059244,0.981095995156247,0.2103497175542526
meta-sarpy-ne,2026-09-03,3,34.61988034749694,0.6470041498109117,0.9798627977313,0.1985121320289156
meta-sarpy-ne,2026-09-03,4,34.00484069101044,0.6627700255403691,0.9806751407015816,0.1902453802166947
