site_id,date,ring,lst_c,ndvi,emissivity,albedo
microsoft-goodyear-az,2013-04-15,0,40.901351305486024,0.188588636240281,0.9635164799548436,0.2379797501635
microsoft-goodyear-az,2013-04-15,1,41.81310868472438,0.1777570599813374,0.9639635487967896,0.2233019820539953
microsoft-goodyear-az,2013-04-15,2,40.89761366570509,0.1982123064464027,0.9637594266988392,0.2418905401009948
microsoft-goodyear-az,2013-04-15,3,40.73021296945026,0.2210083646787103,0.962966887112132,0.241940810250366
microsoft-goodyear-az,2013-04-15,4,41.73905646503109,0.1930591168988325,0.9642881986131572,0.2436125057233566
microsoft-goodyear-az,2013-05-01,0,52.95066718958015,0.1394507813929104,0.9635164799548436,0.2354255381157961
microsoft-goodyear-az,2013-05-01,1,51.467038286877255,0.2014591982292182,0.9640605364862536,0.2333754103427961
microsoft-goodyear-az,2013-05-01,2,48.99459316491187,0.2471459727067802,0.9638129677825258,0.2432282722182478
microsoft-goodyear-az,2013-05-01,3,49.77035299465902,0.2011732997692071,0.962953087022586,0.2482955974857751
microsoft-goodyear-az,2013-05-01,4,50.6013601025892,0.178159866538992,0.9642497639810338,0.2507945893645654
microsoft-goodyear-az,2013-05-17,2,22.168004712054177,0.2323358366341425,0.963366126051911,0.245610311819719
microsoft-goodyear-az,2013-05-17,3,24.40001353695841,0.2243065188472633,0.962572772795812,0.2541125149160912
microsoft-goodyear-az,2013-05-17,4,33.24388798817993,0.1328042374295139,0.9598311613208492,0.2617388888762364
microsoft-goodyear-az,2013-06-02,0,55.14086423067126,0.3090882744477258,0.9635164799548436,0.2465220171726355
microsoft-goodyear-az,2013-06-02,1,52.21483068691961,0.3518971298333855,0.9643652830148584,0.2364477626785427
microsoft-goodyear-az,2013-06-02,2,55.18564366280634,0.2670334410046073,0.963842841568724,0.2540694208988176
microsoft-goodyear-az,2013-06-02,3,57.14147229465614,0.1865692848858104,0.962889448260158,0.2611104400823523
microsoft-goodyear-az,2013-06-02,4,58.3804718794755,0.1694383112756402,0.9642418700697593,0.2603628925488326
microsoft-goodyear-az,2013-06-18,0,55.30151244652201,0.2661397164197118,0.9635164799548436,0.2458980615345118
microsoft-goodyear-az,2013-06-18,1,51.1698925061292,0.4021513036239416,0.9643609129492016,0.240061149136582
microsoft-goodyear-az,2013-06-18,2,54.635926668532335,0.257537951068618,0.963832366957336,0.2568088211117599
microsoft-goodyear-az,2013-06-18,3,56.822069432163424,0.1775796174578902,0.9628658003334248,0.2643749128155655
microsoft-goodyear-az,2013-06-18,4,56.62787249927825,0.173702651766171,0.9642888979904998,0.2623507116962543
microsoft-goodyear-az,2013-07-04,0,51.70113425916576,0.2649488825944074,0.9635164799548436,0.2515891764032295
microsoft-goodyear-az,2013-07-04,1,49.01418812659462,0.372166765371283,0.9643289664036016,0.2495015160752257
microsoft-goodyear-az,2013-07-04,2,51.932847303452434,0.2603893739127778,0.9638380079438772,0.258139242680924
microsoft-goodyear-az,2013-07-04,3,53.944060000286605,0.1883855636871886,0.962872173761568,0.2649216021369658
microsoft-goodyear-az,2013-07-04,4,54.598835254273766,0.1757967030987534,0.9642641085931252,0.2623698856111146
microsoft-goodyear-az,2013-07-20,0,41.67126155910841,0.2452249468814618,0.9635164799548436,0.1980897503754455
microsoft-goodyear-az,2013-07-20,1,42.02993292742445,0.2342538641869482,0.9640257407488886,0.2015248276217209
microsoft-goodyear-az,2013-07-20,2,43.21550525240451,0.1800169462745226,0.9637515587914666,0.2209511045214197
microsoft-goodyear-az,2013-07-20,3,45.823230621850186,0.181297514525399,0.962973764659937,0.226606916151557
microsoft-goodyear-az,2013-07-20,4,48.378237661993026,0.1959488327720662,0.9642847377926494,0.2285689037586758
microsoft-goodyear-az,2013-09-06,0,50.64719649984777,0.133209746040146,0.9635164799548436,0.3081538580613875
microsoft-goodyear-az,2013-09-06,1,51.11583646088527,0.1314656211107188,0.9639656232123311,0.293125558833708
microsoft-goodyear-az,2013-09-06,2,49.142177265259264,0.129717488406785,0.9637576723902986,0.2936031617362946
microsoft-goodyear-az,2013-09-06,3,47.90617791025361,0.2129771195529012,0.9629076499009666,0.2772140837062556
microsoft-goodyear-az,2013-09-06,4,50.19029705841363,0.1861422474616403,0.9644118030763096,0.2538319776045559
microsoft-goodyear-az,2013-09-22,0,39.743702368567654,0.2051063339607233,0.9635164799548436,0.2485336482895612
microsoft-goodyear-az,2013-09-22,1,40.68835923981294,0.1482738419948951,0.9639495623106104,0.2314164978421472
microsoft-goodyear-az,2013-09-22,2,41.29075029406593,0.1355202623612279,0.9637591407614002,0.2420579069363894
microsoft-goodyear-az,2013-09-22,3,41.305683937959735,0.2192369531871262,0.9630348915414544,0.2469997127544252
microsoft-goodyear-az,2013-09-22,4,42.87740635581917,0.1824975800961995,0.9642285258775926,0.2413688558779209
microsoft-goodyear-az,2013-10-08,0,40.47377788231845,0.3378305384944262,0.9635164799548436,0.2142352747723153
microsoft-goodyear-az,2013-10-08,1,41.74991145649109,0.1894536201332844,0.9640373196020194,0.2169067607866572
microsoft-goodyear-az,2013-10-08,2,42.1202384995431,0.1558946491736827,0.963761779404832,0.2370975848485088
microsoft-goodyear-az,2013-10-08,3,41.55623348598524,0.2164152468607069,0.9629932557236344,0.2381881566634689
microsoft-goodyear-az,2013-10-08,4,42.649401415822936,0.1812185455364118,0.9642790680978556,0.2372534517498193
microsoft-goodyear-az,2013-10-24,0,35.97386269883645,0.3880062036409923,0.9635164799548436,0.2140913019697833
microsoft-goodyear-az,2013-10-24,1,36.32072708607541,0.2602715432802816,0.9641740043306124,0.2122434753401669
microsoft-goodyear-az,2013-10-24,2,37.37739613430541,0.2181888988443264,0.9637427770829656,0.2277367549180602
microsoft-goodyear-az,2013-10-24,3,38.258192568337435,0.1856468223527461,0.9629012655820236,0.2331019609304049
microsoft-goodyear-az,2013-10-24,4,38.81967358071519,0.1812618431565174,0.9642638661971716,0.2336993957675631
microsoft-goodyear-az,2013-11-09,0,30.187416357143498,0.4100155738886156,0.9635164799548436,0.2227941752190242
microsoft-goodyear-az,2013-11-09,1,28.63209756952512,0.3010941683122643,0.96442012464462,0.2053214535547807
microsoft-goodyear-az,2013-11-09,2,30.31136490184243,0.2720490485455359,0.9637611712438692,0.2247812637333775
microsoft-goodyear-az,2013-11-09,3,31.409293564589102,0.1818454134992424,0.9628722499152628,0.2261602466294359
microsoft-goodyear-az,2013-11-09,4,31.709666319140354,0.1840084100521264,0.9643174498095444,0.2256900523407659
microsoft-goodyear-az,2013-11-25,0,19.21903218686677,0.3546552377398403,0.9635164799548436,0.1732006788002494
microsoft-goodyear-az,2013-11-25,1,18.992935458084467,0.3823898549435602,0.964397041556592,0.1699051449478019
microsoft-goodyear-az,2013-11-25,2,19.232806521134343,0.3336383815391749,0.963743812460551,0.1774343894627064
microsoft-goodyear-az,2013-11-25,3,19.856418303142306,0.2084703657255188,0.9629399688006536,0.1663838778751764
microsoft-goodyear-az,2013-11-25,4,19.964650469058427,0.1997618912647354,0.9642719426707348,0.1633115596395554
microsoft-goodyear-az,2013-12-11,0,20.210595589450353,0.228522708709884,0.9635164799548436,0.2156106913358696
microsoft-goodyear-az,2013-12-11,1,18.77001744411903,0.347864096599615,0.9644685289732664,0.2098167889305431
microsoft-goodyear-az,2013-12-11,2,18.728874896052808,0.2957291573502361,0.9637423491241028,0.222202171186461
microsoft-goodyear-az,2013-12-11,3,19.085772449634796,0.1932326054996184,0.962908199955746,0.2202779670060982
microsoft-goodyear-az,2013-12-11,4,19.241099307095748,0.1867071044648297,0.9642719746925096,0.2166754006324957
microsoft-goodyear-az,2013-12-27,0,21.33308325929771,0.2221874114541454,0.9635164799548436,0.2209298835868014
microsoft-goodyear-az,2013-12-27,1,19.629020000457828,0.3652756793863971,0.9643772013782528,0.2149126694292513
microsoft-goodyear-az,2013-12-27,2,19.357953242063605,0.3137804441644051,0.9637805217587234,0.2258517231428712
microsoft-goodyear-az,2013-12-27,3,19.74595770004803,0.2136079358856425,0.9628948976251268,0.2169994893729714
microsoft-goodyear-az,2013-12-27,4,19.849768527817353,0.2017664714773139,0.9642859275365064,0.2148350808061001
microsoft-goodyear-az,2014-01-12,0,20.647689318343826,0.2300680556318231,0.9635164799548436,0.1950523972409744
microsoft-goodyear-az,2014-01-12,1,19.459988097144823,0.3864679754650821,0.9642893782738342,0.192939827311834
microsoft-goodyear-az,2014-01-12,2,19.820928633393414,0.3548982362046049,0.9637760875380456,0.2136886270987033
microsoft-goodyear-az,2014-01-12,3,20.735044634209792,0.2320944829701893,0.9628891718974066,0.2111311405858538
microsoft-goodyear-az,2014-01-12,4,20.69217081205989,0.2161956846213374,0.9642548260139326,0.2123715489977251
microsoft-goodyear-az,2014-01-28,0,26.08261863146388,0.2330740350328262,0.9635164799548436,0.2055159193881414
microsoft-goodyear-az,2014-01-28,1,23.55692243947678,0.4127328502847002,0.9644011835659826,0.2131879396700391
microsoft-goodyear-az,2014-01-28,2,23.96048209880504,0.3194776137981845,0.9638075733274676,0.2178254280426082
microsoft-goodyear-az,2014-01-28,3,24.227642787391424,0.2627212088251649,0.9629575938499546,0.2147472715360441
microsoft-goodyear-az,2014-01-28,4,24.52108169672942,0.2225233723473507,0.964292752849732,0.2149315649156933
microsoft-goodyear-az,2014-02-13,0,30.83370229532028,0.2682772613149799,0.9635164799548436,0.1941967777619956
microsoft-goodyear-az,2014-02-13,1,27.23182283426472,0.4147198352854145,0.9640145165083772,0.1980923126305592
microsoft-goodyear-az,2014-02-13,2,28.589432926639844,0.2649549953747789,0.9638002896250903,0.2171510111009957
microsoft-goodyear-az,2014-02-13,3,27.918582341814854,0.2720257751908524,0.962998124279556,0.2178026529357264
microsoft-goodyear-az,2014-02-13,4,28.47951169860996,0.2189902419330495,0.9642862709337284,0.2191103220640007
microsoft-goodyear-az,2014-03-17,0,35.662365206240146,0.2793137903878979,0.9635164799548436,0.2235584407745734
microsoft-goodyear-az,2014-03-17,1,34.33792604391804,0.34195119555886,0.9639508391891696,0.2299851964413857
microsoft-goodyear-az,2014-03-17,2,35.67862537342831,0.1969018096058837,0.9638197044235296,0.2347410959377186
microsoft-goodyear-az,2014-03-17,3,34.64177344251535,0.2488935051848105,0.9629978479952752,0.232208815375958
microsoft-goodyear-az,2014-03-17,4,34.542920507905535,0.2391195914655947,0.9643433307416992,0.2284098814488137
microsoft-goodyear-az,2014-04-02,0,30.04439195148813,0.3820798975140391,0.9635164799548436,0.2308708647733282
microsoft-goodyear-az,2014-04-02,1,31.10310612576689,0.3028936493810542,0.9639533692750992,0.236789858292674
microsoft-goodyear-az,2014-04-02,2,32.58487262063599,0.1893245139934952,0.9638167511570924,0.2369692299561974
microsoft-goodyear-az,2014-04-02,3,31.88698771205152,0.2279209761360417,0.9629852736912142,0.2374341837184513
microsoft-goodyear-az,2014-04-02,4,32.355387788412216,0.2171614530760753,0.9643214545503463,0.2366039881741281
microsoft-goodyear-az,2014-05-04,0,47.86944635002719,0.403183142761865,0.9635164799548436,0.234237924600087
microsoft-goodyear-az,2014-05-04,1,52.18702634889932,0.2034468562410328,0.9639928396170722,0.2341221153591001
microsoft-goodyear-az,2014-05-04,2,51.77966258037148,0.1878470840074485,0.9638378332254048,0.2443931837021717
microsoft-goodyear-az,2014-05-04,3,49.93692466606711,0.2090430129732296,0.9629645737452364,0.2459774385374207
microsoft-goodyear-az,2014-05-04,4,50.55300698652455,0.1844912378958098,0.9642718676109036,0.248382289186835
microsoft-goodyear-az,2014-05-20,0,49.800387229936774,0.275430415001379,0.9635164799548436,0.235798541435173
microsoft-goodyear-az,2014-05-20,1,48.92779715750649,0.2581657091562878,0.9641262258565244,0.2424086862960809
microsoft-goodyear-az,2014-05-20,2,48.02020330467978,0.240848978279195,0.9638762167040016,0.2517272597727179
microsoft-goodyear-az,2014-05-20,3,48.14704648326021,0.2110804611330574,0.9629442269967592,0.2523171525826492
microsoft-goodyear-az,2014-05-20,4,49.684522967313065,0.1753969777835658,0.9642316976686616,0.2534059905400749
microsoft-goodyear-az,2014-06-05,0,52.96192069201519,0.2798658497865364,0.9635164799548436,0.2340245321735124
microsoft-goodyear-az,2014-06-05,1,52.7504555852602,0.2867353686783546,0.9642755901485356,0.2469174175624632
microsoft-goodyear-az,2014-06-05,2,53.80305273105606,0.2431831084650449,0.9638505044872504,0.2529566103885228
microsoft-goodyear-az,2014-06-05,3,54.456518601210504,0.2112730850706775,0.96295494889148,0.2588733378414923
microsoft-goodyear-az,2014-06-05,4,55.59247591924477,0.1800718585370008,0.96427856522376,0.2558011792611163
microsoft-goodyear-az,2014-06-21,0,53.20707660076162,0.3048172994613115,0.9635164799548436,0.2507950910856864
microsoft-goodyear-az,2014-06-21,1,51.54718538391471,0.3255622812845107,0.9643047894705684,0.2549178092908734
microsoft-goodyear-az,2014-06-21,2,53.32992633825508,0.2509348166413567,0.963863276650342,0.2551927704814813
microsoft-goodyear-az,2014-06-21,3,54.585215089346235,0.1981293604795752,0.9629190609730004,0.2552859363863219
microsoft-goodyear-az,2014-06-21,4,56.01318780882315,0.1795145044886699,0.9642423594045256,0.256085493026976
microsoft-goodyear-az,2014-07-07,0,64.07185712277037,0.2372509361189057,0.9635164799548436,0.2392302160237435
microsoft-goodyear-az,2014-07-07,1,62.863185396537126,0.2491856192123423,0.964250934784356,0.2496742852880943
microsoft-goodyear-az,2014-07-07,2,61.60280718084894,0.2344210065546297,0.963854409061984,0.2534424408836587
microsoft-goodyear-az,2014-07-07,3,61.55150058112636,0.2148869504325047,0.9628533197077556,0.2482731677518654
microsoft-goodyear-az,2014-07-07,4,60.71789687982845,0.1862530654906686,0.964339368013481,0.2499574908546624
microsoft-goodyear-az,2014-07-23,0,37.18749846472347,0.1358939368834585,0.9632030769230768,0.2181537726206293
microsoft-goodyear-az,2014-07-23,1,40.54206365357978,0.1685685357153344,0.9648484319399367,0.2245588363095598
microsoft-goodyear-az,2014-07-23,2,52.454133978498575,0.1870323010993315,0.9640295199154796,0.2423362424163196
microsoft-goodyear-az,2014-07-23,3,53.80081469094194,0.1997619354548332,0.9627285888618676,0.2479607962950425
microsoft-goodyear-az,2014-07-23,4,53.94870596519643,0.1941130399204875,0.9651231713476316,0.2699900201403487
microsoft-goodyear-az,2014-08-08,0,55.60902855317018,0.1232203417054369,0.9635164799548436,0.299799161083103
microsoft-goodyear-az,2014-08-08,1,56.08558864823486,0.1409225550707802,0.9639527265112752,0.2917913532560402
microsoft-goodyear-az,2014-08-08,2,56.469454118523174,0.1234884871062542,0.9637610920245812,0.2835492301788205
microsoft-goodyear-az,2014-08-08,3,54.813201510134235,0.2001670394000067,0.9629452873060113,0.2599636029062307
microsoft-goodyear-az,2014-08-08,4,55.77626317948865,0.1865120672361791,0.9642881956857344,0.2506810882526268
microsoft-goodyear-az,2014-08-24,0,48.67363568209078,0.1190730508698573,0.9635164799548436,0.2936277727148133
microsoft-goodyear-az,2014-08-24,1,49.94486907926737,0.1511392790452333,0.9639437164373637,0.2629536551283819
microsoft-goodyear-az,2014-08-24,2,49.909605504094,0.1282642042803035,0.96375389347938,0.2685520162286055
microsoft-goodyear-az,2014-08-24,3,48.68965026434011,0.2251682233846716,0.9630087174990656,0.2412680600448444
microsoft-goodyear-az,2014-08-24,4,48.99327091382954,0.2082108217654217,0.964285095330919,0.236437315752497
microsoft-goodyear-az,2014-09-09,2,2.3049868084210856,0.168494332487755,0.9632757518796992,0.2875450240491854
microsoft-goodyear-az,2014-09-09,3,33.66878548429527,0.2350509089312921,0.9638635525695792,0.2711478113462964
microsoft-goodyear-az,2014-09-09,4,40.50691350191618,0.2185914806848325,0.964799213816772,0.2397962381886158
microsoft-goodyear-az,2014-09-25,0,47.7346773062115,0.1711828338689137,0.9635164799548436,0.1818233996826505
microsoft-goodyear-az,2014-09-25,1,48.269472535288735,0.2319961512779712,0.9640096238557018,0.2153607433034964
microsoft-goodyear-az,2014-09-25,2,50.86318873168909,0.165344134611602,0.963779799153406,0.2446771783992481
microsoft-goodyear-az,2014-09-25,3,48.5753057506649,0.243445536576021,0.9631545274216212,0.2316025644250447
microsoft-goodyear-az,2014-09-25,4,49.58297769753624,0.2213441493735993,0.9642490795353312,0.2302871891717101
microsoft-goodyear-az,2014-10-11,0,37.98694982730038,0.2531221863393314,0.9635164799548436,0.2214871436188484
microsoft-goodyear-az,2014-10-11,1,37.7042155347791,0.3434512524532008,0.963960298560457,0.2255638223020344
microsoft-goodyear-az,2014-10-11,2,39.94814645226633,0.2022953293053694,0.9637990731499791,0.2316144783686816
microsoft-goodyear-az,2014-10-11,3,39.52969435398535,0.2615494863951884,0.963145249263928,0.2155731782795415
microsoft-goodyear-az,2014-10-11,4,40.296000238246535,0.2331455420775939,0.9643104646168108,0.2210111817171446
microsoft-goodyear-az,2014-10-27,0,34.577006196600585,0.4545818604245203,0.9635164799548436,0.2093551550348462
microsoft-goodyear-az,2014-10-27,1,34.536757485248344,0.3940046485395837,0.9639657392922,0.2087392512033497
microsoft-goodyear-az,2014-10-27,2,37.77149658990039,0.2424807572947271,0.9638097102275452,0.214725338668459
microsoft-goodyear-az,2014-10-27,3,37.73876227915526,0.2588676102165706,0.963078799634075,0.2128433166601099
microsoft-goodyear-az,2014-10-27,4,38.51203278336832,0.2249841415753092,0.9642973146519982,0.2198579540552576
microsoft-goodyear-az,2014-11-12,0,29.874125096040572,0.5380037161084505,0.9635164799548436,0.2107364196666388
microsoft-goodyear-az,2014-11-12,1,30.190751509783578,0.4573644282535904,0.9640108201611756,0.2229318383581867
microsoft-goodyear-az,2014-11-12,2,32.22196195462664,0.273853846461383,0.9638602881403306,0.218864666920744
microsoft-goodyear-az,2014-11-12,3,32.475603004035435,0.2328882180196529,0.962978850878014,0.2097283653250987
microsoft-goodyear-az,2014-11-12,4,32.92511144957707,0.2180856622686109,0.9642793310036164,0.2141918104206429
microsoft-goodyear-az,2014-11-28,0,24.819509652165177,0.5391504562155367,0.9635164799548436,0.2175975702350587
microsoft-goodyear-az,2014-11-28,1,25.1278079027559,0.4251567330672987,0.964090623022658,0.2105325158601327
microsoft-goodyear-az,2014-11-28,2,26.523973877632994,0.2628972648003484,0.9638485844894018,0.2173193884649566
microsoft-goodyear-az,2014-11-28,3,27.00188416466441,0.2236777389523362,0.9629372979766464,0.211306989985377
microsoft-goodyear-az,2014-11-28,4,27.5373426605001,0.2081580224146565,0.9642884868021032,0.2139821071723528
microsoft-goodyear-az,2014-12-14,0,16.926480244311655,0.5470636055467063,0.9635164799548436,0.2178440369591652
microsoft-goodyear-az,2014-12-14,1,17.477410505980206,0.4330301258866262,0.9642459679316072,0.2043261676827992
microsoft-goodyear-az,2014-12-14,2,18.0434705626883,0.3248070151692397,0.9639007494003674,0.1983547786951459
microsoft-goodyear-az,2014-12-14,3,18.378336283036145,0.265788254637993,0.9629903357286066,0.1854925326418762
microsoft-goodyear-az,2014-12-14,4,18.300483529545694,0.2390235600317421,0.9642583452475808,0.1846804554103268
microsoft-goodyear-az,2014-12-30,0,17.641103912797057,0.4667519992057421,0.9635164799548436,0.2073653252528007
microsoft-goodyear-az,2014-12-30,1,17.103057846622335,0.4130940860185956,0.9642846170654088,0.2039586142541566
microsoft-goodyear-az,2014-12-30,2,17.031371868408403,0.2928919728902706,0.9640664591758796,0.210568376202558
microsoft-goodyear-az,2014-12-30,3,16.814756801536532,0.2570450646411403,0.9629799118202882,0.2006939803909212
microsoft-goodyear-az,2014-12-30,4,16.851119314566848,0.2173916245627088,0.9642315089963576,0.2006982422323428
microsoft-goodyear-az,2015-01-15,0,22.35956477045027,0.3768926224182988,0.9635164799548436,0.2002140281980299
microsoft-goodyear-az,2015-01-15,1,20.58407037091791,0.3546199084438637,0.9643346397502984,0.1894529331476612
microsoft-goodyear-az,2015-01-15,2,21.21776378647464,0.2732526783268142,0.963891839820401,0.2046656683570041
microsoft-goodyear-az,2015-01-15,3,21.093327606839548,0.2647664711847779,0.9629793955065512,0.1957413899993402
microsoft-goodyear-az,2015-01-15,4,21.18459694587118,0.2117010620673273,0.9642243273257078,0.1954620610142996
microsoft-goodyear-az,2015-02-16,0,32.140388396231835,0.1834756146945262,0.9635164799548436,0.2057073685075608
microsoft-goodyear-az,2015-02-16,1,29.951832845862917,0.2770324555873997,0.964357804740003,0.1959180961434927
microsoft-goodyear-az,2015-02-16,2,30.609651280207423,0.2365020793483351,0.9639063260528812,0.2037562507633936
microsoft-goodyear-az,2015-02-16,3,29.546279511232154,0.2881069951309057,0.9630444684494972,0.2033252348827383
microsoft-goodyear-az,2015-02-16,4,29.79740692655567,0.2334753584921774,0.9642331229218772,0.2002788973663684
microsoft-goodyear-az,2015-03-04,0,25.45096463322743,0.1307335085965993,0.9635164799548436,0.2187502571520604
microsoft-goodyear-az,2015-03-04,1,24.07549974746047,0.2851696730925823,0.9643632787024536,0.2025108685285548
microsoft-goodyear-az,2015-03-04,2,24.90503935080345,0.2133221251159269,0.9638217609846652,0.2057012229303136
microsoft-goodyear-az,2015-03-04,3,24.843489270790226,0.2575782770044837,0.9630024083814092,0.2059330138370969
microsoft-goodyear-az,2015-03-04,4,25.073379355771007,0.2314294379274789,0.9642844337512436,0.1990377913746824
microsoft-goodyear-az,2015-03-20,0,30.939360670272112,0.1473521164060547,0.9635164799548436,0.164164010474647
microsoft-goodyear-az,2015-03-20,1,29.899778961656985,0.3899414034509981,0.9644013642798712,0.1746739133888606
microsoft-goodyear-az,2015-03-20,2,31.62644258274749,0.2273328851718458,0.9638048505807982,0.1816793241175445
microsoft-goodyear-az,2015-03-20,3,31.990616362615828,0.27673092211619,0.9630196527908352,0.1877391640714767
microsoft-goodyear-az,2015-03-20,4,32.62211462189724,0.24238467863937,0.9643466035426512,0.1876480043910448
microsoft-goodyear-az,2015-04-05,0,46.351098583824864,0.1478834352777747,0.9635164799548436,0.2267445673915804
microsoft-goodyear-az,2015-04-05,1,41.156213494404405,0.3967418776883919,0.9642391137567532,0.2244971359513124
microsoft-goodyear-az,2015-04-05,2,44.198190754910925,0.2030343669236944,0.9637618780680424,0.2250341845147132
microsoft-goodyear-az,2015-04-05,3,43.91271230977695,0.2347038698290068,0.9629794204058508,0.2225491403115423
microsoft-goodyear-az,2015-04-05,4,44.17838017087984,0.2074746624773068,0.9643442549642584,0.2222491901661459
microsoft-goodyear-az,2015-04-21,0,46.45514070468963,0.2367800285350776,0.9635164799548436,0.2188707538803664
microsoft-goodyear-az,2015-04-21,1,42.43925245692509,0.3718236976181127,0.9640306029021476,0.2164835811569899
microsoft-goodyear-az,2015-04-21,2,46.867378456967025,0.191187564193723,0.96378550549816,0.2298440770407033
microsoft-goodyear-az,2015-04-21,3,46.31779528767483,0.227087479147023,0.9629826769212124,0.229760079145942
microsoft-goodyear-az,2015-04-21,4,46.912847230405696,0.1919534550678867,0.964302787825694,0.2295302553875102
microsoft-goodyear-az,2015-05-07,0,44.4850108677103,0.2387786047589343,0.9635164799548436,0.2307747901905283
microsoft-goodyear-az,2015-05-07,1,40.608119020091834,0.3427903641383411,0.9640011846216168,0.2351739687703802
microsoft-goodyear-az,2015-05-07,2,43.70001388449749,0.1802688509197879,0.9638242072708731,0.2410055969339848
microsoft-goodyear-az,2015-05-07,3,43.99761470576031,0.1970781611360273,0.9629597680426212,0.2382083952314625
microsoft-goodyear-az,2015-05-07,4,44.96928387440104,0.1847291106202238,0.964310458030109,0.2350411967514463
microsoft-goodyear-az,2015-05-23,0,43.63576142412478,0.244585132558513,0.9635164799548436,0.2421001941944269
microsoft-goodyear-az,2015-05-23,1,41.18089854667459,0.2751199416851901,0.9639889853102052,0.2370419620828673
microsoft-goodyear-az,2015-05-23,2,42.22527498548842,0.2224448062849221,0.9638782329840004,0.2508980089120509
microsoft-goodyear-az,2015-05-23,3,43.17126877497766,0.2090080332576621,0.9629516845828712,0.2514352216841353
microsoft-goodyear-az,2015-05-23,4,44.03348407314635,0.1844471936103223,0.9642950811266692,0.2433474338698315
microsoft-goodyear-az,2015-06-08,1,27.386940122857165,0.1659914568109813,0.9621285714285716,0.3125951824999999
microsoft-goodyear-az,2015-06-08,2,29.138853857769288,0.2882320148887115,0.9621293284026609,0.3022473964348692
microsoft-goodyear-az,2015-06-08,3,37.19630295784556,0.1607165320677796,0.9648607367981828,0.2889292059698899
microsoft-goodyear-az,2015-06-08,4,30.79436789663614,0.2011902499397759,0.9651999171327944,0.20788541962686
microsoft-goodyear-az,2015-06-24,2,38.084030030578056,0.4116764676563945,0.966057968673132,0.2569866827548632
microsoft-goodyear-az,2015-06-24,3,45.480460462573966,0.2281085044007532,0.9622905672414078,0.2427408287045221
microsoft-goodyear-az,2015-06-24,4,46.683531203196864,0.2134103133455137,0.9644153262579164,0.2531522037258145
microsoft-goodyear-az,2015-07-10,0,60.312078968474026,0.200152009501314,0.9635164799548436,0.2378295983633736
microsoft-goodyear-az,2015-07-10,1,56.69618573491313,0.2584033394517652,0.9639483778407312,0.2331542095998733
microsoft-goodyear-az,2015-07-10,2,56.419913905898895,0.2707961218671332,0.9638673533261846,0.2488777659407562
microsoft-goodyear-az,2015-07-10,3,57.37456907698494,0.208632686123856,0.9629182516063172,0.2448855790926153
microsoft-goodyear-az,2015-07-10,4,57.94048392291252,0.1933583813254294,0.9642986850249629,0.2436442766061776
microsoft-goodyear-az,2015-07-26,0,53.16576896163667,0.1530272923739053,0.9636394012240456,0.2587408487234921
microsoft-goodyear-az,2015-07-26,1,49.2785844782247,0.2386998681718184,0.9635984466161164,0.2627233391999189
microsoft-goodyear-az,2015-07-26,2,50.99425188253907,0.1979473398482082,0.963737669305654,0.2629243094194295
microsoft-goodyear-az,2015-07-26,3,51.83658749833693,0.1982711966224919,0.9628220165271434,0.2575105694438964
microsoft-goodyear-az,2015-07-26,4,53.40438951373915,0.181431941140497,0.9642695214585092,0.2428305149451222
microsoft-goodyear-az,2015-08-27,0,58.458637983928504,0.1196759994185841,0.9635164799548436,0.2733954818378747
microsoft-goodyear-az,2015-08-27,1,56.04162246521624,0.1498809829880357,0.9639615453948142,0.2309867340169815
microsoft-goodyear-az,2015-08-27,2,56.53734257927025,0.1319504242379536,0.9637565500650258,0.247267408720669
microsoft-goodyear-az,2015-08-27,3,55.61894729433152,0.1859847607734045,0.9629243322566358,0.2383906795004594
microsoft-goodyear-az,2015-08-27,4,55.75498556779858,0.1895596952377433,0.9643060991959196,0.2356969112563293
microsoft-goodyear-az,2015-09-12,0,57.777877808807034,0.1221827730299999,0.9635164799548436,0.2458005506937051
microsoft-goodyear-az,2015-09-12,1,54.95733688797518,0.1357242523444395,0.9639693646258346,0.2726628913589954
microsoft-goodyear-az,2015-09-12,2,55.492371893059136,0.1404895905017509,0.9637747813268872,0.2486828083874727
microsoft-goodyear-az,2015-09-12,3,54.66670100087392,0.194634072306832,0.9629322260852944,0.2381332603733476
microsoft-goodyear-az,2015-09-12,4,54.6261649949721,0.1974353644742555,0.964303268877995,0.2286291909903411
microsoft-goodyear-az,2015-09-28,0,48.962689184401945,0.1165155233709804,0.9635164799548436,0.2583229152795325
microsoft-goodyear-az,2015-09-28,1,48.70338718404184,0.1392571785742012,0.9639795496101072,0.2251530755066199
microsoft-goodyear-az,2015-09-28,2,50.64262147359617,0.1422847270163845,0.9637817618722924,0.2441627123302202
microsoft-goodyear-az,2015-09-28,3,48.6138767279061,0.1996098912152371,0.9629496654145172,0.2384055305351012
microsoft-goodyear-az,2015-09-28,4,49.02684785883817,0.1947837297415356,0.9642551023147852,0.2322989527445305
microsoft-goodyear-az,2015-10-14,0,46.6201458422966,0.1554985059378199,0.9635164799548436,0.2175347148107807
microsoft-goodyear-az,2015-10-14,1,42.81171525741536,0.1843059794701568,0.9639525266718147,0.2302669139097482
microsoft-goodyear-az,2015-10-14,2,42.65550766940743,0.1699803171761496,0.9637842994248154,0.2546254717777564
microsoft-goodyear-az,2015-10-14,3,42.58896967992011,0.2185458800641787,0.9630492068819034,0.2349028295942667
microsoft-goodyear-az,2015-10-14,4,44.06544339105539,0.2058067029968018,0.9643023042565232,0.2267346596877974
microsoft-goodyear-az,2015-10-30,0,25.792757375167486,0.1668511249597234,0.9635637432863368,0.2631610404414621
microsoft-goodyear-az,2015-10-30,1,26.991887411933085,0.2429911634883904,0.9639898998144564,0.280923125621876
microsoft-goodyear-az,2015-10-30,2,27.499094452519,0.1989077994626931,0.9635477008096353,0.2843098378009333
microsoft-goodyear-az,2015-10-30,3,30.360478403548324,0.2234555914184303,0.962625865583465,0.24519620093754
microsoft-goodyear-az,2015-10-30,4,32.53965026834307,0.2044204971467693,0.9641738190435768,0.2325847725813046
microsoft-goodyear-az,2015-12-01,0,19.778509341775855,0.2543974153312835,0.9635164799548436,0.2604205807231117
microsoft-goodyear-az,2015-12-01,1,19.04186797158801,0.3063403132610658,0.9639586047047992,0.2069461558034965
microsoft-goodyear-az,2015-12-01,2,19.744832688207858,0.2445609132986411,0.963780912423622,0.2117418945194655
microsoft-goodyear-az,2015-12-01,3,19.79396933491884,0.2416449076337849,0.9629463278634102,0.210063219603182
microsoft-goodyear-az,2015-12-01,4,20.256007238499464,0.2032372122166675,0.9642885458488644,0.2139139421740563
microsoft-goodyear-az,2015-12-17,0,17.523687451956114,0.2947547732180829,0.9635164799548436,0.1902892225499594
microsoft-goodyear-az,2015-12-17,1,15.604707040916784,0.3499592925300971,0.9639673944545676,0.1893381387352717
microsoft-goodyear-az,2015-12-17,2,15.395929287042492,0.2441975538177358,0.9637761399613358,0.2010388524907607
microsoft-goodyear-az,2015-12-17,3,15.609160750856432,0.2357226461221313,0.9629670020826576,0.2054274248217606
microsoft-goodyear-az,2015-12-17,4,15.476831737087537,0.1998780819442893,0.964297023715232,0.2068079306777967
microsoft-goodyear-az,2016-01-02,0,21.437760364909536,0.2873607103667724,0.9635164799548436,0.1944720246846537
microsoft-goodyear-az,2016-01-02,1,19.539086324897397,0.3710602897886033,0.963801034301551,0.2086693154744928
microsoft-goodyear-az,2016-01-02,2,19.79506287804716,0.2062657077331251,0.9637679877636578,0.2088439354901329
microsoft-goodyear-az,2016-01-02,3,19.444621323406388,0.24087755423811,0.9629808972534526,0.2107552518728451
microsoft-goodyear-az,2016-01-02,4,19.885873222787986,0.1908051875677552,0.9642878757584192,0.2140707101123343
microsoft-goodyear-az,2016-01-18,3,-0.5650620321327242,0.4728755518069858,0.9606130670416236,0.2530271993872606
microsoft-goodyear-az,2016-01-18,4,-0.6904343030997177,0.4835277062843076,0.9629983827493258,0.2464771318811769
microsoft-goodyear-az,2016-02-03,0,17.60350855568191,0.2162631472305761,0.9635164799548436,0.2437026845936002
microsoft-goodyear-az,2016-02-03,1,16.92439392602946,0.2723117741865289,0.9639911940142228,0.2203841708071382
microsoft-goodyear-az,2016-02-03,2,16.797106614025015,0.2428117830825857,0.9638313048159408,0.2182507631074862
microsoft-goodyear-az,2016-02-03,3,16.55890127408292,0.2599030730240144,0.9630036744086032,0.223538351455869
microsoft-goodyear-az,2016-02-03,4,17.059978518868828,0.1956635725513623,0.9642648464590564,0.2164142312978865
microsoft-goodyear-az,2016-03-06,0,22.632739420635826,0.1967114295273281,0.9635337662705292,0.2879267066634582
microsoft-goodyear-az,2016-03-06,1,21.78985690589875,0.2385025056956744,0.9643488232492874,0.2958716784166001
microsoft-goodyear-az,2016-03-06,2,19.98274110782457,0.2433773493742238,0.9634311962869826,0.2854720675342779
microsoft-goodyear-az,2016-03-06,3,20.36217931580028,0.2618463040483041,0.9631335881748516,0.2348668923862915
microsoft-goodyear-az,2016-03-06,4,25.209452469017815,0.2471473928722326,0.9643889592440176,0.2187212293858541
microsoft-goodyear-az,2016-03-22,0,37.15831077405232,0.1733111676875047,0.9635164799548436,0.200644435424301
microsoft-goodyear-az,2016-03-22,1,33.99573203657746,0.2763439962451634,0.9642552684327992,0.2096477761546458
microsoft-goodyear-az,2016-03-22,2,35.17590821109554,0.2696736220427879,0.9638454599308304,0.2293320257650815
microsoft-goodyear-az,2016-03-22,3,36.66225566060614,0.2202480753508275,0.962937387742415,0.2319551594899594
microsoft-goodyear-az,2016-03-22,4,37.14853357001835,0.2049985333736206,0.9642921586664152,0.2316007638135286
microsoft-goodyear-az,2016-04-23,0,42.74675299820198,0.2151600899855073,0.9635164799548436,0.2252657148689338
microsoft-goodyear-az,2016-04-23,1,41.26028128048442,0.2753178132142595,0.964331970368526,0.2238280191353755
microsoft-goodyear-az,2016-04-23,2,40.518885384379566,0.2445050313884651,0.9638583774017526,0.2448735093971186
microsoft-goodyear-az,2016-04-23,3,42.791646719022225,0.204113093937483,0.962933668677474,0.2413177171466146
microsoft-goodyear-az,2016-04-23,4,43.57190958034699,0.1828091003513053,0.9642484310041074,0.2406172528344833
microsoft-goodyear-az,2016-05-09,0,45.166854349121806,0.2494990111939309,0.9635164799548436,0.2298401512086612
microsoft-goodyear-az,2016-05-09,1,43.86216846382831,0.2944039240132409,0.9643094363070506,0.2357461915470068
microsoft-goodyear-az,2016-05-09,2,44.88023191349404,0.1754734353912822,0.9638236453723216,0.24540622959221
microsoft-goodyear-az,2016-05-09,3,45.183323828552744,0.2138078266628564,0.962968299910658,0.2445638649452865
microsoft-goodyear-az,2016-05-09,4,45.965507146516536,0.1785827294360957,0.964288758643396,0.2437148207038712
microsoft-goodyear-az,2016-05-25,0,48.32937928734705,0.2423493739519645,0.9635164799548436,0.2404637332889468
microsoft-goodyear-az,2016-05-25,1,45.684802234679616,0.283936471554416,0.9640274195824452,0.2378635272263816
microsoft-goodyear-az,2016-05-25,2,47.96170363658975,0.2074040397891321,0.963794336974493,0.2458554372701979
microsoft-goodyear-az,2016-05-25,3,48.35972110590203,0.213485649396788,0.9629454304810718,0.2483884180339065
microsoft-goodyear-az,2016-05-25,4,49.7368428010172,0.1707568829219743,0.9642243174932928,0.2492726145963782
microsoft-goodyear-az,2016-06-10,0,49.85460373406691,0.2657184467689936,0.9635164799548436,0.2488127928634958
microsoft-goodyear-az,2016-06-10,1,47.97976550135364,0.3563354265438984,0.9640001590218324,0.2526610125975984
microsoft-goodyear-az,2016-06-10,2,49.11370964125251,0.2759547881686216,0.9637914890558088,0.264658184767123
microsoft-goodyear-az,2016-06-10,3,50.32114408585342,0.2511782190835759,0.9629956556162672,0.25622779069148
microsoft-goodyear-az,2016-06-10,4,51.97771311002705,0.1847511433557478,0.9642986759660171,0.2567400833208361
microsoft-goodyear-az,2016-06-26,0,22.676051418361485,0.1453653165157491,0.9636977507585868,0.1954681929573813
microsoft-goodyear-az,2016-06-26,1,39.59282281802648,0.20291785220006,0.9641091643342654,0.1807282911809698
microsoft-goodyear-az,2016-06-26,2,42.80560457750208,0.2224102957758097,0.9637682235268806,0.2090420776616495
microsoft-goodyear-az,2016-06-26,3,46.3231183422541,0.2061878446633475,0.962999770563302,0.2571348626089254
microsoft-goodyear-az,2016-06-26,4,47.57002078781489,0.1732130233925199,0.9644776632830244,0.2427203880816456
microsoft-goodyear-az,2016-07-12,0,57.78110664501982,0.1887426563359331,0.9635164799548436,0.2803951624462166
microsoft-goodyear-az,2016-07-12,1,55.48261494075124,0.2418142767296366,0.963946246523293,0.2545174210334825
microsoft-goodyear-az,2016-07-12,2,56.35648016760866,0.2298412242799748,0.9637276028253768,0.2583006599985689
microsoft-goodyear-az,2016-07-12,3,56.26576937529781,0.2314681245310255,0.9629247337123312,0.2541213003199881
microsoft-goodyear-az,2016-07-12,4,57.838252923778086,0.1754657302430515,0.9642096369683744,0.2538889813528278
microsoft-goodyear-az,2016-07-28,0,60.1824559912868,0.1976520751434838,0.9635164799548436,0.2811949249951067
microsoft-goodyear-az,2016-07-28,1,60.25587818774868,0.2257799581686045,0.9639743055313186,0.2422923742906154
microsoft-goodyear-az,2016-07-28,2,59.40575116052311,0.2187394555831701,0.9637710347422616,0.2551920261890018
microsoft-goodyear-az,2016-07-28,3,58.49925855111032,0.2178289512395369,0.9629607754405508,0.2495012463626062
microsoft-goodyear-az,2016-07-28,4,59.51315219096885,0.1812543439963355,0.9642750111898296,0.2481964137674412
microsoft-goodyear-az,2016-08-13,0,56.351250307093984,0.1244585235514397,0.9635164799548436,0.2838594810631418
microsoft-goodyear-az,2016-08-13,1,55.575349501736135,0.1720740203411956,0.9639443118588096,0.2732470864712591
microsoft-goodyear-az,2016-08-13,2,55.815863058202105,0.1510003506951832,0.9637602627756622,0.2719139858612136
microsoft-goodyear-az,2016-08-13,3,54.2338717015741,0.2044867624666271,0.9629935519360058,0.2522269212193206
microsoft-goodyear-az,2016-08-13,4,54.966576698151655,0.1822655823603339,0.9642916598085188,0.2487339157119421
microsoft-goodyear-az,2016-08-29,0,55.5701354067888,0.1242679865151984,0.9635164799548436,0.2417439000583917
microsoft-goodyear-az,2016-08-29,1,54.7132676761036,0.1314434502165758,0.9639545387228776,0.2545965617138355
microsoft-goodyear-az,2016-08-29,2,54.38175489448963,0.1293320329337527,0.9637576441607478,0.2541314046778601
microsoft-goodyear-az,2016-08-29,3,52.71982043447621,0.2058091941954361,0.9629796223268235,0.2422958764019668
microsoft-goodyear-az,2016-08-29,4,53.31099237609512,0.1805873669394113,0.9642562590572956,0.2402693570703095
microsoft-goodyear-az,2016-09-14,0,50.79359690022069,0.1290662690449047,0.9635164799548436,0.2414620388594039
microsoft-goodyear-az,2016-09-14,1,50.06428791803064,0.1355730497380726,0.963972561146777,0.2429328857596857
microsoft-goodyear-az,2016-09-14,2,48.464407328049,0.1296962673585352,0.963759960413321,0.243605814444843
microsoft-goodyear-az,2016-09-14,3,47.58949707220521,0.2177393861748887,0.9629779562132716,0.2394265225971403
microsoft-goodyear-az,2016-09-14,4,47.96768075756277,0.1870949005983997,0.9643013266401496,0.2389167599959733
microsoft-goodyear-az,2016-09-30,0,33.0612116947399,0.1543792999876415,0.9636694457865804,0.1940135098921369
microsoft-goodyear-az,2016-09-30,1,42.35100635471878,0.135978334894,0.964009129282064,0.2538901285144391
microsoft-goodyear-az,2016-09-30,2,45.85252928552274,0.1480209598673569,0.9648430507725833,0.2552330565608777
microsoft-goodyear-az,2016-09-30,3,45.376979166419815,0.2215302168639288,0.9626753286256716,0.2391927874183512
microsoft-goodyear-az,2016-09-30,4,47.31324517309096,0.187882044027592,0.9643665618485284,0.238607510696894
microsoft-goodyear-az,2016-10-16,0,18.71276061590155,0.1048919317085121,0.9641593059829064,0.2942923032852992
microsoft-goodyear-az,2016-10-16,1,18.664331918458373,0.112069610498886,0.9642951361761224,0.2898643670724125
microsoft-goodyear-az,2016-10-16,2,25.041040530471214,0.1510744874458251,0.9637436265594744,0.2806785568814003
microsoft-goodyear-az,2016-10-16,3,32.298273913131474,0.1626743119901184,0.962642548827279,0.2643959624808588
microsoft-goodyear-az,2016-10-16,4,37.82099567362009,0.1444797038193195,0.9655119030670098,0.2672173303779375
microsoft-goodyear-az,2016-11-01,0,37.76940535374897,0.1291749987430118,0.9635164799548436,0.234308687459532
microsoft-goodyear-az,2016-11-01,1,35.34867598571312,0.1586509307459223,0.9639275276201796,0.2260738329540127
microsoft-goodyear-az,2016-11-01,2,34.39921119942474,0.2124355730577772,0.9637688261044084,0.2293359394721453
microsoft-goodyear-az,2016-11-01,3,34.885467219778164,0.2279241395764269,0.962933307698983,0.2230755709031074
microsoft-goodyear-az,2016-11-01,4,35.52868218584539,0.1974107617050152,0.9642744407424636,0.2259386137622774
microsoft-goodyear-az,2016-11-17,0,30.20771774262744,0.1276031703945754,0.9635164799548436,0.2404053232786817
microsoft-goodyear-az,2016-11-17,1,27.53442420393494,0.1929906723085354,0.9639596913034164,0.2348812125328552
microsoft-goodyear-az,2016-11-17,2,27.11133351708514,0.22128551181422,0.9637922105233848,0.2255155018115112
microsoft-goodyear-az,2016-11-17,3,27.020585135509577,0.2469320473532263,0.9629665841986554,0.2206609465423041
microsoft-goodyear-az,2016-11-17,4,27.87070052508209,0.1974057154480166,0.9642976744921266,0.2220538047556897
microsoft-goodyear-az,2016-12-03,0,21.666160664408157,0.1425611658157943,0.9635164799548436,0.2444759102427405
microsoft-goodyear-az,2016-12-03,1,20.684444223121652,0.210579201862589,0.9640222624497546,0.2231135734268979
microsoft-goodyear-az,2016-12-03,2,20.565213406533033,0.1912190121005894,0.9637789333061468,0.221215382080935
microsoft-goodyear-az,2016-12-03,3,20.702784917102026,0.2432582536926622,0.9629467987016476,0.2151673358522529
microsoft-goodyear-az,2016-12-03,4,21.230702477613622,0.1994860161477239,0.9642811044212252,0.2132847284925785
microsoft-goodyear-az,2016-12-19,0,20.46127991554353,0.1810805608356388,0.9635164799548436,0.2425850855533756
microsoft-goodyear-az,2016-12-19,1,19.402258509183756,0.2739228706260672,0.964179954448134,0.2319657855688253
microsoft-goodyear-az,2016-12-19,2,19.533535568969047,0.2146075486861001,0.9637862227918867,0.2323843274780862
microsoft-goodyear-az,2016-12-19,3,20.0040679947212,0.2320291420973231,0.9629861301820112,0.2126648028225793
microsoft-goodyear-az,2016-12-19,4,20.599997215571157,0.1883796517810817,0.9642586540306176,0.2145613227038839
microsoft-goodyear-az,2017-01-04,0,17.366800677813455,0.1434801666294107,0.9635164799548436,0.2068363698794491
microsoft-goodyear-az,2017-01-04,1,17.212968597466684,0.277988564216738,0.9642893872652024,0.1911059682985119
microsoft-goodyear-az,2017-01-04,2,17.362149750620418,0.2432225764807643,0.9637983721183512,0.2001836984542196
microsoft-goodyear-az,2017-01-04,3,17.71130404969194,0.2594519129628138,0.963011735657125,0.1955682343904152
microsoft-goodyear-az,2017-01-04,4,17.565506554884834,0.2065990314991296,0.964333485163192,0.1891538000180759
microsoft-goodyear-az,2017-02-05,0,25.607015040457064,0.1346438150693426,0.9635164799548436,0.2342783967013119
microsoft-goodyear-az,2017-02-05,1,25.600785581793915,0.2348146289009799,0.964372536074394,0.2068074761252961
microsoft-goodyear-az,2017-02-05,2,25.75915915779962,0.2004628304168522,0.9637694882370722,0.2090206290101153
microsoft-goodyear-az,2017-02-05,3,24.64359432738892,0.1979538522782081,0.9629010206510284,0.213734021192922
microsoft-goodyear-az,2017-02-05,4,24.479417050134415,0.2076115615772225,0.9642764571594824,0.2122832099841634
microsoft-goodyear-az,2017-02-21,0,25.93516221556187,0.1983996402804433,0.9635164799548436,0.1878331333116045
microsoft-goodyear-az,2017-02-21,1,25.288792558353084,0.2737667469298335,0.9643602100969751,0.1923454358824119
microsoft-goodyear-az,2017-02-21,2,25.601987843135912,0.234937084078298,0.9637698982717026,0.1922881749162194
microsoft-goodyear-az,2017-02-21,3,25.549106119062685,0.249451527750716,0.9629689116334476,0.1886600653341278
microsoft-goodyear-az,2017-02-21,4,25.408854047767683,0.268059722897095,0.9642972126604252,0.1828368526936949
microsoft-goodyear-az,2017-03-09,0,40.27727348077787,0.1626866864774964,0.9635164799548436,0.1858326652011457
microsoft-goodyear-az,2017-03-09,1,34.96448596637733,0.2496437875069161,0.9643754261193356,0.2098028731480973
microsoft-goodyear-az,2017-03-09,2,33.773565605723626,0.2127084631458754,0.9637981627680968,0.2248364881247264
microsoft-goodyear-az,2017-03-09,3,33.21313780051251,0.2400992285031423,0.9629385420855296,0.2185649926356454
microsoft-goodyear-az,2017-03-09,4,33.12919274287624,0.2604062917047235,0.9642986890858476,0.2131141972691538
microsoft-goodyear-az,2017-03-25,0,39.82169623604072,0.1575235649982977,0.9635164799548436,0.1964655211912838
microsoft-goodyear-az,2017-03-25,1,36.60948440348466,0.2695799390750497,0.9644274772430336,0.2086834689537448
microsoft-goodyear-az,2017-03-25,2,35.54702431900231,0.2198847902164498,0.9637605416508578,0.2236892706687936
microsoft-goodyear-az,2017-03-25,3,35.84684828621673,0.2283961438020947,0.9629400393684252,0.216373376015584
microsoft-goodyear-az,2017-03-25,4,36.22695800922325,0.2239439894635901,0.9642780897496264,0.2177844079157223
microsoft-goodyear-az,2017-04-10,0,45.67590835343957,0.1406243149098938,0.9635164799548436,0.2254126631960269
microsoft-goodyear-az,2017-04-10,1,41.78967369102893,0.224731039238936,0.9644171374856028,0.2307185983677729
microsoft-goodyear-az,2017-04-10,2,39.31423604002017,0.2141053827021314,0.9637677876737318,0.2263238718042458
microsoft-goodyear-az,2017-04-10,3,39.01965515480087,0.2252093189374991,0.9629412606890057,0.2281511023952118
microsoft-goodyear-az,2017-04-10,4,39.80285749576512,0.2081840325651267,0.9643038208578218,0.2299241793153417
microsoft-goodyear-az,2017-04-26,0,53.24590523887885,0.157645559488268,0.9635164799548436,0.2164445752648297
microsoft-goodyear-az,2017-04-26,1,49.20338017987454,0.218141499752026,0.96433966760188,0.2230347742788026
microsoft-goodyear-az,2017-04-26,2,46.04393311106697,0.2371992024388273,0.9637858203403916,0.2344554594379537
microsoft-goodyear-az,2017-04-26,3,46.29619049053897,0.226790801122662,0.9629440558487684,0.2337928489659234
microsoft-goodyear-az,2017-04-26,4,47.4571900116237,0.1925326185386093,0.9642607889672108,0.2372413620310747
microsoft-goodyear-az,2017-05-12,0,51.818518076895714,0.179593845211653,0.9635164799548436,0.2371828745719433
microsoft-goodyear-az,2017-05-12,1,51.22471985406907,0.2475450679726173,0.964215314197098,0.2364342955769128
microsoft-goodyear-az,2017-05-12,2,50.78576940226391,0.2265024774376102,0.9638251638981316,0.2420269148574894
microsoft-goodyear-az,2017-05-12,3,49.973731392841074,0.2372967016573932,0.9629823564601168,0.235867419133361
microsoft-goodyear-az,2017-05-12,4,51.69604378396072,0.1909413361696965,0.9642903477430308,0.2370581449629004
microsoft-goodyear-az,2017-05-28,0,50.35180415039128,0.4244946711910815,0.9635164799548436,0.251563163032857
microsoft-goodyear-az,2017-05-28,1,52.5317454461392,0.3458124368611439,0.9639932889144476,0.2412411256716131
microsoft-goodyear-az,2017-05-28,2,51.33957325127012,0.2919720650263965,0.9638617239091472,0.2431517694004901
microsoft-goodyear-az,2017-05-28,3,52.51553790473394,0.2682051981226775,0.9629805080673326,0.2433193785581677
microsoft-goodyear-az,2017-05-28,4,55.21495078349891,0.1867777014857205,0.9642665447621468,0.2436604541164783
microsoft-goodyear-az,2017-06-13,0,47.2072813276993,0.4518701557495608,0.9635164799548436,0.2750306127386323
microsoft-goodyear-az,2017-06-13,1,49.980264417484015,0.3252933785347327,0.9639629770465324,0.2578517382310265
microsoft-goodyear-az,2017-06-13,2,48.94954848367645,0.3292824740217486,0.9638891389671788,0.252394858854347
microsoft-goodyear-az,2017-06-13,3,50.96977104438815,0.2389323811453779,0.9629636367624016,0.2491273263192718
microsoft-goodyear-az,2017-06-13,4,52.62931028044753,0.1830378358669823,0.964246999405168,0.249092812583335
microsoft-goodyear-az,2017-06-29,0,50.88351094887821,0.4096605059193862,0.9635164799548436,0.2168958067048966
microsoft-goodyear-az,2017-06-29,1,52.96937500276648,0.2925322682700485,0.9639654802747668,0.2301818927160794
microsoft-goodyear-az,2017-06-29,2,53.99440011320348,0.2975770586992493,0.96389343652571,0.2449836279661536
microsoft-goodyear-az,2017-06-29,3,55.80922004452768,0.235607884597004,0.9629870000080116,0.2462726333133274
microsoft-goodyear-az,2017-06-29,4,57.636125803273735,0.1827506766448962,0.9642558708257128,0.2485398199311681
microsoft-goodyear-az,2017-07-15,0,52.17202253879939,0.5018701187409856,0.9635164799548436,0.257902413617631
microsoft-goodyear-az,2017-07-15,1,54.156911318915625,0.4312039214540908,0.9639783951844296,0.2493451144124121
microsoft-goodyear-az,2017-07-15,2,59.21260355798185,0.2344561075572104,0.9638181140495024,0.2458165006718541
microsoft-goodyear-az,2017-07-15,3,59.84653505372727,0.1807089020961342,0.9629040521714582,0.244306139518439
microsoft-goodyear-az,2017-07-15,4,59.68648004177269,0.1757197342178885,0.9642294916236228,0.2423810733374523
microsoft-goodyear-az,2017-07-31,0,33.74030005874792,0.1969828895007794,0.963466066199402,0.3022343400526592
microsoft-goodyear-az,2017-07-31,1,32.35781291721911,0.1769334329857196,0.964414188807236,0.2636083402285568
microsoft-goodyear-az,2017-07-31,2,33.12200647370264,0.1706889666748797,0.963555114433743,0.2581680564396345
microsoft-goodyear-az,2017-07-31,3,37.95339780751545,0.1867758276585882,0.9629423882333074,0.2436739944357745
microsoft-goodyear-az,2017-07-31,4,44.23156202899887,0.2025699207975868,0.9645024973037868,0.2506221238673216
microsoft-goodyear-az,2017-08-16,0,50.64275927728364,0.1227813681274881,0.9635164799548436,0.2776400243351207
microsoft-goodyear-az,2017-08-16,1,49.8251670396676,0.1583862567538558,0.9640243004480824,0.2736247881079439
microsoft-goodyear-az,2017-08-16,2,50.31299107756247,0.1366915546040475,0.963770152501222,0.2745176501674537
microsoft-goodyear-az,2017-08-16,3,49.28677099121573,0.204605605953944,0.9630478749676312,0.2477468430490871
microsoft-goodyear-az,2017-08-16,4,49.352480541390904,0.2341071609522918,0.9643156329815452,0.2385503985552748
microsoft-goodyear-az,2017-09-01,0,54.00112333862424,0.134658298890517,0.9635164799548436,0.2450621272733055
microsoft-goodyear-az,2017-09-01,1,58.216054016116345,0.1608199724151757,0.9639908662592988,0.2351946430818029
microsoft-goodyear-az,2017-09-01,2,58.165595101255214,0.1434973357026631,0.9637893697503278,0.2403947408724286
microsoft-goodyear-az,2017-09-01,3,55.28559292896089,0.2202011065530705,0.9629800281963954,0.2388072015360829
microsoft-goodyear-az,2017-09-01,4,56.02276141640485,0.2059608883874263,0.9642521019385936,0.2336284863985606
microsoft-goodyear-az,2017-09-17,0,56.18007179397387,0.1377602441824584,0.9635164799548436,0.2176509745595733
microsoft-goodyear-az,2017-09-17,1,52.327383762146184,0.1446051229626703,0.9639758769340946,0.2256128643863434
microsoft-goodyear-az,2017-09-17,2,52.32666106058005,0.1382890830246949,0.963783734605438,0.2322243672885555
microsoft-goodyear-az,2017-09-17,3,49.236709835074606,0.2290459775796125,0.9629837886934848,0.2351768430497973
microsoft-goodyear-az,2017-09-17,4,50.00481003460704,0.2006484581696171,0.9643099639829076,0.2308388840671515
microsoft-goodyear-az,2017-10-03,0,46.21520817602163,0.1378493962509525,0.9635164799548436,0.2097613901995069
microsoft-goodyear-az,2017-10-03,1,45.18594491029894,0.1454810644459951,0.9639665368291824,0.2229250176813996
microsoft-goodyear-az,2017-10-03,2,45.65139755840445,0.1326783838539197,0.963778335174961,0.2349737156843851
microsoft-goodyear-az,2017-10-03,3,43.83750077269288,0.2149308502130345,0.9629471051740928,0.2329338485920566
microsoft-goodyear-az,2017-10-03,4,44.61715465872217,0.1941991226632716,0.9642667242095864,0.2279247584295029
microsoft-goodyear-az,2017-10-19,0,43.40712728605909,0.2521484512855471,0.9635164799548436,0.2151442326822887
microsoft-goodyear-az,2017-10-19,1,41.98630180454136,0.2353199463854653,0.9639693764614292,0.2092220403171712
microsoft-goodyear-az,2017-10-19,2,43.10565262402387,0.1696696223722549,0.9637809283749,0.2214622262272805
microsoft-goodyear-az,2017-10-19,3,41.949820975039586,0.2367523317966583,0.962967962221658,0.2246862367376908
microsoft-goodyear-az,2017-10-19,4,43.20083593704565,0.1989290882151503,0.9643028205092964,0.2225410398458406
microsoft-goodyear-az,2017-11-04,0,32.9390829342864,0.2814574152608552,0.9635164799548436,0.2322190714043674
microsoft-goodyear-az,2017-11-04,1,33.42939650116254,0.2630675739462299,0.9639772193636384,0.2019733050164332
microsoft-goodyear-az,2017-11-04,2,33.77140576951371,0.2099761784792424,0.9637070611333448,0.2178076404737997
microsoft-goodyear-az,2017-11-04,3,31.92060697517512,0.2206934951755231,0.9630003495153168,0.2262449459813575
microsoft-goodyear-az,2017-11-04,4,31.15189273684428,0.199261761757761,0.9639889196419704,0.249663252517403
microsoft-goodyear-az,2017-11-20,0,-1.506089184592209,0.135364727464143,0.9642274856551588,0.2451018839979775
microsoft-goodyear-az,2017-11-20,1,10.959481759531604,0.1413607362919149,0.9643364647914888,0.2355459745342785
microsoft-goodyear-az,2017-11-20,2,13.821738008377178,0.1967692177775607,0.9631001809985716,0.23707353738053
microsoft-goodyear-az,2017-11-20,3,15.917387001131129,0.2009028006529131,0.9630003814707526,0.2442147698253903
microsoft-goodyear-az,2017-11-20,4,17.724557476881724,0.1898360917049192,0.9647752182385204,0.232126518972131
microsoft-goodyear-az,2017-12-06,0,22.416076919247644,0.4082716232864202,0.9635164799548436,0.2132369949177547
microsoft-goodyear-az,2017-12-06,1,24.737787879590737,0.2818953535780342,0.9639785617931828,0.2001636979486639
microsoft-goodyear-az,2017-12-06,2,24.147721993068163,0.2401195226308818,0.9637709023436528,0.2046287102870906
microsoft-goodyear-az,2017-12-06,3,24.95910366797047,0.214723982917617,0.9629332048557376,0.2087670000980183
microsoft-goodyear-az,2017-12-06,4,25.421687046252337,0.2051048714867722,0.9642580716916206,0.2050651201177295
microsoft-goodyear-az,2017-12-22,0,15.503224925322778,0.5162853273971852,0.9635164799548436,0.192910993379442
microsoft-goodyear-az,2017-12-22,1,17.968023456935747,0.2788133485591076,0.9639708468064369,0.2051743744893508
microsoft-goodyear-az,2017-12-22,2,18.08740385440682,0.1882216594906468,0.9637538189383348,0.2117627523140121
microsoft-goodyear-az,2017-12-22,3,18.121151638520058,0.1898927844426905,0.9628955028492272,0.2105168139590638
microsoft-goodyear-az,2017-12-22,4,17.91268363580849,0.1986669595805092,0.9642571971539862,0.2064030005998627
microsoft-goodyear-az,2018-01-07,0,20.39551907721999,0.5080380272730632,0.9635164799548436,0.158981216987912
microsoft-goodyear-az,2018-01-07,1,22.02306489215052,0.3023037587179256,0.9639589024155224,0.1664468707848933
microsoft-goodyear-az,2018-01-07,2,21.312112780502872,0.2086347128823427,0.9639492758819564,0.1630025655412749
microsoft-goodyear-az,2018-01-07,3,21.8303073187431,0.2210116974001736,0.96287450171554,0.173342444857542
microsoft-goodyear-az,2018-01-07,4,22.195089788593616,0.2123090902241896,0.9634650142549545,0.1786186575751519
microsoft-goodyear-az,2018-01-23,0,18.814583373738255,0.5058898640307787,0.9635164799548436,0.2144070428039889
microsoft-goodyear-az,2018-01-23,1,19.931270141048778,0.3301005430549482,0.9639555360993204,0.2186639699448203
microsoft-goodyear-az,2018-01-23,2,19.881076294143153,0.2264201561426884,0.963776271869333,0.2193989943494448
microsoft-goodyear-az,2018-01-23,3,20.32071738683101,0.2106054442161367,0.9629405755355764,0.2153644745438355
microsoft-goodyear-az,2018-01-23,4,20.65729039784665,0.1956254259779188,0.9642731169326788,0.208797652438044
microsoft-goodyear-az,2018-02-08,0,27.81661200060733,0.4064242739420803,0.9635164799548436,0.219319574410822
microsoft-goodyear-az,2018-02-08,1,28.356251595875943,0.3150992339294289,0.9639573514974292,0.2251403199142299
microsoft-goodyear-az,2018-02-08,2,28.34766639341172,0.2290370091789607,0.9638084941680592,0.2220207244979415
microsoft-goodyear-az,2018-02-08,3,28.869036460496503,0.2134753345279355,0.9629429910740126,0.2224377952260309
microsoft-goodyear-az,2018-02-08,4,29.510083217179627,0.1836426339464168,0.9642262295130516,0.2153251416906512
microsoft-goodyear-az,2018-02-24,0,25.42551406928374,0.2201412553927532,0.9635164799548436,0.1950008583350254
microsoft-goodyear-az,2018-02-24,1,23.901299766827528,0.2940525912999452,0.9639514733039048,0.2165835808270083
microsoft-goodyear-az,2018-02-24,2,24.100729391869404,0.2206396104809692,0.9637901723861044,0.223844488520536
microsoft-goodyear-az,2018-02-24,3,24.27124089880353,0.1899325065473017,0.9629037007076516,0.2215057560261854
microsoft-goodyear-az,2018-02-24,4,24.06722042509206,0.1798878210424518,0.9642330996614358,0.2161494441965298
microsoft-goodyear-az,2018-03-12,0,37.08465034956779,0.1672670901337695,0.9635164799548436,0.2158874982642173
microsoft-goodyear-az,2018-03-12,1,36.02709326228355,0.2608767696909778,0.9639442613299252,0.2244654078974484
microsoft-goodyear-az,2018-03-12,2,34.90239854320136,0.2495837461767799,0.9637946743108746,0.2218857761025671
microsoft-goodyear-az,2018-03-12,3,36.154216849685774,0.1862980705102273,0.9628993988854532,0.2231402870028637
microsoft-goodyear-az,2018-03-12,4,36.46835867904917,0.1848752751260613,0.9642629632390036,0.2191289989894893
microsoft-goodyear-az,2018-03-28,0,39.374989079868165,0.2019258754366827,0.9635164799548436,0.2172733508573875
microsoft-goodyear-az,2018-03-28,1,37.8309751379692,0.2630354189509898,0.963942570660774,0.2334683530684268
microsoft-goodyear-az,2018-03-28,2,36.85226697692665,0.2545895507941697,0.9638046588294455,0.2306027096268884
microsoft-goodyear-az,2018-03-28,3,37.61729742826592,0.195772902333225,0.9629242806386268,0.2314212520997865
microsoft-goodyear-az,2018-03-28,4,38.07775610026417,0.175603530765491,0.9642849792782454,0.2289092843352136
microsoft-goodyear-az,2018-04-13,0,34.45585790312673,0.2496137553385329,0.9635164799548436,0.2414607702758003
microsoft-goodyear-az,2018-04-13,1,35.018538946430276,0.222749743007652,0.9639582414430916,0.242830473097686
microsoft-goodyear-az,2018-04-13,2,34.26539408006452,0.2646366950309681,0.9638484413325252,0.2424767683419744
microsoft-goodyear-az,2018-04-13,3,36.59475320177153,0.1782048285179456,0.9628946039042756,0.242688121049113
microsoft-goodyear-az,2018-04-13,4,37.50155415758133,0.1758150370324895,0.9642841300007468,0.2387255012564792
microsoft-goodyear-az,2018-04-29,0,28.427812180300883,0.1713059800554115,0.9635164799548436,0.2228808304158341
microsoft-goodyear-az,2018-04-29,1,32.378017637740705,0.1727439878369057,0.9639572626722464,0.2605064920595726
microsoft-goodyear-az,2018-04-29,2,32.581209089722066,0.1817390240927678,0.9635581385249647,0.2613116101535416
microsoft-goodyear-az,2018-04-29,3,32.85463089820907,0.1868575881047868,0.9629016706577854,0.2615524331144308
microsoft-goodyear-az,2018-04-29,4,34.49777665062007,0.1687492171307507,0.9647315136186428,0.2507144203001136
microsoft-goodyear-az,2018-05-15,0,49.93021638151051,0.322674437322147,0.9635164799548436,0.2286678369115279
microsoft-goodyear-az,2018-05-15,1,53.20541961178372,0.1723382361998474,0.9639905125571094,0.2381777680197874
microsoft-goodyear-az,2018-05-15,2,51.996426727360664,0.1973161244816635,0.9638224752972032,0.2505872091924759
microsoft-goodyear-az,2018-05-15,3,51.885211015584126,0.1738357539999444,0.962900616507958,0.2495131993379513
microsoft-goodyear-az,2018-05-15,4,52.283314255407575,0.1672215876252808,0.9642623621980718,0.2467081837795333
microsoft-goodyear-az,2018-05-31,0,46.42598324944138,0.4852323735323325,0.9635164799548436,0.2479435947171329
microsoft-goodyear-az,2018-05-31,1,52.749772467749054,0.2845514493981845,0.9641004807072212,0.25305364486111
microsoft-goodyear-az,2018-05-31,2,51.095978314809976,0.282475806170182,0.9638377828506478,0.2569281665175833
microsoft-goodyear-az,2018-05-31,3,53.58340168854673,0.2091298692608174,0.9629067175172734,0.2536687492990364
microsoft-goodyear-az,2018-05-31,4,54.997992006593094,0.1666110528478744,0.9642196689781348,0.250394405627421
microsoft-goodyear-az,2018-07-02,0,50.959056598592674,0.4418057862594475,0.9635164799548436,0.2505660329520459
microsoft-goodyear-az,2018-07-02,1,53.065425836003776,0.3611286776853771,0.96420982111561,0.2547371857000489
microsoft-goodyear-az,2018-07-02,2,55.9223333100568,0.2285484527398025,0.9637701722262776,0.2531655497485128
microsoft-goodyear-az,2018-07-02,3,57.34117118617503,0.1695495020192957,0.9628818675407356,0.2487529904144048
microsoft-goodyear-az,2018-07-02,4,57.3935062068872,0.1695166457037575,0.9642267136512288,0.2470994024161554
microsoft-goodyear-az,2018-07-18,0,50.7961240651407,0.2476000687904849,0.9635164799548436,0.2529193479864934
microsoft-goodyear-az,2018-07-18,1,50.00728072651203,0.2453215382796739,0.9642325846055322,0.2672983686142757
microsoft-goodyear-az,2018-07-18,2,50.945575247811384,0.2352535729408073,0.9637774272913492,0.2640136909559041
microsoft-goodyear-az,2018-07-18,3,51.29786998470341,0.199873120385179,0.9629725174825676,0.252832872272249
microsoft-goodyear-az,2018-07-18,4,51.742422082054894,0.1824469453328531,0.964524295725723,0.2436292993430754
microsoft-goodyear-az,2018-08-03,0,56.84001227698107,0.1461196950259605,0.9635164799548436,0.2600108521129465
microsoft-goodyear-az,2018-08-03,1,54.80811523253201,0.2008386672457356,0.9639634445525148,0.2504334070946308
microsoft-goodyear-az,2018-08-03,2,56.43899987837998,0.1555132898389518,0.963735409433346,0.2459599938263409
microsoft-goodyear-az,2018-08-03,3,54.83382761105041,0.1734582915065616,0.9629356228239366,0.2386041287487679
microsoft-goodyear-az,2018-08-03,4,53.44880048484937,0.1771208654549962,0.964273324762316,0.2323801740650041
microsoft-goodyear-az,2018-08-19,0,57.93700396570609,0.1439349302206665,0.9635164799548436,0.274657370324644
microsoft-goodyear-az,2018-08-19,1,56.88029078460972,0.1865843997717471,0.963965042812986,0.2703573254332927
microsoft-goodyear-az,2018-08-19,2,57.30165026210219,0.1236550323959775,0.9637305764533568,0.2690216336768021
microsoft-goodyear-az,2018-08-19,3,56.171551946439735,0.1576146449800119,0.9628829707887134,0.2503815177601343
microsoft-goodyear-az,2018-08-19,4,54.97576862849352,0.1802396792862359,0.9642738132313492,0.2394378250965759
microsoft-goodyear-az,2018-09-04,0,53.99884866770035,0.121511290729022,0.9635164799548436,0.2638061360775264
microsoft-goodyear-az,2018-09-04,1,54.18107017486199,0.136978780123139,0.9639704211802508,0.2575049232191602
microsoft-goodyear-az,2018-09-04,2,51.925168203429216,0.1232077277479618,0.9637330628724664,0.263377076148657
microsoft-goodyear-az,2018-09-04,3,50.5131780790753,0.1786667309170489,0.9629389373403702,0.2455465461372354
microsoft-goodyear-az,2018-09-04,4,50.53395235452261,0.1842423487434043,0.964313251005544,0.2376498636148715
microsoft-goodyear-az,2018-09-20,0,52.51986376326294,0.1232320520172114,0.9635164799548436,0.2408396769003523
microsoft-goodyear-az,2018-09-20,1,51.937846099441856,0.1382076388142971,0.9639659983096333,0.2295774083284877
microsoft-goodyear-az,2018-09-20,2,50.34511165368552,0.129981597703061,0.9637278702516098,0.2287132746719138
microsoft-goodyear-az,2018-09-20,3,48.86507982286393,0.1688286168066554,0.9629165480851763,0.226319224868276
microsoft-goodyear-az,2018-09-20,4,48.39626199070381,0.1805339022264708,0.9642385640992016,0.2238731179519213
microsoft-goodyear-az,2018-10-06,0,25.79176440570327,0.1085522061762739,0.9635164799548436,0.2908233496486124
microsoft-goodyear-az,2018-10-06,1,26.533473199136,0.1220182461218644,0.963955508146911,0.2793144151060189
microsoft-goodyear-az,2018-10-06,2,26.807447681698925,0.1269736538241349,0.9637409914612464,0.2666645915878238
microsoft-goodyear-az,2018-10-06,3,26.017564990455377,0.1755733166880709,0.962906869862804,0.2506838133288879
microsoft-goodyear-az,2018-10-06,4,25.850247662657864,0.1748963884750493,0.9643931352705204,0.242964135571526
microsoft-goodyear-az,2018-10-22,0,38.131466465004024,0.1293003908141175,0.9635164799548436,0.2550796951842005
microsoft-goodyear-az,2018-10-22,1,36.430442110724485,0.1582094339106891,0.964011775657823,0.268616443405552
microsoft-goodyear-az,2018-10-22,2,36.03363463354162,0.1823249803638472,0.9637479987603462,0.2442341062240668
microsoft-goodyear-az,2018-10-22,3,35.706622458460515,0.227353615034339,0.9629853316026276,0.2289038648185183
microsoft-goodyear-az,2018-10-22,4,36.19172326624884,0.2365926738700014,0.9643166689902366,0.2202158829306204
microsoft-goodyear-az,2018-11-07,0,34.70400369055631,0.1946113816135563,0.9635164799548436,0.2149894049797203
microsoft-goodyear-az,2018-11-07,1,32.981971143569616,0.1948409978236965,0.9639959027599686,0.2122670446926844
microsoft-goodyear-az,2018-11-07,2,31.327366692520403,0.2174691884422996,0.963767795836997,0.2143931468628722
microsoft-goodyear-az,2018-11-07,3,31.340184195087,0.2473553882863693,0.9629690596252152,0.2138023605713715
microsoft-goodyear-az,2018-11-07,4,31.489312169491892,0.2545214356344106,0.9642662871180304,0.2097497513680927
microsoft-goodyear-az,2018-11-23,0,14.326544003235847,0.2297895986479456,0.9635277689785404,0.2367633810938186
microsoft-goodyear-az,2018-11-23,1,14.212140775046755,0.2088744694654029,0.96407424242136,0.2457546226552069
microsoft-goodyear-az,2018-11-23,2,13.812074416148654,0.2178639023045396,0.9639122165664884,0.230893345364641
microsoft-goodyear-az,2018-11-23,3,13.66115901315455,0.2720837378626908,0.963086736004055,0.2421570477724002
microsoft-goodyear-az,2018-11-23,4,14.59493547129555,0.2482628217264298,0.964554142920692,0.2347826448582233
microsoft-goodyear-az,2018-12-09,0,19.770072949147185,0.244803245912555,0.9635164799548436,0.2110559910442054
microsoft-goodyear-az,2018-12-09,1,19.81764305087042,0.2326403375754488,0.9639677631788576,0.2061203369990697
microsoft-goodyear-az,2018-12-09,2,19.76155630387311,0.2128900305906734,0.9637565908833348,0.1959907134017899
microsoft-goodyear-az,2018-12-09,3,19.805488363793224,0.2856058816240272,0.963049729527696,0.1921114753054678
microsoft-goodyear-az,2018-12-09,4,20.025437777565724,0.2613912480375711,0.9643017527057366,0.1895790088170176
microsoft-goodyear-az,2018-12-25,0,15.440788361003085,0.2035778456333466,0.9619594237158196,0.1809698463073409
microsoft-goodyear-az,2018-12-25,1,17.799596640733373,0.1700406787577912,0.9652425490916408,0.1540167999547899
microsoft-goodyear-az,2018-12-25,2,19.117808362784885,0.1742769046713294,0.9631250459179704,0.1683471132152544
microsoft-goodyear-az,2018-12-25,3,18.80199223941972,0.3135488679508545,0.963727643185262,0.1785419318599264
microsoft-goodyear-az,2018-12-25,4,20.033715352128077,0.2612661406132772,0.964465312793263,0.207415108284906
microsoft-goodyear-az,2019-01-26,0,20.782341606247055,0.2954690762049051,0.9635164799548436,0.1920468853793145
microsoft-goodyear-az,2019-01-26,1,22.233355428495763,0.2677277055192858,0.9640044293953672,0.2114532387344105
microsoft-goodyear-az,2019-01-26,2,22.010273004209623,0.2567579251150571,0.9637909210466156,0.1994614115966527
microsoft-goodyear-az,2019-01-26,3,21.56089557021903,0.2756366875487614,0.9630180774365332,0.1995339042416658
microsoft-goodyear-az,2019-01-26,4,22.175941245335427,0.2408662919656317,0.9643006598677984,0.1968018700267257
microsoft-goodyear-az,2019-02-11,0,21.552587595354133,0.3328084534674073,0.9635164799548436,0.216467459203702
microsoft-goodyear-az,2019-02-11,1,22.13678299931445,0.2595230593713902,0.9640365684969846,0.2143524801352516
microsoft-goodyear-az,2019-02-11,2,21.505207303552115,0.2341541017080552,0.9637698520567848,0.2074123818141814
microsoft-goodyear-az,2019-02-11,3,20.730743283794492,0.2688541448426898,0.9630058341358964,0.2054126166386482
microsoft-goodyear-az,2019-02-11,4,21.303500868909826,0.2303552919824142,0.9642642990362502,0.1996592377421397
microsoft-goodyear-az,2019-02-27,0,25.735378519463048,0.3361879964047038,0.9635164799548436,0.2219504654601604
microsoft-goodyear-az,2019-02-27,1,25.627585059345847,0.2580469694163171,0.9640953704616934,0.2313306379242036
microsoft-goodyear-az,2019-02-27,2,25.810614010885867,0.2347257703804172,0.9637906369334118,0.2209157521461248
microsoft-goodyear-az,2019-02-27,3,25.962444416002533,0.2630360671503425,0.9630220922796572,0.2066065228964635
microsoft-goodyear-az,2019-02-27,4,26.57763180071374,0.2325075129997938,0.9642771977692924,0.2005355868133595
microsoft-goodyear-az,2019-03-15,0,26.213735863389957,0.2140241970188403,0.9635164799548436,0.2370647240260561
microsoft-goodyear-az,2019-03-15,1,26.72712899187526,0.2519265732479851,0.9641870626330546,0.2285974977435742
microsoft-goodyear-az,2019-03-15,2,26.203462916504236,0.2647935550210714,0.9637993631841604,0.2308273057676876
microsoft-goodyear-az,2019-03-15,3,26.53786192972997,0.2656945146734047,0.9630167685168368,0.2146270767986134
microsoft-goodyear-az,2019-03-15,4,27.414474158618507,0.239149775066844,0.9642950602866346,0.208542721209437
microsoft-goodyear-az,2019-03-31,0,40.25861232604142,0.1501619833419753,0.9635164799548436,0.2336423541223672
microsoft-goodyear-az,2019-03-31,1,39.048712994589685,0.2574429685433218,0.9642322468358744,0.233736631185862
microsoft-goodyear-az,2019-03-31,2,37.27673372281016,0.2795542688465856,0.9637801924540418,0.2221885284289705
microsoft-goodyear-az,2019-03-31,3,38.82685848006381,0.2436687654017554,0.9629883480907327,0.2198562708373405
microsoft-goodyear-az,2019-03-31,4,39.83000400941181,0.2105456431816597,0.9642508111415448,0.2139638354698665
microsoft-goodyear-az,2019-04-16,0,17.3184619176724,0.1803291066802275,0.9626050355202678,0.2936355344085178
microsoft-goodyear-az,2019-04-16,1,18.784770886130115,0.2053795886970898,0.9633900362249208,0.263091738201233
microsoft-goodyear-az,2019-04-16,2,26.82549953921084,0.2480942717210712,0.9623107918547948,0.2632700671894531
microsoft-goodyear-az,2019-04-16,3,33.20462261419504,0.2104991071228932,0.9632080962197224,0.2507723632437449
microsoft-goodyear-az,2019-04-16,4,30.950133713784098,0.2010634300160549,0.9650739124112828,0.2277537461652097
microsoft-goodyear-az,2019-05-02,4,17.003147574994436,0.218081720654023,0.9662775907037044,0.2031685755541946
microsoft-goodyear-az,2019-05-18,0,47.865629455484225,0.2127823150417746,0.9635164799548436,0.262276620989967
microsoft-goodyear-az,2019-05-18,1,45.18034215589912,0.2759639766759665,0.9642299147685448,0.2572706437604226
microsoft-goodyear-az,2019-05-18,2,44.69435600753203,0.2353641229840544,0.9638226209970842,0.2420325164914104
microsoft-goodyear-az,2019-05-18,3,43.472059700762074,0.2208650351039979,0.9629722754737922,0.2389006994120311
microsoft-goodyear-az,2019-05-18,4,44.35133923874734,0.1842810662965116,0.9642740448368932,0.2399256903385223
microsoft-goodyear-az,2019-06-03,0,50.83941046390917,0.2349040725550517,0.9635164799548436,0.2534482025293492
microsoft-goodyear-az,2019-06-03,1,47.65973191797784,0.3779255078148495,0.964207010161919,0.2526601314887584
microsoft-goodyear-az,2019-06-03,2,49.01828156808694,0.2900751424297081,0.9638340761333938,0.2430184383097085
microsoft-goodyear-az,2019-06-03,3,50.79081594239675,0.2244600046584557,0.9629481205997574,0.2371857720144729
microsoft-goodyear-az,2019-06-03,4,51.91764103578117,0.1894243260944731,0.9642961008961444,0.2345489159507627
microsoft-goodyear-az,2019-06-19,0,52.09733130461975,0.2308257479979955,0.9635164799548436,0.2570878288978466
microsoft-goodyear-az,2019-06-19,1,49.59791200873329,0.3869335399990127,0.9641775454494405,0.2561010536007861
microsoft-goodyear-az,2019-06-19,2,51.4727052081279,0.3109825781019017,0.9638426168927556,0.2542427507296421
microsoft-goodyear-az,2019-06-19,3,53.587796671680394,0.2301241743975487,0.9629438044096378,0.2424851013365791
microsoft-goodyear-az,2019-06-19,4,54.379643404748066,0.1939820687118363,0.9643194267428322,0.2390180092289597
microsoft-goodyear-az,2019-07-05,0,56.68599736531739,0.2245739934043957,0.9635164799548436,0.2666727009952133
microsoft-goodyear-az,2019-07-05,1,55.001304808453966,0.2726875154146879,0.9639670767143772,0.2535217619453467
microsoft-goodyear-az,2019-07-05,2,56.449161359476896,0.1970017785269807,0.9637839936105896,0.2525931223884167
microsoft-goodyear-az,2019-07-05,3,55.51088269286601,0.213152743916479,0.962961803487138,0.2414691431658522
microsoft-goodyear-az,2019-07-05,4,56.57471073631788,0.1923723249402286,0.9642662873274518,0.2391400983954287
microsoft-goodyear-az,2019-07-21,0,61.871449571758944,0.1357844909354002,0.9635164799548436,0.2590655106302834
microsoft-goodyear-az,2019-07-21,1,60.98843967918838,0.1588748923173117,0.963965507132462,0.2431479748173145
microsoft-goodyear-az,2019-07-21,2,60.11263859906603,0.1559167977945799,0.9637877891285258,0.2476611321178884
microsoft-goodyear-az,2019-07-21,3,59.22581686925824,0.1833767928130599,0.962930145977882,0.2396337391422761
microsoft-goodyear-az,2019-07-21,4,59.411147584967885,0.1871624585875859,0.9643077190067174,0.2382490047635129
microsoft-goodyear-az,2019-08-22,0,61.279745233325855,0.1249596880309449,0.9635164799548436,0.2673614067844444
microsoft-goodyear-az,2019-08-22,1,60.39853553160412,0.1482675810937869,0.9639581790786128,0.2509238949809795
microsoft-goodyear-az,2019-08-22,2,61.04103357368627,0.1349622951298946,0.963767575764118,0.2483890257574752
microsoft-goodyear-az,2019-08-22,3,60.09866347660426,0.1853780238024286,0.9629250944086531,0.2333812712228749
microsoft-goodyear-az,2019-08-22,4,60.41101363570207,0.1761994033937754,0.9642425161376642,0.2304900723948682
microsoft-goodyear-az,2019-09-07,0,52.53791352093419,0.1306158492401552,0.9635164799548436,0.2498509634701657
microsoft-goodyear-az,2019-09-07,1,54.55622013139581,0.1518528803758314,0.9639621644874496,0.238414639795749
microsoft-goodyear-az,2019-09-07,2,55.125159096240026,0.1390474593373593,0.9637710882654408,0.2445898892822509
microsoft-goodyear-az,2019-09-07,3,53.977756830521926,0.2041632801303713,0.962974838472888,0.2312254141456865
microsoft-goodyear-az,2019-09-07,4,55.05714627994918,0.1789966901257441,0.964226345045874,0.2283597167216166
microsoft-goodyear-az,2019-09-23,0,35.00283800750002,0.2376489334939933,0.9622500000000002,0.1253227915625
microsoft-goodyear-az,2019-09-23,1,33.78923605872281,0.2009763737986198,0.9655327521308356,0.1581761123696982
microsoft-goodyear-az,2019-09-23,2,36.20585841895095,0.1343825229440858,0.9636344039191987,0.3123071811003751
microsoft-goodyear-az,2019-09-23,3,39.51143852184203,0.1753604031477695,0.9619267472163104,0.235460711020663
microsoft-goodyear-az,2019-09-23,4,44.2674144115169,0.1686771339494177,0.9658718700765232,0.2388773307855159
microsoft-goodyear-az,2019-10-09,0,42.269514746625774,0.1834905225752068,0.9635164799548436,0.2693596034234949
microsoft-goodyear-az,2019-10-09,1,41.09351242258493,0.1875348779285443,0.9639830051484826,0.2584037376079504
microsoft-goodyear-az,2019-10-09,2,41.6200384162849,0.1391972690535764,0.9637622072109394,0.2503170317236029
microsoft-goodyear-az,2019-10-09,3,41.5839920765481,0.2178683355089354,0.963000620025264,0.2238570969240204
microsoft-goodyear-az,2019-10-09,4,42.45551912644036,0.1926165558149835,0.9642772172973428,0.2186118964533361
microsoft-goodyear-az,2019-10-25,0,31.588742952334123,0.2150767710786337,0.9635026884631982,0.2742154114139787
microsoft-goodyear-az,2019-10-25,1,30.934192711990654,0.2364472918886082,0.9640139506484878,0.2500576630528367
microsoft-goodyear-az,2019-10-25,2,31.20993832333704,0.1860270931346985,0.9638059602897684,0.2423627055445362
microsoft-goodyear-az,2019-10-25,3,32.480009854175044,0.2181436546640675,0.9629303589921212,0.2212527016072473
microsoft-goodyear-az,2019-10-25,4,33.19571350113095,0.196074815431657,0.9642417074036496,0.2178419268171169
microsoft-goodyear-az,2019-11-10,0,34.856028679423986,0.2360466519760579,0.9635164799548436,0.2385222853749448
microsoft-goodyear-az,2019-11-10,1,33.60607128907613,0.2930015890582105,0.9639776536389132,0.219980920665517
microsoft-goodyear-az,2019-11-10,2,33.75150402085119,0.2131378292383074,0.963767857377218,0.2077459174889495
microsoft-goodyear-az,2019-11-10,3,34.654065531153954,0.2386571031649777,0.9629693328845764,0.1965892264315394
microsoft-goodyear-az,2019-11-10,4,35.739361751569724,0.2047847241102308,0.9642956112391062,0.1948730823146874
microsoft-goodyear-az,2019-11-26,0,16.245211704861124,0.2361705941143893,0.9635164799548436,0.2481009750907798
microsoft-goodyear-az,2019-11-26,1,15.836119917125544,0.3663526089056402,0.9639974959297136,0.2339731071647353
microsoft-goodyear-az,2019-11-26,2,16.50513536310421,0.2247540212430015,0.96376632105806,0.2271360703225456
microsoft-goodyear-az,2019-11-26,3,17.538417383974192,0.2492796112777676,0.9630583745551872,0.2074998194534511
microsoft-goodyear-az,2019-11-26,4,17.827206081199947,0.2138687836083721,0.9642725397549832,0.2038820905723541
microsoft-goodyear-az,2019-12-12,2,7.927419830000019,0.1051108338107378,0.96125,0.2117039525
microsoft-goodyear-az,2019-12-12,3,10.245224100291995,0.2256044494943658,0.9632532846715338,0.1784884428284671
microsoft-goodyear-az,2019-12-12,4,8.943704677629444,0.2221750164537523,0.9644468836979136,0.2008531594082555
microsoft-goodyear-az,2019-12-28,0,12.13213170000067,0.2906837104909284,0.9635164799548436,0.1733889382696795
microsoft-goodyear-az,2019-12-28,1,12.09480040351497,0.4298102035763409,0.9639949318925845,0.1803217852263096
microsoft-goodyear-az,2019-12-28,2,12.629339908078611,0.258729175374959,0.9637994869952872,0.155462092232815
microsoft-goodyear-az,2019-12-28,3,12.876999996985925,0.3000225366083421,0.9630107045060788,0.1561920159728025
microsoft-goodyear-az,2019-12-28,4,12.814784898452665,0.2610020568333234,0.9642583570717148,0.1519740525368737
microsoft-goodyear-az,2020-01-13,0,16.983196389213457,0.2838237458106633,0.9635164799548436,0.2523180246649771
microsoft-goodyear-az,2020-01-13,1,17.790449279015313,0.3740617295712443,0.964062043271571,0.2193642041018797
microsoft-goodyear-az,2020-01-13,2,17.695853217339607,0.2580771897116793,0.963770858712173,0.2048954362959568
microsoft-goodyear-az,2020-01-13,3,17.98489598839638,0.2556045657742698,0.9629378340605932,0.1899919531469673
microsoft-goodyear-az,2020-01-13,4,18.15526123939841,0.2405400873043355,0.9642567461685552,0.1879207512890933
microsoft-goodyear-az,2020-01-29,3,7.455733070000036,0.2739029082201962,0.96075,0.18143191125
microsoft-goodyear-az,2020-02-14,0,22.97268544798226,0.2165230062482578,0.9635164799548436,0.235532591402774
microsoft-goodyear-az,2020-02-14,1,23.436694433075168,0.2991803285709794,0.9639863785344148,0.2190114532387613
microsoft-goodyear-az,2020-02-14,2,23.56277531689012,0.2784632279919739,0.9638104918195952,0.2067044158883427
microsoft-goodyear-az,2020-02-14,3,23.89138466403516,0.2792568183669931,0.9629841403506522,0.1951178892874998
microsoft-goodyear-az,2020-02-14,4,24.33938759977378,0.2368765515148584,0.964232285571342,0.1919865820767854
microsoft-goodyear-az,2020-03-01,0,28.28005099163607,0.1364239933824091,0.9635164799548436,0.2515643791512842
microsoft-goodyear-az,2020-03-01,1,28.094281294837565,0.2234007532862612,0.9639748311256962,0.229525237811605
microsoft-goodyear-az,2020-03-01,2,27.10326909672624,0.2822931779994029,0.963817955196243,0.2238924548803271
microsoft-goodyear-az,2020-03-01,3,27.862421648272058,0.2760170482781532,0.9629952192490772,0.2065299180971266
microsoft-goodyear-az,2020-03-01,4,28.507466770070273,0.2506526468633387,0.9642896339936492,0.2004945089414918
microsoft-goodyear-az,2020-03-17,0,26.31892348049453,0.1407376145121168,0.9635164799548436,0.2909039566238921
microsoft-goodyear-az,2020-03-17,1,25.341046885386607,0.2013621530779492,0.96382015133925,0.2870969797335966
microsoft-goodyear-az,2020-03-17,2,24.957544800055754,0.2897744999241934,0.9631412609608732,0.2618939987976065
microsoft-goodyear-az,2020-03-17,3,25.91428043413779,0.2660862947596774,0.963283549482807,0.232757435504467
microsoft-goodyear-az,2020-03-17,4,27.838419271220932,0.2475486633773654,0.96435379010386,0.2149204726167944
microsoft-goodyear-az,2020-04-02,0,37.448366177145374,0.1648183159171811,0.9635164799548436,0.2563964733920632
microsoft-goodyear-az,2020-04-02,1,37.7047635353465,0.2268264517594376,0.9641484600111992,0.2381491417515821
microsoft-goodyear-az,2020-04-02,2,37.238404132995754,0.2438181495179479,0.9638355099699032,0.2265797538912143
microsoft-goodyear-az,2020-04-02,3,37.21726381583349,0.2540317075020644,0.9630067986956884,0.2086095814612694
microsoft-goodyear-az,2020-04-02,4,37.80640051161754,0.2445347520279895,0.9642989977008722,0.2088783341350464
microsoft-goodyear-az,2020-04-18,0,27.536893670505172,0.2057061201155205,0.9633448533986952,0.2750219443215171
microsoft-goodyear-az,2020-04-18,1,27.29269473285731,0.2562182882016354,0.964313430520756,0.234855872049181
microsoft-goodyear-az,2020-04-18,2,29.95212181818768,0.2420772200018483,0.9639437812142396,0.231303996543346
microsoft-goodyear-az,2020-04-18,3,28.103727594477597,0.236572397214076,0.9627208857331424,0.227290205191576
microsoft-goodyear-az,2020-04-18,4,29.69240126700523,0.2239424403428142,0.9643119568404882,0.2202595141638874
microsoft-goodyear-az,2020-05-04,0,50.5748444759743,0.191698369351851,0.9635164799548436,0.245822301561699
microsoft-goodyear-az,2020-05-04,1,49.884019476223415,0.2485487520383809,0.9642235358383308,0.2419624451742333
microsoft-goodyear-az,2020-05-04,2,52.30091388147222,0.1892947439285588,0.9638297672708884,0.2376953131954162
microsoft-goodyear-az,2020-05-04,3,51.53897563629699,0.201102014005732,0.9629488671928672,0.2239322536391861
microsoft-goodyear-az,2020-05-04,4,51.82182113357037,0.1977718306565299,0.9642674326012486,0.2225806724414741
microsoft-goodyear-az,2020-05-20,0,46.05732468229618,0.237648347938115,0.9635164799548436,0.2505460611577573
microsoft-goodyear-az,2020-05-20,1,44.88409382783503,0.3217170725820236,0.9639889047371198,0.2384653091290861
microsoft-goodyear-az,2020-05-20,2,47.420696541600755,0.2040773331974263,0.9638005532877966,0.2412812063729197
microsoft-goodyear-az,2020-05-20,3,47.246583531829394,0.2058330341088363,0.9629690051374852,0.2296792357365396
microsoft-goodyear-az,2020-05-20,4,47.62927030012893,0.2040001150822943,0.9643091734984583,0.2274029349122715
microsoft-goodyear-az,2020-06-05,4,37.651136886016175,0.2543026231672886,0.9694844846631256,0.2638246410983312
microsoft-goodyear-az,2020-06-21,0,56.98007157413077,0.2327468927242865,0.9635164799548436,0.2592738845544066
microsoft-goodyear-az,2020-06-21,1,56.20074548141237,0.2901484015664046,0.9639758842175372,0.2455697703243862
microsoft-goodyear-az,2020-06-21,2,58.13369184517389,0.1876491536921571,0.9637685370950432,0.2442893450932776
microsoft-goodyear-az,2020-06-21,3,57.599093159613744,0.2124881058677728,0.9629222595976372,0.2345706209239884
microsoft-goodyear-az,2020-06-21,4,58.00427154524909,0.2054161904956074,0.9642887065834668,0.2338377283741033
microsoft-goodyear-az,2020-07-07,0,53.112789682212394,0.217148682282012,0.9635164799548436,0.2581858638595519
microsoft-goodyear-az,2020-07-07,1,52.12522202440667,0.28292088125023,0.9639872846263206,0.243469963449852
microsoft-goodyear-az,2020-07-07,2,53.36331268621888,0.2247507268670829,0.9637615963790772,0.2436105648234217
microsoft-goodyear-az,2020-07-07,3,54.14261313523822,0.2281681469778805,0.9629674822817526,0.2349045552764495
microsoft-goodyear-az,2020-07-07,4,55.80491545052983,0.197511749204419,0.96425604792586,0.2332770253585736
microsoft-goodyear-az,2020-07-23,0,65.79825826133549,0.1360295907962278,0.9635164799548436,0.2727425262685896
microsoft-goodyear-az,2020-07-23,1,63.573343981983115,0.1745028385884814,0.9639755437165882,0.2555187402894256
microsoft-goodyear-az,2020-07-23,2,61.84276144714747,0.234595425820079,0.96379004874743,0.2490585552652051
microsoft-goodyear-az,2020-07-23,3,60.45152233578864,0.2364201558599627,0.9628951833684458,0.2269451820717815
microsoft-goodyear-az,2020-07-23,4,61.46992616051038,0.2053799093862504,0.964218995740854,0.2335544942931433
microsoft-goodyear-az,2020-08-08,0,61.60201783096424,0.1146988702246128,0.9635164799548436,0.272169322215141
microsoft-goodyear-az,2020-08-08,1,60.08956076351716,0.1434248280275176,0.9639509315978496,0.2597328666921449
microsoft-goodyear-az,2020-08-08,2,60.79855688882982,0.1449283100988764,0.9637739983559828,0.2613148675075751
microsoft-goodyear-az,2020-08-08,3,59.13445585707632,0.2000408301002634,0.9629039790804532,0.2347961770402625
microsoft-goodyear-az,2020-08-08,4,60.181323095602174,0.1845224583594947,0.9642163079131244,0.2309620865512947
microsoft-goodyear-az,2020-08-24,0,55.49919867493331,0.1298931921007815,0.9635164799548436,0.2352710831025155
microsoft-goodyear-az,2020-08-24,1,54.262731419247885,0.1582688288690674,0.9639859317268274,0.2363825948904863
microsoft-goodyear-az,2020-08-24,2,53.97825999846279,0.1486974899472878,0.9638002615466392,0.2464054029431338
microsoft-goodyear-az,2020-08-24,3,52.9637307401727,0.2114806800016703,0.9629824959247638,0.2201816331207251
microsoft-goodyear-az,2020-08-24,4,53.98611546768944,0.1959753735406931,0.9642877150172112,0.2164303981112865
microsoft-goodyear-az,2020-09-09,0,47.57081557991734,0.1062625873400542,0.9635164799548436,0.2503098685968392
microsoft-goodyear-az,2020-09-09,1,47.08708217189712,0.1442290853721811,0.963949372030668,0.2546469581026552
microsoft-goodyear-az,2020-09-09,2,47.07633897542862,0.136057752317234,0.9637341991873938,0.2553208162062571
microsoft-goodyear-az,2020-09-09,3,45.72956550808704,0.1863703498399914,0.9629186042886976,0.2291209974387337
microsoft-goodyear-az,2020-09-09,4,45.96931649160463,0.1803945172125662,0.964229261080162,0.2238634519552877
microsoft-goodyear-az,2020-09-25,0,52.67771716557899,0.1097062097612563,0.9635164799548436,0.2440341346174415
microsoft-goodyear-az,2020-09-25,1,52.38162885481432,0.1545605343823776,0.9639587162330814,0.2404565808386553
microsoft-goodyear-az,2020-09-25,2,51.7488971300944,0.1358138007098831,0.9637372145380976,0.2389832765458145
microsoft-goodyear-az,2020-09-25,3,50.30473779771288,0.2176560036497642,0.9630033243467142,0.217240129204627
microsoft-goodyear-az,2020-09-25,4,51.2559215601395,0.1908098703205057,0.9642929283107442,0.2142193884359929
microsoft-goodyear-az,2020-10-11,0,44.76005772147333,0.1082023536954473,0.9635164799548436,0.241442905979418
microsoft-goodyear-az,2020-10-11,1,44.18290219326797,0.148268995266707,0.9639545095489828,0.2401098373910024
microsoft-goodyear-az,2020-10-11,2,43.28042675930013,0.1409882679537877,0.9637286297982612,0.2380684590789461
microsoft-goodyear-az,2020-10-11,3,43.03672965562784,0.2020648209472872,0.9629642335296534,0.215003843867014
microsoft-goodyear-az,2020-10-11,4,43.35740546845489,0.1881270840329565,0.9642362008212187,0.2125679509973253
microsoft-goodyear-az,2020-10-27,0,28.984056220229093,0.1086044443688965,0.9635164799548436,0.2383050910816275
microsoft-goodyear-az,2020-10-27,1,28.1680696320836,0.1521963454407682,0.9640224591291288,0.2368012149936909
microsoft-goodyear-az,2020-10-27,2,27.550416591114615,0.1715256362885702,0.9637445025768866,0.2398163377785498
microsoft-goodyear-az,2020-10-27,3,27.776885147848763,0.2268860247136828,0.9629834729642134,0.2161725512065149
microsoft-goodyear-az,2020-10-27,4,28.542977308765188,0.1926745875743489,0.9642457748696032,0.2138822600944367
microsoft-goodyear-az,2020-11-28,0,25.301524035858336,0.104860193171717,0.9635164799548436,0.2281647353990596
microsoft-goodyear-az,2020-11-28,1,23.90809852669971,0.190309601883207,0.9639310984480148,0.2255645279274514
microsoft-goodyear-az,2020-11-28,2,23.88816601006615,0.1730463091545806,0.9637369103917428,0.2256471938393381
microsoft-goodyear-az,2020-11-28,3,23.716930720820443,0.2433259496422508,0.9629583124752744,0.2006916735998849
microsoft-goodyear-az,2020-11-28,4,24.293717631102695,0.2004822345664917,0.9642501532473576,0.2018423345729713
microsoft-goodyear-az,2020-12-14,0,17.426989695383902,0.1089513068005633,0.963492233310538,0.2279627397289298
microsoft-goodyear-az,2020-12-14,1,17.185032543586786,0.2229530390260048,0.9640275717966336,0.2150315046275204
microsoft-goodyear-az,2020-12-14,2,17.35628006985367,0.1760023978394354,0.9637211832498565,0.2204296539260883
microsoft-goodyear-az,2020-12-14,3,17.48256161152201,0.2552863541743602,0.9630018715902394,0.2000791060182736
microsoft-goodyear-az,2020-12-14,4,17.825136711373432,0.2025138363567719,0.964304853457224,0.1974032785667897
microsoft-goodyear-az,2020-12-30,0,17.97833127176028,0.1065797927143203,0.9635164799548436,0.2264844668683964
microsoft-goodyear-az,2020-12-30,1,17.28994569729552,0.2219036310277669,0.9639317877152628,0.2251307163122101
microsoft-goodyear-az,2020-12-30,2,16.77106071737838,0.1795504966096255,0.9636944041981498,0.2187997609505532
microsoft-goodyear-az,2020-12-30,3,17.012328407984732,0.2498209277815121,0.963006205014687,0.2009468661967746
microsoft-goodyear-az,2020-12-30,4,17.706017040177617,0.1929468636329518,0.9642933942316736,0.2010567745856647
microsoft-goodyear-az,2021-01-15,0,24.273438675480968,0.108449901423096,0.9635125030825016,0.2249534555510483
microsoft-goodyear-az,2021-01-15,1,23.722544706286147,0.2483729317829157,0.9640856686823978,0.2134932662615652
microsoft-goodyear-az,2021-01-15,2,23.170492034464324,0.1930317927060707,0.963722664675089,0.2151570283860212
microsoft-goodyear-az,2021-01-15,3,23.78949366262206,0.2304102226452459,0.962991550662618,0.1997714556300874
microsoft-goodyear-az,2021-01-15,4,24.37414292699141,0.1817388915482847,0.9642477332840054,0.2026863643707677
microsoft-goodyear-az,2021-01-31,0,18.663108494417347,0.1106810586174262,0.9635164799548436,0.2313216219360387
microsoft-goodyear-az,2021-01-31,1,18.52217107959745,0.2455164196922567,0.9639169423214564,0.2347050341190925
microsoft-goodyear-az,2021-01-31,2,18.906226189980636,0.2042265298072786,0.9637405703875151,0.2231949843632788
microsoft-goodyear-az,2021-01-31,3,19.584865700872022,0.2326193864897986,0.9629404533093902,0.1993740919574483
microsoft-goodyear-az,2021-01-31,4,19.879623446123382,0.1867946794395664,0.9642622905169804,0.1967978742288989
microsoft-goodyear-az,2021-02-16,0,25.136577737055852,0.1316351223467454,0.9635503351931954,0.2408548735810299
microsoft-goodyear-az,2021-02-16,1,25.076295233150255,0.2301152058127943,0.9639588239975896,0.2189654376504634
microsoft-goodyear-az,2021-02-16,2,23.71786235612275,0.2363590177605702,0.963794674248734,0.2287960102284343
microsoft-goodyear-az,2021-02-16,3,24.17323090012401,0.2354173700129376,0.962972217084822,0.2089582122721807
microsoft-goodyear-az,2021-02-16,4,24.764528697588435,0.1852222681108589,0.96428265125324,0.2092568998708051
microsoft-goodyear-az,2021-03-04,0,30.18778319538263,0.118445680882732,0.9635164799548436,0.233851614482506
microsoft-goodyear-az,2021-03-04,1,30.30927073991152,0.1568729919226732,0.96393723460496,0.2376791529175796
microsoft-goodyear-az,2021-03-04,2,29.4971411329142,0.223654638057456,0.9637789558058486,0.2404601650405415
microsoft-goodyear-az,2021-03-04,3,30.25245959126847,0.2103792106813002,0.9630132007368,0.2237710229320717
microsoft-goodyear-az,2021-03-04,4,30.62340780930418,0.182815344636233,0.9646623795312524,0.2271870486666751
microsoft-goodyear-az,2021-03-20,2,4.8369600800000185,0.1268854684036708,0.9626761904761904,0.3043273022619047
microsoft-goodyear-az,2021-03-20,3,12.173861617523928,0.1622347356174298,0.9617166135358104,0.27650736161455
microsoft-goodyear-az,2021-03-20,4,28.80283131375248,0.1602531225356043,0.9649170560112648,0.2367838063460346
microsoft-goodyear-az,2021-04-05,0,45.666960406854535,0.1236787376801378,0.9635164799548436,0.2490818346712023
microsoft-goodyear-az,2021-04-05,1,43.95954504148402,0.1769149954760588,0.9639185830972524,0.2526606912308409
microsoft-goodyear-az,2021-04-05,2,43.73584445345612,0.1839420305828435,0.9637725284600208,0.2433163541331745
microsoft-goodyear-az,2021-04-05,3,43.43948836752545,0.2283530510175327,0.9629866900436624,0.2213877108869459
microsoft-goodyear-az,2021-04-05,4,44.94975765328166,0.1792049916863115,0.9642480280408804,0.2221822569529544
microsoft-goodyear-az,2021-04-21,0,46.98912690408415,0.1296035219772501,0.9635164799548436,0.2577331200019804
microsoft-goodyear-az,2021-04-21,1,46.963865053099205,0.162329689141482,0.9639157402784996,0.2541523853808554
microsoft-goodyear-az,2021-04-21,2,44.918858156840805,0.1777848554740574,0.963780116044009,0.2494311428952139
microsoft-goodyear-az,2021-04-21,3,45.553892806927294,0.1939262271861042,0.9629459530976272,0.2284944552302314
microsoft-goodyear-az,2021-04-21,4,45.90804976696394,0.1738807219297604,0.96428054014182,0.2318666217111075
microsoft-goodyear-az,2021-05-07,0,52.51885733476644,0.1542135860070002,0.9635164799548436,0.2582627421666157
microsoft-goodyear-az,2021-05-07,1,51.88001455304521,0.18941747644636,0.963916912912784,0.2556772796899297
microsoft-goodyear-az,2021-05-07,2,50.37948824480661,0.159007091632875,0.9637801343655508,0.2465401394798493
microsoft-goodyear-az,2021-05-07,3,51.08379950653472,0.1988611622007398,0.9629510305707836,0.2322962887097286
microsoft-goodyear-az,2021-05-07,4,52.409027032829904,0.1721983930665241,0.9642772921518984,0.2347715411703795
microsoft-goodyear-az,2021-05-23,0,47.42867308282682,0.1893372826207793,0.9635164799548436,0.265857562986255
microsoft-goodyear-az,2021-05-23,1,46.62045379665741,0.2426353561949802,0.963919029208122,0.2645922839387835
microsoft-goodyear-az,2021-05-23,2,45.681915796287974,0.2452741123488332,0.963775925076643,0.2543549324238375
microsoft-goodyear-az,2021-05-23,3,47.20003991376922,0.2153558786456749,0.9629419542099242,0.2370814025973291
microsoft-goodyear-az,2021-05-23,4,48.50506001088536,0.1713498849718344,0.9642585752109116,0.237829498208281
microsoft-goodyear-az,2021-06-08,0,52.61845033031229,0.1961540938044737,0.9635164799548436,0.2721881188750518
microsoft-goodyear-az,2021-06-08,1,51.26741899808027,0.2578479739377428,0.9639188862705576,0.2683616769340727
microsoft-goodyear-az,2021-06-08,2,50.481273449759506,0.2588976384865763,0.9637649781260418,0.2626239870263679
microsoft-goodyear-az,2021-06-08,3,52.75520969064354,0.2095411549839991,0.9628942467764344,0.2408291861359112
microsoft-goodyear-az,2021-06-08,4,54.094262522004776,0.1692542674945509,0.964219176858748,0.2422889725419826
microsoft-goodyear-az,2021-06-24,0,54.084891940454874,0.2027838161760791,0.9635164799548436,0.2574353038078287
microsoft-goodyear-az,2021-06-24,1,52.00430760578085,0.2724855971098683,0.9639384800972328,0.2491095043433978
microsoft-goodyear-az,2021-06-24,2,54.293917085585925,0.1862379275194842,0.9637755059571466,0.2457741594374082
microsoft-goodyear-az,2021-06-24,3,54.05768664200419,0.2265396530137932,0.962951069316327,0.2293536471553038
microsoft-goodyear-az,2021-06-24,4,55.408526601632865,0.1841641292132687,0.9642466195810006,0.2290646987488251
microsoft-goodyear-az,2021-07-10,3,29.34319406165855,0.1664788180435359,0.9616717193360954,0.2389259965035285
microsoft-goodyear-az,2021-07-10,4,37.28546450954272,0.2626625106566272,0.9656595825976324,0.2327485574592484
microsoft-goodyear-az,2021-07-26,0,39.305504089795264,0.1102284517732963,0.9635114966105288,0.2139598817442211
microsoft-goodyear-az,2021-07-26,1,38.617322618158255,0.2070422185617428,0.9639352334138296,0.2123762433667656
microsoft-goodyear-az,2021-07-26,2,40.29048932570753,0.1451277174291432,0.9637366314822868,0.2206068999331416
microsoft-goodyear-az,2021-07-26,3,40.00344400829388,0.215332555730203,0.9630837928027656,0.1990940078995882
microsoft-goodyear-az,2021-07-26,4,40.094858621956334,0.1881610501907199,0.9642369723808496,0.1943877459564033
microsoft-goodyear-az,2021-08-11,3,40.77294195137932,0.1461704491939648,0.96031551724138,0.3446081373275861
microsoft-goodyear-az,2021-08-11,4,45.29876242984712,0.2238480856948932,0.9663970848227086,0.2445518110661593
microsoft-goodyear-az,2021-08-27,0,57.59988033964106,0.1551089863821803,0.9635164799548436,0.2472484033373354
microsoft-goodyear-az,2021-08-27,1,56.62126219027637,0.2421596182011094,0.9640054345104682,0.2460925271149296
microsoft-goodyear-az,2021-08-27,2,57.98300856764742,0.1680457664891467,0.9637577895571666,0.2496873324955409
microsoft-goodyear-az,2021-08-27,3,57.286060539604314,0.2211723851508663,0.962956968846057,0.219698581213262
microsoft-goodyear-az,2021-08-27,4,57.12912020257457,0.2288995171964234,0.9642552061668888,0.2182343229315909
microsoft-goodyear-az,2021-09-12,0,53.36198806215651,0.1516043134117609,0.9635164799548436,0.2466936290548479
microsoft-goodyear-az,2021-09-12,1,52.9184765866867,0.2406871274683776,0.9639906386517124,0.2483291948974323
microsoft-goodyear-az,2021-09-12,2,54.17073802334838,0.1615031089257478,0.9637496591548248,0.2481057453186866
microsoft-goodyear-az,2021-09-12,3,53.62570343521256,0.2152315657552543,0.962928255294661,0.220157485325688
microsoft-goodyear-az,2021-09-12,4,53.38722190062431,0.210866543480941,0.9642349771674656,0.2186315067973776
microsoft-goodyear-az,2021-09-28,0,40.40222978451614,0.1414304144823388,0.9635164799548436,0.2223011644238297
microsoft-goodyear-az,2021-09-28,1,39.957643574292696,0.2510094117246407,0.9639844982542488,0.2198779158310558
microsoft-goodyear-az,2021-09-28,2,41.30123713707221,0.1600151281076532,0.9637512888282446,0.2263036540269059
microsoft-goodyear-az,2021-09-28,3,41.33400512481064,0.2073820962883157,0.9629265576208252,0.2062284630063577
microsoft-goodyear-az,2021-09-28,4,41.102173132318846,0.206534959869451,0.964233499399144,0.2035551423343223
microsoft-goodyear-az,2021-10-14,0,34.09736207293547,0.1409772255551836,0.963519451883552,0.2475079247747129
microsoft-goodyear-az,2021-10-14,1,33.814342771800014,0.2382915401378371,0.9641577156392042,0.2323586918960091
microsoft-goodyear-az,2021-10-14,2,33.75191551066847,0.172867866865364,0.963747212807734,0.2327028807898195
microsoft-goodyear-az,2021-10-14,3,34.13886367458493,0.1989757029644331,0.9629046973486018,0.209667720230766
microsoft-goodyear-az,2021-10-14,4,34.19543194213342,0.1943253538358283,0.9642320006007652,0.2074046032513118
microsoft-goodyear-az,2021-10-30,0,34.949673362659254,0.1704715888426311,0.9635164799548436,0.2458775038708869
microsoft-goodyear-az,2021-10-30,1,35.5846565796936,0.2265666539170905,0.9639689139801952,0.222602073500496
microsoft-goodyear-az,2021-10-30,2,34.948549427600035,0.1727401212389918,0.963748074015294,0.2284324376863856
microsoft-goodyear-az,2021-10-30,3,35.04840968779227,0.2107110513936142,0.962857349041131,0.2056251690141058
microsoft-goodyear-az,2021-10-30,4,35.49910507047276,0.197083840802622,0.9642282976307118,0.2061575273052545
microsoft-goodyear-az,2021-11-15,0,30.279108174163024,0.2008971016259867,0.963556287388454,0.2442919477679593
microsoft-goodyear-az,2021-11-15,1,31.62064269322141,0.2579545005996594,0.964152965790124,0.2188132722560528
microsoft-goodyear-az,2021-11-15,2,30.60853134915036,0.1794671548971568,0.9638469058178444,0.2214799520896258
microsoft-goodyear-az,2021-11-15,3,30.559532645720935,0.229736353631878,0.9628996640705846,0.2041086095877033
microsoft-goodyear-az,2021-11-15,4,31.09323071955201,0.2002778324704494,0.9642501611793324,0.202814299758632
microsoft-goodyear-az,2021-12-01,0,27.8551062413273,0.1962193334922848,0.9635164799548436,0.244955019973393
microsoft-goodyear-az,2021-12-01,1,28.784135276291295,0.2291425098512323,0.9639339766535304,0.2228829602116903
microsoft-goodyear-az,2021-12-01,2,27.464939637747793,0.19526097705708,0.9637447399417456,0.2198418447421686
microsoft-goodyear-az,2021-12-01,3,27.590367574809953,0.2321153769666427,0.9629063252680844,0.2022686005584552
microsoft-goodyear-az,2021-12-01,4,28.115412892243345,0.2027085487138547,0.9642605176718838,0.2022596953476366
microsoft-goodyear-az,2021-12-17,0,17.28658729662718,0.1946868085787431,0.9635164799548436,0.2363906661339386
microsoft-goodyear-az,2021-12-17,1,17.744536915600005,0.2308302821453002,0.9639389358545452,0.2132489979472611
microsoft-goodyear-az,2021-12-17,2,17.887823220665084,0.1915382717989225,0.963754246339491,0.2120331545964142
microsoft-goodyear-az,2021-12-17,3,17.905604486131647,0.2328748634965515,0.9629054567245188,0.1934950043821253
microsoft-goodyear-az,2021-12-17,4,17.941692318287597,0.2032299563232899,0.9642593019335932,0.1915040910120023
microsoft-goodyear-az,2022-01-02,0,12.425687197645612,0.1928402501303667,0.9635164799548436,0.2184620471374481
microsoft-goodyear-az,2022-01-02,1,12.756613668119764,0.2516667369461021,0.9639294463521318,0.2137003167226595
microsoft-goodyear-az,2022-01-02,2,12.83253314456685,0.1817072566458732,0.963732691709602,0.2181983743900551
microsoft-goodyear-az,2022-01-02,3,13.439111463044204,0.2293052491060214,0.96290321391752,0.1891440788181305
microsoft-goodyear-az,2022-01-02,4,13.652366963466934,0.1953588574274554,0.9642563005752212,0.1820039107790568
microsoft-goodyear-az,2022-01-18,4,21.31659820262066,0.1661467483693486,0.963207049095887,0.2252472168765601
microsoft-goodyear-az,2022-02-03,0,18.471850654659583,0.198148303987977,0.9635888859096404,0.2410310694963778
microsoft-goodyear-az,2022-02-03,1,18.926698268374587,0.2505225193463932,0.9641417447980778,0.2260300809773233
microsoft-goodyear-az,2022-02-03,2,18.324142030686,0.1813461645587145,0.963734647756184,0.2270797465355975
microsoft-goodyear-az,2022-02-03,3,18.85356090103061,0.2001906569818633,0.9629358484165697,0.2009002681707934
microsoft-goodyear-az,2022-02-03,4,19.003319869233916,0.1880037820383075,0.9642374883326396,0.1967458510612031
microsoft-goodyear-az,2022-02-19,0,30.47274657756328,0.119976243582282,0.963513136007158,0.2342781770841932
microsoft-goodyear-az,2022-02-19,1,30.17956424064502,0.194865926951705,0.9640958458890764,0.2248539678739813
microsoft-goodyear-az,2022-02-19,2,28.676051916511888,0.1861055635168832,0.9637492571706644,0.2262785249362916
microsoft-goodyear-az,2022-02-19,3,29.03400627781642,0.1953758074301233,0.9629019544342666,0.2014651886129551
microsoft-goodyear-az,2022-02-19,4,29.262139676397933,0.185622532450208,0.9642211570522604,0.2011360818587202
microsoft-goodyear-az,2022-03-07,0,30.44676187456237,0.1180855633132037,0.9635164799548436,0.2396472786113486
microsoft-goodyear-az,2022-03-07,1,30.266042545695505,0.1935607863044286,0.9640493627789124,0.2370634582023297
microsoft-goodyear-az,2022-03-07,2,29.371503523236996,0.1828476000977631,0.963748154971758,0.233583509331393
microsoft-goodyear-az,2022-03-07,3,29.606474415473414,0.2010256050504905,0.96293615128628,0.2074236110886889
microsoft-goodyear-az,2022-03-07,4,29.78036665473056,0.1878832061658523,0.9642266725383396,0.2050762600124793
microsoft-goodyear-az,2022-03-23,0,35.01182878649866,0.1150387031236287,0.9635164799548436,0.2546741933541669
microsoft-goodyear-az,2022-03-23,1,35.33197208353831,0.1957557331313982,0.964004944616494,0.2377164743531103
microsoft-goodyear-az,2022-03-23,2,33.86729806610021,0.1794308482938474,0.963713364595859,0.237321016560846
microsoft-goodyear-az,2022-03-23,3,34.6656524932021,0.1889089766269162,0.9628886853083228,0.2175386270711324
microsoft-goodyear-az,2022-03-23,4,35.24917958993077,0.1790697491702331,0.9642172167464754,0.2154548248527998
microsoft-goodyear-az,2022-04-08,0,45.41488056443158,0.1317954704231924,0.9635164799548436,0.2497972671711339
microsoft-goodyear-az,2022-04-08,1,45.13685852005351,0.1865220470046786,0.9639434801806892,0.2450424614166297
microsoft-goodyear-az,2022-04-08,2,43.30078850255594,0.1883240584533806,0.9637319125603364,0.2412320459103643
microsoft-goodyear-az,2022-04-08,3,44.67062267714642,0.1895575885440762,0.9628809287923504,0.224565239079441
microsoft-goodyear-az,2022-04-08,4,45.3380488635618,0.1790667793889397,0.9642236222750338,0.2200714096922131
microsoft-goodyear-az,2022-04-24,0,42.22645919906622,0.1649171984810176,0.9635164799548436,0.2491857320258876
microsoft-goodyear-az,2022-04-24,1,42.89221877756992,0.197984909051224,0.9639497548666284,0.2492851494790251
microsoft-goodyear-az,2022-04-24,2,42.68357533838422,0.1642237142166462,0.9637431413516346,0.2511782893392117
microsoft-goodyear-az,2022-04-24,3,43.21889165586497,0.173329380710253,0.962876996030007,0.2331584672065126
microsoft-goodyear-az,2022-04-24,4,43.63056871220566,0.1705053875774398,0.96421249392763,0.2292987647327103
microsoft-goodyear-az,2022-05-10,0,46.62934790103,0.1923059146926523,0.9635164799548436,0.2610505996729091
microsoft-goodyear-az,2022-05-10,1,46.80778581314883,0.2076838813308463,0.9639594250025408,0.2531435860994583
microsoft-goodyear-az,2022-05-10,2,47.144654189341665,0.1442612202590368,0.9637462252502612,0.2508450925647221
microsoft-goodyear-az,2022-05-10,3,47.32047803809149,0.1775583911127217,0.9628644797297058,0.2384806393546376
microsoft-goodyear-az,2022-05-10,4,48.047107059602496,0.1672248182563739,0.9642059870970512,0.2346451459304882
microsoft-goodyear-az,2022-05-26,0,52.84696355817072,0.1909735285398546,0.9635164799548436,0.2625124330671001
microsoft-goodyear-az,2022-05-26,1,53.20718523964929,0.2399068703562557,0.9639315002829912,0.2590180403893151
microsoft-goodyear-az,2022-05-26,2,53.748560118894886,0.1820236680339591,0.9637560305374108,0.2562948709172047
microsoft-goodyear-az,2022-05-26,3,54.044948509621875,0.2003083515055435,0.962867763542124,0.2416842772133044
microsoft-goodyear-az,2022-05-26,4,55.367994080439395,0.1681183149689079,0.9641998013369102,0.2385161906315654
microsoft-goodyear-az,2022-06-11,0,55.41415349096733,0.1915153357799222,0.9635164799548436,0.2616091760854252
microsoft-goodyear-az,2022-06-11,1,55.59033206762293,0.2221155300468487,0.963944888161218,0.2543077893279846
microsoft-goodyear-az,2022-06-11,2,54.46095988015523,0.1987458438851223,0.9637572520494044,0.2585209706422686
microsoft-goodyear-az,2022-06-11,3,55.798521172155866,0.2045389768407366,0.9628716143719188,0.242067925995258
microsoft-goodyear-az,2022-06-11,4,57.236531638218786,0.1701375379326596,0.9642074696849108,0.2384361889397643
microsoft-goodyear-az,2022-06-27,0,44.71472951012112,0.1917489391288914,0.9635164799548436,0.2384493929008233
microsoft-goodyear-az,2022-06-27,1,44.37871089833219,0.2180586464343037,0.9639390477505532,0.237555570102169
microsoft-goodyear-az,2022-06-27,2,45.95853948296497,0.2156962465062712,0.9637610184349512,0.2424682297258386
microsoft-goodyear-az,2022-06-27,3,48.31044274549742,0.2067022219153436,0.9628754051454304,0.2308932393214914
microsoft-goodyear-az,2022-06-27,4,50.048471424065234,0.1825995643395902,0.9642152157167132,0.2255416534526521
microsoft-goodyear-az,2022-07-13,0,64.1341230166228,0.1065215075515894,0.9635164799548436,0.2662293143754526
microsoft-goodyear-az,2022-07-13,1,63.5281688326216,0.168568957466067,0.963933902453457,0.2626834609659968
microsoft-goodyear-az,2022-07-13,2,59.76881435474449,0.2349331582037153,0.9637614723388244,0.2574609914122002
microsoft-goodyear-az,2022-07-13,3,62.65114944521371,0.1837156862981995,0.9628686213097024,0.240017807529709
microsoft-goodyear-az,2022-07-13,4,63.03805964041106,0.1711243542003257,0.9642046798778752,0.2355607523227731
microsoft-goodyear-az,2022-07-29,0,51.77404042240754,0.0983668119848073,0.9635164799548436,0.258757620581337
microsoft-goodyear-az,2022-07-29,1,51.72132279004587,0.1587640579317923,0.963941027481339,0.253848067096983
microsoft-goodyear-az,2022-07-29,2,50.93010551069816,0.1853857763561281,0.963740251631006,0.2530466299568626
microsoft-goodyear-az,2022-07-29,3,51.33710905583224,0.1903881158018485,0.9628753868278508,0.2281307387373559
microsoft-goodyear-az,2022-07-29,4,51.671265131540565,0.1851429159892966,0.9642128363914584,0.2204397681911337
microsoft-goodyear-az,2022-08-14,1,44.275723688878614,0.1307228753611174,0.9649877426964252,0.2592384863997006
microsoft-goodyear-az,2022-08-14,2,44.97551697089324,0.1188502642686287,0.963402489706733,0.2477307566319744
microsoft-goodyear-az,2022-08-14,3,50.50334604092974,0.1639349290338219,0.9627141193698644,0.2420028131522067
microsoft-goodyear-az,2022-08-14,4,52.96681803499452,0.1782302056253602,0.964777718964785,0.2362413225176639
microsoft-goodyear-az,2022-08-30,0,58.88694632830683,0.0871113352837496,0.9635164799548436,0.2686341423457066
microsoft-goodyear-az,2022-08-30,1,58.701192981816575,0.1359879274297164,0.9639270860614624,0.2613717672802221
microsoft-goodyear-az,2022-08-30,2,57.47661359517172,0.1253312544631393,0.963730099524275,0.2565753964507592
microsoft-goodyear-az,2022-08-30,3,57.16499640631339,0.1616347825236154,0.9628650865271275,0.2309681557320869
microsoft-goodyear-az,2022-08-30,4,56.847614096157194,0.1780938923107103,0.9641964427887688,0.2240493743803648
microsoft-goodyear-az,2022-09-15,0,51.61763293253002,0.0902817446223525,0.9635164799548436,0.2670324340733525
microsoft-goodyear-az,2022-09-15,1,51.2162594028245,0.1411567710835259,0.9639266754573764,0.2627160729990904
microsoft-goodyear-az,2022-09-15,2,50.315833460188045,0.1295075301144118,0.9637264060076354,0.2542875979370229
microsoft-goodyear-az,2022-09-15,3,50.43503256547198,0.1673088090872898,0.9628617429067076,0.2250690310412546
microsoft-goodyear-az,2022-09-15,4,50.27434195263137,0.1843945769733919,0.96420071339865,0.2185837391386518
microsoft-goodyear-az,2022-10-01,0,52.446919402291286,0.090486909436657,0.9635164799548436,0.2493634816809185
microsoft-goodyear-az,2022-10-01,1,52.09523004757539,0.1408181800994327,0.9639371376676888,0.2355719293180535
microsoft-goodyear-az,2022-10-01,2,49.989435700748295,0.1422385782737557,0.9637285113917788,0.2349239728431851
microsoft-goodyear-az,2022-10-01,3,49.85316402207184,0.1703876281351884,0.9628646107804034,0.2167065255203829
microsoft-goodyear-az,2022-10-01,4,49.955289712269185,0.1836000066433558,0.9641971873715862,0.2103727647179929
microsoft-goodyear-az,2022-10-17,0,31.74902438273099,0.0851747348853302,0.9635164799548436,0.2116075278442861
microsoft-goodyear-az,2022-10-17,1,31.541663455056213,0.1606791661868217,0.9639332533166208,0.2104169777042889
microsoft-goodyear-az,2022-10-17,2,32.29317535413882,0.1614507859354091,0.963727659601426,0.2087044607061833
microsoft-goodyear-az,2022-10-17,3,33.06603395986301,0.1845214247379084,0.9628857646009776,0.1867891778880718
microsoft-goodyear-az,2022-10-17,4,33.713164239076875,0.1930645287396633,0.9642158813928646,0.1887512225985751
microsoft-goodyear-az,2022-11-02,4,26.0680561353027,0.2005489159409402,0.9643495161935222,0.2606661141182527
microsoft-goodyear-az,2022-11-18,0,24.295974087157315,0.0992027421063913,0.9635164799548436,0.258615334599905
microsoft-goodyear-az,2022-11-18,1,24.15739567770683,0.2043457949670176,0.9641128569777772,0.240671719447296
microsoft-goodyear-az,2022-11-18,2,23.960518792808585,0.1769839749739296,0.9637573806758004,0.228581647962428
microsoft-goodyear-az,2022-11-18,3,24.283091935616252,0.2030722322262973,0.962844117192319,0.2062798906100648
microsoft-goodyear-az,2022-11-18,4,24.39934845362055,0.1972073360907988,0.9642148169363648,0.2048767221174691
microsoft-goodyear-az,2023-01-21,0,15.344655210547328,0.1789115034057445,0.9635164799548436,0.211436377728208
microsoft-goodyear-az,2023-01-21,1,15.227624847044286,0.2876403878450794,0.9639669078295484,0.2197207165586642
microsoft-goodyear-az,2023-01-21,2,15.501454530030264,0.2268676979253435,0.9637619149318938,0.2120950316386177
microsoft-goodyear-az,2023-01-21,3,15.815459408590428,0.2316161307462695,0.9628752938777134,0.1850458182766619
microsoft-goodyear-az,2023-01-21,4,15.84676093955861,0.236985532507673,0.9642422442977728,0.182971663232947
microsoft-goodyear-az,2023-02-06,0,21.087678223534944,0.1839979864909115,0.9635752150995688,0.2170224134117975
microsoft-goodyear-az,2023-02-06,1,20.76070601704012,0.2909239863872014,0.964037635346719,0.2193044697003073
microsoft-goodyear-az,2023-02-06,2,20.82487489079268,0.2020407871753999,0.9637361832572752,0.2135982918967032
microsoft-goodyear-az,2023-02-06,3,21.37751809436994,0.2225921999093643,0.9628516327190496,0.1953886155209691
microsoft-goodyear-az,2023-02-06,4,21.50477755051421,0.2284612335600552,0.9642215928754814,0.1930106645862354
microsoft-goodyear-az,2023-02-22,0,17.55568841275721,0.2257181490291654,0.9629558476142398,0.2859061626779709
microsoft-goodyear-az,2023-02-22,1,17.12975470190447,0.1922474444748879,0.9638243530734184,0.302747781425997
microsoft-goodyear-az,2023-02-22,2,15.293730333869991,0.1389507202394082,0.9635619367181208,0.285105716814102
microsoft-goodyear-az,2023-02-22,3,13.997956509064249,0.1820815472598916,0.9622849658722508,0.1744957834187911
microsoft-goodyear-az,2023-02-22,4,14.545020111584426,0.22421266720196,0.9647765448518364,0.189888527533975
microsoft-goodyear-az,2023-03-10,0,27.743470093879736,0.1129571703357048,0.9636580522119764,0.2458763715012504
microsoft-goodyear-az,2023-03-10,1,27.499645120907083,0.2702350280227233,0.9643265674119094,0.2262464853424093
microsoft-goodyear-az,2023-03-10,2,27.18617716416846,0.2502422923011106,0.9646973815461324,0.1999446699541178
microsoft-goodyear-az,2023-03-10,3,28.192524650750233,0.2347319758306093,0.9624038841043252,0.1967894782004858
microsoft-goodyear-az,2023-03-10,4,28.62768865779262,0.2294200936978979,0.9638113297220596,0.1945777428200971
microsoft-goodyear-az,2023-03-26,0,31.32540713967776,0.1416439148182159,0.9635164799548436,0.2487062298875522
microsoft-goodyear-az,2023-03-26,1,31.52668623121142,0.2618369600139634,0.9639931505290352,0.2265388435202357
microsoft-goodyear-az,2023-03-26,2,30.901662215232495,0.2025606736259471,0.9637386835411024,0.2429595894645442
microsoft-goodyear-az,2023-03-26,3,31.531242491214908,0.1987062936276419,0.962865895432061,0.2143984220599168
microsoft-goodyear-az,2023-03-26,4,31.570420445524828,0.2024964468708822,0.964210717289898,0.2097985189893915
microsoft-goodyear-az,2023-04-11,0,47.76475511670102,0.1166676842253626,0.9635164799548436,0.249335660493777
microsoft-goodyear-az,2023-04-11,1,47.484077709036555,0.2242935757706979,0.963953999292898,0.2288956346895545
microsoft-goodyear-az,2023-04-11,2,45.89673935052984,0.1863139462645552,0.963735657855247,0.2400442927908049
microsoft-goodyear-az,2023-04-11,3,47.222403801546534,0.1808985154502243,0.96285310853601,0.2191257847257897
microsoft-goodyear-az,2023-04-11,4,47.248370965124984,0.1799668708070714,0.964199527872792,0.2162773346435623
microsoft-goodyear-az,2023-04-27,0,48.55719439140038,0.1098351641571376,0.9635164799548436,0.256663527763919
microsoft-goodyear-az,2023-04-27,1,48.119177637674674,0.2062226757858831,0.9639542014084348,0.2354376680434055
microsoft-goodyear-az,2023-04-27,2,46.46182634086825,0.1782856341963622,0.9637435760615112,0.2418558534956238
microsoft-goodyear-az,2023-04-27,3,48.04151238424258,0.1741537670953597,0.962856789510909,0.2262246299661395
microsoft-goodyear-az,2023-04-27,4,47.91001406287566,0.176745305993075,0.9642156346342782,0.2253297370406683
microsoft-goodyear-az,2023-05-13,0,53.6442566829751,0.117966586583021,0.9635164799548436,0.2560934157807071
microsoft-goodyear-az,2023-05-13,1,52.83091880670955,0.2043378184203929,0.9639527160413264,0.239081824580299
microsoft-goodyear-az,2023-05-13,2,50.73797371540346,0.1741356217208173,0.9637435831549443,0.2458328866365045
microsoft-goodyear-az,2023-05-13,3,52.714525307547085,0.1660120691549935,0.9628524434526056,0.2309301035632403
microsoft-goodyear-az,2023-05-13,4,52.78424735240299,0.1732080037682977,0.9642019649878706,0.2289828482492432
microsoft-goodyear-az,2023-05-29,0,54.1267436449369,0.1144360936801036,0.9635164799548436,0.2590759432459177
microsoft-goodyear-az,2023-05-29,1,54.79359634551832,0.1718995948804519,0.9639431974920668,0.2419926980874779
microsoft-goodyear-az,2023-05-29,2,51.56700232090037,0.1914689619597729,0.963734009295802,0.2540374275151855
microsoft-goodyear-az,2023-05-29,3,52.540900654899914,0.1875794948210657,0.9628422501762998,0.2323932747963513
microsoft-goodyear-az,2023-05-29,4,53.476724537991,0.1740451408900827,0.964196523542795,0.2314388623906977
microsoft-goodyear-az,2023-06-14,0,54.510677118616606,0.1211176875154998,0.9635164799548436,0.2579160615896376
microsoft-goodyear-az,2023-06-14,1,54.01290549843775,0.1856752694148846,0.9639480673839836,0.2428786525278895
microsoft-goodyear-az,2023-06-14,2,51.055106915076905,0.2225586064428415,0.9637381021689496,0.2647632993671359
microsoft-goodyear-az,2023-06-14,3,52.66772751996276,0.2037308428617749,0.9628445123958664,0.2382145506423678
microsoft-goodyear-az,2023-06-14,4,53.728467808314406,0.1761565187575306,0.96420007441725,0.2335062050734628
microsoft-goodyear-az,2023-06-30,0,57.31553379343588,0.116051457268946,0.9635164799548436,0.2530086212170031
microsoft-goodyear-az,2023-06-30,1,55.71211103610302,0.2203001069091868,0.963945974759835,0.2373782994163041
microsoft-goodyear-az,2023-06-30,2,54.971865365662495,0.177644065138871,0.963738415418004,0.2511857432317571
microsoft-goodyear-az,2023-06-30,3,56.5050133822136,0.1736921739723594,0.9628437444214188,0.2365689122228575
microsoft-goodyear-az,2023-06-30,4,56.286584327265714,0.1762620809573824,0.964203012505384,0.2341963343073527
microsoft-goodyear-az,2023-07-16,0,37.29888790557191,0.1196980452095008,0.963450648064106,0.2516402723048028
microsoft-goodyear-az,2023-07-16,1,36.53275223668783,0.2097718364093915,0.9639740895248676,0.2385472631887424
microsoft-goodyear-az,2023-07-16,2,36.18776607219562,0.2127800047071773,0.9633861679305172,0.2596178377844428
microsoft-goodyear-az,2023-07-16,3,35.935190989460665,0.1658280282535902,0.9628518923366602,0.2532577631661536
microsoft-goodyear-az,2023-07-16,4,33.513132380587,0.1618825867479521,0.9644313706598676,0.2509721954108727
microsoft-goodyear-az,2023-08-01,0,59.29963080538257,0.1099384970862224,0.9635164799548436,0.2426616646442306
microsoft-goodyear-az,2023-08-01,1,59.13786851197934,0.1859851298522631,0.9639503826083516,0.240330261199511
microsoft-goodyear-az,2023-08-01,2,57.4876902737773,0.174433208720364,0.9637385372202216,0.2520589035074951
microsoft-goodyear-az,2023-08-01,3,59.09514374874358,0.1617552527418703,0.962848896522682,0.225407067747551
microsoft-goodyear-az,2023-08-01,4,58.5810034668975,0.1804711509112334,0.9642035247865032,0.221849019150927
microsoft-goodyear-az,2023-08-17,0,60.62969995392708,0.1089187386841224,0.9635164799548436,0.2533560198264061
microsoft-goodyear-az,2023-08-17,1,60.93100810133094,0.1665135422065105,0.963952498903689,0.2482953372863712
microsoft-goodyear-az,2023-08-17,2,59.55045838454158,0.1358311769175535,0.9637459233810468,0.2506420754023524
microsoft-goodyear-az,2023-08-17,3,60.533404978455096,0.1576769410482107,0.962852849625094,0.2271717210095791
microsoft-goodyear-az,2023-08-17,4,60.08119743866898,0.1795595916152598,0.9641970591451184,0.2229186936948382
microsoft-goodyear-az,2023-09-02,1,44.32306033397238,0.2026576471401538,0.9653910800563036,0.1441649993929201
microsoft-goodyear-az,2023-09-02,2,47.24173601084023,0.1781163283809683,0.9645293129734674,0.2138654898239558
microsoft-goodyear-az,2023-09-02,3,48.747435110853026,0.1602634572456583,0.9627934969663116,0.2465737658882152
microsoft-goodyear-az,2023-09-02,4,50.380642194760625,0.1611826478031917,0.9639219243666352,0.2324479213141367
microsoft-goodyear-az,2023-09-18,0,48.07576224691267,0.0972458740766186,0.9635164799548436,0.2661733546383585
microsoft-goodyear-az,2023-09-18,1,48.14346727510762,0.1573283624691447,0.9639399408827216,0.2513501253764706
microsoft-goodyear-az,2023-09-18,2,47.568252763246285,0.1261446853540109,0.9637280052923742,0.2574835281644307
microsoft-goodyear-az,2023-09-18,3,48.344381995245286,0.1509532966423809,0.9628380797411198,0.2253569694712455
microsoft-goodyear-az,2023-09-18,4,48.60182592230685,0.1725654259204011,0.9641808951266048,0.2199582221964074
microsoft-goodyear-az,2023-10-04,0,43.22148512083819,0.0992034033879143,0.9635164799548436,0.2635954870185249
microsoft-goodyear-az,2023-10-04,1,43.31446960662456,0.163844744686634,0.9639498022090066,0.2490570427667898
microsoft-goodyear-az,2023-10-04,2,42.17041336982419,0.1385795828379101,0.9637250261262056,0.2415325461950526
microsoft-goodyear-az,2023-10-04,3,42.94186325343147,0.161473232182176,0.9628419276423592,0.2200389957702098
microsoft-goodyear-az,2023-10-04,4,43.13392588001815,0.1745030519565961,0.964175549861577,0.2155399068057465
microsoft-goodyear-az,2023-10-20,0,42.877671679728536,0.1022077602186126,0.9635164799548436,0.2577120172403428
microsoft-goodyear-az,2023-10-20,1,42.66277759114888,0.1773565755963028,0.9639515079002584,0.2379136271623892
microsoft-goodyear-az,2023-10-20,2,41.25023192044225,0.1749595381601291,0.9637332645232262,0.2366443164890216
microsoft-goodyear-az,2023-10-20,3,42.26418306662781,0.172735466216639,0.9628415269175128,0.2131499826296213
microsoft-goodyear-az,2023-10-20,4,42.79697866078106,0.1817948738277332,0.9641990060597,0.2084753766531145
microsoft-goodyear-az,2023-11-05,0,35.82437618404367,0.0996894025800007,0.963519875252866,0.2603534195563915
microsoft-goodyear-az,2023-11-05,1,35.61789070560551,0.1952799184519484,0.9639674742374316,0.2377650544723825
microsoft-goodyear-az,2023-11-05,2,34.17873953533238,0.1702221070433241,0.9637834410416072,0.2305049158168066
microsoft-goodyear-az,2023-11-05,3,35.14868197905192,0.1770933930385146,0.9628149366896492,0.2102314026417761
microsoft-goodyear-az,2023-11-05,4,35.143528533804954,0.187067083655604,0.9642173497160552,0.2061065471531112
microsoft-goodyear-az,2023-11-21,0,26.548291466189255,0.0953978882759585,0.9635164799548436,0.2554342154459919
microsoft-goodyear-az,2023-11-21,1,26.355632032580672,0.2016895448357484,0.9639497426866632,0.2393435237551641
microsoft-goodyear-az,2023-11-21,2,25.90961380299275,0.187539557097341,0.9637525343825568,0.2360974424262628
microsoft-goodyear-az,2023-11-21,3,26.87340869404503,0.1786488869882244,0.9628464122971094,0.2077107531490371
microsoft-goodyear-az,2023-11-21,4,27.272120641743964,0.1950843606062137,0.9642099505885412,0.200758578318461
microsoft-goodyear-az,2023-12-07,0,24.86466514131805,0.0965392871259685,0.9635164799548436,0.2448782221115809
microsoft-goodyear-az,2023-12-07,1,24.587573281010116,0.2042302232299885,0.9639603671389504,0.2246619242649888
microsoft-goodyear-az,2023-12-07,2,24.162391491644104,0.1876385676426328,0.9637476888573516,0.2265607088384921
microsoft-goodyear-az,2023-12-07,3,24.79636844965148,0.1857192593836492,0.9628469324380344,0.2003735979221111
microsoft-goodyear-az,2023-12-07,4,24.780669941016814,0.1935773574657089,0.9642096401689224,0.1943309679163564
microsoft-goodyear-az,2024-01-08,0,13.545820066911649,0.0915795474302877,0.9635164799548436,0.2363589312388419
microsoft-goodyear-az,2024-01-08,1,13.35934213438374,0.201560573000348,0.9639506147680896,0.2167529467053081
microsoft-goodyear-az,2024-01-08,2,13.361895534667935,0.1824515853232034,0.9637387436217976,0.2252904863339945
microsoft-goodyear-az,2024-01-08,3,13.979101328150715,0.179327663619231,0.9628286261931558,0.1961227767787947
microsoft-goodyear-az,2024-01-08,4,14.11640000542889,0.1834156850787007,0.9642081945222104,0.1885804963814367
microsoft-goodyear-az,2024-01-24,3,13.05208976857146,0.2852310826391942,0.9626714285714284,0.0920741570238095
microsoft-goodyear-az,2024-01-24,4,12.875003780000045,0.3213976576162801,0.9651,0.0756470974999999
microsoft-goodyear-az,2024-02-09,0,15.992652282548985,0.1312680102591099,0.9635164799548436,0.1787274903741479
microsoft-goodyear-az,2024-02-09,1,15.87859319237805,0.2528558465532361,0.9639426428373976,0.1624939790414993
microsoft-goodyear-az,2024-02-09,2,15.965233780291817,0.2041678367817126,0.9637701794711668,0.1878681292676235
microsoft-goodyear-az,2024-02-09,3,16.549566814267322,0.2033583707321586,0.9628127990949475,0.1609330478459185
microsoft-goodyear-az,2024-02-09,4,16.730964793015104,0.200645166018111,0.9642286256183844,0.1591940083714625
microsoft-goodyear-az,2024-03-12,0,29.85529608912084,0.1362652448250502,0.9635164799548436,0.2149021033389395
microsoft-goodyear-az,2024-03-12,1,29.47324116741063,0.2256712710760251,0.9639392648193478,0.2001547209031191
microsoft-goodyear-az,2024-03-12,2,28.72850505147843,0.1934946407943098,0.9637816209722528,0.2118918676752112
microsoft-goodyear-az,2024-03-12,3,30.71222359789556,0.1694543478697261,0.9629404442757684,0.2166378937477572
microsoft-goodyear-az,2024-03-12,4,31.161744739221596,0.176801475465491,0.9642872419320756,0.2124805707700547
microsoft-goodyear-az,2024-04-13,0,42.14996164014063,0.1542421121771696,0.9635164799548436,0.2558987320804904
microsoft-goodyear-az,2024-04-13,1,42.53785604457831,0.181693589954212,0.9639331672809534,0.230892637017502
microsoft-goodyear-az,2024-04-13,2,40.44971201470394,0.1720721565550759,0.9637298540231996,0.2492944119712006
microsoft-goodyear-az,2024-04-13,3,42.2796278910368,0.1652253548270796,0.9628418790223268,0.222954142048952
microsoft-goodyear-az,2024-04-13,4,43.0156801314159,0.1674466227539476,0.9641900056362056,0.217352905827011
microsoft-goodyear-az,2024-04-29,0,47.218656253793746,0.129787785655453,0.9635164799548436,0.2656532707198912
microsoft-goodyear-az,2024-04-29,1,48.03893679039325,0.1591826535730555,0.9639282737178474,0.2424474233269287
microsoft-goodyear-az,2024-04-29,2,45.7882135368916,0.158497222311104,0.9637262400516396,0.2547393109177415
microsoft-goodyear-az,2024-04-29,3,47.3673763669082,0.1544806798283113,0.9628384554556022,0.2302788862368906
microsoft-goodyear-az,2024-04-29,4,47.909360207026445,0.1558459216122776,0.9641891792908288,0.2251983080696887
microsoft-goodyear-az,2024-05-15,0,51.91929377062507,0.1280008327299868,0.9635164799548436,0.2727402362349725
microsoft-goodyear-az,2024-05-15,1,52.726790256198306,0.1593449789688681,0.9639373129255304,0.2502617277490215
microsoft-goodyear-az,2024-05-15,2,49.69483004150891,0.1608497502237543,0.963736813060708,0.2591805767138266
microsoft-goodyear-az,2024-05-15,3,51.813124178874666,0.1677622388565948,0.9628391911519588,0.233257659298037
microsoft-goodyear-az,2024-05-15,4,52.359545476073826,0.1653477708964982,0.9641915738779528,0.2294370253798887
microsoft-goodyear-az,2024-05-31,0,55.012600610333365,0.1098436319267312,0.9635164799548436,0.2721864688003179
microsoft-goodyear-az,2024-05-31,1,54.49828069130999,0.1791894543250229,0.9639344946883964,0.2503704200871319
microsoft-goodyear-az,2024-05-31,2,52.39264486637094,0.189868294944728,0.9637323897170156,0.257062432888138
microsoft-goodyear-az,2024-05-31,3,54.620863984997385,0.1762825088449341,0.9628348770170484,0.2358373076852912
microsoft-goodyear-az,2024-05-31,4,55.142531380437134,0.1707492112065442,0.9641978772883556,0.230609756269727
microsoft-goodyear-az,2024-06-16,0,57.91152508409709,0.1049729822329024,0.9635164799548436,0.2812387930517136
microsoft-goodyear-az,2024-06-16,1,56.48400076525255,0.1988877257558457,0.9639286906949458,0.2590126502067132
microsoft-goodyear-az,2024-06-16,2,53.73371587671509,0.2170985223473737,0.9637300426630092,0.2664214982808651
microsoft-goodyear-az,2024-06-16,3,56.651037584167746,0.1783526861897038,0.9628338785296288,0.2394509447432464
microsoft-goodyear-az,2024-06-16,4,57.48157896215394,0.1688086658251724,0.964198654956404,0.2327493366103833
microsoft-goodyear-az,2024-07-02,0,63.410625758762635,0.1015346677121432,0.9635164799548436,0.2713460216626645
microsoft-goodyear-az,2024-07-02,1,63.16360694856075,0.1634767762625788,0.963939846197966,0.247896131554101
microsoft-goodyear-az,2024-07-02,2,60.909465757389185,0.1823104381063955,0.9637357296241028,0.2565586507568827
microsoft-goodyear-az,2024-07-02,3,62.82763555399139,0.1724595472222514,0.9628385725612144,0.2326786232672064
microsoft-goodyear-az,2024-07-02,4,63.117232236627174,0.1707699340456903,0.9641928261454782,0.2251774979817026
microsoft-goodyear-az,2024-07-18,0,55.80415959462014,0.1028095679477644,0.9635164799548436,0.283538865700556
microsoft-goodyear-az,2024-07-18,1,56.23904072897856,0.155527690075905,0.9639482758725326,0.268056590612712
microsoft-goodyear-az,2024-07-18,2,55.81926691338611,0.159225511120147,0.963744147026002,0.2645476927452381
microsoft-goodyear-az,2024-07-18,3,55.95026922085665,0.1628831962881455,0.9628472713755,0.2373007278078068
microsoft-goodyear-az,2024-07-18,4,54.831123772681714,0.1665475445228259,0.9641914898197363,0.2339211295843561
microsoft-goodyear-az,2024-08-03,0,62.11127783851754,0.087787906377641,0.9635164799548436,0.2703637221761637
microsoft-goodyear-az,2024-08-03,1,62.48780033310419,0.1419978578719459,0.9639421709818528,0.2482069230647549
microsoft-goodyear-az,2024-08-03,2,60.10496202731658,0.1304930452173803,0.9637338335152114,0.2508578098787967
microsoft-goodyear-az,2024-08-03,3,61.63993813551606,0.1473169334692479,0.9628389746514048,0.2283404840116064
microsoft-goodyear-az,2024-08-03,4,61.330634897220754,0.166421265860415,0.964192417662914,0.2243616713939495
microsoft-goodyear-az,2024-08-19,0,59.641875992404024,0.0851308972906922,0.9635164799548436,0.2642090141436258
microsoft-goodyear-az,2024-08-19,1,60.09394914729478,0.1422668308467221,0.9639425847724444,0.2474259660520816
microsoft-goodyear-az,2024-08-19,2,58.29141109599769,0.1313138177705127,0.9637323793613612,0.2493432978303935
microsoft-goodyear-az,2024-08-19,3,59.03814377687329,0.1474874401990061,0.9628330255897254,0.2250671394294923
microsoft-goodyear-az,2024-08-19,4,58.22809277125505,0.1675510145988328,0.9641950386076414,0.2200921077491124
microsoft-goodyear-az,2024-09-04,0,56.19991267509497,0.0830576425655467,0.9635164799548436,0.2663874495362782
microsoft-goodyear-az,2024-09-04,1,56.346195084691146,0.1375591460384907,0.9639361584998524,0.2464016582241978
microsoft-goodyear-az,2024-09-04,2,55.316051553768766,0.1243119677467019,0.9637244636965944,0.2517646516428608
microsoft-goodyear-az,2024-09-04,3,55.9318985762193,0.1432750698799781,0.9628283769658752,0.2259283623106596
microsoft-goodyear-az,2024-09-04,4,55.697254247700016,0.1636775228807508,0.9641881287834164,0.2214745651248991
microsoft-goodyear-az,2024-09-20,0,28.590205235000028,0.0996178246607259,0.962175,0.1307316531249999
microsoft-goodyear-az,2024-09-20,1,15.354082178562347,0.1296910079606051,0.9613360100090994,0.2926922811282985
microsoft-goodyear-az,2024-09-20,2,35.71725206435716,0.1086824773191398,0.9617711571839072,0.3459890534838762
microsoft-goodyear-az,2024-09-20,3,41.91538433596382,0.1383181791834213,0.9627598745081554,0.2360657160945746
microsoft-goodyear-az,2024-09-20,4,43.95473982321406,0.1696138722773711,0.9641946152458192,0.2463684913994651
microsoft-goodyear-az,2024-10-06,0,50.983557151542264,0.0804412677717322,0.9635164799548436,0.2602439986947544
microsoft-goodyear-az,2024-10-06,1,51.13235472381424,0.1321757844917704,0.9639441411531195,0.2462169121708981
microsoft-goodyear-az,2024-10-06,2,48.04546478424255,0.1564860065534518,0.9637218304016872,0.2383334526101739
microsoft-goodyear-az,2024-10-06,3,49.75442512591569,0.156856891912192,0.9628325881747446,0.2173434257475029
microsoft-goodyear-az,2024-10-06,4,50.04772371431563,0.1640498162580327,0.9641947401533292,0.2132613606373983
microsoft-goodyear-az,2024-10-22,0,37.82512340986238,0.0833995782684301,0.9635164799548436,0.2469970139338419
microsoft-goodyear-az,2024-10-22,1,38.24150870097307,0.1466777625587419,0.9639443915214648,0.2328749261787605
microsoft-goodyear-az,2024-10-22,2,36.852774635903046,0.1496128861842318,0.9637208741885678,0.2351728089016265
microsoft-goodyear-az,2024-10-22,3,37.87542722450803,0.1626910158695163,0.962819963262882,0.2061243484880461
microsoft-goodyear-az,2024-10-22,4,37.83696763688614,0.1697763179082811,0.9641942587385708,0.2034421116730015
microsoft-goodyear-az,2024-11-07,0,24.611803544622248,0.0851954568897768,0.9635164799548436,0.2427743627249172
microsoft-goodyear-az,2024-11-07,1,24.736582288949897,0.1809773735817291,0.9639469257789632,0.2313610832728485
microsoft-goodyear-az,2024-11-07,2,24.01016527805189,0.1625100022529407,0.9637316467164232,0.2269593127471872
microsoft-goodyear-az,2024-11-07,3,24.97846695217874,0.1683058358266572,0.9628479292333292,0.2020824108250647
microsoft-goodyear-az,2024-11-07,4,24.79270137977717,0.1783141037875668,0.9642165932330844,0.1997959942830862
microsoft-goodyear-az,2024-11-23,0,27.08923468885681,0.0862760987952818,0.9635060752054794,0.2456476385297905
microsoft-goodyear-az,2024-11-23,1,27.251983045810444,0.1676145458926851,0.963805960766701,0.2209541272558933
microsoft-goodyear-az,2024-11-23,2,25.720206218753333,0.1708724197847209,0.963907339961846,0.203456504259501
microsoft-goodyear-az,2024-11-23,3,26.559517793024053,0.1687727629635241,0.9628757487370164,0.1963636221956263
microsoft-goodyear-az,2024-11-23,4,26.82538824669205,0.1733157441444051,0.964219071593898,0.1964955970839846
microsoft-goodyear-az,2024-12-09,0,24.252042605749175,0.0863730037639593,0.9635164799548436,0.2412523424953862
microsoft-goodyear-az,2024-12-09,1,24.34131217263235,0.1476888464673888,0.9639726427250817,0.2240477121017281
microsoft-goodyear-az,2024-12-09,2,22.90181166065577,0.1962990108965875,0.9637313107119752,0.21419775330555
microsoft-goodyear-az,2024-12-09,3,23.80601551643584,0.1823517028378199,0.9628709832290938,0.1933876169280636
microsoft-goodyear-az,2024-12-09,4,23.903448455650516,0.1757487457351116,0.9642282045691444,0.1913672759436115
microsoft-goodyear-az,2024-12-25,0,23.02562042216509,0.0864358281606291,0.9635164799548436,0.2422586265254233
microsoft-goodyear-az,2024-12-25,1,22.97469160748628,0.148888670553139,0.9639427538135612,0.225146623283551
microsoft-goodyear-az,2024-12-25,2,21.773990594593126,0.2008613493614431,0.9637305361811404,0.2113687500114262
microsoft-goodyear-az,2024-12-25,3,22.66021119957783,0.1800364284549468,0.9628400871032454,0.1935099961888086
microsoft-goodyear-az,2024-12-25,4,22.821220726751676,0.1679929175057483,0.9641947346774864,0.1909728689905452
microsoft-goodyear-az,2025-01-10,0,20.40930436564459,0.0806682244799295,0.9635164799548436,0.247870247877175
microsoft-goodyear-az,2025-01-10,1,20.637025685773224,0.145769129583568,0.9639331744811208,0.2322264287134188
microsoft-goodyear-az,2025-01-10,2,19.292320507513192,0.2032866747411438,0.9637239132199468,0.217719102907876
microsoft-goodyear-az,2025-01-10,3,20.251094710039713,0.1764229668818364,0.9628426255645371,0.1982280380563907
microsoft-goodyear-az,2025-01-10,4,20.337109337655654,0.1628456177610425,0.9641757440424424,0.1963234224199768
microsoft-goodyear-az,2025-01-26,0,22.811436976014193,0.0796793787462584,0.9635153885070468,0.2511149191151257
microsoft-goodyear-az,2025-01-26,1,23.087029447635743,0.1489215452448336,0.9641119043849932,0.2310407880559443
microsoft-goodyear-az,2025-01-26,2,21.73949582956841,0.1902575165512636,0.963766445859305,0.2154694402699594
microsoft-goodyear-az,2025-01-26,3,22.60657608703725,0.1693707097432279,0.9628434102286616,0.2012939893747029
microsoft-goodyear-az,2025-01-26,4,22.74975983696007,0.1540631767009943,0.9641371813251084,0.1999847730648936
microsoft-goodyear-az,2025-02-11,0,23.026981746995816,0.0755348335747935,0.9636537139072864,0.2385624749046359
microsoft-goodyear-az,2025-02-11,1,22.492431208123584,0.1522490207699469,0.9642255092066868,0.2144160283672275
microsoft-goodyear-az,2025-02-11,2,21.052659939240783,0.2546984505494092,0.9644627283910494,0.1771688376233792
microsoft-goodyear-az,2025-02-11,3,21.84247483580559,0.1870068148233449,0.962239832483542,0.1732583786539459
microsoft-goodyear-az,2025-02-11,4,21.555037626763816,0.1433325404086461,0.9647110434319582,0.2046857267138513
microsoft-goodyear-az,2025-02-27,0,30.301150543827863,0.0822535268379897,0.963512723210198,0.2476863413163706
microsoft-goodyear-az,2025-02-27,1,30.974509969954557,0.1393236716886788,0.9640448347037242,0.2365151879912463
microsoft-goodyear-az,2025-02-27,2,29.525635953792825,0.1940704616851863,0.9636974885034184,0.230587313316755
microsoft-goodyear-az,2025-02-27,3,30.957242249055653,0.1616132500904555,0.9628059481942944,0.2079407548675691
microsoft-goodyear-az,2025-02-27,4,31.19672914702184,0.153261809452783,0.964185272229915,0.206452331464122
microsoft-goodyear-az,2025-03-15,0,19.75705239915717,0.1518170698155308,0.962464455982112,0.2180774796084245
microsoft-goodyear-az,2025-03-15,1,22.97996978618145,0.1347090087496931,0.9641251946641916,0.2077560789338187
microsoft-goodyear-az,2025-03-15,2,23.55629185815431,0.1972594310426305,0.9634034675166658,0.2183073963349747
microsoft-goodyear-az,2025-03-15,3,24.72064387572912,0.1630973235612932,0.9627250358923354,0.1801611138396146
microsoft-goodyear-az,2025-03-15,4,24.885396913840772,0.1604084859985847,0.964011003828632,0.1809270020879721
microsoft-goodyear-az,2025-03-31,0,36.26510109573694,0.0815850844343938,0.9635164799548436,0.2647689486070357
microsoft-goodyear-az,2025-03-31,1,36.48160535205357,0.1392107150551714,0.9639367033924144,0.2596092912318045
microsoft-goodyear-az,2025-03-31,2,34.57864887035963,0.1772586470476725,0.9636994914778674,0.25203029606331
microsoft-goodyear-az,2025-03-31,3,36.267003038417094,0.1505681476530391,0.962829597872562,0.2288212232969668
microsoft-goodyear-az,2025-03-31,4,36.60527920378082,0.1572393555254956,0.9641891872073648,0.2258772850186543
microsoft-goodyear-az,2025-04-16,0,46.63822861649853,0.0737311087586576,0.9635164799548436,0.2671390390346827
microsoft-goodyear-az,2025-04-16,1,47.23668963687486,0.1376327410679093,0.9639200352336532,0.2573823317930014
microsoft-goodyear-az,2025-04-16,2,44.59008424272272,0.1799004394007993,0.9637203960108254,0.246756275126756
microsoft-goodyear-az,2025-04-16,3,46.63242518879588,0.146086467088099,0.9628132295824622,0.2237137131705597
microsoft-goodyear-az,2025-04-16,4,46.783251148076715,0.1572995213773738,0.9641769555250655,0.2242612660338791
microsoft-goodyear-az,2025-05-02,0,47.40344990040014,0.0619362229438978,0.9635164799548436,0.2297815114113661
microsoft-goodyear-az,2025-05-02,1,48.10357208077474,0.1232867867178843,0.9639370334234144,0.246240161361222
microsoft-goodyear-az,2025-05-02,2,46.72395033592311,0.1650809568960373,0.9637325570765244,0.2545656781155795
microsoft-goodyear-az,2025-05-02,3,47.90550114510988,0.1510529089373023,0.962778582305248,0.2329646390643674
microsoft-goodyear-az,2025-05-02,4,48.48355965911064,0.1524162041322913,0.9641781856091096,0.2267224335784936
microsoft-goodyear-az,2025-05-18,0,40.053414401247274,0.0737708284504751,0.9635164799548436,0.2796736573694683
microsoft-goodyear-az,2025-05-18,1,40.41665664045167,0.1236339024728882,0.9639337982091823,0.2660736257093766
microsoft-goodyear-az,2025-05-18,2,38.6515186882604,0.1509516461217641,0.9636942756241392,0.2535035345718623
microsoft-goodyear-az,2025-05-18,3,40.55250817353584,0.1533454135113825,0.96284255503301,0.2337410703649431
microsoft-goodyear-az,2025-05-18,4,41.75122669873856,0.1513003611420064,0.9641933227006676,0.2341231311924813
microsoft-goodyear-az,2025-06-03,0,47.46124348578997,0.0738530741773604,0.9635164799548436,0.2769494104594427
microsoft-goodyear-az,2025-06-03,1,46.42861498458162,0.1404701435964455,0.9639279523359358,0.2596915186016242
microsoft-goodyear-az,2025-06-03,2,45.96270676921715,0.1942699113460035,0.9637347181839498,0.2602540095199527
microsoft-goodyear-az,2025-06-03,3,47.4091889887003,0.1756440118098422,0.9628532303493724,0.2313338226408991
microsoft-goodyear-az,2025-06-03,4,48.21390877389238,0.1651710272524653,0.964200327996314,0.2285990853720126
microsoft-goodyear-az,2025-06-19,0,57.95353586539776,0.0729380798078374,0.9635164799548436,0.2879773970190026
microsoft-goodyear-az,2025-06-19,1,57.18373552786471,0.1677061146616508,0.9639310660077164,0.2707090142269004
microsoft-goodyear-az,2025-06-19,2,54.728192095501406,0.2009833015071365,0.9637343611983784,0.2630259074888829
microsoft-goodyear-az,2025-06-19,3,57.788488340292105,0.1604352431098876,0.9628309878003372,0.2387129452384295
microsoft-goodyear-az,2025-06-19,4,58.13376548442629,0.1594836315581314,0.964188106372568,0.2377916340042797
microsoft-goodyear-az,2025-07-05,0,56.0356333254739,0.0699193343713789,0.9635164799548436,0.2895931411623436
microsoft-goodyear-az,2025-07-05,1,55.00190159234265,0.1524526855384622,0.963936845419548,0.2750325143173475
microsoft-goodyear-az,2025-07-05,2,53.097267548571395,0.1871026518777042,0.963732247658683,0.2704665071322624
microsoft-goodyear-az,2025-07-05,3,55.037330809342386,0.1590672255996779,0.9628342852819746,0.2398326020561909
microsoft-goodyear-az,2025-07-05,4,55.68470730183912,0.1610895081026419,0.9641864579836984,0.2349910077423223
microsoft-goodyear-az,2025-07-21,0,58.3182873882457,0.0752270298304221,0.9635164799548436,0.2844442301644895
microsoft-goodyear-az,2025-07-21,1,59.27647149490315,0.1473601252136183,0.9639446355167972,0.267201831661315
microsoft-goodyear-az,2025-07-21,2,56.66819251362057,0.1766973104037368,0.96373895501207,0.2639989811302438
microsoft-goodyear-az,2025-07-21,3,56.79877344897619,0.1629359452163679,0.9628421970080018,0.2359838429050104
microsoft-goodyear-az,2025-07-21,4,56.33195692790251,0.1657664061734695,0.964260784209859,0.2291005671319788
microsoft-goodyear-az,2025-08-06,0,57.198852673902934,0.0765499220480852,0.9635164799548436,0.2829047370102738
microsoft-goodyear-az,2025-08-06,1,56.772848752155376,0.1238377599676111,0.9639390486609836,0.26345658956629
microsoft-goodyear-az,2025-08-06,2,56.29074927347159,0.1354389018844437,0.9637355049860672,0.2582754309517844
microsoft-goodyear-az,2025-08-06,3,57.119332923926855,0.1396990081579206,0.962835403647472,0.2309609555725108
microsoft-goodyear-az,2025-08-06,4,57.19393805254724,0.1602934368257812,0.9641893798906824,0.2319214731895445
microsoft-goodyear-az,2025-08-22,0,38.51111275073827,0.1008685212584301,0.9627353401763384,0.2836366906290301
microsoft-goodyear-az,2025-08-22,1,40.03677406863238,0.1170934310766021,0.9634186885949791,0.2800870647559192
microsoft-goodyear-az,2025-08-22,2,40.54969186327198,0.107136809074998,0.9629072321430382,0.2876838230206751
microsoft-goodyear-az,2025-08-22,3,43.98155524392978,0.150225549074078,0.963077388057446,0.2359782824049009
microsoft-goodyear-az,2025-08-22,4,46.69733379318219,0.1622450198374972,0.9651238390884844,0.2202125104533109
microsoft-goodyear-az,2025-09-07,0,50.970186856947045,0.0780210609332932,0.9635164799548436,0.2721969714573988
microsoft-goodyear-az,2025-09-07,1,51.218031487818514,0.1260976399768398,0.9639460016175302,0.2552802445495191
microsoft-goodyear-az,2025-09-07,2,50.941368093923174,0.1321684419946854,0.9637347481129284,0.2510387025740781
microsoft-goodyear-az,2025-09-07,3,51.364277230751625,0.1453336550383493,0.9628328405380296,0.2210676368080682
microsoft-goodyear-az,2025-09-07,4,51.137605515646634,0.1700597840682559,0.9641882768592376,0.2190148582046255
microsoft-goodyear-az,2025-09-23,0,51.54361254695363,0.0766085804109444,0.9635164799548436,0.270675632144538
microsoft-goodyear-az,2025-09-23,1,51.88738116673165,0.1268527889104667,0.9639454512623864,0.2579200478008518
microsoft-goodyear-az,2025-09-23,2,49.869496268699024,0.1339041328891462,0.9637344612651022,0.2443937491424693
microsoft-goodyear-az,2025-09-23,3,50.9197426174542,0.1482160991585262,0.96282817943119,0.2157920525444613
microsoft-goodyear-az,2025-09-23,4,50.95201582469764,0.1713835000552315,0.9641847256099296,0.2145956420105559
microsoft-goodyear-az,2025-10-25,0,36.2891526580997,0.0841556576688409,0.9635164799548436,0.2605907101257517
microsoft-goodyear-az,2025-10-25,1,36.456054720629304,0.1447001247080121,0.9639527869355315,0.2414669822282653
microsoft-goodyear-az,2025-10-25,2,35.07374738837069,0.1921925888613655,0.9637255243012236,0.2268461483549035
microsoft-goodyear-az,2025-10-25,3,35.948430547263584,0.1705518856493184,0.9628480370652628,0.202324189437742
microsoft-goodyear-az,2025-10-25,4,36.024244803100316,0.1840624459359141,0.9641953766132838,0.2050809717422947
microsoft-goodyear-az,2025-11-10,0,33.39404492328735,0.0844694042768519,0.9635164799548436,0.2532797105860365
microsoft-goodyear-az,2025-11-10,1,33.601704618844515,0.1458682037112811,0.963955584360954,0.2410259814325963
microsoft-goodyear-az,2025-11-10,2,32.43849662458002,0.1976467137320295,0.9637259428762056,0.2251109499976396
microsoft-goodyear-az,2025-11-10,3,33.15612340249245,0.1761877394602248,0.9628385657258024,0.1999118618276879
microsoft-goodyear-az,2025-11-10,4,33.39877314758893,0.1850969223916059,0.964209920457074,0.2005442535507536
microsoft-goodyear-az,2025-11-26,0,19.566169768144785,0.0926106109785888,0.963580952915986,0.2645615914930587
microsoft-goodyear-az,2025-11-26,1,18.95232192576372,0.1696519905065742,0.9639221907243244,0.2501478758532984
microsoft-goodyear-az,2025-11-26,2,19.060313766352216,0.2220181392241726,0.9640450194078876,0.2283889305261065
microsoft-goodyear-az,2025-11-26,3,19.467511621035655,0.1914045703517439,0.962818022631048,0.2063109135251539
microsoft-goodyear-az,2025-11-26,4,20.313561297405094,0.1942056628018799,0.9642574985474116,0.207208461499488
microsoft-goodyear-az,2025-12-12,0,24.239720301925686,0.0901570406371988,0.9635131595055596,0.2429593873162405
microsoft-goodyear-az,2025-12-12,1,23.99206593051868,0.1796661957470392,0.9639429410247996,0.2207443115899436
microsoft-goodyear-az,2025-12-12,2,23.64289722066338,0.2039093621639665,0.9637805191425703,0.2099441339893198
microsoft-goodyear-az,2025-12-12,3,24.165431875362373,0.1909825135869134,0.9628742875591172,0.1846231858427261
microsoft-goodyear-az,2025-12-12,4,24.10453915628545,0.2067178411718426,0.9642428929891532,0.1876188954447857
microsoft-goodyear-az,2025-12-28,0,21.203649730403185,0.0917946554805269,0.9635164799548436,0.2588760893774892
microsoft-goodyear-az,2025-12-28,1,20.70298859711425,0.1947161416962262,0.963797430614738,0.2379542467969251
microsoft-goodyear-az,2025-12-28,2,19.98662501975576,0.2087061527530955,0.96372592583194,0.2214986039372896
microsoft-goodyear-az,2025-12-28,3,20.615455996085377,0.192683421209477,0.9628412376394582,0.1951184777578992
microsoft-goodyear-az,2025-12-28,4,20.59209451626113,0.2078320838423662,0.9641887261751104,0.1862179508775956
microsoft-goodyear-az,2026-01-13,0,22.34245553268746,0.0851521120673358,0.9635164799548436,0.2498432589275375
microsoft-goodyear-az,2026-01-13,1,22.430726077164476,0.1590399395477417,0.9639578048117242,0.2285952212134553
microsoft-goodyear-az,2026-01-13,2,21.66314318627412,0.199742740547126,0.9637339889148494,0.2159465574953205
microsoft-goodyear-az,2026-01-13,3,22.173670335171582,0.189808164581817,0.9628693125033344,0.1897373939752158
microsoft-goodyear-az,2026-01-13,4,22.552105431702348,0.1926814879596861,0.9642123559071804,0.1884145044445743
microsoft-goodyear-az,2026-01-29,0,21.860710963877573,0.1471670760310897,0.9631857142857142,0.2158023457823129
microsoft-goodyear-az,2026-01-29,1,18.645745926044217,0.1323066311910662,0.9629240917095864,0.1850678369996179
microsoft-goodyear-az,2026-01-29,2,17.706633800531982,0.204218820549541,0.9647933858889566,0.1456921462599363
microsoft-goodyear-az,2026-01-29,3,19.324296397366375,0.1580577350949017,0.9624558293151998,0.168668767663306
microsoft-goodyear-az,2026-01-29,4,21.08124154383357,0.1964736713199514,0.9628072868123968,0.1624896345456099
microsoft-goodyear-az,2026-02-14,0,28.99571279817943,0.0839128266415656,0.9635164799548436,0.2512164926571381
microsoft-goodyear-az,2026-02-14,1,29.345070717783408,0.1415039961386119,0.9639457781068804,0.2331046180803538
microsoft-goodyear-az,2026-02-14,2,28.091883057730943,0.1818908304473728,0.9637209609157078,0.2162862000777299
microsoft-goodyear-az,2026-02-14,3,28.699020211724743,0.1736537799492562,0.9628218273533818,0.1941763050913814
microsoft-goodyear-az,2026-02-14,4,28.842832400829938,0.171989570922653,0.9641825157469742,0.1933753717840646
microsoft-goodyear-az,2026-03-02,0,22.31816391859066,0.1062146078138173,0.9624021846276806,0.314111443625949
microsoft-goodyear-az,2026-03-02,1,20.458871074612414,0.1064584274494467,0.9630060606060604,0.301396979656971
microsoft-goodyear-az,2026-03-02,2,21.662855205331827,0.1701347478208993,0.9627623360926766,0.2798943890020182
microsoft-goodyear-az,2026-03-02,3,22.69798244565846,0.142174294697118,0.9627374991176852,0.2817214711033923
microsoft-goodyear-az,2026-03-02,4,27.431435020127697,0.151922984786955,0.9662319167987704,0.2385312852872973
microsoft-goodyear-az,2026-03-18,0,44.40148897186933,0.0754601434588735,0.9635164799548436,0.2654881961366924
microsoft-goodyear-az,2026-03-18,1,44.79202541430158,0.1369432596517248,0.9639292710942908,0.2461455243780206
microsoft-goodyear-az,2026-03-18,2,43.132935584239895,0.1736946703888003,0.9637069400710988,0.2309810736758666
microsoft-goodyear-az,2026-03-18,3,44.2545431338832,0.1512620806707647,0.9628099821431296,0.2090241278674662
microsoft-goodyear-az,2026-03-18,4,44.3073588418784,0.1653675262921478,0.964177304664846,0.2101354458911571
microsoft-goodyear-az,2026-04-03,0,42.38199506498154,0.0753341269400388,0.9635164799548436,0.2711622894918492
microsoft-goodyear-az,2026-04-03,1,42.45421459339114,0.1358127262732773,0.9639612822804452,0.2516298574697588
microsoft-goodyear-az,2026-04-03,2,41.54782204999711,0.163899036375097,0.9637266128551882,0.2370010040140085
microsoft-goodyear-az,2026-04-03,3,42.82211768776471,0.1529917697195854,0.9628283204131064,0.2143231371996842
microsoft-goodyear-az,2026-04-03,4,43.12330813571556,0.1643373541363332,0.9641907518880106,0.2149302954222465
microsoft-goodyear-az,2026-04-19,2,30.30212439967731,0.1113043204444543,0.9633558974358972,0.2109104940965186
microsoft-goodyear-az,2026-04-19,3,35.05405238001965,0.1411769545856951,0.960383365011598,0.1615533751072562
microsoft-goodyear-az,2026-04-19,4,34.4014705782122,0.212000000886166,0.9644564193142418,0.1865825048207789
microsoft-goodyear-az,2026-05-05,0,42.28735098598868,0.0791698161152753,0.9635164799548436,0.3031229594702385
microsoft-goodyear-az,2026-05-05,1,41.83243707812145,0.1466902412739297,0.9639476704832068,0.275330714347519
microsoft-goodyear-az,2026-05-05,2,39.89273902742305,0.1514692173684988,0.9636393732788404,0.2691834277504867
microsoft-goodyear-az,2026-05-05,3,40.592074833610454,0.1489941373607104,0.9627872462594472,0.2305219165501207
microsoft-goodyear-az,2026-05-05,4,41.0858225980966,0.174617785423198,0.9645920466894344,0.2326347662102388
microsoft-goodyear-az,2026-05-21,0,51.905456016723726,0.0755753986421737,0.9635164799548436,0.2864489902589688
microsoft-goodyear-az,2026-05-21,1,52.66904560874711,0.1241242483832444,0.9639364530240692,0.2670908067546269
microsoft-goodyear-az,2026-05-21,2,50.4423776340829,0.1640686921072496,0.9637314120370536,0.2541571086912768
microsoft-goodyear-az,2026-05-21,3,50.65061189264024,0.1716509062350187,0.962830447735184,0.2321365882588459
microsoft-goodyear-az,2026-05-21,4,51.683544182597174,0.1576928440508091,0.9641928335086608,0.2331080259345281
microsoft-goodyear-az,2026-06-06,0,50.1834812248722,0.0785667840502158,0.9635164799548436,0.3017878079220017
microsoft-goodyear-az,2026-06-06,1,50.66464339737188,0.1336043482636134,0.963940471663613,0.2816617302484301
microsoft-goodyear-az,2026-06-06,2,46.57091683606835,0.1714596667771919,0.9636284058133392,0.2705124233177979
microsoft-goodyear-az,2026-06-06,3,48.26680081370715,0.1776128903580691,0.9630885230886,0.2496418023765179
microsoft-goodyear-az,2026-06-06,4,46.42075487424809,0.1477801655015026,0.964148070075228,0.2392748637165523
microsoft-goodyear-az,2026-06-22,0,58.08562758287139,0.0763301031945246,0.9635164799548436,0.2886147242839211
microsoft-goodyear-az,2026-06-22,1,57.512602831186975,0.1446929879343565,0.9639348816212931,0.2708343363695222
microsoft-goodyear-az,2026-06-22,2,55.104298776033374,0.1902012906851382,0.9637362692181686,0.2595883857560424
microsoft-goodyear-az,2026-06-22,3,57.40976927213573,0.1587397252919119,0.962828604583876,0.2343405153689433
microsoft-goodyear-az,2026-06-22,4,57.77586693218002,0.1616307766257891,0.9642073751952034,0.2344085965826655
microsoft-goodyear-az,2026-07-08,0,57.69874014104232,0.0823785838931045,0.9635164799548436,0.2829450540517522
microsoft-goodyear-az,2026-07-08,1,56.834311699418095,0.1735667177787095,0.9639457039068074,0.26563994098144
microsoft-goodyear-az,2026-07-08,2,55.23211631825931,0.2019632298167704,0.9637439221603692,0.255678430423491
microsoft-goodyear-az,2026-07-08,3,57.297490125082824,0.1646339363132078,0.9628348873206874,0.2317611129572662
microsoft-goodyear-az,2026-07-08,4,57.87424464864638,0.165978069360806,0.9641978923717224,0.2305215933214831
microsoft-goodyear-az,2026-07-24,0,61.57708098369954,0.0832532886299525,0.9635164799548436,0.2760833730860596
microsoft-goodyear-az,2026-07-24,1,60.86799545361496,0.1722141181872455,0.963946504630296,0.256871940859632
microsoft-goodyear-az,2026-07-24,2,59.685717645220656,0.1630413042025504,0.963741830166504,0.248239123512213
microsoft-goodyear-az,2026-07-24,3,61.35813156003845,0.1494579482146746,0.9628325690295632,0.225410577808382
microsoft-goodyear-az,2026-07-24,4,61.13103808670373,0.1682028934323342,0.9641893285536848,0.2262888783934103
microsoft-goodyear-az,2026-08-09,0,58.606586364808386,0.0862119232102859,0.9635164799548436,0.2747586593578013
microsoft-goodyear-az,2026-08-09,1,58.61266907539029,0.1601112068527461,0.9639551009136158,0.2596883857571291
microsoft-goodyear-az,2026-08-09,2,57.78614161895408,0.1400668923741185,0.9637434293374444,0.2489565495302088
microsoft-goodyear-az,2026-08-09,3,58.230787543694014,0.1418921310925813,0.9628393640792928,0.2254147657405598
microsoft-goodyear-az,2026-08-09,4,58.546940000489826,0.1636868723230663,0.9641926362824828,0.2273072371040536
microsoft-goodyear-az,2026-08-25,0,60.734965180105654,0.0786942338905293,0.9635164799548436,0.2756602526573887
microsoft-goodyear-az,2026-08-25,1,60.03817169384553,0.1369982712650214,0.9639393140514292,0.255821934765272
microsoft-goodyear-az,2026-08-25,2,60.21816811266071,0.128064264922532,0.9637315148728716,0.2491972181968111
microsoft-goodyear-az,2026-08-25,3,60.569287564917055,0.1406822104083246,0.9628293816465138,0.2219000899984291
microsoft-goodyear-az,2026-08-25,4,59.988394336117885,0.1634117538838921,0.964183594776895,0.2229887613729969
microsoft-goodyear-az,2026-09-10,0,58.1428779358618,0.08358104775178,0.9635164799548436,0.276451190817943
microsoft-goodyear-az,2026-09-10,1,58.253193769624,0.1392551920189373,0.9639451298804744,0.2652644255598503
microsoft-goodyear-az,2026-09-10,2,56.67204662454435,0.1308695503181843,0.963732191214678,0.2561022044624558
microsoft-goodyear-az,2026-09-10,3,55.56542390498196,0.1435751465186556,0.9628548537915173,0.237557079892567
microsoft-goodyear-az,2026-09-10,4,54.01260724088797,0.1514682812521953,0.964323278447808,0.236102172328967
microsoft-goodyear-az,2026-09-26,0,46.81172212987694,0.0782687802435545,0.9635164799548436,0.2642577564605969
microsoft-goodyear-az,2026-09-26,1,46.64058851310772,0.132967966107721,0.9639366970194015,0.247806517240478
microsoft-goodyear-az,2026-09-26,2,46.17579531826664,0.1334956289171662,0.9637236650594444,0.242236536855828
microsoft-goodyear-az,2026-09-26,3,46.9186482968894,0.1473293975034271,0.9628219403089772,0.2114004377557614
microsoft-goodyear-az,2026-09-26,4,47.03879963693271,0.1667334303906794,0.9641822342929064,0.2132311879372016
microsoft-goodyear-az,2021-11-15,0,30.25261155788182,0.1962378798256095,0.9637643466148405,0.2493471431781827
microsoft-goodyear-az,2021-11-15,1,31.36951832402813,0.2461660545948511,0.9643858089583752,0.2264503999007109
microsoft-goodyear-az,2021-11-15,2,30.4922213872966,0.1707070809382962,0.964018277849288,0.2286549231602599
microsoft-goodyear-az,2021-11-15,3,30.48415875772299,0.2277932146590634,0.9630351293036248,0.2088940498645482
microsoft-goodyear-az,2021-11-15,4,31.045395532963028,0.2000076355393097,0.964361643065338,0.2071603885991221
microsoft-goodyear-az,2021-11-20,2,24.3718014908093,0.3634010789302902,0.9649639690358904,0.2193179632899367
microsoft-goodyear-az,2021-11-20,3,22.168529187907943,0.2988986451312803,0.9630015932138352,0.2185597182425118
microsoft-goodyear-az,2021-11-20,4,22.136894008748857,0.2319262703662996,0.9657715294752544,0.2207662550683977
microsoft-goodyear-az,2021-12-09,0,17.44420538180766,0.369364997533505,0.9635839191890612,0.1188130645743627
microsoft-goodyear-az,2021-12-09,1,18.633051942049125,0.3007860721091465,0.9638685073596418,0.1204433798939184
microsoft-goodyear-az,2021-12-09,2,20.38868744796698,0.1927895482573514,0.9642737629348191,0.1487745756877959
microsoft-goodyear-az,2021-12-09,3,20.913169860132932,0.2433542344206753,0.9627147038923052,0.1381622093668331
microsoft-goodyear-az,2021-12-09,4,21.919602387088148,0.2245042311621358,0.9641883742703744,0.1845874403593095
microsoft-goodyear-az,2022-01-10,0,20.39805022276139,0.1888745660176649,0.9637629106205408,0.2444711145970357
microsoft-goodyear-az,2022-01-10,1,20.81680837709994,0.2413351614257418,0.964248744880474,0.2326410070017655
microsoft-goodyear-az,2022-01-10,2,21.098247651377356,0.1768101075106042,0.9640183807920162,0.2290005846153886
microsoft-goodyear-az,2022-01-10,3,21.34087883815248,0.2165406870875343,0.9630381717859868,0.198429741372858
microsoft-goodyear-az,2022-01-10,4,21.65361134384645,0.1866206941668289,0.9643386192632414,0.1923827422409868
microsoft-goodyear-az,2022-01-26,0,20.419275995830965,0.1937143914155334,0.9637643466148405,0.244941334973476
microsoft-goodyear-az,2022-01-26,1,20.655972479947177,0.2622913683328081,0.9642619984571422,0.2316247112826907
microsoft-goodyear-az,2022-01-26,2,20.671277753481597,0.1824264194432015,0.9640060268085942,0.2233269347425392
microsoft-goodyear-az,2022-01-26,3,21.036428869522137,0.2032915025078638,0.9630138854972832,0.198106386203566
microsoft-goodyear-az,2022-01-26,4,21.200112767734772,0.1905542493714257,0.9643368702285507,0.1933306758918202
microsoft-goodyear-az,2022-02-11,0,28.29288883196734,0.1846683381913652,0.9637532955507372,0.2375973869011854
microsoft-goodyear-az,2022-02-11,1,28.754906933290265,0.2338696226881242,0.9642270170706136,0.2254370858666635
microsoft-goodyear-az,2022-02-11,2,27.768197012800098,0.1822783760390695,0.9640362998037764,0.2219223419927355
microsoft-goodyear-az,2022-02-11,3,28.09774199762407,0.1986905876457131,0.9631184150078856,0.2010171577563963
microsoft-goodyear-az,2022-02-11,4,28.264036347305016,0.1860748655211934,0.9642984240350516,0.1985908297023934
microsoft-goodyear-az,2022-02-27,0,15.845413041357176,0.1190556834699155,0.9637643466148405,0.2534872349540806
microsoft-goodyear-az,2022-02-27,1,15.75354447906454,0.1569370752922431,0.9642745309360664,0.255496789346303
microsoft-goodyear-az,2022-02-27,2,15.331940232810776,0.1750074762684006,0.9637973121499064,0.2514848024346
microsoft-goodyear-az,2022-02-27,3,17.454965673681404,0.1807519044854525,0.9629894179392036,0.2252717803352493
microsoft-goodyear-az,2022-02-27,4,18.995476026357046,0.1796853941148406,0.964360057922722,0.215115658991497
microsoft-goodyear-az,2022-03-31,0,40.67560689181136,0.1240647726271946,0.9637643466148405,0.2427739990771306
microsoft-goodyear-az,2022-03-31,1,40.337694807687306,0.1882872350605265,0.964262992979065,0.2419053193859563
microsoft-goodyear-az,2022-03-31,2,38.64976285906769,0.1860477153296314,0.964004842620968,0.2343112674302203
microsoft-goodyear-az,2022-03-31,3,39.05252193844262,0.197314913440666,0.9630353483969692,0.216331670530439
microsoft-goodyear-az,2022-03-31,4,39.72876804184628,0.1846287005730789,0.9643316716342244,0.2137535552775283
microsoft-goodyear-az,2022-04-16,0,44.5551220773849,0.1430468588243986,0.9637643466148405,0.2480558011438848
microsoft-goodyear-az,2022-04-16,1,44.4832610863645,0.1941736489747599,0.9642839410708792,0.2457902646372505
microsoft-goodyear-az,2022-04-16,2,43.46723581215336,0.186443367944254,0.964001682736882,0.2470989093358973
microsoft-goodyear-az,2022-04-16,3,44.57220299318506,0.1853963941618636,0.9630162771698266,0.2289508268107093
microsoft-goodyear-az,2022-04-16,4,45.01072924565515,0.1750132935731072,0.9643262328845186,0.2245533069220811
microsoft-goodyear-az,2022-05-02,0,45.84876275889451,0.1878925749470224,0.9637643466148405,0.2542223067212389
microsoft-goodyear-az,2022-05-02,1,46.182231781639494,0.2081397282232937,0.9642646986703172,0.2532453935511489
microsoft-goodyear-az,2022-05-02,2,47.65857585749707,0.1514162445874972,0.9640210291471686,0.2501179682573616
microsoft-goodyear-az,2022-05-02,3,47.72779787620295,0.1774510279928825,0.96301152395094,0.235491231670869
microsoft-goodyear-az,2022-05-02,4,48.37385276996239,0.1702840507176063,0.964320342892244,0.2315501198852292
microsoft-goodyear-az,2022-05-18,0,51.72654110187881,0.1944814407379882,0.9637643466148405,0.2593807266497366
microsoft-goodyear-az,2022-05-18,1,52.13313933001345,0.2378116298047496,0.9642596148272694,0.2497362865343292
microsoft-goodyear-az,2022-05-18,2,53.629352690822344,0.1521146533813824,0.9640220449495932,0.2556424707960624
microsoft-goodyear-az,2022-05-18,3,53.55208149020299,0.1799431941171458,0.963002936923262,0.2381477535123304
microsoft-goodyear-az,2022-05-18,4,53.999033822143915,0.1680629489009862,0.9643146485107086,0.2361637460261897
microsoft-goodyear-az,2022-06-03,0,53.220252374778845,0.1887275758973502,0.9637643466148405,0.2639971253123078
microsoft-goodyear-az,2022-06-03,1,53.41291549256635,0.2377637988928684,0.9642506111263698,0.2601536522337674
microsoft-goodyear-az,2022-06-03,2,53.3221924693389,0.19638950536418,0.964026199311808,0.2606787011508082
microsoft-goodyear-az,2022-06-03,3,54.09763110595801,0.2062576327346401,0.9630114378665898,0.244544137221128
microsoft-goodyear-az,2022-06-03,4,55.379631983396784,0.1678532350515669,0.9643128375160052,0.2406406201646218
microsoft-goodyear-az,2022-06-19,0,50.35545299048192,0.1833123292365896,0.9637643466148405,0.2396415346570225
microsoft-goodyear-az,2022-06-19,1,50.888609307111864,0.2018490734920679,0.9642674814006674,0.2414370069546979
microsoft-goodyear-az,2022-06-19,2,48.69634305052201,0.2016357548252761,0.964302147276726,0.2273868037667314
microsoft-goodyear-az,2022-06-19,3,48.893731316542635,0.1887239828578003,0.9630046042266645,0.2398492903997933
microsoft-goodyear-az,2022-06-19,4,50.260932755760585,0.167195955563383,0.964275844642744,0.2468270719475049
microsoft-goodyear-az,2022-07-05,0,51.46370690101176,0.1136382140022729,0.9637826897738068,0.3093845831389875
microsoft-goodyear-az,2022-07-05,1,50.70349192258636,0.1283359438847767,0.9641285358181184,0.2983243121317351
microsoft-goodyear-az,2022-07-05,2,49.17397614872247,0.1991531852642566,0.9637529691619894,0.2750721632793891
microsoft-goodyear-az,2022-07-05,3,51.85991725430718,0.2007858426370349,0.9629477990120852,0.2470695157992744
microsoft-goodyear-az,2022-07-05,4,52.60315808584773,0.1731913976962606,0.9642719142642168,0.2345442895821294
microsoft-goodyear-az,2022-07-21,1,28.904476258607566,0.2115575757580208,0.9643147450110864,0.2760917656524389
microsoft-goodyear-az,2022-07-21,2,29.016620646101156,0.3195858857557684,0.9623824567169154,0.3002047473132262
microsoft-goodyear-az,2022-07-21,3,37.40327918187459,0.1744323444130036,0.962604861645866,0.2696217294448997
microsoft-goodyear-az,2022-07-21,4,39.51908837568125,0.1680466627580156,0.9657707441869798,0.2432812208039378
microsoft-goodyear-az,2022-08-06,0,65.68347229377464,0.0908818427894148,0.9637643466148405,0.2711112577740588
microsoft-goodyear-az,2022-08-06,1,65.08102913995417,0.1493704050036308,0.964249224540954,0.2644794320588548
microsoft-goodyear-az,2022-08-06,2,62.93487102136655,0.154458729782479,0.9640048501255994,0.26465780978303
microsoft-goodyear-az,2022-08-06,3,60.597974463309626,0.1784025743472363,0.9630111965173078,0.2414017107232209
microsoft-goodyear-az,2022-08-06,4,59.43967774352374,0.1847318082671066,0.964866173242719,0.2335949027319337
microsoft-goodyear-az,2022-08-22,0,50.64066190295099,0.0918034477155965,0.9637643466148405,0.2563890422015306
microsoft-goodyear-az,2022-08-22,1,50.28543985268725,0.1416123129425225,0.9642478283960196,0.251622519567439
microsoft-goodyear-az,2022-08-22,2,50.74189426417599,0.1431952331871397,0.964002675665829,0.2487347596775986
microsoft-goodyear-az,2022-08-22,3,51.00981126794554,0.1745898713906031,0.9630079138566294,0.2243295742641612
microsoft-goodyear-az,2022-08-22,4,51.477358457135345,0.1840180271686751,0.964314303753138,0.2146831681741651
microsoft-goodyear-az,2022-09-07,0,55.97183605273457,0.0876861954214766,0.9637643466148405,0.2682871918766812
microsoft-goodyear-az,2022-09-07,1,55.99753965452923,0.1345575507938899,0.9642491913102464,0.2627495757261249
microsoft-goodyear-az,2022-09-07,2,54.86089770112396,0.127084650538887,0.9640001772599548,0.2533423707595104
microsoft-goodyear-az,2022-09-07,3,54.45556390606368,0.1593361596589615,0.9630028441629276,0.2302484331411456
microsoft-goodyear-az,2022-09-07,4,54.05042900146563,0.1770429304253058,0.964306456689553,0.223620289539103
microsoft-goodyear-az,2022-09-23,2,22.496115683843,0.0854217934718201,0.9617462809917356,0.1850479247727272
microsoft-goodyear-az,2022-09-23,3,37.72648491750223,0.1752076150539263,0.9630857327103832,0.2516909402253438
microsoft-goodyear-az,2022-09-23,4,43.28394395563801,0.1778415512969287,0.9626879470039574,0.2263969583305109
microsoft-goodyear-az,2022-10-09,0,45.43495179886862,0.0909926011049609,0.9637643466148405,0.2450714948111445
microsoft-goodyear-az,2022-10-09,1,45.29395675710942,0.1432639468612827,0.9642579660379138,0.23442199800692
microsoft-goodyear-az,2022-10-09,2,43.93916115374658,0.1581504187735444,0.9640070347737736,0.2290791793551165
microsoft-goodyear-az,2022-10-09,3,44.05301804445342,0.1772754800754398,0.9630012690369558,0.2143317084889816
microsoft-goodyear-az,2022-10-09,4,44.132792466711585,0.1850025864805216,0.9643055182191708,0.2084557605673197
microsoft-goodyear-az,2022-10-25,0,31.620269830431138,0.0850418035428344,0.9637749081705448,0.2692819405467737
microsoft-goodyear-az,2022-10-25,1,31.266118540772062,0.1708061328565698,0.9643247423707318,0.260798536287855
microsoft-goodyear-az,2022-10-25,2,31.14699832686415,0.15886521091059,0.964003535249052,0.2462827655074676
microsoft-goodyear-az,2022-10-25,3,31.290810059346843,0.1932081151222349,0.9629861838669794,0.2204257377348919
microsoft-goodyear-az,2022-10-25,4,31.688047040224266,0.1915630857756275,0.9643258226390607,0.2115239168574933
microsoft-goodyear-az,2022-11-10,0,22.64782593826205,0.1007828849408053,0.9637643466148405,0.2311835013571504
microsoft-goodyear-az,2022-11-10,1,22.62424529169265,0.2033226826221417,0.9642820742334562,0.2190958222114011
microsoft-goodyear-az,2022-11-10,2,23.32225574913929,0.1785925447371651,0.9640079718693088,0.213271989870433
microsoft-goodyear-az,2022-11-10,3,23.630028078908225,0.2090208908404677,0.9630131616488506,0.1936785748350798
microsoft-goodyear-az,2022-11-10,4,23.82824990315405,0.2076781312397482,0.9642910190098009,0.1929410227739457
microsoft-goodyear-az,2022-11-26,0,22.998015109650105,0.1047489515727768,0.963846223461116,0.2525534254484974
microsoft-goodyear-az,2022-11-26,1,22.424342545421084,0.2283224131343245,0.9644827240817924,0.2392847177750817
microsoft-goodyear-az,2022-11-26,2,21.599352250004905,0.18697269727885,0.963995601319993,0.2217591405064127
microsoft-goodyear-az,2022-11-26,3,22.221276939478276,0.2007350143229172,0.9630122809722828,0.2071480594308118
microsoft-goodyear-az,2022-11-26,4,22.193721535692745,0.1973017074423811,0.9643415308365632,0.2020390342907415
microsoft-goodyear-az,2022-12-12,0,16.692481978035513,0.1497520019278533,0.9637643466148405,0.1790286423329791
microsoft-goodyear-az,2022-12-12,1,16.400531021671902,0.3015722509931948,0.964318068552371,0.1797204658617791
microsoft-goodyear-az,2022-12-12,2,16.54292422038958,0.2240064834336309,0.9640248926209024,0.1799531846570429
microsoft-goodyear-az,2022-12-12,3,16.893315737636605,0.2321294415569242,0.9630115227711358,0.1624675217856432
microsoft-goodyear-az,2022-12-12,4,16.73157756220939,0.2280185127100539,0.9643617663683086,0.1643621030366683
microsoft-goodyear-az,2023-01-13,0,15.413358735485406,0.1730133795301165,0.9637617350489358,0.233461936135885
microsoft-goodyear-az,2023-01-13,1,15.025872302993903,0.2534376410618408,0.9640853430855107,0.2391755427404472
microsoft-goodyear-az,2023-01-13,2,13.879680133774857,0.2576644470844039,0.9637146321279584,0.2484985018453059
microsoft-goodyear-az,2023-01-13,3,14.382042414171083,0.2325995317831043,0.9628623109392894,0.2247475923880487
microsoft-goodyear-az,2023-01-13,4,14.5895781622031,0.2317801673095371,0.9653251621036972,0.2113516233042284
microsoft-goodyear-az,2023-01-29,0,19.299192438578785,0.164549575229614,0.9638469650018296,0.2311807948706852
microsoft-goodyear-az,2023-01-29,1,19.42394119329965,0.2798646530597676,0.9644892515164124,0.227763411845247
microsoft-goodyear-az,2023-01-29,2,19.53453463266452,0.2137464913659866,0.9639996420227064,0.2178690560371045
microsoft-goodyear-az,2023-01-29,3,19.506864449430537,0.2226036103596523,0.9630271891118208,0.1968963108634377
microsoft-goodyear-az,2023-01-29,4,19.494674959399035,0.2241621155139124,0.9643445936072588,0.1938559015217275
microsoft-goodyear-az,2023-03-02,2,17.76481971859326,0.1491839838842935,0.9658004879611836,0.1726506729297581
microsoft-goodyear-az,2023-03-02,3,17.11265172155478,0.2870626482211741,0.9613223125971208,0.2013825486582458
microsoft-goodyear-az,2023-03-02,4,16.19587584473212,0.2101708409822081,0.963920906884718,0.1622400572395477
microsoft-goodyear-az,2023-03-18,0,29.349045066895187,0.1487209797378703,0.9637643466148405,0.2549805191329509
microsoft-goodyear-az,2023-03-18,1,28.74285845874334,0.2898469732730727,0.964315922212832,0.2415073877382596
microsoft-goodyear-az,2023-03-18,2,28.421239359089732,0.2089062412693615,0.9640120334891226,0.2499369545706206
microsoft-goodyear-az,2023-03-18,3,29.128357547379537,0.2025513687134167,0.9630048321681076,0.2202520102660764
microsoft-goodyear-az,2023-03-18,4,28.75522643248013,0.2066976822549522,0.9643149644389076,0.2153015172142184
microsoft-goodyear-az,2023-04-03,0,35.8347207540107,0.1285236340304033,0.9637643466148405,0.2503817884295382
microsoft-goodyear-az,2023-04-03,1,36.002485972773414,0.2482585741993768,0.9644459808191777,0.2215446211597133
microsoft-goodyear-az,2023-04-03,2,35.05384727820736,0.1926605004125745,0.9639970146637276,0.2443467819169284
microsoft-goodyear-az,2023-04-03,3,36.02834753213193,0.1895069197849199,0.9630004009721934,0.2189052437559649
microsoft-goodyear-az,2023-04-03,4,36.255956697239434,0.1906620619748568,0.9643306010933534,0.212665946585429
microsoft-goodyear-az,2023-04-19,0,39.3420820701075,0.1115597555996771,0.9637643466148405,0.2500286689685178
microsoft-goodyear-az,2023-04-19,1,39.88422722716327,0.2081406219620845,0.9642712851786496,0.2364089439659408
microsoft-goodyear-az,2023-04-19,2,38.37729871161264,0.1828058668312233,0.9640091497451764,0.2474986114561574
microsoft-goodyear-az,2023-04-19,3,39.763738765287066,0.1735887305716529,0.9629945121321108,0.2250985466256313
microsoft-goodyear-az,2023-04-19,4,39.828316915121334,0.1765416905685673,0.9643089725058916,0.2233885315688165
microsoft-goodyear-az,2023-05-05,0,43.50654001321448,0.1085873876058874,0.9637643466148405,0.2608167285997521
microsoft-goodyear-az,2023-05-05,1,42.70191227059893,0.2081730520525821,0.9642668654945388,0.2406074791170799
microsoft-goodyear-az,2023-05-05,2,41.29291069619728,0.1650987799232003,0.9640082342194704,0.2473681348358982
microsoft-goodyear-az,2023-05-05,3,43.11443910319858,0.1681102295978028,0.9629850114845884,0.2310127655875635
microsoft-goodyear-az,2023-05-05,4,43.276894267146055,0.1714716311547197,0.9643009156403364,0.2295070934007673
microsoft-goodyear-az,2023-05-21,0,56.16931017872083,0.1182546350158092,0.9637643466148405,0.2520451665857339
microsoft-goodyear-az,2023-05-21,1,55.981532609460686,0.1814279970498195,0.9642703060108136,0.2381432527957381
microsoft-goodyear-az,2023-05-21,2,53.028996773931986,0.1804821424778983,0.9640065018334668,0.2484828372271633
microsoft-goodyear-az,2023-05-21,3,54.682647386071565,0.1723132230462565,0.9629888904202354,0.2284235743005088
microsoft-goodyear-az,2023-05-21,4,55.16527272894298,0.1778333385496213,0.9643067438715026,0.227088651138129
microsoft-goodyear-az,2023-06-06,0,54.37142674202729,0.1165783824652897,0.9637643466148405,0.2607357594381347
microsoft-goodyear-az,2023-06-06,1,54.04818078592996,0.1733311986086357,0.9642660292642669,0.2463343285407431
microsoft-goodyear-az,2023-06-06,2,50.83208423119849,0.2141435628676947,0.9640068162963704,0.2620169681792217
microsoft-goodyear-az,2023-06-06,3,52.26612933357307,0.1992680091459935,0.9629825461931704,0.2387956353388596
microsoft-goodyear-az,2023-06-06,4,53.62085966254786,0.1737116310337603,0.9643018518626074,0.2346158632699697
microsoft-goodyear-az,2023-06-22,0,55.24905915271461,0.1213463427187769,0.9637643466148405,0.2568868898572691
microsoft-goodyear-az,2023-06-22,1,53.62413538344039,0.1923875087828652,0.9642632670185992,0.2437573014013875
microsoft-goodyear-az,2023-06-22,2,51.4175616458544,0.2004013576115441,0.9640042740781134,0.260040118358314
microsoft-goodyear-az,2023-06-22,3,53.76438577228584,0.1866998824412722,0.9629975800301868,0.2391356372669004
microsoft-goodyear-az,2023-06-22,4,54.15585647915122,0.1757119304719206,0.96430446633666,0.2356639884316975
microsoft-goodyear-az,2023-07-08,0,60.26192279745375,0.10949632010172,0.9637643466148405,0.2542712598792213
microsoft-goodyear-az,2023-07-08,1,57.6059418571908,0.2220632950805857,0.9642604392219468,0.2433849329503253
microsoft-goodyear-az,2023-07-08,2,57.07717685602487,0.1872576973337676,0.9640054544330204,0.2558991479534374
microsoft-goodyear-az,2023-07-08,3,59.91776678061193,0.1585818944941698,0.9629798018610352,0.2386725612202871
microsoft-goodyear-az,2023-07-08,4,59.42400789431258,0.1760848459774202,0.9643036429811818,0.2366555860615907
microsoft-goodyear-az,2023-07-24,0,62.230382068858134,0.1087607203193228,0.9638700706533604,0.2214034426637956
microsoft-goodyear-az,2023-07-24,1,60.50584693417015,0.2216981518564978,0.964702948324852,0.2237200265749931
microsoft-goodyear-az,2023-07-24,2,59.13551492999466,0.1980914652207206,0.9640542677362712,0.2265656137642349
microsoft-goodyear-az,2023-07-24,3,60.801356066640366,0.1594479946543625,0.962927860574728,0.246024985089248
microsoft-goodyear-az,2023-07-24,4,61.534033025918546,0.179343162049188,0.9643321793488612,0.2436675931307394
microsoft-goodyear-az,2023-08-09,0,58.02472457779703,0.10830973076904,0.9637643466148405,0.2445456480222503
microsoft-goodyear-az,2023-08-09,1,58.47078531626803,0.1721496761477496,0.9642676812401282,0.2416295804221588
microsoft-goodyear-az,2023-08-09,2,57.518699718952995,0.149028656767794,0.9640091724163156,0.2503529621649432
microsoft-goodyear-az,2023-08-09,3,58.70018907677566,0.159833656964029,0.962986094146312,0.2269271944883973
microsoft-goodyear-az,2023-08-09,4,58.77611399542707,0.1771455843949061,0.964306386449258,0.2247232521927484
microsoft-goodyear-az,2023-08-25,0,62.115588642933055,0.108253698274114,0.9637643466148405,0.2434748529853218
microsoft-goodyear-az,2023-08-25,1,61.940093348735616,0.1626421005875971,0.9642641332930728,0.2356767595999266
microsoft-goodyear-az,2023-08-25,2,61.23885234355463,0.1342203776405979,0.9640130483517858,0.2480252065428375
microsoft-goodyear-az,2023-08-25,3,61.802795686342655,0.1580295487657022,0.9629885551739596,0.2215372300945261
microsoft-goodyear-az,2023-08-25,4,61.55477598267208,0.1817575821576545,0.9643069197310642,0.2185217753320718
microsoft-goodyear-az,2023-09-10,2,37.546334767734045,0.1220755161326897,0.9626576795395314,0.2884283414587799
microsoft-goodyear-az,2023-09-10,3,40.340822139099664,0.1549379450128977,0.9634236114075736,0.2651366312740588
microsoft-goodyear-az,2023-09-10,4,39.70612925964231,0.1473615767610604,0.9636007470855272,0.2409501024678219
microsoft-goodyear-az,2023-09-26,0,50.25262672436367,0.0984300130381189,0.9637643466148405,0.2668147150419933
microsoft-goodyear-az,2023-09-26,1,50.311209355043616,0.1619755007833294,0.9642678833556648,0.2533547599712267
microsoft-goodyear-az,2023-09-26,2,49.27974372330042,0.129660513777352,0.9639978799358482,0.24977598753817
microsoft-goodyear-az,2023-09-26,3,49.965595882963136,0.155952238140623,0.9629804740254704,0.2226578123281885
microsoft-goodyear-az,2023-09-26,4,49.92472285985656,0.1741576843675058,0.9642960600014672,0.2176960112760173
microsoft-goodyear-az,2023-10-12,0,41.592907839457496,0.0983678736093722,0.9637643466148405,0.2697668645901792
microsoft-goodyear-az,2023-10-12,1,41.23724994807946,0.1645480800891906,0.9642676662180276,0.2481274621841944
microsoft-goodyear-az,2023-10-12,2,39.908117330736545,0.1525272352141106,0.9639961978817416,0.2470229005624037
microsoft-goodyear-az,2023-10-12,3,41.0812572514671,0.1635376871904459,0.9629783556844064,0.2229723571420825
microsoft-goodyear-az,2023-10-12,4,41.45116735411519,0.1735885449569737,0.9642972327198512,0.2166627376345409
microsoft-goodyear-az,2023-10-28,0,37.85369815913039,0.1029552700259169,0.9637643466148405,0.259235405623986
microsoft-goodyear-az,2023-10-28,1,37.8014830810268,0.182793364163696,0.9642756261692476,0.2415992412592568
microsoft-goodyear-az,2023-10-28,2,36.21801413734517,0.1822451680267579,0.9640136677243598,0.234882964093429
microsoft-goodyear-az,2023-10-28,3,37.50850545263385,0.177097554949224,0.9629740835823516,0.2127612237111164
microsoft-goodyear-az,2023-10-28,4,37.66184621277283,0.1877313570093574,0.9643121134145672,0.2077613033923267
microsoft-goodyear-az,2023-11-13,0,33.31263292690021,0.1034251680919121,0.9637643466148405,0.2582086330444328
microsoft-goodyear-az,2023-11-13,1,32.81730613454205,0.1973489920397572,0.964274443486817,0.2390663406470204
microsoft-goodyear-az,2023-11-13,2,31.68765043471062,0.1784740598078883,0.9640193731777816,0.2343377749974366
microsoft-goodyear-az,2023-11-13,3,32.61773480328697,0.1770747801491802,0.9629850828270828,0.2113838798997332
microsoft-goodyear-az,2023-11-13,4,32.753732609656325,0.1896769149099318,0.964325761758154,0.2037113158819907
microsoft-goodyear-az,2023-11-29,2,-11.647174598277322,0.107056585155661,0.9614684483811852,0.3595061944708308
microsoft-goodyear-az,2023-11-29,3,-7.014276746546806,0.0916894957585563,0.9619807000946076,0.3635111020577105
microsoft-goodyear-az,2023-11-29,4,11.700396943034075,0.3556825326328562,0.9734615188490258,0.2777797043024949
microsoft-goodyear-az,2023-12-15,0,22.872208345012577,0.0949890460866029,0.9638225749640894,0.2470301569158645
microsoft-goodyear-az,2023-12-15,1,22.74952392122896,0.1989980381777516,0.9643447476650384,0.226873211399849
microsoft-goodyear-az,2023-12-15,2,22.168508662636693,0.1815213691922509,0.9639866069588668,0.2267365547271874
microsoft-goodyear-az,2023-12-15,3,22.683529832849302,0.1864163507771853,0.9629725816192736,0.199227638032813
microsoft-goodyear-az,2023-12-15,4,22.879872794391744,0.187835465260008,0.9643209910037306,0.1944525590337639
microsoft-goodyear-az,2023-12-31,0,19.479383339265176,0.0964905570687622,0.9637643466148405,0.2346376731847419
microsoft-goodyear-az,2023-12-31,1,19.490706522308376,0.1972146115697995,0.964266874143627,0.2153025789944183
microsoft-goodyear-az,2023-12-31,2,19.51018563392943,0.1843238292745461,0.964005195864984,0.2235130404827285
microsoft-goodyear-az,2023-12-31,3,20.0135115687424,0.1879732799455228,0.962969152649399,0.1981519922719758
microsoft-goodyear-az,2023-12-31,4,20.10337962124955,0.1876974074453521,0.9642680029244818,0.1903135038946669
microsoft-goodyear-az,2024-01-16,0,19.95604209004751,0.0941636377452696,0.9637643466148405,0.2418415111694547
microsoft-goodyear-az,2024-01-16,1,19.87987744325716,0.1901916217913912,0.9642733373845004,0.2226839511589267
microsoft-goodyear-az,2024-01-16,2,19.526917720778076,0.1820409307891992,0.964008094459541,0.2213139627067783
microsoft-goodyear-az,2024-01-16,3,20.23790094666976,0.1752287699299849,0.9629685119591704,0.1975045834320124
microsoft-goodyear-az,2024-01-16,4,20.148733548126103,0.1760956202658542,0.9643254397277646,0.1928321118505329
microsoft-goodyear-az,2024-02-17,0,26.089870738875092,0.1377181345981148,0.9637643466148405,0.2401595902039112
microsoft-goodyear-az,2024-02-17,1,25.98918092239763,0.2499123819658545,0.964258989361622,0.2181249755710143
microsoft-goodyear-az,2024-02-17,2,26.260079872853833,0.1912465725880103,0.9639910957519312,0.2268328333280699
microsoft-goodyear-az,2024-02-17,3,26.7555979631122,0.1894729951077372,0.962972536223409,0.2022145272833141
microsoft-goodyear-az,2024-02-17,4,26.75118774160784,0.1877715845004495,0.9643213476574806,0.1946822653484895
microsoft-goodyear-az,2024-03-04,0,29.88116902193421,0.1362966496459885,0.9637643466148405,0.2443666164664349
microsoft-goodyear-az,2024-03-04,1,29.911090427382568,0.2296783381197879,0.9642630058742776,0.2223460874882679
microsoft-goodyear-az,2024-03-04,2,29.55846267266106,0.1791999238724641,0.9640068819517592,0.2363350609577439
microsoft-goodyear-az,2024-03-04,3,30.512037924913574,0.1779353709486144,0.9629839244196212,0.2084882123874314
microsoft-goodyear-az,2024-03-04,4,30.588120311297047,0.1811656479197792,0.9643019943159832,0.2020808889709908
microsoft-goodyear-az,2024-03-20,0,35.2141263755568,0.1391395745818711,0.9637643466148405,0.2355709951612238
microsoft-goodyear-az,2024-03-20,1,35.820231310734,0.2167072276162792,0.9642512807478888,0.2180056163744842
microsoft-goodyear-az,2024-03-20,2,35.19125425886911,0.1701425765976719,0.9639943173034066,0.2403509783363377
microsoft-goodyear-az,2024-03-20,3,36.54926353091985,0.166099283134948,0.9629630520796548,0.2092684491178277
microsoft-goodyear-az,2024-03-20,4,36.41615230638939,0.1749737040128406,0.9642869143539464,0.2045306074204022
microsoft-goodyear-az,2024-04-21,0,47.67456094098506,0.141447540383892,0.9637643466148405,0.2596957236608871
microsoft-goodyear-az,2024-04-21,1,48.22534709718107,0.1730701086060036,0.96425339385672,0.2356219857366631
microsoft-goodyear-az,2024-04-21,2,45.95826459607402,0.1838718264953704,0.9639998931432902,0.2538274817605702
microsoft-goodyear-az,2024-04-21,3,47.866302421530634,0.1649696043065458,0.962981399614849,0.2251457768277545
microsoft-goodyear-az,2024-04-21,4,48.35174703819671,0.1672877044162243,0.9642981185865138,0.2199838078538592
microsoft-goodyear-az,2024-05-07,0,46.16635674921044,0.1279254184217715,0.9637643466148405,0.2724602319906997
microsoft-goodyear-az,2024-05-07,1,46.318195982525395,0.1626455392881951,0.9642468396686646,0.2489672949230912
microsoft-goodyear-az,2024-05-07,2,44.212578599590664,0.1668315817123273,0.9639950791297004,0.2572549181714644
microsoft-goodyear-az,2024-05-07,3,46.425325237284504,0.1612228341491727,0.9629711189834548,0.2341805144503947
microsoft-goodyear-az,2024-05-07,4,47.11126201632847,0.1619779479753661,0.964293038044458,0.2290217892732584
microsoft-goodyear-az,2024-05-23,0,50.438893589728664,0.1234856209717486,0.9637643466148405,0.2726492002325439
microsoft-goodyear-az,2024-05-23,1,50.22433798078596,0.1762502105424522,0.9642563377332414,0.2442252774057744
microsoft-goodyear-az,2024-05-23,2,48.52850873806544,0.1718720676836553,0.9640047316994008,0.2539557166774594
microsoft-goodyear-az,2024-05-23,3,50.531359500428714,0.1677552459848796,0.9629780673601565,0.2346269521105317
microsoft-goodyear-az,2024-05-23,4,50.94837206408893,0.1664853295539982,0.9643017989190976,0.23014968232626
microsoft-goodyear-az,2024-06-08,0,57.458657762135445,0.1092197363440249,0.9637643466148405,0.280539783740332
microsoft-goodyear-az,2024-06-08,1,56.34368443386458,0.1995652311153632,0.9642532659412564,0.2553866474356517
microsoft-goodyear-az,2024-06-08,2,54.09229418682169,0.214032917559977,0.9640024523175084,0.2623487995073458
microsoft-goodyear-az,2024-06-08,3,56.608302322720014,0.1837281316818589,0.9629763119484008,0.2404907216054138
microsoft-goodyear-az,2024-06-08,4,57.21467670321831,0.1729303613336078,0.9643053599681328,0.2331708702585614
microsoft-goodyear-az,2024-06-24,0,60.14336625495966,0.1057632181487535,0.9637643466148405,0.2769561869047681
microsoft-goodyear-az,2024-06-24,1,59.38818394536271,0.183422770711038,0.9642610378298988,0.2544955145864939
microsoft-goodyear-az,2024-06-24,2,56.97423996920627,0.2028721017649357,0.9640103065311404,0.2619769616010182
microsoft-goodyear-az,2024-06-24,3,59.232986426956,0.1800013066896224,0.9629829713680372,0.2365723611050856
microsoft-goodyear-az,2024-06-24,4,59.80508610467832,0.1731738131051863,0.9643057579815912,0.2303338768379164
microsoft-goodyear-az,2024-07-10,0,58.21872169902007,0.1062055459550116,0.9637643466148405,0.2728166654999684
microsoft-goodyear-az,2024-07-10,1,58.31955606957524,0.1612719783977916,0.9642672018985512,0.2525154316047017
microsoft-goodyear-az,2024-07-10,2,56.19216840011533,0.1737887547216129,0.96400914537023,0.2554143170275828
microsoft-goodyear-az,2024-07-10,3,58.08894171692645,0.1680558269890907,0.9629858692836673,0.2339239330337554
microsoft-goodyear-az,2024-07-10,4,58.62775173332726,0.1669151877408216,0.964307134486078,0.2272038526540842
microsoft-goodyear-az,2024-07-26,0,59.15864231539063,0.0934070245846098,0.9637643466148405,0.2595868094744377
microsoft-goodyear-az,2024-07-26,1,59.26910952308815,0.1495496423963913,0.9642663711308612,0.2435740181275216
microsoft-goodyear-az,2024-07-26,2,57.223757237894475,0.1339293000119209,0.9640076713016602,0.245516690802473
microsoft-goodyear-az,2024-07-26,3,58.58096820187651,0.1537071661676845,0.962983345692197,0.2279994430235939
microsoft-goodyear-az,2024-07-26,4,58.74182017772396,0.1695910136088897,0.964308304866095,0.2231320490848265
microsoft-goodyear-az,2024-08-27,0,54.83296981868539,0.0867850642901605,0.9637643466148405,0.285819438654571
microsoft-goodyear-az,2024-08-27,1,55.334702842820626,0.1371896205582648,0.9642480573692516,0.2652446528992804
microsoft-goodyear-az,2024-08-27,2,54.13050998890642,0.1302206583585839,0.963987095489358,0.2670346079474341
microsoft-goodyear-az,2024-08-27,3,53.60534177267996,0.1451217704712344,0.9629066521560912,0.2301399325966966
microsoft-goodyear-az,2024-08-27,4,51.461960932837194,0.1692388253655903,0.963842148143902,0.228336906808942
microsoft-goodyear-az,2024-09-12,0,52.88065585413272,0.0816188737754285,0.9637643466148405,0.2667145707284605
microsoft-goodyear-az,2024-09-12,1,53.04019307920757,0.1329408556166662,0.964258751739302,0.2496628884868149
microsoft-goodyear-az,2024-09-12,2,51.166758724017754,0.122326162464924,0.9639971308010004,0.2496684670717295
microsoft-goodyear-az,2024-09-12,3,51.96604626787049,0.1420722097467177,0.9629695611063854,0.2251424505012262
microsoft-goodyear-az,2024-09-12,4,51.977108763529046,0.1628207580286036,0.9642965147515898,0.2205236373448771
microsoft-goodyear-az,2024-09-28,0,52.92144427695933,0.0833856167858076,0.9637643466148405,0.2625389952839141
microsoft-goodyear-az,2024-09-28,1,52.90836217700037,0.1307620494125171,0.964260507959438,0.2463834335320185
microsoft-goodyear-az,2024-09-28,2,50.24817517996868,0.1370149912481676,0.9639902092790305,0.242718382033947
microsoft-goodyear-az,2024-09-28,3,51.62775838739681,0.148926094029909,0.962969151264328,0.2185755407964515
microsoft-goodyear-az,2024-09-28,4,52.057138661007365,0.164740994862811,0.9642965672042214,0.2157073309305551
microsoft-goodyear-az,2024-10-14,0,44.044233881871406,0.084535927173508,0.9637643466148405,0.244204542053758
microsoft-goodyear-az,2024-10-14,1,44.242925723277246,0.1400632162929023,0.9642655767803848,0.2399296354835596
microsoft-goodyear-az,2024-10-14,2,42.554317669371464,0.155223887259484,0.9639940000553668,0.2386862206190155
microsoft-goodyear-az,2024-10-14,3,43.66123948091057,0.1652365181074862,0.9629711814949556,0.2137791318490827
microsoft-goodyear-az,2024-10-14,4,44.15863097648912,0.1657884868820671,0.9642953450588042,0.2095580584725739
microsoft-goodyear-az,2024-10-30,0,31.12129734581565,0.0863780337166062,0.9637338416037186,0.2372444182118103
microsoft-goodyear-az,2024-10-30,1,31.729099493625817,0.1705371006319324,0.964457436428535,0.2323020883038803
microsoft-goodyear-az,2024-10-30,2,30.570437471344864,0.1620765223786306,0.9639844710656228,0.2360497365689819
microsoft-goodyear-az,2024-10-30,3,31.74397800840439,0.1666665406721733,0.9629965792398624,0.2071177709675394
microsoft-goodyear-az,2024-10-30,4,31.74305514523401,0.1738618683482519,0.9643180599086248,0.2046486207837655
microsoft-goodyear-az,2024-11-15,0,25.899833800120376,0.0884524366601043,0.9637319498589412,0.2354701165253989
microsoft-goodyear-az,2024-11-15,1,26.530673286928547,0.1882956050551229,0.9641362092432983,0.2291266618700669
microsoft-goodyear-az,2024-11-15,2,25.29607554437595,0.171927767599361,0.9640079652901908,0.2129581689911668
microsoft-goodyear-az,2024-11-15,3,26.27443905930987,0.1714293406372839,0.9629577990514218,0.1996273829765796
microsoft-goodyear-az,2024-11-15,4,26.301373205051412,0.1758151092419454,0.964358322144114,0.1973738470713286
microsoft-goodyear-az,2024-12-01,0,26.673640125183883,0.0848096457371281,0.9637643466148405,0.2495486965626938
microsoft-goodyear-az,2024-12-01,1,26.75873571275032,0.1473958616364449,0.9642654403572536,0.2298859118959271
microsoft-goodyear-az,2024-12-01,2,24.863671282081462,0.1763889776259518,0.964003201457481,0.2198013950432703
microsoft-goodyear-az,2024-12-01,3,25.96820856785764,0.1772375143839973,0.962986330378463,0.1988062660551243
microsoft-goodyear-az,2024-12-01,4,26.279032961405157,0.1750880627472315,0.964319104900333,0.1955529573172157
microsoft-goodyear-az,2024-12-17,4,11.584701230000007,0.1122591477165333,0.9679,0.18484864875
microsoft-goodyear-az,2025-01-02,0,22.38363646936636,0.0845714143504631,0.9637583764186124,0.2397993465901213
microsoft-goodyear-az,2025-01-02,1,22.448683080581382,0.1549201697245718,0.9644355383261228,0.2223142133846082
microsoft-goodyear-az,2025-01-02,2,21.11540991671965,0.2212012697581876,0.9639478633904852,0.210274071166547
microsoft-goodyear-az,2025-01-02,3,21.99669684615063,0.18447992693667,0.9629833595451808,0.1924943632802838
microsoft-goodyear-az,2025-01-02,4,22.256975071359083,0.1663981968125965,0.964311687877186,0.1923806689284117
microsoft-goodyear-az,2025-01-18,0,20.295233481369717,0.0845763770793891,0.9637643466148405,0.2453491185680671
microsoft-goodyear-az,2025-01-18,1,20.390944183769037,0.147861436044827,0.9642818068888512,0.2294758713606683
microsoft-goodyear-az,2025-01-18,2,19.157306707823125,0.2034109920222656,0.9640265242882282,0.2171250050646953
microsoft-goodyear-az,2025-01-18,3,19.943359954405572,0.1709367082927317,0.9629821564240968,0.1985090768223351
microsoft-goodyear-az,2025-01-18,4,19.95371501873649,0.1587170081095432,0.9642927091689824,0.1966072736357215
microsoft-goodyear-az,2025-02-03,4,14.90701667000002,0.108360502142959,0.9586,0.24225690625
microsoft-goodyear-az,2025-02-19,0,29.69916492986764,0.0838481207296115,0.9637643466148405,0.2456823189218019
microsoft-goodyear-az,2025-02-19,1,30.03727615225882,0.1345677995389631,0.9642493761276064,0.2342787149693869
microsoft-goodyear-az,2025-02-19,2,28.561133693857016,0.184748224449938,0.9640000309055567,0.2230730749126329
microsoft-goodyear-az,2025-02-19,3,29.41249047465223,0.1643466941411393,0.9629603264906106,0.2029343249653715
microsoft-goodyear-az,2025-02-19,4,29.84782069975309,0.1538242922722005,0.9643013507113064,0.2036586289090781
microsoft-goodyear-az,2025-03-23,0,38.92160640751601,0.0779774037554174,0.9637643466148405,0.2574199017671011
microsoft-goodyear-az,2025-03-23,1,38.622687966181,0.1369538180318557,0.9642474296275286,0.2527397732904925
microsoft-goodyear-az,2025-03-23,2,37.38730514315123,0.1760225245808894,0.963994295401917,0.2457192649870966
microsoft-goodyear-az,2025-03-23,3,39.04383897867847,0.1500946198257042,0.962961065074266,0.2204633110994453
microsoft-goodyear-az,2025-03-23,4,39.36227476415159,0.1526231865845554,0.9642861041870068,0.2176647994792998
microsoft-goodyear-az,2025-04-08,0,42.3978983591806,0.0782752536610632,0.9637643466148405,0.260775069351998
microsoft-goodyear-az,2025-04-08,1,42.74223716738042,0.1379084611472459,0.964251307605584,0.253469622719736
microsoft-goodyear-az,2025-04-08,2,40.438940378164546,0.1739442063630308,0.9640027277475616,0.245854551107246
microsoft-goodyear-az,2025-04-08,3,42.482671978054285,0.1415215493522568,0.9629640694876436,0.2219343294145661
microsoft-goodyear-az,2025-04-08,4,42.757373645676864,0.1565438982910427,0.9642935581617866,0.2213317391514543
microsoft-goodyear-az,2025-04-24,0,46.27296178993759,0.0735180840250718,0.9637643466148405,0.2688312967362607
microsoft-goodyear-az,2025-04-24,1,46.7158610901724,0.1273898760628647,0.9642488699283348,0.2609900153871264
microsoft-goodyear-az,2025-04-24,2,44.658626188338744,0.1678177434978732,0.9639972822287342,0.24950776777378
microsoft-goodyear-az,2025-04-24,3,46.33690401472075,0.148333931311473,0.96296504175389,0.2273913618660046
microsoft-goodyear-az,2025-04-24,4,46.54534848759314,0.1542868469984882,0.964286244710235,0.2273702404151739
microsoft-goodyear-az,2025-05-10,0,47.77331834757572,0.0705730457680198,0.9637643466148405,0.2798242269993717
microsoft-goodyear-az,2025-05-10,1,48.48329980944122,0.1243855823525662,0.9642518288269568,0.2663095711939003
microsoft-goodyear-az,2025-05-10,2,46.5926571899928,0.157774040462064,0.9639977743688686,0.2556198750333298
microsoft-goodyear-az,2025-05-10,3,48.429976255956056,0.1505551310642964,0.9629670837226656,0.2336653435024028
microsoft-goodyear-az,2025-05-10,4,49.29257418585091,0.1530220916861049,0.9642892097342276,0.2321953930205727
microsoft-goodyear-az,2025-05-26,0,52.83491017504525,0.0699342798785314,0.9637643466148405,0.2893073182501054
microsoft-goodyear-az,2025-05-26,1,53.18073337181676,0.126377631738166,0.9642483819376696,0.2734795447914239
microsoft-goodyear-az,2025-05-26,2,50.97442137487841,0.1709986574857606,0.964002305783106,0.2582417069359679
microsoft-goodyear-az,2025-05-26,3,52.289333237827606,0.1652764423902343,0.9629690183239394,0.2376461085656324
microsoft-goodyear-az,2025-05-26,4,52.9465773614184,0.1537146901544594,0.9642978388926976,0.2386841984043401
microsoft-goodyear-az,2025-06-11,0,54.279445285973345,0.0798636639116768,0.9637643466148405,0.2837280001238739
microsoft-goodyear-az,2025-06-11,1,53.71715952978,0.1574435486014913,0.9642564301419214,0.2697530237733657
microsoft-goodyear-az,2025-06-11,2,51.37606996980445,0.207397219501295,0.9640061212536944,0.2652391900120408
microsoft-goodyear-az,2025-06-11,3,53.35694717060402,0.1796700170598082,0.9629774326449764,0.2398770666964722
microsoft-goodyear-az,2025-06-11,4,54.31053781296927,0.1641274937584156,0.9643058900190632,0.2372567689089642
microsoft-goodyear-az,2025-06-27,0,53.02910145898545,0.072839833320633,0.9637643466148405,0.2905304168805735
microsoft-goodyear-az,2025-06-27,1,52.0029089295229,0.17176159188369,0.9642391997924225,0.2713661106354763
microsoft-goodyear-az,2025-06-27,2,51.182760522734334,0.182902381033702,0.9639859724129776,0.2637495366401174
microsoft-goodyear-az,2025-06-27,3,53.22634343213036,0.1524895774214095,0.96295613994798,0.2384974252460337
microsoft-goodyear-az,2025-06-27,4,53.91042244905138,0.1587337330083235,0.9642751940466344,0.2394587283853834
microsoft-goodyear-az,2025-07-13,0,53.1164309916712,0.0917548311396424,0.9637643466148405,0.2754434187228409
microsoft-goodyear-az,2025-07-13,1,53.06628950416176,0.1551579173159497,0.9642705327079696,0.2617311286492323
microsoft-goodyear-az,2025-07-13,2,51.22398363517094,0.1879721919155224,0.9640107657076724,0.2558120134951006
microsoft-goodyear-az,2025-07-13,3,52.94445340403408,0.1648913246148852,0.962985342198064,0.2340414923770276
microsoft-goodyear-az,2025-07-13,4,53.43589743528778,0.1650258586704167,0.9643049696659328,0.2319534066052771
microsoft-goodyear-az,2025-07-29,0,57.095151656432066,0.0745006927101156,0.9637643466148405,0.2835202754496898
microsoft-goodyear-az,2025-07-29,1,57.76338789229996,0.1300497468671535,0.9642426972105936,0.2643210862260045
microsoft-goodyear-az,2025-07-29,2,56.589142126062185,0.144349317948408,0.96398789401271,0.2598177713727557
microsoft-goodyear-az,2025-07-29,3,56.845292814734066,0.1515495177768306,0.9629599482804382,0.2345612102671991
microsoft-goodyear-az,2025-07-29,4,57.04402505399576,0.162211376667286,0.9642908043852556,0.2346744112235356
microsoft-goodyear-az,2025-08-14,0,55.93907993567628,0.0791464472150709,0.9637643466148405,0.2773941945764047
microsoft-goodyear-az,2025-08-14,1,56.85009295244907,0.1229726036958533,0.964266172201831,0.2661968485717624
microsoft-goodyear-az,2025-08-14,2,55.06672843965184,0.1304024324891901,0.9640101502100756,0.2514280589260129
microsoft-goodyear-az,2025-08-14,3,56.591065614767906,0.1435568939911939,0.9629817710837832,0.2312454506142805
microsoft-goodyear-az,2025-08-14,4,56.305907326000664,0.162116751200341,0.96430000733642,0.2307712610320589
microsoft-goodyear-az,2025-08-30,0,55.1314637615708,0.0724084017366997,0.9637643466148405,0.2787108301348785
microsoft-goodyear-az,2025-08-30,1,55.40166698344771,0.1232935560521886,0.9642571147855412,0.2584656761853612
microsoft-goodyear-az,2025-08-30,2,54.54847343989125,0.1278700624014833,0.9640003307739924,0.2533083313003688
microsoft-goodyear-az,2025-08-30,3,55.293308698707584,0.1441768567106953,0.962965889617836,0.2250276755929149
microsoft-goodyear-az,2025-08-30,4,55.02990149131991,0.1649670794432644,0.9642875845862396,0.2237898733429735
microsoft-goodyear-az,2025-09-15,0,50.14376982243638,0.0742091836526587,0.9637643466148405,0.2759965974322421
microsoft-goodyear-az,2025-09-15,1,50.673114548259754,0.1193530104039243,0.964264121457478,0.2592290542532611
microsoft-goodyear-az,2025-09-15,2,49.51441066250336,0.1253436065384098,0.9640022908375828,0.2527210952784865
microsoft-goodyear-az,2025-09-15,3,50.29065808414546,0.1410514483812301,0.9629711484046888,0.2243597754651916
microsoft-goodyear-az,2025-09-15,4,50.08724506196109,0.1645772831597648,0.9642908736884176,0.2228804202902252
microsoft-goodyear-az,2025-10-01,0,45.098635926427335,0.0786042814652687,0.9637643466148405,0.268045419237171
microsoft-goodyear-az,2025-10-01,1,45.2150759262984,0.1338809419837068,0.9642651811984,0.2578163011057481
microsoft-goodyear-az,2025-10-01,2,43.700879394295384,0.1417741149172447,0.9640058972605164,0.2480869652838008
microsoft-goodyear-az,2025-10-01,3,44.72285937298132,0.1524440401246238,0.962976290513522,0.2176880439262632
microsoft-goodyear-az,2025-10-01,4,44.98999859245411,0.1710435791550842,0.9642931230468168,0.2161239663843212
microsoft-goodyear-az,2025-11-02,0,35.01065775768272,0.088021331777161,0.9637643466148405,0.2607857913988325
microsoft-goodyear-az,2025-11-02,1,34.97019659638641,0.1496488859673445,0.9641318154558192,0.2444902645265624
microsoft-goodyear-az,2025-11-02,2,33.61243702185815,0.2117987845345172,0.9640187590919516,0.2225515482932852
microsoft-goodyear-az,2025-11-02,3,34.54753927064121,0.176172166742027,0.9629715998973496,0.2008238000102757
microsoft-goodyear-az,2025-11-02,4,34.40911804012929,0.1854490265655006,0.964311723528556,0.2018852973833385
microsoft-goodyear-az,2025-12-04,0,21.058998459316022,0.0926551673025674,0.9637643466148405,0.2471186553323314
microsoft-goodyear-az,2025-12-04,1,20.831445300619045,0.1718738959001835,0.9642739258818664,0.2284970775437051
microsoft-goodyear-az,2025-12-04,2,20.532444277862687,0.1944706256727577,0.964017888033256,0.2173250015607342
microsoft-goodyear-az,2025-12-04,3,21.082941180951448,0.1830400634568665,0.9629891117767342,0.1918132245973448
microsoft-goodyear-az,2025-12-04,4,20.904853725711693,0.2035313545703178,0.9643078623796648,0.1914471120141265
microsoft-goodyear-az,2025-12-20,0,24.61513354647246,0.0911680838222208,0.9637643466148405,0.2458456326314758
microsoft-goodyear-az,2025-12-20,1,24.293990499479065,0.1859499550932054,0.9642708747027706,0.223821701739012
microsoft-goodyear-az,2025-12-20,2,23.839851880158264,0.2034265807686019,0.9640095207198618,0.2107618168529705
microsoft-goodyear-az,2025-12-20,3,24.158315973517517,0.1887827836505842,0.9629646851981388,0.18961474173342
microsoft-goodyear-az,2025-12-20,4,24.01645092125013,0.2053056148867976,0.9643201945939076,0.1901531597922222
microsoft-goodyear-az,2026-01-05,0,17.781866337664773,0.100107687401148,0.9638234691525652,0.1916389651356956
microsoft-goodyear-az,2026-01-05,1,18.617452004316497,0.2095972906553658,0.9644744168402954,0.177918382045713
microsoft-goodyear-az,2026-01-05,2,19.151330431116225,0.2881609653242495,0.964621667167856,0.1775390229339771
microsoft-goodyear-az,2026-01-05,3,18.944974175966134,0.2869158958416392,0.962289518421866,0.1716214304352535
microsoft-goodyear-az,2026-01-05,4,20.33863257628015,0.1673766759591103,0.9624723902533175,0.1666978629138436
microsoft-goodyear-az,2026-02-06,0,27.27337622147309,0.0943240148266897,0.9637502456482608,0.2455779600653181
microsoft-goodyear-az,2026-02-06,1,27.67174432986116,0.1511643178978012,0.9640255748063932,0.2305059176386007
microsoft-goodyear-az,2026-02-06,2,26.667683075829167,0.1989312236184096,0.9639261332169112,0.2166677650302346
microsoft-goodyear-az,2026-02-06,3,27.564788137421857,0.1743949241758489,0.9629464503195612,0.1991401035619115
microsoft-goodyear-az,2026-02-06,4,28.281131934963767,0.1715335731351171,0.9643057093100216,0.1973750548374244
microsoft-goodyear-az,2026-02-22,0,27.14654568718016,0.090647425712597,0.963685014921889,0.281102218795111
microsoft-goodyear-az,2026-02-22,1,26.81959102706158,0.1511496601602557,0.9644007844365228,0.2548956078971525
microsoft-goodyear-az,2026-02-22,2,26.511723461515288,0.1834395034973995,0.9639582396433644,0.2421971930234954
microsoft-goodyear-az,2026-02-22,3,27.53083115610284,0.1682513221285851,0.9628830129775212,0.2247649802728191
microsoft-goodyear-az,2026-02-22,4,28.06132943886833,0.1548570236558413,0.9641476046628848,0.2104511846890262
microsoft-goodyear-az,2026-03-10,0,32.9540309584964,0.0821206135607494,0.9637643466148405,0.2567323311057498
microsoft-goodyear-az,2026-03-10,1,32.825466578533096,0.1441026819619922,0.964264764221302,0.2389949451703832
microsoft-goodyear-az,2026-03-10,2,32.277292867102716,0.1791965093178996,0.9639800818702904,0.2291120551224918
microsoft-goodyear-az,2026-03-10,3,33.315668168816195,0.1604184857736354,0.9629588351526748,0.2038777810150849
microsoft-goodyear-az,2026-03-10,4,33.4512237452777,0.1703793521776657,0.9642963349911062,0.2041427214426591
microsoft-goodyear-az,2026-03-26,0,46.27143789500522,0.0743983793108391,0.9637643466148405,0.2693358974681009
microsoft-goodyear-az,2026-03-26,1,46.21763585383559,0.1357806897679767,0.9642437892717932,0.24874311800934
microsoft-goodyear-az,2026-03-26,2,45.076679145401755,0.1609032500241074,0.9639757306710428,0.23421886885702
microsoft-goodyear-az,2026-03-26,3,46.075733648256296,0.1504717317415334,0.9629485482214576,0.2129105067223505
microsoft-goodyear-az,2026-03-26,4,46.249901464344305,0.1618535559473738,0.9642787385932168,0.2134552011406187
microsoft-goodyear-az,2026-04-11,0,46.45005891293794,0.0762179584957444,0.9637643466148405,0.2737224480683292
microsoft-goodyear-az,2026-04-11,1,46.21102198573202,0.1338669591860188,0.9642630735521508,0.2548029221935417
microsoft-goodyear-az,2026-04-11,2,44.81368077992187,0.1589303380117816,0.9640009180495864,0.2394275424628674
microsoft-goodyear-az,2026-04-11,3,45.98263025191016,0.1556083557695459,0.9629704807233824,0.2166955822202515
microsoft-goodyear-az,2026-04-11,4,46.21317502531025,0.1634725441740735,0.9642988993247864,0.2180343603762231
microsoft-goodyear-az,2026-04-27,0,42.12086446106563,0.0763022645899527,0.9637643466148405,0.2809076695395324
microsoft-goodyear-az,2026-04-27,1,41.75542167946238,0.1435937894376368,0.9642542127888156,0.2629634526061336
microsoft-goodyear-az,2026-04-27,2,40.57432846800642,0.1762800835908483,0.9640012719626014,0.2512851668158098
microsoft-goodyear-az,2026-04-27,3,42.28383298291339,0.150672988612121,0.9629686304547014,0.2271878429175091
microsoft-goodyear-az,2026-04-27,4,42.87995089993631,0.1557705437361021,0.9642960381171976,0.2282039465211038
microsoft-goodyear-az,2026-05-13,3,23.610227777272744,0.1295115267929054,0.9627045454545452,0.2358018024999999
microsoft-goodyear-az,2026-05-29,0,46.65379777780606,0.0767993460232132,0.9637643466148405,0.2905466767655989
microsoft-goodyear-az,2026-05-29,1,46.8624653265592,0.1298687544192405,0.9642544362994656,0.269780237803811
microsoft-goodyear-az,2026-05-29,2,45.06396750993521,0.1689641362489038,0.964000770187536,0.2588678217177149
microsoft-goodyear-az,2026-05-29,3,45.85787619458169,0.1773983590624634,0.962965624647422,0.2358679853990312
microsoft-goodyear-az,2026-05-29,4,46.70071180218342,0.1625332030648527,0.9643021315653492,0.2348688541389194
microsoft-goodyear-az,2026-06-14,0,54.075330869738245,0.0820685099948715,0.9637643466148405,0.2939145729231404
microsoft-goodyear-az,2026-06-14,1,53.9842093868948,0.1407356186216519,0.9642711131073146,0.2733614417401586
microsoft-goodyear-az,2026-06-14,2,51.38235150101951,0.1849400536941478,0.9640198769763314,0.2629644816377531
microsoft-goodyear-az,2026-06-14,3,51.094249531863774,0.1719235189037068,0.9629840767028048,0.2342824469968596
microsoft-goodyear-az,2026-06-14,4,50.59578322453208,0.1682841045716461,0.9642497770965284,0.2331160335322473
microsoft-goodyear-az,2026-06-30,0,54.78037412747519,0.0748998660306426,0.9637643466148405,0.2902178107544412
microsoft-goodyear-az,2026-06-30,1,54.79952760956912,0.1541492301791441,0.9642550877123774,0.2697161273442252
microsoft-goodyear-az,2026-06-30,2,53.17488557049513,0.1936581288371452,0.9640027917022612,0.2600038369801828
microsoft-goodyear-az,2026-06-30,3,54.83698379267845,0.1609706440618827,0.962964653319124,0.2347435751669126
microsoft-goodyear-az,2026-06-30,4,55.3907757750462,0.1613596320984015,0.9643004738319328,0.234778519218431
microsoft-goodyear-az,2026-08-01,0,58.50915249788832,0.0793165414063366,0.9637643466148405,0.2801733771685843
microsoft-goodyear-az,2026-08-01,1,58.0373210483339,0.1585099604217676,0.9642628564145136,0.2612070583385975
microsoft-goodyear-az,2026-08-01,2,57.4329309222495,0.1390072524201929,0.9640046779865576,0.2521481192204211
microsoft-goodyear-az,2026-08-01,3,58.19274627976751,0.1418099175076694,0.9629699820658898,0.2279265634707344
microsoft-goodyear-az,2026-08-01,4,58.12327347925619,0.1615803214552982,0.964288919017952,0.228571008174704
microsoft-goodyear-az,2026-08-17,0,58.670196663160695,0.0760875768070368,0.9637643466148405,0.2817373436012882
microsoft-goodyear-az,2026-08-17,1,58.37318793593827,0.1522399675483765,0.9642524005772136,0.2679506959384753
microsoft-goodyear-az,2026-08-17,2,58.29256061910666,0.1300164056553056,0.9639957403742528,0.2637623777843637
microsoft-goodyear-az,2026-08-17,3,58.935285092410375,0.1393320780577155,0.9629682329163192,0.2276355496204412
microsoft-goodyear-az,2026-08-17,4,58.84948011180672,0.1654505584913408,0.9642870419152606,0.2250314001789575
microsoft-goodyear-az,2026-09-02,0,50.54323774085926,0.0937613727654335,0.963616152121376,0.2140984128388736
microsoft-goodyear-az,2026-09-02,1,50.88765913244772,0.147474933716411,0.9642351203708576,0.2548152217024427
microsoft-goodyear-az,2026-09-02,2,51.196505685827915,0.144380244299823,0.964066954689294,0.2544950501540757
microsoft-goodyear-az,2026-09-02,3,48.99676972902189,0.128366094249855,0.9628683645636824,0.2496864296878594
microsoft-goodyear-az,2026-09-02,4,48.340721040095275,0.1566649910539517,0.9655128587104116,0.2696669987230231
microsoft-goodyear-az,2026-09-18,0,49.542068616864725,0.0790555683455948,0.9637643466148405,0.2638417186643811
microsoft-goodyear-az,2026-09-18,1,49.93427091915203,0.1365602529244313,0.9642447716261354,0.2517544617541755
microsoft-goodyear-az,2026-09-18,2,49.65840219963527,0.13246488947017,0.9639829068358926,0.2414010028657896
microsoft-goodyear-az,2026-09-18,3,50.83329793943927,0.1443828556629482,0.9629491621914265,0.2125874344838057
microsoft-goodyear-az,2026-09-18,4,50.72199708296417,0.1652277573984527,0.9642763730571926,0.2153395837118452
