site_id,date,ring,lst_c,ndvi,emissivity,albedo
microsoft-osmium-ia,2013-03-22,3,4.992416663199252,0.2848361722643441,0.976930617360011,0.1502832493344022
microsoft-osmium-ia,2013-03-22,4,4.732083379310004,0.275682744824504,0.9752431111179448,0.1204185366288963
microsoft-osmium-ia,2013-03-27,0,10.127743494909364,0.1254001404320762,0.9755542887436416,0.2103109335775878
microsoft-osmium-ia,2013-03-27,1,10.936846370541122,0.1602796474648249,0.9746145386215056,0.1894402158017633
microsoft-osmium-ia,2013-03-27,2,9.90779529996053,0.150985276385692,0.9752756827837916,0.186995553927399
microsoft-osmium-ia,2013-03-27,3,10.25791773166098,0.1675169339923886,0.9750613912979554,0.1885052540364683
microsoft-osmium-ia,2013-03-27,4,10.50885239476706,0.182533239785913,0.9741353640072148,0.1739939948695125
microsoft-osmium-ia,2013-05-20,0,25.1207697351175,0.4165322246945914,0.9785853181349464,0.1590169504418424
microsoft-osmium-ia,2013-05-20,1,26.326764719125453,0.4763803326566558,0.9794682837479836,0.162259942495857
microsoft-osmium-ia,2013-05-20,2,24.66584320908618,0.5410071611328653,0.9821381488501684,0.1589387763050125
microsoft-osmium-ia,2013-05-20,3,25.701814067138425,0.5787132248781129,0.9813821441976588,0.1712631170482668
microsoft-osmium-ia,2013-05-20,4,25.461420483181943,0.5595818827475385,0.979760341019587,0.1665834487429035
microsoft-osmium-ia,2013-07-07,0,40.81576820930433,0.5707871673621804,0.9818891941400272,0.1798136591496284
microsoft-osmium-ia,2013-07-07,1,39.90006627798882,0.574459965069734,0.9814743252029988,0.1786921149259559
microsoft-osmium-ia,2013-07-07,2,35.354109574131606,0.6835402555921318,0.9832350622202808,0.1804599434737372
microsoft-osmium-ia,2013-07-07,3,35.2738375681846,0.6846796495240595,0.9831783281329972,0.191178657673579
microsoft-osmium-ia,2013-07-07,4,35.93547377994289,0.7006827093383192,0.9833382987531984,0.1921417224355862
microsoft-osmium-ia,2013-09-09,0,34.69680141776675,0.8135657746956935,0.986134441661628,0.1938205598120236
microsoft-osmium-ia,2013-09-09,1,36.17721646952252,0.7538340536002375,0.9848534520506862,0.1787938654518984
microsoft-osmium-ia,2013-09-09,2,37.339454281286706,0.6728292778040511,0.9837699260687914,0.1644023859282261
microsoft-osmium-ia,2013-09-09,3,38.12869142868096,0.6556198148152128,0.9829508956780152,0.1635993656255831
microsoft-osmium-ia,2013-09-09,4,38.549692901175135,0.6237310756691691,0.9814736813080406,0.1583746260347201
microsoft-osmium-ia,2013-09-25,0,25.129886579145744,0.7152637472097628,0.9844933945754772,0.1824258492330372
microsoft-osmium-ia,2013-09-25,1,25.88014895537808,0.6894353938215259,0.9836957437814292,0.1758935615649568
microsoft-osmium-ia,2013-09-25,2,26.268549523008904,0.6020300395093726,0.982548006387501,0.15576045769334
microsoft-osmium-ia,2013-09-25,3,26.22620108568577,0.601584888088096,0.9818891554210292,0.1532334426744704
microsoft-osmium-ia,2013-09-25,4,26.32953819562524,0.5923905848362501,0.980852896805652,0.1505976318143308
microsoft-osmium-ia,2013-10-27,0,17.192248350154433,0.2988352707588657,0.9777340312089484,0.2124630858618937
microsoft-osmium-ia,2013-10-27,1,16.742071125936228,0.391927772692397,0.9783138150209322,0.169921338248092
microsoft-osmium-ia,2013-10-27,2,15.7056450456755,0.4463136934998826,0.9799065391186972,0.1533883426497402
microsoft-osmium-ia,2013-10-27,3,15.546849758790149,0.4656853966283396,0.97951479735321,0.1560622985315695
microsoft-osmium-ia,2013-10-27,4,15.309032276012797,0.4957770493138333,0.9790516159143098,0.1494305506370239
microsoft-osmium-ia,2013-11-12,0,0.2437824694253407,0.1451124139720857,0.9758174099208649,0.2690670183166669
microsoft-osmium-ia,2013-11-12,1,0.1567298637755712,0.2300635828993965,0.9763974119657752,0.2211144399481059
microsoft-osmium-ia,2013-11-12,2,-0.0045975242733078,0.3139404853491574,0.9783048515751648,0.1867958515821439
microsoft-osmium-ia,2013-11-12,3,-0.1600121614640036,0.3136075522107845,0.9776354942129104,0.1922663481517095
microsoft-osmium-ia,2013-11-12,4,-0.2446178230440755,0.314623821027881,0.9775518980130554,0.1948789406120881
microsoft-osmium-ia,2013-11-28,0,2.082121042417187,0.2165011807970717,0.9764198717278568,0.1884039558588255
microsoft-osmium-ia,2013-11-28,1,1.972527119857134,0.2697517559140901,0.976361045656938,0.1654969126679589
microsoft-osmium-ia,2013-11-28,2,1.6040585957042863,0.3084073705700962,0.9778916919726324,0.1517091268376053
microsoft-osmium-ia,2013-11-28,3,1.596762462651914,0.3207338733085026,0.9772986726502012,0.1541061324439303
microsoft-osmium-ia,2013-11-28,4,1.677984518075729,0.3348942914455062,0.9766590914244064,0.1482250764880905
microsoft-osmium-ia,2014-01-15,0,-2.904636254410393,0.1738138215960809,0.976222210779587,0.2802760829488118
microsoft-osmium-ia,2014-01-15,1,-2.5620280334095766,0.1924808617620839,0.9758772517837142,0.2418555693475869
microsoft-osmium-ia,2014-01-15,2,-2.878773658933607,0.2324153488231593,0.9767353089621044,0.1698910277981697
microsoft-osmium-ia,2014-01-15,3,-2.9274942617866,0.2372045822309872,0.9763107755720548,0.1678813882339803
microsoft-osmium-ia,2014-01-15,4,-2.7381097253113027,0.2442130688650178,0.9757090072601728,0.1684929015313908
microsoft-osmium-ia,2014-03-04,0,-9.783214646410848,-0.0237439507061279,0.9904,0.7724541101354293
microsoft-osmium-ia,2014-03-04,1,-9.340911702896646,-0.0153271074148287,0.9902887322902112,0.7228776574034318
microsoft-osmium-ia,2014-03-04,2,-8.195532895205652,-0.0015754678838219,0.9900549748256008,0.6652663969390489
microsoft-osmium-ia,2014-03-04,3,-7.173992396164277,0.0078945670731879,0.9894357173172248,0.6349707218080609
microsoft-osmium-ia,2014-03-04,4,-6.619276083559177,0.0182595711282305,0.9888250481239688,0.6004565420108396
microsoft-osmium-ia,2014-03-20,0,17.2499653949824,0.2221027134951688,0.9767618324462124,0.1727509480633609
microsoft-osmium-ia,2014-03-20,1,16.674546469344236,0.236187833198708,0.976263171156319,0.1571598977842846
microsoft-osmium-ia,2014-03-20,2,15.60438291586415,0.2344477964554709,0.9773441117499816,0.1492015466685354
microsoft-osmium-ia,2014-03-20,3,16.107950432700658,0.2473948439680952,0.9767666260808292,0.1603397261224649
microsoft-osmium-ia,2014-03-20,4,15.934840763161144,0.2452300297461154,0.97583603807076,0.1526272105806379
microsoft-osmium-ia,2014-04-05,0,20.020050881672717,0.2342345709935663,0.9770517674919664,0.1729734599945683
microsoft-osmium-ia,2014-04-05,1,19.25861425153992,0.244531408752614,0.976538242027638,0.1624925359422059
microsoft-osmium-ia,2014-04-05,2,18.052669867853695,0.2431037966486886,0.9776290778540851,0.1561832694534358
microsoft-osmium-ia,2014-04-05,3,18.46173823860651,0.2573453618294667,0.977077459101452,0.1682562490941973
microsoft-osmium-ia,2014-04-05,4,18.29702075675283,0.2589173936847442,0.9761375521126044,0.1617567360601448
microsoft-osmium-ia,2014-04-21,0,18.40353402450617,0.2317631308615527,0.9761220748996596,0.2013827453747026
microsoft-osmium-ia,2014-04-21,1,18.38161828334541,0.2896011299030432,0.9760691866199792,0.1967039638254111
microsoft-osmium-ia,2014-04-21,2,10.576371177489712,0.2894241605172244,0.9761926818880596,0.2271762788253397
microsoft-osmium-ia,2014-04-21,3,7.587211013688547,0.2725814263079346,0.9757292050704354,0.2537373363526593
microsoft-osmium-ia,2014-04-21,4,5.102502883106691,0.2973036217660234,0.9752156083953992,0.2549934108706241
microsoft-osmium-ia,2014-05-07,0,39.85585656595241,0.2577814372183742,0.9772082463261508,0.2028510556168154
microsoft-osmium-ia,2014-05-07,1,37.60921334911904,0.3288742515726111,0.9776808354255088,0.1885618254107126
microsoft-osmium-ia,2014-05-07,2,34.14102679453634,0.4014589805860486,0.9788096176856192,0.1749225749529915
microsoft-osmium-ia,2014-05-07,3,35.09421019851935,0.4013642130417108,0.9784067772876196,0.1801320930208884
microsoft-osmium-ia,2014-05-07,4,34.21858697270908,0.4371212296596724,0.9777226358653064,0.174087652165988
microsoft-osmium-ia,2014-05-23,0,29.89183121109663,0.2992467988177711,0.977486009341967,0.2012138349161062
microsoft-osmium-ia,2014-05-23,1,28.65235869886206,0.3904322761621525,0.9782855617914192,0.1979761209666604
microsoft-osmium-ia,2014-05-23,2,26.503825020369742,0.4965430111897133,0.9800194300205518,0.1832031292570837
microsoft-osmium-ia,2014-05-23,3,27.854501065544166,0.5188233119261451,0.9798829696540472,0.1880778472049202
microsoft-osmium-ia,2014-05-23,4,28.310202361468203,0.5211288637688428,0.9781341461355484,0.1820504166819537
microsoft-osmium-ia,2014-06-24,0,28.53498389662434,0.7945155872553551,0.9853521243085264,0.2157527386934262
microsoft-osmium-ia,2014-06-24,1,27.430529012751368,0.7952564927631439,0.985127875042236,0.216650416304267
microsoft-osmium-ia,2014-06-24,2,27.21296105496684,0.7316997329488464,0.9843960500684454,0.199679264226423
microsoft-osmium-ia,2014-06-24,3,26.19734638024657,0.7118624051530079,0.9834277155982466,0.2012422946930838
microsoft-osmium-ia,2014-06-24,4,24.669434358940048,0.7039820279102982,0.982301679914548,0.1976726764038427
microsoft-osmium-ia,2014-07-10,2,25.568390720000014,0.7069001683974162,0.9820333333333334,0.194269248125
microsoft-osmium-ia,2014-07-10,3,25.65894113454233,0.6980984980504118,0.9809980831359034,0.2199359589966975
microsoft-osmium-ia,2014-07-10,4,26.33176013333225,0.7446051643763184,0.983552599057311,0.220770748508755
microsoft-osmium-ia,2014-08-11,2,24.23310541719857,0.8390479747220071,0.9856921834399138,0.2332999408730489
microsoft-osmium-ia,2014-08-11,3,25.37806609083847,0.812522463578529,0.9851524750392596,0.2256557203398697
microsoft-osmium-ia,2014-08-11,4,26.333843025891852,0.7419056348994686,0.9831360221149572,0.1987985880249907
microsoft-osmium-ia,2014-09-28,0,27.48309835342659,0.4633445785051448,0.978833006784297,0.1147199457334397
microsoft-osmium-ia,2014-09-28,1,27.655284098054604,0.5266268646875402,0.9798391288961282,0.1324212974111717
microsoft-osmium-ia,2014-09-28,2,27.37978400480355,0.6013075122988908,0.9820815735510566,0.1463017704357493
microsoft-osmium-ia,2014-09-28,3,28.21708722557115,0.612109993993409,0.9814098655079144,0.1518472629861585
microsoft-osmium-ia,2014-09-28,4,27.97538433449327,0.6091683966998198,0.9807187812143556,0.1480026621640857
microsoft-osmium-ia,2014-10-30,0,17.212356920969018,0.2787730007428707,0.9768325757610192,0.1396213739097093
microsoft-osmium-ia,2014-10-30,1,16.07690069626926,0.3661747355246811,0.9774904999856058,0.1287948080777092
microsoft-osmium-ia,2014-10-30,2,16.310384713495143,0.4079395358917645,0.9794874423755882,0.1313507600522242
microsoft-osmium-ia,2014-10-30,3,16.9751746617171,0.4336572294737711,0.9789991410751868,0.1409360710029613
microsoft-osmium-ia,2014-10-30,4,16.784759362759118,0.4485335417353037,0.9786322023596596,0.1399972488519724
microsoft-osmium-ia,2014-12-17,0,-1.7666134995021978,0.2353435485062685,0.9764714872687212,0.1179310727581458
microsoft-osmium-ia,2014-12-17,1,-1.779008287735483,0.2549472357639329,0.976176080664932,0.1244579930692156
microsoft-osmium-ia,2014-12-17,2,-1.7287185872682915,0.2869777326010153,0.977067302276834,0.1165960325416231
microsoft-osmium-ia,2014-12-17,3,-2.4272316147861517,0.2950081849918619,0.9764867248756196,0.1246701747291113
microsoft-osmium-ia,2014-12-17,4,-2.315739772885684,0.3110973634917666,0.9752545466660184,0.1175250637655862
microsoft-osmium-ia,2015-02-19,0,-5.5176225983250555,0.0273762456090434,0.9813712487819656,0.5037810284547021
microsoft-osmium-ia,2015-02-19,1,-6.281624479637548,0.0572434560063572,0.9821075010139048,0.4554970088629949
microsoft-osmium-ia,2015-02-19,2,-5.758790687728876,0.0494107393167731,0.9821825934318722,0.4535662815509078
microsoft-osmium-ia,2015-02-19,3,-6.402088432326412,0.0353108135639277,0.9832558151114034,0.4882389582808322
microsoft-osmium-ia,2015-02-19,4,-6.574965202500743,0.0372526893819355,0.9820959662232328,0.4506871362522807
microsoft-osmium-ia,2015-03-07,0,12.233147535100771,0.1907658033275084,0.9765897995918194,0.2030588887826189
microsoft-osmium-ia,2015-03-07,1,11.843709092287762,0.1911138253117031,0.975815971236321,0.1974178876116137
microsoft-osmium-ia,2015-03-07,2,10.385039270910603,0.1712710274787214,0.97707791502417,0.1769177879842959
microsoft-osmium-ia,2015-03-07,3,10.098375144611838,0.1775338443011763,0.97647582669279,0.1838564748367748
microsoft-osmium-ia,2015-03-07,4,10.11893864934609,0.177207533740306,0.975719184111398,0.1790272087975881
microsoft-osmium-ia,2015-06-27,0,31.42884056682067,0.7122450160075973,0.9837888265642152,0.1829491205413831
microsoft-osmium-ia,2015-06-27,1,31.930804815804024,0.6854550740059812,0.9833379756141846,0.1901688159207074
microsoft-osmium-ia,2015-06-27,2,30.155153457281237,0.6852884572694445,0.984276568209501,0.1852993730248112
microsoft-osmium-ia,2015-06-27,3,30.09188044106112,0.7075592100640086,0.9841165137436568,0.1944006905998656
microsoft-osmium-ia,2015-06-27,4,30.116917625352176,0.7141037763974671,0.983414943043964,0.1950317577880421
microsoft-osmium-ia,2015-07-13,1,23.808318455062597,0.731535107508341,0.9835458173787088,0.2009524415838461
microsoft-osmium-ia,2015-07-13,2,24.782302979160814,0.8219976375273731,0.9852995004293916,0.2136458393465042
microsoft-osmium-ia,2015-07-13,3,31.495342160900375,0.7570783859204783,0.9840494311434111,0.2218433252802784
microsoft-osmium-ia,2015-07-13,4,33.9476470404409,0.6982121553000129,0.9815040226891184,0.193669115459125
microsoft-osmium-ia,2015-07-29,0,25.498495071507193,0.9013786175348631,0.987226147608424,0.2436116925225678
microsoft-osmium-ia,2015-07-29,1,26.48335797355886,0.8464703066140856,0.9861376876328606,0.2238725378310839
microsoft-osmium-ia,2015-07-29,2,26.996901710771414,0.7954403094608681,0.9855850259662572,0.1978427123964466
microsoft-osmium-ia,2015-07-29,3,27.25172279870739,0.785004996577629,0.9848861949354168,0.1915148073824462
microsoft-osmium-ia,2015-07-29,4,27.103900042765932,0.7495463659704336,0.9835180867795512,0.1812450298144615
microsoft-osmium-ia,2015-08-14,0,28.396393914274334,0.8852134593022365,0.9871701796810012,0.2298073627658962
microsoft-osmium-ia,2015-08-14,1,29.384040411072945,0.8313496573189975,0.9861430352167212,0.2150578951231477
microsoft-osmium-ia,2015-08-14,2,29.813034490663764,0.7799363169543065,0.9854466326055604,0.1899603784616345
microsoft-osmium-ia,2015-08-14,3,30.416888220075595,0.7719432327020797,0.9847872963887574,0.1864039492951692
microsoft-osmium-ia,2015-08-14,4,30.85332988410771,0.7400807336270921,0.9834064727830868,0.1777297580290937
microsoft-osmium-ia,2015-09-15,0,28.776552527319208,0.6741986851139814,0.983908104054072,0.1883744453618391
microsoft-osmium-ia,2015-09-15,1,28.935149056555534,0.7003649856977127,0.9839762279942836,0.1852688150013446
microsoft-osmium-ia,2015-09-15,2,28.788345122684092,0.631275817404978,0.9831286705298212,0.1632909479302008
microsoft-osmium-ia,2015-09-15,3,28.89388069149828,0.6487828256572158,0.9828352193983194,0.1639693476282067
microsoft-osmium-ia,2015-09-15,4,28.856396808328004,0.6358117365583599,0.9819240461435816,0.1601277513529543
microsoft-osmium-ia,2015-10-01,0,20.589850520610803,0.3820939738633556,0.9781356901869356,0.1314834194344853
microsoft-osmium-ia,2015-10-01,1,20.503354923809137,0.4693075907878855,0.97911522951808,0.1550033929589894
microsoft-osmium-ia,2015-10-01,2,19.82363147470915,0.4839183458019036,0.9797415472773904,0.1764791480765039
microsoft-osmium-ia,2015-10-01,3,19.514365076710863,0.5484674409205246,0.980473632989956,0.1503230141811647
microsoft-osmium-ia,2015-10-01,4,19.39859816947167,0.5667514151109891,0.9802048308106672,0.1513511507045155
microsoft-osmium-ia,2015-10-17,0,19.944671314315386,0.282800677424148,0.9774912859486988,0.2230363335029271
microsoft-osmium-ia,2015-10-17,1,18.556247494309215,0.3825342236854511,0.9781949480226476,0.1876842098645337
microsoft-osmium-ia,2015-10-17,2,16.734406098875137,0.4350895734819874,0.9797058518489626,0.1602945697339354
microsoft-osmium-ia,2015-10-17,3,16.664075840932668,0.4708108587950437,0.9795440374052224,0.1662607435737961
microsoft-osmium-ia,2015-10-17,4,16.316724192378448,0.4874633367160815,0.9790376161967548,0.1580582932727033
microsoft-osmium-ia,2015-11-02,0,23.804281208884223,0.2544668032035125,0.9768093449575228,0.1823214540604357
microsoft-osmium-ia,2015-11-02,1,23.1876364422109,0.3515516787460022,0.9775143006277264,0.1635521868990712
microsoft-osmium-ia,2015-11-02,2,21.86930474934802,0.3935728804434832,0.979268753221876,0.1433286043631192
microsoft-osmium-ia,2015-11-02,3,22.203356821164626,0.4273044849579223,0.978890606907266,0.1478438583664035
microsoft-osmium-ia,2015-11-02,4,21.99712438216199,0.4344243760930585,0.9783770059546006,0.1451937695579471
microsoft-osmium-ia,2015-12-04,0,6.431101737407111,0.268105999963681,0.9766204199071816,0.130641955584747
microsoft-osmium-ia,2015-12-04,1,6.3973052516801845,0.3385905835327719,0.976884211188199,0.1229168593409345
microsoft-osmium-ia,2015-12-04,2,6.012545670973522,0.3437909148234375,0.9785018937510186,0.1202229444931995
microsoft-osmium-ia,2015-12-04,3,6.268470668924231,0.3750433925826502,0.9780252833945396,0.129750019914757
microsoft-osmium-ia,2015-12-04,4,6.387680532614773,0.3839988213774393,0.9774537651570068,0.1250991707377284
microsoft-osmium-ia,2016-01-05,0,-5.642365145852495,-0.0565319979227147,0.9904,0.7855346617648438
microsoft-osmium-ia,2016-01-05,1,-5.487638366778867,-0.0266410160398435,0.9900577072086458,0.7248649856275081
microsoft-osmium-ia,2016-01-05,2,-5.1419183112220415,0.0205512772020187,0.9890820056913394,0.6470213874947416
microsoft-osmium-ia,2016-01-05,3,-5.120324207576686,0.0165236818306328,0.9893792620818236,0.644141922874806
microsoft-osmium-ia,2016-01-05,4,-4.928106967026199,0.0246755877951521,0.988960789142302,0.6034288944139947
microsoft-osmium-ia,2016-03-25,0,14.940750672821864,0.2600257667611188,0.9770085949609322,0.1702187075221702
microsoft-osmium-ia,2016-03-25,1,14.142110909405575,0.2987532407149655,0.976825828978528,0.1540993775595077
microsoft-osmium-ia,2016-03-25,2,12.860140069130011,0.3099675647311275,0.9782769281145052,0.1429051748583229
microsoft-osmium-ia,2016-03-25,3,12.757819607573294,0.3396940188969145,0.9778134454518692,0.1569684589391779
microsoft-osmium-ia,2016-03-25,4,11.912518049220855,0.3413198625314175,0.9768930050690624,0.1474388392914193
microsoft-osmium-ia,2016-04-10,0,17.324328258442186,0.2569355620703101,0.9750170783402629,0.2384001652554277
microsoft-osmium-ia,2016-04-10,1,21.98677821456984,0.2842862884053915,0.9751124662060676,0.193363735775674
microsoft-osmium-ia,2016-04-10,2,22.310435999226105,0.3708601685906122,0.977867434839938,0.2061731443477982
microsoft-osmium-ia,2016-04-10,3,22.305732403051568,0.3732204848189073,0.9774073112713548,0.1953344811335
microsoft-osmium-ia,2016-04-10,4,21.989925871765383,0.3877644550326061,0.9770609557085798,0.1979513547701089
microsoft-osmium-ia,2016-05-12,0,23.617329726014635,0.3528500105376521,0.9778523920345822,0.1808497808422347
microsoft-osmium-ia,2016-05-12,1,23.055778272476378,0.4689753352543621,0.9788168883236728,0.1690742574191825
microsoft-osmium-ia,2016-05-12,2,22.021974256624578,0.5398952622456535,0.980800058395238,0.1706659766566386
microsoft-osmium-ia,2016-05-12,3,21.721442646641865,0.5859126959322761,0.980727883516356,0.1862352545173298
microsoft-osmium-ia,2016-05-12,4,20.74518748156842,0.5864926875910419,0.9797960982086754,0.1820249982537254
microsoft-osmium-ia,2016-06-13,0,46.8767292433914,0.4849816350823885,0.9808044845250692,0.2051901841801631
microsoft-osmium-ia,2016-06-13,1,42.816196742800464,0.6065517124490096,0.9823458184027544,0.1938669424658939
microsoft-osmium-ia,2016-06-13,2,40.33945717913107,0.6069800574287939,0.982950377458614,0.1862164367377137
microsoft-osmium-ia,2016-06-13,3,40.09925165713492,0.6201299888061753,0.9824165737140932,0.1937564388040523
microsoft-osmium-ia,2016-06-13,4,39.02733591001618,0.6313051634941537,0.9818214946013136,0.1856164242862616
microsoft-osmium-ia,2016-07-15,2,7.65568724000002,0.8360449313974647,0.9837,0.264746365
microsoft-osmium-ia,2016-07-15,3,10.350507692909554,0.8270583287774492,0.9844141809290952,0.2550734813141813
microsoft-osmium-ia,2016-07-15,4,12.083979235783158,0.7989510664291304,0.9836975903614464,0.2637540445632528
microsoft-osmium-ia,2016-09-01,0,26.74298378558776,0.7662458543783454,0.9826583389200688,0.1155775776709541
microsoft-osmium-ia,2016-09-01,1,26.277393841247463,0.780821918897858,0.9837939510465916,0.1735013568555622
microsoft-osmium-ia,2016-09-01,2,26.346384707716688,0.7654526764695478,0.9847107318858496,0.1909462685632242
microsoft-osmium-ia,2016-09-01,3,26.888818896421952,0.7559623844176788,0.9837901665404116,0.1882691067206663
microsoft-osmium-ia,2016-09-01,4,27.30829608264603,0.7221613390100438,0.9823238255643016,0.1813929766089027
microsoft-osmium-ia,2016-09-17,0,27.157204039891155,0.6739869340295828,0.9829361207449042,0.1333292638254597
microsoft-osmium-ia,2016-09-17,1,27.018526373889273,0.5932158758872618,0.981331156107812,0.138354758081065
microsoft-osmium-ia,2016-09-17,2,26.507649643486715,0.6114985320230841,0.9827644599544652,0.1437364067088105
microsoft-osmium-ia,2016-09-17,3,26.818037716644856,0.6717754867192455,0.9829902797968506,0.1539118372923187
microsoft-osmium-ia,2016-09-17,4,26.683626473887088,0.6673377115632839,0.9823192055230464,0.1524660324792546
microsoft-osmium-ia,2016-10-03,0,24.14934830040433,0.5433404714519646,0.9802070527644152,0.1486045004183295
microsoft-osmium-ia,2016-10-03,1,24.92363723945944,0.4970887911170142,0.979478209661686,0.1559241189549001
microsoft-osmium-ia,2016-10-03,2,24.370346393514136,0.5230869726843259,0.9808092028369196,0.1536652419854277
microsoft-osmium-ia,2016-10-03,3,25.486189739966058,0.5637007408396197,0.980601066031617,0.1565739555546388
microsoft-osmium-ia,2016-10-03,4,25.039647258334316,0.5730910193566283,0.980258922160476,0.1558692381097208
microsoft-osmium-ia,2016-10-19,2,1.5876487059442308,0.5698442497165187,0.9757113537117906,0.1271737612454327
microsoft-osmium-ia,2016-10-19,3,5.316616821645866,0.454987398876751,0.9775459767820563,0.1832458339173426
microsoft-osmium-ia,2016-10-19,4,3.0894617876684225,0.4859009174846164,0.9779642660612196,0.1836715894207621
microsoft-osmium-ia,2016-11-04,0,20.564029461479542,0.4202646068367551,0.9787696601379086,0.118469465672622
microsoft-osmium-ia,2016-11-04,1,20.649924823785057,0.4009112415072105,0.9781458949180232,0.1463713932321071
microsoft-osmium-ia,2016-11-04,2,20.510175952867804,0.4099299027407883,0.9795440931732492,0.1422689899100071
microsoft-osmium-ia,2016-11-04,3,20.68488798467779,0.4501241062608297,0.9791777079793296,0.1436550016388069
microsoft-osmium-ia,2016-11-04,4,20.545346092162657,0.4559811188593052,0.9786176161217776,0.1408487261276056
microsoft-osmium-ia,2016-11-20,0,4.428750962614727,0.3965001286539951,0.9788063908962632,0.1401339656623412
microsoft-osmium-ia,2016-11-20,1,5.265589813371128,0.3636561340491908,0.9781412511123744,0.1840751975718442
microsoft-osmium-ia,2016-11-20,2,5.019110913980021,0.3602826897186604,0.9790640094446286,0.13386809098552
microsoft-osmium-ia,2016-11-20,3,3.985877161311854,0.3877159734485202,0.9776592258108,0.0990374993340721
microsoft-osmium-ia,2016-11-20,4,3.7722825355727982,0.3553787632751117,0.9764637652922592,0.0930232693836436
microsoft-osmium-ia,2016-12-06,0,0.6328423273763503,0.3570933730805631,0.977201439993453,0.1254620431238038
microsoft-osmium-ia,2016-12-06,1,0.8393297878063325,0.3243297089380944,0.9764704745007192,0.166356007439159
microsoft-osmium-ia,2016-12-06,2,0.9832274137660184,0.3218507422396088,0.9776818271792204,0.1409962099060882
microsoft-osmium-ia,2016-12-06,3,1.0757944214824384,0.3650868270503028,0.9771048243648192,0.14539453438037
microsoft-osmium-ia,2016-12-06,4,1.2133125843585746,0.3664972241369503,0.9763717225135388,0.1377412248131506
microsoft-osmium-ia,2016-12-22,0,-1.5347080261737678,0.3022239388822611,0.9771821100813196,0.1295022747979893
microsoft-osmium-ia,2016-12-22,1,-1.0936008523013634,0.2717712127029497,0.9765400899092268,0.1646109717093318
microsoft-osmium-ia,2016-12-22,2,-0.9576708985171618,0.2798056296938185,0.9770776530923868,0.1524203614446852
microsoft-osmium-ia,2016-12-22,3,-0.7040777123531902,0.303773082582799,0.9768387034464664,0.153782816051943
microsoft-osmium-ia,2016-12-22,4,-0.9396381576689328,0.3136168689952761,0.9763132391470314,0.1511848147823753
microsoft-osmium-ia,2017-01-07,0,-3.67907837456191,0.2969543561885257,0.9772858777914656,0.1365701866424924
microsoft-osmium-ia,2017-01-07,1,-3.3790582610856177,0.260646969604815,0.9765595788781471,0.1796118901837047
microsoft-osmium-ia,2017-01-07,2,-3.5201204937914077,0.2596501765326486,0.9775787845950116,0.1606213184786613
microsoft-osmium-ia,2017-01-07,3,-3.367246580513231,0.2854003191449301,0.9769047179643312,0.1617443677753096
microsoft-osmium-ia,2017-01-07,4,-3.286065497870503,0.2860241347088498,0.9762271609690112,0.1563892727490543
microsoft-osmium-ia,2017-04-13,0,30.49502564554992,0.3740349697441528,0.9786816119017652,0.1560793495071044
microsoft-osmium-ia,2017-04-13,1,31.432500602596896,0.3411782446738752,0.9777682535882622,0.178921750084788
microsoft-osmium-ia,2017-04-13,2,30.305461986753443,0.3590956560101294,0.9789422805158984,0.1638871141186489
microsoft-osmium-ia,2017-04-13,3,30.46782227162504,0.4004405787349993,0.97875785668352,0.1658019135832475
microsoft-osmium-ia,2017-04-13,4,29.970666091314644,0.4163235845480454,0.9782379169410004,0.1595458425165811
microsoft-osmium-ia,2017-05-15,0,28.4667188843085,0.4426941367767258,0.9796738817253978,0.2778399356476715
microsoft-osmium-ia,2017-05-15,1,27.780113853390816,0.4399120065567728,0.978980620002576,0.2320819768634671
microsoft-osmium-ia,2017-05-15,2,27.542595072147684,0.4533215103647907,0.9792175453197748,0.2204205927312847
microsoft-osmium-ia,2017-05-15,3,31.53980228877552,0.5387174709787182,0.9804000095423752,0.2053350187681201
microsoft-osmium-ia,2017-05-15,4,31.11911675464755,0.5811301098092433,0.9799829067993652,0.2042827698542469
microsoft-osmium-ia,2017-05-31,0,30.370650817499996,0.5957161883089079,0.982161359721092,0.1783134708406664
microsoft-osmium-ia,2017-05-31,1,33.11582654635328,0.4797896470507607,0.9798569516014408,0.2016775418722187
microsoft-osmium-ia,2017-05-31,2,31.93733288709428,0.517091681049016,0.981299710831958,0.1890679177645977
microsoft-osmium-ia,2017-05-31,3,31.41806938156496,0.5647154765906262,0.9813403388250854,0.1940912971773437
microsoft-osmium-ia,2017-05-31,4,30.38392296061752,0.5901477589917824,0.9810418073664744,0.1852269135816829
microsoft-osmium-ia,2017-06-16,0,36.81545059896528,0.356614684918826,0.9781471166040162,0.1336011339241867
microsoft-osmium-ia,2017-06-16,1,36.63728977947828,0.5142432172785534,0.9805421379426332,0.1778767434777363
microsoft-osmium-ia,2017-06-16,2,34.95709533814987,0.618435202861666,0.9830210612853711,0.1703620924395984
microsoft-osmium-ia,2017-06-16,3,35.30468090386343,0.6390380077313718,0.9827161154005438,0.1772506335893968
microsoft-osmium-ia,2017-06-16,4,34.8675221190817,0.6407750658397758,0.9820300261512124,0.1707889640677912
microsoft-osmium-ia,2017-08-03,1,24.76503219386115,0.7683510168326089,0.984308896644624,0.2412427506902603
microsoft-osmium-ia,2017-08-03,2,26.889128335459855,0.7998724242989901,0.9850317156718462,0.2297215151082951
microsoft-osmium-ia,2017-08-03,3,27.577169440367495,0.818310067996214,0.9852669780514524,0.2205637601214738
microsoft-osmium-ia,2017-08-03,4,27.876334406660067,0.7554423104930466,0.983689003919276,0.2106173393585157
microsoft-osmium-ia,2017-08-19,0,25.74609308818867,0.8600967427112215,0.9863710005281662,0.2589142280991339
microsoft-osmium-ia,2017-08-19,1,26.35585515126422,0.8082456763404015,0.9851869778975154,0.2240411668120362
microsoft-osmium-ia,2017-08-19,2,27.34157296921972,0.7408757941682481,0.9843796124731788,0.1906222320877525
microsoft-osmium-ia,2017-08-19,3,27.88926663624848,0.7179475999269805,0.9831888817312274,0.1951393352361695
microsoft-osmium-ia,2017-08-19,4,28.29221451666127,0.6735001368381367,0.9821784015746676,0.1906642638763781
microsoft-osmium-ia,2017-09-20,0,28.97858637495894,0.8356798289534156,0.985860636930812,0.261608900751864
microsoft-osmium-ia,2017-09-20,1,29.506951240929013,0.6415699469732131,0.981389958313044,0.2118880872845898
microsoft-osmium-ia,2017-09-20,2,28.93707286673253,0.700659594550173,0.9827594884284458,0.1258900612271984
microsoft-osmium-ia,2017-09-20,3,30.225044144162126,0.7278979754782614,0.9826243565105828,0.152114461743372
microsoft-osmium-ia,2017-09-20,4,29.53804222405956,0.5406381379238091,0.9806554057070452,0.1438701806610558
microsoft-osmium-ia,2017-11-23,0,12.527974299509722,0.2433553024038089,0.9760252171581036,0.1718499630777475
microsoft-osmium-ia,2017-11-23,1,12.19432320139899,0.311406756531934,0.9761539778090575,0.161143030361334
microsoft-osmium-ia,2017-11-23,2,11.14926063341468,0.3377722433823981,0.9778587231365444,0.1412800294907148
microsoft-osmium-ia,2017-11-23,3,11.09934509982432,0.3773356885074573,0.9772636146287876,0.1480687861415825
microsoft-osmium-ia,2017-11-23,4,11.031492741558653,0.3816960922888728,0.9764323650426384,0.1433642147249386
microsoft-osmium-ia,2017-12-25,3,-16.403401951724117,0.0058578609409584,0.9904,0.8282339106896552
microsoft-osmium-ia,2017-12-25,4,-11.988100109792876,0.1633317984614807,0.9880242827685104,0.2885825660428994
microsoft-osmium-ia,2018-01-26,0,9.230430520595728,0.2247818241212109,0.9766077281466906,0.1484363117676848
microsoft-osmium-ia,2018-01-26,1,9.847457236343557,0.2543719156937494,0.9765720535940196,0.1514633783886112
microsoft-osmium-ia,2018-01-26,2,9.292628639590744,0.2506331934656358,0.9780357227998204,0.140416318056268
microsoft-osmium-ia,2018-01-26,3,9.715870477283303,0.2854917316886141,0.977490084399484,0.1483386847885408
microsoft-osmium-ia,2018-01-26,4,9.607658073190242,0.289970355711092,0.9766880615016964,0.1419193402800421
microsoft-osmium-ia,2018-02-11,0,-12.82198937106173,-0.0447674708975382,0.9904,0.921764862596284
microsoft-osmium-ia,2018-02-11,1,-12.168231967624935,-0.0238352063966453,0.990155675690416,0.8172961588464486
microsoft-osmium-ia,2018-02-11,2,-11.903988598150418,0.0054956123791111,0.989388316906923,0.7682886914166337
microsoft-osmium-ia,2018-02-11,3,-11.714816322632364,-0.0023905427461219,0.9898581556949998,0.7581254847928066
microsoft-osmium-ia,2018-02-11,4,-11.48177863587411,0.0015119066772751,0.9896992331715267,0.7451618026335008
microsoft-osmium-ia,2018-02-27,0,11.840586055867847,0.2687867167131584,0.9769306616788104,0.097901213492302
microsoft-osmium-ia,2018-02-27,1,12.391825443268717,0.2666693857471451,0.976649343105065,0.1176435032826262
microsoft-osmium-ia,2018-02-27,2,11.713925905369326,0.2393884610628359,0.9779587690429052,0.1239355257943021
microsoft-osmium-ia,2018-02-27,3,12.299991008229965,0.2685725512529955,0.9773135441437611,0.1332353413384112
microsoft-osmium-ia,2018-02-27,4,12.292582405667403,0.2690186438237363,0.9765438705194616,0.1294616725878256
microsoft-osmium-ia,2018-03-15,1,2.743167460689674,0.1676727700612112,0.9762,0.1896093024784483
microsoft-osmium-ia,2018-03-15,2,2.8336318039274073,0.1943462720097736,0.9755057564985592,0.1675419526677896
microsoft-osmium-ia,2018-03-15,3,3.3426767559069748,0.2226336303886966,0.975458364109804,0.1644965071308766
microsoft-osmium-ia,2018-03-15,4,4.7167357217737775,0.2278081279646047,0.9740913217984254,0.172433876647042
microsoft-osmium-ia,2018-04-16,0,0.1749320479919505,0.0192107935047103,0.9869911591467072,0.511533062092917
microsoft-osmium-ia,2018-04-16,1,2.6821881170228887,0.1043264829471757,0.9824450942674836,0.3914265007597553
microsoft-osmium-ia,2018-04-16,2,2.34340483786111,0.1224435103174122,0.982451005599942,0.3781963126133513
microsoft-osmium-ia,2018-04-16,3,3.365914894810964,0.1432477164473417,0.9816734303919168,0.3724761414959697
microsoft-osmium-ia,2018-04-16,4,2.34991339331996,0.125444492710695,0.9837720547791275,0.4346936573511957
microsoft-osmium-ia,2018-05-18,0,40.296603067919875,0.3097058144745903,0.9776182571897404,0.1798128055352586
microsoft-osmium-ia,2018-05-18,1,38.2289316101725,0.4235111173400683,0.9789496338630812,0.1908761673535413
microsoft-osmium-ia,2018-05-18,2,35.27397187643527,0.4878070853691739,0.9808376476474704,0.1811206461549712
microsoft-osmium-ia,2018-05-18,3,34.96026827662176,0.5308281592458811,0.9808069664733716,0.1869327573201295
microsoft-osmium-ia,2018-05-18,4,33.76480169274137,0.5592486552657948,0.9805287425408488,0.1784253826293367
microsoft-osmium-ia,2018-06-03,0,30.86442532826289,0.3977346658910182,0.97912545942973,0.1807855562806646
microsoft-osmium-ia,2018-06-03,1,30.44883846765391,0.5679955048261589,0.9814924743825362,0.185753972926974
microsoft-osmium-ia,2018-06-03,2,29.72947115371423,0.5770818516841845,0.9823395621548264,0.1834072941046272
microsoft-osmium-ia,2018-06-03,3,29.842421615793867,0.6056878115376731,0.9821763758918822,0.1870850508897979
microsoft-osmium-ia,2018-06-03,4,29.390916223641423,0.621473805474437,0.9815910190766944,0.1792882931459626
microsoft-osmium-ia,2018-07-05,0,40.00224988356569,0.6926895955719514,0.9837880332362138,0.2131684430015995
microsoft-osmium-ia,2018-07-05,1,36.429191911665974,0.8076002095614158,0.9853027387895924,0.2190764796272187
microsoft-osmium-ia,2018-07-05,2,37.98401576967272,0.7722582852481091,0.9848293918586828,0.200672777469078
microsoft-osmium-ia,2018-07-05,3,38.89875202329486,0.7608105448968215,0.9843002514459572,0.2028368486419693
microsoft-osmium-ia,2018-07-05,4,38.155149777010855,0.7451974167760895,0.9832848541221256,0.1943354113895332
microsoft-osmium-ia,2018-07-21,0,33.60668083222784,0.6116042422207725,0.9822843441620718,0.2091275402980893
microsoft-osmium-ia,2018-07-21,1,29.963447045121757,0.7902146663218548,0.9849423583321476,0.1925406285007797
microsoft-osmium-ia,2018-07-21,2,30.157535458859694,0.7282531545826135,0.9847976796118902,0.1866472061945411
microsoft-osmium-ia,2018-07-21,3,30.93114272518657,0.7415068006887566,0.9842876029209496,0.1920825121581918
microsoft-osmium-ia,2018-07-21,4,31.010447516456708,0.7171127928649619,0.9832052507958636,0.1854442182281299
microsoft-osmium-ia,2018-08-06,1,15.655973708860136,0.7296567621978521,0.9820553520682036,0.2441974351926113
microsoft-osmium-ia,2018-08-06,2,23.584563475904012,0.7363209001263368,0.9832619550448926,0.2470030457721481
microsoft-osmium-ia,2018-08-06,3,26.49271448059838,0.750485941623465,0.9835758606638446,0.2153021596183832
microsoft-osmium-ia,2018-08-06,4,28.73019568413468,0.6984647102174295,0.9811061766295532,0.2098631337700984
microsoft-osmium-ia,2018-08-22,0,26.21393195694187,0.7251964349435276,0.983904837705285,0.1685767435402677
microsoft-osmium-ia,2018-08-22,1,26.293328518706954,0.7241855238031678,0.983452121594123,0.1617407670067455
microsoft-osmium-ia,2018-08-22,2,26.14337702088034,0.7178803285301831,0.9839570520238012,0.1587126583376642
microsoft-osmium-ia,2018-08-22,3,26.44331586913059,0.7179638925915295,0.983349242140394,0.1619655383498504
microsoft-osmium-ia,2018-08-22,4,26.76403983736165,0.6976304903303953,0.9824407371680784,0.1576274899635538
microsoft-osmium-ia,2018-09-23,0,26.653513199042063,0.5622847263821373,0.981702214535388,0.1547923430366338
microsoft-osmium-ia,2018-09-23,1,26.463958458952632,0.4689972909213623,0.9793732598079692,0.1308005748629998
microsoft-osmium-ia,2018-09-23,2,26.067458674547343,0.5527672638690023,0.9818853333722196,0.1351487883404348
microsoft-osmium-ia,2018-09-23,3,26.24204445605762,0.582385961680012,0.98157104335474,0.1420150884684112
microsoft-osmium-ia,2018-09-23,4,26.044253674556305,0.5865845697439233,0.9811253064462192,0.1403601481001294
microsoft-osmium-ia,2018-11-26,0,-6.400004023644689,0.413737837342307,0.9757215912654946,0.0801745579363333
microsoft-osmium-ia,2018-11-26,1,-6.354172792743089,0.3837539696695539,0.9765602006625668,0.1085936195269729
microsoft-osmium-ia,2018-11-26,2,-5.6412845901978415,0.3946513873475801,0.9772330407038254,0.1258281803220594
microsoft-osmium-ia,2018-11-26,3,-5.69584293014818,0.3803124101873324,0.9779245788262734,0.1673061246495338
microsoft-osmium-ia,2018-11-26,4,-5.6914975764090645,0.349567478232696,0.9766295401739448,0.1839327937111405
microsoft-osmium-ia,2018-12-12,2,-1.932581596423318,0.0747888050951063,0.9721460173064124,0.4413626954210117
microsoft-osmium-ia,2018-12-12,3,-1.5331255149046472,0.0881955345693277,0.9706175373825046,0.4990962181328285
microsoft-osmium-ia,2018-12-12,4,-1.285461008061582,0.098479062255799,0.96915871968793,0.4520363733896401
microsoft-osmium-ia,2019-01-13,0,-6.517964748809296,-0.0332571843460334,0.9904,0.9335372588978909
microsoft-osmium-ia,2019-01-13,1,-5.672182999487492,-0.0137406639019206,0.9903626835798216,0.8075512659148355
microsoft-osmium-ia,2019-01-13,2,-5.684848050166119,0.0028907665330362,0.9903509271215634,0.6775854935479243
microsoft-osmium-ia,2019-01-13,3,-5.90834689228151,0.0004149295682418459,0.9903452295192778,0.6723424777187111
microsoft-osmium-ia,2019-01-13,4,-5.554720259536862,0.0115213920501818,0.9903545549970636,0.6677295754578967
microsoft-osmium-ia,2019-01-29,0,-16.500916698138543,-0.0580553970917731,0.9904,0.8697297732217917
microsoft-osmium-ia,2019-01-29,1,-16.426995283576986,-0.0396492024752314,0.990099116059265,0.7703036264820167
microsoft-osmium-ia,2019-01-29,2,-16.558620723498766,-0.0157458419966665,0.9892736712353554,0.6911057252098969
microsoft-osmium-ia,2019-01-29,3,-16.927194080984215,-0.0217375914289737,0.9899657786892206,0.7058278626727795
microsoft-osmium-ia,2019-01-29,4,-16.63180583256857,-0.0165289299238832,0.9897721813222112,0.6993395317842069
microsoft-osmium-ia,2019-02-14,2,-4.828872421356414,-0.0089354250258605,0.9904,0.8748580039735875
microsoft-osmium-ia,2019-02-14,3,-7.63318143317826,-0.0226761208101294,0.9904,0.892437116437548
microsoft-osmium-ia,2019-02-14,4,-4.289071455843098,-0.0164125711814754,0.9903656920569144,0.7342857082508298
microsoft-osmium-ia,2019-03-18,0,8.390271553394046,0.215324511794891,0.976169291048676,0.1211007808884731
microsoft-osmium-ia,2019-03-18,1,8.843397538978614,0.2243223815229461,0.9761051097047104,0.1611372770176585
microsoft-osmium-ia,2019-03-18,2,7.711254641378462,0.217596964221386,0.9773342112368424,0.1460640425591637
microsoft-osmium-ia,2019-03-18,3,7.778303437007286,0.2412471376650953,0.9766051647671964,0.1414172715073258
microsoft-osmium-ia,2019-03-18,4,6.6569369928269975,0.2300915865311691,0.976557650691686,0.1327193876779118
microsoft-osmium-ia,2019-04-19,0,16.7883198260773,0.2565900744393143,0.9759580015612804,0.146152468778786
microsoft-osmium-ia,2019-04-19,1,20.050886856076787,0.257341396292082,0.9759851971270804,0.2207995973845909
microsoft-osmium-ia,2019-04-19,2,22.732890536612505,0.3107697655839763,0.9773650028615696,0.2003090027677232
microsoft-osmium-ia,2019-04-19,3,23.67933573510817,0.3571761049082699,0.9778592955355552,0.1846633850648233
microsoft-osmium-ia,2019-04-19,4,23.854956433444844,0.3877869181377646,0.9779304200848898,0.1784016839076614
microsoft-osmium-ia,2019-05-05,0,30.120608891594312,0.2579394584252047,0.9768927182149164,0.1835360122802168
microsoft-osmium-ia,2019-05-05,1,30.525803875512253,0.3812931476428237,0.9783784504218942,0.1901011186060169
microsoft-osmium-ia,2019-05-05,2,28.820996443925427,0.4357253259567918,0.9800542054127874,0.1687962345922314
microsoft-osmium-ia,2019-05-05,3,28.81803628613588,0.4756067852771287,0.979892386790504,0.1715091074204043
microsoft-osmium-ia,2019-05-05,4,28.19122877784063,0.4977578880721813,0.9794610411478342,0.1634890011778392
microsoft-osmium-ia,2019-06-06,3,5.260291582771377,0.5634126169125964,0.9767634238094768,0.1177457188416651
microsoft-osmium-ia,2019-06-06,4,11.581914938675569,0.5100366008762134,0.9724611652010836,0.1175515666652388
microsoft-osmium-ia,2019-07-08,0,34.83002859058499,0.449036566439684,0.979730145477476,0.2121314859903548
microsoft-osmium-ia,2019-07-08,1,34.361420396089095,0.5799004266955459,0.9816300349906412,0.2126990730502647
microsoft-osmium-ia,2019-07-08,2,33.193556168375835,0.6704164380457577,0.983014898088148,0.1961210470869605
microsoft-osmium-ia,2019-07-08,3,32.411165548790805,0.7178687701407621,0.9837079220615602,0.199224662389955
microsoft-osmium-ia,2019-07-08,4,31.460972007534025,0.7252268976279349,0.9832676583771822,0.1884550244546037
microsoft-osmium-ia,2019-07-24,0,35.84895999926523,0.4160276828853728,0.9787776565503864,0.1571331806620219
microsoft-osmium-ia,2019-07-24,1,32.190046495349925,0.6673498111453582,0.9831368610101912,0.2009145833446323
microsoft-osmium-ia,2019-07-24,2,30.47444981951676,0.7122794616807252,0.9841697630474328,0.1871156756232174
microsoft-osmium-ia,2019-07-24,3,30.233803368565216,0.7402568616765574,0.984165694425316,0.194735255027616
microsoft-osmium-ia,2019-07-24,4,30.33029660145992,0.7279439912179719,0.9832931420538772,0.1877726457544848
microsoft-osmium-ia,2019-08-09,0,37.06939251457309,0.4200311045111048,0.9795038554370196,0.208872395556588
microsoft-osmium-ia,2019-08-09,1,30.28778466872345,0.7497251302862934,0.9845240820061846,0.197939954490666
microsoft-osmium-ia,2019-08-09,2,29.373625168645944,0.7506378416207123,0.9848552750461425,0.1811835648936396
microsoft-osmium-ia,2019-08-09,3,29.37612195147158,0.7605223416705507,0.9844767101294594,0.1844457103600779
microsoft-osmium-ia,2019-08-09,4,29.835001083411953,0.7271967074665676,0.9831531839803772,0.1756838326845161
microsoft-osmium-ia,2019-09-10,0,26.488571443215267,0.4872762404690393,0.9797151931127586,0.1276936236910059
microsoft-osmium-ia,2019-09-10,1,25.214661136179117,0.7938339624471843,0.9847981195426048,0.1760384010882858
microsoft-osmium-ia,2019-09-10,2,23.588394665665263,0.7792631052702566,0.9839798433370484,0.1724969788723887
microsoft-osmium-ia,2019-09-10,3,23.01927795308612,0.7845714247780943,0.9841793892704686,0.1918789071900672
microsoft-osmium-ia,2019-09-10,4,24.207943707515767,0.7895230132565744,0.984406173788071,0.1913017036036724
microsoft-osmium-ia,2019-09-26,0,26.019956272926446,0.3974342677002859,0.9791109717683096,0.1734675523600687
microsoft-osmium-ia,2019-09-26,1,23.996200004008333,0.6980825465284226,0.983701954396902,0.1749154718348361
microsoft-osmium-ia,2019-09-26,2,23.69192258303967,0.6712245031941487,0.9838314537733908,0.1565230968099539
microsoft-osmium-ia,2019-09-26,3,23.82302424109933,0.6676046870052654,0.9829231875797791,0.1516986006619455
microsoft-osmium-ia,2019-09-26,4,23.816548975403297,0.6407050576016506,0.981697279590662,0.1436353647691888
microsoft-osmium-ia,2019-10-12,0,12.07787122783251,0.3544948469510082,0.9783043427075316,0.1465331763831753
microsoft-osmium-ia,2019-10-12,1,12.74960792282502,0.5210049188261623,0.9803892936201428,0.1361065506179403
microsoft-osmium-ia,2019-10-12,2,12.591763281271696,0.5383438243592524,0.9817979676587424,0.1339560304407816
microsoft-osmium-ia,2019-10-12,3,12.54671569289269,0.5550686654955231,0.9811252553890504,0.1339206390061585
microsoft-osmium-ia,2019-10-12,4,12.586057421733011,0.5586415975317099,0.9806205424844964,0.1335361570478208
microsoft-osmium-ia,2019-10-28,0,9.8653952295316,0.282823948362185,0.976945232067126,0.157008971678299
microsoft-osmium-ia,2019-10-28,1,9.630303731955548,0.4001598981697845,0.978288023012156,0.1401303678065495
microsoft-osmium-ia,2019-10-28,2,8.876181307005083,0.4513344157337328,0.9801725662148162,0.1388822673586209
microsoft-osmium-ia,2019-10-28,3,8.684299572736437,0.453271834596425,0.9793572342409064,0.1415294848644767
microsoft-osmium-ia,2019-10-28,4,8.239782293608496,0.4519211029228809,0.9785514700435526,0.1409193667716652
microsoft-osmium-ia,2020-01-16,0,-11.45031405476418,0.0216137209057168,0.9876563683801536,0.4881894969390239
microsoft-osmium-ia,2020-01-16,1,-12.647638771627967,0.03150464176481,0.9884137791326868,0.5488442160324823
microsoft-osmium-ia,2020-01-16,2,-12.298673084720916,0.0841287078856148,0.9873643720334696,0.4664229013481274
microsoft-osmium-ia,2020-01-16,3,-12.503168811296064,0.0850942487895574,0.98758219596844,0.4833017404941439
microsoft-osmium-ia,2020-01-16,4,-12.001919600322942,0.093616078506245,0.9868418604651432,0.4520521255159426
microsoft-osmium-ia,2020-02-01,0,0.2342367908504253,-0.0595107700295801,0.9899024231708156,0.6368545469299198
microsoft-osmium-ia,2020-02-01,1,0.0693270292240335,-0.049796823551891,0.9900176866934632,0.6724227972789798
microsoft-osmium-ia,2020-02-01,2,0.2499908940052922,-0.0176370776880058,0.988979712153494,0.6094021317982604
microsoft-osmium-ia,2020-02-01,3,0.221215429572962,-0.0247541195059171,0.9896810487598552,0.6051871501964091
microsoft-osmium-ia,2020-02-01,4,0.3069769107567683,-0.0182440965402139,0.9893721725531744,0.579092188954194
microsoft-osmium-ia,2020-03-04,0,17.380471579266658,0.203013463982408,0.976276418289006,0.1862004925396927
microsoft-osmium-ia,2020-03-04,1,17.227346871672605,0.2336767863079999,0.9761799051210688,0.1705358315603506
microsoft-osmium-ia,2020-03-04,2,15.467339357610406,0.2304720108736557,0.9776277427135274,0.1612236921749242
microsoft-osmium-ia,2020-03-04,3,16.030434815664115,0.2555198634357007,0.9768930520375144,0.166396624993023
microsoft-osmium-ia,2020-03-04,4,15.790310016562213,0.2500470912727388,0.9760977950508476,0.1601653379067083
microsoft-osmium-ia,2020-03-20,0,5.886728564521366,0.2367372178843942,0.9760180680996888,0.155337911450253
microsoft-osmium-ia,2020-03-20,1,5.797432474657584,0.2774129152396204,0.9763397665754038,0.139379964162116
microsoft-osmium-ia,2020-03-20,2,5.267752482123631,0.2686495699560385,0.9779269805575542,0.1361128812842733
microsoft-osmium-ia,2020-03-20,3,5.799922361594128,0.3078345170011269,0.9772823620678454,0.1418347152927643
microsoft-osmium-ia,2020-03-20,4,5.881054445106431,0.3057403357823843,0.9766579622814195,0.1383081532991774
microsoft-osmium-ia,2020-04-05,0,17.18835420213262,0.2329529132319567,0.976499332730306,0.2001798403219528
microsoft-osmium-ia,2020-04-05,1,17.83679689310038,0.2808519708434981,0.976576805570917,0.1723704559107513
microsoft-osmium-ia,2020-04-05,2,16.495785654898143,0.3225126023315785,0.9779759554073776,0.1612058767034086
microsoft-osmium-ia,2020-04-05,3,16.62066833729097,0.3389226675689911,0.9773701294595544,0.1678938436844793
microsoft-osmium-ia,2020-04-05,4,16.14942819420899,0.3441207308330196,0.9764982025629676,0.162757376278709
microsoft-osmium-ia,2020-04-21,0,25.50560416345474,0.2497846377476417,0.9767709342230276,0.2171728459865178
microsoft-osmium-ia,2020-04-21,1,26.348995388242763,0.3192448566922108,0.97704031415199,0.1806776411686874
microsoft-osmium-ia,2020-04-21,2,23.886178161804633,0.3670031822943466,0.9790178405299425,0.1687295815592134
microsoft-osmium-ia,2020-04-21,3,24.362359874922113,0.3897202783961007,0.97839548258412,0.1751565648425895
microsoft-osmium-ia,2020-04-21,4,23.764962088082072,0.3955543849050134,0.9778609452212992,0.1694229890133339
microsoft-osmium-ia,2020-05-07,3,5.071664120000037,0.4982401769615834,0.9788,0.1769640549999999
microsoft-osmium-ia,2020-05-07,4,9.007074557414924,0.4677443299723273,0.9789790248404706,0.1912248647804577
microsoft-osmium-ia,2020-06-08,0,43.06256934653091,0.3602460036232075,0.978571130131226,0.2384657280956902
microsoft-osmium-ia,2020-06-08,1,42.07022789040899,0.5530845834507103,0.9810518229573064,0.1991394589888469
microsoft-osmium-ia,2020-06-08,2,38.76876824883155,0.5949421831823059,0.982489420061004,0.1884653697392142
microsoft-osmium-ia,2020-06-08,3,38.80685130488942,0.6133635363406659,0.9820442094160596,0.1945359963935922
microsoft-osmium-ia,2020-06-08,4,38.15591427079384,0.6108522084372958,0.98124322480779,0.1870034712007169
microsoft-osmium-ia,2020-06-24,0,33.754611154712876,0.4289567043977575,0.979535301490422,0.2637072187449659
microsoft-osmium-ia,2020-06-24,1,31.039054931884596,0.7144856698050529,0.983171143287198,0.2019927652805951
microsoft-osmium-ia,2020-06-24,2,29.6598350148054,0.7267129264497378,0.9834542802781386,0.2104433451708488
microsoft-osmium-ia,2020-06-24,3,31.997489214620003,0.6865402670713732,0.9829189067835792,0.2074399477300372
microsoft-osmium-ia,2020-06-24,4,30.435122099079035,0.7038381984617422,0.9822163899917812,0.2006440205417397
microsoft-osmium-ia,2020-07-10,0,39.469324337838586,0.4188733760766365,0.9794659992454574,0.229437350719644
microsoft-osmium-ia,2020-07-10,1,33.305609447655584,0.7851584986750199,0.9849335994448484,0.1947179831397243
microsoft-osmium-ia,2020-07-10,2,33.37219004959641,0.7425593941659795,0.9847298617847328,0.1834788074516354
microsoft-osmium-ia,2020-07-10,3,33.99441303943273,0.7445040881490209,0.9841164682231603,0.185153370930945
microsoft-osmium-ia,2020-07-10,4,34.40851863459752,0.7086133393440812,0.9828352990654604,0.1794328475680727
microsoft-osmium-ia,2020-08-11,0,32.25727802537075,0.426194999889003,0.9794507061331568,0.2085335276441467
microsoft-osmium-ia,2020-08-11,1,28.838488785642607,0.7908212694593176,0.9848465849190692,0.1831734528703452
microsoft-osmium-ia,2020-08-11,2,28.783515048526652,0.7554903753676396,0.984840426383732,0.1735110050468655
microsoft-osmium-ia,2020-08-11,3,29.004908785200925,0.7643627984677643,0.9843896949468344,0.1753799373151595
microsoft-osmium-ia,2020-08-11,4,29.36752783544415,0.7243634382341687,0.9829863392839684,0.1707542676839068
microsoft-osmium-ia,2020-08-27,3,25.63618145000004,0.8960944551624934,0.9834,0.09610331625
microsoft-osmium-ia,2020-08-27,4,23.01626912000006,0.6953780088145554,0.9822,0.0888940675
microsoft-osmium-ia,2020-10-14,0,26.497051605507743,0.304839931293754,0.9778258930641222,0.2260001031111221
microsoft-osmium-ia,2020-10-14,1,26.347284226440507,0.4160603684991346,0.9788395712720772,0.1628593635002553
microsoft-osmium-ia,2020-10-14,2,25.336076159836175,0.4733411296875618,0.980507582920262,0.1572167590141143
microsoft-osmium-ia,2020-10-14,3,26.32509543609891,0.4671479903769153,0.9796377022718052,0.1613938911417026
microsoft-osmium-ia,2020-10-14,4,26.006028346010694,0.4748137307782414,0.9785941434910944,0.1643576353152756
microsoft-osmium-ia,2020-10-30,0,11.643059675923045,0.2787762873979371,0.9772809566499508,0.1947100540833277
microsoft-osmium-ia,2020-10-30,1,11.72560384138859,0.3789977681400649,0.9779971180259356,0.1527766818677148
microsoft-osmium-ia,2020-10-30,2,11.320492435352742,0.4231839513537672,0.979956307939266,0.144529033375553
microsoft-osmium-ia,2020-10-30,3,11.884806655932314,0.425965388172584,0.978961997359522,0.1463363894444624
microsoft-osmium-ia,2020-10-30,4,11.881987593171864,0.4305543124536358,0.9781897404734068,0.1449615130984058
microsoft-osmium-ia,2020-11-15,0,6.134598247312544,0.2778795538308321,0.9743499268323372,0.0710489139144419
microsoft-osmium-ia,2020-11-15,1,6.312519039233134,0.3371593220488861,0.9762411699667262,0.1362566358759988
microsoft-osmium-ia,2020-11-15,2,6.237542792992381,0.3766402795096978,0.9780381934244624,0.1589997070565766
microsoft-osmium-ia,2020-11-15,3,6.492461511372068,0.4025824316656984,0.977671455388892,0.1504708995434371
microsoft-osmium-ia,2020-11-15,4,6.829593382130021,0.3966444561048174,0.9768656987905738,0.1508768858139203
microsoft-osmium-ia,2020-12-01,0,2.901204878062197,0.2075908441647169,0.9761121129748328,0.1868537070319906
microsoft-osmium-ia,2020-12-01,1,3.6485297609570337,0.3002692654029733,0.9768359827048017,0.1667333050842156
microsoft-osmium-ia,2020-12-01,2,3.40397881407724,0.3313984504883991,0.978606662520452,0.1439580087412046
microsoft-osmium-ia,2020-12-01,3,3.545015147606384,0.3521095322717023,0.9777134164471464,0.1466799829488382
microsoft-osmium-ia,2020-12-01,4,3.5424015141480454,0.3543566421549767,0.9768777091848276,0.1397403071180839
microsoft-osmium-ia,2021-01-18,3,-8.62085563959998,-0.0297560819189479,0.9904,0.4615371223499999
microsoft-osmium-ia,2021-01-18,4,-6.87685016806555,-0.0371778421179748,0.9904,0.4798994307294068
microsoft-osmium-ia,2021-03-07,0,16.800555106200786,0.1714463416335047,0.9760729969409224,0.1894517920233086
microsoft-osmium-ia,2021-03-07,1,18.52031297217088,0.2385514112419558,0.9764535265962516,0.1641273355908857
microsoft-osmium-ia,2021-03-07,2,17.041901661070927,0.239703918532249,0.977966096428329,0.1527274739431575
microsoft-osmium-ia,2021-03-07,3,17.507761775530458,0.2605554404051106,0.9771530067584392,0.1554541278490128
microsoft-osmium-ia,2021-03-07,4,17.372278796005194,0.2579466054528705,0.976347429032674,0.1514228969743002
microsoft-osmium-ia,2021-04-24,0,22.103902753196618,0.215009911274988,0.9766012547360132,0.2465421951191472
microsoft-osmium-ia,2021-04-24,1,22.63544685423529,0.3786678458447269,0.9782768639024096,0.1899125428725787
microsoft-osmium-ia,2021-04-24,2,20.356749351441707,0.4338274523081064,0.9800271749279236,0.1790486108525378
microsoft-osmium-ia,2021-04-24,3,21.422088888547822,0.4405434815267752,0.9795143586253008,0.18519869965438
microsoft-osmium-ia,2021-04-24,4,20.991606542485055,0.4495678385309401,0.9787187042662971,0.1841023781363837
microsoft-osmium-ia,2021-05-10,0,26.540344089437724,0.2537478449145582,0.9770869507505152,0.249832292106922
microsoft-osmium-ia,2021-05-10,1,25.394112836687395,0.4180440436805153,0.9783582490510074,0.1967428813911094
microsoft-osmium-ia,2021-05-10,2,23.91292275609793,0.4301517467727243,0.9782849108105924,0.1927889215285396
microsoft-osmium-ia,2021-05-10,3,24.00835246817871,0.4886600587579177,0.9792240437418028,0.2044205758002303
microsoft-osmium-ia,2021-05-10,4,23.529433446292725,0.5253590873095174,0.9796583419500602,0.2005593104899345
microsoft-osmium-ia,2021-05-26,0,34.324643654033835,0.2683715941556484,0.9769824459888824,0.209541908380348
microsoft-osmium-ia,2021-05-26,1,33.34509692410613,0.485266633061979,0.9795946768101156,0.1707151441544533
microsoft-osmium-ia,2021-05-26,2,31.44152355565413,0.5701220672950901,0.9818049130790332,0.1713117810684867
microsoft-osmium-ia,2021-05-26,3,31.93297007842864,0.5831896802216718,0.9812645107719103,0.1707297304375356
microsoft-osmium-ia,2021-05-26,4,31.494509772684317,0.593728090888693,0.9806435757567163,0.1655751955992603
microsoft-osmium-ia,2021-07-13,0,25.159738885686107,0.570237609443853,0.980640805711254,0.1989770502872928
microsoft-osmium-ia,2021-07-13,1,21.426908511993144,0.7653578492306428,0.9835910092712988,0.1987849451428553
microsoft-osmium-ia,2021-07-13,2,22.813432624467676,0.7386299139850252,0.9831407555172772,0.1880180750825253
microsoft-osmium-ia,2021-07-13,3,22.835795161803787,0.7664267146465316,0.9834133407385602,0.1867876932124516
microsoft-osmium-ia,2021-07-13,4,24.23569037847904,0.7428333406199998,0.9824973995682506,0.1827455808539959
microsoft-osmium-ia,2021-07-29,0,29.164532651440116,0.6822942528825995,0.977243068640646,0.2156116689855316
microsoft-osmium-ia,2021-07-29,1,29.748113128373248,0.776829202011363,0.98134059490085,0.2385971166646599
microsoft-osmium-ia,2021-07-29,2,29.436661075575103,0.7529928565882217,0.981509669613314,0.219881325357178
microsoft-osmium-ia,2021-07-29,3,29.17084431051308,0.7418250613589135,0.9788646045563992,0.2261197757408779
microsoft-osmium-ia,2021-07-29,4,30.53376960306202,0.7344537756706969,0.978233725813789,0.192873030183942
microsoft-osmium-ia,2021-08-14,0,35.34661940689971,0.370068284679865,0.9782511261312434,0.254752610746156
microsoft-osmium-ia,2021-08-14,1,28.996683634379316,0.8052166038604908,0.9841885633160048,0.1974040844563665
microsoft-osmium-ia,2021-08-14,2,29.83043664121632,0.7517239847085045,0.9836610922380752,0.1732898941930839
microsoft-osmium-ia,2021-08-14,3,29.745806177395476,0.765661486567455,0.9833599034733864,0.1735842070169906
microsoft-osmium-ia,2021-08-14,4,30.215474438969583,0.7249492817383462,0.9820323217234522,0.1682667753182875
microsoft-osmium-ia,2021-08-30,0,38.3456047994952,0.3746514289284607,0.9789090249589768,0.2451196509213365
microsoft-osmium-ia,2021-08-30,1,33.238378866963714,0.7614137650589855,0.9846432943999132,0.1895366853937598
microsoft-osmium-ia,2021-08-30,2,33.99970928932844,0.717924175792921,0.984178129819857,0.168004265885027
microsoft-osmium-ia,2021-08-30,3,34.161956800834076,0.7274150444439936,0.9837746876702316,0.1681488056103906
microsoft-osmium-ia,2021-08-30,4,34.624976265915436,0.6943849240142391,0.9823874856123472,0.1619747617663095
microsoft-osmium-ia,2021-09-15,0,32.701688053277095,0.3421589971827898,0.9777598997277286,0.2398975498429092
microsoft-osmium-ia,2021-09-15,1,30.120526320302417,0.6548807761080311,0.9815674831325488,0.1760378869415068
microsoft-osmium-ia,2021-09-15,2,29.936228219306894,0.629033029607974,0.9817877935668262,0.1545432357903763
microsoft-osmium-ia,2021-09-15,3,30.007740345964756,0.6321154131067327,0.9810456704776624,0.1556819578893219
microsoft-osmium-ia,2021-09-15,4,30.15865164583963,0.615993546475673,0.979931049463961,0.1519581188099278
microsoft-osmium-ia,2021-10-01,1,24.06263575382227,0.4693152005727054,0.9778618402423068,0.1509894754144488
microsoft-osmium-ia,2021-10-01,2,23.59080619565595,0.507565425491286,0.9789638465435104,0.1632668512250022
microsoft-osmium-ia,2021-10-01,3,23.28440965999175,0.5566584062956113,0.9785540608254084,0.1584846803396037
microsoft-osmium-ia,2021-10-01,4,23.74115655405835,0.5212644205400051,0.9750578022495258,0.1784501085791634
microsoft-osmium-ia,2021-10-17,0,23.622790718355283,0.2716021849690778,0.977200764087435,0.2251544617559466
microsoft-osmium-ia,2021-10-17,1,23.928720284089763,0.4243696750770954,0.9786585556947808,0.159018399814405
microsoft-osmium-ia,2021-10-17,2,22.650695504155657,0.4966583074724903,0.9807683539653164,0.1433347574294795
microsoft-osmium-ia,2021-10-17,3,22.604183025527963,0.4985493616230028,0.9798564498054292,0.143346958698081
microsoft-osmium-ia,2021-10-17,4,22.543983768789115,0.4972857319382365,0.9789667238189524,0.1410615785561546
microsoft-osmium-ia,2021-11-02,0,8.673664081477309,0.2900248174885708,0.9758431704789022,0.0759039889217482
microsoft-osmium-ia,2021-11-02,1,8.986671508540068,0.3870655846703436,0.9760905567957836,0.083560135103611
microsoft-osmium-ia,2021-11-02,2,9.48674400889907,0.4562346013127494,0.9790947256916684,0.1277059811514839
microsoft-osmium-ia,2021-11-02,3,10.04356128207621,0.4292595009660541,0.9783794405598948,0.1473816003131679
microsoft-osmium-ia,2021-11-02,4,10.450734805695856,0.4320316795035129,0.9778766584046594,0.1450619638189494
microsoft-osmium-ia,2021-11-18,0,3.526414597947845,0.2275811581924609,0.976220006272699,0.2174939453593506
microsoft-osmium-ia,2021-11-18,1,3.9340578908304,0.3389831246036212,0.9764748692043468,0.1536092849763599
microsoft-osmium-ia,2021-11-18,2,3.8391992508318857,0.3895121659240351,0.9784510069287586,0.1436786419730719
microsoft-osmium-ia,2021-11-18,3,3.885058887553371,0.3890143033802175,0.9774139577350536,0.1497571349061338
microsoft-osmium-ia,2021-11-18,4,4.064108099630431,0.375598148242489,0.9764409938375072,0.1419990467090555
microsoft-osmium-ia,2021-12-04,3,3.7759841508062393,0.2718002104598013,0.9708387971507204,0.2350623591104097
microsoft-osmium-ia,2021-12-04,4,3.931791062608595,0.2558182772278963,0.9718592198029052,0.2567300840754877
microsoft-osmium-ia,2021-12-20,0,3.386349668989801,0.1912063464703941,0.976463714255843,0.2210622113508344
microsoft-osmium-ia,2021-12-20,1,4.028157429067632,0.2795831153315339,0.9765711357138418,0.1669672128236444
microsoft-osmium-ia,2021-12-20,2,3.616026536999183,0.3127750771188443,0.978259078569953,0.1456542492061942
microsoft-osmium-ia,2021-12-20,3,3.724253258186083,0.3211897193189128,0.9774047672303104,0.1540513496251732
microsoft-osmium-ia,2021-12-20,4,3.7670730135886537,0.3163755668047192,0.9764183256580188,0.1461097870186155
microsoft-osmium-ia,2022-01-05,0,-12.691821693510448,0.0241686094323698,0.9846550706587768,0.5692471488192
microsoft-osmium-ia,2022-01-05,1,-13.021560649080818,0.0583574192132249,0.9875286876192224,0.5802842524193333
microsoft-osmium-ia,2022-01-05,2,-12.67928062794816,0.0980122996471836,0.9867445079591974,0.4818209304357708
microsoft-osmium-ia,2022-01-05,3,-12.872344285224896,0.1020216234172742,0.9866542329910588,0.5004150553684982
microsoft-osmium-ia,2022-01-05,4,-12.572282476369818,0.122154335496905,0.9854909541255376,0.4729104638285381
microsoft-osmium-ia,2022-01-21,0,-12.422579391648911,-0.0340548204467596,0.985765626974431,0.6041757580929966
microsoft-osmium-ia,2022-01-21,1,-13.357075507672755,-0.0275028211442198,0.9896866592222096,0.6811846688986555
microsoft-osmium-ia,2022-01-21,2,-13.143274620396324,0.0017881028458702,0.9886971866067156,0.5992228486861266
microsoft-osmium-ia,2022-01-21,3,-13.41806979179244,-0.0013344188819704,0.989352933115667,0.6158968998693739
microsoft-osmium-ia,2022-01-21,4,-13.296539776114177,0.0012484730595058,0.9889641642627004,0.6043412373237832
microsoft-osmium-ia,2022-02-06,0,3.467115887090715,0.068030828755387,0.9768818441734392,0.3333335838729142
microsoft-osmium-ia,2022-02-06,1,2.892725794126224,0.0748996946974861,0.9804077391026332,0.3450669547734467
microsoft-osmium-ia,2022-02-06,2,2.736059237255164,0.1041069839135881,0.980024646564586,0.2986828521370576
microsoft-osmium-ia,2022-02-06,3,2.5990332562357965,0.0963669857103552,0.9813136042636296,0.3331436739706154
microsoft-osmium-ia,2022-02-06,4,2.626108067029302,0.1001296462481599,0.9807336000879212,0.3238171933357561
microsoft-osmium-ia,2022-03-26,0,5.211132374133399,0.1503161762693328,0.9753984036436188,0.225625771741253
microsoft-osmium-ia,2022-03-26,1,6.00380251873365,0.222511093586445,0.9758703208641228,0.1734055948182687
microsoft-osmium-ia,2022-03-26,2,5.351800765753331,0.2439713640457363,0.9764670794777278,0.1592285188520502
microsoft-osmium-ia,2022-03-26,3,6.2431121094783215,0.2564265544407217,0.9762818360741709,0.1672162710834555
microsoft-osmium-ia,2022-03-26,4,6.60964786392731,0.2501664125878241,0.9753889277122232,0.1633292631394123
microsoft-osmium-ia,2022-04-11,0,18.41341654742096,0.1674744370638581,0.9755769991954586,0.2423592459186322
microsoft-osmium-ia,2022-04-11,1,18.860768865815416,0.237335189562632,0.976023421247608,0.1906140698622574
microsoft-osmium-ia,2022-04-11,2,17.828283155922502,0.2758613688971096,0.9769398017022318,0.1833952012024605
microsoft-osmium-ia,2022-04-11,3,17.097094939611406,0.27834408047432,0.976520214371356,0.190716380478555
microsoft-osmium-ia,2022-04-11,4,15.859965711316471,0.2773573590530307,0.9755146653084338,0.1945024821423384
microsoft-osmium-ia,2022-04-27,0,13.989596731421225,0.2587025089286278,0.9761289792830043,0.2098275141704943
microsoft-osmium-ia,2022-04-27,1,14.599353645460669,0.2767258649012736,0.9763973865351788,0.2065736499512037
microsoft-osmium-ia,2022-04-27,2,14.449211874160602,0.3169061548685367,0.9772365571505016,0.2033524261730944
microsoft-osmium-ia,2022-04-27,3,15.376859420743642,0.3353098792516294,0.9771767453510486,0.2021891089206881
microsoft-osmium-ia,2022-04-27,4,15.857669161487928,0.3682025392770796,0.9771926060257676,0.192716568065776
microsoft-osmium-ia,2022-05-29,0,20.447468193610153,0.2923313727565139,0.9769498444907284,0.224044271294214
microsoft-osmium-ia,2022-05-29,1,20.22937349230816,0.4065526206297468,0.9776611297167036,0.2146573903300645
microsoft-osmium-ia,2022-05-29,2,18.410691944495507,0.4973317586710734,0.9795094641256428,0.1706939918782356
microsoft-osmium-ia,2022-05-29,3,18.856735904218496,0.5494758658959789,0.980468758766026,0.1916553038577708
microsoft-osmium-ia,2022-05-29,4,18.61100380175429,0.5721085173634824,0.9792063087499532,0.1787289665905015
microsoft-osmium-ia,2022-06-14,0,41.96521486527246,0.3077896456210585,0.9777721042177088,0.2528054361298242
microsoft-osmium-ia,2022-06-14,1,41.54781160860169,0.5127635309906358,0.9806842281579214,0.1924209600894699
microsoft-osmium-ia,2022-06-14,2,37.63774118484159,0.5985082003660752,0.9817532390687383,0.1831153712002458
microsoft-osmium-ia,2022-06-14,3,38.52375938921817,0.5970732128490949,0.9815076267613012,0.1874923686868412
microsoft-osmium-ia,2022-06-14,4,38.02358585293447,0.6117255376631376,0.9804142943083368,0.1801844978683182
microsoft-osmium-ia,2022-08-01,0,39.44651476667864,0.3444110658682408,0.9782128590324576,0.2592243822530468
microsoft-osmium-ia,2022-08-01,1,33.63285143203885,0.7574582635300959,0.9842123033519752,0.1914027355809137
microsoft-osmium-ia,2022-08-01,2,34.82737749318584,0.680557293683372,0.983227695360544,0.1754224932053784
microsoft-osmium-ia,2022-08-01,3,34.67208415442329,0.7005720893927276,0.9831224630536074,0.1794061788818727
microsoft-osmium-ia,2022-08-01,4,34.90904041533886,0.6716889134347946,0.9817929514248908,0.1731699112857333
microsoft-osmium-ia,2022-08-17,0,34.513766672821106,0.3658627246722267,0.978513494484116,0.2464252465191863
microsoft-osmium-ia,2022-08-17,1,30.20855868258835,0.7766313761176874,0.9844941871124048,0.1834739825637767
microsoft-osmium-ia,2022-08-17,2,30.462451027853348,0.7175018143339653,0.983980479398084,0.1700495900393103
microsoft-osmium-ia,2022-08-17,3,30.767913649014325,0.7234945516766045,0.9835392444026596,0.1749772508612432
microsoft-osmium-ia,2022-08-17,4,31.269865487240544,0.6838231971540989,0.9820488081483398,0.1675224849401185
microsoft-osmium-ia,2022-09-02,0,33.35390315108582,0.4046978078564776,0.9793794832750762,0.2327367298627164
microsoft-osmium-ia,2022-09-02,1,29.98110973938041,0.7955716333883377,0.9850706654100994,0.1754454004913833
microsoft-osmium-ia,2022-09-02,2,29.89696563005431,0.7401074967625793,0.9845178118568126,0.1615091125377145
microsoft-osmium-ia,2022-09-02,3,30.019195808202127,0.7717453523787811,0.9845344456652436,0.1658897828162445
microsoft-osmium-ia,2022-09-02,4,30.440706833356632,0.7308926352178876,0.9830096314025698,0.1582232932265351
microsoft-osmium-ia,2022-10-04,2,-4.161262404999974,0.7454389164523189,0.983725,0.2562462525
microsoft-osmium-ia,2022-10-04,3,-0.6561037365853467,0.5592468388187632,0.9809560975609756,0.2303314182317073
microsoft-osmium-ia,2022-10-04,4,0.9202475211649778,0.5668012256597236,0.9815942599960864,0.2276734824704846
microsoft-osmium-ia,2022-10-20,0,19.150269696074847,0.2652354189770291,0.9773761565625758,0.2529296498119419
microsoft-osmium-ia,2022-10-20,1,18.948805640461114,0.4392310772668311,0.9795435017325776,0.1720185437450927
microsoft-osmium-ia,2022-10-20,2,18.79051726124888,0.4612682982173606,0.980538916103707,0.1610566487798464
microsoft-osmium-ia,2022-10-20,3,19.235922863522344,0.4541676173792935,0.9796888359694408,0.1661117481045537
microsoft-osmium-ia,2022-10-20,4,19.356871975261633,0.4476226666116158,0.978564869719686,0.1572635357749577
microsoft-osmium-ia,2022-11-21,0,5.61219548694144,0.1838329457211871,0.9759141076631476,0.2625072867593783
microsoft-osmium-ia,2022-11-21,1,5.2297683082082775,0.227027034347183,0.9758499650757044,0.2484884081651903
microsoft-osmium-ia,2022-11-21,2,5.5230840306744176,0.2845889976013491,0.977601054966077,0.1933263823081976
microsoft-osmium-ia,2022-11-21,3,5.876159724685875,0.282448117003627,0.9767853603521276,0.1996152413768498
microsoft-osmium-ia,2022-11-21,4,6.0389774314408,0.2784249467486007,0.9756759643814638,0.185064188724006
microsoft-osmium-ia,2022-12-07,0,5.991780745273999,0.1997372428080212,0.9765801887264144,0.2496682052888394
microsoft-osmium-ia,2022-12-07,1,6.732225638011136,0.2781309032190099,0.9769546040221267,0.2039859637122442
microsoft-osmium-ia,2022-12-07,2,6.343621280351219,0.3038154116551318,0.9782927116076828,0.1676386732554389
microsoft-osmium-ia,2022-12-07,3,6.744054874626385,0.3183653121358458,0.9774788548377578,0.1666944182272569
microsoft-osmium-ia,2022-12-07,4,6.697761871538817,0.3213439460134418,0.9765321115801368,0.1571948044132651
microsoft-osmium-ia,2023-01-08,2,-2.5565722192116787,0.4703246695813936,0.973789487744294,0.0394489052646421
microsoft-osmium-ia,2023-01-08,3,-2.861979703926185,0.5846720374670819,0.9753583076874266,0.0490362936957069
microsoft-osmium-ia,2023-01-08,4,-2.412482159176878,0.5398646943280674,0.9760053933487453,0.0622515555416498
microsoft-osmium-ia,2023-01-24,3,-2.7064738597358797,-0.0024143061395492,0.9787653359851408,0.5135779760498833
microsoft-osmium-ia,2023-01-24,4,-2.9145992738159783,-0.0056885993655538,0.977859577727046,0.5631533500348386
microsoft-osmium-ia,2023-02-25,0,4.687933754436134,0.1324522202815457,0.975630127590328,0.2466699466675378
microsoft-osmium-ia,2023-02-25,1,5.407180185258424,0.2029907558441002,0.9757307898951358,0.1839551890896689
microsoft-osmium-ia,2023-02-25,2,4.39746995725571,0.2176404818266212,0.9773362054605126,0.1579742518401519
microsoft-osmium-ia,2023-02-25,3,4.967231988180483,0.2391280789111412,0.976545040946393,0.1625289266124715
microsoft-osmium-ia,2023-02-25,4,4.867009110276657,0.2361566271192283,0.9757709630004816,0.1552492855555522
microsoft-osmium-ia,2023-04-14,0,33.89099370784954,0.192173217957806,0.9758768218333996,0.2857325923321799
microsoft-osmium-ia,2023-04-14,1,34.59534113301264,0.2721069856728415,0.9764200004019772,0.2051495881349932
microsoft-osmium-ia,2023-04-14,2,31.816290020788095,0.3239138871583889,0.9784484311120398,0.1813317807851916
microsoft-osmium-ia,2023-04-14,3,32.747530444366724,0.3408269656720321,0.9777079072434404,0.183075985931453
microsoft-osmium-ia,2023-04-14,4,32.32171541446824,0.3479179766212826,0.976852707325356,0.1786518648729749
microsoft-osmium-ia,2023-05-16,4,8.390504216607392,0.5743761782593506,0.981223230572096,0.1914965797067913
microsoft-osmium-ia,2023-06-17,0,37.62871854034059,0.3317301368249025,0.9783713905845888,0.2622982285896427
microsoft-osmium-ia,2023-06-17,1,36.73579369174211,0.5057140627577121,0.980888596194844,0.2071023987547821
microsoft-osmium-ia,2023-06-17,2,32.9420537930799,0.6122176161369892,0.9824915590308432,0.1910313308433764
microsoft-osmium-ia,2023-06-17,3,32.595602119721,0.6597510847810037,0.98299568429993,0.1905602502901285
microsoft-osmium-ia,2023-06-17,4,32.62278411044111,0.657384876788972,0.98185921787307,0.1860711545416495
microsoft-osmium-ia,2023-07-03,0,41.798380762347094,0.33011284179874,0.9782235889836866,0.261563826679958
microsoft-osmium-ia,2023-07-03,1,38.52967616743256,0.6171714984753407,0.9823389379377846,0.1891589820103704
microsoft-osmium-ia,2023-07-03,2,36.2740638944024,0.6683879398669443,0.9834639376370454,0.1773677121403093
microsoft-osmium-ia,2023-07-03,3,35.33155104554475,0.7315641459677804,0.9840162225543864,0.1791173644030785
microsoft-osmium-ia,2023-07-03,4,35.52265343283673,0.7089085020390354,0.9828281370389188,0.1735804978825049
microsoft-osmium-ia,2023-07-19,0,28.569036667433213,0.4267388237444711,0.978157395038168,0.168184571548187
microsoft-osmium-ia,2023-07-19,1,26.77516372579875,0.6854526976710356,0.9829885735842732,0.200532769132435
microsoft-osmium-ia,2023-07-19,2,25.650214301354307,0.766018910997819,0.984332032491071,0.2035323408198822
microsoft-osmium-ia,2023-07-19,3,25.12035675105034,0.765468399555084,0.983831474349268,0.1833713107266905
microsoft-osmium-ia,2023-07-19,4,27.07412332344398,0.7059993271970699,0.9809280627839266,0.1780987015371595
microsoft-osmium-ia,2023-08-20,4,28.59844266320002,0.8245420348690308,0.983904,0.2476947512999999
microsoft-osmium-ia,2023-09-05,0,40.008906711377094,0.3652638116662778,0.9787272816941732,0.256561721717424
microsoft-osmium-ia,2023-09-05,1,36.37709073800515,0.718333797433835,0.9841693446505224,0.1968562112924222
microsoft-osmium-ia,2023-09-05,2,36.80822120978061,0.6403204416406701,0.983131098870258,0.1742640404427388
microsoft-osmium-ia,2023-09-05,3,37.76827556386713,0.660110736714651,0.9827552353121698,0.1694724899598639
microsoft-osmium-ia,2023-09-05,4,37.69582892179823,0.6398513488498618,0.9811536958826418,0.1666957917685201
microsoft-osmium-ia,2023-09-21,0,29.13396896603758,0.3280344220025203,0.9783317025831696,0.237818122096854
microsoft-osmium-ia,2023-09-21,1,28.104469136944456,0.5898453459133987,0.9818526234130648,0.1707329089167862
microsoft-osmium-ia,2023-09-21,2,27.287090539020685,0.5869298017011243,0.9823329984921364,0.1512483821601642
microsoft-osmium-ia,2023-09-21,3,27.404166169458342,0.5995258498219458,0.981724377416204,0.1454817365992443
microsoft-osmium-ia,2023-09-21,4,27.437158664782057,0.5865670130394487,0.9806152432979428,0.1422726188403146
microsoft-osmium-ia,2023-10-07,0,20.024978074934467,0.2771101650299444,0.9774574947386594,0.2432095653894186
microsoft-osmium-ia,2023-10-07,1,19.708670614045392,0.4561398134989325,0.9792909721075328,0.1548734167086693
microsoft-osmium-ia,2023-10-07,2,18.4832988203858,0.5037128929298512,0.9809851721225566,0.1500288551190171
microsoft-osmium-ia,2023-10-07,3,18.36718832240241,0.5205681929274321,0.9802808852510096,0.1482761455941661
microsoft-osmium-ia,2023-10-07,4,18.267971934991387,0.522025451516678,0.9793272601009184,0.1438387524691005
microsoft-osmium-ia,2023-10-23,0,26.100449174961405,0.2458813281917125,0.9770529343048432,0.233174514806035
microsoft-osmium-ia,2023-10-23,1,26.660314025878456,0.3770142743103665,0.9782070662228268,0.1659607365688055
microsoft-osmium-ia,2023-10-23,2,24.97784656477309,0.4470110547089284,0.9801950056758024,0.1470389097013541
microsoft-osmium-ia,2023-10-23,3,25.444581288774145,0.4474804603258988,0.9792550460713236,0.1437797686593954
microsoft-osmium-ia,2023-10-23,4,25.50922901531263,0.4433431358939389,0.9782974647880478,0.1411602516556636
microsoft-osmium-ia,2023-11-08,3,9.100142492000032,0.4383723334535788,0.97574,0.138524885
microsoft-osmium-ia,2023-11-08,4,12.839319651200029,0.3989070581359908,0.975476,0.1405471712
microsoft-osmium-ia,2023-12-10,0,2.534209881469464,0.1920480096366848,0.9763101163176532,0.2286801306145537
microsoft-osmium-ia,2023-12-10,1,3.231030154854861,0.2882019940194814,0.97667230026106,0.1608399199052007
microsoft-osmium-ia,2023-12-10,2,2.5885205735316745,0.3114210540815882,0.9783072543980844,0.1468787159540183
microsoft-osmium-ia,2023-12-10,3,2.667117544091526,0.3256929631402983,0.9774449481970824,0.1515578196313999
microsoft-osmium-ia,2023-12-10,4,2.6991937461505526,0.3227594690735158,0.9764263201417086,0.1448746006021826
microsoft-osmium-ia,2024-02-12,0,8.204032360015786,0.1535683352340317,0.9757402850919524,0.2548263363078798
microsoft-osmium-ia,2024-02-12,1,9.101283430813393,0.2367702515237349,0.9757817711970488,0.1653454408496004
microsoft-osmium-ia,2024-02-12,2,8.441892865226544,0.2585578251406821,0.9765844460205928,0.1659802153763389
microsoft-osmium-ia,2024-02-12,3,9.135217868569882,0.2655707355751763,0.9762428724885306,0.1641987050829879
microsoft-osmium-ia,2024-02-12,4,8.903278582802187,0.2874146989226597,0.9762094552369276,0.1620320003736234
microsoft-osmium-ia,2024-02-28,0,1.8055700216111024,0.1337719293213974,0.9751449366139244,0.2663588410248134
microsoft-osmium-ia,2024-02-28,1,3.1593537007605352,0.2367158900836883,0.9753737057177368,0.1651240344191582
microsoft-osmium-ia,2024-02-28,2,2.4785727770895782,0.2474673059530729,0.9768494064137426,0.1541300950351087
microsoft-osmium-ia,2024-02-28,3,2.8179675303194633,0.2619013391687699,0.9760315019665676,0.1589318172578511
microsoft-osmium-ia,2024-02-28,4,2.8342396168679804,0.2521665055509495,0.9750328089092832,0.1537711736231023
microsoft-osmium-ia,2024-03-15,0,17.53177553063901,0.1653493525546617,0.9756993730950224,0.2460241565290487
microsoft-osmium-ia,2024-03-15,1,17.78962231427446,0.2780422547130984,0.9762796495146214,0.1492500949969847
microsoft-osmium-ia,2024-03-15,2,16.810719947521417,0.3006672091200382,0.9779705574208576,0.1437111456569854
microsoft-osmium-ia,2024-03-15,3,17.41714911147304,0.3111709053876018,0.9771344464708912,0.1475385515403877
microsoft-osmium-ia,2024-03-15,4,17.453642913459333,0.305396904539028,0.976116056322343,0.1437428011219816
microsoft-osmium-ia,2024-05-18,0,39.15151323766511,0.274376416666826,0.9773383267809694,0.2804462968979443
microsoft-osmium-ia,2024-05-18,1,39.31683955236949,0.4633799533669566,0.9796256968045858,0.1900793991408716
microsoft-osmium-ia,2024-05-18,2,35.77065593895562,0.5486559189796658,0.9817200102912432,0.1832853881483284
microsoft-osmium-ia,2024-05-18,3,36.73900454379754,0.5600003069274168,0.9812284047136204,0.1843168514489376
microsoft-osmium-ia,2024-05-18,4,36.22341757064739,0.5688590758054479,0.9805704704193482,0.1785430212288964
microsoft-osmium-ia,2024-06-03,0,33.50374923148463,0.2671897496845927,0.9770705172078546,0.3508048127319537
microsoft-osmium-ia,2024-06-03,1,33.00148422909804,0.4846976410699982,0.980060352296062,0.2441786589522581
microsoft-osmium-ia,2024-06-03,2,29.405806748218374,0.5435340274200949,0.98060372822719,0.2291393188889554
microsoft-osmium-ia,2024-06-03,3,25.981649132493676,0.5700458998984868,0.98072063071045,0.2285558624621873
microsoft-osmium-ia,2024-06-03,4,28.32488894016845,0.6057215812655239,0.9809047220060264,0.2218194331132041
microsoft-osmium-ia,2024-07-21,0,29.700216891292957,0.4545772440772567,0.9794099811561612,0.2618422344088504
microsoft-osmium-ia,2024-07-21,1,27.187390929236233,0.7852159337218341,0.9838469015806696,0.1919233759494028
microsoft-osmium-ia,2024-07-21,2,28.22450857945551,0.7275602175352696,0.983502283103151,0.2014461129080049
microsoft-osmium-ia,2024-07-21,3,28.277913735437572,0.7640140634105044,0.9836439489964164,0.1981223623995701
microsoft-osmium-ia,2024-07-21,4,28.118903186298308,0.7448642986720517,0.9823754315695844,0.1852902232134444
microsoft-osmium-ia,2024-08-22,0,24.880229303033236,0.3874626585050029,0.9791062622442612,0.3172026166268677
microsoft-osmium-ia,2024-08-22,1,21.60506502493381,0.7870959091916367,0.9850895521053816,0.2186661984944826
microsoft-osmium-ia,2024-08-22,2,21.63453020479453,0.7296241929028963,0.984205087765614,0.207857678623721
microsoft-osmium-ia,2024-08-22,3,20.690466462885624,0.7709930848255263,0.9843818266991212,0.2084685245971548
microsoft-osmium-ia,2024-08-22,4,20.329198736399967,0.7457757511329911,0.9829579581488156,0.1975040142349169
microsoft-osmium-ia,2024-09-07,0,28.285231895179077,0.3543718789850239,0.9785827100785912,0.2759524675892947
microsoft-osmium-ia,2024-09-07,1,24.30950639418683,0.7435161552837355,0.9840743946581736,0.1730444766749948
microsoft-osmium-ia,2024-09-07,2,24.56539080687856,0.7109268529920032,0.9840607408069738,0.1707052345827251
microsoft-osmium-ia,2024-09-07,3,24.723948902992127,0.7343405581953663,0.983834011992682,0.1679053065138906
microsoft-osmium-ia,2024-09-07,4,24.97173013908457,0.7004200081828951,0.982466953647384,0.159683914811589
microsoft-osmium-ia,2024-09-23,2,11.995282369029615,0.4388160860519174,0.9786168209700156,0.2100023731052119
microsoft-osmium-ia,2024-09-23,3,9.94607985544696,0.535691552851657,0.978744556802717,0.2193516055638382
microsoft-osmium-ia,2024-09-23,4,9.58869303441143,0.554735253877913,0.9784238885264238,0.208722478908682
microsoft-osmium-ia,2024-10-09,0,27.795966198395263,0.2648296944065425,0.9772208367234686,0.2578176109533361
microsoft-osmium-ia,2024-10-09,1,26.809333439785057,0.445720878433224,0.97922703610157,0.1532784349497385
microsoft-osmium-ia,2024-10-09,2,26.55639517250518,0.5023162117052605,0.9807565442344328,0.151769980598582
microsoft-osmium-ia,2024-10-09,3,27.218184812957062,0.5148678116574489,0.980328899492935,0.1557830000174649
microsoft-osmium-ia,2024-10-09,4,27.11290383953607,0.5097381271578575,0.9792507812354034,0.1495844581235978
microsoft-osmium-ia,2024-10-25,0,18.296401444264,0.2321071045967563,0.9768889545956606,0.262754062533045
microsoft-osmium-ia,2024-10-25,1,17.45458227634696,0.3923476517582708,0.9784472961322662,0.1717585971475676
microsoft-osmium-ia,2024-10-25,2,17.051835289909327,0.4389687374302395,0.9799818273807078,0.1644588649381668
microsoft-osmium-ia,2024-10-25,3,17.33036069520803,0.4400438727080803,0.9792347543842452,0.1703522098331133
microsoft-osmium-ia,2024-10-25,4,17.409781233628483,0.4256869344312888,0.9780801635571372,0.1642246416429739
microsoft-osmium-ia,2024-11-26,0,-1.643959926638459,0.310784942977877,0.976228752642706,0.1355571163468992
microsoft-osmium-ia,2024-11-26,1,-1.619239826392082,0.3240057745172071,0.9767000919299634,0.1175161209854892
microsoft-osmium-ia,2024-11-26,2,-1.4331636243901276,0.3280990540127146,0.9770399076238132,0.1131528529748393
microsoft-osmium-ia,2024-11-26,3,-1.6380110180988383,0.3823816866924568,0.976550585222856,0.1117604667358859
microsoft-osmium-ia,2024-11-26,4,-1.6044195450502294,0.3252791833559111,0.974605370859798,0.1080085137101727
microsoft-osmium-ia,2024-12-28,1,4.776662701538485,0.3479013971563135,0.9741384615384616,0.0573695292307692
microsoft-osmium-ia,2024-12-28,2,2.8453625751487057,0.5233396705582118,0.9744929590074822,0.0381624307006618
microsoft-osmium-ia,2024-12-28,3,3.9417118167451295,0.443171231638933,0.9739712100767214,0.0434959953251829
microsoft-osmium-ia,2024-12-28,4,3.8211096810669254,0.4364994996918087,0.9705208643315066,0.0445078993574716
microsoft-osmium-ia,2025-01-13,0,-5.62936375601018,0.1422065218681899,0.9756402025445337,0.2524410601455787
microsoft-osmium-ia,2025-01-13,1,-5.021171920382705,0.2205857255567822,0.9756927968072684,0.1687110921725108
microsoft-osmium-ia,2025-01-13,2,-5.06704117172245,0.2459789883055695,0.9772972302712176,0.1490890625762856
microsoft-osmium-ia,2025-01-13,3,-4.769514591756103,0.2674270901278254,0.976575125172343,0.1513704928807932
microsoft-osmium-ia,2025-01-13,4,-4.715943801027331,0.2559365249637754,0.9756249419903972,0.1474995101343252
microsoft-osmium-ia,2025-01-29,0,8.790614011033693,0.1333330371944492,0.9756200139999364,0.2654347070339224
microsoft-osmium-ia,2025-01-29,1,10.028998688553536,0.2197132952227543,0.9760625784281488,0.1752914299005112
microsoft-osmium-ia,2025-01-29,2,8.979409528102526,0.2231739397767456,0.9771951824132248,0.1603323987046058
microsoft-osmium-ia,2025-01-29,3,9.225009269650924,0.2449436933387898,0.9764956872645882,0.1627762262644549
microsoft-osmium-ia,2025-01-29,4,8.959121147748602,0.2379832921594009,0.9755609255185852,0.1574415619118747
microsoft-osmium-ia,2025-03-02,0,8.859627265422615,0.1264279476141074,0.9755958913823114,0.2652959730539063
microsoft-osmium-ia,2025-03-02,1,9.105927642550784,0.2213060207365767,0.9762720346545976,0.1757649667477829
microsoft-osmium-ia,2025-03-02,2,8.324382600375355,0.2157751560090922,0.9774021697194536,0.1587660936880779
microsoft-osmium-ia,2025-03-02,3,8.853123085113273,0.2372204251717536,0.9767212516642844,0.1624878527441742
microsoft-osmium-ia,2025-03-02,4,8.818205483852777,0.2277746638885599,0.9757318530619016,0.1573369591243983
microsoft-osmium-ia,2025-03-18,0,15.241335314331932,0.1344006244286175,0.975408826323517,0.2663134577033513
microsoft-osmium-ia,2025-03-18,1,17.217341074234753,0.2025683183959133,0.9760405830917938,0.2038846704078945
microsoft-osmium-ia,2025-03-18,2,16.453771739451437,0.2220169057104777,0.9765874000504758,0.1874037050531744
microsoft-osmium-ia,2025-03-18,3,16.101289209886588,0.2298043931064353,0.9761432485803556,0.1885756551623806
microsoft-osmium-ia,2025-03-18,4,16.21053360130462,0.2344594032766568,0.9753545786679588,0.1821234640059434
microsoft-osmium-ia,2025-05-05,0,31.7351760724057,0.2493338976885565,0.9768642910714036,0.2849104123361141
microsoft-osmium-ia,2025-05-05,1,31.667329331464913,0.4161069424189854,0.9787419114271376,0.1919623503541067
microsoft-osmium-ia,2025-05-05,2,29.40219702283976,0.4939220247845185,0.9808352690340818,0.1781177158653892
microsoft-osmium-ia,2025-05-05,3,30.52433049886316,0.5013984857482148,0.9802237483183608,0.1782291861505475
microsoft-osmium-ia,2025-05-05,4,30.199266099263163,0.5043718051765756,0.979468010890402,0.1715538684174842
microsoft-osmium-ia,2025-06-06,3,25.957839362689093,0.6442252192529413,0.9820750098042176,0.2283378483441431
microsoft-osmium-ia,2025-06-06,4,22.73027447345592,0.645341743684412,0.9814170413159192,0.2289792518676543
microsoft-osmium-ia,2025-06-22,0,41.52364199858041,0.2965233022556747,0.9775234353480212,0.287087963375405
microsoft-osmium-ia,2025-06-22,1,39.53494396061817,0.569892957268654,0.9814786179979054,0.196853376777586
microsoft-osmium-ia,2025-06-22,2,37.2977150306364,0.650495395437604,0.9831200747531298,0.189510227515141
microsoft-osmium-ia,2025-06-22,3,36.99296908926446,0.7021557342004799,0.9836132542139396,0.1894164800490278
microsoft-osmium-ia,2025-06-22,4,37.1921101749943,0.6810844200846586,0.9823880015153832,0.1818800588302452
microsoft-osmium-ia,2025-08-25,0,28.880046129109203,0.3825083964162589,0.9788207235421658,0.2786357829434072
microsoft-osmium-ia,2025-08-25,1,24.281173280389552,0.8013296648392346,0.9849658257057976,0.2022714903325574
microsoft-osmium-ia,2025-08-25,2,24.841334970112705,0.7155451310771617,0.9839149908509232,0.1808884844962837
microsoft-osmium-ia,2025-08-25,3,24.695665332122015,0.7311980615090865,0.9835150252941056,0.1823993112689386
microsoft-osmium-ia,2025-08-25,4,24.439671093353297,0.7333868419859488,0.9825923256831994,0.1743291525067604
microsoft-osmium-ia,2025-09-10,0,35.181618131186056,0.3752616678848972,0.9792233480756884,0.2544556262448458
microsoft-osmium-ia,2025-09-10,1,31.516876641203105,0.6858808765129811,0.9837542569003904,0.1836143438426951
microsoft-osmium-ia,2025-09-10,2,31.345256489044132,0.6407394904444446,0.983225966258826,0.1675496963387549
microsoft-osmium-ia,2025-09-10,3,31.416857580434527,0.6475942254324608,0.9827122609060984,0.1634322666424711
microsoft-osmium-ia,2025-09-10,4,31.09658053454401,0.6493295278414613,0.9819024512690284,0.1583655628659922
microsoft-osmium-ia,2025-09-26,0,34.84842384719061,0.2822304248056991,0.9774212444488868,0.2506922284536882
microsoft-osmium-ia,2025-09-26,1,33.75407718456156,0.4645677771772719,0.9794630634288832,0.1429524940378317
microsoft-osmium-ia,2025-09-26,2,31.862785672845774,0.5224005702551568,0.9811811546813336,0.1375652687205685
microsoft-osmium-ia,2025-09-26,3,31.73170412699899,0.5438714365588456,0.9807944403408508,0.136195088095658
microsoft-osmium-ia,2025-09-26,4,31.55853793190145,0.5309439601968772,0.9798335388309524,0.1326480581778598
microsoft-osmium-ia,2025-11-13,0,16.33951097116275,0.2722425509068721,0.9774183776437392,0.2484480929020545
microsoft-osmium-ia,2025-11-13,1,16.8636887654033,0.3345287085135168,0.9773662643428236,0.1704198699810265
microsoft-osmium-ia,2025-11-13,2,15.829682615147808,0.3746829952348545,0.9790829753306368,0.1536674676061696
microsoft-osmium-ia,2025-11-13,3,16.053350391357906,0.389081344560778,0.978372388948051,0.1551409983722679
microsoft-osmium-ia,2025-11-13,4,15.927833426413162,0.3745625612060203,0.977241966245985,0.1471106367038001
microsoft-osmium-ia,2025-12-15,0,-3.7268908503462943,-0.0355030547869697,0.989655171567414,0.7261841913200842
microsoft-osmium-ia,2025-12-15,1,-4.076627830335481,-0.0077446095220506,0.989643036125811,0.7324319212774795
microsoft-osmium-ia,2025-12-15,2,-4.014927723126314,0.0324864219909463,0.9886215552429872,0.6557160286742183
microsoft-osmium-ia,2025-12-15,3,-4.710396590460603,0.0145240927100874,0.9892844883543324,0.7088380105157706
microsoft-osmium-ia,2025-12-15,4,-4.385832747992315,0.0155597888081571,0.989237602958171,0.700046571993261
microsoft-osmium-ia,2025-12-31,0,2.453364256910305,0.2641721959556577,0.9771213262666976,0.2169316596574358
microsoft-osmium-ia,2025-12-31,1,2.451129427171455,0.286511135546608,0.9765071810714874,0.1434056298455263
microsoft-osmium-ia,2025-12-31,2,2.1770735341302947,0.2997791004222467,0.977736262738539,0.1322906644770907
microsoft-osmium-ia,2025-12-31,3,2.5671117293037775,0.3183210170965545,0.9771034382059006,0.1322245064497282
microsoft-osmium-ia,2025-12-31,4,2.5689483273305114,0.3094199615865315,0.9759496289915136,0.1225260693901286
microsoft-osmium-ia,2026-02-17,0,18.987263871933756,0.1768938678726402,0.9767854137026624,0.2777567948936823
microsoft-osmium-ia,2026-02-17,1,19.713900182211347,0.2345307840865272,0.9767624432764288,0.2006947347526587
microsoft-osmium-ia,2026-02-17,2,17.47665907552296,0.2462450380295306,0.9771588542701374,0.1886793410067534
microsoft-osmium-ia,2026-02-17,3,17.87066381303905,0.2559270204392466,0.9770142869391496,0.1930727550447131
microsoft-osmium-ia,2026-02-17,4,16.836776852945835,0.2548367903862377,0.9756105469554126,0.188180907408702
microsoft-osmium-ia,2026-03-21,0,31.698766572212556,0.1863268318933976,0.9763063731528482,0.2595425030201676
microsoft-osmium-ia,2026-03-21,1,33.09011691188789,0.2534922365493088,0.9763302823186092,0.180767099174938
microsoft-osmium-ia,2026-03-21,2,31.328028607012023,0.2504492176644385,0.9774576825166094,0.1668129665097139
microsoft-osmium-ia,2026-03-21,3,31.8784300138241,0.2717981533831408,0.9769160371547544,0.1713815910190741
microsoft-osmium-ia,2026-03-21,4,31.56916150234635,0.2575066610792695,0.9759762896623084,0.165967357533442
microsoft-osmium-ia,2026-04-06,0,17.196368195225496,0.2296914238019778,0.976579172367397,0.2764940200758178
microsoft-osmium-ia,2026-04-06,1,17.111472643490067,0.301663953747721,0.9769841967942366,0.1864308571645563
microsoft-osmium-ia,2026-04-06,2,16.11749374985016,0.3220774600673936,0.9783049668258386,0.1768536931668306
microsoft-osmium-ia,2026-04-06,3,16.397089685571792,0.3393693680288906,0.9777299937886896,0.1763443291572156
microsoft-osmium-ia,2026-04-06,4,16.2785269910485,0.3171773166536262,0.9764169725370015,0.1619059811978757
microsoft-osmium-ia,2026-04-22,0,33.40026010074217,0.2742778428467894,0.9773622878986912,0.2660349316277537
microsoft-osmium-ia,2026-04-22,1,33.4229222190594,0.3956046928731453,0.9785146000221202,0.1885494097779011
microsoft-osmium-ia,2026-04-22,2,31.119833128644956,0.4382042795838669,0.9798380381924292,0.1765301573043685
microsoft-osmium-ia,2026-04-22,3,31.566166396938826,0.4543362483462461,0.9794989621974524,0.179311772366467
microsoft-osmium-ia,2026-04-22,4,31.130848182155063,0.4538448556265059,0.9786173577679318,0.1720633352485779
microsoft-osmium-ia,2026-05-08,0,24.93665922245244,0.4433896904125328,0.9792034198599092,0.1772553515485609
microsoft-osmium-ia,2026-05-08,1,24.62485424668007,0.4308984534290999,0.9786707558164424,0.1699909986549681
microsoft-osmium-ia,2026-05-08,2,24.475749704238027,0.4950643089253562,0.9795500114207608,0.1676750348674441
microsoft-osmium-ia,2026-05-08,3,25.157717979192796,0.5067869963936473,0.979515967259706,0.1732136591424029
microsoft-osmium-ia,2026-05-08,4,26.47659532608956,0.5107208544178982,0.9785798233354904,0.1592425584464007
microsoft-osmium-ia,2026-05-24,0,34.70856415297978,0.3179286857961236,0.9780208513465544,0.2744258855182785
microsoft-osmium-ia,2026-05-24,1,35.2036582138035,0.4585479729882593,0.9795708102588034,0.1954352583824636
microsoft-osmium-ia,2026-05-24,2,32.73406052962761,0.5405466046613644,0.9814662230972566,0.1883417521361644
microsoft-osmium-ia,2026-05-24,3,32.75906426476839,0.56594982403048,0.9813768618750464,0.1921210045229534
microsoft-osmium-ia,2026-05-24,4,32.50723224344913,0.5656058861420196,0.9805854695462246,0.185580189857962
microsoft-osmium-ia,2026-06-09,0,45.35903393324999,0.3792360704601606,0.9787899473184208,0.27241280287768
microsoft-osmium-ia,2026-06-09,1,42.44771065525075,0.5780257182758882,0.9812774743598098,0.1821634552207124
microsoft-osmium-ia,2026-06-09,2,39.24278371592011,0.6305022919471275,0.9823505234896336,0.1810619337421273
microsoft-osmium-ia,2026-06-09,3,40.03454867113928,0.6560482192926081,0.9824766867907184,0.1893024129742044
microsoft-osmium-ia,2026-06-09,4,39.74628873074188,0.6361720848842956,0.9811310723106028,0.1845225878685853
microsoft-osmium-ia,2026-06-25,4,12.084848962286522,0.7952225085807996,0.9834973240873772,0.2200565745387955
microsoft-osmium-ia,2026-07-11,0,35.27655911867701,0.5184451031545343,0.9805973010876502,0.2665997584812875
microsoft-osmium-ia,2026-07-11,1,31.665059807086084,0.8119758280773048,0.984983858308926,0.2168954779501345
microsoft-osmium-ia,2026-07-11,2,31.364205812486432,0.7911665785477741,0.9845672782626904,0.2081262432701185
microsoft-osmium-ia,2026-07-11,3,31.26667048725578,0.7629103338944185,0.9838918045361492,0.2123460495761183
microsoft-osmium-ia,2026-07-11,4,31.396740467320104,0.736563847976363,0.9822066729582823,0.2028562386212431
microsoft-osmium-ia,2026-07-27,0,40.09134341701413,0.4713891117362436,0.980338629824408,0.2797437569661611
microsoft-osmium-ia,2026-07-27,1,34.752971406911435,0.8083835314605822,0.9852597223632172,0.2083490327773715
microsoft-osmium-ia,2026-07-27,2,35.153135995993274,0.7624971374523826,0.9846320784710888,0.19807932225258
microsoft-osmium-ia,2026-07-27,3,35.25113319147247,0.7682688513363287,0.9842956768658792,0.1988403515413642
microsoft-osmium-ia,2026-07-27,4,34.85886707401399,0.7600778671798545,0.983040768334602,0.1895227793546179
microsoft-osmium-ia,2026-08-28,0,33.74930872076016,0.4628385639582699,0.9802598397280016,0.2624076646405056
microsoft-osmium-ia,2026-08-28,1,29.618282384130826,0.7856152999309034,0.9849046528858378,0.1832191185513272
microsoft-osmium-ia,2026-08-28,2,29.94173543942178,0.7210889379974182,0.98421542702185,0.1714908613224009
microsoft-osmium-ia,2026-08-28,3,30.173043248484564,0.7351281229430839,0.9838948546355256,0.1756039185922101
microsoft-osmium-ia,2026-08-28,4,29.905977653546213,0.7313642787188044,0.9829952369815784,0.1685362358040319
microsoft-osmium-ia,2013-04-25,0,24.445816611919067,0.2572914224651682,0.9770457493375024,0.1741042352398058
microsoft-osmium-ia,2013-04-25,1,23.619369056568168,0.3172480086909265,0.9773240995819688,0.1602667336365699
microsoft-osmium-ia,2013-04-25,2,22.200843821149277,0.3382253257103251,0.9789099079713848,0.1511286410500199
microsoft-osmium-ia,2013-04-25,3,22.475213398011665,0.3485258963465711,0.9780838447772582,0.1541096685855644
microsoft-osmium-ia,2013-04-25,4,22.29845900590355,0.3588562684394122,0.9774315051675884,0.1500436100466051
microsoft-osmium-ia,2013-05-11,0,21.371472626084525,0.2877045296421227,0.9772957068376944,0.1689474628945547
microsoft-osmium-ia,2013-05-11,1,21.770486272861252,0.4066082154696996,0.9785765560250848,0.1660184095974387
microsoft-osmium-ia,2013-05-11,2,20.02867397432759,0.4446522582122667,0.9794215936586448,0.1639962027874948
microsoft-osmium-ia,2013-05-11,3,19.95518557197708,0.4512672605994637,0.9788464569405853,0.1651978942770469
microsoft-osmium-ia,2013-05-11,4,19.880624943145353,0.4701189976540239,0.9781563672906086,0.1591718766742247
microsoft-osmium-ia,2013-06-12,0,32.427620574855,0.3682075548165391,0.9774575403815008,0.2023661496196041
microsoft-osmium-ia,2013-06-12,1,32.195699882732555,0.4878398158127748,0.978555735233589,0.1786807161958301
microsoft-osmium-ia,2013-06-12,2,30.253096535827368,0.5479678666345453,0.9797502286198396,0.1942407974955285
microsoft-osmium-ia,2013-06-12,3,31.55385452542784,0.5790852222565384,0.9801868770200176,0.1863126669057394
microsoft-osmium-ia,2013-06-12,4,31.227968653916307,0.618477835756096,0.9797716310256056,0.1865244358421971
microsoft-osmium-ia,2013-06-28,0,37.4088698365191,0.4907250730294469,0.9802452757032892,0.1791937156901785
microsoft-osmium-ia,2013-06-28,1,36.22809787593959,0.5337881449040817,0.980520520485638,0.1770853051408372
microsoft-osmium-ia,2013-06-28,2,32.65262797526347,0.6568155867711917,0.9825202414345264,0.1714217503371375
microsoft-osmium-ia,2013-06-28,3,32.85954864825756,0.6677468171708535,0.9822946098153538,0.1744369418199961
microsoft-osmium-ia,2013-06-28,4,32.49720703793251,0.6799094657792889,0.9820111490123604,0.1713254216562278
microsoft-osmium-ia,2013-07-14,0,38.17883173902222,0.6444110346276783,0.983186081426903,0.1855134366400493
microsoft-osmium-ia,2013-07-14,1,37.8293511957905,0.6123493112642218,0.9823435673210242,0.1834805123103108
microsoft-osmium-ia,2013-07-14,2,33.860088532341656,0.6912646254980545,0.9837857444156912,0.1824306871266179
microsoft-osmium-ia,2013-07-14,3,33.88840050460099,0.7036924764241737,0.9834892315471956,0.1825929697501964
microsoft-osmium-ia,2013-07-14,4,33.868397204499985,0.6831555345551058,0.9822505642154336,0.1758379413441064
microsoft-osmium-ia,2013-10-02,0,30.614153153147377,0.5927271315512018,0.982451573856482,0.1676965529797591
microsoft-osmium-ia,2013-10-02,1,31.580526826426595,0.5828373630896995,0.9817013698505602,0.1581640290381119
microsoft-osmium-ia,2013-10-02,2,30.834659336697165,0.5591624662663761,0.981702143395262,0.1482248849270375
microsoft-osmium-ia,2013-10-02,3,30.728850988315923,0.5650790149393761,0.981141408803052,0.1440987628853597
microsoft-osmium-ia,2013-10-02,4,30.604737161923993,0.5763537511825958,0.9803916269847294,0.1412635603542015
microsoft-osmium-ia,2013-11-03,0,14.254668712804056,0.2615968987318381,0.9769851173403764,0.1730766779077706
microsoft-osmium-ia,2013-11-03,1,13.987928666864022,0.3493794187431034,0.9775533844748242,0.1503092222265979
microsoft-osmium-ia,2013-11-03,2,13.212332487071794,0.4149592018825404,0.9793699712933768,0.1431057271270089
microsoft-osmium-ia,2013-11-03,3,13.450650530905586,0.4207781723559434,0.9788568869688042,0.1483209373114827
microsoft-osmium-ia,2013-11-03,4,13.06389137852592,0.4457689546811701,0.978305860496642,0.141382489043123
microsoft-osmium-ia,2013-11-19,0,9.40378973386959,0.2374792890089095,0.9766067426966228,0.1554130468387528
microsoft-osmium-ia,2013-11-19,1,9.3198138877433,0.3008055036232634,0.976727355041446,0.1391866565261425
microsoft-osmium-ia,2013-11-19,2,8.660517596042391,0.35560316140315,0.9782560846359938,0.1275409997607419
microsoft-osmium-ia,2013-11-19,3,8.990671955618533,0.3646471216162382,0.9777245895573154,0.1226476396121572
microsoft-osmium-ia,2013-11-19,4,9.319334437937275,0.3904165700685061,0.977213425915438,0.1189215239412482
microsoft-osmium-ia,2014-02-07,0,-13.464650198675342,-0.0269859289778147,0.9904,0.9250002419403888
microsoft-osmium-ia,2014-02-07,1,-12.7820911068839,-0.017779534002221,0.990379094665293,0.8573419307631525
microsoft-osmium-ia,2014-02-07,2,-12.331757447996852,-0.0077547628251928,0.9899497567288468,0.8056626238588908
microsoft-osmium-ia,2014-02-07,3,-12.18510390915695,-0.0048191947124259,0.9902600799443672,0.7717951229259634
microsoft-osmium-ia,2014-02-07,4,-12.023440881994404,0.0027225947089548,0.9900206894345108,0.7414380801525984
microsoft-osmium-ia,2014-04-12,0,26.86501804631777,0.2140290227237404,0.976546996070286,0.1722547652977378
microsoft-osmium-ia,2014-04-12,1,25.74934281419784,0.2262301238394337,0.9761596230524452,0.1589712734490955
microsoft-osmium-ia,2014-04-12,2,23.785136742862363,0.2718546755124605,0.9774720194525144,0.1696220573143452
microsoft-osmium-ia,2014-04-12,3,22.69618959885312,0.2675651276936726,0.9768586268635868,0.1818513100535416
microsoft-osmium-ia,2014-04-12,4,27.309810869104393,0.2607257466607407,0.9742280023365324,0.1545302606937804
microsoft-osmium-ia,2014-05-30,0,38.28616601694585,0.4754486888715907,0.9790899761644012,0.1758547224950879
microsoft-osmium-ia,2014-05-30,1,39.747076981705455,0.4656189150962673,0.9791901055210352,0.2096515333074377
microsoft-osmium-ia,2014-05-30,2,38.42432173334119,0.5465306979823635,0.9809062437740664,0.2150377932408349
microsoft-osmium-ia,2014-05-30,3,37.46310348187593,0.5731255569365097,0.9809494296785648,0.2101433946774827
microsoft-osmium-ia,2014-05-30,4,36.827168288986506,0.5851056240460061,0.9799646139873566,0.2048520217198154
microsoft-osmium-ia,2014-06-15,4,17.715454021699728,0.7553662482457709,0.9835587487969202,0.2228344203106352
microsoft-osmium-ia,2014-07-01,0,26.62164734540077,0.8376365422185799,0.9863031708946772,0.2014236263836303
microsoft-osmium-ia,2014-07-01,1,27.000674080168505,0.8157409968907622,0.9855929555953884,0.1936594507842623
microsoft-osmium-ia,2014-07-01,2,27.041200430100226,0.740319797675771,0.9841752713139594,0.1810948650764416
microsoft-osmium-ia,2014-07-01,3,27.139423617591017,0.7414931430517864,0.9838927897657788,0.1821542242759226
microsoft-osmium-ia,2014-07-01,4,27.310808518273536,0.7143426151451034,0.982279807502915,0.1770393854934579
microsoft-osmium-ia,2014-07-17,1,21.96984722091839,0.8902930059151681,0.9825769207683072,0.0607456102020182
microsoft-osmium-ia,2014-07-17,2,24.8981122920676,0.7925539578022303,0.9830081166945068,0.1255846412505407
microsoft-osmium-ia,2014-07-17,3,26.01117120615218,0.8255829810188683,0.9846537460586904,0.1809088199581242
microsoft-osmium-ia,2014-07-17,4,26.305916057773818,0.7810457949215583,0.9832789949738974,0.1961374540448986
microsoft-osmium-ia,2014-08-02,0,28.35468767239137,0.8527800560126334,0.9865321266721524,0.1897672166251857
microsoft-osmium-ia,2014-08-02,1,28.92032799185522,0.8087160067109854,0.98550189379075,0.1776330847380148
microsoft-osmium-ia,2014-08-02,2,29.718773327754295,0.7498204337821592,0.9848846104985436,0.1667659589094447
microsoft-osmium-ia,2014-08-02,3,30.244627666030397,0.7586043049422481,0.9845876878583693,0.1745657025921627
microsoft-osmium-ia,2014-08-02,4,31.162059111314672,0.7206896018013296,0.9830559991843748,0.1668634510901874
microsoft-osmium-ia,2014-08-18,0,27.208248302066902,0.8747917513225706,0.9862838316239656,0.190986208986989
microsoft-osmium-ia,2014-08-18,1,26.792351418393856,0.8258020909032051,0.98509759278743,0.173567078461676
microsoft-osmium-ia,2014-08-18,2,26.15647242468522,0.7689939401554649,0.9843884184831252,0.1660374178888194
microsoft-osmium-ia,2014-08-18,3,28.839905419931952,0.7881086451208685,0.9846344700173216,0.169416281692401
microsoft-osmium-ia,2014-08-18,4,29.548979826085176,0.7579500436168237,0.983311035140038,0.1612465337945732
microsoft-osmium-ia,2014-09-03,0,29.490860896434626,0.8324120428407581,0.9861455634292576,0.1838510946068991
microsoft-osmium-ia,2014-09-03,1,30.108886510033734,0.782018421838411,0.98477961118123,0.1582404612648352
microsoft-osmium-ia,2014-09-03,2,30.110209549377032,0.7422693133640751,0.9850333703296552,0.1587305389505746
microsoft-osmium-ia,2014-09-03,3,30.43548648127827,0.7507996500186385,0.9845528059276216,0.1629083166069146
microsoft-osmium-ia,2014-09-03,4,30.76681196129653,0.7196710885923092,0.9833263354885232,0.1572093280172568
microsoft-osmium-ia,2014-09-19,0,17.66151752777057,0.6308574536797644,0.9827152095748044,0.1703687790244499
microsoft-osmium-ia,2014-09-19,1,17.134059110576725,0.6087476025756875,0.9818196371943984,0.157163417254644
microsoft-osmium-ia,2014-09-19,2,16.02343437992095,0.6640699581891439,0.9828343169623812,0.1704826089985945
microsoft-osmium-ia,2014-09-19,3,16.69309173764327,0.6656332250060263,0.9824773642313565,0.1638288011692227
microsoft-osmium-ia,2014-09-19,4,19.41097260719727,0.6611218077497658,0.981637910717048,0.156591459783268
microsoft-osmium-ia,2014-10-05,0,9.08132047135872,0.3655291965732468,0.9776148550724636,0.1388096558695652
microsoft-osmium-ia,2014-10-05,1,11.918353151859462,0.4633493143586303,0.9794244524992948,0.1802122909357975
microsoft-osmium-ia,2014-10-05,2,13.31372391603386,0.5076619325722096,0.9801131542067216,0.1818191142307521
microsoft-osmium-ia,2014-10-05,3,15.419093683958604,0.5519277087942985,0.980063426769558,0.1425811498206941
microsoft-osmium-ia,2014-10-05,4,15.140065825860242,0.5696002262457567,0.9801054525019802,0.1485823910680098
microsoft-osmium-ia,2014-10-21,0,18.97954208714981,0.3252418777653088,0.977090212317216,0.1012445659291207
microsoft-osmium-ia,2014-10-21,1,18.502472553498208,0.4026958589502904,0.9778216936692328,0.1149115034983575
microsoft-osmium-ia,2014-10-21,2,18.757360736860967,0.4498344658349693,0.9799653979289874,0.125016073046745
microsoft-osmium-ia,2014-10-21,3,19.352382691022505,0.4734129835697078,0.9794620112829108,0.1328271377874917
microsoft-osmium-ia,2014-10-21,4,19.166983705675474,0.4879248741509518,0.9791544434864484,0.1333253672783726
microsoft-osmium-ia,2014-11-06,0,10.378953010302409,0.2744309122640455,0.9769862050627044,0.1432624477238738
microsoft-osmium-ia,2014-11-06,1,10.151817334028404,0.3527964860084505,0.9775687807102744,0.1385221039102445
microsoft-osmium-ia,2014-11-06,2,10.096464380789874,0.3822259948050256,0.9794590786078284,0.1356724561917539
microsoft-osmium-ia,2014-11-06,3,10.47508723130008,0.408376677191718,0.9788720397064106,0.1443800856879965
microsoft-osmium-ia,2014-11-06,4,10.415766501131998,0.4233942587607406,0.9784820629678912,0.1412433724941154
microsoft-osmium-ia,2014-12-08,3,3.875581835139159,0.3454082833918324,0.9763696705878292,0.1508421574402406
microsoft-osmium-ia,2014-12-08,4,4.384555520903548,0.3505757003008388,0.9765094251349978,0.164445186085989
microsoft-osmium-ia,2015-01-09,0,-14.192944172018358,-0.0124924456516533,0.9903446820696398,0.6512895131884389
microsoft-osmium-ia,2015-01-09,1,-14.206407288631622,0.0156743533579541,0.9890623799996652,0.6397460271966982
microsoft-osmium-ia,2015-01-09,2,-13.866360482015368,0.0461807781624867,0.9878551839832584,0.5937650539577011
microsoft-osmium-ia,2015-01-09,3,-13.940435758583243,0.0379741575920336,0.9882975379502628,0.5988701861164629
microsoft-osmium-ia,2015-01-09,4,-13.873012591498131,0.0526087181923133,0.9878893727063992,0.5749089796583218
microsoft-osmium-ia,2015-02-26,0,-12.00944938020965,-0.0138400221073098,0.9904,0.7450028082157804
microsoft-osmium-ia,2015-02-26,1,-11.790837644358096,0.001492862747853,0.9899219748355056,0.6706812716706023
microsoft-osmium-ia,2015-02-26,2,-11.489446707877809,0.0004426909569138011,0.989828404237558,0.6595015079762829
microsoft-osmium-ia,2015-02-26,3,-11.674198903899232,0.0018878831775835,0.9899829024832212,0.6637849898829443
microsoft-osmium-ia,2015-02-26,4,-11.458780120493842,0.0049112225404937,0.98972241426386,0.6444199953328233
microsoft-osmium-ia,2015-03-14,0,17.272234206074838,0.2170094284613222,0.9761768196907126,0.1853792132045987
microsoft-osmium-ia,2015-03-14,1,16.067532874804524,0.2437209387919902,0.9766530752322204,0.1562086116393556
microsoft-osmium-ia,2015-03-14,2,14.444791582966436,0.2042674699745771,0.977757595532955,0.1343384105161097
microsoft-osmium-ia,2015-03-14,3,15.57902202261021,0.237353338157099,0.9761100387864532,0.1488823838748531
microsoft-osmium-ia,2015-03-14,4,15.27047512708688,0.2353665867644037,0.9755173890177448,0.1491298491328478
microsoft-osmium-ia,2015-03-30,0,8.8260992619272,0.1979007648596742,0.9769442719486082,0.2282863892706103
microsoft-osmium-ia,2015-03-30,1,10.759458648003154,0.2258503570994556,0.9763277144304288,0.2140986016728848
microsoft-osmium-ia,2015-03-30,2,14.476402328835023,0.2364347289834633,0.9763514867349488,0.1965575045956828
microsoft-osmium-ia,2015-03-30,3,17.9705363706007,0.2604742002760003,0.9764693597535156,0.1861960735610523
microsoft-osmium-ia,2015-03-30,4,20.249384405992103,0.2848459225455311,0.976603555118523,0.1802848446531477
microsoft-osmium-ia,2015-04-15,1,6.085261921976242,0.3220210007562063,0.978111955085865,0.237016280659181
microsoft-osmium-ia,2015-04-15,2,10.665941995810238,0.2612478702073831,0.975958622687388,0.2267672285315763
microsoft-osmium-ia,2015-04-15,3,12.782329620675124,0.3056795426652556,0.9764263411014636,0.2113751636950916
microsoft-osmium-ia,2015-04-15,4,14.452066699036788,0.3722514926578385,0.9771022234613748,0.1858331060360738
microsoft-osmium-ia,2015-05-17,2,20.904636339485236,0.4633154964748284,0.9781462291244571,0.2529638598533305
microsoft-osmium-ia,2015-05-17,3,20.72480233575496,0.6034392724263212,0.9805789012402752,0.1998366265437279
microsoft-osmium-ia,2015-05-17,4,19.88713176640411,0.4979688767375438,0.9751403734783122,0.2199788533155556
microsoft-osmium-ia,2015-06-02,0,24.56347359193059,0.3550914674954332,0.97788334512972,0.232942941105716
microsoft-osmium-ia,2015-06-02,1,22.447220372754273,0.4168703584363731,0.9775449917966396,0.2113959095125576
microsoft-osmium-ia,2015-06-02,2,19.000162554067632,0.4383043311221871,0.9772788530968796,0.2236941471770505
microsoft-osmium-ia,2015-06-02,3,16.924000124111302,0.4950738902141112,0.9778879021552284,0.2356772707620869
microsoft-osmium-ia,2015-06-02,4,16.940544002265767,0.5505675001888657,0.9778557183804923,0.2312845216553053
microsoft-osmium-ia,2015-07-04,0,28.985878640280895,0.7572895457749481,0.9855446993422796,0.190405682776067
microsoft-osmium-ia,2015-07-04,1,30.271072296757517,0.6954457107053745,0.9842133592626646,0.1820912735269296
microsoft-osmium-ia,2015-07-04,2,28.366166285928447,0.7226939257926032,0.984552107034158,0.1759117234555969
microsoft-osmium-ia,2015-07-04,3,27.902772603757533,0.7265604491486437,0.9841647503333012,0.1755816995885586
microsoft-osmium-ia,2015-07-04,4,27.84966281484862,0.7156696042801655,0.9834696367052306,0.172746704854582
microsoft-osmium-ia,2015-07-20,2,23.170080020000015,0.8262687402284737,0.979388888888889,0.0294410169444444
microsoft-osmium-ia,2015-07-20,4,24.321952760000045,0.7975021668899219,0.9825,0.2621083449999999
microsoft-osmium-ia,2015-08-21,0,24.067299697490768,0.8705184176761543,0.9869481025086232,0.2200611188666301
microsoft-osmium-ia,2015-08-21,1,24.659232997523848,0.8265988132916784,0.9860002245457956,0.2048647211047781
microsoft-osmium-ia,2015-08-21,2,25.354465529924912,0.7815175750137168,0.9852961074663328,0.1804152781634188
microsoft-osmium-ia,2015-08-21,3,25.872857487403863,0.7727075856177185,0.9846943657940632,0.1762532061751213
microsoft-osmium-ia,2015-08-21,4,26.092522392755917,0.7389175324362671,0.9834014779107414,0.1686263982766752
microsoft-osmium-ia,2015-09-06,0,30.712110799544263,0.8225760680900758,0.9862665592429128,0.1938797070525472
microsoft-osmium-ia,2015-09-06,1,31.28930096694338,0.8006266435895758,0.9856816936086278,0.1873315020752113
microsoft-osmium-ia,2015-09-06,2,31.888045601588978,0.7246661402067406,0.9845714367744024,0.1621824610684119
microsoft-osmium-ia,2015-09-06,3,32.27039838107528,0.7247174293273453,0.9840628606439396,0.1604008959688358
microsoft-osmium-ia,2015-09-06,4,32.44832973756938,0.6969825358564389,0.9828903023395972,0.1543994332418621
microsoft-osmium-ia,2015-10-08,0,28.43879839232357,0.3476069850902967,0.978380535088476,0.1693885181358834
microsoft-osmium-ia,2015-10-08,1,27.187868604221755,0.4479338269290058,0.9792034122778978,0.1463623354243414
microsoft-osmium-ia,2015-10-08,2,24.89628084335572,0.4820385861529943,0.9795368742866024,0.1373770435452051
microsoft-osmium-ia,2015-10-08,3,23.766652242129517,0.5142635188952589,0.9798152568229478,0.1524890049926111
microsoft-osmium-ia,2015-10-08,4,22.623607622568112,0.5532264391231295,0.9793826250258794,0.1507707860148757
microsoft-osmium-ia,2015-10-24,0,15.768990277347765,0.2878982065879627,0.9773431601822852,0.2235636698771779
microsoft-osmium-ia,2015-10-24,1,15.448124040072418,0.3710668395231292,0.9774737206764308,0.1757470775965807
microsoft-osmium-ia,2015-10-24,2,14.970949691967236,0.4226561004366521,0.979430561002758,0.1440014437206843
microsoft-osmium-ia,2015-10-24,3,15.124952821035905,0.480986464347478,0.979343296515198,0.1460495310958361
microsoft-osmium-ia,2015-10-24,4,14.568390738986832,0.5002228411042396,0.9785453561787504,0.1573930352536299
microsoft-osmium-ia,2015-11-09,0,17.062303371130334,0.2453017576546205,0.976743952982032,0.1767481474903974
microsoft-osmium-ia,2015-11-09,1,16.179432015813013,0.335529647055685,0.9773684601037268,0.1606391984114103
microsoft-osmium-ia,2015-11-09,2,15.336991334809984,0.3707317001880412,0.9792141731344008,0.1525923482931687
microsoft-osmium-ia,2015-11-09,3,15.159886106965615,0.4101487476397065,0.9787590931275674,0.1451884212291152
microsoft-osmium-ia,2015-11-09,4,15.04302048424072,0.4123445202385513,0.9781841626895418,0.1422413505615861
microsoft-osmium-ia,2015-11-25,0,1.291924905249155,0.1076633423555095,0.9741351811699948,0.4584213850196839
microsoft-osmium-ia,2015-11-25,1,3.195872922884361,0.2063508336229763,0.9740202608274628,0.3511597388020134
microsoft-osmium-ia,2015-11-25,2,3.408582974951312,0.1820471729401016,0.974595055100223,0.375297811876746
microsoft-osmium-ia,2015-11-25,3,4.11159088077833,0.2541881713351268,0.9741988397333722,0.2989642496368887
microsoft-osmium-ia,2015-11-25,4,4.2693230910979025,0.2491203910106791,0.9731475303601298,0.3232586492376785
microsoft-osmium-ia,2016-01-12,0,-13.58636650285352,-0.0131266711985988,0.9897593297303312,0.6928564704086007
microsoft-osmium-ia,2016-01-12,1,-12.916959912086678,0.029847327334144,0.987363518126543,0.5954199123042458
microsoft-osmium-ia,2016-01-12,2,-12.447229129198668,0.0719204352373289,0.9860459224584068,0.492547128653632
microsoft-osmium-ia,2016-01-12,3,-12.349993622707512,0.0841467762217889,0.985271659461724,0.4773758255922011
microsoft-osmium-ia,2016-01-12,4,-12.041999486767434,0.0971174663599558,0.9843732225031931,0.451754318288619
microsoft-osmium-ia,2016-01-28,0,1.8028346022994,0.2069796629462346,0.976018972259506,0.2183581548342163
microsoft-osmium-ia,2016-01-28,1,2.153553014294781,0.344563182950141,0.9767605907928772,0.1858378608936243
microsoft-osmium-ia,2016-01-28,2,2.1252626108841537,0.2142711987684444,0.9769097762520924,0.2354956243768898
microsoft-osmium-ia,2016-01-28,3,2.4372929889847255,0.2212257693707569,0.9772673841595528,0.2333386666945831
microsoft-osmium-ia,2016-01-28,4,2.729553560665106,0.2336037433175107,0.9767699517387132,0.2210988156371191
microsoft-osmium-ia,2016-02-29,2,9.4086271387066,0.178264185954143,0.9803728909000906,0.0873180450026027
microsoft-osmium-ia,2016-02-29,3,12.286053199582073,0.2878065084073874,0.9778560743759688,0.128462969025667
microsoft-osmium-ia,2016-02-29,4,11.838935919168035,0.28287986084776,0.9767289886171916,0.1598832794466936
microsoft-osmium-ia,2016-03-16,0,16.24490842241099,0.2551138794090328,0.9769193599120032,0.1536763636156427
microsoft-osmium-ia,2016-03-16,1,16.5608916063409,0.2895532541565269,0.9767072536473542,0.1415751251093258
microsoft-osmium-ia,2016-03-16,2,15.8669187485349,0.2852789462897476,0.9781800786468418,0.1300608242876674
microsoft-osmium-ia,2016-03-16,3,16.362893036205822,0.3193223565416608,0.9776338666601198,0.1410363277911729
microsoft-osmium-ia,2016-03-16,4,16.217033134802115,0.3205345564722058,0.9769202048197172,0.1343180796428882
microsoft-osmium-ia,2016-04-01,0,11.589235899013602,0.2772122725957734,0.975905500312518,0.1157258400192482
microsoft-osmium-ia,2016-04-01,1,11.42183080110139,0.3270361621653836,0.9766600699779346,0.1753921964840549
microsoft-osmium-ia,2016-04-01,2,12.022715284246368,0.2933046196913745,0.9762293169184756,0.1829384212977946
microsoft-osmium-ia,2016-04-01,3,11.925081058499682,0.3600412310268587,0.9768638504261284,0.1633537067028496
microsoft-osmium-ia,2016-04-01,4,11.830684096789684,0.3590170411937963,0.9762592439249066,0.1511690087337551
microsoft-osmium-ia,2016-04-17,0,24.253674520832053,0.2702658113449257,0.9768459628269676,0.2523407497560282
microsoft-osmium-ia,2016-04-17,1,23.327709806321906,0.3429851898291646,0.9773219829889482,0.2165820965933227
microsoft-osmium-ia,2016-04-17,2,22.007357640839675,0.353074355231765,0.9768759935266332,0.184521332334925
microsoft-osmium-ia,2016-04-17,3,20.032989331126274,0.4275908215578534,0.9786241175993892,0.2018880486340536
microsoft-osmium-ia,2016-04-17,4,20.986222232402753,0.5033720605257153,0.9801270446896888,0.2082706672085302
microsoft-osmium-ia,2016-05-03,0,24.84832784,0.3271599959811194,0.9770029411764706,0.1820610619117647
microsoft-osmium-ia,2016-05-03,1,24.031474705596484,0.4094719825356706,0.9776442727085856,0.1471871652844581
microsoft-osmium-ia,2016-05-03,2,22.415988864712457,0.440359042255109,0.9804009409004104,0.1459241611818072
microsoft-osmium-ia,2016-05-03,3,23.23929958395627,0.536019579888487,0.980876126625467,0.1717587054843751
microsoft-osmium-ia,2016-05-03,4,22.516563363738275,0.5578362427864919,0.9801066120067382,0.1735386150178592
microsoft-osmium-ia,2016-05-19,0,36.06181149591161,0.3387220984442922,0.9781361089993124,0.192485145609446
microsoft-osmium-ia,2016-05-19,1,33.72999288237455,0.4386129304343388,0.979011230740145,0.1831613504195718
microsoft-osmium-ia,2016-05-19,2,30.307158338077965,0.4924362409793961,0.9803849551706711,0.1758862943941118
microsoft-osmium-ia,2016-05-19,3,29.367371180227487,0.5508561538397839,0.9808272087559242,0.1833441538647331
microsoft-osmium-ia,2016-05-19,4,28.554323519119013,0.5882670359594863,0.9806515151703898,0.1804458975809617
microsoft-osmium-ia,2016-06-04,0,30.498716919988244,0.4513594126812754,0.97909623767749,0.20841093169508
microsoft-osmium-ia,2016-06-04,1,35.12495932299551,0.5147977319693673,0.9799259325364528,0.1947249805514988
microsoft-osmium-ia,2016-06-04,2,30.104384137663157,0.5145690149879496,0.9807665348463476,0.176085312379307
microsoft-osmium-ia,2016-06-04,3,29.754423570143747,0.6134616962969394,0.98142730091839,0.1979405396369758
microsoft-osmium-ia,2016-06-04,4,29.505189913125847,0.6147350575056162,0.9804463383818044,0.190003149055953
microsoft-osmium-ia,2016-06-20,0,37.535012907032794,0.5871722750080018,0.9813105163158364,0.1926612807708486
microsoft-osmium-ia,2016-06-20,1,34.00448013202799,0.6920255368610041,0.982296774224625,0.1902628746480747
microsoft-osmium-ia,2016-06-20,2,33.138024754784254,0.6876148581989399,0.9822761631724488,0.1916980723365702
microsoft-osmium-ia,2016-06-20,3,33.32999267518409,0.6905280126340431,0.9821083210673436,0.1883437168660459
microsoft-osmium-ia,2016-06-20,4,33.25070309588517,0.6722044073834456,0.9803360278372608,0.1803594760415715
microsoft-osmium-ia,2016-07-22,0,28.01165707068693,0.8167741022155637,0.9857036331653052,0.1974177401704535
microsoft-osmium-ia,2016-07-22,1,27.64839203642134,0.8127563985895672,0.9854240307853472,0.1925766534982008
microsoft-osmium-ia,2016-07-22,2,27.67778105969255,0.783322219798931,0.9846901782200828,0.1888347699302621
microsoft-osmium-ia,2016-07-22,3,27.75605900056714,0.7720907573552137,0.9843389819553696,0.1904944379326201
microsoft-osmium-ia,2016-07-22,4,28.964687114431133,0.7433142963865484,0.9829035316341892,0.1771541104591526
microsoft-osmium-ia,2016-08-23,1,21.927728439834397,0.8013616579623877,0.9842043364567442,0.1480390003916975
microsoft-osmium-ia,2016-08-23,2,21.8048712788289,0.7274227198620115,0.9838340371809672,0.1408126039507275
microsoft-osmium-ia,2016-08-23,3,21.85108276626853,0.7461498831613202,0.983175732163012,0.1605630330474458
microsoft-osmium-ia,2016-08-23,4,22.197139411580046,0.7060470619085163,0.9809380578376204,0.1611192464672781
microsoft-osmium-ia,2016-09-08,0,28.144605854179247,0.7249747334033673,0.9840852168853776,0.13717033612554
microsoft-osmium-ia,2016-09-08,1,28.46482082173581,0.7202500271859905,0.9838323026247008,0.1460126594535712
microsoft-osmium-ia,2016-09-08,2,28.12701792012618,0.7029824043260243,0.9843788136841848,0.1459334358868696
microsoft-osmium-ia,2016-09-08,3,28.244042778211732,0.7347783997855436,0.9842464291671008,0.154672487559165
microsoft-osmium-ia,2016-09-08,4,28.393267607713756,0.7126752384089212,0.9831254371399276,0.1497097365664275
microsoft-osmium-ia,2016-09-24,0,30.28656758143099,0.6136085348847253,0.9821317130376662,0.128108788739767
microsoft-osmium-ia,2016-09-24,1,30.300008370911563,0.5213972386720312,0.980256898722573,0.1331630930666145
microsoft-osmium-ia,2016-09-24,2,29.47357789118759,0.5525640652441939,0.981667784317704,0.1393589658873468
microsoft-osmium-ia,2016-09-24,3,30.021820800007976,0.60078848140049,0.9815484770226792,0.1399830911979037
microsoft-osmium-ia,2016-09-24,4,29.731395292644834,0.6175857649129748,0.9812298930994452,0.1456609895239097
microsoft-osmium-ia,2016-11-11,1,1.1902188787915955,0.5190061096079498,0.9800832468721392,0.2093950718795137
microsoft-osmium-ia,2016-11-11,2,4.693051695829499,0.4048881516921433,0.9778445178733646,0.1916088378615359
microsoft-osmium-ia,2016-11-11,3,5.2815612373609335,0.4123665422662155,0.9782126510194326,0.2041166252331294
microsoft-osmium-ia,2016-11-11,4,4.680273144418224,0.4169417349370952,0.9774328030064324,0.2019489536383095
microsoft-osmium-ia,2016-12-13,0,-8.265567235235006,0.2780859416699538,0.9767956513834032,0.1315424137058808
microsoft-osmium-ia,2016-12-13,1,-7.870507214476221,0.2590089061187229,0.9764587553920536,0.1658020653930195
microsoft-osmium-ia,2016-12-13,2,-7.763557063962653,0.270229038261159,0.9770768272114144,0.1436602027779265
microsoft-osmium-ia,2016-12-13,3,-7.888576757806857,0.2892588150506695,0.9760799794048144,0.1405791004320887
microsoft-osmium-ia,2016-12-13,4,-7.47775839066545,0.286977473670349,0.974752562725318,0.131959268549026
microsoft-osmium-ia,2016-12-29,0,2.941242274954677,0.3190879503261849,0.9777940822996274,0.1223681277054308
microsoft-osmium-ia,2016-12-29,1,3.079563082760022,0.2814203509814925,0.9770015401538475,0.1607261585748765
microsoft-osmium-ia,2016-12-29,2,2.734381652397105,0.2721356041748876,0.9780651829796498,0.1387155354519086
microsoft-osmium-ia,2016-12-29,3,2.994029298990927,0.3079488743365859,0.9775306733930168,0.1435293400727328
microsoft-osmium-ia,2016-12-29,4,3.0374916553801317,0.3054980392478637,0.9768995457847666,0.136697014438677
microsoft-osmium-ia,2017-01-30,0,3.593719145296268,0.2113476352962145,0.9760643856164286,0.1505910629988611
microsoft-osmium-ia,2017-01-30,1,3.584352458534138,0.1696320077411478,0.9762878952846906,0.2152015018058587
microsoft-osmium-ia,2017-01-30,2,3.523494120039429,0.1769177585949233,0.977605862492269,0.1984592987207238
microsoft-osmium-ia,2017-01-30,3,4.19013466876895,0.2103991346211594,0.9770079599670004,0.1825255950150883
microsoft-osmium-ia,2017-01-30,4,4.455399968545384,0.2160401465860934,0.9761343209946258,0.1651634283224812
microsoft-osmium-ia,2017-02-15,0,5.120674854931042,0.287147594882774,0.9765140767541948,0.1268602575117841
microsoft-osmium-ia,2017-02-15,1,6.03002564415739,0.2485127709017565,0.9755682544973544,0.1622980313084603
microsoft-osmium-ia,2017-02-15,2,5.637297271275945,0.2269261392960469,0.9766746274806553,0.1408772131135124
microsoft-osmium-ia,2017-02-15,3,6.019276756454361,0.2596531032977433,0.9758915147066464,0.1481023150374605
microsoft-osmium-ia,2017-02-15,4,6.05551072120744,0.2522730028592783,0.9750886747862736,0.1403359576790959
microsoft-osmium-ia,2017-03-19,0,15.201695732652343,0.2839396804594614,0.9775533405849052,0.1498561446522828
microsoft-osmium-ia,2017-03-19,1,15.72285178386525,0.2538768274690662,0.9766709083805788,0.1729399390497248
microsoft-osmium-ia,2017-03-19,2,15.509882613197764,0.2645632113705399,0.9770499819837236,0.1603722077383474
microsoft-osmium-ia,2017-03-19,3,15.979993073764971,0.2834259521847104,0.97680316784781,0.1620787693223845
microsoft-osmium-ia,2017-03-19,4,15.661730245208252,0.2884341627820772,0.9758562488516538,0.1574623809873593
microsoft-osmium-ia,2017-05-06,0,27.955890245987607,0.4942415260122382,0.9804454993386358,0.1634792607431443
microsoft-osmium-ia,2017-05-06,1,30.285573884858945,0.4292897747013698,0.9789433830960356,0.185970127178814
microsoft-osmium-ia,2017-05-06,2,28.829397586191725,0.4569688233098495,0.9802527930874734,0.1671608296816516
microsoft-osmium-ia,2017-05-06,3,28.731271455137147,0.5064901041705194,0.9803240393397252,0.1716258279825722
microsoft-osmium-ia,2017-05-06,4,27.825811872305028,0.5394997787127248,0.9801361021115652,0.1633421640224809
microsoft-osmium-ia,2017-06-07,0,46.66984903888755,0.3345351160695258,0.9780787841873444,0.1738736851712604
microsoft-osmium-ia,2017-06-07,1,41.07792918266297,0.4502330536418776,0.97959345377796,0.2028870402183755
microsoft-osmium-ia,2017-06-07,2,36.51957712983464,0.5346483501916762,0.9816741822171948,0.1867698316140091
microsoft-osmium-ia,2017-06-07,3,34.68280212949474,0.5760145457455724,0.9815620892350018,0.1876664378331727
microsoft-osmium-ia,2017-06-07,4,32.389065160377775,0.5804613730885669,0.9808464969300612,0.1813356781163147
microsoft-osmium-ia,2017-06-23,4,14.62825327961556,0.6317646645561711,0.9807999800894166,0.1459681057303564
microsoft-osmium-ia,2017-07-09,0,48.14885416982126,0.4550372620477738,0.9798820505361336,0.1723678432917462
microsoft-osmium-ia,2017-07-09,1,38.76555864756907,0.6816213987976654,0.9833117215329116,0.1834776397468177
microsoft-osmium-ia,2017-07-09,2,35.135214873764326,0.723976048117377,0.9843842467183964,0.1731972725365071
microsoft-osmium-ia,2017-07-09,3,35.64974177136866,0.7286620756101405,0.9839502207388324,0.1738663274130643
microsoft-osmium-ia,2017-07-09,4,36.153751359161966,0.6980122188784492,0.9825702136720826,0.1669206511128203
microsoft-osmium-ia,2017-07-25,0,35.84379941533715,0.7192425681225603,0.9845071026949892,0.1756237774190455
microsoft-osmium-ia,2017-07-25,1,33.262546520072725,0.7665775577855719,0.985102231367017,0.189490719924587
microsoft-osmium-ia,2017-07-25,2,32.99676477079173,0.7299089630601804,0.9844490895152797,0.1708328690567064
microsoft-osmium-ia,2017-07-25,3,33.755540661334706,0.7264746589309649,0.9838210277578852,0.170479398627813
microsoft-osmium-ia,2017-07-25,4,34.51502059479747,0.6894187995218624,0.9822645369688008,0.1618071848922907
microsoft-osmium-ia,2017-08-10,0,26.44963722105704,0.8348820129001322,0.9857522516476804,0.2042190650570684
microsoft-osmium-ia,2017-08-10,1,26.499635020934612,0.7784699068604324,0.9844049503498898,0.2026970661838679
microsoft-osmium-ia,2017-08-10,2,27.300130866319325,0.7187008127633937,0.9834490175244625,0.1761531824871932
microsoft-osmium-ia,2017-08-10,3,28.76190332335069,0.725724333858758,0.9832455396573432,0.1781462082789559
microsoft-osmium-ia,2017-08-10,4,29.42743693636679,0.700456912611937,0.982385881404116,0.1725152351108008
microsoft-osmium-ia,2017-08-26,0,5.574017998235912,0.8226703928378494,0.985498320647479,0.2513743179977189
microsoft-osmium-ia,2017-08-26,1,5.994753176106518,0.8200134553859737,0.9851335259575604,0.2474227733515947
microsoft-osmium-ia,2017-08-26,2,10.729560326185917,0.7897101123191766,0.9838928547937312,0.2070777322500144
microsoft-osmium-ia,2017-08-26,3,16.001590361010045,0.7561045820132096,0.9834150454271308,0.1868363862140468
microsoft-osmium-ia,2017-08-26,4,16.137583770835008,0.7522963321061661,0.9833240839418196,0.1724484500353742
microsoft-osmium-ia,2017-09-11,0,25.33911792320598,0.8591318422548455,0.98709559582427,0.2180405161802943
microsoft-osmium-ia,2017-09-11,1,27.14519653299685,0.7872466086255503,0.9853144829007328,0.1828471995578555
microsoft-osmium-ia,2017-09-11,2,28.01889899525964,0.7119796885809071,0.9842149684658906,0.159604490093502
microsoft-osmium-ia,2017-09-11,3,28.824666103821624,0.6938313228463513,0.983292234665799,0.1592949624322925
microsoft-osmium-ia,2017-09-11,4,29.110209107304804,0.6749290444211292,0.9820365635323244,0.1537133182988843
microsoft-osmium-ia,2017-10-13,0,13.592505140130632,0.00070187791183781,0.9733510411316304,0.7724453496974667
microsoft-osmium-ia,2017-10-13,1,13.590840316749569,0.0001685716451917869,0.9724873054353133,0.7936776768914535
microsoft-osmium-ia,2017-10-13,2,13.3382243502956,0.00013763491963334282,0.9729087325867348,0.794089340917962
microsoft-osmium-ia,2017-10-13,3,13.09033470709314,-0.00036096214718952467,0.9721500887049016,0.8264756300899317
microsoft-osmium-ia,2017-10-13,4,13.090748995457629,-0.0005792137224419612,0.9708612155592964,0.8236464032166777
microsoft-osmium-ia,2017-10-29,4,1.8313057880470405,0.5878150035875026,0.9795720251172244,0.2151823741195036
microsoft-osmium-ia,2017-11-30,0,12.39845254712016,0.2321475883478968,0.9766713824028072,0.173683751814344
microsoft-osmium-ia,2017-11-30,1,12.067004767206813,0.2940956431086893,0.9769143660823733,0.1616323691240062
microsoft-osmium-ia,2017-11-30,2,11.188403904660744,0.3128941322373548,0.9786309201687644,0.1419573115469456
microsoft-osmium-ia,2017-11-30,3,11.176438096501828,0.3539705606957322,0.978110692614581,0.1483700256367466
microsoft-osmium-ia,2017-11-30,4,11.069421845746046,0.3594635858240548,0.9773513964665108,0.1426563741087422
microsoft-osmium-ia,2017-12-16,0,8.280690641018193,0.2265382606677924,0.9759524665796976,0.1117759763626982
microsoft-osmium-ia,2017-12-16,1,8.097572751169608,0.2745133001945698,0.9758441864305836,0.1040729789590174
microsoft-osmium-ia,2017-12-16,2,7.691831250120349,0.2876830345856392,0.9774462747596452,0.0914040993869154
microsoft-osmium-ia,2017-12-16,3,7.965612553667406,0.3256024140689099,0.9769624469458604,0.1045128485143119
microsoft-osmium-ia,2017-12-16,4,8.126356492694153,0.3295859172178469,0.976387810610318,0.1145172165728941
microsoft-osmium-ia,2018-01-01,0,-23.06547333504127,-0.0390613945145861,0.9903746923877746,0.893942075062624
microsoft-osmium-ia,2018-01-01,1,-22.802365243392067,0.0019325574992037,0.9896322465640088,0.7608417514316056
microsoft-osmium-ia,2018-01-01,2,-22.49010103767819,0.0356610087841451,0.988575380479279,0.6852391789172038
microsoft-osmium-ia,2018-01-01,3,-22.61636466028839,0.0425176871201431,0.988726041231705,0.6643435127106965
microsoft-osmium-ia,2018-01-01,4,-22.49978796849713,0.05447633799836,0.9880054202643184,0.6489660146379908
microsoft-osmium-ia,2018-01-17,0,-9.785357999622056,-0.0110375534755179,0.9903146335698604,0.7670080348514076
microsoft-osmium-ia,2018-01-17,1,-9.337764936461772,0.0333821304497585,0.9884195807453642,0.6471758042673886
microsoft-osmium-ia,2018-01-17,2,-9.048816214768616,0.0714722115250464,0.9875436802308316,0.5603840805708994
microsoft-osmium-ia,2018-01-17,3,-9.017869698834952,0.0790456569026902,0.987516161887002,0.558644606376672
microsoft-osmium-ia,2018-01-17,4,-8.875178664717243,0.0962282644003793,0.9865889398732308,0.5442071382376482
microsoft-osmium-ia,2018-02-02,0,-3.973904486442771,0.1928872867582688,0.9761700828632572,0.2026320556730195
microsoft-osmium-ia,2018-02-02,1,-4.683517209024164,0.2060900843021847,0.9754471944782775,0.1792396248997783
microsoft-osmium-ia,2018-02-02,2,-5.194358855891118,0.2289621304146652,0.9758341426501596,0.1545488743166095
microsoft-osmium-ia,2018-02-02,3,-4.938072500340778,0.2530363515712948,0.9760099493223444,0.1518834503970743
microsoft-osmium-ia,2018-02-02,4,-4.608155987200361,0.260236688241662,0.9752777331110764,0.1557140069017407
microsoft-osmium-ia,2018-04-07,0,16.58570402206945,0.2101557601851023,0.9763561097449552,0.1625952535699835
microsoft-osmium-ia,2018-04-07,1,15.304214301111932,0.2284226708345695,0.9760192521503818,0.1666198409136565
microsoft-osmium-ia,2018-04-07,2,13.723140182108676,0.2342961890656837,0.9773811483938292,0.1558837584106209
microsoft-osmium-ia,2018-04-07,3,13.810322694719677,0.2631355750095071,0.976903289978442,0.1634639093832909
microsoft-osmium-ia,2018-04-07,4,13.36150090774085,0.2624678752816492,0.9761589989895828,0.1556758594607841
microsoft-osmium-ia,2018-04-23,1,19.475423724586573,0.2141674731024692,0.9748289711960124,0.1731758757287756
microsoft-osmium-ia,2018-04-23,2,20.89446567844619,0.2492164187061812,0.9766043688149822,0.1520291156521121
microsoft-osmium-ia,2018-04-23,3,20.77796974231328,0.3075898971030463,0.9770274176742462,0.1437998141486745
microsoft-osmium-ia,2018-04-23,4,21.148609452248696,0.2859673709185741,0.9750410534096232,0.1290879020977388
microsoft-osmium-ia,2018-05-09,0,26.486867194228697,0.3083376874274897,0.9764965832205684,0.2090108884032476
microsoft-osmium-ia,2018-05-09,1,26.7399947094241,0.4448216427799422,0.9779791499846012,0.123709908854327
microsoft-osmium-ia,2018-05-09,2,26.45368475170631,0.47049914116543,0.9788088588960434,0.1537246155204407
microsoft-osmium-ia,2018-05-09,3,29.685274588700626,0.4888404844116066,0.979597650017254,0.19664027722492
microsoft-osmium-ia,2018-05-09,4,28.259101490482436,0.5046220974817267,0.9779403545577222,0.1729222907079824
microsoft-osmium-ia,2018-05-25,0,38.5346685003686,0.3554104745150439,0.9781370248317056,0.1626150082661898
microsoft-osmium-ia,2018-05-25,1,36.40432230663478,0.4699722090988215,0.9794386686975302,0.1816134773245975
microsoft-osmium-ia,2018-05-25,2,33.46047339425273,0.5362657924368671,0.9807376743588634,0.1840624523825021
microsoft-osmium-ia,2018-05-25,3,32.44664045230418,0.5764302931079093,0.9810801809969136,0.1870000150083652
microsoft-osmium-ia,2018-05-25,4,30.019168930082863,0.610968606159029,0.9801657039253548,0.1751183975611558
microsoft-osmium-ia,2018-07-12,0,29.74127729580209,0.6235752908530943,0.9825023236258028,0.1710677706674173
microsoft-osmium-ia,2018-07-12,1,24.569352639484197,0.7904206728897151,0.9848882332373908,0.1819993454869646
microsoft-osmium-ia,2018-07-12,2,24.174482049657374,0.7524352742672262,0.9842267040416136,0.1703534656992313
microsoft-osmium-ia,2018-07-12,3,23.49072883334884,0.7389602211998536,0.98352417345755,0.1716158591554166
microsoft-osmium-ia,2018-07-12,4,21.272873598781764,0.7079679827340349,0.982031664236739,0.1662290996774834
microsoft-osmium-ia,2018-08-13,0,37.10848154382908,0.6563239388251619,0.9830239339821184,0.1748694505923041
microsoft-osmium-ia,2018-08-13,1,33.82998726678824,0.7293332283452345,0.9836733963233282,0.1687314997091396
microsoft-osmium-ia,2018-08-13,2,33.648076461814235,0.7104256590237121,0.9838563640344112,0.1624319176335245
microsoft-osmium-ia,2018-08-13,3,34.303520772753416,0.7055386028555967,0.9832289223918248,0.164181934436471
microsoft-osmium-ia,2018-08-13,4,34.63624502076538,0.681577467825265,0.9820626648754788,0.1596668545048976
microsoft-osmium-ia,2018-08-29,0,25.200406443293055,0.7437424262334382,0.9843601897264116,0.1696793265012773
microsoft-osmium-ia,2018-08-29,1,25.439778639233783,0.6988439667442216,0.9832024357612664,0.1451889809204068
microsoft-osmium-ia,2018-08-29,2,25.0709649431102,0.7048560119956061,0.9841666306587028,0.1482831152808773
microsoft-osmium-ia,2018-08-29,3,25.450170847404433,0.7170347669162401,0.9836677804651818,0.151088870592107
microsoft-osmium-ia,2018-08-29,4,25.597696278018837,0.6970819126620231,0.9828133029352718,0.1469199413248537
microsoft-osmium-ia,2018-09-14,0,32.91045686821818,0.6781389687121797,0.9836195095581848,0.1918864653626921
microsoft-osmium-ia,2018-09-14,1,33.115031977617676,0.5422230401938952,0.9804707889684584,0.1585269238237699
microsoft-osmium-ia,2018-09-14,2,33.16008007066917,0.6467199109430253,0.9826305259563992,0.1684386567968194
microsoft-osmium-ia,2018-09-14,3,33.4936641787717,0.628103845412142,0.9818977687810378,0.1664555940629349
microsoft-osmium-ia,2018-09-14,4,32.35361851877004,0.6444944163550473,0.9818223448310632,0.1546068168196305
microsoft-osmium-ia,2018-10-16,0,15.524439457586745,0.4506430102187999,0.9790793110031296,0.1077515573701368
microsoft-osmium-ia,2018-10-16,1,15.046596272597212,0.4434520324541514,0.9782521497759848,0.1040950110484826
microsoft-osmium-ia,2018-10-16,2,15.264446393022247,0.4865999814649799,0.9803781378910456,0.1083557776769723
microsoft-osmium-ia,2018-10-16,3,15.474869001359677,0.521403834356705,0.9800882178566956,0.1179924115648911
microsoft-osmium-ia,2018-10-16,4,15.524701744167665,0.5245919107883745,0.9798183495018976,0.1195521907504685
microsoft-osmium-ia,2018-11-01,0,13.849554223768894,0.2957861185175769,0.9773117576738282,0.1476375467619349
microsoft-osmium-ia,2018-11-01,1,12.546123360068425,0.3590670089822237,0.9775970471167368,0.1402441907587588
microsoft-osmium-ia,2018-11-01,2,12.78538730801649,0.390262816679903,0.9788625182562268,0.14523890380514
microsoft-osmium-ia,2018-11-01,3,11.536208133932933,0.4038618136028063,0.9779782949502236,0.1540743330944081
microsoft-osmium-ia,2018-11-01,4,11.510352812643708,0.430153596043305,0.977664468243434,0.1510057112935866
microsoft-osmium-ia,2019-01-04,0,4.214008061685005,0.2382175977057532,0.9763433684392328,0.1203923222319896
microsoft-osmium-ia,2019-01-04,1,5.223620389180342,0.2636376516447568,0.9766183083610732,0.1567613505384667
microsoft-osmium-ia,2019-01-04,2,4.831226457653707,0.2625293537600011,0.9779213072177192,0.1337576980678391
microsoft-osmium-ia,2019-01-04,3,4.983179307713392,0.2951706457422179,0.9773173852973474,0.1377125582872474
microsoft-osmium-ia,2019-01-04,4,4.925653712695692,0.2927223854021812,0.9767223958732588,0.1294631873827966
microsoft-osmium-ia,2019-02-21,0,-5.608359279616519,-0.0435504216325628,0.9904,0.8587678650010224
microsoft-osmium-ia,2019-02-21,1,-5.492111634728095,-0.0319428398156188,0.9903177979057526,0.7897092751796401
microsoft-osmium-ia,2019-02-21,2,-5.497651900609944,-0.005361939572101,0.9897189945522292,0.745634024174979
microsoft-osmium-ia,2019-02-21,3,-5.696065282532177,-0.0164046805178008,0.9902098693231904,0.7414424038863157
microsoft-osmium-ia,2019-02-21,4,-5.6410861489233355,-0.0134437001503339,0.9901734864572722,0.7246786146358745
microsoft-osmium-ia,2019-04-26,0,26.167194226051905,0.2356050147601415,0.9765418961731984,0.1869599277865894
microsoft-osmium-ia,2019-04-26,1,25.894743099458324,0.3444450759012576,0.9777340309606526,0.1839291278737242
microsoft-osmium-ia,2019-04-26,2,24.660215439871315,0.3846996932374081,0.9792635342140652,0.158022162194948
microsoft-osmium-ia,2019-04-26,3,24.72723837531156,0.4276984719080935,0.9790234176539772,0.1633567558920546
microsoft-osmium-ia,2019-04-26,4,24.315484470699737,0.4463208885437981,0.9786537998875308,0.15591860444995
microsoft-osmium-ia,2019-06-13,0,37.63060005857944,0.2928505246417957,0.9775416729923964,0.2005668753250782
microsoft-osmium-ia,2019-06-13,1,35.15746297687374,0.4541247772887362,0.9794305391371804,0.185996987950762
microsoft-osmium-ia,2019-06-13,2,31.012070187649147,0.5614092809911181,0.9819440786036217,0.1740719552471547
microsoft-osmium-ia,2019-06-13,3,31.2298248720542,0.5815736194291845,0.9815596071602912,0.1795097171381875
microsoft-osmium-ia,2019-06-13,4,30.231325547379925,0.5960643925226309,0.9810356575383974,0.1704992479424
microsoft-osmium-ia,2019-06-29,0,43.44220237924396,0.3681791623316629,0.9787832664396976,0.1855756329293387
microsoft-osmium-ia,2019-06-29,1,42.34449721699427,0.508547268126525,0.9805782683004076,0.1787916826617578
microsoft-osmium-ia,2019-06-29,2,39.03166151092889,0.6151101365917782,0.9825552326793282,0.1699741047104429
microsoft-osmium-ia,2019-06-29,3,38.22817740570162,0.6629895644526262,0.9830921976370672,0.1743047446457997
microsoft-osmium-ia,2019-06-29,4,37.357960909362845,0.6704814682490562,0.98246485447737,0.1661774926476504
microsoft-osmium-ia,2019-07-15,0,42.09253158530056,0.3767505628778123,0.9789259735183028,0.1968789309089615
microsoft-osmium-ia,2019-07-15,1,38.91108600497881,0.6008242913077783,0.982147578405421,0.183799358458437
microsoft-osmium-ia,2019-07-15,2,36.02103226400506,0.6533093003594813,0.9833727811780912,0.1746192688077086
microsoft-osmium-ia,2019-07-15,3,35.25455174007807,0.711763658229883,0.9838519420682984,0.1766376542853507
microsoft-osmium-ia,2019-07-15,4,35.07090498677523,0.6930170802737229,0.9828048063339008,0.1697564636401508
microsoft-osmium-ia,2019-09-01,0,33.77576828566859,0.4228696004668812,0.9792046727060332,0.1901343367303328
microsoft-osmium-ia,2019-09-01,1,28.50266835559968,0.7694464243085846,0.9840908071072828,0.1884969724957007
microsoft-osmium-ia,2019-09-01,2,27.85394660741303,0.752007195503165,0.98439837921237,0.1723403812270419
microsoft-osmium-ia,2019-09-01,3,28.070158944360045,0.7655174840016402,0.9838098641557068,0.1722878865278429
microsoft-osmium-ia,2019-09-01,4,28.31360666979699,0.7279557794888326,0.9823593132234718,0.1653864939302559
microsoft-osmium-ia,2019-09-17,3,14.03397504850076,0.7616219462626534,0.9832278562744252,0.1763217604192141
microsoft-osmium-ia,2019-09-17,4,17.344319379484446,0.6624635811687074,0.9803751390924692,0.1538987672912001
microsoft-osmium-ia,2019-12-06,3,-0.8420501673684031,0.3719020766205796,0.9728263157894738,0.1326168707352941
microsoft-osmium-ia,2019-12-06,4,-0.4580633988090815,0.3559896095143733,0.9749825543140213,0.1791735226821278
microsoft-osmium-ia,2019-12-22,3,1.0190317400000215,0.3675242890090451,0.9780666666666668,0.0844413316666666
microsoft-osmium-ia,2019-12-22,4,1.9755345683518888,0.2424979932444256,0.9720308437798564,0.1087465843413922
microsoft-osmium-ia,2020-01-07,0,0.9626372194961113,0.2267366189694381,0.9766143162985615,0.1623101699224431
microsoft-osmium-ia,2020-01-07,1,1.8888966814186063,0.2602542512614933,0.9766188666148332,0.1622637148051675
microsoft-osmium-ia,2020-01-07,2,1.2866786372175123,0.2850704812661629,0.9776830725161262,0.1540349992213127
microsoft-osmium-ia,2020-01-07,3,1.263182339792821,0.2939332686145853,0.9772616473794208,0.1563772794948695
microsoft-osmium-ia,2020-01-07,4,1.0893358330674776,0.2949985817337647,0.97642553554998,0.1498924397677697
microsoft-osmium-ia,2020-02-08,0,-6.139887374218645,-0.006762793019693,0.9886869155140308,0.6401394390905948
microsoft-osmium-ia,2020-02-08,1,-7.303358455150915,0.0029448539394349,0.9889601343335354,0.6732547241309343
microsoft-osmium-ia,2020-02-08,2,-7.055678135763978,0.0404041730133372,0.9877237665790436,0.6105110281814194
microsoft-osmium-ia,2020-02-08,3,-7.104526905206398,0.0352034641827781,0.9882904167235232,0.6043095990858
microsoft-osmium-ia,2020-02-08,4,-6.740148414165607,0.0457524234548915,0.9876325376717372,0.5781644366771679
microsoft-osmium-ia,2020-05-30,1,16.40850108198734,0.5825547201421343,0.980832296977988,0.1627224512106703
microsoft-osmium-ia,2020-05-30,2,18.985446086372527,0.5785294627955625,0.979682337379071,0.1205416614267879
microsoft-osmium-ia,2020-05-30,3,21.84263745427015,0.6528963264761742,0.9817004100340472,0.1727534370601419
microsoft-osmium-ia,2020-05-30,4,20.51943691295472,0.6248832683233826,0.979217850460405,0.1884957837248231
microsoft-osmium-ia,2020-06-15,0,40.62173120535612,0.3893781558360263,0.9793267893959008,0.2280719608921435
microsoft-osmium-ia,2020-06-15,1,38.04354295829181,0.6225936581127668,0.982762935246872,0.1904665179986104
microsoft-osmium-ia,2020-06-15,2,33.68372231580844,0.6700010825546019,0.9833732146612004,0.1871338196143255
microsoft-osmium-ia,2020-06-15,3,33.66437126067571,0.6514709728843929,0.9828436082151656,0.1898187382805059
microsoft-osmium-ia,2020-06-15,4,33.963534018534844,0.6584049087285736,0.9822117045363368,0.1852971159541201
microsoft-osmium-ia,2020-07-17,0,39.36337042536296,0.4364836925660078,0.9798642047081596,0.2318776913349369
microsoft-osmium-ia,2020-07-17,1,33.362200981042285,0.7985796817529709,0.9854746292039838,0.1974574001495647
microsoft-osmium-ia,2020-07-17,2,33.246773084241426,0.7588132261144862,0.9845746043511824,0.184409644421418
microsoft-osmium-ia,2020-07-17,3,33.74263918240112,0.7631331188891115,0.9843865013808556,0.1850967245754134
microsoft-osmium-ia,2020-07-17,4,33.86770433570966,0.7398183720731935,0.983147679942812,0.1810859686149084
microsoft-osmium-ia,2020-08-02,2,29.46340319690095,0.6764996565579555,0.9821081388380224,0.201738370937656
microsoft-osmium-ia,2020-08-02,3,29.867401215252045,0.7281137605729358,0.9837233288450636,0.2084803457624111
microsoft-osmium-ia,2020-08-02,4,30.107480945512293,0.7113665876984642,0.98217977559479,0.1963491852457398
microsoft-osmium-ia,2020-09-03,0,31.6264665647314,0.358903298785202,0.9786327766691956,0.218791617665465
microsoft-osmium-ia,2020-09-03,1,28.32006369558488,0.695492703030123,0.983486406797586,0.166319156169282
microsoft-osmium-ia,2020-09-03,2,27.84207678181224,0.67847021895064,0.9836840147006424,0.1556879119129592
microsoft-osmium-ia,2020-09-03,3,28.30151701545032,0.6777466488241002,0.9831073611015596,0.1568394913432385
microsoft-osmium-ia,2020-09-03,4,28.61888346213905,0.6492610089384717,0.9818224358282424,0.1539338978745653
microsoft-osmium-ia,2020-09-19,0,22.91522545059123,0.4048655162341065,0.9793478479643282,0.193654755609679
microsoft-osmium-ia,2020-09-19,1,21.63781944233991,0.5718620462809816,0.9807340582334207,0.1469133888459792
microsoft-osmium-ia,2020-09-19,2,21.17915048284511,0.6073975108740015,0.981884391344912,0.1441259830060655
microsoft-osmium-ia,2020-09-19,3,21.685474158378675,0.6046438532326738,0.9811246798930736,0.1462068294353653
microsoft-osmium-ia,2020-09-19,4,21.723670295023517,0.6087980601869452,0.980266507379453,0.1450980495982632
microsoft-osmium-ia,2020-10-05,0,20.307330661153255,0.3393857781852321,0.9782985418248104,0.1892112248165467
microsoft-osmium-ia,2020-10-05,1,20.422462141151627,0.4569257354888515,0.9791956393873316,0.1384340187945323
microsoft-osmium-ia,2020-10-05,2,19.894155291311353,0.5184557529150682,0.9809750686682818,0.1356678959082164
microsoft-osmium-ia,2020-10-05,3,20.516810082009552,0.5145252378329942,0.9800364156449696,0.1398303747270411
microsoft-osmium-ia,2020-10-05,4,20.5838594247769,0.5231325581660166,0.9792364345793828,0.1406486964709341
microsoft-osmium-ia,2020-10-21,0,6.295315280000011,0.4446420104314841,0.9763,0.1208693625
microsoft-osmium-ia,2020-10-21,1,5.682410460679811,0.3923043337150699,0.9761598320787492,0.2581830972149681
microsoft-osmium-ia,2020-10-21,2,7.056656129930308,0.481659233021048,0.9785059490877688,0.1848514644192415
microsoft-osmium-ia,2020-10-21,3,6.849861446629481,0.4398831749299153,0.9772008439602088,0.1807222379370849
microsoft-osmium-ia,2020-10-21,4,8.305573474138772,0.4581757866547731,0.977272313931872,0.1833242412711536
microsoft-osmium-ia,2020-11-22,0,10.47642009537687,0.2256384662003314,0.976388686415061,0.1875342014920044
microsoft-osmium-ia,2020-11-22,1,10.743038188207676,0.3206021206475224,0.9773501420456696,0.1689783469994007
microsoft-osmium-ia,2020-11-22,2,10.370847531044442,0.3549787142593794,0.9791061362259944,0.1473283175775946
microsoft-osmium-ia,2020-11-22,3,10.685104829638403,0.3669132020036458,0.9781955057089624,0.1501743185395546
microsoft-osmium-ia,2020-11-22,4,10.819922076782651,0.3687080275319649,0.977329922082976,0.1426100656803227
microsoft-osmium-ia,2020-12-24,0,-9.507462036015584,0.1343838115533834,0.9745497678737236,0.2940568691845868
microsoft-osmium-ia,2020-12-24,1,-9.813115968302846,0.1489851182610891,0.9748626647483306,0.3130688534254606
microsoft-osmium-ia,2020-12-24,2,-9.339338421356674,0.2160548129802977,0.976676906106882,0.251669618900518
microsoft-osmium-ia,2020-12-24,3,-9.264762256115995,0.1914086435442526,0.9754617949116058,0.2630494261357201
microsoft-osmium-ia,2020-12-24,4,-9.106799236308673,0.2033624125433427,0.9745873250506168,0.2536532030496302
microsoft-osmium-ia,2021-02-26,0,3.9693036138677793,0.1141685979481143,0.9799271276039696,0.2658312008631017
microsoft-osmium-ia,2021-02-26,1,2.9514773795975935,0.0632311320569675,0.984014416082447,0.3650821340645999
microsoft-osmium-ia,2021-02-26,2,2.6325802237739677,0.0820535915235523,0.983776286530454,0.3366190767741413
microsoft-osmium-ia,2021-02-26,3,2.054129691840284,0.0539873427664342,0.9851581825301616,0.3857181057992077
microsoft-osmium-ia,2021-02-26,4,2.089773329858194,0.0760403627874926,0.9848800321297466,0.3403905971735542
microsoft-osmium-ia,2021-03-30,0,15.260342526426427,0.2124020999473257,0.9765449934318484,0.2559003343028559
microsoft-osmium-ia,2021-03-30,1,15.520176896241738,0.2704076596501935,0.9768021496965984,0.2209220905732956
microsoft-osmium-ia,2021-03-30,2,12.042991550233555,0.2931064517444357,0.9771599283525536,0.2035923135120559
microsoft-osmium-ia,2021-03-30,3,10.884827519511877,0.2894674453133877,0.976436812449108,0.1968791338583213
microsoft-osmium-ia,2021-03-30,4,12.335998331284037,0.3267371084212639,0.9762619421878768,0.1925758233861045
microsoft-osmium-ia,2021-05-01,0,36.83821994724246,0.2260461908804199,0.976374771781966,0.229585841823787
microsoft-osmium-ia,2021-05-01,1,37.71109262339283,0.3943814487538088,0.9783827946708994,0.1781091125370605
microsoft-osmium-ia,2021-05-01,2,34.55361034877105,0.4638702904864571,0.9803864729073978,0.1702350301677317
microsoft-osmium-ia,2021-05-01,3,35.67626354146062,0.4755823101405149,0.979738909106518,0.1704024217656192
microsoft-osmium-ia,2021-05-01,4,34.97728051793289,0.4879470622067103,0.97890511894772,0.1660699802989094
microsoft-osmium-ia,2021-06-02,0,37.250700763318605,0.265027298166567,0.9770792150944762,0.2426924940568676
microsoft-osmium-ia,2021-06-02,1,37.764181039366065,0.4572222611848112,0.979220774843213,0.1896841334460885
microsoft-osmium-ia,2021-06-02,2,34.79067816059355,0.53873633881089,0.9812321536275151,0.1769245031774476
microsoft-osmium-ia,2021-06-02,3,35.081994387920645,0.5773799962251202,0.9812011572957028,0.1796247598600021
microsoft-osmium-ia,2021-06-02,4,33.9808421201712,0.5984268604532759,0.98058369458769,0.17251882262414
microsoft-osmium-ia,2021-06-18,2,26.42403506000005,0.3553012157472698,0.9779,0.35918285
microsoft-osmium-ia,2021-06-18,3,35.570128518498194,0.5812699919383809,0.9804712913563834,0.2352054347121471
microsoft-osmium-ia,2021-06-18,4,38.49201906230778,0.5816603937292633,0.9804165805874668,0.2311583635084848
microsoft-osmium-ia,2021-07-04,0,41.40013798484951,0.3459753650382593,0.9779548320234892,0.2494671255454631
microsoft-osmium-ia,2021-07-04,1,36.10524897728999,0.6853224176853018,0.9821842355488952,0.1917785826094419
microsoft-osmium-ia,2021-07-04,2,35.29696073745986,0.6896256816528259,0.9826535729800172,0.1886254967206979
microsoft-osmium-ia,2021-07-04,3,34.843753519248274,0.7061390679668306,0.98224846466774,0.1747761624145195
microsoft-osmium-ia,2021-07-04,4,35.32630093447308,0.689648490785178,0.981110154082526,0.1724895995520143
microsoft-osmium-ia,2021-07-20,0,34.939746418870946,0.4373820326593379,0.9798321598784338,0.2460247804206362
microsoft-osmium-ia,2021-07-20,1,29.721875824141765,0.7582313613276789,0.9841651567149216,0.2045630959830907
microsoft-osmium-ia,2021-07-20,2,29.839189744614227,0.7397811560994472,0.983940761115618,0.1845576412866586
microsoft-osmium-ia,2021-07-20,3,29.788989011661897,0.7588544207205123,0.9837796649289102,0.1792716264044029
microsoft-osmium-ia,2021-07-20,4,29.964261866764147,0.749089541035975,0.9832578338116182,0.1792187510754642
microsoft-osmium-ia,2021-08-21,0,33.628714764956776,0.3600914756652599,0.9786554902023156,0.2422543756285651
microsoft-osmium-ia,2021-08-21,1,28.048397780380576,0.7963452148558943,0.9851555767508744,0.1880730010918199
microsoft-osmium-ia,2021-08-21,2,28.837400193243656,0.7351874839575272,0.9844629875799044,0.1647092264552941
microsoft-osmium-ia,2021-08-21,3,28.961798302126372,0.7500089917398444,0.9841725492793926,0.1630775061440574
microsoft-osmium-ia,2021-08-21,4,29.19432621967666,0.715869641726731,0.9827748149315384,0.1571130625175624
microsoft-osmium-ia,2021-09-06,0,34.68918624364918,0.3675149046722354,0.9790057390648236,0.2296860464853341
microsoft-osmium-ia,2021-09-06,1,30.60348197787211,0.7650447199196256,0.984813968051467,0.1765725761030166
microsoft-osmium-ia,2021-09-06,2,30.743298372542395,0.722921603321225,0.9844172164382652,0.1536340741700362
microsoft-osmium-ia,2021-09-06,3,30.969431296643908,0.7254356687892284,0.9838449826591128,0.1520947237376464
microsoft-osmium-ia,2021-09-06,4,31.256790429365527,0.6947383370851653,0.9825259612053032,0.1481944716583828
microsoft-osmium-ia,2021-09-22,0,26.50439657083606,0.2981985106385117,0.9778782746442062,0.2314234670279679
microsoft-osmium-ia,2021-09-22,1,25.464843359672603,0.5552385501583784,0.9811597152419924,0.1583758902441556
microsoft-osmium-ia,2021-09-22,2,24.652424981018857,0.5674154321064934,0.9821190512155143,0.1413479543936896
microsoft-osmium-ia,2021-09-22,3,24.269132082305273,0.5815051927560002,0.9814961224619329,0.1423793460539864
microsoft-osmium-ia,2021-09-22,4,24.336436209476616,0.5755794586975701,0.9805624374089889,0.1404370368916027
microsoft-osmium-ia,2021-10-08,0,31.402372932411915,0.2822745733706251,0.9773480375089192,0.2084535936792328
microsoft-osmium-ia,2021-10-08,1,31.054570174854383,0.440610875403219,0.978934660507062,0.1382721573162875
microsoft-osmium-ia,2021-10-08,2,29.72415165596692,0.5103078147422875,0.9808363440886292,0.1345735792228844
microsoft-osmium-ia,2021-10-08,3,29.849684358641262,0.5078616318385809,0.9799674717994968,0.1340459250029397
microsoft-osmium-ia,2021-10-08,4,29.70930634858656,0.5101093650290252,0.9790949202119124,0.1297795820282402
microsoft-osmium-ia,2021-11-09,1,12.406735040000058,0.2543605228654297,0.9726,0.1701650375
microsoft-osmium-ia,2021-11-09,2,9.791149419793753,0.4790195585916164,0.9772972519795065,0.0523876918753742
microsoft-osmium-ia,2021-11-09,3,10.19399381175157,0.3372194779406304,0.9748058247066936,0.1028578115119047
microsoft-osmium-ia,2021-11-09,4,12.727054043955608,0.343432277439771,0.9732868991409674,0.1311546726233463
microsoft-osmium-ia,2021-11-25,0,-0.2960967035634373,0.2143670141579386,0.9767839832028058,0.2195561448676939
microsoft-osmium-ia,2021-11-25,1,-0.0802072065992629,0.3104979020968263,0.9770459132513832,0.1575450594824879
microsoft-osmium-ia,2021-11-25,2,-0.1754584402661339,0.3478784120292603,0.9790353880560732,0.1391147782205618
microsoft-osmium-ia,2021-11-25,3,-0.1878511938576783,0.3607524331250816,0.9780994438903408,0.1475945746387622
microsoft-osmium-ia,2021-11-25,4,0.0131136565438212,0.3515720149912061,0.9771555337400682,0.1401946279723506
microsoft-osmium-ia,2021-12-11,0,2.1994740029749997,0.1942986667331622,0.9764497148971462,0.2027980531886127
microsoft-osmium-ia,2021-12-11,1,2.0874374403703095,0.2543213716108176,0.9759630809735034,0.1825000585854
microsoft-osmium-ia,2021-12-11,2,2.220901740484292,0.3277880931772087,0.977439731484284,0.1449325395122934
microsoft-osmium-ia,2021-12-11,3,2.3216573834666803,0.3233033089756852,0.9765493685644296,0.1531849986197749
microsoft-osmium-ia,2021-12-11,4,2.4984116590677448,0.3207135811347888,0.9756168879771052,0.1424324817880002
microsoft-osmium-ia,2022-01-12,0,4.423081240695526,0.2211464596990516,0.977503615102415,0.1921261576935569
microsoft-osmium-ia,2022-01-12,1,4.565324009076207,0.2169566114872352,0.9765817901293726,0.1880557319581935
microsoft-osmium-ia,2022-01-12,2,4.052719686325969,0.2527649555329779,0.9776367093567792,0.1652208107860816
microsoft-osmium-ia,2022-01-12,3,4.079759340673625,0.2639475343813567,0.9773481439699202,0.1789173664820754
microsoft-osmium-ia,2022-01-12,4,3.983327617507126,0.2627711947395056,0.9775078383478492,0.1677061897658051
microsoft-osmium-ia,2022-01-28,0,-11.071714688746384,-0.0025959614146806,0.9827219921727668,0.554887309958523
microsoft-osmium-ia,2022-01-28,1,-12.679731677922009,0.0009140702549488636,0.9876310172240356,0.6309961259469641
microsoft-osmium-ia,2022-01-28,2,-12.4130079283472,0.0304913150552325,0.987041285206994,0.5508997660787813
microsoft-osmium-ia,2022-01-28,3,-12.759048991077089,0.0232449282572507,0.9876500305394064,0.5716011270523956
microsoft-osmium-ia,2022-01-28,4,-12.578163494676629,0.0320386062439659,0.9870433546090116,0.5563053327455821
microsoft-osmium-ia,2022-02-13,0,-4.4988557500742905,0.1363058986148449,0.9758339803000892,0.2515445124794203
microsoft-osmium-ia,2022-02-13,1,-4.105621762333952,0.2125945101508801,0.975848900983184,0.1779426564813963
microsoft-osmium-ia,2022-02-13,2,-4.676841012114103,0.233094903061046,0.9776667443476126,0.167217495347839
microsoft-osmium-ia,2022-02-13,3,-4.477135216032368,0.2433969921787533,0.9767635836998148,0.1717847143916746
microsoft-osmium-ia,2022-02-13,4,-4.571779270014527,0.2389544860057443,0.9760375632467584,0.1700602713636223
microsoft-osmium-ia,2022-03-01,0,12.353068749827075,0.1529947079961924,0.9756504952484448,0.2264622262417744
microsoft-osmium-ia,2022-03-01,1,13.251939268462216,0.2206386822680309,0.9759986400076418,0.1735410084316264
microsoft-osmium-ia,2022-03-01,2,12.476316052686562,0.226856739952766,0.9774443137817196,0.1581338867078704
microsoft-osmium-ia,2022-03-01,3,12.98706367045086,0.2429979878839348,0.9767103336842532,0.1655059918943272
microsoft-osmium-ia,2022-03-01,4,13.105228168898082,0.2398861790400598,0.9758774720416192,0.1592220705371435
microsoft-osmium-ia,2022-04-02,0,11.418927260000032,0.390157955429215,0.9764,0.1863979025
microsoft-osmium-ia,2022-04-02,1,13.867881447618831,0.2881220479173691,0.9768945694561058,0.1957425684099959
microsoft-osmium-ia,2022-04-02,2,13.446776662357347,0.2488195491832566,0.9762855031781198,0.1856112322684487
microsoft-osmium-ia,2022-04-02,3,13.838129640866162,0.2696132100694153,0.9763740045939724,0.2023093986408009
microsoft-osmium-ia,2022-04-02,4,13.979946249615184,0.3084999076778053,0.976627069488213,0.1828382938041266
microsoft-osmium-ia,2022-04-18,0,9.355259493988925,0.1983124201581651,0.977128490995833,0.1967044429909588
microsoft-osmium-ia,2022-04-18,1,9.224166203914036,0.3004815852849278,0.976772181345903,0.1369370457106657
microsoft-osmium-ia,2022-04-18,2,9.092138660833582,0.3395934142356823,0.9788861824930664,0.1315529624446757
microsoft-osmium-ia,2022-04-18,3,9.278930195951371,0.3400503661935594,0.978156208379488,0.1486211375660563
microsoft-osmium-ia,2022-04-18,4,9.05303812880745,0.3132484035063664,0.9768789173525588,0.1511917872470529
microsoft-osmium-ia,2022-06-21,0,47.83714810306936,0.3172069711313556,0.9778439561638356,0.2502139952018513
microsoft-osmium-ia,2022-06-21,1,45.5615691655441,0.600575631781238,0.9820183529065944,0.1779450879380802
microsoft-osmium-ia,2022-06-21,2,42.28785598444065,0.6258312881248259,0.9826880556030252,0.1714201262426326
microsoft-osmium-ia,2022-06-21,3,43.230479854141976,0.624593683937753,0.9821140459465576,0.1766958515706177
microsoft-osmium-ia,2022-06-21,4,42.21498364603901,0.6323368303531002,0.9812530329784284,0.1693957395259816
microsoft-osmium-ia,2022-07-23,0,41.96766941195969,0.3478153046396602,0.9783922045808884,0.2491798890943338
microsoft-osmium-ia,2022-07-23,1,35.92338877716864,0.7661955714739558,0.9848423937005972,0.1825046436097896
microsoft-osmium-ia,2022-07-23,2,36.76029967865403,0.6946301851527958,0.9837607064959244,0.1669063218431291
microsoft-osmium-ia,2022-07-23,3,37.246016179081025,0.7072112719337423,0.9835240085618288,0.1693626964843134
microsoft-osmium-ia,2022-07-23,4,37.26683954130987,0.6847669269471108,0.9823540584563126,0.1633905012081851
microsoft-osmium-ia,2022-08-08,0,32.09444219291455,0.3008035061210791,0.977682469316046,0.2647958561604225
microsoft-osmium-ia,2022-08-08,1,29.66837378390677,0.7611894687731039,0.984103783806103,0.1845033251589866
microsoft-osmium-ia,2022-08-08,2,30.400254205450867,0.700975970670001,0.9835990029185252,0.1677529672861842
microsoft-osmium-ia,2022-08-08,3,30.51855403814656,0.716865627771718,0.9833057975322588,0.1725462607676365
microsoft-osmium-ia,2022-08-08,4,30.99044692101678,0.6767706369124493,0.981965145821536,0.166356430439926
microsoft-osmium-ia,2022-08-24,0,33.97797001888103,0.4159676286709873,0.9794241176176468,0.2218861677324535
microsoft-osmium-ia,2022-08-24,1,30.463885893661097,0.7959493292815573,0.9850175091174376,0.1717406392365671
microsoft-osmium-ia,2022-08-24,2,30.577243235976265,0.7471288150773734,0.9844092007233696,0.1565310725332818
microsoft-osmium-ia,2022-08-24,3,30.713706367638135,0.7600017691603544,0.9842110117831976,0.1607676388609587
microsoft-osmium-ia,2022-08-24,4,31.283548983092142,0.7212803806654269,0.9827399197618392,0.1544358424361972
microsoft-osmium-ia,2022-09-09,0,31.986960698959845,0.435228630912258,0.9799894786841866,0.2270116963243457
microsoft-osmium-ia,2022-09-09,1,28.718126058583465,0.7678321770670187,0.9844901057425852,0.1690781118012677
microsoft-osmium-ia,2022-09-09,2,28.622874500785645,0.7239384027053226,0.9841653772374888,0.1613644791954834
microsoft-osmium-ia,2022-09-09,3,28.826444330879298,0.7444803481358497,0.983964751206814,0.1619591043427513
microsoft-osmium-ia,2022-09-09,4,29.20939015339536,0.7141185790729226,0.9825285366473424,0.1561778301858962
microsoft-osmium-ia,2022-09-25,0,25.642632086692178,0.3784757161748491,0.9788098831368948,0.2355403302495781
microsoft-osmium-ia,2022-09-25,1,23.93269683011933,0.7145530344060335,0.9833428340042952,0.148409478900324
microsoft-osmium-ia,2022-09-25,2,23.585455312325713,0.6886204952133993,0.983519132609946,0.1480662222071894
microsoft-osmium-ia,2022-09-25,3,24.014250392093786,0.7052352774232948,0.9832224673926908,0.1500098885732672
microsoft-osmium-ia,2022-09-25,4,24.124727058865453,0.6681823505256612,0.981746323004692,0.143905462754344
microsoft-osmium-ia,2022-11-28,0,4.961011694297585,0.2200178379064684,0.9762129135776652,0.1942566544687387
microsoft-osmium-ia,2022-11-28,1,4.931374849925062,0.2824996368380579,0.9767008639407028,0.1646291967172791
microsoft-osmium-ia,2022-11-28,2,5.082424277098187,0.3118844863726374,0.9782649060264256,0.1425781466697256
microsoft-osmium-ia,2022-11-28,3,5.746617227545141,0.330077327854016,0.9775190912610444,0.1460648051713331
microsoft-osmium-ia,2022-11-28,4,5.761824068984805,0.3321690146888247,0.976631506128944,0.145096035843806
microsoft-osmium-ia,2022-12-14,0,2.4411196598653806,0.1972534497563153,0.9768523133985758,0.2033261462970623
microsoft-osmium-ia,2022-12-14,1,2.2850684492223654,0.294410567102895,0.9771003539399296,0.1489886230309818
microsoft-osmium-ia,2022-12-14,2,2.090999062283246,0.3213763590339615,0.9786388763622804,0.1237888726859056
microsoft-osmium-ia,2022-12-14,3,2.2763361987819133,0.3487901594315355,0.977899588476904,0.1223849152283982
microsoft-osmium-ia,2022-12-14,4,2.3889678115118467,0.3492412744301805,0.977019594748484,0.1164805577431953
microsoft-osmium-ia,2023-01-31,0,-10.098543285487496,-0.0155175181629513,0.9863323148531224,0.6473334302278857
microsoft-osmium-ia,2023-01-31,1,-11.073736684113188,0.003428242001124,0.9895729593529672,0.6594729483744113
microsoft-osmium-ia,2023-01-31,2,-10.73852308444514,0.0354659256690595,0.9883033355970988,0.6000439967458273
microsoft-osmium-ia,2023-01-31,3,-10.90152498229274,0.0316497702812063,0.9889718167391054,0.6090659988904679
microsoft-osmium-ia,2023-01-31,4,-10.739306461565612,0.0395856727577945,0.988478210799261,0.6033405369985013
microsoft-osmium-ia,2023-03-04,4,9.12807623199619,0.2742843866529683,0.9758103879101864,0.1942542197295225
microsoft-osmium-ia,2023-03-20,0,13.284751221342848,0.1273062897901785,0.9755961617674592,0.2364072407857073
microsoft-osmium-ia,2023-03-20,1,14.82439054894061,0.199506290961856,0.9756907192283616,0.1740699047670073
microsoft-osmium-ia,2023-03-20,2,13.293078516385094,0.2113160871128848,0.9772517533616412,0.1510051731980427
microsoft-osmium-ia,2023-03-20,3,13.856406031193767,0.2364706953929342,0.9765848602627732,0.1560323903702001
microsoft-osmium-ia,2023-03-20,4,13.62826682488284,0.2339171306648728,0.9757431793244172,0.1501557219262745
microsoft-osmium-ia,2023-04-05,0,10.163834611492508,0.1980534811863114,0.9752797036700748,0.1946651614686749
microsoft-osmium-ia,2023-04-05,1,9.877104717727272,0.246088582518821,0.9758357351233156,0.1896726621639329
microsoft-osmium-ia,2023-04-05,2,9.014800567089312,0.2611548014754503,0.9768852277984424,0.1662404294950624
microsoft-osmium-ia,2023-04-05,3,8.937301579590912,0.2955780966761762,0.9767300858026764,0.169455431038772
microsoft-osmium-ia,2023-04-05,4,8.741966101806323,0.312936382855628,0.9746145144693352,0.1639759900107764
microsoft-osmium-ia,2023-05-07,3,26.23963700671182,0.4593914491773089,0.9781547224611172,0.171562240863814
microsoft-osmium-ia,2023-05-07,4,26.574313940803982,0.4636287669784412,0.976254510258044,0.1617809463479287
microsoft-osmium-ia,2023-05-23,0,36.9838020962272,0.3162626731639739,0.978110043868831,0.2478212244630503
microsoft-osmium-ia,2023-05-23,1,36.86894158488363,0.4469343006286129,0.9795066684788268,0.1936330642961832
microsoft-osmium-ia,2023-05-23,2,34.50262106453048,0.540903212319806,0.9812700740846722,0.1850839048992227
microsoft-osmium-ia,2023-05-23,3,34.919177728234196,0.5573296740191764,0.9811754196257648,0.183617975739508
microsoft-osmium-ia,2023-05-23,4,34.20220650319004,0.5751717905129656,0.980806251230484,0.1782270655615349
microsoft-osmium-ia,2023-07-10,0,39.64542309722649,0.3241945496469928,0.9778758314734926,0.2570867834770291
microsoft-osmium-ia,2023-07-10,1,36.014053443505986,0.6682059864754138,0.9827772175412376,0.1768905143996998
microsoft-osmium-ia,2023-07-10,2,34.48964909314495,0.6664212099607536,0.9830889236906488,0.1676965658221776
microsoft-osmium-ia,2023-07-10,3,33.70359103011889,0.7307372113105371,0.9835688052367731,0.1688697143889131
microsoft-osmium-ia,2023-07-10,4,34.00084846375501,0.7038443650627219,0.9823331024757768,0.1643247467630811
microsoft-osmium-ia,2023-07-26,0,41.02267560248005,0.3854980348316449,0.9789987254603392,0.2543667171267174
microsoft-osmium-ia,2023-07-26,1,34.535879732527384,0.7844552710537351,0.9851302412579418,0.1947688969404082
microsoft-osmium-ia,2023-07-26,2,35.06539757071409,0.7378382705600243,0.9843562016934214,0.1741695482781232
microsoft-osmium-ia,2023-07-26,3,35.09030995338123,0.7597973658875947,0.9842932262795674,0.1709307801413742
microsoft-osmium-ia,2023-07-26,4,35.43801683461735,0.7317501127956941,0.9830072758841852,0.1655199006425112
microsoft-osmium-ia,2023-08-11,1,-4.710408162264127,0.5867130707044795,0.9809205188679246,0.2474520031132075
microsoft-osmium-ia,2023-08-11,2,20.57115843501005,0.7270534252235744,0.9833959631375916,0.218596129978354
microsoft-osmium-ia,2023-08-11,3,27.866595616346647,0.7628074325776535,0.9837481310134012,0.1961341579154269
microsoft-osmium-ia,2023-08-11,4,29.91111646425384,0.7766601332396851,0.9837132224138248,0.1875538383817215
microsoft-osmium-ia,2023-08-27,1,25.565860347314945,0.7794376454330856,0.9830869696674144,0.2418114876384245
microsoft-osmium-ia,2023-08-27,2,28.885274524730175,0.6690729945682993,0.9815878120558724,0.1949804609964255
microsoft-osmium-ia,2023-08-27,3,27.443747321923535,0.7559075478457479,0.9825996153506682,0.1887032626153429
microsoft-osmium-ia,2023-08-27,4,27.371723060267747,0.7598668661076614,0.98175900479828,0.1844286220389773
microsoft-osmium-ia,2023-09-12,0,28.158235286805315,0.3676543496922629,0.9789840359816536,0.2315192646511489
microsoft-osmium-ia,2023-09-12,1,25.717466022070873,0.697260120467407,0.9836884681643489,0.1790163799188331
microsoft-osmium-ia,2023-09-12,2,25.688001384162096,0.6325223842224037,0.9829204158806653,0.1553791327549317
microsoft-osmium-ia,2023-09-12,3,25.77099254366373,0.6421163508038028,0.9823686318425509,0.1516079694187458
microsoft-osmium-ia,2023-09-12,4,25.910399209882005,0.6278468463308564,0.9812024456566532,0.1476293204190411
microsoft-osmium-ia,2023-09-28,0,27.380923400721898,0.3045507067343592,0.9778403611801758,0.23224341413406
microsoft-osmium-ia,2023-09-28,1,26.738147099428456,0.5160005968692379,0.980297623178216,0.1406314196824692
microsoft-osmium-ia,2023-09-28,2,25.56827531676371,0.5536171635599143,0.9816603178993744,0.1366747459891661
microsoft-osmium-ia,2023-09-28,3,25.50234312831094,0.567651521884733,0.981032279282017,0.1299490911520337
microsoft-osmium-ia,2023-09-28,4,25.677655282165116,0.5600819746929205,0.9800296522619796,0.1292985117971095
microsoft-osmium-ia,2023-10-30,0,7.606882273903,0.1712739683743177,0.9762864857952128,0.2609773163625988
microsoft-osmium-ia,2023-10-30,1,8.4904754679254,0.340411339694557,0.9773504561415252,0.1755096456118824
microsoft-osmium-ia,2023-10-30,2,6.82260614902166,0.4081010614024472,0.9784707561421808,0.1572968170863933
microsoft-osmium-ia,2023-10-30,3,6.427970942846836,0.4208711631237528,0.97798737526826,0.1371992327503233
microsoft-osmium-ia,2023-10-30,4,6.830951587430542,0.4182540771271839,0.9771481486804636,0.1422272881840063
microsoft-osmium-ia,2023-11-15,0,17.67159441776507,0.2132594125623912,0.9765020658725948,0.2320772290541904
microsoft-osmium-ia,2023-11-15,1,19.3140583490398,0.3037291999668068,0.9769808595829416,0.1646506378758682
microsoft-osmium-ia,2023-11-15,2,17.481201002430772,0.3567808177024514,0.9788316442812304,0.1516018721974952
microsoft-osmium-ia,2023-11-15,3,17.80359946725831,0.3604176152651417,0.9779642122693664,0.1517790419227951
microsoft-osmium-ia,2023-11-15,4,17.831764260354365,0.3569190950767611,0.9769534635579644,0.1426293240804146
microsoft-osmium-ia,2023-12-17,4,2.777056065708203,0.4220809109744052,0.9742954956786984,0.0331207427991071
microsoft-osmium-ia,2024-02-19,0,8.838039972658777,0.1385507937517744,0.9754242667078784,0.2368274000055112
microsoft-osmium-ia,2024-02-19,1,9.063431444257777,0.2298819067841655,0.9756767658738874,0.1492269137574034
microsoft-osmium-ia,2024-02-19,2,8.181910388110685,0.2447931367686018,0.9772697635589666,0.1444452828274871
microsoft-osmium-ia,2024-02-19,3,8.83321613852559,0.2543836817878852,0.9764252132574812,0.1448075241873091
microsoft-osmium-ia,2024-02-19,4,8.844085899452265,0.2506484164169988,0.975453282079188,0.1401457875178315
microsoft-osmium-ia,2024-03-06,0,16.26593789684641,0.1457358781560282,0.9756186326425794,0.2324856970181497
microsoft-osmium-ia,2024-03-06,1,18.150380645664445,0.2477603778405775,0.976153639020665,0.1511867477251822
microsoft-osmium-ia,2024-03-06,2,16.920809669604406,0.2580400017931002,0.9777047992600462,0.1424572428806703
microsoft-osmium-ia,2024-03-06,3,17.325723596508528,0.2767968356196356,0.9769774334699192,0.148939122915268
microsoft-osmium-ia,2024-03-06,4,17.38222581348915,0.2722087213624258,0.9759813301679622,0.1470596822034414
microsoft-osmium-ia,2024-04-23,0,26.35944689833585,0.2247332623227027,0.9763376570416452,0.2716016842615669
microsoft-osmium-ia,2024-04-23,1,27.748031556405145,0.3803528613354146,0.9782061379411704,0.1771936524518731
microsoft-osmium-ia,2024-04-23,2,25.42253940827468,0.4349438985892228,0.9799027628366872,0.1698703894041832
microsoft-osmium-ia,2024-04-23,3,26.678553386332997,0.440031603460868,0.9791987809185886,0.1689452504117717
microsoft-osmium-ia,2024-04-23,4,26.283331677425444,0.4393479032568602,0.9782842852488756,0.1632195331088246
microsoft-osmium-ia,2024-05-25,0,30.291016642477484,0.2779977910494461,0.977465738792096,0.2704650404532706
microsoft-osmium-ia,2024-05-25,1,28.38099848767214,0.5028269091415926,0.9801630316106544,0.168919787480799
microsoft-osmium-ia,2024-05-25,2,26.96586735215827,0.5724430734773186,0.9816571456545964,0.170209201575128
microsoft-osmium-ia,2024-05-25,3,27.546687608593896,0.5878512767313284,0.981357998472129,0.1674115156772251
microsoft-osmium-ia,2024-05-25,4,27.233404915812365,0.5924857662546918,0.9807163060191924,0.1628609167048436
microsoft-osmium-ia,2024-06-10,0,32.93306239501961,0.3369897810567626,0.9770628731343288,0.2146235726460914
microsoft-osmium-ia,2024-06-10,1,33.892029105594816,0.5510577185726129,0.980856421288902,0.2106174499646253
microsoft-osmium-ia,2024-06-10,2,32.612816902004745,0.5574476144060471,0.9810321807480504,0.2017382921701928
microsoft-osmium-ia,2024-06-10,3,31.85562164058981,0.6068367555119394,0.9813203483884172,0.1970296644468175
microsoft-osmium-ia,2024-06-10,4,31.62303324413908,0.5996814697401419,0.9805662907121768,0.1928037284370706
microsoft-osmium-ia,2024-06-26,0,36.39233842099031,0.3196571577120758,0.9782361171085588,0.2689499551393967
microsoft-osmium-ia,2024-06-26,1,32.055874472652036,0.7245074673302561,0.9838579296332272,0.169863226176085
microsoft-osmium-ia,2024-06-26,2,31.98477768376705,0.6849427450671363,0.9835678716647976,0.1647793428719378
microsoft-osmium-ia,2024-06-26,3,32.06669998790023,0.7199950497745143,0.983690441240632,0.1631059094871793
microsoft-osmium-ia,2024-06-26,4,32.21344582066822,0.696046452260305,0.9825908797159316,0.1576238213880281
microsoft-osmium-ia,2024-07-12,0,28.842559595497644,0.6124843341704728,0.9802087809373354,0.2054934211613019
microsoft-osmium-ia,2024-07-12,1,26.205552408202394,0.783285063473609,0.9833258146120448,0.2179133883457931
microsoft-osmium-ia,2024-07-12,2,27.421793791878585,0.7718407982789518,0.9839107915682128,0.227115790225718
microsoft-osmium-ia,2024-07-12,3,27.396583126087737,0.8060653340195304,0.9841465736669156,0.2107646382905784
microsoft-osmium-ia,2024-07-12,4,27.462365026313535,0.7536434887414216,0.9826969220404064,0.2068257840064862
microsoft-osmium-ia,2024-07-28,0,36.100606783914245,0.4102003101412415,0.9791239053458834,0.2688427200220791
microsoft-osmium-ia,2024-07-28,1,31.58439355027138,0.7990751007884314,0.9850898295300458,0.1871945428417809
microsoft-osmium-ia,2024-07-28,2,31.929311533719307,0.752131630927633,0.9841914767669404,0.1815289395174733
microsoft-osmium-ia,2024-07-28,3,32.15451172313129,0.7743863591367022,0.9843189160548708,0.1819482283011022
microsoft-osmium-ia,2024-07-28,4,32.33062250030839,0.751383768344233,0.9831573740750736,0.175817200014043
microsoft-osmium-ia,2024-08-29,0,34.846889831250955,0.3893232795351676,0.9791083431438944,0.2568101888850516
microsoft-osmium-ia,2024-08-29,1,30.74310951827248,0.775804328739125,0.9845109530469012,0.1728595476634661
microsoft-osmium-ia,2024-08-29,2,30.765812544547067,0.7374941610429016,0.9842289891442942,0.1675612548540217
microsoft-osmium-ia,2024-08-29,3,31.117110841525736,0.7551464013085556,0.9840027476007676,0.1658492495551622
microsoft-osmium-ia,2024-08-29,4,31.31555229170733,0.7240170299562316,0.9826257398966108,0.1579741819639116
microsoft-osmium-ia,2024-09-30,0,29.873501446811677,0.2904024364251729,0.9774023131713012,0.2498454025272169
microsoft-osmium-ia,2024-09-30,1,28.104138194424745,0.510424841383364,0.9799450477955264,0.1296813051385531
microsoft-osmium-ia,2024-09-30,2,28.02359384653463,0.5410032044783215,0.9812936842611816,0.1365423544520916
microsoft-osmium-ia,2024-09-30,3,28.277260201663463,0.5703999108570493,0.9810477695645348,0.1378776838335393
microsoft-osmium-ia,2024-09-30,4,28.225419652006888,0.5611364598554924,0.9801001069141908,0.1334260416221411
microsoft-osmium-ia,2024-10-16,0,19.328892050870408,0.2540647317900232,0.97705149840228,0.2536493622205466
microsoft-osmium-ia,2024-10-16,1,17.84983589787016,0.4400460633638889,0.979042907943799,0.1463359983859786
microsoft-osmium-ia,2024-10-16,2,18.00830839285656,0.4812752608203087,0.9805515913980304,0.1492442271492211
microsoft-osmium-ia,2024-10-16,3,18.498366390930688,0.489655541173021,0.9799743266925706,0.1525388286975171
microsoft-osmium-ia,2024-10-16,4,18.532739228059366,0.480401347517325,0.9789319206099452,0.1479613330073926
microsoft-osmium-ia,2024-11-01,0,15.071332892169062,0.2246942514477068,0.976997234558024,0.248218916287267
microsoft-osmium-ia,2024-11-01,1,14.214550473872864,0.3814952374547111,0.9781098974392376,0.1538842976520039
microsoft-osmium-ia,2024-11-01,2,14.217899688222763,0.4185018956498755,0.979861254236021,0.1525413545430224
microsoft-osmium-ia,2024-11-01,3,14.520921051760649,0.4262839518676908,0.9790944701318212,0.1562181103715456
microsoft-osmium-ia,2024-11-01,4,14.598812074833706,0.4074047178969721,0.9779627148111496,0.1510359219514936
microsoft-osmium-ia,2024-12-03,0,-1.7223508891273984,0.1193487132258194,0.9778537795930468,0.3246601811766441
microsoft-osmium-ia,2024-12-03,1,-1.714972927049536,0.1939417996379603,0.9779878165921692,0.2579590336244002
microsoft-osmium-ia,2024-12-03,2,-1.82162536058681,0.2472646010830264,0.9801562820721104,0.2419262742481148
microsoft-osmium-ia,2024-12-03,3,-1.8476462401778668,0.2563631605612479,0.979312861866345,0.2402073454122198
microsoft-osmium-ia,2024-12-03,4,-1.7974853620988511,0.2545723935223704,0.9782780004811262,0.2302020255656577
microsoft-osmium-ia,2024-12-19,0,3.946511952211648,0.2504981398503677,0.976029441655969,0.1668458464472542
microsoft-osmium-ia,2024-12-19,1,3.735001629423398,0.2766406444058436,0.9759154107778264,0.1306784700509057
microsoft-osmium-ia,2024-12-19,2,3.3052618326646512,0.3139690972302327,0.9768192100321352,0.1108080797349498
microsoft-osmium-ia,2024-12-19,3,3.542433107487445,0.3350295221392999,0.9764927534541744,0.1101104111258941
microsoft-osmium-ia,2024-12-19,4,3.8369925032367087,0.3157839911227731,0.975581118152694,0.1205395851961154
microsoft-osmium-ia,2025-01-20,0,-10.233297490010202,0.1278900138305872,0.9758725701246812,0.2510587278217824
microsoft-osmium-ia,2025-01-20,1,-9.652372371665964,0.2132735795332915,0.9761566780145696,0.1612233417828382
microsoft-osmium-ia,2025-01-20,2,-9.802418007820496,0.2206019832140651,0.9775444524486644,0.1441519376595885
microsoft-osmium-ia,2025-01-20,3,-9.537748099107215,0.24410729958206,0.97678858846024,0.1430258636514771
microsoft-osmium-ia,2025-01-20,4,-9.46646789075176,0.2349868637446909,0.9758341140754068,0.1414288044093909
microsoft-osmium-ia,2025-02-21,0,-8.121466233388006,-0.0156057264128956,0.9828136767560188,0.6298534192778544
microsoft-osmium-ia,2025-02-21,1,-9.186279300798653,0.0061875715041168,0.9894642064609172,0.6472608581708718
microsoft-osmium-ia,2025-02-21,2,-9.115908795906456,0.0329335710287009,0.988421743290276,0.6010025043826503
microsoft-osmium-ia,2025-02-21,3,-9.244388575727928,0.0235251414318918,0.9891714806194668,0.6123387355715714
microsoft-osmium-ia,2025-02-21,4,-9.093431202446228,0.0278146645639246,0.9888780621509272,0.60092022224043
microsoft-osmium-ia,2025-03-09,0,15.85940941043742,0.1162799905783203,0.9756099490456862,0.2658122002582939
microsoft-osmium-ia,2025-03-09,1,16.25223927174949,0.2198184231797224,0.976242569306923,0.1741801950139886
microsoft-osmium-ia,2025-03-09,2,14.98023866406258,0.2123896811334301,0.9773742327177296,0.1549678394664629
microsoft-osmium-ia,2025-03-09,3,15.377892406478544,0.2348140768851968,0.9767010606990602,0.1567980781716941
microsoft-osmium-ia,2025-03-09,4,14.97940918047244,0.2256466397318909,0.975676188693368,0.1478719980935508
microsoft-osmium-ia,2025-03-25,0,15.812730545483326,0.1578219309364835,0.9757259993335914,0.2436154292918448
microsoft-osmium-ia,2025-03-25,1,16.266266755737696,0.2205133955887284,0.9760835895778712,0.1777489562070448
microsoft-osmium-ia,2025-03-25,2,15.80217134950459,0.2498245806619377,0.9768463830508616,0.171476183958594
microsoft-osmium-ia,2025-03-25,3,16.307163833761244,0.2624106770132157,0.976526061264054,0.1679550310525316
microsoft-osmium-ia,2025-03-25,4,16.30201348165461,0.2602926234198203,0.9752180725591864,0.1631819758391401
microsoft-osmium-ia,2025-04-10,4,19.15463895285717,0.2965303307265441,0.9746285714285714,0.1912375744642857
microsoft-osmium-ia,2025-04-26,0,23.198165514095376,0.2311266736615311,0.9767330262135168,0.2633493455143382
microsoft-osmium-ia,2025-04-26,1,22.718858483784025,0.3857289406246812,0.9782050301591354,0.166790951793749
microsoft-osmium-ia,2025-04-26,2,21.267216680721617,0.4564222176618151,0.9802968244691528,0.1531446310100518
microsoft-osmium-ia,2025-04-26,3,21.72531014190355,0.4661206464686949,0.9796402298215688,0.1525565898940201
microsoft-osmium-ia,2025-04-26,4,21.600440175007517,0.4688786416147151,0.9789687302221562,0.1495731992239148
microsoft-osmium-ia,2025-05-12,2,22.041876918474607,0.5440325997209288,0.9807684206224396,0.1690404153109256
microsoft-osmium-ia,2025-05-12,3,23.96219317037221,0.5209898347399339,0.9799220416947788,0.1770955492447338
microsoft-osmium-ia,2025-05-12,4,24.8104112798563,0.552173079976709,0.979876630386838,0.1788034918888238
microsoft-osmium-ia,2025-06-13,1,31.731927036075028,0.4447734957943199,0.978347070599226,0.232493335744695
microsoft-osmium-ia,2025-06-13,2,31.64778655747748,0.4867358564750629,0.9794340273673692,0.203095086352707
microsoft-osmium-ia,2025-06-13,3,28.691148695932934,0.6166760416011507,0.9815481712017576,0.1928874693481626
microsoft-osmium-ia,2025-06-13,4,30.22489218280333,0.6079182418202568,0.9804727991759664,0.1720600349100879
microsoft-osmium-ia,2025-07-15,0,36.13158592244564,0.3690859569778646,0.9787067946783068,0.3138628596039605
microsoft-osmium-ia,2025-07-15,1,31.09342429026488,0.7789864037256574,0.9846357940331706,0.2061848518584141
microsoft-osmium-ia,2025-07-15,2,31.003949976697676,0.7419193611095964,0.9842348817917684,0.186998510369329
microsoft-osmium-ia,2025-07-15,3,31.061847165509825,0.7638659903894878,0.9842165901346334,0.1964866506807525
microsoft-osmium-ia,2025-07-15,4,31.163242933024403,0.7494771447217454,0.9829174832482516,0.1957824959995269
microsoft-osmium-ia,2025-07-31,0,29.11963377763529,0.4796264070169306,0.9799405961791112,0.252869737162422
microsoft-osmium-ia,2025-07-31,1,25.527112678260345,0.8101914657560967,0.984898009239408,0.2117209619571471
microsoft-osmium-ia,2025-07-31,2,26.02252139119936,0.7721854485904621,0.984342791512714,0.1853967970927018
microsoft-osmium-ia,2025-07-31,3,26.15061527706183,0.7831246809537782,0.9840608336045358,0.1822086935844474
microsoft-osmium-ia,2025-07-31,4,26.03339650909103,0.7724908656157559,0.983174515226195,0.1774824571985651
microsoft-osmium-ia,2025-09-01,2,25.65906734436073,0.7066007738455037,0.9825608109400404,0.231804284418093
microsoft-osmium-ia,2025-09-01,3,24.678643368417745,0.7138333163302703,0.9821856430916454,0.1808952925738203
microsoft-osmium-ia,2025-09-01,4,24.32682770884452,0.6889040204284912,0.9800817417493386,0.1721928049533706
microsoft-osmium-ia,2025-09-17,0,21.979916159481437,0.4556981686058747,0.979726835902085,0.1203397125897552
microsoft-osmium-ia,2025-09-17,1,21.02492502347629,0.5778080064806284,0.9819182738343052,0.1495940402013946
microsoft-osmium-ia,2025-09-17,2,20.672731511329264,0.5696497936537874,0.9816278238765,0.1672562598368218
microsoft-osmium-ia,2025-09-17,3,21.147719309192738,0.5646744039513223,0.9811332558826164,0.1658524123152764
microsoft-osmium-ia,2025-09-17,4,21.40570490284727,0.5695088828602084,0.9805865008754528,0.1582107639265802
microsoft-osmium-ia,2025-10-03,0,34.862290038771455,0.2658997065796648,0.9771085517793106,0.2457996962991766
microsoft-osmium-ia,2025-10-03,1,34.12430989333529,0.4199601396939336,0.9785999075756168,0.1628340392475935
microsoft-osmium-ia,2025-10-03,2,31.889356384800564,0.4907796873065226,0.9802961097389318,0.1408724003379219
microsoft-osmium-ia,2025-10-03,3,31.875844650654283,0.50984236873922,0.9798512109165688,0.136212248484534
microsoft-osmium-ia,2025-10-03,4,31.890802233368188,0.4992587867397638,0.9789063345237669,0.1341302496590471
microsoft-osmium-ia,2025-10-19,0,19.23919715060939,0.2805709182403592,0.977467765146522,0.246365271905423
microsoft-osmium-ia,2025-10-19,1,18.81246696013963,0.4087847386585499,0.9784054909174098,0.1525250463942823
microsoft-osmium-ia,2025-10-19,2,18.01956966979679,0.4793586874931154,0.9805272905206368,0.1319777363325201
microsoft-osmium-ia,2025-10-19,3,17.975613625575022,0.4992438335776537,0.9799475480983636,0.1335223374529693
microsoft-osmium-ia,2025-10-19,4,17.958403552571408,0.4881482047730966,0.978958498503108,0.1274557892294762
microsoft-osmium-ia,2025-11-04,0,18.21432613045351,0.282544229114146,0.9775195426384424,0.2399201517191738
microsoft-osmium-ia,2025-11-04,1,18.491543661811797,0.3724804246225444,0.97783283159484,0.1574413141229368
microsoft-osmium-ia,2025-11-04,2,17.175800458200616,0.4319875089861075,0.979856952811231,0.1386415455393518
microsoft-osmium-ia,2025-11-04,3,17.420580179180238,0.4436464695962834,0.979074628701646,0.1398511325182234
microsoft-osmium-ia,2025-11-04,4,17.463528580046315,0.4251417633305102,0.9779956239605926,0.1353767492681888
microsoft-osmium-ia,2025-12-22,4,2.4371550797455908,0.0616072092101146,0.9728567036667496,0.4896342060757047
microsoft-osmium-ia,2026-01-07,0,8.50984153720566,0.2489250448131452,0.9773376111926771,0.2111504748158074
microsoft-osmium-ia,2026-01-07,1,8.457949066457603,0.28073772088385,0.9766145539614456,0.1409174328260724
microsoft-osmium-ia,2026-01-07,2,7.626270115886871,0.2839592652339401,0.9779379736886904,0.1247022995197406
microsoft-osmium-ia,2026-01-07,3,7.811110743998702,0.3086110665177413,0.9772737478598412,0.1272843410074886
microsoft-osmium-ia,2026-01-07,4,7.783731955875338,0.2967957192583569,0.97634923139051,0.1235988721330827
microsoft-osmium-ia,2026-02-08,0,7.785380918014108,0.1752196823925838,0.976484487343238,0.2285626702320891
microsoft-osmium-ia,2026-02-08,1,8.969935249610517,0.2324652678543848,0.9762831978533294,0.1597601115463358
microsoft-osmium-ia,2026-02-08,2,7.5228880274127725,0.2324234272504429,0.977084958932486,0.1531308714322524
microsoft-osmium-ia,2026-02-08,3,7.663301747162294,0.2474329257364342,0.9766816861103728,0.1524699911722903
microsoft-osmium-ia,2026-02-08,4,7.717690566587244,0.236661056995879,0.9758927524398516,0.1515072185748548
microsoft-osmium-ia,2026-03-28,0,15.26782465945992,0.2021861889450607,0.9761103802737836,0.2418635942984607
microsoft-osmium-ia,2026-03-28,1,15.868600763324803,0.2597563433867612,0.9763145582443437,0.1809866077907521
microsoft-osmium-ia,2026-03-28,2,14.573568906599714,0.2676059258773206,0.9771731547878336,0.1711393135523953
microsoft-osmium-ia,2026-03-28,3,14.45170543031202,0.2801674370495593,0.9764503990584298,0.1747984746812664
microsoft-osmium-ia,2026-03-28,4,14.439528184093598,0.2646192097495622,0.9750825168069556,0.1729331272574384
microsoft-osmium-ia,2026-04-29,0,20.790174471323397,0.3239609632454462,0.9776901514084022,0.2700075466601629
microsoft-osmium-ia,2026-04-29,1,19.68775675002397,0.4764902305435464,0.9794572970213932,0.1829757421800784
microsoft-osmium-ia,2026-04-29,2,18.15368780756176,0.5362795001370566,0.9814632207361186,0.1619303513619163
microsoft-osmium-ia,2026-04-29,3,19.10302888509208,0.5594504986992428,0.9810023300976404,0.1797162350007828
microsoft-osmium-ia,2026-04-29,4,19.351757872945708,0.5447905230443046,0.9799645897617904,0.184198230495068
microsoft-osmium-ia,2026-05-15,0,41.02380716393057,0.2891069232685551,0.9775221035358922,0.262668652665397
microsoft-osmium-ia,2026-05-15,1,41.40031467114981,0.4327049255618324,0.9791768075406162,0.1806597362734336
microsoft-osmium-ia,2026-05-15,2,37.432540258530224,0.5157904984409388,0.980534130946438,0.1831007853391757
microsoft-osmium-ia,2026-05-15,3,37.76351971707621,0.5304837725559497,0.9804549597907504,0.1809663159981985
microsoft-osmium-ia,2026-05-15,4,37.282240464918445,0.536887700186114,0.9794196890324164,0.1741120768944711
microsoft-osmium-ia,2026-06-16,0,31.046130422862955,0.3622378772709591,0.9784123158531092,0.2773301061193226
microsoft-osmium-ia,2026-06-16,1,29.671156654591833,0.6221692501598864,0.9817161959336308,0.1780068449877765
microsoft-osmium-ia,2026-06-16,2,27.42676285364687,0.6596602471463843,0.982252949378847,0.1776733687816022
microsoft-osmium-ia,2026-06-16,3,27.535909139368684,0.6705040339108543,0.9820892757933298,0.1785768033844549
microsoft-osmium-ia,2026-06-16,4,27.326103215131138,0.6601206015181319,0.9809466864464768,0.1734616818940398
microsoft-osmium-ia,2026-07-02,0,34.75928103233241,0.4090400913622301,0.979401202721804,0.3010801287030283
microsoft-osmium-ia,2026-07-02,1,27.86133964042635,0.7399106161364963,0.9841806205842372,0.215093461419171
microsoft-osmium-ia,2026-07-02,2,28.168802360916832,0.737381759045969,0.9841637427192992,0.2017984492172008
microsoft-osmium-ia,2026-07-02,3,25.61622731122875,0.7205722551068788,0.9829252464373414,0.1851196651755302
microsoft-osmium-ia,2026-07-02,4,26.966167993065145,0.7174306797125115,0.9815775271711784,0.1625549596083564
microsoft-osmium-ia,2026-07-18,0,41.27353345266042,0.4207185668287501,0.979608732233035,0.2631369973286823
microsoft-osmium-ia,2026-07-18,1,34.534580939926514,0.7964185059452417,0.9852003427277928,0.1865561292404457
microsoft-osmium-ia,2026-07-18,2,34.82637345514302,0.7454258452829657,0.9844653892931372,0.1756853426172318
microsoft-osmium-ia,2026-07-18,3,35.163252666906835,0.7486104622745079,0.984153039071094,0.1762812624168475
microsoft-osmium-ia,2026-07-18,4,34.76090814945351,0.7458247980718604,0.983267698845658,0.1699766251380625
microsoft-osmium-ia,2026-08-03,0,33.42764653637949,0.4484870476973999,0.9799341176219624,0.2874948420260668
microsoft-osmium-ia,2026-08-03,1,28.726825504718196,0.8235422505018161,0.9852146372914176,0.1912071500057091
microsoft-osmium-ia,2026-08-03,2,29.071335698308197,0.763384456808395,0.9844390739288544,0.1930497756707828
microsoft-osmium-ia,2026-08-03,3,29.425224055887824,0.7572898332682478,0.9838004292269736,0.1920458273343726
microsoft-osmium-ia,2026-08-03,4,29.165481437073097,0.7505555117214171,0.98269988721475,0.1816015452970606
microsoft-osmium-ia,2026-09-04,0,38.32958660123141,0.4281273105196038,0.9799214480843266,0.2524561850364875
microsoft-osmium-ia,2026-09-04,1,34.080589146091334,0.7439394254768661,0.9844239785211792,0.1719104066634154
microsoft-osmium-ia,2026-09-04,2,34.25442740496317,0.6911966339328852,0.9838501538734256,0.1602577439957111
microsoft-osmium-ia,2026-09-04,3,34.221414143742365,0.7141854435876415,0.9837118297565004,0.1629658865610897
microsoft-osmium-ia,2026-09-04,4,33.94655593865371,0.7065695324516679,0.9827840115028226,0.1574916611857419
microsoft-osmium-ia,2021-11-06,0,16.996859040261423,0.249083746079673,0.977546445406014,0.2088684253654592
microsoft-osmium-ia,2021-11-06,1,17.540377493478584,0.3684819509976166,0.9780475064032804,0.1518024236841396
microsoft-osmium-ia,2021-11-06,2,16.659925718710266,0.4484753090035868,0.98012038474443,0.1416887490781979
microsoft-osmium-ia,2021-11-06,3,17.008772253737735,0.429840448069164,0.979268044125866,0.1468716440897182
microsoft-osmium-ia,2021-11-06,4,16.82205335257438,0.4196055362262714,0.978363464357028,0.1389292892181132
microsoft-osmium-ia,2021-12-12,0,7.661204660487099,0.2030237497801702,0.9768441497993186,0.2209376403664412
microsoft-osmium-ia,2021-12-12,1,8.24918254653097,0.2859053874632385,0.977046423403672,0.1673961438395397
microsoft-osmium-ia,2021-12-12,2,7.910990032128137,0.327365979345059,0.9788188030105796,0.1443135555240907
microsoft-osmium-ia,2021-12-12,3,8.116264310620208,0.3328491714192635,0.9779059004041096,0.1531600190687698
microsoft-osmium-ia,2021-12-12,4,8.152969139645792,0.3264712980398791,0.976917091222722,0.1454340184304297
microsoft-osmium-ia,2022-01-13,0,5.852602337919113,0.1810266114330716,0.9767976004654508,0.1977855095293998
microsoft-osmium-ia,2022-01-13,1,6.16658354936349,0.2493951364840458,0.9769156635085824,0.1648589852246101
microsoft-osmium-ia,2022-01-13,2,5.500205111019754,0.2805436605201217,0.9786804756308064,0.1432341957796732
microsoft-osmium-ia,2022-01-13,3,5.701177966412524,0.2986075053410162,0.9778737125716346,0.1469599479147173
microsoft-osmium-ia,2022-01-13,4,5.636901316754201,0.2951870668145787,0.9771932274344902,0.1400736881220566
microsoft-osmium-ia,2022-01-29,0,-5.432401578321884,-0.0166401247074798,0.9849068535720056,0.6258259644751538
microsoft-osmium-ia,2022-01-29,1,-6.000622085243932,-0.0131257454721613,0.9889648731448988,0.6773453776121561
microsoft-osmium-ia,2022-01-29,2,-5.379037464279955,0.0145391192706914,0.9882036255193924,0.6068262750494466
microsoft-osmium-ia,2022-01-29,3,-5.021778840990827,0.0190284219991224,0.988626873338102,0.5921096714476441
microsoft-osmium-ia,2022-01-29,4,-4.592391957416669,0.0273560446149393,0.9880629288463932,0.5619748190748334
microsoft-osmium-ia,2022-02-14,0,2.3952893747314765,0.1404532081426599,0.9764402916121816,0.2587080167124287
microsoft-osmium-ia,2022-02-14,1,3.1138690125320876,0.2125295945329669,0.97637322516966,0.1905599403568346
microsoft-osmium-ia,2022-02-14,2,2.4524479196469224,0.2385615951137216,0.977881832417703,0.1792225259106122
microsoft-osmium-ia,2022-02-14,3,2.6779555008080806,0.244573877672382,0.9770621315724812,0.1839120240390524
microsoft-osmium-ia,2022-02-14,4,2.5517060442103263,0.2399856487278771,0.9763986304092778,0.1791355342495796
microsoft-osmium-ia,2022-03-02,1,14.96024979412648,0.2245851725651122,0.9759062457884726,0.1726877491920606
microsoft-osmium-ia,2022-03-02,2,14.07887596514876,0.2415200196204714,0.9779477150384276,0.1570618675503137
microsoft-osmium-ia,2022-03-02,3,13.947818347304526,0.2367322318352874,0.9767126582579516,0.1418054463473079
microsoft-osmium-ia,2022-03-02,4,14.061039688915434,0.2389769055295048,0.9753261625960644,0.1591794189675273
microsoft-osmium-ia,2022-05-21,0,19.5251362201242,0.3085319743244092,0.977896232183182,0.2706718547046526
microsoft-osmium-ia,2022-05-21,1,20.96756516284797,0.4282137502459707,0.9792988066310054,0.2115030837130104
microsoft-osmium-ia,2022-05-21,2,19.53479127757447,0.5263799983188705,0.9805882117625012,0.1981583255541547
microsoft-osmium-ia,2022-05-21,3,19.0535961425029,0.5391818192744312,0.980604303473936,0.2079714527257398
microsoft-osmium-ia,2022-05-21,4,18.265740095230782,0.5465655624671317,0.978956530892324,0.2061706408226364
microsoft-osmium-ia,2022-06-22,0,37.82487163147768,0.3271348228168866,0.9782585469174228,0.25771246702758
microsoft-osmium-ia,2022-06-22,1,35.89221404907313,0.5848674621106436,0.9817880269520196,0.1894323653171636
microsoft-osmium-ia,2022-06-22,2,33.60643818729998,0.6275459592962294,0.9829141336905588,0.1906824088322955
microsoft-osmium-ia,2022-06-22,3,35.074686839657375,0.6349495047949295,0.9827253496965682,0.1926407673827939
microsoft-osmium-ia,2022-06-22,4,35.4114225598728,0.6346996034429031,0.982066394997234,0.1833867726968797
microsoft-osmium-ia,2022-07-24,1,13.571581718708364,0.7642189886685017,0.9835350256185488,0.1611726436698759
microsoft-osmium-ia,2022-07-24,2,16.402429308577904,0.7156766243541423,0.983330757254701,0.1804207768676056
microsoft-osmium-ia,2022-07-24,3,18.560839733592527,0.6892729751581661,0.9826611052591628,0.198273801087174
microsoft-osmium-ia,2022-07-24,4,19.47192389538117,0.7061265565672327,0.9836309364437708,0.1992687397158191
microsoft-osmium-ia,2022-08-09,0,34.0784501836448,0.3254439662562376,0.9786406816332645,0.2590105414184253
microsoft-osmium-ia,2022-08-09,1,29.42683832777039,0.7671859003831831,0.9848435726417772,0.1900341991516653
microsoft-osmium-ia,2022-08-09,2,30.011935891204665,0.6881402965242361,0.983950219871544,0.1756035864755167
microsoft-osmium-ia,2022-08-09,3,30.083738333202422,0.700128767863658,0.9836252467427168,0.1843876766201966
microsoft-osmium-ia,2022-08-09,4,30.53075923277131,0.6728359524217236,0.98217712466248,0.1790048892950533
microsoft-osmium-ia,2022-08-25,4,16.312392560000024,0.6693750471682559,0.9805083333333332,0.1780315614583333
microsoft-osmium-ia,2022-09-26,0,22.192996617414188,0.3732333496219873,0.979166121063084,0.2466924419397865
microsoft-osmium-ia,2022-09-26,1,20.080530586248297,0.6786293063162855,0.983491093188596,0.1492244149380449
microsoft-osmium-ia,2022-09-26,2,18.08412308968393,0.6678618767225222,0.982718509658706,0.1460684622292956
microsoft-osmium-ia,2022-09-26,3,18.610431131074417,0.6813412326233855,0.98311143262812,0.1540031081838635
microsoft-osmium-ia,2022-09-26,4,19.164290256637337,0.6492178678894777,0.9818594636554244,0.1583690021906559
microsoft-osmium-ia,2022-10-12,0,21.119597531166676,0.3044286955909627,0.9781577779191908,0.2365437171924787
microsoft-osmium-ia,2022-10-12,1,20.22158241395324,0.4995269824337344,0.980583072247078,0.1569619565148317
microsoft-osmium-ia,2022-10-12,2,19.972380750892068,0.5239264867529312,0.98177515765161,0.1519684893353822
microsoft-osmium-ia,2022-10-12,3,20.55490038639999,0.5299560484858049,0.9811052395473632,0.1539223329757187
microsoft-osmium-ia,2022-10-12,4,20.63702108816882,0.5178631901499345,0.9800032248963804,0.1509214813521979
microsoft-osmium-ia,2022-10-28,0,17.359616081258455,0.248417694625304,0.977586708696778,0.2406277767385717
microsoft-osmium-ia,2022-10-28,1,16.627889918128314,0.40087630944725,0.9791632705504096,0.1664360806212734
microsoft-osmium-ia,2022-10-28,2,16.66402078227441,0.4236576932793642,0.980428193664242,0.1493990983863458
microsoft-osmium-ia,2022-10-28,3,17.443998635212804,0.418728735255621,0.9794862742127224,0.1599428656366052
microsoft-osmium-ia,2022-10-28,4,17.489045275015922,0.4079311119662707,0.978419339088029,0.1552350117955881
microsoft-osmium-ia,2022-11-13,0,2.241543560000025,0.2592207666650555,0.9747,0.08472185
microsoft-osmium-ia,2022-11-13,1,2.445422299933787,0.3019886553616045,0.9766221517298268,0.1590746942338601
microsoft-osmium-ia,2022-11-13,2,3.3906237430117607,0.3661242180415839,0.978246691198119,0.1880149873780039
microsoft-osmium-ia,2022-11-13,3,4.4035303451500285,0.3545520628869903,0.9774638014184136,0.2171664288123783
microsoft-osmium-ia,2022-11-13,4,4.285151123700013,0.3893980032755808,0.9776377295206584,0.191299422527077
microsoft-osmium-ia,2023-01-16,2,5.018765598073173,0.4536244105926943,0.97414909701403,0.0412672768063916
microsoft-osmium-ia,2023-01-16,3,5.739121665432665,0.3243949889333593,0.9753209134379152,0.1656442827908593
microsoft-osmium-ia,2023-01-16,4,6.023562388110178,0.2921376421735746,0.9743270636379666,0.2174052365314938
microsoft-osmium-ia,2023-02-01,0,-4.068839482737789,-0.0163448657217856,0.9869978077372256,0.637112283522018
microsoft-osmium-ia,2023-02-01,1,-4.7657807508084815,0.0032421669641182,0.990251109925922,0.6509928451825229
microsoft-osmium-ia,2023-02-01,2,-4.502700409782397,0.0382714431818202,0.9889151565608012,0.5902517079930488
microsoft-osmium-ia,2023-02-01,3,-4.587795492165541,0.0353284990759395,0.9894318217021298,0.5995097191013592
microsoft-osmium-ia,2023-02-01,4,-4.4442872643453635,0.0429709380268064,0.9887588841326898,0.5911966922611734
microsoft-osmium-ia,2023-02-17,0,-6.7734992214514165,-0.0195279807144759,0.9906279039640566,0.7144983262992772
microsoft-osmium-ia,2023-02-17,1,-7.942111496451006,-0.0067983446651836,0.9910814620931228,0.7439159258699443
microsoft-osmium-ia,2023-02-17,2,-7.70861220445037,0.0225643183806354,0.990273029179745,0.6794770383922688
microsoft-osmium-ia,2023-02-17,3,-7.909660166737219,0.0160259651473155,0.9906621814153754,0.6949570558149502
microsoft-osmium-ia,2023-02-17,4,-7.603293807801326,0.0259530195225288,0.9903902359911284,0.674479383491168
microsoft-osmium-ia,2023-04-06,0,17.78055148755433,0.1572613967890121,0.9761944245707972,0.2519275495383428
microsoft-osmium-ia,2023-04-06,1,18.5159579005681,0.2396411577516951,0.976450097500148,0.1894014008712135
microsoft-osmium-ia,2023-04-06,2,16.8640510489188,0.2673217871802086,0.9781581156717162,0.162211133460236
microsoft-osmium-ia,2023-04-06,3,17.499669247888402,0.2944529105273399,0.9774733820217536,0.1673397638697589
microsoft-osmium-ia,2023-04-06,4,17.39906335272294,0.2886860362483635,0.976644708638508,0.161392721553388
microsoft-osmium-ia,2023-05-08,0,25.54683414989703,0.3545149073245279,0.9781152438705628,0.1968712985681426
microsoft-osmium-ia,2023-05-08,1,24.309541180375927,0.3677150910051377,0.9776773682706832,0.2151946043273744
microsoft-osmium-ia,2023-05-08,2,24.384766407594775,0.4166155754217434,0.978031173511822,0.1846012635770131
microsoft-osmium-ia,2023-05-08,3,24.013660276151892,0.481886710082805,0.9792444025868752,0.2080754817637084
microsoft-osmium-ia,2023-05-08,4,24.27124322942844,0.5626573584229025,0.980329997653454,0.2016912137376318
microsoft-osmium-ia,2023-05-24,0,38.87118166669823,0.3177241956348449,0.9785952782032804,0.2503157066400261
microsoft-osmium-ia,2023-05-24,1,39.07176505370022,0.4521792547484005,0.9800420605182733,0.1990274843066048
microsoft-osmium-ia,2023-05-24,2,35.68409200048644,0.5358115043288766,0.9819054538556544,0.1887899718302127
microsoft-osmium-ia,2023-05-24,3,35.8997850123115,0.5592426401191133,0.9816901028585984,0.1893942057742966
microsoft-osmium-ia,2023-05-24,4,35.443573668727375,0.5755701416703188,0.9811216179299452,0.184908741809381
microsoft-osmium-ia,2023-07-11,0,42.97136803363931,0.3471037474823549,0.9786370680613004,0.2957593216206562
microsoft-osmium-ia,2023-07-11,1,37.121154928819514,0.6458656540386299,0.9826450260656772,0.2325786448009918
microsoft-osmium-ia,2023-07-11,2,34.476718126202826,0.6930870673948604,0.9836420645275724,0.2033193399461033
microsoft-osmium-ia,2023-07-11,3,34.969877808276294,0.7293496143362083,0.9836084815874888,0.2168534733551683
microsoft-osmium-ia,2023-07-11,4,34.740117465438864,0.7036652099368769,0.9821575620752734,0.2031276468487369
microsoft-osmium-ia,2023-08-12,0,22.437183878951835,0.6718448761173126,0.9826898091249484,0.208472222455706
microsoft-osmium-ia,2023-08-12,1,20.985691259239083,0.7968722404592057,0.9846623818002498,0.2162597082265806
microsoft-osmium-ia,2023-08-12,2,24.320115187429977,0.7445151618919763,0.9837106656732828,0.1941510328866421
microsoft-osmium-ia,2023-08-12,3,26.42959060669354,0.765323771704276,0.9838546423386796,0.1773699197231928
microsoft-osmium-ia,2023-08-12,4,28.38241312985131,0.732363254053791,0.9826645544942828,0.1726318609076308
microsoft-osmium-ia,2023-08-28,0,31.016512015911168,0.3979780435790982,0.9795968631960744,0.2787765470474452
microsoft-osmium-ia,2023-08-28,1,25.76182440709073,0.7748980705586325,0.9853095145598718,0.2144795826883335
microsoft-osmium-ia,2023-08-28,2,24.86471328140426,0.7088842067276347,0.9841595912396142,0.1907063377480814
microsoft-osmium-ia,2023-08-28,3,23.650841071479068,0.7341281061627694,0.9838524013278754,0.1868859241112611
microsoft-osmium-ia,2023-08-28,4,23.66038004753405,0.7148911300290028,0.9831365824847016,0.1762650495993816
microsoft-osmium-ia,2023-09-13,0,28.62212439785864,0.3579800243202543,0.9783497229558048,0.2484391119852521
microsoft-osmium-ia,2023-09-13,1,26.43209634809242,0.6879230054017922,0.9825003962127224,0.1866350595879955
microsoft-osmium-ia,2023-09-13,2,26.274860618722805,0.6283985549593472,0.9820682426083016,0.1620942681877052
microsoft-osmium-ia,2023-09-13,3,26.36790361178847,0.6335360415997362,0.9813802369339412,0.1579519521049265
microsoft-osmium-ia,2023-09-13,4,26.531284808418917,0.6175963219265961,0.9802473781931618,0.153577582140634
microsoft-osmium-ia,2023-09-29,0,34.63883920880039,0.2969713839467873,0.9781008549961108,0.2419756086783128
microsoft-osmium-ia,2023-09-29,1,34.26691745970308,0.4882725137009258,0.9803390646046428,0.1549573956036184
microsoft-osmium-ia,2023-09-29,2,32.44444062183563,0.5379804957550031,0.981866568730572,0.1472173217779084
microsoft-osmium-ia,2023-09-29,3,32.78796723692145,0.5483793820746201,0.9811790515893336,0.1427915287165229
microsoft-osmium-ia,2023-09-29,4,32.78572902011955,0.5446224866054972,0.9801934543260876,0.139075732043554
microsoft-osmium-ia,2023-12-18,0,-0.1779533558339998,0.18352038067316,0.9764978322825788,0.230299276416675
microsoft-osmium-ia,2023-12-18,1,-0.054465131967665,0.2818673417696164,0.9768775013295472,0.1539079560883918
microsoft-osmium-ia,2023-12-18,2,-0.1174832661599171,0.3034806609015184,0.9784958613446118,0.1422329760818115
microsoft-osmium-ia,2023-12-18,3,-0.1051616518656761,0.3170217641991183,0.9775853956614188,0.1451602411653302
microsoft-osmium-ia,2023-12-18,4,0.0864472084281846,0.3144234670666875,0.9765284079016252,0.1400809197654991
microsoft-osmium-ia,2024-01-03,0,3.78502574069874,0.1765887239270344,0.9763307484965972,0.2155540707108374
microsoft-osmium-ia,2024-01-03,1,4.283931919808016,0.2666324126514769,0.9764238936725672,0.1431989466318283
microsoft-osmium-ia,2024-01-03,2,3.620635270183819,0.3020010430683585,0.9780282852214722,0.1305573948707546
microsoft-osmium-ia,2024-01-03,3,3.859544807449437,0.3035311153601081,0.9771281399279452,0.133542882108377
microsoft-osmium-ia,2024-01-03,4,3.8866547234831095,0.2965015752137391,0.976179062472246,0.1292133435552351
microsoft-osmium-ia,2024-02-20,0,13.55867389971949,0.1460979936739302,0.9758972846612772,0.244493290696133
microsoft-osmium-ia,2024-02-20,1,14.446837681648852,0.2405067882212838,0.9762355900926528,0.1555376940608877
microsoft-osmium-ia,2024-02-20,2,13.181351084800836,0.2545646451663127,0.9778210207276348,0.1455116223780113
microsoft-osmium-ia,2024-02-20,3,13.856974413189445,0.2687856440388735,0.9770007741202864,0.1492053063007641
microsoft-osmium-ia,2024-02-20,4,13.825842286252174,0.2615586463601402,0.9760177783764568,0.143975585229402
microsoft-osmium-ia,2024-03-23,3,-4.556898219999965,0.2039382060448119,0.969,0.10354709875
microsoft-osmium-ia,2024-04-08,0,23.478071999470743,0.1900189776122364,0.9764565229856274,0.2722810383178305
microsoft-osmium-ia,2024-04-08,1,24.65979374009094,0.3037275232803966,0.9774211701835892,0.1786574494219574
microsoft-osmium-ia,2024-04-08,2,22.579491677408473,0.3392627920042973,0.9791506888794892,0.1695363000169839
microsoft-osmium-ia,2024-04-08,3,23.48473133858026,0.3541891128719771,0.9784063072063912,0.1725467865882067
microsoft-osmium-ia,2024-04-08,4,23.59295574777146,0.3445823327404023,0.9774092431661286,0.1675037902793623
microsoft-osmium-ia,2024-04-24,0,28.61389668626851,0.2223437436979172,0.9765613665392416,0.2863505557850075
microsoft-osmium-ia,2024-04-24,1,30.01457170353495,0.3821395210207504,0.9780853701293488,0.1898718618617413
microsoft-osmium-ia,2024-04-24,2,27.052616038682277,0.4323852959545607,0.979876118696833,0.1799524750895779
microsoft-osmium-ia,2024-04-24,3,28.15792786902748,0.4386749604006201,0.9790923157202612,0.1801585109593072
microsoft-osmium-ia,2024-04-24,4,27.781931147177172,0.4370198574321434,0.978204502576402,0.1733679938029743
microsoft-osmium-ia,2024-05-10,4,15.78222971841278,0.6283175393811012,0.98240261861054,0.2039908742548085
microsoft-osmium-ia,2024-05-26,3,24.257813776047087,0.5859358239078524,0.9821329898415084,0.2203542797836937
microsoft-osmium-ia,2024-05-26,4,24.24925805611971,0.6440903188994763,0.9822972345318074,0.213459571103397
microsoft-osmium-ia,2024-06-11,3,28.56906700406287,0.6825048124032294,0.9831083114653822,0.191543690934108
microsoft-osmium-ia,2024-06-11,4,29.72362679256754,0.638626465147397,0.9812565889828394,0.2130165076730958
microsoft-osmium-ia,2024-07-13,0,33.20311954566183,0.3930275618624674,0.9789913352246634,0.2711685268175944
microsoft-osmium-ia,2024-07-13,1,29.709821179104516,0.741975483123254,0.9843234875628244,0.2166630961760625
microsoft-osmium-ia,2024-07-13,2,30.088347891398183,0.6812179057090966,0.9833405324300276,0.1985374978922522
microsoft-osmium-ia,2024-07-13,3,30.077037344200967,0.7158144233258157,0.9833678583244244,0.2004744209609486
microsoft-osmium-ia,2024-07-13,4,30.64697646320539,0.719198056461444,0.9829588183936808,0.1908802584323532
microsoft-osmium-ia,2024-07-29,0,36.02061617317165,0.4267158575332366,0.979464710614952,0.2578249844635703
microsoft-osmium-ia,2024-07-29,1,30.580139301088153,0.7819143958513854,0.9846557888254784,0.1939116143003565
microsoft-osmium-ia,2024-07-29,2,30.885360386955632,0.7511377819199194,0.9841985510350054,0.1906843263316892
microsoft-osmium-ia,2024-07-29,3,30.770054469573346,0.7688545600963776,0.9842127985535264,0.1936677573228672
microsoft-osmium-ia,2024-07-29,4,30.990914315049793,0.745388553417115,0.9831087125476988,0.1852448012245922
microsoft-osmium-ia,2024-08-30,3,-3.314661576249982,0.7731432120250019,0.982825,0.235495295625
microsoft-osmium-ia,2024-08-30,4,-0.2991846399999834,0.6351280848405865,0.9815,0.1934001725
microsoft-osmium-ia,2024-09-15,0,30.564282498044932,0.4042585395241269,0.9793537768774968,0.247703596611808
microsoft-osmium-ia,2024-09-15,1,28.257194751458155,0.6500360621272611,0.983088508397766,0.1793150252105299
microsoft-osmium-ia,2024-09-15,2,27.860412611868178,0.6589375461976666,0.9834852275110656,0.1824586735204251
microsoft-osmium-ia,2024-09-15,3,29.37095943708809,0.6642954481881174,0.9830385673603428,0.1694782960287524
microsoft-osmium-ia,2024-09-15,4,30.08102994457039,0.6380247485860016,0.9817430723178115,0.1602116888813657
microsoft-osmium-ia,2024-10-01,0,23.122127856587735,0.2817838609869246,0.977686460516088,0.2589574554028502
microsoft-osmium-ia,2024-10-01,1,21.60643179998397,0.4877824545931601,0.9800929936257476,0.1409874089608052
microsoft-osmium-ia,2024-10-01,2,21.748687634271736,0.5264531925966934,0.9815389748618596,0.1455683732885607
microsoft-osmium-ia,2024-10-01,3,21.841360741012977,0.5523133131425637,0.9812229848684982,0.1500446653170798
microsoft-osmium-ia,2024-10-01,4,21.744349763094835,0.5464320738095509,0.9802393703543708,0.1435553124856721
microsoft-osmium-ia,2024-10-17,0,19.70595560472745,0.2575902937555002,0.9773439566106183,0.2609617651087853
microsoft-osmium-ia,2024-10-17,1,19.02860120941929,0.4229177863146408,0.9791343533853828,0.1570553270697191
microsoft-osmium-ia,2024-10-17,2,18.99767094421891,0.4588164979388446,0.9806547843490924,0.1626889409790656
microsoft-osmium-ia,2024-10-17,3,19.48881551550667,0.4749298301805209,0.980073532441018,0.162430162461905
microsoft-osmium-ia,2024-10-17,4,19.65738145136044,0.4649444740925431,0.9789957580807148,0.1579309076709149
microsoft-osmium-ia,2025-01-21,0,-11.585150498878503,0.138124237392778,0.9761573529209336,0.2550803627026282
microsoft-osmium-ia,2025-01-21,1,-10.889874470489184,0.2245670933875628,0.976514643204006,0.1640152342349909
microsoft-osmium-ia,2025-01-21,2,-11.116380238688004,0.2275013361554571,0.9778299230480088,0.1492614813942375
microsoft-osmium-ia,2025-01-21,3,-10.698720411291324,0.2515547910034372,0.9771285606113108,0.1516604733953383
microsoft-osmium-ia,2025-01-21,4,-10.599355005568649,0.2426307205036264,0.9761957365748396,0.1479472122739739
microsoft-osmium-ia,2025-02-22,0,-2.474430310275908,-0.0131755128804754,0.98357116187946,0.6059917101420027
microsoft-osmium-ia,2025-02-22,1,-3.240519427643427,0.0112250116225868,0.990160764251708,0.6115537091773775
microsoft-osmium-ia,2025-02-22,2,-3.1518855402843347,0.0395150450957979,0.9890535439756882,0.5693255237310444
microsoft-osmium-ia,2025-02-22,3,-3.2404153423090944,0.0314535001956083,0.989720468622648,0.5824293120292517
microsoft-osmium-ia,2025-02-22,4,-3.106357952145599,0.0361857329387178,0.9892452069427836,0.5697654347343244
microsoft-osmium-ia,2025-03-10,0,9.542227142041938,0.145298603857975,0.9754551143115172,0.2481173757539569
microsoft-osmium-ia,2025-03-10,1,10.773051040648305,0.1857047875012383,0.9756510790402084,0.1892287950818548
microsoft-osmium-ia,2025-03-10,2,10.662527045396535,0.2056695386868168,0.9762329889807148,0.1710772783057827
microsoft-osmium-ia,2025-03-10,3,10.693338055709274,0.2161655255574449,0.9760651093494924,0.1866865992872187
microsoft-osmium-ia,2025-03-10,4,11.161515827933208,0.2209654039126434,0.9747037766241924,0.1761737585827963
microsoft-osmium-ia,2025-03-26,0,22.10308117818339,0.1561987858190796,0.9760228035327104,0.2649935423397166
microsoft-osmium-ia,2025-03-26,1,23.167241111862975,0.2384808557436876,0.9767084607703952,0.1877872944230559
microsoft-osmium-ia,2025-03-26,2,21.62359397834895,0.2430822004647903,0.9779923393570926,0.168548438316601
microsoft-osmium-ia,2025-03-26,3,22.09330254634177,0.2695601946984592,0.9773138416043028,0.1733132236907567
microsoft-osmium-ia,2025-03-26,4,21.84888237401282,0.2588050799399822,0.9764080181236912,0.168963030921217
microsoft-osmium-ia,2025-05-13,0,40.87236142980108,0.2676021352420477,0.9774210553588384,0.2927886602376465
microsoft-osmium-ia,2025-05-13,1,40.32363390970886,0.451723068645561,0.9796610369073592,0.2018774041553922
microsoft-osmium-ia,2025-05-13,2,37.06308637724476,0.5440211542900713,0.9813339791744022,0.1875238726412826
microsoft-osmium-ia,2025-05-13,3,38.30709209310668,0.5416492337782254,0.9810914271473016,0.1886287451528243
microsoft-osmium-ia,2025-05-13,4,37.48904124625031,0.5448451073491161,0.9803606009571072,0.1809671287091687
microsoft-osmium-ia,2025-05-29,2,28.445969225022345,0.5332625698397243,0.981791855072098,0.2338216893782685
microsoft-osmium-ia,2025-05-29,3,27.327392150486332,0.571838005517107,0.9814131432595876,0.2305909456589767
microsoft-osmium-ia,2025-05-29,4,25.17314041164423,0.5704344456960145,0.9803556270688436,0.2124395402802698
microsoft-osmium-ia,2025-06-14,2,12.634188734545472,0.7779424820837718,0.9853272727272728,0.2477630025
microsoft-osmium-ia,2025-06-14,4,14.373734263084538,0.784686839658818,0.9844478594950604,0.2111617277401207
microsoft-osmium-ia,2025-07-16,0,35.949751416837564,0.400249617267001,0.9794931913945828,0.3065736893396733
microsoft-osmium-ia,2025-07-16,1,31.263988983455835,0.7906718530436995,0.9852482414367312,0.2402518286789828
microsoft-osmium-ia,2025-07-16,2,29.39584629194144,0.77586424218104,0.9840622866851952,0.219167935189447
microsoft-osmium-ia,2025-07-16,3,28.849713856029865,0.7865865209864957,0.98420149233683,0.2287880024693891
microsoft-osmium-ia,2025-07-16,4,26.935144764279276,0.7647139355477686,0.9838828105570822,0.2116898213974498
microsoft-osmium-ia,2025-08-01,0,29.881817109871264,0.4599444731787421,0.9802991286403232,0.2663099309151321
microsoft-osmium-ia,2025-08-01,1,25.716385718961313,0.806599755470204,0.9855980871183134,0.2193484053557959
microsoft-osmium-ia,2025-08-01,2,26.40863239050063,0.758944454712416,0.9849009333157064,0.192017391103601
microsoft-osmium-ia,2025-08-01,3,26.416508218403283,0.7740753540896766,0.9847026521815156,0.1898301807968231
microsoft-osmium-ia,2025-08-01,4,26.30098310229479,0.7631955833253126,0.9838038335596584,0.1843340338852322
microsoft-osmium-ia,2025-08-17,0,42.136118304484775,0.4212282379629389,0.9798781596447286,0.2759207885323964
microsoft-osmium-ia,2025-08-17,1,36.08900079233168,0.8111818357831078,0.985945136432028,0.2078755993760482
microsoft-osmium-ia,2025-08-17,2,36.55349143145972,0.7464496618176839,0.985000326495734,0.1833871747431926
microsoft-osmium-ia,2025-08-17,3,36.66006231972424,0.7680477501888342,0.9848857237890654,0.1811349094736578
microsoft-osmium-ia,2025-08-17,4,36.489590263294275,0.7501512974878549,0.9839044028674389,0.1745229396454032
microsoft-osmium-ia,2025-09-02,0,35.71640325844853,0.3604018579503426,0.9790702404453364,0.3086756075892556
microsoft-osmium-ia,2025-09-02,1,28.725347540747578,0.7471318273344166,0.9845244655943476,0.2250934826881344
microsoft-osmium-ia,2025-09-02,2,28.866007897800625,0.7078024617201938,0.9838740369206966,0.2041221307377004
microsoft-osmium-ia,2025-09-02,3,28.794230156916676,0.6997750091783564,0.9830942355104492,0.1842699956370743
microsoft-osmium-ia,2025-09-02,4,29.046679815215025,0.6999442385125741,0.982624747992874,0.1794062993324728
microsoft-osmium-ia,2025-10-04,0,34.43645409964857,0.2549950127807714,0.9774706519515816,0.2551552167198783
microsoft-osmium-ia,2025-10-04,1,33.56700034415097,0.4132522620247698,0.9791316623206996,0.172483120727789
microsoft-osmium-ia,2025-10-04,2,31.593242556318323,0.4813662690347974,0.9808958284299036,0.1507699360168078
microsoft-osmium-ia,2025-10-04,3,31.847165641253113,0.5013245158815369,0.9804169060419248,0.1467719102833659
microsoft-osmium-ia,2025-10-04,4,31.76582026719345,0.4904654817439681,0.9794134747754464,0.1422108405058209
microsoft-osmium-ia,2025-11-05,0,15.3236891022879,0.2826006698918657,0.977859210185408,0.2512756086410853
microsoft-osmium-ia,2025-11-05,1,15.31115506733186,0.3714944978025013,0.9781736040509156,0.164408920893778
microsoft-osmium-ia,2025-11-05,2,14.288002203097342,0.4226049335912846,0.9801698645256182,0.1448268048340894
microsoft-osmium-ia,2025-11-05,3,14.519926811101996,0.4374935208980751,0.979420681999761,0.1471845408941195
microsoft-osmium-ia,2025-11-05,4,14.514416585824456,0.418633450092535,0.9782978785006828,0.1424626448628607
microsoft-osmium-ia,2025-12-07,0,-8.040996387346853,-0.0453799264565952,0.9914436684378538,0.7240168640714472
microsoft-osmium-ia,2025-12-07,1,-8.849925001116919,-0.0147389706768523,0.9909360027818206,0.7400447547457705
microsoft-osmium-ia,2025-12-07,2,-8.177000749653747,0.0266823830657739,0.990081328549358,0.6378041923567503
microsoft-osmium-ia,2025-12-07,3,-8.576341860471253,0.020227710063582,0.990648754547722,0.6614422451471245
microsoft-osmium-ia,2025-12-07,4,-8.514419640924832,0.031133348523254,0.9903534856622468,0.6479274763526431
microsoft-osmium-ia,2026-02-09,0,5.059611641397008,0.1896876277623839,0.9773595865335802,0.2203435428532224
microsoft-osmium-ia,2026-02-09,1,5.8594580405570245,0.2112819707379516,0.9770268016524548,0.1806037321127989
microsoft-osmium-ia,2026-02-09,2,5.6639674075274735,0.2262617813050103,0.9775667964467466,0.1747248374666366
microsoft-osmium-ia,2026-02-09,3,6.29972848247223,0.2381425907015482,0.977573100447327,0.1752540474693482
microsoft-osmium-ia,2026-02-09,4,6.8068895710617925,0.2355986510958262,0.9771362568788006,0.1691784504428705
microsoft-osmium-ia,2026-02-25,0,-8.308891815785513,-0.0275067621960661,0.9915,0.548172599169984
microsoft-osmium-ia,2026-02-25,1,-9.118028246300629,-0.024605833401686,0.9915,0.5651358760035582
microsoft-osmium-ia,2026-02-25,2,-9.80950651619528,-0.009791915376524,0.9913577662460192,0.5143035456808173
microsoft-osmium-ia,2026-02-25,3,-10.970314099081614,-0.0190732742245763,0.9915,0.5414116665883181
microsoft-osmium-ia,2026-02-25,4,-9.146936636524307,-0.0167448494241551,0.9914367677102468,0.5532206375866932
microsoft-osmium-ia,2026-03-13,0,11.26410475496986,0.182680274822215,0.97665298339553,0.2834665143276619
microsoft-osmium-ia,2026-03-13,1,10.948162857166167,0.2471061920432344,0.9766313268698156,0.1891115429260748
microsoft-osmium-ia,2026-03-13,2,9.54745576379689,0.2426180833749953,0.9771068962609014,0.179151356126205
microsoft-osmium-ia,2026-03-13,3,10.117587997267774,0.2640911483851911,0.9768771725295852,0.1857309518798947
microsoft-osmium-ia,2026-03-13,4,10.395127827981224,0.2665411120769376,0.9763425778241004,0.1816054553473317
microsoft-osmium-ia,2026-03-29,2,14.378079736049662,0.2675106896115628,0.9763477815912228,0.2471599258032168
microsoft-osmium-ia,2026-03-29,3,18.032301337300257,0.2814325989498156,0.9768184193611774,0.2329105442797216
microsoft-osmium-ia,2026-03-29,4,21.68820354131857,0.3013431878030024,0.9771485028248564,0.2176367117887949
microsoft-osmium-ia,2026-04-14,0,33.12606375556026,0.2732856864806673,0.9775937785902002,0.2872024271079106
microsoft-osmium-ia,2026-04-14,1,32.581468784307276,0.3424532392200558,0.9778164965925712,0.2084720921611997
microsoft-osmium-ia,2026-04-14,2,32.007526731007374,0.402655893531236,0.9788582112938632,0.2045466195077566
microsoft-osmium-ia,2026-04-14,3,31.572403699533684,0.4087256491477983,0.9786431306451384,0.1753042422502919
microsoft-osmium-ia,2026-04-14,4,30.37129230138893,0.3674621101793249,0.9763477176468672,0.1596623370170132
microsoft-osmium-ia,2026-05-16,1,28.36388815230794,0.5045831960892357,0.9800148091743968,0.2022054863397595
microsoft-osmium-ia,2026-05-16,2,30.668492749734348,0.5271312771467339,0.9804161764078378,0.221635779496405
microsoft-osmium-ia,2026-05-16,3,31.70401545547993,0.5564837682291552,0.9806630064343208,0.2069391394343097
microsoft-osmium-ia,2026-05-16,4,31.792117764434735,0.591991827107889,0.9814248736245064,0.1994385995296504
microsoft-osmium-ia,2026-06-01,0,39.76710463097738,0.3450427934252584,0.9788647697055912,0.2659884050046136
microsoft-osmium-ia,2026-06-01,1,37.85073669460584,0.4995057081392211,0.9806397170298738,0.1826681135560547
microsoft-osmium-ia,2026-06-01,2,36.29296072483209,0.5700922477360644,0.9823088254221244,0.1810337035164234
microsoft-osmium-ia,2026-06-01,3,36.23030923088957,0.6049042888582148,0.9824543974578418,0.1849270049793913
microsoft-osmium-ia,2026-06-01,4,36.20005779592365,0.5972242358459748,0.98153670127325,0.1794815472832589
microsoft-osmium-ia,2026-06-17,0,32.075241322192156,0.3919289770999173,0.9798682015081748,0.2916830114030729
microsoft-osmium-ia,2026-06-17,1,30.064348466360137,0.6342964183845206,0.9833358768725402,0.2045142035242327
microsoft-osmium-ia,2026-06-17,2,28.23439424015432,0.6736031158859298,0.984209774986866,0.2016767520142826
microsoft-osmium-ia,2026-06-17,3,28.378601551827938,0.6837155622727799,0.9838902090587875,0.2022914348197537
microsoft-osmium-ia,2026-06-17,4,27.76837530318186,0.6789058218512627,0.9828282970436067,0.1820135447028757
microsoft-osmium-ia,2026-07-03,1,14.044165673397831,0.8336971343931291,0.9847508507953509,0.2036324010236788
microsoft-osmium-ia,2026-07-03,2,15.772696809143676,0.7988065914240032,0.984458358606432,0.207896421667608
microsoft-osmium-ia,2026-07-03,3,14.94873924438308,0.7999973973208296,0.9844078696872152,0.2083803939359454
microsoft-osmium-ia,2026-07-03,4,15.598575661282288,0.7972028441445753,0.9835145727661354,0.2137753387824556
microsoft-osmium-ia,2026-07-19,0,41.046070584586424,0.4085391968102558,0.9798665037886184,0.2782334046776488
microsoft-osmium-ia,2026-07-19,1,34.40619898202113,0.7947147383945234,0.9856710975319676,0.1979683464326009
microsoft-osmium-ia,2026-07-19,2,34.733709676209266,0.7370638471837827,0.984988459360558,0.1872883922405426
microsoft-osmium-ia,2026-07-19,3,35.055104603335415,0.7408906644904197,0.9846031893004756,0.1887565067624293
microsoft-osmium-ia,2026-07-19,4,34.88519753650004,0.7341380333265916,0.9837586244569524,0.1814065283264679
microsoft-osmium-ia,2026-08-20,0,33.46935984618042,0.4897096340028504,0.9809917732192118,0.2642486718639914
microsoft-osmium-ia,2026-08-20,1,29.271368768906484,0.8174291313296586,0.985667397071814,0.1871079853689665
microsoft-osmium-ia,2026-08-20,2,29.684000641454062,0.7639265860152518,0.9851379073668736,0.1756867933556236
microsoft-osmium-ia,2026-08-20,3,30.062787658377346,0.7609049287262342,0.9846630649248916,0.177139903100941
microsoft-osmium-ia,2026-08-20,4,29.956176159380437,0.7525488773040359,0.9837345345717624,0.1706339215729308
microsoft-osmium-ia,2026-09-05,4,7.745239364000009,0.7990328628641634,0.98348,0.238176459
microsoft-osmium-ia,2021-11-11,0,10.467784926581894,0.240021522728817,0.9775455570656478,0.1939649295517974
microsoft-osmium-ia,2021-11-11,1,10.613260080950893,0.3750726722954946,0.9782191210895768,0.1322457829122506
microsoft-osmium-ia,2021-11-11,2,10.39944267670392,0.4195482100527681,0.9804031298517506,0.1248105168505888
microsoft-osmium-ia,2021-11-11,3,10.567622923802874,0.4203202332913778,0.9793169355268504,0.1315449498097917
microsoft-osmium-ia,2021-11-11,4,10.684579755157271,0.4090492460528883,0.9784624762243384,0.1259345246873553
microsoft-osmium-ia,2021-12-19,0,0.3965833491063424,0.1906992016409797,0.976997182740076,0.2225139994235479
microsoft-osmium-ia,2021-12-19,1,0.6473431562005887,0.2751866485748168,0.9771424926401396,0.1658139325058749
microsoft-osmium-ia,2021-12-19,2,0.4518521080037702,0.2984672709852405,0.9788329163379318,0.1450323896230888
microsoft-osmium-ia,2021-12-19,3,0.5680543356870978,0.3148094185189704,0.9779220443272484,0.1522325377081857
microsoft-osmium-ia,2021-12-19,4,0.6895682111908881,0.3090130838778949,0.97692442512956,0.1444280034954271
microsoft-osmium-ia,2022-01-04,1,-8.175019041533762,0.0023381388860168,0.9915,0.6532233959372186
microsoft-osmium-ia,2022-01-04,2,-8.46476059583612,0.0005473437221987745,0.9915,0.7029578776069371
microsoft-osmium-ia,2022-01-04,3,-9.9836165745768,-0.012109525439048,0.9915,0.7536243273919163
microsoft-osmium-ia,2022-01-04,4,-9.477028259688838,-0.0073673796956357,0.9914792741735248,0.7763169146435003
microsoft-osmium-ia,2022-01-20,0,-13.836368873125734,-0.0295921784229438,0.986529579410992,0.5965291150115898
microsoft-osmium-ia,2022-01-20,1,-15.21013734506922,-0.0224957257790961,0.9908511292634624,0.6803147628642597
microsoft-osmium-ia,2022-01-20,2,-15.017053216553949,0.0007720408042161599,0.9899155991342204,0.593745646189077
microsoft-osmium-ia,2022-01-20,3,-15.380070718892153,-0.0007829474965593721,0.9906888932215644,0.6137139304630882
microsoft-osmium-ia,2022-01-20,4,-15.24813188363543,0.0009712057834658665,0.9903943533352134,0.6018857152397606
microsoft-osmium-ia,2022-02-05,0,-2.881713447537186,0.037489274210476,0.9811480394947228,0.4109193841072941
microsoft-osmium-ia,2022-02-05,1,-3.3612784266663978,0.04710245425939,0.9847612543475524,0.4385831910832076
microsoft-osmium-ia,2022-02-05,2,-3.3189723436815672,0.0668897134283315,0.9836748544852654,0.3950402179251457
microsoft-osmium-ia,2022-02-05,3,-3.5363282112681564,0.0641685581947753,0.984838897863798,0.4174679128078134
microsoft-osmium-ia,2022-02-05,4,-3.4871658740154907,0.0664477219970237,0.984629936548148,0.408333011591413
microsoft-osmium-ia,2022-02-21,2,9.62184049416135,0.2810568347895748,0.9768329755181344,0.1361233938570595
microsoft-osmium-ia,2022-02-21,3,7.929611353473426,0.2388798631589374,0.9767074035539632,0.1797866891190432
microsoft-osmium-ia,2022-02-21,4,7.144623118867901,0.2410248837377923,0.975812510811886,0.1904318054537797
microsoft-osmium-ia,2022-03-09,0,1.2499535655327758,0.0804463762763521,0.9774792528498796,0.3915499129275722
microsoft-osmium-ia,2022-03-09,1,0.869485133268268,0.1134888738027738,0.9825299291830872,0.413899891347519
microsoft-osmium-ia,2022-03-09,2,0.9280705568990798,0.1290762888133969,0.9814326483993492,0.3531060448285835
microsoft-osmium-ia,2022-03-09,3,1.1287707101896358,0.1138182308178285,0.9811648755203848,0.3677832769226837
microsoft-osmium-ia,2022-03-09,4,1.189215739428982,0.1615017606955006,0.9802634084466746,0.3001475817050165
microsoft-osmium-ia,2022-03-25,0,12.285495966926884,0.1445195160364726,0.9761757605647244,0.2151512086284036
microsoft-osmium-ia,2022-03-25,1,12.790204191107057,0.2378772946235261,0.9767449459771892,0.1631307765761123
microsoft-osmium-ia,2022-03-25,2,11.970732087628814,0.2535324335651056,0.978258004618666,0.1442087097097398
microsoft-osmium-ia,2022-03-25,3,12.466223930840275,0.2698992493754517,0.9775734664914828,0.1560741798015611
microsoft-osmium-ia,2022-03-25,4,12.445070626147512,0.2603806424898384,0.9766366616022414,0.1482045856967539
microsoft-osmium-ia,2022-04-26,0,21.733764086887422,0.1953597965041963,0.9766387516420358,0.2315230448608414
microsoft-osmium-ia,2022-04-26,1,21.610883793315864,0.3116365976141416,0.9776669861620996,0.1691711138482216
microsoft-osmium-ia,2022-04-26,2,20.248542285706023,0.3483838620290044,0.9794547014817704,0.1577987714639894
microsoft-osmium-ia,2022-04-26,3,20.707642925947574,0.3653381378148105,0.9788268219758076,0.1644074592162421
microsoft-osmium-ia,2022-04-26,4,20.56388702866948,0.3588533377434724,0.9778881613202376,0.1583352416094969
microsoft-osmium-ia,2022-05-12,0,40.31695922654874,0.2501777638677998,0.9771979291003208,0.2440222771473989
microsoft-osmium-ia,2022-05-12,1,39.39756798215848,0.4275262633275435,0.9793752789019368,0.1734815095780826
microsoft-osmium-ia,2022-05-12,2,37.401987485412825,0.4908891739705298,0.9806632767306268,0.1669109573392359
microsoft-osmium-ia,2022-05-12,3,38.04930657437378,0.5096646037381809,0.9804260550780116,0.1690438166966213
microsoft-osmium-ia,2022-05-12,4,37.79489029908261,0.5098883803523037,0.9794128947789966,0.1632079347870235
microsoft-osmium-ia,2022-05-28,0,12.130712648485254,0.4157771600556785,0.9787779836611749,0.1520300930986148
microsoft-osmium-ia,2022-05-28,1,11.629616833632772,0.4746277360645619,0.9795373199379483,0.1573137282366505
microsoft-osmium-ia,2022-05-28,2,11.38996850537583,0.5653254488845129,0.9811091347043246,0.1686668349958013
microsoft-osmium-ia,2022-05-28,3,13.096935649086817,0.5506336297030113,0.980450955381851,0.1658388390448771
microsoft-osmium-ia,2022-05-28,4,14.343756344820898,0.560110198933901,0.9799101203224988,0.1666540927162366
microsoft-osmium-ia,2022-06-13,0,21.100008853355305,0.3272666878468776,0.9784699059306364,0.2443453628561508
microsoft-osmium-ia,2022-06-13,1,20.38393372307321,0.5088002241743281,0.980797941751362,0.197347622784196
microsoft-osmium-ia,2022-06-13,2,17.42442244176812,0.5894995964584834,0.9820116674519104,0.1987309914407085
microsoft-osmium-ia,2022-06-13,3,16.856299978149863,0.5826611974398191,0.9815120719559696,0.1940696981564568
microsoft-osmium-ia,2022-06-13,4,15.206092854809103,0.6027330272925074,0.9813303474998548,0.1933531741422662
microsoft-osmium-ia,2022-06-29,0,42.15921638629421,0.3389651359659032,0.9787005290885038,0.2508072392945373
microsoft-osmium-ia,2022-06-29,1,38.294005268233455,0.6889042157605748,0.9841095148629018,0.1774803377028298
microsoft-osmium-ia,2022-06-29,2,37.17449750820867,0.6571149798057774,0.9839803009406864,0.1709966903584427
microsoft-osmium-ia,2022-06-29,3,37.92562813031446,0.658708329117958,0.9833438340530952,0.1754950470433882
microsoft-osmium-ia,2022-06-29,4,37.417794430712085,0.6568500511987201,0.982496360081874,0.1691190291312367
microsoft-osmium-ia,2022-07-15,0,42.98977461397635,0.3658706197583255,0.9790690346862052,0.2459893785435291
microsoft-osmium-ia,2022-07-15,1,37.34439559754649,0.7738425082478891,0.9853713984415132,0.18076455398704
microsoft-osmium-ia,2022-07-15,2,37.6760480166442,0.7057115181264758,0.984506990644874,0.1673886247900994
microsoft-osmium-ia,2022-07-15,3,37.86526319579759,0.7202670110153859,0.984194930962203,0.1698064616818946
microsoft-osmium-ia,2022-07-15,4,37.586032278305765,0.6982259211186203,0.9830529373422354,0.1646461001415197
microsoft-osmium-ia,2022-07-31,0,37.06354386512367,0.3521279335824029,0.9781652066542672,0.2616167196900054
microsoft-osmium-ia,2022-07-31,1,32.248713827581,0.7679395843137917,0.9845877875679164,0.188405972906175
microsoft-osmium-ia,2022-07-31,2,33.101450478073225,0.6715020627306031,0.983634409102997,0.1882728690992718
microsoft-osmium-ia,2022-07-31,3,33.691826586989784,0.6915663162855857,0.9833690423226252,0.189807649101652
microsoft-osmium-ia,2022-07-31,4,33.90276274115074,0.670728006633211,0.9819479220781212,0.1814886428081032
microsoft-osmium-ia,2022-08-16,0,31.116635875507743,0.3226470023684033,0.9775494613620596,0.2697156390579473
microsoft-osmium-ia,2022-08-16,1,27.62917039037761,0.7730817269865518,0.983967865787205,0.2025800548628175
microsoft-osmium-ia,2022-08-16,2,27.66354291810308,0.7319413590595671,0.9835792594210848,0.1801324248785247
microsoft-osmium-ia,2022-08-16,3,27.785287442944423,0.7507226793706067,0.9830951732836768,0.1841012506889813
microsoft-osmium-ia,2022-08-16,4,27.981049812292728,0.7223192849708356,0.9823981970151936,0.1949994678351133
microsoft-osmium-ia,2022-09-01,3,19.91130264109349,0.6340932748534873,0.9810957841996822,0.1620091383616919
microsoft-osmium-ia,2022-09-01,4,21.11767452951334,0.6468464840183824,0.9793276592377976,0.1615242544442482
microsoft-osmium-ia,2022-10-03,0,17.629901666836975,0.3458122187295668,0.978820717633101,0.2259569090874583
microsoft-osmium-ia,2022-10-03,1,16.96334094251062,0.5761725988913173,0.981972217079116,0.1558508989167444
microsoft-osmium-ia,2022-10-03,2,17.49632483188227,0.5839349436403689,0.9822223778737412,0.1543113715561367
microsoft-osmium-ia,2022-10-03,3,18.151176752298824,0.5886548138272076,0.9817398677340512,0.1541820533524261
microsoft-osmium-ia,2022-10-03,4,17.685339262312255,0.5656530566525096,0.9799825746968388,0.1501904883822241
microsoft-osmium-ia,2022-10-19,1,-4.540494950721496,0.4526379574186756,0.9812051247471344,0.2378784207164531
microsoft-osmium-ia,2022-10-19,2,-4.153457256489496,0.4577820775753108,0.9808079849106964,0.2307440470917291
microsoft-osmium-ia,2022-10-19,3,-2.1190355783784622,0.3837960407694067,0.9788226946323092,0.2156675599157376
microsoft-osmium-ia,2022-10-19,4,-1.3805422550208937,0.3823475012730362,0.9782060965706002,0.2149019738143743
microsoft-osmium-ia,2022-11-20,0,0.5837786187845223,0.087343426874806,0.986940638816526,0.4180143232270201
microsoft-osmium-ia,2022-11-20,1,0.1760532097560908,0.0760914710287318,0.9884867690727516,0.46076983354946
microsoft-osmium-ia,2022-11-20,2,0.618971476809036,0.1303011023293521,0.9864063232940808,0.3835668780982154
microsoft-osmium-ia,2022-11-20,3,0.7824783530965335,0.132648708187731,0.9856386441030848,0.3674906167095056
microsoft-osmium-ia,2022-11-20,4,0.958409368996605,0.1374268908155864,0.98419088934378,0.3463163995468686
microsoft-osmium-ia,2022-12-06,3,-2.229854632628033,0.370005075648589,0.9716035634743876,0.1776543275389754
microsoft-osmium-ia,2022-12-06,4,-0.2437514521344022,0.3353697432876042,0.9770874271988108,0.2131574907271024
microsoft-osmium-ia,2023-01-23,0,-6.306885463676327,-0.0226954118704688,0.9898787750964612,0.7247387936025749
microsoft-osmium-ia,2023-01-23,1,-7.078090413981244,-0.0191364309540274,0.991497641208546,0.7499598302796252
microsoft-osmium-ia,2023-01-23,2,-7.0291307737117155,-0.0020929354599556,0.991476528024702,0.7011672380526783
microsoft-osmium-ia,2023-01-23,3,-7.05089743578923,0.0015752038055418,0.991465193949676,0.7051239517618049
microsoft-osmium-ia,2023-01-23,4,-7.088776365106709,0.0081160957772128,0.9914227578164772,0.6959603170809371
microsoft-osmium-ia,2023-02-08,0,6.8337799194697455,0.1503016171058639,0.9763810141772076,0.2144946707855414
microsoft-osmium-ia,2023-02-08,1,7.22691704878059,0.2223743700017705,0.9764587590284224,0.1604548248648898
microsoft-osmium-ia,2023-02-08,2,6.239052904094801,0.2471507790998798,0.9781614519668757,0.1363744417656562
microsoft-osmium-ia,2023-02-08,3,6.631070658538625,0.269113960861174,0.9773643739096018,0.1354301568072465
microsoft-osmium-ia,2023-02-08,4,6.537248450780804,0.2695328007833921,0.9766210949406224,0.1310258647661001
microsoft-osmium-ia,2023-03-28,0,16.40372505209351,0.1349978482288712,0.9760372598306354,0.2463940990346406
microsoft-osmium-ia,2023-03-28,1,16.97831433719976,0.2080009040919269,0.9762872121018358,0.1782956006171184
microsoft-osmium-ia,2023-03-28,2,15.594326658538114,0.2187768708299908,0.9778682301469214,0.1566996327863608
microsoft-osmium-ia,2023-03-28,3,16.20492823571251,0.246562426663136,0.9771458597918076,0.1610107170527034
microsoft-osmium-ia,2023-03-28,4,16.125405486715263,0.2430220365438075,0.9762921891147276,0.1551892143051909
microsoft-osmium-ia,2023-04-13,0,32.44145532925872,0.1720160296997482,0.976259567949436,0.2645026432762415
microsoft-osmium-ia,2023-04-13,1,33.58551301587274,0.2648446366914906,0.9768070736470816,0.189492148563335
microsoft-osmium-ia,2023-04-13,2,31.36859439838066,0.3168276508568373,0.978790741741398,0.16619233146415
microsoft-osmium-ia,2023-04-13,3,32.848621312737954,0.3319569522944068,0.978050316619584,0.1686841956672015
microsoft-osmium-ia,2023-04-13,4,32.4788122453383,0.3375862561335753,0.977164580966759,0.1635306926620204
microsoft-osmium-ia,2023-05-31,0,24.172505120790884,0.4358396250634455,0.9796674898978812,0.1772835940243546
microsoft-osmium-ia,2023-05-31,1,23.104036574922667,0.4656329450160906,0.979804441736909,0.1753044618968436
microsoft-osmium-ia,2023-05-31,2,22.48734448142856,0.5475556865324664,0.9810836640266268,0.1701650805864074
microsoft-osmium-ia,2023-05-31,3,22.885238442943542,0.5805194359340774,0.9813027336544774,0.1686305967126708
microsoft-osmium-ia,2023-05-31,4,23.225857418083383,0.5985611293600703,0.9806756801266712,0.1708568238398606
microsoft-osmium-ia,2023-06-16,0,38.13879441819997,0.3321131617095502,0.9788915337186356,0.2542611081845941
microsoft-osmium-ia,2023-06-16,1,36.95438776361655,0.5090144153526089,0.9812664195402095,0.1950300796344097
microsoft-osmium-ia,2023-06-16,2,33.28270194658622,0.6227778009648749,0.9832371015442282,0.1837746247991701
microsoft-osmium-ia,2023-06-16,3,32.58525752517259,0.6655759221400369,0.9836678654681368,0.1787539765026375
microsoft-osmium-ia,2023-06-16,4,32.65896809568442,0.6640959136478889,0.982772195371602,0.1751926865120282
microsoft-osmium-ia,2023-07-02,0,38.68799747727565,0.3308800732659228,0.978438688460507,0.2649678533831093
microsoft-osmium-ia,2023-07-02,1,35.247208430918626,0.62934605549793,0.9828629140210422,0.184162156377482
microsoft-osmium-ia,2023-07-02,2,32.67436130173772,0.6925250325562257,0.9836669027370868,0.1806041770488637
microsoft-osmium-ia,2023-07-02,3,31.876499477913107,0.7361802791735749,0.9842039885434808,0.1787616783648125
microsoft-osmium-ia,2023-07-02,4,31.791132047024245,0.7065258960030849,0.982428953498845,0.1719908118677981
microsoft-osmium-ia,2023-08-03,1,16.784213360000017,0.8644068935438918,0.9863019607843138,0.2943367020098039
microsoft-osmium-ia,2023-08-03,2,16.633991147209308,0.8701974621675751,0.9837395348837212,0.1989410044655635
microsoft-osmium-ia,2023-08-03,3,23.66986957219309,0.7900279657779979,0.9842040436835892,0.2105287064469905
microsoft-osmium-ia,2023-08-03,4,24.122067848383224,0.7434880256080042,0.9799874987902192,0.1690948521699938
microsoft-osmium-ia,2023-08-19,0,38.37115662009998,0.3947270101018061,0.9796375511929468,0.2537339508954274
microsoft-osmium-ia,2023-08-19,1,33.248421484411736,0.7958757116542032,0.985763533581113,0.193320116787495
microsoft-osmium-ia,2023-08-19,2,33.62179486220089,0.72152538294903,0.9847074502387534,0.1716891679488095
microsoft-osmium-ia,2023-08-19,3,33.76144818639051,0.7560131586376287,0.9847061519802216,0.167057225945553
microsoft-osmium-ia,2023-08-19,4,34.09119413164165,0.7269491316920863,0.9833358248083988,0.160947097986364
microsoft-osmium-ia,2023-09-04,0,39.85996483641742,0.3518793605667912,0.979075689655954,0.2521982055913381
microsoft-osmium-ia,2023-09-04,1,35.86229842868397,0.7257099400458833,0.9847515843205844,0.1837486692514686
microsoft-osmium-ia,2023-09-04,2,36.39118662248477,0.6402040966187068,0.9837198375702672,0.1644704027739001
microsoft-osmium-ia,2023-09-04,3,36.60167600539618,0.6684130733928304,0.983450643907806,0.1601560186221142
microsoft-osmium-ia,2023-09-04,4,36.75383447724381,0.6467444599961462,0.9821930069195928,0.1548466271630051
microsoft-osmium-ia,2023-10-22,0,15.718103109602827,0.3591839663427102,0.9779065745251312,0.1413059015472465
microsoft-osmium-ia,2023-10-22,1,16.08400215519653,0.3598064767844925,0.9780850704488976,0.160288154156982
microsoft-osmium-ia,2023-10-22,2,14.806457599268816,0.4474861670886443,0.9796118696874492,0.1506391223010997
microsoft-osmium-ia,2023-10-22,3,15.142980574834562,0.4275713110180115,0.9786015404661764,0.1406676105957388
microsoft-osmium-ia,2023-10-22,4,16.57795090769401,0.4307687151591965,0.9781544744901576,0.1385511423320772
microsoft-osmium-ia,2023-11-07,0,12.511573548120287,0.2228153868454844,0.9770212716688044,0.2418791064226846
microsoft-osmium-ia,2023-11-07,1,13.467875985719685,0.3328627606208211,0.9778857701299544,0.1673865909915241
microsoft-osmium-ia,2023-11-07,2,13.063923790584164,0.3824066407924814,0.9796503687009604,0.1482813804416884
microsoft-osmium-ia,2023-11-07,3,13.725639990256214,0.3893733645842938,0.9787890210683552,0.1502573192313908
microsoft-osmium-ia,2023-11-07,4,13.56986763053118,0.386269071848395,0.9778590160655882,0.1419181525036468
microsoft-osmium-ia,2023-11-23,0,7.555214330727518,0.208773597924182,0.9768539683910508,0.2313327934094956
microsoft-osmium-ia,2023-11-23,1,8.044468597799959,0.3098910866466698,0.9773876852843724,0.1569128470396735
microsoft-osmium-ia,2023-11-23,2,7.334525234646581,0.3433241556726746,0.9791381156878208,0.1429343322956409
microsoft-osmium-ia,2023-11-23,3,7.32410136352659,0.3548446603539998,0.978205961141712,0.1457010584598299
microsoft-osmium-ia,2023-11-23,4,7.284696986250522,0.3476561129353971,0.9771660388175304,0.1403310082505822
microsoft-osmium-ia,2024-01-10,0,-8.699360847094159,-0.0659621332180209,0.9915,0.6432164725668814
microsoft-osmium-ia,2024-01-10,1,-9.54002247606414,-0.0554365630455057,0.9915,0.7072138357846743
microsoft-osmium-ia,2024-01-10,2,-8.21355769212019,0.0083598781602917,0.9915,0.6001878671311546
microsoft-osmium-ia,2024-01-10,3,-9.276985494641009,-0.037806971463464,0.9914640875302008,0.7915864428034071
microsoft-osmium-ia,2024-01-10,4,-9.799906135928882,-0.0303383432282648,0.9915,0.9163355590466056
microsoft-osmium-ia,2024-02-11,4,1.814027698457088,0.2425556780323732,0.9701725448972752,0.1184373581262751
microsoft-osmium-ia,2024-03-30,0,17.342705379883636,0.1747248664802616,0.9761345171158315,0.2258626636178469
microsoft-osmium-ia,2024-03-30,1,18.64674621034528,0.2722699986821548,0.976892157109328,0.1525714751553789
microsoft-osmium-ia,2024-03-30,2,17.107973571212423,0.3058601129594898,0.9786165732568198,0.1470937668522844
microsoft-osmium-ia,2024-03-30,3,18.02378079360433,0.319246073748222,0.9778854845385048,0.147982382983086
microsoft-osmium-ia,2024-03-30,4,16.774136175353828,0.3164205827610067,0.9771545289183112,0.1496179151462637
microsoft-osmium-ia,2024-04-15,0,31.335651060050782,0.2041249015529897,0.97661687740412,0.2628189831104677
microsoft-osmium-ia,2024-04-15,1,32.95922227469519,0.3348136190244331,0.9779100355080904,0.1762380645087005
microsoft-osmium-ia,2024-04-15,2,30.359028329337512,0.3887484047539619,0.9797993967038606,0.1667353228301785
microsoft-osmium-ia,2024-04-15,3,31.46481801165843,0.3974062537973162,0.979063811568892,0.1669052089401795
microsoft-osmium-ia,2024-04-15,4,31.208217688481863,0.3890334046304917,0.9779599606590028,0.1615842175447728
microsoft-osmium-ia,2024-05-17,0,35.89278486481677,0.2763804353886966,0.9775876755766738,0.2780232793445741
microsoft-osmium-ia,2024-05-17,1,35.01690694727334,0.4690077796027109,0.9800021410843665,0.1866280076235089
microsoft-osmium-ia,2024-05-17,2,31.520651984313993,0.5538246972932352,0.9818940661093084,0.1744473400626532
microsoft-osmium-ia,2024-05-17,3,33.07489667414044,0.5681269180861246,0.981433390070218,0.1720060725622016
microsoft-osmium-ia,2024-05-17,4,31.992623635753674,0.5825821361029285,0.9805948827122368,0.1699458962816049
microsoft-osmium-ia,2024-06-18,0,35.5156912526233,0.3434913125040847,0.977609991630942,0.2888460113456252
microsoft-osmium-ia,2024-06-18,1,34.48498674037803,0.5929657961239879,0.9812025499028336,0.2145916867378445
microsoft-osmium-ia,2024-06-18,2,32.70366843518467,0.6351522752602353,0.9817408016664522,0.2062755884106768
microsoft-osmium-ia,2024-06-18,3,33.06150851748263,0.6517014446314018,0.9821007084711127,0.215534365674043
microsoft-osmium-ia,2024-06-18,4,32.433632760660664,0.6529230763797423,0.9789044298989572,0.2062478507730389
microsoft-osmium-ia,2024-07-04,3,7.536589080186896,0.7014101529475023,0.9818652461257976,0.2116447137961486
microsoft-osmium-ia,2024-07-04,4,8.1915545496417,0.691473855775501,0.9813991029951664,0.2254455660131691
microsoft-osmium-ia,2024-08-05,0,35.94504816501368,0.4148072533299849,0.979786433698026,0.2757639679941111
microsoft-osmium-ia,2024-08-05,1,30.7672806322801,0.7948514896763952,0.9853234741264768,0.1936059224231174
microsoft-osmium-ia,2024-08-05,2,31.02647829834525,0.7569898044464894,0.9849237536956924,0.1870662249147394
microsoft-osmium-ia,2024-08-05,3,31.206991064446964,0.7765486242859376,0.9848094635765224,0.185002827466836
microsoft-osmium-ia,2024-08-05,4,31.395526728124302,0.7528440644854459,0.9835967967281656,0.1746112376504945
microsoft-osmium-ia,2024-08-21,0,30.39354852656606,0.3918646077757897,0.9795091185949132,0.2648173020101191
microsoft-osmium-ia,2024-08-21,1,26.378974849261063,0.8046557635157698,0.9853301348372108,0.1807788552958497
microsoft-osmium-ia,2024-08-21,2,26.596023192010207,0.7320986656659283,0.9844514557443368,0.1703920271968745
microsoft-osmium-ia,2024-08-21,3,26.465123737817596,0.7756904568941142,0.9846704487233368,0.1754431725864627
microsoft-osmium-ia,2024-08-21,4,26.59773418624879,0.7552421426854882,0.9835865139006514,0.1657512957826257
microsoft-osmium-ia,2024-09-06,2,20.42990965412615,0.8105282284904414,0.9848497071697184,0.1661455428885396
microsoft-osmium-ia,2024-09-06,3,22.084456979155608,0.7561233879676538,0.9842668326282874,0.1799868663200087
microsoft-osmium-ia,2024-09-06,4,23.64264169638341,0.6897889264071357,0.9820344835147962,0.1831149817291488
microsoft-osmium-ia,2024-10-08,0,25.417330946835133,0.2751485416102241,0.9777792792462506,0.2501079560695939
microsoft-osmium-ia,2024-10-08,1,23.963922727380716,0.4581048442223068,0.9798721246547328,0.1461615577107579
microsoft-osmium-ia,2024-10-08,2,23.85802564030605,0.5109379919983231,0.9813945820586634,0.145436819699032
microsoft-osmium-ia,2024-10-08,3,24.38302361144699,0.52308551803842,0.9809208027731496,0.1491955829319321
microsoft-osmium-ia,2024-10-08,4,24.31683780823283,0.5171068065450023,0.9798929417523652,0.1429164981460464
microsoft-osmium-ia,2024-10-24,0,20.38836514599543,0.236783242703597,0.9772264494252278,0.2601639123473299
microsoft-osmium-ia,2024-10-24,1,19.562864454536417,0.3893648632364718,0.9788253694323784,0.1707104549454318
microsoft-osmium-ia,2024-10-24,2,18.842067155231547,0.4304454474126816,0.979836480688162,0.1667827511795537
microsoft-osmium-ia,2024-10-24,3,19.13103807415506,0.4367247663694459,0.9794163027062276,0.1714997175416199
microsoft-osmium-ia,2024-10-24,4,19.36913044608101,0.430546102159867,0.9783657662615312,0.1642565386703214
microsoft-osmium-ia,2024-12-11,0,-4.2314724076222205,0.1727319145844908,0.9765082181444618,0.2483123679799857
microsoft-osmium-ia,2024-12-11,1,-4.136535728546025,0.2571352528918241,0.976720645334312,0.1669793767829914
microsoft-osmium-ia,2024-12-11,2,-3.8573186693299313,0.2919524965997855,0.9783136718229098,0.1474362658863138
microsoft-osmium-ia,2024-12-11,3,-3.8609925051280505,0.30868940941945,0.9774645823224452,0.1518803277168466
microsoft-osmium-ia,2024-12-11,4,-3.692800005984625,0.2833683782899862,0.9763394673325296,0.1503030320640329
microsoft-osmium-ia,2025-01-28,0,6.203435224704929,0.1588025954365,0.9763708302435474,0.1930728318202777
microsoft-osmium-ia,2025-01-28,1,7.209483692023944,0.2188822282368788,0.9764839394486888,0.1549614813910661
microsoft-osmium-ia,2025-01-28,2,6.8262525047154545,0.2252609099547351,0.9777676394723293,0.1484704532576143
microsoft-osmium-ia,2025-01-28,3,7.36820151333651,0.243471726611374,0.9772012694798932,0.1517253033674733
microsoft-osmium-ia,2025-01-28,4,7.279750350823448,0.2365772100184332,0.9761811740665784,0.1457946454264006
microsoft-osmium-ia,2025-02-13,0,-13.029194084016671,-0.023254948501093,0.9910908427688796,0.7047743324087493
microsoft-osmium-ia,2025-02-13,1,-14.497045218392312,-0.0108522447183602,0.9910992972716612,0.7445523328776139
microsoft-osmium-ia,2025-02-13,2,-14.49213826265112,0.015892825490391,0.9903363780549838,0.6985474393945178
microsoft-osmium-ia,2025-02-13,3,-14.778631777900166,0.0058530608732625,0.9908449041325766,0.7072484391074499
microsoft-osmium-ia,2025-02-13,4,-14.70903926098517,0.0110289099932457,0.9906694794842882,0.6996786547532623
microsoft-osmium-ia,2025-03-01,0,5.769337449800618,0.128255969969284,0.9760899682274168,0.2721105497454326
microsoft-osmium-ia,2025-03-01,1,5.605294709371847,0.2228540014477255,0.9766933024140942,0.1776657905081939
microsoft-osmium-ia,2025-03-01,2,4.979878134783564,0.2171670634987317,0.9778140587695484,0.1597726675994322
microsoft-osmium-ia,2025-03-01,3,5.402773577391553,0.2379306162366432,0.9770613682353,0.1590754659183415
microsoft-osmium-ia,2025-03-01,4,5.329361512286597,0.2276334657436819,0.9760493584341746,0.150888419733144
microsoft-osmium-ia,2025-03-17,0,11.832893516080585,0.1891254135935361,0.9750810008392784,0.2144706855200902
microsoft-osmium-ia,2025-03-17,1,12.36311770484431,0.1980069985404574,0.975768029209136,0.1990845245276125
microsoft-osmium-ia,2025-03-17,2,14.679983132874252,0.2244417813037083,0.976804077044317,0.1874989918792224
microsoft-osmium-ia,2025-03-17,3,17.318010359386154,0.2410264842841843,0.9766713480223276,0.1756892527483902
microsoft-osmium-ia,2025-03-17,4,18.607311814177127,0.2345888750464287,0.9752900964061152,0.1624455022163589
microsoft-osmium-ia,2025-04-02,1,16.459522182701484,0.3204658701104039,0.9766184225566772,0.0801130205586778
microsoft-osmium-ia,2025-04-02,2,18.09041540436393,0.3346092028511432,0.9789244994729264,0.1078432360681777
microsoft-osmium-ia,2025-04-02,3,19.36809290492546,0.3290780354368869,0.978157809936014,0.1162520315834188
microsoft-osmium-ia,2025-04-02,4,20.12417210521171,0.3156156435356015,0.9772897152247424,0.1245933224506133
microsoft-osmium-ia,2025-05-04,0,13.061930919327567,0.4250932708203063,0.9782370498915404,0.1253124911138828
microsoft-osmium-ia,2025-05-04,1,17.48877791559342,0.3366461729140683,0.9770547965887676,0.1313676091845937
microsoft-osmium-ia,2025-05-04,2,17.877975427485474,0.5325221401235696,0.9803453716415396,0.1406085049895853
microsoft-osmium-ia,2025-05-04,3,20.17279727592412,0.4919670551198004,0.9797189138918188,0.121493333244461
microsoft-osmium-ia,2025-05-04,4,13.296482681654153,0.4246200637222476,0.9720877667551509,0.1038736113737339
microsoft-osmium-ia,2025-06-21,0,38.77148131965283,0.2999176206801771,0.978135286203244,0.2701054529207591
microsoft-osmium-ia,2025-06-21,1,36.487823883443234,0.5697309603983002,0.9821241406426364,0.1782771099774772
microsoft-osmium-ia,2025-06-21,2,34.871086306065095,0.6631764710223196,0.9836958939491356,0.1805650893353047
microsoft-osmium-ia,2025-06-21,3,34.41460748099865,0.7046928046786631,0.984109437402712,0.174904487721049
microsoft-osmium-ia,2025-06-21,4,34.65355262982027,0.684013975602342,0.9824296338644538,0.1690492273532934
microsoft-osmium-ia,2025-07-07,0,23.368941945135163,0.6249986207792559,0.9821803656597772,0.1692035107551669
microsoft-osmium-ia,2025-07-07,1,21.936061973992494,0.7151088891683076,0.9831330417367168,0.1935453309259786
microsoft-osmium-ia,2025-07-07,2,18.34569359296055,0.7154498751524955,0.9823250598980346,0.1865543457991657
microsoft-osmium-ia,2025-07-07,3,17.691738101424736,0.7462931211930555,0.9826762888779412,0.1939238386080963
microsoft-osmium-ia,2025-07-07,4,18.95198390309146,0.7457378775104755,0.9819563820638796,0.1942936183125997
microsoft-osmium-ia,2025-07-23,0,40.29411064352865,0.3989188945665096,0.9796573242848902,0.2769309114096219
microsoft-osmium-ia,2025-07-23,1,34.88971643345963,0.8205429811857378,0.9860786373918748,0.2041605262453996
microsoft-osmium-ia,2025-07-23,2,35.062054204029714,0.7648511864197285,0.9852810150684208,0.1798366932292418
microsoft-osmium-ia,2025-07-23,3,35.265445959828085,0.7890825298396127,0.985279445593182,0.1782856440583262
microsoft-osmium-ia,2025-07-23,4,35.152123729113335,0.7667888401480529,0.9843088099858752,0.171026023934392
microsoft-osmium-ia,2025-08-08,0,33.11510992447909,0.4371356198421081,0.9802656297016829,0.2598714193809685
microsoft-osmium-ia,2025-08-08,1,29.579569085204472,0.8095440481246692,0.9860653982809096,0.2087032184119332
microsoft-osmium-ia,2025-08-08,2,30.114769387435857,0.7379133053854727,0.9847701908257734,0.1811526232200547
microsoft-osmium-ia,2025-08-08,3,30.042945730343387,0.7713705057548007,0.9848416341428936,0.1770804401127557
microsoft-osmium-ia,2025-08-08,4,29.65316256955648,0.7544667182081055,0.98372176520951,0.1725514619800575
microsoft-osmium-ia,2025-08-24,0,30.84710981086849,0.3960181805681831,0.9795402907259512,0.2885109900945369
microsoft-osmium-ia,2025-08-24,1,25.418607967146787,0.8098609731286818,0.9857289603592624,0.2084811753520074
microsoft-osmium-ia,2025-08-24,2,25.831690253735253,0.6970016517487992,0.9842983813087658,0.1796769818004957
microsoft-osmium-ia,2025-08-24,3,25.044389020773643,0.732702345086176,0.9840271266729034,0.178366433959752
microsoft-osmium-ia,2025-08-24,4,25.063324759847312,0.7380655574065218,0.983315591552822,0.1757834355381464
microsoft-osmium-ia,2025-09-25,0,32.10085409203112,0.2957475939944869,0.9778252094308651,0.2444981729895972
microsoft-osmium-ia,2025-09-25,1,30.433861463323005,0.4880390071421642,0.979908811528502,0.1318220862809944
microsoft-osmium-ia,2025-09-25,2,28.694039945027,0.5448357579040695,0.9816108188641832,0.1284887527938035
microsoft-osmium-ia,2025-09-25,3,28.5020932423549,0.5644170302653887,0.9811597629889196,0.1261313025382446
microsoft-osmium-ia,2025-09-25,4,28.406096036589283,0.5505371689741836,0.9802753481487132,0.123841774091807
microsoft-osmium-ia,2025-10-11,2,15.279374923686287,0.3292810832471036,0.9777634927337344,0.1911050562301336
microsoft-osmium-ia,2025-10-11,3,13.626693981817803,0.3784878980409314,0.9779850141366156,0.1853740709723522
microsoft-osmium-ia,2025-10-11,4,9.867904093382029,0.3538331762687992,0.9737538391391566,0.1384867313912697
microsoft-osmium-ia,2025-11-12,0,15.69289885270732,0.2731748975590017,0.9779245535247556,0.2429703625888288
microsoft-osmium-ia,2025-11-12,1,16.380494850763316,0.3383150445868641,0.9779077484965886,0.1644693607987701
microsoft-osmium-ia,2025-11-12,2,15.332448098333552,0.3838332631684161,0.9796905852189872,0.1443695370618234
microsoft-osmium-ia,2025-11-12,3,15.46024563033455,0.3972629420810142,0.9789572061991044,0.1456666727148643
microsoft-osmium-ia,2025-11-12,4,15.33943887666586,0.3799966134634658,0.9778443331728526,0.1408674320585584
microsoft-osmium-ia,2025-12-14,0,-16.22286961923421,-0.0397459815665168,0.9915,0.8097912601611338
microsoft-osmium-ia,2025-12-14,1,-16.812434459767726,-0.0163481058225638,0.9912131994527268,0.808460077742725
microsoft-osmium-ia,2025-12-14,2,-16.280432466631463,0.0218948123133001,0.9904937446731034,0.711226033719988
microsoft-osmium-ia,2025-12-14,3,-16.79318334292511,0.004604639375344,0.9911117723509076,0.7408974361268896
microsoft-osmium-ia,2025-12-14,4,-16.68202712715526,0.0041178903423332,0.991088462154426,0.7411567347936765
microsoft-osmium-ia,2026-01-15,0,-0.3319500554493654,0.2248420111367963,0.9774510493134124,0.2337011844905816
microsoft-osmium-ia,2026-01-15,1,-0.1154007837400466,0.2612670962030502,0.9768134569900856,0.1518498662933239
microsoft-osmium-ia,2026-01-15,2,-0.5713824269739386,0.2655684670067466,0.978097032807018,0.1366947563464519
microsoft-osmium-ia,2026-01-15,3,-0.430896234169526,0.2856109917429959,0.9773935276049828,0.1391026871433472
microsoft-osmium-ia,2026-01-15,4,-0.3488730280763952,0.2743166422303063,0.9764547061499418,0.1351234131272022
microsoft-osmium-ia,2026-01-31,0,-2.3652547714160748,0.2185672166914112,0.9773488390511196,0.2106939778803785
microsoft-osmium-ia,2026-01-31,1,-1.7405585034391184,0.2350147678365263,0.9767255312026522,0.1618684246891873
microsoft-osmium-ia,2026-01-31,2,-2.507632553460062,0.2421254805019607,0.9779155019377732,0.1505509991921163
microsoft-osmium-ia,2026-01-31,3,-2.2871017652401258,0.2571886105431054,0.9773647328513578,0.1511002431960839
microsoft-osmium-ia,2026-01-31,4,-2.42190661775557,0.2510392107831277,0.9765994755326052,0.1497958495359079
microsoft-osmium-ia,2026-02-16,0,20.01204614826469,0.1788892125568715,0.9769844218889906,0.2435543882312922
microsoft-osmium-ia,2026-02-16,1,20.990191291509944,0.2386193711008232,0.9770494138627482,0.1696441185811039
microsoft-osmium-ia,2026-02-16,2,19.299944815162412,0.2322719331002152,0.9781169795320248,0.1551282754242737
microsoft-osmium-ia,2026-02-16,3,19.9646934753871,0.2509210790040713,0.9774656484037624,0.1585208794940496
microsoft-osmium-ia,2026-02-16,4,19.59351007625263,0.240222621156494,0.9765896512990478,0.1541428796037199
microsoft-osmium-ia,2026-03-20,0,27.092292033521797,0.1860714257450891,0.9769289216867189,0.2480436575388975
microsoft-osmium-ia,2026-03-20,1,28.240971385307223,0.2520316654425142,0.9771279597393328,0.1722372642869459
microsoft-osmium-ia,2026-03-20,2,26.735075115622244,0.2535142284103935,0.9781272974296628,0.1576449891695008
microsoft-osmium-ia,2026-03-20,3,27.13803081741763,0.2707896947978305,0.9775996942947652,0.1617482294253014
microsoft-osmium-ia,2026-03-20,4,26.643177558475095,0.2591693933107461,0.9765908861701884,0.1570357872521721
microsoft-osmium-ia,2026-04-05,0,18.200573665203063,0.2251510041939705,0.9770635128931212,0.2450962214154611
microsoft-osmium-ia,2026-04-05,1,17.834253809863753,0.299449249361112,0.9773237524602296,0.1595939194063209
microsoft-osmium-ia,2026-04-05,2,17.143796908620512,0.3159093402782047,0.9786875472178383,0.1506279064992917
microsoft-osmium-ia,2026-04-05,3,17.656084612365685,0.3337591442330704,0.9781754530658504,0.1549421757815423
microsoft-osmium-ia,2026-04-05,4,17.566339235487952,0.3250916216128148,0.9773911609995216,0.1502300547163425
microsoft-osmium-ia,2026-04-21,0,33.5665900169364,0.2722323126100066,0.9776344757523822,0.2649684329525905
microsoft-osmium-ia,2026-04-21,1,34.0356863007335,0.3854969440106081,0.9788554429627928,0.1815600571415561
microsoft-osmium-ia,2026-04-21,2,31.67025870636235,0.4276247125290907,0.9795587261384542,0.1730185827536688
microsoft-osmium-ia,2026-04-21,3,31.704992339002104,0.4415936880016406,0.9795550219080608,0.1763002379502123
microsoft-osmium-ia,2026-04-21,4,30.621139691533745,0.4416079209259813,0.9789090670580036,0.168066831705778
microsoft-osmium-ia,2026-05-07,0,23.734899770539855,0.4475035332225568,0.9763324764353044,0.0552327616623821
microsoft-osmium-ia,2026-05-07,1,23.758036139916747,0.4927054081081179,0.9797311164314382,0.1421222690529759
microsoft-osmium-ia,2026-05-07,2,19.11068355117214,0.5750529223964046,0.981662530660001,0.1600627806425968
microsoft-osmium-ia,2026-05-07,3,19.49109141988373,0.5494866896360454,0.9806716907466664,0.1620143535018087
microsoft-osmium-ia,2026-05-07,4,23.158950801365982,0.5503825542954538,0.9804213886428456,0.173777462571547
microsoft-osmium-ia,2026-05-23,0,30.758659872124237,0.3275009128372643,0.9782956327471236,0.2482242198932842
microsoft-osmium-ia,2026-05-23,1,29.945789643519717,0.4749526770665612,0.9800682361639942,0.1671135166100251
microsoft-osmium-ia,2026-05-23,2,27.966374722894404,0.5536317486758434,0.9815721405204328,0.1637769831185541
microsoft-osmium-ia,2026-05-23,3,27.974471232818313,0.5783324260103401,0.9816344469023024,0.1655368529884105
microsoft-osmium-ia,2026-05-23,4,27.25406235044785,0.5738598704046323,0.9808288618633664,0.1622449019276363
microsoft-osmium-ia,2026-06-08,0,34.43149244811786,0.4165771510238524,0.9788285837175686,0.2889096145609386
microsoft-osmium-ia,2026-06-08,1,32.62501868807225,0.6130218771133951,0.9816672145852242,0.169265076520447
microsoft-osmium-ia,2026-06-08,2,30.75859005062216,0.6886301172164796,0.9832073680367346,0.1792683302766559
microsoft-osmium-ia,2026-06-08,3,30.238532358571508,0.7040944562321939,0.9831446498531418,0.186043810788636
microsoft-osmium-ia,2026-06-08,4,30.43297662867144,0.7159962457496976,0.9826686971667532,0.1889878044797547
microsoft-osmium-ia,2026-06-24,0,34.36511674254873,0.4858183500733435,0.980519755632966,0.2457634532710403
microsoft-osmium-ia,2026-06-24,1,33.1388305404084,0.6976534849628164,0.983881692927606,0.1976868358002258
microsoft-osmium-ia,2026-06-24,2,31.2413806991196,0.7056496738935393,0.9840576357985016,0.1955825653755764
microsoft-osmium-ia,2026-06-24,3,31.82951077835807,0.7100370048358007,0.9837730305544178,0.1996019613019885
microsoft-osmium-ia,2026-06-24,4,31.703298644652246,0.7115974772507523,0.9831286554253822,0.2007765114656229
microsoft-osmium-ia,2026-07-26,1,32.81354483165357,0.7722417359608402,0.9839795058499968,0.1676458336098086
microsoft-osmium-ia,2026-07-26,2,32.0179360494745,0.7494739182995445,0.9845873526327968,0.16286334872838
microsoft-osmium-ia,2026-07-26,3,33.64513029791654,0.7759025148590898,0.9836152605727778,0.1646932251112606
microsoft-osmium-ia,2026-07-26,4,33.85638697923711,0.7376306685277402,0.981946413058244,0.177567853372121
microsoft-osmium-ia,2026-08-11,0,33.0926740107919,0.5285504847968056,0.9806896267027772,0.2771174959120718
microsoft-osmium-ia,2026-08-11,1,30.398323765322942,0.8094430259358243,0.9851608021212926,0.2229824870379945
microsoft-osmium-ia,2026-08-11,2,31.542394626176577,0.765093517579461,0.9847593113668198,0.2288832638764725
microsoft-osmium-ia,2026-08-11,3,32.41922448573147,0.7698222962261047,0.9845318956780924,0.2174286716791986
microsoft-osmium-ia,2026-08-11,4,32.52098428946332,0.7944534021601419,0.9850487013094452,0.2085858102921601
microsoft-osmium-ia,2026-08-27,0,33.309993181897816,0.4627014952497604,0.980667411966308,0.2560769908293708
microsoft-osmium-ia,2026-08-27,1,29.31051201503812,0.7931691082054698,0.9853893801223604,0.1779628504743213
microsoft-osmium-ia,2026-08-27,2,29.611370864070523,0.7176288957557093,0.984543406463105,0.1666665710136904
microsoft-osmium-ia,2026-08-27,3,29.73175098751935,0.7377612104031547,0.9842799846840476,0.1688347300114277
microsoft-osmium-ia,2026-08-27,4,29.51170929427976,0.7348677561411638,0.9834846747176088,0.161530820407512
microsoft-osmium-ia,2026-09-12,0,16.860617549849422,0.4660821798207543,0.9792698028087032,0.263631547420505
microsoft-osmium-ia,2026-09-12,1,17.18306217234173,0.5555887644222722,0.98095149070976,0.2243035947861862
microsoft-osmium-ia,2026-09-12,2,15.437480257306786,0.5435830915086942,0.9808895173556624,0.2362409682216329
microsoft-osmium-ia,2026-09-12,3,16.750710518002716,0.5966360290509578,0.9815800894247804,0.2335230280281408
microsoft-osmium-ia,2026-09-12,4,20.757969551046877,0.6680968679157918,0.982389558112537,0.2048250089645812
microsoft-osmium-ia,2026-09-28,0,19.863474894870148,0.4566437424183937,0.979984704184704,0.1675372696230159
microsoft-osmium-ia,2026-09-28,1,20.19905842146471,0.472450083540104,0.9796732736394422,0.1478262087619455
microsoft-osmium-ia,2026-09-28,2,20.6671979517196,0.5307759883002766,0.980865172452174,0.1655003543774719
microsoft-osmium-ia,2026-09-28,3,21.82213311637637,0.5805376656160856,0.981346544590533,0.1707372969233166
microsoft-osmium-ia,2026-09-28,4,22.81898500753041,0.6095121233793929,0.9817601546852036,0.1659458027660928
