site_id,date,ring,lst_c,ndvi,emissivity,albedo
microsoft-sat14-tx,2013-05-11,0,36.718573385520976,0.5211068083140553,0.9629571941708204,0.1759877428919359
microsoft-sat14-tx,2013-05-11,1,36.750622733165315,0.5124868155765121,0.9675637113057444,0.1819459867401151
microsoft-sat14-tx,2013-05-11,2,36.49783064528273,0.4936163433117696,0.9676232620011134,0.1869789157794233
microsoft-sat14-tx,2013-05-11,3,37.35017765573802,0.4937655150587393,0.9683288302803444,0.1807046714104138
microsoft-sat14-tx,2013-05-11,4,36.99576381659808,0.4936754824215963,0.969454449992568,0.1856522062568976
microsoft-sat14-tx,2013-06-28,0,44.88560095886776,0.5106918107477149,0.9628939524749424,0.1886811383924737
microsoft-sat14-tx,2013-06-28,1,44.68342750637712,0.5007633437180107,0.9672655365729482,0.1910509504530846
microsoft-sat14-tx,2013-06-28,2,44.55604531348671,0.4797624133820847,0.967297014984894,0.1989755326533648
microsoft-sat14-tx,2013-06-28,3,45.298959231354935,0.4774273811329874,0.9680122350713,0.1907956941970943
microsoft-sat14-tx,2013-06-28,4,45.31767372386178,0.4774736364052731,0.969158242871352,0.1958631330797692
microsoft-sat14-tx,2013-07-14,0,47.13012210925563,0.5113215230410517,0.9629632275650832,0.1857246433199509
microsoft-sat14-tx,2013-07-14,1,46.988926071467304,0.5017767099011379,0.9675874991833808,0.1867299240828845
microsoft-sat14-tx,2013-07-14,2,46.994548157635926,0.4731894571541167,0.9676327037943632,0.1955793268026367
microsoft-sat14-tx,2013-07-14,3,47.96009518098037,0.4680056422073802,0.9682824542841626,0.1865044504871855
microsoft-sat14-tx,2013-07-14,4,48.40620820224172,0.4599973073154053,0.969356997162554,0.192110675917596
microsoft-sat14-tx,2013-07-30,3,20.121882537314505,0.5366798411496686,0.960794053856464,0.1712886788750456
microsoft-sat14-tx,2013-07-30,4,24.76265365108239,0.4657503574417709,0.96508085796993,0.1815099125121624
microsoft-sat14-tx,2013-08-15,0,33.47964729548539,0.3913520496985759,0.9635283898305086,0.1980173265677966
microsoft-sat14-tx,2013-08-15,1,34.4595644398763,0.3756134078591524,0.965419745861896,0.202261307180934
microsoft-sat14-tx,2013-08-15,2,36.69281962913403,0.3725730303259604,0.9651153069322072,0.2132734740591823
microsoft-sat14-tx,2013-08-15,3,40.346929276716494,0.4095727393584362,0.968388665883807,0.1928467800853802
microsoft-sat14-tx,2013-08-15,4,45.25390950999759,0.419034551309669,0.9698413921242454,0.1963341833880582
microsoft-sat14-tx,2013-08-31,0,47.75023867691084,0.4768349649702401,0.9629244093555008,0.172210063994434
microsoft-sat14-tx,2013-08-31,1,48.01354657676396,0.4540081862107158,0.9674002531126292,0.1737555470481878
microsoft-sat14-tx,2013-08-31,2,48.17450644896108,0.4212717871282145,0.9673852850661904,0.1820263736925872
microsoft-sat14-tx,2013-08-31,3,48.80041177141664,0.4196257873614752,0.9680443734242152,0.1735011914353992
microsoft-sat14-tx,2013-08-31,4,49.27895094237455,0.4013226254657233,0.969101449938594,0.1805170902326426
microsoft-sat14-tx,2013-09-16,0,4.340209771973833,0.1523146367158779,0.9626133928042356,0.5909129379991823
microsoft-sat14-tx,2013-09-16,1,4.61316057130285,0.179630951914162,0.9663167277671812,0.5772513737285875
microsoft-sat14-tx,2013-09-16,2,6.865083831524248,0.180723047152797,0.9664611132611856,0.5549119398392353
microsoft-sat14-tx,2013-09-16,3,7.51091265915752,0.1996863408823302,0.9674480252031448,0.4429760279791648
microsoft-sat14-tx,2013-09-16,4,10.709439688600972,0.1956775323589933,0.9683132539487784,0.4197349137923457
microsoft-sat14-tx,2013-10-02,1,31.335379251859024,0.6810392275801841,0.9763107799815022,0.151075707941373
microsoft-sat14-tx,2013-10-02,2,35.35789745334882,0.5637349699899419,0.9667078167048456,0.1651709485700528
microsoft-sat14-tx,2013-10-02,3,37.647186835869576,0.5105903076769601,0.967613862180931,0.1759535932354173
microsoft-sat14-tx,2013-10-02,4,38.059052757979074,0.5032050414862832,0.9693582618780296,0.1850657983639937
microsoft-sat14-tx,2013-11-03,0,24.973640704827123,0.5700576081587931,0.962977795611888,0.1460423580064734
microsoft-sat14-tx,2013-11-03,1,25.061258660980585,0.5525925176923683,0.9679192559931242,0.1469456403752771
microsoft-sat14-tx,2013-11-03,2,25.154441628047937,0.5184395852602737,0.9677632971728232,0.1579957684518236
microsoft-sat14-tx,2013-11-03,3,25.712494775603513,0.5138181081727999,0.9682952463336164,0.1503859468037051
microsoft-sat14-tx,2013-11-03,4,25.79802358360233,0.4997325173364608,0.9693896766594606,0.1544722193267291
microsoft-sat14-tx,2013-11-19,3,24.723257486219563,0.6246460169754621,0.9599786585365851,0.0790440722256097
microsoft-sat14-tx,2013-11-19,4,24.135042746734733,0.4866541055411044,0.9686082457277304,0.1490623484456169
microsoft-sat14-tx,2014-01-22,0,16.752932436582743,0.47949133488363,0.9627851525535224,0.1215792597853193
microsoft-sat14-tx,2014-01-22,1,18.144910914314348,0.3986176728232511,0.9665979022281486,0.1365489259358975
microsoft-sat14-tx,2014-01-22,2,18.98242072143995,0.3868329557343193,0.9678849238247904,0.144217598356508
microsoft-sat14-tx,2014-01-22,3,19.87409032039437,0.3809411062072803,0.9679027381768934,0.1463441746916032
microsoft-sat14-tx,2014-01-22,4,19.81390042916441,0.3564643555411366,0.968822178327266,0.1567729678627321
microsoft-sat14-tx,2014-02-23,0,29.04323836618318,0.4758026762128414,0.9625493751280474,0.1493593677397049
microsoft-sat14-tx,2014-02-23,1,27.361666718798897,0.2822662887805865,0.9635730345334312,0.215030106837658
microsoft-sat14-tx,2014-02-23,2,28.94724890650117,0.268051865141391,0.964107615453338,0.200643358051195
microsoft-sat14-tx,2014-02-23,3,30.64818856675407,0.2958930194858382,0.9693198511350428,0.191489032469721
microsoft-sat14-tx,2014-02-23,4,31.997315731766545,0.2863252174600863,0.9684863117376542,0.1829458089362274
microsoft-sat14-tx,2014-03-11,0,23.391831949668074,0.4169747229973083,0.9617666264667544,0.1461805881512587
microsoft-sat14-tx,2014-03-11,1,25.056812094129405,0.3855356057343245,0.9663180366868634,0.1611966079463898
microsoft-sat14-tx,2014-03-11,2,25.190274385330092,0.3602463567777574,0.9669898390595788,0.1641196467753736
microsoft-sat14-tx,2014-03-11,3,25.84187007080378,0.3643834550818454,0.9675110896386114,0.1523783076449034
microsoft-sat14-tx,2014-03-11,4,25.626162899517837,0.3303695117644054,0.9676466059532676,0.1656387094448274
microsoft-sat14-tx,2014-04-28,0,45.15317688386908,0.4373842647095233,0.96286348830107,0.1758643633483835
microsoft-sat14-tx,2014-04-28,1,44.7207599724076,0.4021400353354877,0.9670877668811354,0.1950243775246502
microsoft-sat14-tx,2014-04-28,2,45.00212469164974,0.3971344697761337,0.9672111839983908,0.1869663496208627
microsoft-sat14-tx,2014-04-28,3,45.87327463557549,0.4031592437948769,0.9679956166404496,0.1773169142710516
microsoft-sat14-tx,2014-04-28,4,46.35387741263014,0.3892013994684588,0.9690866737334812,0.1850192871845314
microsoft-sat14-tx,2014-05-14,0,31.229422801498902,0.460759299770657,0.962881979132006,0.1705176967510108
microsoft-sat14-tx,2014-05-14,1,31.39301926435171,0.4204658303343385,0.9671423412158784,0.1858354341417604
microsoft-sat14-tx,2014-05-14,2,31.68306527724274,0.4134506349246051,0.9672584789553051,0.1818769152924047
microsoft-sat14-tx,2014-05-14,3,32.46944160658353,0.4192212658255662,0.9680395773423008,0.1742558513609313
microsoft-sat14-tx,2014-05-14,4,32.195988780064276,0.4072410943387704,0.9691251649527745,0.1792713136793942
microsoft-sat14-tx,2014-05-30,0,42.14343662214344,0.5084133626034736,0.962945552673685,0.1791872439943317
microsoft-sat14-tx,2014-05-30,1,42.808767234837966,0.4672256156026463,0.9672706734224096,0.1965039468532031
microsoft-sat14-tx,2014-05-30,2,42.63619004102516,0.4662920386679445,0.9674427622261432,0.1894357877361105
microsoft-sat14-tx,2014-05-30,3,42.577053518428826,0.4741762307172971,0.9681908603432072,0.1822062024692831
microsoft-sat14-tx,2014-05-30,4,42.26544797732648,0.4638895275253087,0.9692660993505072,0.1892511275005668
microsoft-sat14-tx,2014-06-15,0,38.96205720030509,0.5645246585778975,0.9623584531235392,0.2228356432863341
microsoft-sat14-tx,2014-06-15,1,39.07622392989104,0.4951495240226851,0.9645971017775268,0.2247850127141051
microsoft-sat14-tx,2014-06-15,2,39.89015144784115,0.4823981123516491,0.9652581282800576,0.2260081963344349
microsoft-sat14-tx,2014-06-15,3,38.92837261207197,0.5368800335789626,0.9694067401083264,0.2263422541962374
microsoft-sat14-tx,2014-06-15,4,38.7751902535258,0.5003128161119009,0.9708324210393274,0.2376707866218533
microsoft-sat14-tx,2014-07-01,0,41.22265083613348,0.5272342352065644,0.9629765911960596,0.1838253710943162
microsoft-sat14-tx,2014-07-01,1,41.056893122988264,0.4834097549708111,0.9673891602160384,0.1986451328690301
microsoft-sat14-tx,2014-07-01,2,40.9974372971538,0.4821108699461701,0.9675799006450851,0.1978780532616592
microsoft-sat14-tx,2014-07-01,3,41.772581897283224,0.4874595341632375,0.9682972942580098,0.1881856597632767
microsoft-sat14-tx,2014-07-01,4,42.04542279178999,0.4772709844644709,0.9693649945184878,0.1953802135139596
microsoft-sat14-tx,2014-08-02,0,39.29388359971672,0.5232914522564267,0.962972273098156,0.1793201679520373
microsoft-sat14-tx,2014-08-02,1,39.45659169031157,0.4744853596707045,0.967360169901432,0.1960781249632208
microsoft-sat14-tx,2014-08-02,2,39.683769447975834,0.4644380418250817,0.9675106040102786,0.1960624214368597
microsoft-sat14-tx,2014-08-02,3,40.17321183444627,0.4680282260713301,0.9682202572191876,0.1862868607492201
microsoft-sat14-tx,2014-08-02,4,39.94200847292899,0.4508874314159651,0.969091873388618,0.1962744428994274
microsoft-sat14-tx,2014-08-18,0,44.29329823897169,0.4953704106771364,0.9629515847004518,0.18022134490505
microsoft-sat14-tx,2014-08-18,1,44.283050164867795,0.4459244920877847,0.9672890323565758,0.1906373208441952
microsoft-sat14-tx,2014-08-18,2,44.304358932551246,0.4329071677306123,0.96735775454762,0.1915035514612629
microsoft-sat14-tx,2014-08-18,3,44.91545862071697,0.428235057097449,0.9679870476574104,0.1845827243694494
microsoft-sat14-tx,2014-08-18,4,45.32536861991036,0.4116807936503135,0.9691099638741886,0.1910494874333023
microsoft-sat14-tx,2014-09-03,0,42.641740063480334,0.5326016056319484,0.9587791236924862,0.1936951546424912
microsoft-sat14-tx,2014-09-03,1,44.02093376228048,0.4484450008676346,0.9672134487601082,0.2165733643776654
microsoft-sat14-tx,2014-09-03,2,44.444632236002455,0.4390140411721284,0.9676725559515468,0.1976766114872003
microsoft-sat14-tx,2014-09-03,3,44.64284440031002,0.4256067991993245,0.96861861127197,0.1977553519623707
microsoft-sat14-tx,2014-09-03,4,44.127879828673585,0.4107839765642023,0.9704941381308916,0.2123144347492789
microsoft-sat14-tx,2014-10-05,0,38.02373856956337,0.5210142577531386,0.9666032162069365,0.1627062273799644
microsoft-sat14-tx,2014-10-05,1,37.92229517259104,0.4140596717056259,0.9680949014003994,0.205563011016719
microsoft-sat14-tx,2014-10-05,2,37.063295666165914,0.4099317573396174,0.9678823720094448,0.210663664639785
microsoft-sat14-tx,2014-10-05,3,37.20761915113242,0.4293036805722723,0.9671692522811354,0.1966713910148511
microsoft-sat14-tx,2014-10-05,4,39.385573154258225,0.3846538143038566,0.9701035918224288,0.1946467534300689
microsoft-sat14-tx,2014-10-21,0,33.467380429255456,0.52726796132299,0.962971701484647,0.1506612919729556
microsoft-sat14-tx,2014-10-21,1,33.76065461054461,0.4590917564645512,0.96727117772591,0.1596714605212269
microsoft-sat14-tx,2014-10-21,2,33.825622268693834,0.45194447341472,0.96749535360926,0.1641376513144018
microsoft-sat14-tx,2014-10-21,3,34.234953371154724,0.4511763329352421,0.968116274456805,0.156051915008869
microsoft-sat14-tx,2014-10-21,4,34.54960345859707,0.4266697862214271,0.9691573014535764,0.1616082415911431
microsoft-sat14-tx,2014-12-08,0,21.94699050347982,0.5411148000433268,0.9629448976428938,0.1318342498035592
microsoft-sat14-tx,2014-12-08,1,22.393530937135235,0.4569442580513719,0.9671833290540144,0.1389838852742115
microsoft-sat14-tx,2014-12-08,2,22.5495325952798,0.4364186314616736,0.9672551090377028,0.1454163487017139
microsoft-sat14-tx,2014-12-08,3,22.769650207064323,0.4396158662137023,0.9678957379490808,0.1402661792915694
microsoft-sat14-tx,2014-12-08,4,22.75810492211911,0.4029172001701452,0.9685799160489652,0.1387353285542222
microsoft-sat14-tx,2014-12-24,0,15.567754055450909,0.5418741912066046,0.9629173519319794,0.1294307369131764
microsoft-sat14-tx,2014-12-24,1,15.711692650740012,0.4661616312528855,0.967069578443472,0.1366996205588251
microsoft-sat14-tx,2014-12-24,2,15.900804714631736,0.446481485836231,0.9671282568389736,0.1419651895482367
microsoft-sat14-tx,2014-12-24,3,16.172828636155867,0.4424277841200738,0.967757341578694,0.1366246977509464
microsoft-sat14-tx,2014-12-24,4,16.314736579591447,0.4256651242006083,0.9689117814946132,0.1396633392309464
microsoft-sat14-tx,2015-01-25,0,19.142839800150263,0.5016524942154765,0.9629221625588612,0.1403605457599405
microsoft-sat14-tx,2015-01-25,1,18.93381057384111,0.4292466965853412,0.9671397515971424,0.1501373714925079
microsoft-sat14-tx,2015-01-25,2,18.88437580723316,0.407293629271147,0.9671359843204592,0.1554224681150418
microsoft-sat14-tx,2015-01-25,3,19.3198303315415,0.4068051483634325,0.9678328100540652,0.1480866902636233
microsoft-sat14-tx,2015-01-25,4,19.64996235817872,0.393738025271819,0.9689330094392128,0.149917222746216
microsoft-sat14-tx,2015-02-26,0,22.668959748238784,0.4892198902406812,0.962924444910408,0.1414809782675872
microsoft-sat14-tx,2015-02-26,1,22.848014808345056,0.4258025997137088,0.9671330294779714,0.1547612572160805
microsoft-sat14-tx,2015-02-26,2,23.034041831537515,0.4217720956727224,0.9672234671252666,0.155578778260159
microsoft-sat14-tx,2015-02-26,3,23.495450007034396,0.4162409751666565,0.967906614130103,0.1492945524071611
microsoft-sat14-tx,2015-02-26,4,23.581980654799956,0.4089706260379098,0.9690527061357566,0.1542115217465615
microsoft-sat14-tx,2015-03-14,0,31.090713751172967,0.4795177829962091,0.9629243026907792,0.1463163967497117
microsoft-sat14-tx,2015-03-14,1,31.091691530681043,0.4219737543659239,0.9671035099931572,0.161016559440402
microsoft-sat14-tx,2015-03-14,2,30.893852115198285,0.4243839109139498,0.9671893425075884,0.1610965641861301
microsoft-sat14-tx,2015-03-14,3,31.374797701989632,0.4195942284293923,0.967922276908561,0.153903397831083
microsoft-sat14-tx,2015-03-14,4,31.27573722069884,0.4190400528832629,0.9691040570942582,0.158211651775648
microsoft-sat14-tx,2015-04-15,0,36.53518652185295,0.5834096442512811,0.9630445767370642,0.1648003956226895
microsoft-sat14-tx,2015-04-15,1,37.24403331190678,0.5299702274203544,0.9675935860408198,0.181523002200762
microsoft-sat14-tx,2015-04-15,2,36.6724230143348,0.528760343166661,0.9677241459462924,0.1774149819321245
microsoft-sat14-tx,2015-04-15,3,37.68492626963161,0.5230273951807206,0.9684626064357668,0.1728475249457033
microsoft-sat14-tx,2015-04-15,4,37.72918705864756,0.5296497501965634,0.9695846148606284,0.1757921240040135
microsoft-sat14-tx,2015-05-01,0,37.97876776760291,0.534583185318545,0.9630133230619174,0.1742960764389026
microsoft-sat14-tx,2015-05-01,1,38.45293251454784,0.4929851601991452,0.9674689554166214,0.1898097015780722
microsoft-sat14-tx,2015-05-01,2,38.191759345934955,0.4966409511151498,0.9676369840549304,0.1851748859682665
microsoft-sat14-tx,2015-05-01,3,38.96860735379714,0.4961654638334672,0.9683364166695833,0.1790189529112736
microsoft-sat14-tx,2015-05-01,4,38.978886895408976,0.5012445456922477,0.9694855141744227,0.1827492413162835
microsoft-sat14-tx,2015-05-17,0,31.33112625300754,0.5309701443048113,0.9652059872883612,0.186055228229851
microsoft-sat14-tx,2015-05-17,1,29.806790926785833,0.4630632888663397,0.9659462829722734,0.2123475939793817
microsoft-sat14-tx,2015-05-17,2,29.45934905508018,0.454524184934007,0.9668764358218868,0.230689764242985
microsoft-sat14-tx,2015-05-17,3,28.12210673522477,0.4199215017006516,0.9675642393068288,0.2399057145040782
microsoft-sat14-tx,2015-05-17,4,28.202089271829145,0.433862151059475,0.9689206271956436,0.2417713175625503
microsoft-sat14-tx,2015-06-02,0,39.8897144465389,0.5947368196065431,0.9630449395794514,0.1832194716055549
microsoft-sat14-tx,2015-06-02,1,40.68442956857554,0.5338764068289822,0.9672531704065872,0.197815353903561
microsoft-sat14-tx,2015-06-02,2,40.00882386663168,0.5388738902377932,0.9680652455532316,0.1961383720747403
microsoft-sat14-tx,2015-06-02,3,41.39272140731195,0.5303642509358573,0.9684122299361356,0.1968370153718641
microsoft-sat14-tx,2015-06-02,4,41.758667809982654,0.5377456264331437,0.969333565982699,0.1932674096468067
microsoft-sat14-tx,2015-06-18,2,35.22241425154846,0.5509133257516908,0.9667563643841252,0.2407777566403197
microsoft-sat14-tx,2015-06-18,3,40.84205680959014,0.5682092061633874,0.9706913157325197,0.2317199299263833
microsoft-sat14-tx,2015-06-18,4,39.2608413504525,0.5619882843114739,0.9717262589952076,0.1950297988460245
microsoft-sat14-tx,2015-07-04,0,40.03928429672917,0.6654283333499893,0.9615833354299008,0.1936046383283148
microsoft-sat14-tx,2015-07-04,1,40.58310992984165,0.5449270262178973,0.9665182265207928,0.2237867851803583
microsoft-sat14-tx,2015-07-04,2,39.907777745647856,0.5523165329439033,0.9677179725575163,0.2208923684610856
microsoft-sat14-tx,2015-07-04,3,40.14772400590779,0.5182518692799378,0.9689988250960676,0.2120017130436317
microsoft-sat14-tx,2015-07-04,4,40.6008632012753,0.5753921454789556,0.9710000906821132,0.2127706284346949
microsoft-sat14-tx,2015-07-20,0,45.78429423497793,0.5643906065160496,0.9630156974915576,0.1800260483554034
microsoft-sat14-tx,2015-07-20,1,45.89223464336,0.5192103553677145,0.9675331357251888,0.192120932399283
microsoft-sat14-tx,2015-07-20,2,45.679006432251256,0.5087126976315837,0.9676550637394444,0.1921898021710461
microsoft-sat14-tx,2015-07-20,3,46.31216576204477,0.507658500776768,0.96836710318285,0.1853007620590085
microsoft-sat14-tx,2015-07-20,4,46.354484014769845,0.5110275000028158,0.9694653016048884,0.1895742459433964
microsoft-sat14-tx,2015-08-05,0,47.22409717877533,0.5383724257164447,0.9629980914308136,0.1783432230162983
microsoft-sat14-tx,2015-08-05,1,47.40149993324821,0.4960438831380072,0.9674621763736184,0.1872818626907689
microsoft-sat14-tx,2015-08-05,2,47.41573240173,0.4811042515975999,0.9675400859100995,0.1873326545582951
microsoft-sat14-tx,2015-08-05,3,48.11281112601768,0.4770304848358692,0.9682292888122048,0.1803556237984538
microsoft-sat14-tx,2015-08-05,4,48.05774986405019,0.4694056935968346,0.9693142438206692,0.1849203799335285
microsoft-sat14-tx,2015-08-21,0,31.668704518050777,0.2725779965479383,0.95747349747339,0.3602547505082785
microsoft-sat14-tx,2015-08-21,1,32.32056547622128,0.4282134922652332,0.9681305801788852,0.250418232031674
microsoft-sat14-tx,2015-08-21,2,35.00219110986309,0.4638752142389236,0.9670690061424054,0.2048842506185109
microsoft-sat14-tx,2015-08-21,3,37.92946697876661,0.478032750839844,0.9687808173852812,0.1883437657511873
microsoft-sat14-tx,2015-08-21,4,37.88838657502918,0.4748991744594896,0.9710763463310992,0.1923073507571753
microsoft-sat14-tx,2015-09-06,0,45.326279477075765,0.5137094422055877,0.9629614689646704,0.1760334764084304
microsoft-sat14-tx,2015-09-06,1,45.26169862786167,0.4387111501664738,0.9668222098302482,0.1929500297772154
microsoft-sat14-tx,2015-09-06,2,44.63026890796787,0.4339651329447482,0.9671599218116784,0.1926356867949361
microsoft-sat14-tx,2015-09-06,3,44.57799043127571,0.4358738947771964,0.9677947633579448,0.1831027156285568
microsoft-sat14-tx,2015-09-06,4,44.71975585754741,0.4175446426335111,0.970004626281259,0.1915989927440758
microsoft-sat14-tx,2015-09-22,0,43.62933312656654,0.5321689280139495,0.962965142515922,0.1592455814590047
microsoft-sat14-tx,2015-09-22,1,44.140852775619344,0.473744171279934,0.9673363701278438,0.1659536782523075
microsoft-sat14-tx,2015-09-22,2,44.079805068043655,0.4524041924073879,0.9673569838035544,0.1679233322641089
microsoft-sat14-tx,2015-09-22,3,44.69557652667008,0.447788662762197,0.9681114881095936,0.1603610963734441
microsoft-sat14-tx,2015-09-22,4,45.17113581726046,0.4293394602142031,0.9691001063149518,0.1662347305216068
microsoft-sat14-tx,2015-10-08,1,31.56468548851975,0.4991855290574185,0.9715580201393832,0.2085076992275248
microsoft-sat14-tx,2015-10-08,2,36.07320747804865,0.397620105374797,0.9653555768022332,0.2067027626887647
microsoft-sat14-tx,2015-10-08,3,33.41896427615581,0.406016375796688,0.9676293118597072,0.1909523404299569
microsoft-sat14-tx,2015-10-08,4,34.18443520911125,0.3879038175364436,0.9698106061963604,0.1859596385617432
microsoft-sat14-tx,2015-11-09,0,27.22065471287388,0.5871966052494099,0.96300894889666,0.1384209968174938
microsoft-sat14-tx,2015-11-09,1,27.871916591976937,0.5234819358944126,0.96751617280948,0.1443067334563036
microsoft-sat14-tx,2015-11-09,2,27.93869380964751,0.5027377628747086,0.9675863239110702,0.1488740313791828
microsoft-sat14-tx,2015-11-09,3,28.36643056435736,0.5016362319268153,0.968220178773144,0.1417250192569701
microsoft-sat14-tx,2015-11-09,4,28.585174639393664,0.4854333239718111,0.9692619297054484,0.1457219314399087
microsoft-sat14-tx,2016-01-12,0,18.681987299926796,0.5739404281988693,0.9629877905360148,0.1313963598149208
microsoft-sat14-tx,2016-01-12,1,18.941925579113967,0.5008171099586244,0.9675654163565076,0.1361557030460889
microsoft-sat14-tx,2016-01-12,2,19.010503766523723,0.4702399880957016,0.9673933166558988,0.1432690370526263
microsoft-sat14-tx,2016-01-12,3,19.34275108015167,0.4619221801660085,0.9681124098898958,0.1376151316791006
microsoft-sat14-tx,2016-01-12,4,19.438468696352583,0.4532895362565016,0.9691525679063748,0.1413294708061937
microsoft-sat14-tx,2016-01-28,0,19.04784086355595,0.5574069078152931,0.962938546748342,0.1337327215725296
microsoft-sat14-tx,2016-01-28,1,19.212079804313102,0.4875158290037178,0.9672312157258358,0.1392590969551038
microsoft-sat14-tx,2016-01-28,2,19.27378847228257,0.4604067609034664,0.96721124710871,0.1452391229574167
microsoft-sat14-tx,2016-01-28,3,19.774961935011937,0.4500869268334171,0.96778914789133,0.1405342432398309
microsoft-sat14-tx,2016-01-28,4,19.879608175058053,0.4405622248760085,0.9690094809218656,0.1447153827370022
microsoft-sat14-tx,2016-02-13,2,26.82577523781131,0.4202784671973396,0.9641213723733824,0.1977660243287263
microsoft-sat14-tx,2016-02-13,3,27.392411273836203,0.418018018870862,0.9676901906279718,0.1689706073653537
microsoft-sat14-tx,2016-02-13,4,26.2744225177705,0.3966009792703475,0.9680521102694232,0.1656462199304473
microsoft-sat14-tx,2016-03-16,2,17.55468164180919,0.5062811307953315,0.9682367053308688,0.1959387726975768
microsoft-sat14-tx,2016-03-16,3,20.272325059715683,0.4454555203750561,0.9678443471192826,0.1889007190162816
microsoft-sat14-tx,2016-03-16,4,22.095082057327375,0.4336616230646867,0.9650843921375716,0.1776564825904772
microsoft-sat14-tx,2016-04-01,0,25.123372791287785,0.561038161926708,0.9630177719836464,0.1546512737367979
microsoft-sat14-tx,2016-04-01,1,25.241455948541347,0.5230015078864299,0.9674730473028882,0.1638297445903213
microsoft-sat14-tx,2016-04-01,2,24.936550163605578,0.5217734193091516,0.9676640085682232,0.1694346824241848
microsoft-sat14-tx,2016-04-01,3,24.87317670065115,0.5201382712215039,0.9683801441238395,0.162287698174632
microsoft-sat14-tx,2016-04-01,4,23.97149236011006,0.5174801711555049,0.969476897491231,0.16418647961286
microsoft-sat14-tx,2016-05-03,0,33.70663240309289,0.5811474199257544,0.9630294344490604,0.1687832088414343
microsoft-sat14-tx,2016-05-03,1,34.46966604552378,0.5374778507682881,0.9675855137836956,0.1790349738100289
microsoft-sat14-tx,2016-05-03,2,34.24060963298164,0.5321615748215821,0.9677395902754654,0.1803227710527085
microsoft-sat14-tx,2016-05-03,3,35.04361630940419,0.5261872391258882,0.9684437731260248,0.1763176594242621
microsoft-sat14-tx,2016-05-03,4,35.02822530939897,0.5247054297908552,0.969519996053396,0.1799195501228055
microsoft-sat14-tx,2016-06-04,0,33.24248780393596,0.6000186554224706,0.96302531053565,0.1917079300705173
microsoft-sat14-tx,2016-06-04,1,34.40497785481286,0.5547775034802918,0.9675576563532604,0.1994999683199574
microsoft-sat14-tx,2016-06-04,2,33.85477424650793,0.5528920203865264,0.9678975024690096,0.1894830130835994
microsoft-sat14-tx,2016-06-04,3,36.328942270861816,0.5534641753992391,0.968741155884524,0.1935570144060815
microsoft-sat14-tx,2016-06-04,4,36.7732619111826,0.5590352490943923,0.9700075829228212,0.197298080410015
microsoft-sat14-tx,2016-06-20,0,40.85502265027891,0.6400295303481547,0.9620115362995652,0.1801441578966143
microsoft-sat14-tx,2016-06-20,1,41.496539856738,0.5598682763677361,0.9681331482112644,0.2116897800303747
microsoft-sat14-tx,2016-06-20,2,42.713732110376526,0.5356410628956106,0.9681683828844576,0.2081792878059707
microsoft-sat14-tx,2016-06-20,3,43.40364082705593,0.5210180993123186,0.9687666797266694,0.2093275295570224
microsoft-sat14-tx,2016-06-20,4,42.62007356354429,0.5344490349530865,0.9687332661524276,0.2151118673233518
microsoft-sat14-tx,2016-07-06,0,46.221228868411806,0.5519473951526482,0.963006729449949,0.1785258007218672
microsoft-sat14-tx,2016-07-06,1,46.384372338689154,0.50345037236218,0.967521713296006,0.1879462172590835
microsoft-sat14-tx,2016-07-06,2,45.61171891809807,0.4861260426395109,0.9675848764590376,0.1887980537513395
microsoft-sat14-tx,2016-07-06,3,46.29903575004498,0.4856898267890131,0.9680768761654348,0.1827832957835325
microsoft-sat14-tx,2016-07-06,4,46.60402620644855,0.4794173075690439,0.9693035897854164,0.1886933904176812
microsoft-sat14-tx,2016-07-22,0,50.4305323317513,0.5293274374270965,0.9629767954088606,0.1785497075028151
microsoft-sat14-tx,2016-07-22,1,50.827211427258256,0.4816294392315571,0.9673917903996438,0.1868718279099598
microsoft-sat14-tx,2016-07-22,2,50.23593388065451,0.4585090023327242,0.9673940280645272,0.1924286534593687
microsoft-sat14-tx,2016-07-22,3,51.12692142435547,0.4583251932587517,0.9681391871243958,0.1828558934488946
microsoft-sat14-tx,2016-07-22,4,51.595324239428145,0.449390368147005,0.9692027172553198,0.1885917365625867
microsoft-sat14-tx,2016-08-07,0,46.95745854948847,0.5146036429883801,0.962922338587832,0.2088144134955833
microsoft-sat14-tx,2016-08-07,1,43.39274462343571,0.496597953443473,0.968624624935332,0.209224426718265
microsoft-sat14-tx,2016-08-07,2,46.19065629282488,0.4548009052123292,0.9676174313492624,0.2077270676187689
microsoft-sat14-tx,2016-08-07,3,48.61583653564448,0.4631083153490872,0.9681036691860392,0.1922418416121396
microsoft-sat14-tx,2016-08-07,4,47.88213560139115,0.4567021064805673,0.9693963008290531,0.1973680452091608
microsoft-sat14-tx,2016-08-23,0,40.14369863983765,0.5950239264800613,0.9630188910515612,0.158857253398673
microsoft-sat14-tx,2016-08-23,1,40.91018933452977,0.5419166714107561,0.967567814890494,0.1724472230867663
microsoft-sat14-tx,2016-08-23,2,40.462202599105815,0.526196266010534,0.9675619621491158,0.1769447348059888
microsoft-sat14-tx,2016-08-23,3,40.71247069226709,0.5208036685245467,0.9682721746431672,0.1756930765632336
microsoft-sat14-tx,2016-08-23,4,40.66073831541455,0.5161571437588358,0.9697423183786148,0.176415569873861
microsoft-sat14-tx,2016-09-08,0,37.4131922317248,0.5483647598728267,0.9618158560286312,0.1844361954990111
microsoft-sat14-tx,2016-09-08,1,39.220475973411496,0.5792506297769185,0.9690999152337356,0.1709190191476418
microsoft-sat14-tx,2016-09-08,2,38.99192186954349,0.5182936773897526,0.967125965029928,0.1917085994675736
microsoft-sat14-tx,2016-09-08,3,39.2190402306564,0.5229822594275297,0.9683156385692844,0.1817373057758163
microsoft-sat14-tx,2016-09-08,4,39.100597809268166,0.5286292441481275,0.969412802678006,0.1863144422156042
microsoft-sat14-tx,2016-09-24,1,41.99007032259648,0.4114155713629487,0.96022207546796,0.1932212809205449
microsoft-sat14-tx,2016-09-24,2,41.397054639965376,0.546349648405678,0.9671863691229968,0.1897157238963834
microsoft-sat14-tx,2016-09-24,3,43.18258013482087,0.523810395593177,0.9683715677799578,0.1814267161080872
microsoft-sat14-tx,2016-09-24,4,43.56036449965964,0.494536996819797,0.968092637190358,0.1885798244829701
microsoft-sat14-tx,2016-10-10,0,33.08109532459532,0.5973224514703731,0.9630298132455724,0.1467321686994081
microsoft-sat14-tx,2016-10-10,1,33.67094210579863,0.5383873148544762,0.967559886205662,0.1557957353740933
microsoft-sat14-tx,2016-10-10,2,33.64231133711935,0.5182859134281235,0.9676410335307676,0.1608719648755472
microsoft-sat14-tx,2016-10-10,3,34.28480406841513,0.5148060394903845,0.9683167559834518,0.1550523451090296
microsoft-sat14-tx,2016-10-10,4,34.53587914327137,0.5113734390610396,0.9694256733450486,0.1584666239625137
microsoft-sat14-tx,2016-10-26,0,35.61545221760369,0.5617732908881643,0.9627380384574056,0.1796959000766151
microsoft-sat14-tx,2016-10-26,1,36.12989304621664,0.5423030435342399,0.969773720493657,0.1640208288950534
microsoft-sat14-tx,2016-10-26,2,38.02576170983857,0.4926146753075691,0.9675117296771876,0.1641959086443132
microsoft-sat14-tx,2016-10-26,3,37.34450675404035,0.5040875654153261,0.9677290755849628,0.1612405946207041
microsoft-sat14-tx,2016-10-26,4,37.62148299743259,0.4896263851831333,0.9688692907207022,0.1639092521323976
microsoft-sat14-tx,2016-11-11,0,26.30348944576288,0.5688765740722814,0.9629768168329712,0.1446327393800113
microsoft-sat14-tx,2016-11-11,1,26.426875349689464,0.5370718230702293,0.9675184776779236,0.1483339595795345
microsoft-sat14-tx,2016-11-11,2,26.6060488904095,0.5128882036940874,0.9675986517583656,0.1518800709610508
microsoft-sat14-tx,2016-11-11,3,26.45849058045056,0.5197337794523619,0.9682774986628668,0.1403808484052079
microsoft-sat14-tx,2016-11-11,4,26.82160281334967,0.5027785772448211,0.9696517638353096,0.1460349442325922
microsoft-sat14-tx,2016-11-27,2,18.850063181662307,0.6254532183140781,0.965346016754271,0.085293259651158
microsoft-sat14-tx,2016-11-27,3,19.696905528603622,0.5247087171077465,0.9669932410982413,0.1554300243670277
microsoft-sat14-tx,2016-11-27,4,19.95540528845185,0.540998001234937,0.9695664485521444,0.173421904315785
microsoft-sat14-tx,2017-01-30,0,25.842699828170456,0.5226252387801281,0.9629677042925732,0.1297154844948125
microsoft-sat14-tx,2017-01-30,1,26.087764424584705,0.4378275469559424,0.967275612203468,0.137655515369975
microsoft-sat14-tx,2017-01-30,2,26.121412258540207,0.405150214518576,0.9672619789912787,0.1430159160353144
microsoft-sat14-tx,2017-01-30,3,26.516524560005607,0.389500403208337,0.9678722306565416,0.1379358950297068
microsoft-sat14-tx,2017-01-30,4,26.70039046705166,0.3752830515427644,0.9689370452607012,0.1407973821736437
microsoft-sat14-tx,2017-03-19,0,33.01491430010333,0.5359036650714827,0.9630021779659876,0.1675772340547637
microsoft-sat14-tx,2017-03-19,1,33.78843502466086,0.4930721062261299,0.9664159329227244,0.1672423838835139
microsoft-sat14-tx,2017-03-19,2,33.85642268060099,0.4937374604677435,0.9674861536019296,0.1769907771881176
microsoft-sat14-tx,2017-03-19,3,34.25233112177338,0.4829653607856206,0.9682289535707822,0.1686050199965082
microsoft-sat14-tx,2017-03-19,4,34.16279874041189,0.4848789626643824,0.969397174835773,0.1766861612313359
microsoft-sat14-tx,2017-04-04,0,36.40284458720924,0.5982023912387497,0.9630487526153386,0.1620552511758418
microsoft-sat14-tx,2017-04-04,1,36.95060493725948,0.5526983030029488,0.9676631414225014,0.1716049364099938
microsoft-sat14-tx,2017-04-04,2,36.64992859784811,0.543689305757697,0.9678009020447929,0.1753944112147069
microsoft-sat14-tx,2017-04-04,3,37.37136789356241,0.5302276115694178,0.9684058908238122,0.1707240670368985
microsoft-sat14-tx,2017-04-04,4,37.26688268832233,0.5316023223284961,0.9695907033939004,0.1746546143781598
microsoft-sat14-tx,2017-04-20,1,37.68572108618179,0.571651143474946,0.9687759352451693,0.2019316620789802
microsoft-sat14-tx,2017-04-20,2,36.715181881127755,0.5251545136267483,0.9674284026722128,0.2054308917507628
microsoft-sat14-tx,2017-04-20,3,38.3422991637964,0.5291391540949151,0.9684340445415088,0.1934679458833934
microsoft-sat14-tx,2017-04-20,4,38.45927828848417,0.5390612864285256,0.9696366932842834,0.1942562875500179
microsoft-sat14-tx,2017-05-06,0,39.83276792961601,0.5600189106169348,0.963012238181414,0.1760700313983218
microsoft-sat14-tx,2017-05-06,1,40.0824853284372,0.517539786827404,0.9675205662369584,0.1869580945666245
microsoft-sat14-tx,2017-05-06,2,39.9772508031009,0.5000764661006087,0.9676339262472068,0.1897096715611506
microsoft-sat14-tx,2017-05-06,3,40.790600391178295,0.4889351046140989,0.9682463564414164,0.1849174437230942
microsoft-sat14-tx,2017-05-06,4,40.954114093993574,0.4833191759203342,0.9693633132195522,0.1895098893814346
microsoft-sat14-tx,2017-06-07,0,37.93556413165155,0.583167026832017,0.9646277622146708,0.1336028781147811
microsoft-sat14-tx,2017-06-07,1,39.172478195374346,0.4703891924769525,0.9671811529397112,0.2082018386636607
microsoft-sat14-tx,2017-06-07,2,40.1945295059816,0.5016159877596391,0.9671094368257012,0.2076547000351657
microsoft-sat14-tx,2017-06-07,3,42.45000738806111,0.5293992480318284,0.969906731215182,0.200580223079672
microsoft-sat14-tx,2017-06-07,4,42.68050951397177,0.4916643377740571,0.9709027844773608,0.2073525222325874
microsoft-sat14-tx,2017-06-23,0,46.32667283552044,0.5314498668951664,0.9629732681797272,0.1759187730270674
microsoft-sat14-tx,2017-06-23,1,46.33134822139422,0.4935154766817481,0.9673846158871438,0.1842259003513381
microsoft-sat14-tx,2017-06-23,2,46.43818251258241,0.4767152450008378,0.967510451369835,0.187456389982439
microsoft-sat14-tx,2017-06-23,3,47.296511796145225,0.4667569689628536,0.968122913232436,0.183503053887318
microsoft-sat14-tx,2017-06-23,4,47.68062822051277,0.4575549800465047,0.9692219618159852,0.1893549535389198
microsoft-sat14-tx,2017-07-09,0,50.93991244588044,0.5308061916779492,0.9629583492494742,0.1760149851949023
microsoft-sat14-tx,2017-07-09,1,51.21432412554756,0.4796360885164712,0.967157710492659,0.1855301263360101
microsoft-sat14-tx,2017-07-09,2,50.937584985987584,0.4553537333783168,0.9676130094196056,0.1905355566824838
microsoft-sat14-tx,2017-07-09,3,52.00623527147294,0.4482072320222162,0.968019091784687,0.1834719730205043
microsoft-sat14-tx,2017-07-09,4,52.4284274220035,0.4353339817971662,0.9691038574891804,0.1889096883665046
microsoft-sat14-tx,2017-07-25,0,46.42461594483381,0.5728148335921701,0.9623054991461344,0.1825918919964191
microsoft-sat14-tx,2017-07-25,1,45.67348515438128,0.4676821002196066,0.9665301168699992,0.2181637775424722
microsoft-sat14-tx,2017-07-25,2,46.14211644055487,0.4452060862101993,0.967212069337149,0.2137533911155182
microsoft-sat14-tx,2017-07-25,3,46.038090487856216,0.4812630827100985,0.966488417697785,0.1979259790785357
microsoft-sat14-tx,2017-07-25,4,46.75037347141296,0.4407172108944928,0.9690891717482836,0.2074105679339904
microsoft-sat14-tx,2017-08-10,0,41.209322994477965,0.5711894855732665,0.9651442056329272,0.1647950670462635
microsoft-sat14-tx,2017-08-10,1,42.42525214929699,0.4795958267999745,0.9699590792323968,0.1945356082429799
microsoft-sat14-tx,2017-08-10,2,42.42580694396061,0.4901187037745458,0.9683755610575864,0.1964668845941864
microsoft-sat14-tx,2017-08-10,3,42.30954225178388,0.495979206767208,0.9697454884388828,0.1919660324464665
microsoft-sat14-tx,2017-08-10,4,42.61945061864974,0.4723661668688986,0.9703983888835426,0.1959465745099205
microsoft-sat14-tx,2017-09-11,0,34.04165834175933,0.4890589571751583,0.9612220678154532,0.1994048559241245
microsoft-sat14-tx,2017-09-11,1,35.29827883281741,0.5212134017030897,0.9693986553200368,0.1891480638677246
microsoft-sat14-tx,2017-09-11,2,37.683506218445984,0.483905010279449,0.967211044322391,0.183497476452587
microsoft-sat14-tx,2017-09-11,3,37.97183917831312,0.4750429952284548,0.96778484279911,0.1797497323133376
microsoft-sat14-tx,2017-09-11,4,38.247299495093635,0.4547328009555955,0.9691535441777837,0.1918286764227665
microsoft-sat14-tx,2017-10-13,0,35.000946318818514,0.5757468637420913,0.9644488795407784,0.1672928635658517
microsoft-sat14-tx,2017-10-13,1,37.447741703855804,0.5358781145281762,0.9679336279773372,0.1797591559106081
microsoft-sat14-tx,2017-10-13,2,35.84055238968848,0.5131890641795389,0.967547361961238,0.1792831614591529
microsoft-sat14-tx,2017-10-13,3,37.07813987364291,0.542322986000384,0.9686420665584904,0.1719245149884108
microsoft-sat14-tx,2017-10-13,4,36.42083160015774,0.5202892286566866,0.9698739508941596,0.1801698843478593
microsoft-sat14-tx,2017-10-29,0,26.217482497722393,0.588685425973613,0.9630128597471562,0.1408087326478854
microsoft-sat14-tx,2017-10-29,1,26.39388597474403,0.5616487059017932,0.9682685256960462,0.1404541681367951
microsoft-sat14-tx,2017-10-29,2,26.621101210393853,0.5098169251091661,0.9676607148438394,0.1539231401768831
microsoft-sat14-tx,2017-10-29,3,27.022004346074525,0.4966464827478822,0.9680527400532304,0.1505704472226081
microsoft-sat14-tx,2017-10-29,4,27.25043947063356,0.483611191193883,0.9692664023674002,0.1563761557456997
microsoft-sat14-tx,2017-11-30,0,25.893205853657424,0.4695986925755354,0.9638040425892916,0.1250521378104055
microsoft-sat14-tx,2017-11-30,1,24.994793070244626,0.4904464572833904,0.9706060155472122,0.1397402017286146
microsoft-sat14-tx,2017-11-30,2,25.881246560898383,0.4574889661438913,0.9670766325418056,0.1523936375699363
microsoft-sat14-tx,2017-11-30,3,26.76334321907884,0.4466532095739241,0.9672838585106838,0.1497810850908975
microsoft-sat14-tx,2017-11-30,4,27.220294982304893,0.4303601974557982,0.9690620258762797,0.1415860785914058
microsoft-sat14-tx,2018-01-17,0,1.8451003082225268,0.3151498862983251,0.9645448474965274,0.2063881240769163
microsoft-sat14-tx,2018-01-17,1,2.214489001478808,0.2798166023357791,0.9653371939944532,0.2061804796567088
microsoft-sat14-tx,2018-01-17,2,2.6106715810998256,0.2876220912845582,0.9659088795520264,0.1982643388852068
microsoft-sat14-tx,2018-01-17,3,2.5517257423611226,0.2596007844855188,0.9657076989477278,0.2030022723828216
microsoft-sat14-tx,2018-01-17,4,2.6724579828454735,0.2254842484570274,0.9666965389082895,0.2070392199328335
microsoft-sat14-tx,2018-02-02,0,19.08086314015529,0.4788679482599171,0.9629296454993432,0.1312401270020489
microsoft-sat14-tx,2018-02-02,1,19.303644725876605,0.4049223293569287,0.9671627193655432,0.1378724046174975
microsoft-sat14-tx,2018-02-02,2,19.52709704502357,0.3624083485085231,0.967060099544814,0.1461940243092848
microsoft-sat14-tx,2018-02-02,3,19.835635115410916,0.3515776017978586,0.9676741707161588,0.1397783245096171
microsoft-sat14-tx,2018-02-02,4,20.08311791936784,0.3285955400832811,0.968752336568937,0.1458193532393666
microsoft-sat14-tx,2018-03-06,0,28.361827574339397,0.4778851485499615,0.962934257153148,0.1376209452531236
microsoft-sat14-tx,2018-03-06,1,28.749272161559333,0.425694340936719,0.9671475986964512,0.1469078347545864
microsoft-sat14-tx,2018-03-06,2,28.97062483853908,0.4034922231186393,0.9671378407017142,0.1546572024080141
microsoft-sat14-tx,2018-03-06,3,29.34760617630114,0.3949836013998363,0.9677975501071172,0.150166969394511
microsoft-sat14-tx,2018-03-06,4,29.301926670251344,0.3817715431298087,0.9689104867943208,0.1538297076031625
microsoft-sat14-tx,2018-03-22,1,29.07853036839223,0.5418805365972459,0.974883654644406,0.1429599823258924
microsoft-sat14-tx,2018-03-22,2,32.03112809085346,0.4348083475248779,0.9667505580869724,0.1916371593983195
microsoft-sat14-tx,2018-03-22,3,32.01305571910155,0.4059150643636934,0.9685989836344886,0.179651271729127
microsoft-sat14-tx,2018-03-22,4,32.060502698986234,0.4070540227524222,0.9686643275441676,0.1819512608985849
microsoft-sat14-tx,2018-04-23,0,38.97633418096706,0.548292808772184,0.962992207549494,0.1660363176933753
microsoft-sat14-tx,2018-04-23,1,39.41343745478266,0.5144774607215874,0.967476195106384,0.1770343822052706
microsoft-sat14-tx,2018-04-23,2,39.32012710912041,0.4968024612022779,0.9675800464491828,0.1810919642114627
microsoft-sat14-tx,2018-04-23,3,39.96945656320288,0.494204430390989,0.9682679687383504,0.1750348083254803
microsoft-sat14-tx,2018-04-23,4,40.34585338100439,0.4854902331945685,0.969343722846929,0.1816916357202165
microsoft-sat14-tx,2018-05-09,0,37.24383264158909,0.5455598671189706,0.96295134630024,0.1578662030577219
microsoft-sat14-tx,2018-05-09,1,38.016013698902206,0.5155286205190959,0.9673238133438838,0.1874660888674478
microsoft-sat14-tx,2018-05-09,2,37.6040617669405,0.4970051308587507,0.9673597807635828,0.1883210203322884
microsoft-sat14-tx,2018-05-09,3,38.33234753047147,0.4909255996040007,0.9678723313411126,0.1828925287560934
microsoft-sat14-tx,2018-05-09,4,38.48001811142266,0.4818141595074507,0.9691349676001012,0.1897590104934629
microsoft-sat14-tx,2018-05-25,0,46.41360470759151,0.5463799553924941,0.962997203013964,0.1730554654243571
microsoft-sat14-tx,2018-05-25,1,47.12512934292654,0.514821949931364,0.9675010492171854,0.1828089360824097
microsoft-sat14-tx,2018-05-25,2,47.26858525073155,0.4904148794704133,0.9676249856721568,0.1874111092980648
microsoft-sat14-tx,2018-05-25,3,48.32659284299786,0.4834143124226988,0.9682701918678832,0.1814545952590371
microsoft-sat14-tx,2018-05-25,4,48.31293331843937,0.4761569016152763,0.969330940420381,0.187804191365133
microsoft-sat14-tx,2018-06-10,0,36.06214177853032,0.5270890934915341,0.9571483448002598,0.2005840037308633
microsoft-sat14-tx,2018-06-10,1,44.118922753343625,0.4899930920499778,0.9688666476376776,0.1953270233530674
microsoft-sat14-tx,2018-06-10,2,44.3206857904541,0.4263876286219992,0.9670183941518862,0.2089641587937462
microsoft-sat14-tx,2018-06-10,3,44.68603480116191,0.4195691862426581,0.9675583766081908,0.2026080239478425
microsoft-sat14-tx,2018-06-10,4,44.10156636689541,0.4103045293584757,0.969409319179416,0.2181744485613821
microsoft-sat14-tx,2018-06-26,2,38.875177952796065,0.5438569356236848,0.9710326206140352,0.101594511674205
microsoft-sat14-tx,2018-06-26,3,43.76315904875078,0.3369593124376968,0.9676794470645405,0.2350477986950041
microsoft-sat14-tx,2018-06-26,4,43.4544633290662,0.3989236155952292,0.9736733843091084,0.1959474540982235
microsoft-sat14-tx,2018-07-12,0,42.69800345332592,0.5313337180225315,0.9629768391687464,0.1696654984536352
microsoft-sat14-tx,2018-07-12,1,42.34605708567036,0.4891408827638487,0.9674151518834604,0.1828805897068112
microsoft-sat14-tx,2018-07-12,2,40.56908763590654,0.4690038435501161,0.9676213279788964,0.1866438700693051
microsoft-sat14-tx,2018-07-12,3,40.539554224582915,0.4824604592343336,0.9682154789715812,0.1765650248109403
microsoft-sat14-tx,2018-07-12,4,40.12846806576378,0.4484741650023959,0.968939377288994,0.1837582335919095
microsoft-sat14-tx,2018-07-28,0,42.99421962787886,0.5228744267382396,0.962976118498126,0.1719758000629961
microsoft-sat14-tx,2018-07-28,1,43.32881884931263,0.4880775591317453,0.9674185791660616,0.1816355976532311
microsoft-sat14-tx,2018-07-28,2,43.44917558850448,0.4667573199569919,0.967514562863064,0.1862535569821524
microsoft-sat14-tx,2018-07-28,3,43.73081084657876,0.4579930654169886,0.9682355217809172,0.1805670272967468
microsoft-sat14-tx,2018-07-28,4,43.794083096452816,0.4386878748330376,0.9694799432198228,0.1890891327329104
microsoft-sat14-tx,2018-08-13,0,38.14147057701178,0.5576991576875195,0.9629926898199024,0.1755609660427845
microsoft-sat14-tx,2018-08-13,1,38.190547291290635,0.4959512964897571,0.967151033246189,0.1868083826919178
microsoft-sat14-tx,2018-08-13,2,36.68167290674966,0.47232080693875,0.9679569640688452,0.1856714197944182
microsoft-sat14-tx,2018-08-13,3,37.25770057269548,0.4351653681718117,0.9685416325566472,0.1972615322131242
microsoft-sat14-tx,2018-08-13,4,36.56448168024076,0.4399065704403889,0.9688540440496682,0.1949875393640183
microsoft-sat14-tx,2018-08-29,0,47.21601295905784,0.5322309349427506,0.9629580821318376,0.164980246371177
microsoft-sat14-tx,2018-08-29,1,47.27467666146987,0.4879399430405723,0.9673246731641318,0.1759651741754734
microsoft-sat14-tx,2018-08-29,2,47.247944989039965,0.4618672575442227,0.9673760893054856,0.1811601403628313
microsoft-sat14-tx,2018-08-29,3,47.84764235810094,0.4518290641036691,0.9680219544592812,0.1745920088447541
microsoft-sat14-tx,2018-08-29,4,48.46256372857715,0.4352183309183512,0.9690756181315762,0.1811878593678953
microsoft-sat14-tx,2018-09-30,0,35.9080424220631,0.6295514585857717,0.9605305998763144,0.1060057485646258
microsoft-sat14-tx,2018-09-30,1,35.978729939528584,0.5522417700706638,0.9659652099940728,0.176164178105991
microsoft-sat14-tx,2018-09-30,2,35.93324791690573,0.598861867874063,0.968517692774699,0.1835810344571034
microsoft-sat14-tx,2018-09-30,3,36.83462891959675,0.5476497977861261,0.9676664743226172,0.1884641941088404
microsoft-sat14-tx,2018-09-30,4,37.044749248457435,0.5469778117064279,0.9682362773910276,0.1807932892045369
microsoft-sat14-tx,2018-11-01,0,23.634434175992453,0.6231480351230815,0.9630416908637583,0.1317735284461023
microsoft-sat14-tx,2018-11-01,1,24.067179693466525,0.565678958035345,0.9673563412025384,0.1411704377100358
microsoft-sat14-tx,2018-11-01,2,24.08233491849644,0.5386896414654817,0.9676515244359434,0.1501965587832335
microsoft-sat14-tx,2018-11-01,3,24.521638420065596,0.5289755985507315,0.9682595375675206,0.1446489666780477
microsoft-sat14-tx,2018-11-01,4,24.61179004477848,0.5148210110926904,0.9693785921031608,0.1482577147132956
microsoft-sat14-tx,2018-11-17,1,9.36761506195124,0.5130347089425114,0.9771634146341462,0.1382480659756097
microsoft-sat14-tx,2018-11-17,2,10.183716621307978,0.4969158513992567,0.9657456695116838,0.1440555085936756
microsoft-sat14-tx,2018-11-17,3,10.605908756894248,0.4644239309211087,0.9705156235205004,0.1426506750020121
microsoft-sat14-tx,2018-11-17,4,12.709249949613373,0.3895349499760867,0.9666672995874176,0.1467529250546243
microsoft-sat14-tx,2018-12-03,1,20.1285781872496,0.3824530465621931,0.9680518522289084,0.0871308642684618
microsoft-sat14-tx,2018-12-03,2,20.118781773445058,0.4063526800280565,0.9677902245577577,0.1112898733044824
microsoft-sat14-tx,2018-12-03,3,20.36657525624218,0.4280060403295123,0.9678878635024712,0.1174507404479981
microsoft-sat14-tx,2018-12-03,4,20.972251975264225,0.4076971212057731,0.9699822009918968,0.1389715804471257
microsoft-sat14-tx,2018-12-19,0,20.79772090222067,0.5126860214030746,0.9630690614380416,0.1731546884804519
microsoft-sat14-tx,2018-12-19,1,20.461687456392177,0.5405223107427403,0.969276498698373,0.1481611092811187
microsoft-sat14-tx,2018-12-19,2,21.88736454745091,0.420692792963612,0.9661567972574702,0.1560478575350975
microsoft-sat14-tx,2018-12-19,3,21.140247955031366,0.4018554964109622,0.9682360773103836,0.1497728916353824
microsoft-sat14-tx,2018-12-19,4,21.812011859714698,0.4170036877928532,0.9684723148359254,0.1548053246700705
microsoft-sat14-tx,2019-01-04,0,17.872161764794917,0.5610711280567365,0.9629201158725328,0.122104360116579
microsoft-sat14-tx,2019-01-04,1,18.070467221244563,0.4811364342666099,0.9669583908193444,0.1285142323320881
microsoft-sat14-tx,2019-01-04,2,17.99981821792644,0.4337377665112777,0.9670349070538872,0.1377671030553345
microsoft-sat14-tx,2019-01-04,3,18.245620028622827,0.4223095287362182,0.9676978129260666,0.1332515023179846
microsoft-sat14-tx,2019-01-04,4,18.35412940143093,0.4045094745364356,0.9687878403329684,0.1366015412358241
microsoft-sat14-tx,2019-01-20,0,14.009271433370094,0.5365326923745873,0.9629512855734672,0.1310741657985661
microsoft-sat14-tx,2019-01-20,1,14.754631009646133,0.4579883977894329,0.9671765779101786,0.1382812372615595
microsoft-sat14-tx,2019-01-20,2,15.292157548615185,0.4177547328138091,0.967077410692292,0.1473308338349116
microsoft-sat14-tx,2019-01-20,3,15.331814254162897,0.4118004759024657,0.967918976540316,0.1404384129890161
microsoft-sat14-tx,2019-01-20,4,15.359809249939715,0.3884648117993283,0.9688329626416068,0.1481168809293158
microsoft-sat14-tx,2019-03-09,0,27.44759498026764,0.4423478734150066,0.9622131913004884,0.1687444522202064
microsoft-sat14-tx,2019-03-09,1,26.39647215789052,0.4457813476640097,0.9679791838392212,0.1641547284954303
microsoft-sat14-tx,2019-03-09,2,27.388228698172885,0.4299479810319808,0.9659516621527224,0.1648886882721245
microsoft-sat14-tx,2019-03-09,3,28.81736848498108,0.4177858352965129,0.9672390080136092,0.1550983618841908
microsoft-sat14-tx,2019-03-09,4,29.465112506752835,0.3931278394934699,0.9666301864130143,0.1494353167232423
microsoft-sat14-tx,2019-03-25,0,35.454378411068944,0.5473386717476186,0.963303890633328,0.1648506394066147
microsoft-sat14-tx,2019-03-25,1,35.77198764522289,0.5391497071706695,0.9696739671040862,0.1735757288214295
microsoft-sat14-tx,2019-03-25,2,35.17833350368093,0.4981414903771861,0.9692968251420112,0.1877963545298839
microsoft-sat14-tx,2019-03-25,3,35.440512100135315,0.5308226800334772,0.9697422770139026,0.1655912297270304
microsoft-sat14-tx,2019-03-25,4,36.060421645584114,0.4823420098339286,0.9701349589546456,0.1810894053922717
microsoft-sat14-tx,2019-04-10,0,39.061781066306395,0.5925564146686824,0.963032780712832,0.1557037974514426
microsoft-sat14-tx,2019-04-10,1,39.63416469644271,0.5493798421567482,0.9676396821658864,0.1648307540849771
microsoft-sat14-tx,2019-04-10,2,39.287846593926695,0.5254295688139227,0.9677485743367324,0.1700207366231889
microsoft-sat14-tx,2019-04-10,3,40.02617648394407,0.5143634538462781,0.9683636893994306,0.1648609452574639
microsoft-sat14-tx,2019-04-10,4,40.22398160568349,0.498899550147846,0.9694081671893652,0.1702243217669683
microsoft-sat14-tx,2019-04-26,0,36.40610049279488,0.5944647424983538,0.9630255065434724,0.1616234030330617
microsoft-sat14-tx,2019-04-26,1,37.07367749286055,0.5585797924923924,0.9675978056988288,0.1716601570542822
microsoft-sat14-tx,2019-04-26,2,36.96361292549703,0.53420290113909,0.967715222238898,0.1773706089059001
microsoft-sat14-tx,2019-04-26,3,37.71133160082235,0.5254672420649654,0.9683456400213326,0.171905029488608
microsoft-sat14-tx,2019-04-26,4,37.89101734485054,0.5134536807701381,0.9694106197767448,0.176985272959584
microsoft-sat14-tx,2019-05-12,0,37.54448110680593,0.6071516875804527,0.9630559561307164,0.1633284356154076
microsoft-sat14-tx,2019-05-12,1,38.36649345506361,0.5658396405495759,0.9676798078106328,0.1747146691818314
microsoft-sat14-tx,2019-05-12,2,38.32586865781763,0.5396844433969717,0.967819409605448,0.17902989582169
microsoft-sat14-tx,2019-05-12,3,39.06519266927809,0.5309451863810365,0.9684083935782593,0.1723020531029476
microsoft-sat14-tx,2019-05-12,4,38.566810031966114,0.5195000608075722,0.9695853746961004,0.1767738394253634
microsoft-sat14-tx,2019-06-13,0,43.95276481460898,0.6262998904740301,0.9632648977660973,0.1726850967158739
microsoft-sat14-tx,2019-06-13,1,43.48508683065546,0.5519126130139835,0.966048661437509,0.2001307676913206
microsoft-sat14-tx,2019-06-13,2,43.81077795293671,0.5306010488410843,0.9672892251077554,0.1945065847398905
microsoft-sat14-tx,2019-06-13,3,44.86489910984349,0.523572535873166,0.9683363060207272,0.1889351041991533
microsoft-sat14-tx,2019-06-13,4,45.035507559289925,0.517214463317727,0.9687424918181418,0.1928780314044213
microsoft-sat14-tx,2019-06-29,0,40.63006925763216,0.6038324688659348,0.9630479321174792,0.1625036192141568
microsoft-sat14-tx,2019-06-29,1,41.38462885719176,0.5613834384346915,0.9676559319664808,0.1742315284972008
microsoft-sat14-tx,2019-06-29,2,41.34825480140747,0.5439509426960611,0.96782879272005,0.1802164326813588
microsoft-sat14-tx,2019-06-29,3,42.48572333326698,0.5336015017712298,0.9684168750317684,0.1758483772664324
microsoft-sat14-tx,2019-06-29,4,42.68742691911332,0.5225875030612829,0.9694687005286466,0.180755880898459
microsoft-sat14-tx,2019-07-15,0,33.70899106187634,0.5716246490432205,0.9628667056365046,0.2040565326351235
microsoft-sat14-tx,2019-07-15,1,37.49199238451241,0.602191883605638,0.9678218647822948,0.1749986134929164
microsoft-sat14-tx,2019-07-15,2,39.75685389440463,0.5691438290165809,0.9685548265841846,0.1858984173836734
microsoft-sat14-tx,2019-07-15,3,44.07972494693869,0.5325465884540174,0.9682935815462584,0.1873640963416316
microsoft-sat14-tx,2019-07-15,4,44.55855669136603,0.5203397486806561,0.969724265538234,0.1944268459978551
microsoft-sat14-tx,2019-07-31,0,48.31436312269973,0.5567512155573139,0.9630096207932408,0.1689572185876154
microsoft-sat14-tx,2019-07-31,1,48.6564087214021,0.5195124667657476,0.967520642201134,0.1785942202048678
microsoft-sat14-tx,2019-07-31,2,48.76238374505015,0.4910655725876378,0.967619049595802,0.1849415057734376
microsoft-sat14-tx,2019-07-31,3,49.269930581683106,0.4808724974567596,0.9682286101870335,0.179236568165391
microsoft-sat14-tx,2019-07-31,4,49.60698676396327,0.463544136383741,0.9692553257203392,0.1855972747755025
microsoft-sat14-tx,2019-08-16,0,48.77472159852632,0.5355833578320901,0.962993481600337,0.1675063248442766
microsoft-sat14-tx,2019-08-16,1,49.1334229823087,0.4966778682491969,0.9674664495104068,0.1757907203692355
microsoft-sat14-tx,2019-08-16,2,49.347583514141874,0.4663879002087305,0.967530166597988,0.1818093882710726
microsoft-sat14-tx,2019-08-16,3,49.82931046012852,0.4596951210575173,0.9681622154050092,0.1751586341841741
microsoft-sat14-tx,2019-08-16,4,50.08475697460069,0.4421003359041169,0.9691917440191284,0.180963800919178
microsoft-sat14-tx,2019-09-01,0,48.94222761812759,0.5508696588141756,0.9620504519365264,0.151165031096754
microsoft-sat14-tx,2019-09-01,1,49.068481851590285,0.4827641562089197,0.9669285170065804,0.1790403735670576
microsoft-sat14-tx,2019-09-01,2,48.80466140868054,0.4499692109284752,0.9673526156133964,0.1848949700075523
microsoft-sat14-tx,2019-09-01,3,49.6729390430009,0.4469306392736268,0.968282606099326,0.1790505524970141
microsoft-sat14-tx,2019-09-01,4,50.32948861398654,0.426288811732014,0.9685381171772236,0.1852294389963696
microsoft-sat14-tx,2019-09-17,0,41.14858016466655,0.5412759861209333,0.9626769924046936,0.1571786061687321
microsoft-sat14-tx,2019-09-17,1,41.816535373088065,0.495796404829069,0.9674129331773148,0.1679475049358497
microsoft-sat14-tx,2019-09-17,2,42.51642540097856,0.4719449978218711,0.9674979863680568,0.1749408711102798
microsoft-sat14-tx,2019-09-17,3,42.93339321258007,0.4531740162128275,0.9679995224756812,0.171298580453178
microsoft-sat14-tx,2019-09-17,4,44.37905702938331,0.4287870261875287,0.9689186163067744,0.1761074144764126
microsoft-sat14-tx,2019-10-03,0,37.78212487766277,0.5437044716646109,0.9596416665037047,0.147594572531533
microsoft-sat14-tx,2019-10-03,1,40.96841532265894,0.5149991484328352,0.966939585826418,0.1603833181250544
microsoft-sat14-tx,2019-10-03,2,41.25671915567002,0.463407628123527,0.9669897667321437,0.1680523236091445
microsoft-sat14-tx,2019-10-03,3,41.40899061913419,0.4800865604369749,0.9683319298999534,0.1736768695579376
microsoft-sat14-tx,2019-10-03,4,42.3727970119077,0.4285551695220804,0.9673571307097368,0.1880521443221355
microsoft-sat14-tx,2019-10-19,0,35.59800074000003,0.4100214071472443,0.9567,0.1816910849999999
microsoft-sat14-tx,2019-10-19,1,34.58559313340901,0.4439125900569897,0.9679566635935992,0.1884039672503739
microsoft-sat14-tx,2019-10-19,2,34.54390085138822,0.4214851032994233,0.9669411639069032,0.182612702221398
microsoft-sat14-tx,2019-10-19,3,35.26494579046171,0.4507275264933448,0.968020743007779,0.1654738441464225
microsoft-sat14-tx,2019-10-19,4,35.64519007369578,0.4198480950781591,0.97029818382838,0.1688518182622327
microsoft-sat14-tx,2019-11-04,0,28.234592836072732,0.4924528069641791,0.961496565436117,0.2057122175044849
microsoft-sat14-tx,2019-11-04,1,29.268999990680683,0.5053605344493934,0.9676653262464222,0.1809568966582289
microsoft-sat14-tx,2019-11-04,2,29.44150728039109,0.4435619485441063,0.9681287994566132,0.1654246533304458
microsoft-sat14-tx,2019-11-04,3,29.93384367586203,0.5016464608041028,0.969515930597356,0.1534710840199015
microsoft-sat14-tx,2019-11-04,4,30.277848794991343,0.4397766007654908,0.9697386640864804,0.1638950464910823
microsoft-sat14-tx,2019-11-20,4,28.39513888052164,0.4901278009492113,0.9692729433553672,0.1987119141653114
microsoft-sat14-tx,2019-12-06,0,24.08171816002362,0.5901035747546414,0.9630609127709294,0.1249908237873285
microsoft-sat14-tx,2019-12-06,1,24.458267445899164,0.5279582710725865,0.9677335422813128,0.125130501679052
microsoft-sat14-tx,2019-12-06,2,24.667594949944213,0.479191946573902,0.9674319958716698,0.1380400655969875
microsoft-sat14-tx,2019-12-06,3,24.98423785809816,0.4695248559261232,0.968008333983793,0.1344059327528681
microsoft-sat14-tx,2019-12-06,4,25.312271440935856,0.4403585916502675,0.9690770783978664,0.1382156967518807
microsoft-sat14-tx,2019-12-22,0,17.600673187759845,0.5692441030963172,0.96299260002097,0.1222375931295384
microsoft-sat14-tx,2019-12-22,1,17.891961930992732,0.4912858005059401,0.967399975318541,0.1271672949054082
microsoft-sat14-tx,2019-12-22,2,18.22762286058823,0.4345064856538767,0.9672642166101036,0.1383141607184356
microsoft-sat14-tx,2019-12-22,3,18.60288561399613,0.4273519074129714,0.9679187107430326,0.1322688084548009
microsoft-sat14-tx,2019-12-22,4,18.97456110757932,0.4003759084761794,0.968960798813646,0.1350147622164083
microsoft-sat14-tx,2020-01-07,0,20.961266833573756,0.5430530744125707,0.9629834680603436,0.1271196445517605
microsoft-sat14-tx,2020-01-07,1,21.11597604822877,0.4723390600352506,0.967433265759027,0.1294844109484519
microsoft-sat14-tx,2020-01-07,2,21.375064929949065,0.4125081781537105,0.9671335832548008,0.1410595030930779
microsoft-sat14-tx,2020-01-07,3,21.6195534602456,0.4033966675963161,0.9678336952456768,0.1368079373204671
microsoft-sat14-tx,2020-01-07,4,21.848673803601283,0.376133831665601,0.9689186224023884,0.1417686798133582
microsoft-sat14-tx,2020-01-23,0,21.41391424771536,0.5652388743566334,0.9629717707711328,0.1163781809014651
microsoft-sat14-tx,2020-01-23,1,21.712017936324383,0.4857453615262276,0.9673186011800368,0.1233028424566747
microsoft-sat14-tx,2020-01-23,2,21.8550921041804,0.4396159450444009,0.9672422823494998,0.1311866774865899
microsoft-sat14-tx,2020-01-23,3,22.197436982844355,0.4302210012663167,0.9678406011213692,0.1257322545256438
microsoft-sat14-tx,2020-01-23,4,22.35639040623196,0.4076390539613317,0.9689203592158931,0.1282657847184564
microsoft-sat14-tx,2020-03-11,0,35.49923666578319,0.4985763457165679,0.9629571987291417,0.1385202461955451
microsoft-sat14-tx,2020-03-11,1,36.03617558482284,0.4519496117543492,0.9672139173965516,0.1480164650923648
microsoft-sat14-tx,2020-03-11,2,36.17095963997826,0.4334577412371334,0.967262618055174,0.1559470959908755
microsoft-sat14-tx,2020-03-11,3,36.79046775711,0.4263216944182577,0.9679107423217328,0.1513746757886805
microsoft-sat14-tx,2020-03-11,4,37.20166312755712,0.4077891785205362,0.9689904969609529,0.1566562723689504
microsoft-sat14-tx,2020-04-12,0,35.38930392893781,0.5638608375090021,0.9629817685375556,0.1481320164024474
microsoft-sat14-tx,2020-04-12,1,35.72553627562196,0.532777442834723,0.9674077026154432,0.1604699915822465
microsoft-sat14-tx,2020-04-12,2,35.57425828491557,0.5083080614843009,0.9675572469175802,0.1678823454449955
microsoft-sat14-tx,2020-04-12,3,36.22446133767744,0.5011516419790989,0.9682188209344544,0.1629471185316769
microsoft-sat14-tx,2020-04-12,4,36.341468130687375,0.4968123120094143,0.9693247885993592,0.1667318432487752
microsoft-sat14-tx,2020-04-28,0,40.574453052462694,0.6015237880193879,0.9644002017484856,0.1610274726993947
microsoft-sat14-tx,2020-04-28,1,39.688110675619775,0.4805645700788095,0.961640896322959,0.2150010934564543
microsoft-sat14-tx,2020-04-28,2,40.505520557550106,0.5096568026725911,0.9671387356590516,0.2082294457160126
microsoft-sat14-tx,2020-04-28,3,40.18351152012027,0.5229013347027862,0.9679461479766605,0.2081438737458298
microsoft-sat14-tx,2020-04-28,4,39.675113537658866,0.4659569215479087,0.9699421102391032,0.2001121657625839
microsoft-sat14-tx,2020-05-14,0,41.69748610113542,0.543557649059203,0.963103364831926,0.1717604175325561
microsoft-sat14-tx,2020-05-14,1,43.224737545994785,0.5212328297784822,0.9676812131163308,0.1779862948146157
microsoft-sat14-tx,2020-05-14,2,43.26592671699482,0.4740463269743675,0.9669267918313336,0.1828083967587311
microsoft-sat14-tx,2020-05-14,3,43.70497207783296,0.4706947539208747,0.9680981448504128,0.1792565969020371
microsoft-sat14-tx,2020-05-14,4,44.045711764373095,0.4623424932549225,0.9691649838700522,0.181162276083493
microsoft-sat14-tx,2020-05-30,4,25.864311058602414,0.5409380122834407,0.9733019532661497,0.1221505263020938
microsoft-sat14-tx,2020-06-15,0,41.16037114283372,0.5166711297862819,0.9608931671051442,0.2164248925563496
microsoft-sat14-tx,2020-06-15,1,44.02469942455485,0.5455045834156533,0.9680196852394596,0.1961225648084215
microsoft-sat14-tx,2020-06-15,2,44.81422999900757,0.5037781888402194,0.9671989624387448,0.2085525310265963
microsoft-sat14-tx,2020-06-15,3,44.59500950243203,0.510063329661077,0.968511947095435,0.2057996122141006
microsoft-sat14-tx,2020-06-15,4,44.998819840044035,0.5046741358259418,0.9696624134124876,0.2125879801046988
microsoft-sat14-tx,2020-07-17,0,45.8106933326012,0.5274336415006287,0.9629852975900172,0.1797708786981775
microsoft-sat14-tx,2020-07-17,1,44.91883505903593,0.4758292976984832,0.9671658298992624,0.1918526048610525
microsoft-sat14-tx,2020-07-17,2,45.77339965283872,0.451301207736286,0.9673523257076496,0.1988367760759513
microsoft-sat14-tx,2020-07-17,3,46.23902066291571,0.4435524137267114,0.9677658771215925,0.1877230732354343
microsoft-sat14-tx,2020-07-17,4,46.63991381371503,0.4080541207570247,0.9687682211171794,0.2011806746793774
microsoft-sat14-tx,2020-08-02,0,48.13450055317113,0.5560612066013164,0.9629926875407416,0.1667629993926265
microsoft-sat14-tx,2020-08-02,1,48.58801861258429,0.5104819129236358,0.9674210656254472,0.1775223724751369
microsoft-sat14-tx,2020-08-02,2,48.854197655739455,0.4713199073563787,0.967456218968206,0.1851569027648582
microsoft-sat14-tx,2020-08-02,3,49.54118923212021,0.4651810667096714,0.9680988575873264,0.1775156892398547
microsoft-sat14-tx,2020-08-02,4,50.16662068278903,0.4449026224889716,0.9691480836857834,0.1804138744595982
microsoft-sat14-tx,2020-08-18,0,47.161756263817075,0.5535397962585475,0.962997107745046,0.1663317754781223
microsoft-sat14-tx,2020-08-18,1,47.488929141256726,0.506864764834542,0.9674588032603784,0.1766506616756255
microsoft-sat14-tx,2020-08-18,2,47.97578030862575,0.4688276706299114,0.9674978535768344,0.1851045565079177
microsoft-sat14-tx,2020-08-18,3,48.27586925552374,0.4606482163051654,0.9681129080617484,0.1768242912114396
microsoft-sat14-tx,2020-08-18,4,48.91298469143518,0.4387955877155879,0.9691644361617054,0.1800923341745387
microsoft-sat14-tx,2020-09-03,0,45.50437991511517,0.5369159390172634,0.9629800641811678,0.1690515390101948
microsoft-sat14-tx,2020-09-03,1,45.58917952447852,0.4770789996000824,0.966831917813121,0.1808058953204396
microsoft-sat14-tx,2020-09-03,2,44.861787440009365,0.4492246122565667,0.9678163517601356,0.1848125935327822
microsoft-sat14-tx,2020-09-03,3,45.3863786663692,0.4259092711349486,0.9676312072397294,0.1839636715388967
microsoft-sat14-tx,2020-09-03,4,45.70871360321603,0.4109265610009147,0.9686044026743964,0.1866609659181047
microsoft-sat14-tx,2020-09-19,1,32.12779070839235,0.5329044280673743,0.975466524520256,0.2004105965724947
microsoft-sat14-tx,2020-09-19,2,34.32061674315028,0.4875958407242917,0.9659928347025516,0.1796444879945922
microsoft-sat14-tx,2020-09-19,3,34.716306398924274,0.490722684872816,0.9673844882346544,0.1754410165772864
microsoft-sat14-tx,2020-09-19,4,34.823150215491005,0.4832652382388751,0.968214419691736,0.177809438934579
microsoft-sat14-tx,2020-10-05,0,38.957822693566285,0.5436043472822156,0.9629870944803304,0.1489632098264191
microsoft-sat14-tx,2020-10-05,1,39.37657481493318,0.4911113945299607,0.9673777306462238,0.1567242041589589
microsoft-sat14-tx,2020-10-05,2,39.87638640420587,0.4525080782491562,0.9673732802883432,0.1671194093342964
microsoft-sat14-tx,2020-10-05,3,40.39689316309609,0.447691512643055,0.9680158599464932,0.1600286878278722
microsoft-sat14-tx,2020-10-05,4,41.06423734832555,0.4334379615970279,0.9690903249947854,0.1631547711539578
microsoft-sat14-tx,2020-10-21,0,36.21145710941195,0.5655104542650513,0.9634922236674958,0.1288661134959645
microsoft-sat14-tx,2020-10-21,1,36.56038753425319,0.488922785207418,0.9687778012993624,0.1612438067724605
microsoft-sat14-tx,2020-10-21,2,37.266512583898184,0.4378967810632049,0.9673143489854856,0.1721460507562596
microsoft-sat14-tx,2020-10-21,3,38.04974514037198,0.3949339032631355,0.9668005450856,0.1871887153653297
microsoft-sat14-tx,2020-10-21,4,37.966115611128174,0.3870091198286479,0.9695519027853964,0.1869594656595009
microsoft-sat14-tx,2020-11-22,0,30.46694627858107,0.4907180485532458,0.9636718340670792,0.1665231811188383
microsoft-sat14-tx,2020-11-22,1,31.2212647974144,0.4730695628792443,0.9682704992860568,0.1604934803578759
microsoft-sat14-tx,2020-11-22,2,31.428057572485606,0.3816304745545988,0.9667449944907902,0.1760102335415235
microsoft-sat14-tx,2020-11-22,3,31.97499701279385,0.3704689418618238,0.9680968193777816,0.1838044538188004
microsoft-sat14-tx,2020-11-22,4,31.86697790157173,0.3819270465571669,0.9657570509999706,0.1649221985867331
microsoft-sat14-tx,2020-12-08,0,25.257024728810617,0.5290284264086135,0.9629745126014816,0.1267564921239727
microsoft-sat14-tx,2020-12-08,1,25.201749934395284,0.4484825916900897,0.9672853696036912,0.1338275353913369
microsoft-sat14-tx,2020-12-08,2,25.477487057584188,0.3936505384384901,0.9671858844239538,0.1441997980853534
microsoft-sat14-tx,2020-12-08,3,25.87255639459668,0.3862028278498576,0.9677912521053657,0.1376511345362697
microsoft-sat14-tx,2020-12-08,4,26.088241790599604,0.364312440073665,0.9688293796046844,0.1398780121275249
microsoft-sat14-tx,2020-12-24,0,15.560050028063705,0.5208104102651495,0.9629544227113824,0.1271248081227123
microsoft-sat14-tx,2020-12-24,1,15.774691779767698,0.4452459104762509,0.9673285297710856,0.1324799779927596
microsoft-sat14-tx,2020-12-24,2,16.391468105907318,0.383329430877197,0.9670388582333672,0.1443906846683237
microsoft-sat14-tx,2020-12-24,3,16.621824439885255,0.373973235053404,0.9677015499208332,0.1380264585173422
microsoft-sat14-tx,2020-12-24,4,16.92796772163012,0.3528079166020648,0.9688447692210396,0.1404371476752379
microsoft-sat14-tx,2021-01-09,2,11.351618558461563,0.3135111708593542,0.9649846153846154,0.1288142838461538
microsoft-sat14-tx,2021-01-09,3,11.93567744262208,0.3903617052608235,0.9694806404087034,0.1329852902800531
microsoft-sat14-tx,2021-01-09,4,12.711992525028329,0.3889115681827309,0.9694349558789072,0.1329760749345343
microsoft-sat14-tx,2021-01-25,0,23.5816244512248,0.4974982066639105,0.9629272883913244,0.1246363153484155
microsoft-sat14-tx,2021-01-25,1,23.775143175137448,0.4237882027391655,0.9671366660842712,0.1327806454284189
microsoft-sat14-tx,2021-01-25,2,23.9153119415332,0.3763289038670389,0.9670287585383148,0.1406939204395848
microsoft-sat14-tx,2021-01-25,3,24.247573041123452,0.3654226774457825,0.9676468702294976,0.1347219634857175
microsoft-sat14-tx,2021-01-25,4,24.3694068365925,0.3491130969559191,0.9687394132360316,0.1361472809941883
microsoft-sat14-tx,2021-06-02,0,37.54732457931016,0.6767420598379668,0.9657379595802555,0.1627409365993005
microsoft-sat14-tx,2021-06-02,1,37.86436276173087,0.5565278489581206,0.9693467971599786,0.2134711208724433
microsoft-sat14-tx,2021-06-02,2,36.882233383084234,0.5676080147594117,0.9670557684920402,0.1924970256940117
microsoft-sat14-tx,2021-06-02,3,36.56035335580664,0.5813153405610704,0.9668442736315424,0.1978863477148867
microsoft-sat14-tx,2021-06-02,4,36.67513007857785,0.5935024882864576,0.970497485141178,0.1949614276654109
microsoft-sat14-tx,2021-06-18,0,45.96746526289562,0.6091875007687539,0.9630245793808908,0.184340560130961
microsoft-sat14-tx,2021-06-18,1,46.82389704843093,0.5564779808351062,0.9671220931177498,0.1920380776614057
microsoft-sat14-tx,2021-06-18,2,45.85378909218556,0.532038580563988,0.9678973022335756,0.1964926571301037
microsoft-sat14-tx,2021-06-18,3,46.49622933569036,0.5140709836118201,0.9684898966307732,0.1955554379743413
microsoft-sat14-tx,2021-06-18,4,46.984242255563224,0.5220619649669364,0.970063712548141,0.1975069904496706
microsoft-sat14-tx,2021-07-20,3,32.30146576673901,0.4473195740087599,0.9665956968322515,0.1355661594644323
microsoft-sat14-tx,2021-07-20,4,32.07346837745925,0.4887712739249667,0.9725697015521694,0.1364432293073772
microsoft-sat14-tx,2021-08-21,0,39.668962797554855,0.5786402844989441,0.9587316770186338,0.2084806756665226
microsoft-sat14-tx,2021-08-21,1,42.17114035310232,0.4694877089713715,0.962624787155995,0.2292694487340686
microsoft-sat14-tx,2021-08-21,2,41.9146702468973,0.5211736405146673,0.96634601645499,0.1944240922641041
microsoft-sat14-tx,2021-08-21,3,43.38756788583982,0.4670986959246072,0.9676576903684854,0.1995367264997164
microsoft-sat14-tx,2021-08-21,4,44.025990263997734,0.4555347068781901,0.9686180377244242,0.2105517208326141
microsoft-sat14-tx,2021-09-06,0,45.77563964673771,0.5536549535219346,0.9629978338856516,0.1559565555303152
microsoft-sat14-tx,2021-09-06,1,46.12531772054703,0.5109098760901544,0.9674776669882452,0.1626064426513281
microsoft-sat14-tx,2021-09-06,2,46.64893122315705,0.4678155540222966,0.9674844116088784,0.1707655495806831
microsoft-sat14-tx,2021-09-06,3,47.42393573021408,0.4617647544864397,0.9680962783614494,0.1616650188880053
microsoft-sat14-tx,2021-09-06,4,48.060984412452896,0.4536930779299751,0.969184373284236,0.1653708333595004
microsoft-sat14-tx,2021-09-22,2,16.49934764019788,0.2921172908754849,0.9615145094806266,0.1933642670898599
microsoft-sat14-tx,2021-09-22,3,17.359446020000007,0.3180487326139939,0.9497,0.1934510475
microsoft-sat14-tx,2021-09-22,4,23.079930742081142,0.4506196252233357,0.9635122384988014,0.1890171242300335
microsoft-sat14-tx,2021-10-08,0,36.848385914629624,0.5910809048428626,0.9630214459907304,0.144203811580564
microsoft-sat14-tx,2021-10-08,1,37.207428091355894,0.5346545020125926,0.9675408030932572,0.1512498679988681
microsoft-sat14-tx,2021-10-08,2,37.35390153704999,0.491589107672617,0.9675160706574486,0.1611055488979749
microsoft-sat14-tx,2021-10-08,3,38.03925473910046,0.4840085163522848,0.968135443036232,0.1529326002386732
microsoft-sat14-tx,2021-10-08,4,38.42935938360229,0.4674111231985614,0.9692042571733354,0.1559390457562089
microsoft-sat14-tx,2021-11-25,0,7.31923513864058,0.4334600558477551,0.9625157268812768,0.0768060435018966
microsoft-sat14-tx,2021-11-25,1,6.636486221908052,0.3642032034159146,0.9662613235882724,0.0852698072692409
microsoft-sat14-tx,2021-11-25,2,4.127241101480911,0.3348240182978921,0.9658767253464904,0.1032409650178536
microsoft-sat14-tx,2021-11-25,3,5.1564948916852105,0.3389376273829372,0.9655696971603108,0.0977525637739054
microsoft-sat14-tx,2021-11-25,4,7.512346139625801,0.3886719482186221,0.969063754639593,0.1164122780708728
microsoft-sat14-tx,2021-12-11,2,14.621612000000027,0.3482938281928407,0.9687,0.1358103325
microsoft-sat14-tx,2021-12-11,3,15.175462576714231,0.463403771885144,0.9671700600741616,0.1178771910984584
microsoft-sat14-tx,2021-12-11,4,11.993875220807425,0.3581512298197867,0.9719813845120724,0.1227680709679713
microsoft-sat14-tx,2022-01-28,0,15.876635765818277,0.5126524270344983,0.962970867311823,0.1368144776822418
microsoft-sat14-tx,2022-01-28,1,15.959894179098647,0.4406079084264412,0.9673319669403874,0.1413279108129763
microsoft-sat14-tx,2022-01-28,2,16.021624037333723,0.3729366415424132,0.967041844446514,0.1491902618645433
microsoft-sat14-tx,2022-01-28,3,15.48756387688626,0.3550412196322984,0.967683448165606,0.1411240077731654
microsoft-sat14-tx,2022-01-28,4,16.033809980105218,0.346434829057764,0.9686142338107988,0.1440857385406498
microsoft-sat14-tx,2022-02-13,0,19.86653392358115,0.4968792693042534,0.9629539039744022,0.132126171165073
microsoft-sat14-tx,2022-02-13,1,20.397542821874858,0.4243122422287842,0.9672817939587572,0.139967494206513
microsoft-sat14-tx,2022-02-13,2,20.797869067389936,0.3558324625318624,0.9670742944312046,0.1535992577742495
microsoft-sat14-tx,2022-02-13,3,21.235267590767965,0.3462224343080828,0.967622075553535,0.1463292847172652
microsoft-sat14-tx,2022-02-13,4,21.651073742252784,0.334603106363855,0.9688260070619734,0.1471317729469775
microsoft-sat14-tx,2022-03-01,0,25.51732169323813,0.408778551499468,0.9626777872996064,0.1620012777187426
microsoft-sat14-tx,2022-03-01,1,26.096461955270566,0.4088763189989089,0.9671865931015514,0.1446672829323044
microsoft-sat14-tx,2022-03-01,2,26.583932845914873,0.3508974247239392,0.9669602222664724,0.1552972983324997
microsoft-sat14-tx,2022-03-01,3,27.030739038719197,0.3404416076967149,0.9676214646114318,0.1493311668279531
microsoft-sat14-tx,2022-03-01,4,27.49049036281874,0.3278113658975181,0.968778368940088,0.1505994741946712
microsoft-sat14-tx,2022-04-02,0,38.03359518971643,0.3432290076774735,0.9626267094845012,0.2034806202164407
microsoft-sat14-tx,2022-04-02,1,38.59325088049708,0.3937158034515543,0.9670537452617316,0.1665131610189757
microsoft-sat14-tx,2022-04-02,2,38.99264257806309,0.3637962086695342,0.96702871752023,0.1767455184835662
microsoft-sat14-tx,2022-04-02,3,39.50214618145013,0.3562030242723574,0.9677287736354624,0.1694916444586986
microsoft-sat14-tx,2022-04-02,4,39.71252678368113,0.3536669120030609,0.968904283088554,0.1712847688466845
microsoft-sat14-tx,2022-04-18,0,34.86007539317679,0.3822523034845707,0.961420978809188,0.2143104302823944
microsoft-sat14-tx,2022-04-18,1,35.359340576296546,0.4091612528288414,0.9661297285662692,0.1824680506930494
microsoft-sat14-tx,2022-04-18,2,34.76346517862046,0.3951715906369447,0.9667472215757792,0.1900821421005672
microsoft-sat14-tx,2022-04-18,3,35.97075590247321,0.4031541616422223,0.9678431831955752,0.1835996014611196
microsoft-sat14-tx,2022-04-18,4,36.67408234898758,0.3910492266292815,0.9682219223062564,0.1831846623058691
microsoft-sat14-tx,2022-05-20,0,43.198038298581785,0.3727577072012852,0.9626647664544026,0.2243714338639979
microsoft-sat14-tx,2022-05-20,1,44.152441894119065,0.4380754821776415,0.9671636587385354,0.1769320136764761
microsoft-sat14-tx,2022-05-20,2,44.61684825815531,0.4183245994802241,0.9672712889363214,0.1847519004509784
microsoft-sat14-tx,2022-05-20,3,45.0549400758519,0.4151091226208644,0.9679766942013216,0.1789036360171727
microsoft-sat14-tx,2022-05-20,4,45.27026241652611,0.4206430561404328,0.9691880306136442,0.1812845774415578
microsoft-sat14-tx,2022-06-05,0,36.56563798299705,0.3576772475161683,0.9626476247308936,0.2447601096327276
microsoft-sat14-tx,2022-06-05,1,37.71864503707588,0.4267213016727871,0.9671754484948464,0.1910361593409444
microsoft-sat14-tx,2022-06-05,2,38.62025652678674,0.4095071540005848,0.9671379826351644,0.1971661579928622
microsoft-sat14-tx,2022-06-05,3,40.25575909646051,0.4144088667289102,0.9681732020290932,0.189449163449638
microsoft-sat14-tx,2022-06-05,4,40.07672532015439,0.4010247371513701,0.9687281537131924,0.1959416085513498
microsoft-sat14-tx,2022-06-21,0,47.03835664093244,0.3363651030234558,0.962541790290497,0.2776249119149216
microsoft-sat14-tx,2022-06-21,1,47.607792154654625,0.418069229408544,0.9665311507325346,0.2068440891663635
microsoft-sat14-tx,2022-06-21,2,48.344725270953774,0.396433893550345,0.96705850592704,0.2050158311270564
microsoft-sat14-tx,2022-06-21,3,48.00118030071381,0.3869148423242022,0.9675553958493384,0.2065930525640676
microsoft-sat14-tx,2022-06-21,4,48.885765800603814,0.3814578392453274,0.9685514200659056,0.2112694079668464
microsoft-sat14-tx,2022-07-07,0,48.74348739370208,0.3929182229012828,0.96261190360062,0.2403654548601394
microsoft-sat14-tx,2022-07-07,1,50.01811770802665,0.4577857619519796,0.967232581642494,0.1918544421971461
microsoft-sat14-tx,2022-07-07,2,50.06671467988497,0.4226896766233218,0.9672448564828504,0.2010342841569888
microsoft-sat14-tx,2022-07-07,3,51.21215299969408,0.4064078097118962,0.967896118415866,0.1901878925714494
microsoft-sat14-tx,2022-07-07,4,52.38171475503488,0.3976995634753362,0.968993784388245,0.1951575373191698
microsoft-sat14-tx,2022-07-23,1,43.042270994959466,0.3293022560817021,0.9622457065180768,0.2146789579448775
microsoft-sat14-tx,2022-07-23,2,45.4865837880081,0.3861335588316139,0.9671270741116148,0.2185977713446119
microsoft-sat14-tx,2022-07-23,3,47.091814144626554,0.4014578905966228,0.96780913144586,0.2010594931778308
microsoft-sat14-tx,2022-07-23,4,48.044214410647974,0.3898038955928128,0.9687772313495392,0.2014591370296074
microsoft-sat14-tx,2022-08-08,0,46.26776896395026,0.3778401509340978,0.9627028497373435,0.2522012983603386
microsoft-sat14-tx,2022-08-08,1,46.47197967853465,0.4335396970780518,0.96805244169103,0.2022392553123795
microsoft-sat14-tx,2022-08-08,2,47.14581644666448,0.3981521205419711,0.9676624913464044,0.2162078361878254
microsoft-sat14-tx,2022-08-08,3,48.321285927989805,0.3825963849552819,0.9674937723641976,0.2016146057740882
microsoft-sat14-tx,2022-08-08,4,48.82379883458013,0.3559312425786355,0.9689365952684472,0.2096712839909811
microsoft-sat14-tx,2022-09-09,0,42.30932460025248,0.3903623431854607,0.9619996712276576,0.2227103144569517
microsoft-sat14-tx,2022-09-09,1,44.85906038607211,0.4655202729426477,0.9668356448346233,0.1670965788385795
microsoft-sat14-tx,2022-09-09,2,44.55181767472848,0.4209208795718638,0.9672006192500636,0.1784735135909104
microsoft-sat14-tx,2022-09-09,3,46.08803502169122,0.4209825952702695,0.9678964495321304,0.1676386730700575
microsoft-sat14-tx,2022-09-09,4,45.968008290045034,0.4174370081523648,0.9690192086864462,0.1690999113878568
microsoft-sat14-tx,2022-09-25,0,43.437608657683505,0.3325917376134936,0.9620867926812382,0.2632665729028606
microsoft-sat14-tx,2022-09-25,1,45.637467878630176,0.4483447203746915,0.9665945268920324,0.1773010444817664
microsoft-sat14-tx,2022-09-25,2,47.28306733937475,0.4208570835885984,0.9668589776987144,0.1803830271070517
microsoft-sat14-tx,2022-09-25,3,47.4021740922912,0.411589317186856,0.9673998450590636,0.1754881006031416
microsoft-sat14-tx,2022-09-25,4,47.83656901885768,0.4107645284957728,0.9682767017969092,0.1711235252336723
microsoft-sat14-tx,2022-10-11,4,33.714990262964555,0.3651698177223919,0.9679337398117136,0.2121995517626524
microsoft-sat14-tx,2022-10-27,0,31.279217880763873,0.3749127330411967,0.9621283682904812,0.2104259116133006
microsoft-sat14-tx,2022-10-27,1,31.470905397653123,0.4223426015232132,0.9666016329081654,0.179988054598266
microsoft-sat14-tx,2022-10-27,2,31.6521446484634,0.4113823051262597,0.9667573666353948,0.1845637270352765
microsoft-sat14-tx,2022-10-27,3,32.229870511655704,0.412137711037347,0.9679789452803352,0.1677843339456483
microsoft-sat14-tx,2022-10-27,4,32.97019680311592,0.3757143161704639,0.9689019140351556,0.1737913508080037
microsoft-sat14-tx,2022-11-12,0,20.09153495852208,0.4024431224302487,0.9624301564179109,0.1844381335680003
microsoft-sat14-tx,2022-11-12,1,20.565782679625475,0.446731391443112,0.9670541619163292,0.1456577216912488
microsoft-sat14-tx,2022-11-12,2,21.067132147034226,0.4086112262979685,0.967163187987818,0.1566789210112715
microsoft-sat14-tx,2022-11-12,3,21.390365868658623,0.4053856044246168,0.96785095676363,0.1479028755902293
microsoft-sat14-tx,2022-11-12,4,21.77369326628715,0.3940234267106104,0.9690738537972629,0.1484391212399094
microsoft-sat14-tx,2022-11-28,0,23.34460786215239,0.4183085369516601,0.9627059505398624,0.1557233400869619
microsoft-sat14-tx,2022-11-28,1,23.806574078459043,0.446954438645853,0.9671870247156916,0.1330677015669936
microsoft-sat14-tx,2022-11-28,2,24.08537024701181,0.3983661994126771,0.9671411834666496,0.1464171170126927
microsoft-sat14-tx,2022-11-28,3,24.464465209299217,0.3961804327049418,0.9677629361097856,0.1391886082059686
microsoft-sat14-tx,2022-11-28,4,24.857783836895106,0.3832733919803026,0.9689628933432362,0.1397272252276127
microsoft-sat14-tx,2022-12-14,0,22.663880045512915,0.4313723733080126,0.9627098581753452,0.1592598739190004
microsoft-sat14-tx,2022-12-14,1,23.11709877484095,0.4438936630822114,0.9668747533023369,0.1334920637222996
microsoft-sat14-tx,2022-12-14,2,23.403392380616157,0.4050388146643324,0.9671115483119922,0.1429845502485018
microsoft-sat14-tx,2022-12-14,3,23.640752993602437,0.3985904939935157,0.9677419248793134,0.1360152736081227
microsoft-sat14-tx,2022-12-14,4,23.836720175134193,0.3944663562829967,0.9689658157851476,0.1364524505791768
microsoft-sat14-tx,2023-03-04,0,29.99055074551489,0.3539176593262646,0.96246051545681,0.1860704523973569
microsoft-sat14-tx,2023-03-04,1,30.75210394352567,0.387646210596724,0.9664978248706652,0.1537227682052348
microsoft-sat14-tx,2023-03-04,2,31.035991956550507,0.3661506645273845,0.966935915125823,0.1612665930787285
microsoft-sat14-tx,2023-03-04,3,31.510911533181172,0.359363617845884,0.9676468512170748,0.1530246848647324
microsoft-sat14-tx,2023-03-04,4,31.865943561499975,0.3544935248078349,0.968837682281742,0.1548374810384336
microsoft-sat14-tx,2023-05-23,0,38.51284298162488,0.4864315246194615,0.9616557769696512,0.2280292439237984
microsoft-sat14-tx,2023-05-23,1,39.27052630460741,0.5269144502054962,0.9669851320900792,0.1898672263649399
microsoft-sat14-tx,2023-05-23,2,39.63240019545158,0.5006788219519842,0.9672455947813448,0.2019088596509831
microsoft-sat14-tx,2023-05-23,3,40.20609993756684,0.5075661080154052,0.9685701997491178,0.1861939607614443
microsoft-sat14-tx,2023-05-23,4,39.73984684721327,0.4969757151454467,0.968962510601612,0.1904660548215749
microsoft-sat14-tx,2023-06-08,0,38.979475165272554,0.4727443125938548,0.9626160384540016,0.2244879418419952
microsoft-sat14-tx,2023-06-08,1,39.55129541547822,0.5369168415927408,0.9675129875950456,0.1840027746108962
microsoft-sat14-tx,2023-06-08,2,39.706035125689795,0.5060412724697013,0.967589081973502,0.1925652669936603
microsoft-sat14-tx,2023-06-08,3,40.67755521809561,0.4988700214103307,0.9681969520720513,0.1836426004704972
microsoft-sat14-tx,2023-06-08,4,41.04726918147195,0.504896131125759,0.969366632056449,0.1843088464962539
microsoft-sat14-tx,2023-06-24,0,45.090470560995456,0.4385437466261356,0.9626130846617056,0.233968055934718
microsoft-sat14-tx,2023-06-24,1,45.353248666129815,0.5024141323653378,0.9674604674835308,0.1856648809753306
microsoft-sat14-tx,2023-06-24,2,46.00828494462745,0.4674295397394216,0.967521707415728,0.1949957081047177
microsoft-sat14-tx,2023-06-24,3,46.779263157751515,0.4604777126138943,0.9681183190402896,0.1853069023332262
microsoft-sat14-tx,2023-06-24,4,46.949490445816785,0.4607110002277927,0.9692612309407016,0.1858181412624059
microsoft-sat14-tx,2023-07-10,0,47.57456462657793,0.4319974196721532,0.9625973889934788,0.2360194669138112
microsoft-sat14-tx,2023-07-10,1,48.288166403240176,0.4886234448855325,0.9674187639109364,0.1878468515144941
microsoft-sat14-tx,2023-07-10,2,48.58994323307025,0.4480640885496436,0.967419831939795,0.1984993451898445
microsoft-sat14-tx,2023-07-10,3,49.53890311955106,0.4386510175445542,0.9680158108008868,0.1879108918005188
microsoft-sat14-tx,2023-07-10,4,50.368450739015685,0.4313099904664645,0.9691487304938862,0.1883974917579451
microsoft-sat14-tx,2023-07-26,0,45.91997314020482,0.412452452104482,0.9626092853007828,0.2309829633558588
microsoft-sat14-tx,2023-07-26,1,46.78772856848819,0.4694246044696156,0.9673399598909116,0.1854740445230931
microsoft-sat14-tx,2023-07-26,2,47.01727360904163,0.4188469355777091,0.9673019041126344,0.1957252331738017
microsoft-sat14-tx,2023-07-26,3,48.00373537713523,0.4118032547788431,0.9679177577637704,0.1858056648799855
microsoft-sat14-tx,2023-07-26,4,48.76435230989471,0.3992619976073377,0.969067421155048,0.1875094608740466
microsoft-sat14-tx,2023-08-11,0,47.56210895779078,0.3980212528272396,0.9625873287780524,0.2417884612987229
microsoft-sat14-tx,2023-08-11,1,47.99188211853572,0.4598617136391537,0.9673283879642324,0.1859694613318114
microsoft-sat14-tx,2023-08-11,2,48.2731289449915,0.3986788815272189,0.9672030943966644,0.2027262871765011
microsoft-sat14-tx,2023-08-11,3,49.07872936575509,0.3973231870215681,0.9678723149158932,0.1881140303993887
microsoft-sat14-tx,2023-08-11,4,49.76456734550952,0.3867186913004185,0.9689909022302856,0.1902817897958567
microsoft-sat14-tx,2023-08-27,0,48.46331607458277,0.4104848674601886,0.9626033831861772,0.2271102267364582
microsoft-sat14-tx,2023-08-27,1,49.368530714649914,0.4647323852204359,0.967291778701161,0.1766783540659939
microsoft-sat14-tx,2023-08-27,2,49.99275834836509,0.4036190501505848,0.9671886599809724,0.1932475163625011
microsoft-sat14-tx,2023-08-27,3,50.70210069852405,0.4039105911095071,0.9678634032131233,0.1782050097330334
microsoft-sat14-tx,2023-08-27,4,51.5792552445337,0.3905554488584309,0.9689681119762656,0.1788960099598306
microsoft-sat14-tx,2023-09-12,0,36.8349461096748,0.4097720589696267,0.962191608617427,0.2330572889246286
microsoft-sat14-tx,2023-09-12,1,38.04245290550228,0.4601732809411156,0.9670555802678572,0.1879955648426191
microsoft-sat14-tx,2023-09-12,2,38.43573066127653,0.4044194844904198,0.9671581139741308,0.2080431101471932
microsoft-sat14-tx,2023-09-12,3,39.424215967936625,0.3955499103920041,0.9674215109598892,0.1913646212606555
microsoft-sat14-tx,2023-09-12,4,39.840661406562894,0.3807958436918719,0.9686134506154084,0.1983618099635643
microsoft-sat14-tx,2023-09-28,0,40.57143422083392,0.3943259095353052,0.9636252612209412,0.2237009461174939
microsoft-sat14-tx,2023-09-28,1,43.84486102333785,0.4516069409128584,0.967006553867184,0.1668309539097708
microsoft-sat14-tx,2023-09-28,2,44.65015402457306,0.3919068235847711,0.9672191612416164,0.188704371119757
microsoft-sat14-tx,2023-09-28,3,44.916943310187854,0.3958180359610579,0.9678137979493528,0.1745009818081497
microsoft-sat14-tx,2023-09-28,4,45.02906490602878,0.3851439059815115,0.968937193156837,0.1726241168315966
microsoft-sat14-tx,2023-10-14,0,19.80428644448476,0.7087303092580326,0.962614682809204,-0.0158805036400704
microsoft-sat14-tx,2023-10-14,1,18.59274572745292,0.7138911531540325,0.9664599615621234,-0.0142605087910073
microsoft-sat14-tx,2023-10-14,2,17.51822312754309,0.5470863094044299,0.9663400499053368,-0.0070038661297348
microsoft-sat14-tx,2023-10-14,3,16.251296510047126,0.4219396261362094,0.9672233503516776,0.0035673875278424
microsoft-sat14-tx,2023-10-14,4,15.581072582818368,0.3712880984525869,0.9683748274225228,0.0089220488843078
microsoft-sat14-tx,2023-11-15,0,27.378105731958595,0.4643875283016901,0.9625950637937102,0.1750549777231296
microsoft-sat14-tx,2023-11-15,1,27.720318759424135,0.5134971231707235,0.967415435920416,0.1384532552845884
microsoft-sat14-tx,2023-11-15,2,28.108954586685627,0.4473133981867548,0.9673000061527136,0.1556298690049981
microsoft-sat14-tx,2023-11-15,3,28.521806810047636,0.4603846331735897,0.9679970096791556,0.1433435229500003
microsoft-sat14-tx,2023-11-15,4,28.883819248808216,0.4541206996384883,0.9691633965918516,0.1431240530236966
microsoft-sat14-tx,2023-12-01,0,23.75061616253771,0.4628117354016448,0.9625989415577626,0.164210597886409
microsoft-sat14-tx,2023-12-01,1,24.092511056415866,0.5032177967677663,0.96739680069279,0.1322457605670993
microsoft-sat14-tx,2023-12-01,2,24.27035044802838,0.4378544636268568,0.9672826108010492,0.1487092714960916
microsoft-sat14-tx,2023-12-01,3,24.59771110337501,0.4524942009533859,0.9679826120006908,0.1379535448106414
microsoft-sat14-tx,2023-12-01,4,24.780002628704395,0.4464035140420505,0.9690758098735928,0.1377242051393322
microsoft-sat14-tx,2023-12-17,0,20.16127659359112,0.4727287086655388,0.9624331937786936,0.1533709114342401
microsoft-sat14-tx,2023-12-17,1,20.513711344302735,0.4925042045509262,0.9670300615512488,0.1311012806930383
microsoft-sat14-tx,2023-12-17,2,20.755216774215754,0.4183511013007372,0.967041656588966,0.1489632906615053
microsoft-sat14-tx,2023-12-17,3,21.114249751220395,0.4333044282228951,0.967818084994025,0.1365347825751295
microsoft-sat14-tx,2023-12-17,4,21.39573252098266,0.4286610887937823,0.9690831522754544,0.136333720703173
microsoft-sat14-tx,2024-01-18,0,17.5642897892689,0.4687460068570502,0.9626254688966198,0.147971938928056
microsoft-sat14-tx,2024-01-18,1,17.880219689118263,0.4609052135629621,0.9671411469214688,0.132115708909009
microsoft-sat14-tx,2024-01-18,2,18.396869743346524,0.3872081173517573,0.9670639812619408,0.1497838819531494
microsoft-sat14-tx,2024-01-18,3,18.762353907456585,0.3993936670333341,0.967774997514946,0.1376205027083872
microsoft-sat14-tx,2024-01-18,4,18.85531209412467,0.3877788828892125,0.9688084400484962,0.1421644810057841
microsoft-sat14-tx,2024-02-03,4,20.61402251818183,0.4206483764101909,0.972390909090909,0.1775743930555555
microsoft-sat14-tx,2024-02-19,0,21.32381217136011,0.4227142236268123,0.9622773958327812,0.1691963601113034
microsoft-sat14-tx,2024-02-19,1,21.73060526596181,0.4428116342493832,0.9670052972397212,0.1449709248105773
microsoft-sat14-tx,2024-02-19,2,22.21505660199771,0.3790249005115322,0.966921177476324,0.1664464261746928
microsoft-sat14-tx,2024-02-19,3,22.70752067113265,0.3996131486817351,0.9677339355671012,0.149020329925669
microsoft-sat14-tx,2024-02-19,4,23.016700113873195,0.400844743154186,0.9689640036239432,0.151427357809202
microsoft-sat14-tx,2024-03-06,0,31.662927059648705,0.3756245712518531,0.9625831023024098,0.1949800778244728
microsoft-sat14-tx,2024-03-06,1,31.88680007385091,0.431156265249435,0.9670981732135084,0.1545769077017496
microsoft-sat14-tx,2024-03-06,2,32.11106626564175,0.3789687933696546,0.9671575628684748,0.1809200385244332
microsoft-sat14-tx,2024-03-06,3,32.60598115918199,0.3965679273161975,0.9678051996153366,0.1593493040447937
microsoft-sat14-tx,2024-03-06,4,33.009108118858954,0.4029163666180702,0.9689582143169544,0.1605114277635115
microsoft-sat14-tx,2024-03-22,0,32.60870555983901,0.4414778692254406,0.9625887236244144,0.1859668350601814
microsoft-sat14-tx,2024-03-22,1,33.02069829361367,0.51359504264462,0.9674194706816228,0.1543765483806944
microsoft-sat14-tx,2024-03-22,2,33.37167482821158,0.4521980172173151,0.9672645902586092,0.1742017387584388
microsoft-sat14-tx,2024-03-22,3,34.17742247365968,0.4646173617006881,0.9680660835212784,0.157557509395016
microsoft-sat14-tx,2024-03-22,4,34.502485573992956,0.4723772634756203,0.9692507895441832,0.1585737937321774
microsoft-sat14-tx,2024-05-09,0,45.23191818418117,0.4518611215655826,0.9626299837267944,0.2001585077775563
microsoft-sat14-tx,2024-05-09,1,44.87246190465671,0.5191346694228233,0.9673930432008224,0.1671072454593782
microsoft-sat14-tx,2024-05-09,2,45.27108871270754,0.456471349871675,0.9673213665557732,0.1868505467864956
microsoft-sat14-tx,2024-05-09,3,46.175882936486346,0.4767966170992398,0.9682168484918116,0.1710208660263985
microsoft-sat14-tx,2024-05-09,4,46.76623247840292,0.4793367225053953,0.9692649215894896,0.1714764999689704
microsoft-sat14-tx,2024-05-25,0,41.78866206975521,0.5561357476218712,0.967160636237897,0.1283120700561895
microsoft-sat14-tx,2024-05-25,1,41.27724133720829,0.4901271534150356,0.9696138669350628,0.1885226769267577
microsoft-sat14-tx,2024-05-25,2,41.8322044305548,0.4359900240349112,0.9662003446798116,0.2143180848671342
microsoft-sat14-tx,2024-05-25,3,42.05085884810245,0.4366515544986052,0.9675619504227284,0.2007612078799769
microsoft-sat14-tx,2024-05-25,4,41.966306900080504,0.454501155663721,0.9684165909213212,0.2008252505519254
microsoft-sat14-tx,2024-06-10,3,12.605196944881405,0.4635631578720197,0.969913218521898,0.1599952386235934
microsoft-sat14-tx,2024-06-10,4,19.388481672055217,0.4691076040026995,0.9701301896540586,0.1755127999960039
microsoft-sat14-tx,2024-06-26,2,37.903110260417066,0.5538249981268417,0.9701192006950478,0.2214701050463365
microsoft-sat14-tx,2024-06-26,3,40.24848336406598,0.5698335717973644,0.965322450001669,0.1744067225359754
microsoft-sat14-tx,2024-06-26,4,38.915726172313946,0.539657041938016,0.9729117695304488,0.19313438132215
microsoft-sat14-tx,2024-07-12,0,43.2620011166192,0.3721692361961148,0.961775818947487,0.2906003581329865
microsoft-sat14-tx,2024-07-12,1,40.030183672602774,0.4857861559843854,0.9658243773870554,0.2086469377000784
microsoft-sat14-tx,2024-07-12,2,40.351410906931136,0.4414331760517523,0.967318544612525,0.2230915777610589
microsoft-sat14-tx,2024-07-12,3,42.56534888300467,0.4142636983916681,0.967453078798688,0.2211138009615591
microsoft-sat14-tx,2024-07-12,4,44.655338370798184,0.4621377304075868,0.9689256704558006,0.2057707795180023
microsoft-sat14-tx,2024-08-13,0,46.61271988146776,0.4380997040614611,0.9626833050796304,0.2328529070180692
microsoft-sat14-tx,2024-08-13,1,45.444951467263266,0.5014178155522132,0.9688665983856832,0.1859967212216724
microsoft-sat14-tx,2024-08-13,2,45.85380654359533,0.4379713987928906,0.9678391411265256,0.1914441572450666
microsoft-sat14-tx,2024-08-13,3,47.891608834689414,0.4383590203598064,0.9680651914844052,0.1876462217321791
microsoft-sat14-tx,2024-08-13,4,47.5461988302339,0.4246571697689201,0.9688048519374036,0.1961090228392892
microsoft-sat14-tx,2024-08-29,1,35.58461349500002,0.2834429274273413,0.9667166666666666,0.2786530072916667
microsoft-sat14-tx,2024-08-29,2,42.47980466828112,0.4267664069451152,0.9664930446492094,0.2219635050175463
microsoft-sat14-tx,2024-08-29,3,43.11523786490359,0.3965121075446394,0.9686432259968328,0.2093333684518166
microsoft-sat14-tx,2024-08-29,4,44.316507429318825,0.3991336748316216,0.9673454627204834,0.2036736162656115
microsoft-sat14-tx,2024-09-30,0,42.323691538157576,0.4321529213587721,0.9626046882336066,0.1881488075063133
microsoft-sat14-tx,2024-09-30,1,42.02098922108253,0.4738112609088453,0.9673032116133988,0.1602061311742694
microsoft-sat14-tx,2024-09-30,2,42.32814701601643,0.3994427997392513,0.9670329501307466,0.1852870929047135
microsoft-sat14-tx,2024-09-30,3,42.863061743752525,0.418468075041548,0.9678804320120872,0.1645090831682202
microsoft-sat14-tx,2024-09-30,4,43.13452477430978,0.4166550282763721,0.969032879093178,0.1675289023462157
microsoft-sat14-tx,2024-10-16,0,33.48643726300216,0.4032338690681191,0.9626271607583242,0.1837397142505324
microsoft-sat14-tx,2024-10-16,1,33.34260356457042,0.4360416155655915,0.9671934663212788,0.1561380924057665
microsoft-sat14-tx,2024-10-16,2,33.91944407489718,0.3677245009368703,0.9669645385659342,0.1812687052883693
microsoft-sat14-tx,2024-10-16,3,34.37037649348459,0.3849564277197225,0.9677729421567288,0.1614227453390036
microsoft-sat14-tx,2024-10-16,4,34.49631649932171,0.3792642752758745,0.9689325905668612,0.165865926279015
microsoft-sat14-tx,2024-11-17,0,29.716363732885736,0.3810806792170174,0.962234477646275,0.2553211439019969
microsoft-sat14-tx,2024-11-17,1,28.9095615936435,0.4740773687863099,0.9673483356629502,0.1730257994073738
microsoft-sat14-tx,2024-11-17,2,28.173917915293615,0.4059929426664335,0.9680595569083424,0.184486644366862
microsoft-sat14-tx,2024-11-17,3,28.794377744750538,0.4011142158405898,0.9681509358433276,0.1876826618284753
microsoft-sat14-tx,2024-11-17,4,29.801508656358497,0.374501922154633,0.9669289648227272,0.1829499180506423
microsoft-sat14-tx,2024-12-19,0,21.361139253553524,0.4429596856994939,0.9626172555280096,0.1578353231918587
microsoft-sat14-tx,2024-12-19,1,21.357453751529913,0.4564822981712021,0.9671894400256196,0.1289160609726112
microsoft-sat14-tx,2024-12-19,2,21.942063835955203,0.3729815048019799,0.9668870950888008,0.1527591990855713
microsoft-sat14-tx,2024-12-19,3,22.33035037011875,0.3883560191332595,0.9676791028090552,0.1360921849562256
microsoft-sat14-tx,2024-12-19,4,22.67633980293922,0.3800751819986132,0.9688622267421684,0.1371240976521143
microsoft-sat14-tx,2025-03-09,0,25.674858872236207,0.4217805286633836,0.9629652859108744,0.1468927643609276
microsoft-sat14-tx,2025-03-09,1,25.851061720337988,0.3841782504662608,0.9670039614780708,0.1492464154400167
microsoft-sat14-tx,2025-03-09,2,26.798925876138153,0.3135140774974305,0.9666192581875416,0.1675429746161822
microsoft-sat14-tx,2025-03-09,3,27.125944574806137,0.3108761017723819,0.9674788443262152,0.156228789061619
microsoft-sat14-tx,2025-03-09,4,27.446521453272982,0.3030979521437119,0.9686772070139998,0.1590395621835209
microsoft-sat14-tx,2025-03-25,0,40.37537380194723,0.3295938604069292,0.9625907958373427,0.1901921419746192
microsoft-sat14-tx,2025-03-25,1,40.408410751336234,0.36002404955999,0.9668968057064246,0.1646630353548135
microsoft-sat14-tx,2025-03-25,2,40.92106222549408,0.30586410639924,0.9666995465222944,0.1867482081321891
microsoft-sat14-tx,2025-03-25,3,41.667938812858885,0.3154578909027757,0.9675382024875794,0.1669657093882771
microsoft-sat14-tx,2025-03-25,4,42.23023229240257,0.3077734321307409,0.9686946980680496,0.170829564628427
microsoft-sat14-tx,2025-04-10,0,38.94941962026992,0.3615199029199566,0.9626066670009455,0.2004287629362884
microsoft-sat14-tx,2025-04-10,1,38.94784554106244,0.4191206345313173,0.9670038317849262,0.1726491752960779
microsoft-sat14-tx,2025-04-10,2,39.08207622214415,0.3789241280328709,0.966995976467774,0.1931216587796029
microsoft-sat14-tx,2025-04-10,3,39.82627326633786,0.3973294317164471,0.967867996043405,0.1735957314450656
microsoft-sat14-tx,2025-04-10,4,40.11267171509896,0.406645892822614,0.9690488894048236,0.1774101448954677
microsoft-sat14-tx,2025-05-12,0,42.12464150852477,0.4545728638976012,0.962601326927374,0.2162518701981956
microsoft-sat14-tx,2025-05-12,1,42.28978356953577,0.5015536538680447,0.9674439217265096,0.1860716553725929
microsoft-sat14-tx,2025-05-12,2,42.64346620975237,0.4331863079689353,0.9672265835923876,0.2054028155521629
microsoft-sat14-tx,2025-05-12,3,43.49012806414179,0.4467803069201246,0.9680480354700404,0.1856233074188879
microsoft-sat14-tx,2025-05-12,4,43.91949227655506,0.4436778225031667,0.9691589114303656,0.189507494128335
microsoft-sat14-tx,2025-05-28,0,38.08691474609222,0.4030944596438197,0.9636701666677168,0.2695833797087426
microsoft-sat14-tx,2025-05-28,1,37.229386021793566,0.4564092168145773,0.9677684616445836,0.2297628295233575
microsoft-sat14-tx,2025-05-28,2,37.96142807950508,0.4070970897907709,0.967073312501436,0.2303974033687483
microsoft-sat14-tx,2025-05-28,3,38.36209341127301,0.4308654247975788,0.9681441162157264,0.2098103919770751
microsoft-sat14-tx,2025-05-28,4,37.879404828651275,0.4417054067404976,0.9699104175635872,0.2019792433495851
microsoft-sat14-tx,2025-06-13,1,39.073988220005496,0.416094101666568,0.9622425473510846,0.220627301851496
microsoft-sat14-tx,2025-06-13,2,37.99721459413179,0.4865319935516247,0.965059731702866,0.2149575035690363
microsoft-sat14-tx,2025-06-13,3,39.69604781732655,0.4579923213882492,0.9667454878719808,0.216494275456102
microsoft-sat14-tx,2025-06-13,4,40.89735922851303,0.4845785009513939,0.968620799168647,0.2138799058311183
microsoft-sat14-tx,2025-06-29,0,38.99901896264623,0.291377997046401,0.9709940353604046,0.3195116469861084
microsoft-sat14-tx,2025-06-29,1,40.9662597413757,0.4749234905347728,0.9692206207658746,0.2462219239900742
microsoft-sat14-tx,2025-06-29,2,43.56533332239141,0.4392194995505002,0.9667644026403298,0.2506644125328127
microsoft-sat14-tx,2025-06-29,3,44.56402959820855,0.4852824597147687,0.9684709177367152,0.2155004168939184
microsoft-sat14-tx,2025-06-29,4,44.81866862963094,0.479765843443021,0.9693335250044705,0.2213135307835616
microsoft-sat14-tx,2025-07-15,0,36.62721654885377,0.6255810236207152,0.9519202239789196,0.2152657200688405
microsoft-sat14-tx,2025-07-15,1,38.2745648497026,0.5384270759689499,0.965766490187307,0.2026698356943695
microsoft-sat14-tx,2025-07-15,2,41.398521539145506,0.4394085615414794,0.9653670696850766,0.2178963052192209
microsoft-sat14-tx,2025-07-15,3,40.7384466518455,0.4516333428211588,0.9661854227017226,0.196201173363503
microsoft-sat14-tx,2025-07-15,4,40.50888874272278,0.4782396638569475,0.966563165162541,0.2117983525288503
microsoft-sat14-tx,2025-07-31,0,45.61988365421361,0.4422730944109477,0.9626011044812872,0.2089880677357564
microsoft-sat14-tx,2025-07-31,1,45.21037187815792,0.492927091344455,0.967377554409337,0.1810030798574567
microsoft-sat14-tx,2025-07-31,2,45.88804738229917,0.4208945312247623,0.9671776499296436,0.2009566044030484
microsoft-sat14-tx,2025-07-31,3,46.609924903838696,0.4341417985975765,0.967975141696742,0.1818376012741549
microsoft-sat14-tx,2025-07-31,4,46.947412959583374,0.4268419441346438,0.9691303424669322,0.1874638788179902
microsoft-sat14-tx,2025-08-16,2,39.88309335112105,0.6393409014424519,0.9689906572599468,0.1019499003013954
microsoft-sat14-tx,2025-08-16,3,42.55871801841151,0.4295506019191112,0.9699088641747224,0.2020910153658403
microsoft-sat14-tx,2025-08-16,4,41.0057232070647,0.4631687557511033,0.9718203280310438,0.1966944836308739
microsoft-sat14-tx,2025-09-01,0,34.44091746324033,0.4774562785187791,0.960075525879757,0.2309751873256944
microsoft-sat14-tx,2025-09-01,1,35.19055568138963,0.5485551880894105,0.9651169167211168,0.1787696424331091
microsoft-sat14-tx,2025-09-01,2,35.60668843304325,0.4670716624628624,0.9653329929780436,0.1661260973716839
microsoft-sat14-tx,2025-09-01,3,36.75971589557684,0.4931073406379553,0.9681965784131068,0.1798557011453855
microsoft-sat14-tx,2025-09-01,4,37.38320905288057,0.4652191283455541,0.967412337031636,0.1846411657138496
microsoft-sat14-tx,2025-09-17,0,31.12825929699033,0.5481904194079893,0.9633771626492452,0.1523255104711084
microsoft-sat14-tx,2025-09-17,1,32.757420862601535,0.513916119445487,0.969720396610124,0.1514124194665533
microsoft-sat14-tx,2025-09-17,2,35.6612493078387,0.4482124875243095,0.9664417372204692,0.1797082681713369
microsoft-sat14-tx,2025-09-17,3,35.51727632762907,0.4635084017658712,0.9679211211882328,0.1720442140110789
microsoft-sat14-tx,2025-09-17,4,36.62160449235383,0.431332702680033,0.9688538258479455,0.1786962533242689
microsoft-sat14-tx,2025-10-03,0,42.11560568264838,0.4463548780796836,0.9626097037546912,0.1863201912831789
microsoft-sat14-tx,2025-10-03,1,41.891844647372075,0.4908503984176047,0.9673224626066308,0.1570325926300659
microsoft-sat14-tx,2025-10-03,2,42.31861344965859,0.4180126576678466,0.967127311397521,0.1783775941350521
microsoft-sat14-tx,2025-10-03,3,43.17244775752356,0.426689732636381,0.96790736738788,0.1619403825676789
microsoft-sat14-tx,2025-10-03,4,43.71097605524163,0.4080520536852176,0.9690127219325702,0.166981667379674
microsoft-sat14-tx,2025-10-19,0,34.793916641487236,0.4314911050109943,0.962586392042996,0.1860882332086708
microsoft-sat14-tx,2025-10-19,1,34.99704132238977,0.4773642109722598,0.9673245361247594,0.152412683760956
microsoft-sat14-tx,2025-10-19,2,35.48990545767601,0.3980106878829421,0.9670746470412804,0.1779299298937875
microsoft-sat14-tx,2025-10-19,3,36.02112388295469,0.4096980777923755,0.9678687858416992,0.1588683166779631
microsoft-sat14-tx,2025-10-19,4,36.29214920982477,0.3930634761664953,0.96900609852906,0.164501256539523
microsoft-sat14-tx,2025-11-04,0,29.078478487696355,0.5192506917970252,0.9623608420799122,0.1458900941812666
microsoft-sat14-tx,2025-11-04,1,28.80095824983789,0.5289845489532984,0.9668497029319534,0.1369853774156548
microsoft-sat14-tx,2025-11-04,2,29.61225163583048,0.4380176140580562,0.9669488797140436,0.1588550400171754
microsoft-sat14-tx,2025-11-04,3,29.98445789780026,0.4426951879658741,0.9678351328383604,0.1479970749049483
microsoft-sat14-tx,2025-11-04,4,30.31966128379176,0.4183622467761623,0.9688687287778174,0.15327684596358
microsoft-sat14-tx,2025-11-20,2,26.866668339942297,0.4429704494399932,0.96972091504346,0.2704571779095264
microsoft-sat14-tx,2025-11-20,3,28.133311048573976,0.4933815102077764,0.9664178159936392,0.1939992848423252
microsoft-sat14-tx,2025-11-20,4,28.213288255801768,0.1328938883177631,0.9696040816326532,0.447479051920959
microsoft-sat14-tx,2025-12-06,0,23.31655169430805,0.4671260292412387,0.962590747063303,0.1597109573987368
microsoft-sat14-tx,2025-12-06,1,23.333585165337315,0.4952815606571435,0.967368762163759,0.1296284097157951
microsoft-sat14-tx,2025-12-06,2,23.745526537372456,0.4088986773791768,0.9671062640680974,0.151413242752011
microsoft-sat14-tx,2025-12-06,3,24.114878883972676,0.4225679722364783,0.9678690468288836,0.1354962906019192
microsoft-sat14-tx,2025-12-06,4,24.465561265832648,0.4012954529410282,0.9689597287391406,0.1389228974274535
microsoft-sat14-tx,2025-12-22,2,23.494560189830512,0.4742652864091697,0.9634152542372886,0.1260812692372881
microsoft-sat14-tx,2025-12-22,3,23.408943975813973,0.4350117848230864,0.9691720930232558,0.1230465905813953
microsoft-sat14-tx,2025-12-22,4,25.412105824571444,0.4483414501561714,0.969368571428572,0.1615125427857142
microsoft-sat14-tx,2026-01-07,0,26.064608097009195,0.4982254948469553,0.9620485725324616,0.1280790855729189
microsoft-sat14-tx,2026-01-07,1,25.957211151352887,0.4635385926319331,0.9668189955254092,0.1258724231403726
microsoft-sat14-tx,2026-01-07,2,26.68604830673882,0.3802083158139309,0.9668220390526712,0.1405217029471516
microsoft-sat14-tx,2026-01-07,3,27.079363194322873,0.3753742725704891,0.9677540196251202,0.1337092844682322
microsoft-sat14-tx,2026-01-07,4,27.61644202020966,0.3468698848463857,0.9685793746994984,0.1395482055929598
microsoft-sat14-tx,2026-02-08,0,26.30673178222106,0.3970236893548865,0.9627667173603998,0.1597836396015663
microsoft-sat14-tx,2026-02-08,1,26.518611340804977,0.3963384986106092,0.9669480664389696,0.1395378900400704
microsoft-sat14-tx,2026-02-08,2,27.041624522913192,0.3098356925203212,0.9666947327818004,0.1622625310635297
microsoft-sat14-tx,2026-02-08,3,27.527874244447712,0.3148942427126928,0.9675386838151104,0.1458156378276919
microsoft-sat14-tx,2026-02-08,4,27.92799741390462,0.3007413192784182,0.9687185112623844,0.1500442204615954
microsoft-sat14-tx,2026-02-24,0,26.377405213927975,0.4419202961368529,0.9621907079758876,0.1366576561120841
microsoft-sat14-tx,2026-02-24,1,26.31914965327868,0.4074346217830125,0.9675954627673669,0.1341473511062632
microsoft-sat14-tx,2026-02-24,2,26.993674258594293,0.3231279627666856,0.9668469854486164,0.1553850021413566
microsoft-sat14-tx,2026-02-24,3,27.374461198927403,0.3146749214649905,0.967640257846894,0.1477144504595791
microsoft-sat14-tx,2026-02-24,4,27.40014751551719,0.3023829510172353,0.96855083215457,0.1525807604822405
microsoft-sat14-tx,2026-03-12,0,26.3363889795519,0.391833169764874,0.9627281248973046,0.1698981153897408
microsoft-sat14-tx,2026-03-12,1,26.437678482208625,0.4067027538714576,0.9667924703453694,0.1498289740648062
microsoft-sat14-tx,2026-03-12,2,27.06019282680621,0.338136984165215,0.966791537829666,0.1688036550557109
microsoft-sat14-tx,2026-03-12,3,27.80152922110478,0.3375692369630145,0.9676306303578364,0.1551224112103144
microsoft-sat14-tx,2026-03-12,4,28.008209900795407,0.3220396577915814,0.968761883739072,0.1593516705064815
microsoft-sat14-tx,2026-05-15,0,35.410514336994076,0.4599182674128346,0.9626246833106196,0.1983472763736505
microsoft-sat14-tx,2026-05-15,1,35.093224531378226,0.5175628031171241,0.9673787269923464,0.1753264556487986
microsoft-sat14-tx,2026-05-15,2,35.203346543292106,0.456130582282866,0.9672837991481164,0.19128576289038
microsoft-sat14-tx,2026-05-15,3,35.82407969969234,0.4747955924053285,0.9681181635913736,0.1780820892707157
microsoft-sat14-tx,2026-05-15,4,36.02240067268814,0.4731436467637817,0.969319089353986,0.1872082561085895
microsoft-sat14-tx,2026-07-02,1,34.97337418740439,0.4682055940099266,0.9796116575591988,0.2096249232259411
microsoft-sat14-tx,2026-07-02,2,32.019432727282094,0.5218520712708624,0.9681158579932844,0.1971785848259534
microsoft-sat14-tx,2026-07-02,3,37.23587272909881,0.490478902807357,0.9671171362805312,0.1942746462274178
microsoft-sat14-tx,2026-07-02,4,37.49215234741408,0.461323328409911,0.9676314636674258,0.2140277994641349
microsoft-sat14-tx,2026-08-03,0,47.180617329412264,0.4828349127767268,0.9626296249868967,0.2035115552439614
microsoft-sat14-tx,2026-08-03,1,46.6750811283771,0.5417945533601237,0.9675183195205104,0.1759886149902196
microsoft-sat14-tx,2026-08-03,2,47.37896556368638,0.4679115901449402,0.9673543441759068,0.1958652941357403
microsoft-sat14-tx,2026-08-03,3,47.83990968839169,0.4858272011581047,0.9681596467304272,0.1800333884957751
microsoft-sat14-tx,2026-08-03,4,48.07545012675741,0.4818032230785284,0.969258935013215,0.185374298919432
microsoft-sat14-tx,2026-08-19,0,46.28989623411968,0.4499339331720162,0.9626108273809272,0.2047788298444131
microsoft-sat14-tx,2026-08-19,1,45.89353206342038,0.5055889591436444,0.9674322748991532,0.1751741581699735
microsoft-sat14-tx,2026-08-19,2,46.662374765742285,0.4294545919880111,0.9672180863924412,0.1951869719166828
microsoft-sat14-tx,2026-08-19,3,47.18935242083861,0.4481496586862837,0.9680246953382096,0.1787140247179666
microsoft-sat14-tx,2026-08-19,4,47.48506750289545,0.4381765581368643,0.9691254310237012,0.1847799502994137
microsoft-sat14-tx,2013-04-04,0,26.89937225333192,0.4752766302354712,0.9629926528974996,0.1526815033304008
microsoft-sat14-tx,2013-04-04,1,27.19190431785995,0.4614307432831179,0.967791102620003,0.1564642952483155
microsoft-sat14-tx,2013-04-04,2,27.23996182200727,0.4406522918860952,0.9679050173092444,0.1599465378586767
microsoft-sat14-tx,2013-04-04,3,27.825659036677607,0.43875787388427,0.9684987440089664,0.1547460627220529
microsoft-sat14-tx,2013-04-04,4,27.762979605459307,0.4368963714075715,0.9697302671876952,0.1580065472021408
microsoft-sat14-tx,2013-04-09,1,29.618598418868228,0.6406895362342894,0.9719371178221312,0.1745366344626615
microsoft-sat14-tx,2013-04-09,2,30.956693436631262,0.5536518153303471,0.9733373984559248,0.2028761852872966
microsoft-sat14-tx,2013-04-09,3,32.18541714252422,0.5356277676107254,0.9644762233551236,0.17464485685394
microsoft-sat14-tx,2013-04-09,4,33.253086639585014,0.4858098404798536,0.9673945937013528,0.1810263691807486
microsoft-sat14-tx,2013-04-16,4,21.89091844137725,0.3236801640108794,0.9782381237524947,0.3035050686152694
microsoft-sat14-tx,2013-05-18,0,43.179910401462706,0.5255319081983121,0.9630353848818736,0.1622140711577111
microsoft-sat14-tx,2013-05-18,1,43.08688940948972,0.5185719833757799,0.9679267863355622,0.1639334796285237
microsoft-sat14-tx,2013-05-18,2,43.01784121407485,0.4979799395805393,0.9682752921628368,0.1705893963614333
microsoft-sat14-tx,2013-05-18,3,43.74094787861631,0.4952674465079767,0.9688833382589198,0.1634407047080192
microsoft-sat14-tx,2013-05-18,4,43.79918234034785,0.4994953956983073,0.970953515373587,0.1668625407646
microsoft-sat14-tx,2013-06-03,0,40.25852177884376,0.5539381037942775,0.9630979245962492,0.1646800179242772
microsoft-sat14-tx,2013-06-03,1,40.77930661062862,0.5413274484365226,0.9681863522762651,0.1696015966461589
microsoft-sat14-tx,2013-06-03,2,40.47382664346284,0.5224524152591074,0.9686917958436814,0.1766413220071995
microsoft-sat14-tx,2013-06-03,3,41.12653180847729,0.5159558682085387,0.9690893751670484,0.1702979023983403
microsoft-sat14-tx,2013-06-03,4,41.46451743819547,0.5254164685351822,0.9713001704326872,0.1722784424324844
microsoft-sat14-tx,2013-06-19,0,40.744918103697685,0.5449651562699755,0.9632700712197076,0.1899932185760957
microsoft-sat14-tx,2013-06-19,1,41.430654384336,0.5544529344688096,0.9698301036983324,0.1848121094121201
microsoft-sat14-tx,2013-06-19,2,41.0230456439235,0.5245647917907056,0.9687903210782108,0.1913077199868251
microsoft-sat14-tx,2013-06-19,3,41.704674321319295,0.5207065777958214,0.9690595113713422,0.1821607215005726
microsoft-sat14-tx,2013-06-19,4,41.77989284897669,0.5149399306985306,0.9702078982123896,0.1901500266993653
microsoft-sat14-tx,2013-07-05,0,44.08066437691623,0.5370611031000184,0.9630601456839556,0.1666828516244604
microsoft-sat14-tx,2013-07-05,1,44.490778062707555,0.5257474434360209,0.9681256131448392,0.1681089181048952
microsoft-sat14-tx,2013-07-05,2,44.36124818291259,0.5038045386508381,0.9683332030755892,0.1779237306047022
microsoft-sat14-tx,2013-07-05,3,45.530815274762325,0.4963034169422205,0.9687986680506758,0.1694472883368667
microsoft-sat14-tx,2013-07-05,4,45.58032320742591,0.4962113510088157,0.9701289607620408,0.1738041084218079
microsoft-sat14-tx,2013-07-21,2,38.29432079211106,0.6135545798493917,0.9758930579198228,0.157428003426382
microsoft-sat14-tx,2013-07-21,3,42.653985535209905,0.5236308736213336,0.9728160534736128,0.1887317978325425
microsoft-sat14-tx,2013-07-21,4,45.95653481891313,0.4885332118177514,0.9723567932249784,0.2000868779365268
microsoft-sat14-tx,2013-08-06,0,46.24893454121869,0.4912611502463629,0.9630195255699068,0.1635930126711533
microsoft-sat14-tx,2013-08-06,1,46.13739387463565,0.4731698287123211,0.9679467313374988,0.1667211149156418
microsoft-sat14-tx,2013-08-06,2,46.38496487513923,0.4396325421132095,0.9680295510608604,0.176742763226023
microsoft-sat14-tx,2013-08-06,3,46.953145733985295,0.4377899781961734,0.9685331489020051,0.1666347254523884
microsoft-sat14-tx,2013-08-06,4,47.52580309184885,0.4296687119906553,0.969846632068414,0.1711637124454134
microsoft-sat14-tx,2013-08-22,4,32.96270732000002,0.4146582978386854,0.97175,0.2387173949999999
microsoft-sat14-tx,2013-09-07,0,48.69160774293368,0.4956564380947394,0.9630071629463192,0.1698304193499717
microsoft-sat14-tx,2013-09-07,1,48.577143231859864,0.4673349950822459,0.967658268614699,0.1748395322872752
microsoft-sat14-tx,2013-09-07,2,48.2183591921976,0.4498649833084177,0.9673077214354308,0.1737002790667655
microsoft-sat14-tx,2013-09-07,3,46.22963775700445,0.4682569918966001,0.9678215920585024,0.1491220981005781
microsoft-sat14-tx,2013-09-07,4,46.88684701834839,0.4319076347510445,0.9702294746274778,0.16890435444492
microsoft-sat14-tx,2013-09-23,0,38.1279165187983,0.5393489793650569,0.9629918351346326,0.1470251518337671
microsoft-sat14-tx,2013-09-23,1,38.61654024644271,0.5190553956410893,0.967812669153226,0.1505614621484377
microsoft-sat14-tx,2013-09-23,2,38.4552808404331,0.4885845671668924,0.967878370062868,0.1592180102958502
microsoft-sat14-tx,2013-09-23,3,39.368108081114634,0.4816010247707946,0.9684451634917124,0.151152595327771
microsoft-sat14-tx,2013-09-23,4,39.63643751016663,0.4677448700790633,0.969602194135188,0.1552168564571063
microsoft-sat14-tx,2013-10-09,0,34.07833679780518,0.5558044342870829,0.9632089210415248,0.1485544887444854
microsoft-sat14-tx,2013-10-09,1,34.13418595386377,0.5408394469358256,0.968840337921257,0.1468972024924243
microsoft-sat14-tx,2013-10-09,2,34.421973030713666,0.4953737648621319,0.9681194937912496,0.1671539064346418
microsoft-sat14-tx,2013-10-09,3,35.623309962835776,0.4961871344238429,0.9687094126668252,0.1508580457095382
microsoft-sat14-tx,2013-10-09,4,36.0270480194935,0.4814195164599981,0.9703851220635502,0.1530840884615449
microsoft-sat14-tx,2013-10-25,0,30.81043119346786,0.5526680426217357,0.9628508682005064,0.2104834307669463
microsoft-sat14-tx,2013-10-25,1,30.544142383147225,0.5805307143350916,0.9672819657405898,0.1168440136006764
microsoft-sat14-tx,2013-10-25,2,30.028763541823334,0.5421637361847945,0.9679984805679764,0.1191835673683107
microsoft-sat14-tx,2013-10-25,3,30.8490911004825,0.5339150902564193,0.968727804071804,0.155830410935452
microsoft-sat14-tx,2013-10-25,4,31.21219037183385,0.5231199968682309,0.9713055872056084,0.1700543166294013
microsoft-sat14-tx,2013-12-28,1,12.626275364078968,0.3291198306210739,0.968922648026316,0.1468677037417763
microsoft-sat14-tx,2013-12-28,2,13.97332087842512,0.3312635429892336,0.9660424705888742,0.147903079657976
microsoft-sat14-tx,2013-12-28,3,15.238894136802136,0.3981836301985184,0.9700780852538504,0.1282601694408672
microsoft-sat14-tx,2013-12-28,4,14.474684957468158,0.3973704041410864,0.9719527876749148,0.1130277529101378
microsoft-sat14-tx,2014-01-13,0,21.34900577073945,0.4796250760541283,0.9629945514383808,0.1276326109401993
microsoft-sat14-tx,2014-01-13,1,21.415330337616904,0.4187305150383909,0.9677234651818184,0.1316829644857188
microsoft-sat14-tx,2014-01-13,2,21.602897721462305,0.3731190023208219,0.967576354575536,0.1390817400956638
microsoft-sat14-tx,2014-01-13,3,22.01767505574076,0.3669868251380146,0.9681623667420272,0.1316356278236757
microsoft-sat14-tx,2014-01-13,4,22.076147279704543,0.3589883939441305,0.9695018378459036,0.1351264053827472
microsoft-sat14-tx,2014-01-29,0,12.474196184098876,0.4647296620991022,0.962981493214941,0.1299371844262556
microsoft-sat14-tx,2014-01-29,1,12.753796482216533,0.4084283039419237,0.967691382775881,0.1341250536594525
microsoft-sat14-tx,2014-01-29,2,13.076219686802323,0.3615803810162707,0.9675663160126596,0.1415775738884223
microsoft-sat14-tx,2014-01-29,3,13.291149128000534,0.3669383124642076,0.9683759309856004,0.1343496863354077
microsoft-sat14-tx,2014-01-29,4,14.051952186463229,0.3564140592440183,0.9702025357233236,0.137474282256779
microsoft-sat14-tx,2014-02-14,0,26.75387513473136,0.4814073478207849,0.9627610131587484,0.1257750192396178
microsoft-sat14-tx,2014-02-14,1,27.171993771889483,0.3875849955096853,0.9669789148067066,0.1432241209616385
microsoft-sat14-tx,2014-02-14,2,27.30300582520165,0.3670529022445983,0.967628398073024,0.1412818340155876
microsoft-sat14-tx,2014-02-14,3,27.700172475342647,0.3706211356064138,0.9680627912475324,0.1338937882173952
microsoft-sat14-tx,2014-02-14,4,28.101463122438386,0.3554837075825509,0.9698158085392876,0.1377233749149514
microsoft-sat14-tx,2014-03-18,0,31.547642506093805,0.4296490784267835,0.9629330496537978,0.1407888914023674
microsoft-sat14-tx,2014-03-18,1,31.62041706961053,0.3793153575339263,0.967556417854684,0.1572982456455573
microsoft-sat14-tx,2014-03-18,2,32.14457406009214,0.3656105275810754,0.9676153503736814,0.1513458643445215
microsoft-sat14-tx,2014-03-18,3,32.46758571168045,0.3723110186937879,0.9683313047901037,0.1426672592466824
microsoft-sat14-tx,2014-03-18,4,33.24129557541813,0.3611535729235474,0.9702874957384732,0.1466697376033184
microsoft-sat14-tx,2014-05-05,0,42.594804377449606,0.4322553881748938,0.9629407381745771,0.1632211552018084
microsoft-sat14-tx,2014-05-05,1,42.5045085654473,0.3950578030411045,0.967528391762443,0.1799337123669752
microsoft-sat14-tx,2014-05-05,2,42.7650425453156,0.3899197253714827,0.9677613369996344,0.1757328383032136
microsoft-sat14-tx,2014-05-05,3,43.20615075822763,0.4008470126123871,0.9684578564115416,0.1652451759228146
microsoft-sat14-tx,2014-05-05,4,43.92769340708273,0.3923304255175988,0.9701872417965138,0.1712082125842712
microsoft-sat14-tx,2014-05-21,0,39.02574549754853,0.4838259290702035,0.9637508369184404,0.1848432641064867
microsoft-sat14-tx,2014-05-21,1,38.946222104368765,0.4298148407167253,0.9644900125559436,0.1952205372874999
microsoft-sat14-tx,2014-05-21,2,38.807386527477995,0.4569111394737954,0.967516710169684,0.1821682773122081
microsoft-sat14-tx,2014-05-21,3,39.0331603077737,0.4545808565578729,0.9676216317457498,0.1917023662679739
microsoft-sat14-tx,2014-05-21,4,39.78314048859539,0.4581748818266361,0.9702244338900275,0.1898112020176358
microsoft-sat14-tx,2014-06-06,0,38.01646343694434,0.5568605264399369,0.9633901808136623,0.1738507867493394
microsoft-sat14-tx,2014-06-06,1,37.79129563994552,0.503830070089969,0.967522438071562,0.190544053059214
microsoft-sat14-tx,2014-06-06,2,35.9845589677153,0.5689051948607432,0.9714398685621264,0.1888701292862718
microsoft-sat14-tx,2014-06-06,3,37.54560085785226,0.5520748192018932,0.9706484961806212,0.1831658182953589
microsoft-sat14-tx,2014-06-06,4,39.74540082843895,0.4975221531724686,0.9653827151743496,0.2046019916673021
microsoft-sat14-tx,2014-07-08,0,46.07487702322061,0.5230114723884809,0.9630687641023092,0.1641563287286271
microsoft-sat14-tx,2014-07-08,1,46.12217804220653,0.4723278167563116,0.9678834776399424,0.1813005430682499
microsoft-sat14-tx,2014-07-08,2,46.15061787335634,0.4696540414210481,0.9681602793027604,0.1803807258513389
microsoft-sat14-tx,2014-07-08,3,46.798461324764325,0.4768253529073913,0.9687214622357512,0.1697146550889926
microsoft-sat14-tx,2014-07-08,4,47.074470698800006,0.4628126958200291,0.9698583447650372,0.1762097675678158
microsoft-sat14-tx,2014-08-09,0,47.347477465988334,0.5171210494861164,0.963054778716288,0.1677209643960683
microsoft-sat14-tx,2014-08-09,1,47.415276401756394,0.4639509672970161,0.967806625899224,0.1841300657632577
microsoft-sat14-tx,2014-08-09,2,46.621705641114126,0.4595464871650176,0.9682106536455014,0.1852227606517934
microsoft-sat14-tx,2014-08-09,3,47.36484855920263,0.4543510295965475,0.9684684137453404,0.1753781746421273
microsoft-sat14-tx,2014-08-09,4,46.94467862690266,0.4340986750889504,0.9697575999240003,0.1875089073460455
microsoft-sat14-tx,2014-08-25,0,47.51029508761421,0.5060422192332296,0.9630469785166336,0.1609158798723898
microsoft-sat14-tx,2014-08-25,1,47.46648805267608,0.4490927079849695,0.9677872930166116,0.1763945351944189
microsoft-sat14-tx,2014-08-25,2,47.73099321358619,0.4351047680870428,0.9679876774459324,0.1755908137461997
microsoft-sat14-tx,2014-08-25,3,48.55299460418287,0.4344349766370824,0.9685454251703148,0.1654250111866657
microsoft-sat14-tx,2014-08-25,4,48.95944072593911,0.415031716521398,0.9696376392568956,0.1727860339749878
microsoft-sat14-tx,2014-09-10,0,44.4442276000508,0.5258499371461992,0.9630520738083432,0.1482502771470264
microsoft-sat14-tx,2014-09-10,1,44.64856771593809,0.4680000382837738,0.9679155304920176,0.1625659953863667
microsoft-sat14-tx,2014-09-10,2,44.92189497869853,0.4579336281286785,0.9681070397313392,0.1640188294540586
microsoft-sat14-tx,2014-09-10,3,45.77848010867414,0.4514292014019035,0.9686260566473426,0.1549201335477341
microsoft-sat14-tx,2014-09-10,4,46.58671844770513,0.4210255493131449,0.9695873580953598,0.160245714880681
microsoft-sat14-tx,2014-11-29,0,22.196822437936113,0.5901289785483542,0.9651623319654732,0.0830593447951241
microsoft-sat14-tx,2014-11-29,1,22.773959737240077,0.3485993478005486,0.966335574811662,0.1443481850912765
microsoft-sat14-tx,2014-11-29,2,23.971654753141703,0.4381470379237896,0.967780067219548,0.1445147790847162
microsoft-sat14-tx,2014-11-29,3,23.821722381284477,0.425580674878583,0.9685251835732848,0.1526330260638995
microsoft-sat14-tx,2014-11-29,4,24.025690176402247,0.3934031107331011,0.9692524123723738,0.1680942007142771
microsoft-sat14-tx,2014-12-15,0,24.500041715259645,0.5398260196142038,0.9630486454947854,0.1227236247912402
microsoft-sat14-tx,2014-12-15,1,24.866121661455036,0.4556836939526936,0.967715957186589,0.1308181728067852
microsoft-sat14-tx,2014-12-15,2,24.973322065747865,0.4378801560816439,0.967853944895235,0.1365617792360383
microsoft-sat14-tx,2014-12-15,3,25.376602838298037,0.4368591132900219,0.9684009027477332,0.1301077561170739
microsoft-sat14-tx,2014-12-15,4,25.501997042300104,0.4188789017337985,0.96949208766646,0.1328569316891903
microsoft-sat14-tx,2015-01-16,0,17.994847881357707,0.510370064747281,0.9630075308028596,0.130223372617844
microsoft-sat14-tx,2015-01-16,1,18.13935958363887,0.4313573497915441,0.9674909019226516,0.1343802599683608
microsoft-sat14-tx,2015-01-16,2,17.927346865443564,0.407286504333175,0.9676320574936752,0.1435355969455457
microsoft-sat14-tx,2015-01-16,3,17.854461369882532,0.4017131749747192,0.9682098623711636,0.141771731008187
microsoft-sat14-tx,2015-01-16,4,17.661841384936565,0.3854724059710147,0.9693500635481864,0.1421693315732413
microsoft-sat14-tx,2015-02-01,0,14.801588257957391,0.6840016764241876,0.9654253404381292,0.0927633956853167
microsoft-sat14-tx,2015-02-01,1,16.339857485943774,0.4428453169731239,0.9643016456942304,0.11417748409016
microsoft-sat14-tx,2015-02-01,2,19.389655836832013,0.4207784372485515,0.966646165015596,0.1341790015996176
microsoft-sat14-tx,2015-02-01,3,19.931039226369183,0.4612688387224347,0.9677699355572544,0.1236986400147697
microsoft-sat14-tx,2015-02-01,4,19.943799988795742,0.4179126458018482,0.967262033003878,0.1388297776667198
microsoft-sat14-tx,2015-03-05,0,12.628626795855707,0.5005412440819677,0.9630083891347874,0.1261175743867007
microsoft-sat14-tx,2015-03-05,1,12.755520398554856,0.4375405948233999,0.9675754691927272,0.1398739309568257
microsoft-sat14-tx,2015-03-05,2,13.064712011900507,0.4315177077150685,0.9677508593478436,0.1415335775176093
microsoft-sat14-tx,2015-03-05,3,13.204275523218598,0.431857270786496,0.968414036384254,0.1341653348128113
microsoft-sat14-tx,2015-03-05,4,13.349035914194593,0.4305893684388984,0.970167004059498,0.1351227954281704
microsoft-sat14-tx,2015-06-09,0,44.011587510665144,0.5979706249392845,0.9631468992018404,0.1622823861585772
microsoft-sat14-tx,2015-06-09,1,44.921292789272286,0.5345031065834263,0.9681074226114942,0.1779257994088962
microsoft-sat14-tx,2015-06-09,2,44.55153699471564,0.537581460682502,0.9684261650560022,0.1737418752634037
microsoft-sat14-tx,2015-06-09,3,45.575744240096995,0.5338159725668089,0.9689233093594394,0.168515939954567
microsoft-sat14-tx,2015-06-09,4,45.52345280089019,0.535200740181856,0.9701592974364044,0.171006856382377
microsoft-sat14-tx,2015-06-25,0,37.39568008678702,0.666327155416079,0.9647770234310586,0.1644248711082362
microsoft-sat14-tx,2015-06-25,1,37.621939718775074,0.6061718886822699,0.9684922239802752,0.1656898772467291
microsoft-sat14-tx,2015-06-25,2,42.66984956607691,0.5539952392403135,0.9662306776206768,0.1978808089377568
microsoft-sat14-tx,2015-06-25,3,43.0492910351103,0.5550013868717225,0.9691194032465168,0.1869001213683915
microsoft-sat14-tx,2015-06-25,4,42.069653904738814,0.5621647892192304,0.9702188522225352,0.1893685519404914
microsoft-sat14-tx,2015-07-11,0,39.7565320704528,0.60145376186099,0.9633021177067354,0.1665624675414123
microsoft-sat14-tx,2015-07-11,1,40.03867580253144,0.5339813644782315,0.9674209991617836,0.1920205733542906
microsoft-sat14-tx,2015-07-11,2,40.392617653622366,0.5202317023955061,0.9677838068800686,0.1957455382181023
microsoft-sat14-tx,2015-07-11,3,41.03640270305128,0.5324524173331427,0.968191620132548,0.1870712359267521
microsoft-sat14-tx,2015-07-11,4,40.51602108343329,0.542474790954974,0.969701174871748,0.1828631628986185
microsoft-sat14-tx,2015-07-27,0,43.60077772805777,0.5540097700812733,0.9630970380027284,0.1601687997015666
microsoft-sat14-tx,2015-07-27,1,43.75891985423544,0.5114682095972183,0.9679922378286384,0.1720644812052475
microsoft-sat14-tx,2015-07-27,2,43.7146692886937,0.5019741866334442,0.968225790196292,0.1726131833870929
microsoft-sat14-tx,2015-07-27,3,43.98489478136585,0.4999760651822586,0.9687377345730126,0.1655841859379977
microsoft-sat14-tx,2015-07-27,4,44.06140458334909,0.4989046790144681,0.9700125280217872,0.1694341290511151
microsoft-sat14-tx,2015-08-12,0,43.9018248965771,0.5156388850452739,0.963071626728176,0.1616722210292006
microsoft-sat14-tx,2015-08-12,1,44.35003385479097,0.4758234085905657,0.9678881776953971,0.1702900579621052
microsoft-sat14-tx,2015-08-12,2,44.53194107324919,0.462333613361005,0.968064046471963,0.1713966467598827
microsoft-sat14-tx,2015-08-12,3,45.16783494619136,0.4599188065981331,0.968611188227959,0.1645558879058373
microsoft-sat14-tx,2015-08-12,4,45.22894043823726,0.4516285487535091,0.969813065756032,0.1690720958570406
microsoft-sat14-tx,2015-08-28,0,43.35079688049833,0.5152544830732191,0.9630384818054626,0.1540976387249006
microsoft-sat14-tx,2015-08-28,1,43.60041047432165,0.4665287099504945,0.967757742344708,0.1623645259212553
microsoft-sat14-tx,2015-08-28,2,43.56820891698001,0.4533729446950814,0.9679320636463874,0.1640924780263684
microsoft-sat14-tx,2015-08-28,3,44.12685354193841,0.4556164705186409,0.9685067347519972,0.1575540950150398
microsoft-sat14-tx,2015-08-28,4,44.29930258035834,0.4429743947436046,0.9696981302884984,0.1620665420240042
microsoft-sat14-tx,2015-09-13,0,37.93617849583944,0.5343093584540438,0.9630699223717888,0.1470071248238094
microsoft-sat14-tx,2015-09-13,1,38.53543448838068,0.4773015786772489,0.9678780961858372,0.1559465264538443
microsoft-sat14-tx,2015-09-13,2,38.91052527148837,0.4579418748445639,0.9680098713437336,0.1584014580263844
microsoft-sat14-tx,2015-09-13,3,39.521061601246174,0.4546767999877698,0.9685265306370544,0.150496043099424
microsoft-sat14-tx,2015-09-13,4,39.700856187046696,0.4370149838599482,0.9696731986398835,0.1541051102971469
microsoft-sat14-tx,2015-09-29,0,40.66836597964298,0.5195049587450888,0.9630669407737322,0.1494114975467682
microsoft-sat14-tx,2015-09-29,1,41.26424324372034,0.4739192380187445,0.9678847827044748,0.1525389250971352
microsoft-sat14-tx,2015-09-29,2,41.110877070887845,0.4518110070268089,0.9679750798428334,0.1543442291405106
microsoft-sat14-tx,2015-09-29,3,41.58469117447422,0.4503327785229435,0.9685629009685698,0.1464699270204208
microsoft-sat14-tx,2015-09-29,4,41.99130266060267,0.4293200804757849,0.9697169824514044,0.1538483322713895
microsoft-sat14-tx,2015-10-15,0,37.837169917874085,0.5143136571363676,0.9630558544801489,0.1440824963217993
microsoft-sat14-tx,2015-10-15,1,38.52998918040521,0.4545421007003153,0.9678538447748016,0.1482599878616693
microsoft-sat14-tx,2015-10-15,2,38.67102218766808,0.4313680504195376,0.9679612427719791,0.1528267177884444
microsoft-sat14-tx,2015-10-15,3,39.060970959463965,0.4294154713697019,0.9684742161795754,0.1447636749681932
microsoft-sat14-tx,2015-10-15,4,39.41673978678662,0.4067764329914674,0.969583474928732,0.1501478949204639
microsoft-sat14-tx,2015-10-31,0,30.160339548038905,0.573176216434047,0.9630920452732512,0.1269435646016825
microsoft-sat14-tx,2015-10-31,1,30.651870473456857,0.504505159222207,0.9679376182192464,0.1339545122327428
microsoft-sat14-tx,2015-10-31,2,30.694023609888124,0.4743458717235743,0.9680758183582432,0.1363385955887243
microsoft-sat14-tx,2015-10-31,3,31.194614107624236,0.4743423383994256,0.9686065227455054,0.1299349038969184
microsoft-sat14-tx,2015-10-31,4,31.12772302563883,0.4549678887898555,0.969638400591789,0.1302398485310324
microsoft-sat14-tx,2015-12-02,0,20.69553638644393,0.600986198209972,0.9631206113620746,0.1273728674560578
microsoft-sat14-tx,2015-12-02,1,20.985476843860507,0.523407725319627,0.9680433402967138,0.1336370027454023
microsoft-sat14-tx,2015-12-02,2,21.06361385005997,0.5067314108501012,0.9681963104233337,0.1389952950278229
microsoft-sat14-tx,2015-12-02,3,21.373843758547853,0.5055472392415722,0.9687160530780738,0.1320612516432669
microsoft-sat14-tx,2015-12-02,4,21.566129040864126,0.4874657344349453,0.9697713659210538,0.1328517334200209
microsoft-sat14-tx,2015-12-18,0,16.493572366922475,0.585670936712248,0.963013966241074,0.1261375633512209
microsoft-sat14-tx,2015-12-18,1,16.898555156699565,0.5081387783772533,0.9676478931335968,0.1314598602384402
microsoft-sat14-tx,2015-12-18,2,17.076173038941217,0.487505918125673,0.967745915225488,0.1374331302185027
microsoft-sat14-tx,2015-12-18,3,17.425275293424495,0.4808703550590626,0.9683172746407516,0.1315028055575798
microsoft-sat14-tx,2015-12-18,4,17.606938025908722,0.4668552795539999,0.969439603795976,0.1356194050618277
microsoft-sat14-tx,2016-01-03,0,17.077340686045105,0.6136086983245516,0.9631072586710696,0.1138194805196143
microsoft-sat14-tx,2016-01-03,1,17.34709655621215,0.5338910640137557,0.9679838718940136,0.1192251418703026
microsoft-sat14-tx,2016-01-03,2,17.407190756938125,0.5086916535511345,0.9681308689623134,0.1247000638613509
microsoft-sat14-tx,2016-01-03,3,17.922043720593724,0.5017543794382877,0.968645898749162,0.1191700600694547
microsoft-sat14-tx,2016-01-03,4,18.13814167860667,0.4900915730674599,0.9697645849888265,0.1219706976653805
microsoft-sat14-tx,2016-01-19,4,11.060718764000027,0.4679092984993939,0.9713300000000002,0.2051014389999999
microsoft-sat14-tx,2016-02-04,0,18.22034258138284,0.5340207463168822,0.9630517775174496,0.1301263256210143
microsoft-sat14-tx,2016-02-04,1,18.635549699848212,0.46551332099763,0.9677764719198406,0.1364184656327969
microsoft-sat14-tx,2016-02-04,2,18.77837710227421,0.4454211501910414,0.9678935147138086,0.1425958124837039
microsoft-sat14-tx,2016-02-04,3,19.23192106301077,0.4354111561922165,0.9684142230356022,0.1369393326377183
microsoft-sat14-tx,2016-02-04,4,19.46899884009511,0.4295250065814268,0.9696620320745124,0.1415233510099266
microsoft-sat14-tx,2016-03-23,0,29.979683660845858,0.5190150844833251,0.9625430485629828,0.16220572510428
microsoft-sat14-tx,2016-03-23,1,31.398026761327696,0.4929420573714744,0.9679367535804514,0.1633667205401438
microsoft-sat14-tx,2016-03-23,2,31.121389202712553,0.4912212273317348,0.9684477304622564,0.1689232423501989
microsoft-sat14-tx,2016-03-23,3,31.375164142077313,0.4916117632270076,0.968474625297668,0.16187743676955
microsoft-sat14-tx,2016-03-23,4,31.294746675212377,0.4905997790222822,0.9693619523632068,0.1655931145484354
microsoft-sat14-tx,2016-05-10,0,40.27795433475306,0.5804899517800305,0.9630242963091296,0.1540228151934781
microsoft-sat14-tx,2016-05-10,1,40.76140887841606,0.5352924821333296,0.9676695810575716,0.1632271623046049
microsoft-sat14-tx,2016-05-10,2,40.33904324395223,0.5310443326481765,0.9679200113939056,0.164428945854881
microsoft-sat14-tx,2016-05-10,3,41.06369996892406,0.5284135108122208,0.968517288766132,0.1602922317104042
microsoft-sat14-tx,2016-05-10,4,41.20929093650409,0.5207152122357401,0.9698858210238336,0.1634763076026996
microsoft-sat14-tx,2016-06-11,0,36.11028263090861,0.586228283133481,0.9597385064527552,0.2039532038449837
microsoft-sat14-tx,2016-06-11,1,37.776455778056864,0.617640784732346,0.9675856401414212,0.1602728940271754
microsoft-sat14-tx,2016-06-11,2,37.923955332781745,0.5581487229453622,0.9678488719814689,0.1930782114165325
microsoft-sat14-tx,2016-06-11,3,38.06041382726998,0.6102341698910629,0.9700899854255468,0.1689258093324334
microsoft-sat14-tx,2016-06-11,4,37.57100099120395,0.5606151306613874,0.9694285894979596,0.1890261986703405
microsoft-sat14-tx,2016-06-27,0,36.168657173622115,0.5508561330053922,0.9630603075043668,0.1808884372410306
microsoft-sat14-tx,2016-06-27,1,36.34202599955607,0.513585113676872,0.9677028973441244,0.1876053241802432
microsoft-sat14-tx,2016-06-27,2,33.73377431760895,0.4923518804981195,0.9676890381850796,0.1972676509174175
microsoft-sat14-tx,2016-06-27,3,34.15612905246986,0.5004568265544763,0.96777409886508,0.1891233224097977
microsoft-sat14-tx,2016-06-27,4,37.65112420246633,0.517569697151879,0.969429192200066,0.1818636245861758
microsoft-sat14-tx,2016-07-13,0,44.42568733605469,0.5827870678935615,0.9616446489604966,0.153303590024442
microsoft-sat14-tx,2016-07-13,1,45.01293043575199,0.4977174693262874,0.9671544413501804,0.171480257275181
microsoft-sat14-tx,2016-07-13,2,44.20227770379821,0.4847415573381805,0.9683279933150686,0.1782132095905893
microsoft-sat14-tx,2016-07-13,3,45.87450927955076,0.4747038674767002,0.9686382227698812,0.1717037475907038
microsoft-sat14-tx,2016-07-13,4,45.58358527088332,0.4687386626498722,0.9699065893021956,0.175629576366449
microsoft-sat14-tx,2016-08-14,4,37.672055276000016,0.4954802962061439,0.96584,0.2019387684999999
microsoft-sat14-tx,2016-08-30,3,31.326979255378888,0.4417816289399441,0.969369761650658,0.1985873687557809
microsoft-sat14-tx,2016-08-30,4,28.509812360905435,0.5851632259572979,0.9674010411803148,0.1327228833953216
microsoft-sat14-tx,2016-09-15,0,42.11718151888988,0.6282868484842894,0.9631407418212344,0.1585696863080787
microsoft-sat14-tx,2016-09-15,1,41.53383676855095,0.5797451781924325,0.967995882227368,0.1659341855935616
microsoft-sat14-tx,2016-09-15,2,40.45736093881999,0.5426709187512386,0.9688528348970452,0.1694816226927809
microsoft-sat14-tx,2016-09-15,3,40.14274974274344,0.5361136777351448,0.9685636363350248,0.1720350739956893
microsoft-sat14-tx,2016-09-15,4,41.36584418456717,0.5506008048554596,0.970439389780481,0.1680508482117487
microsoft-sat14-tx,2016-10-01,3,-13.529235554804,0.3901942546956087,0.9679273132617098,0.1676192413566798
microsoft-sat14-tx,2016-10-01,4,-2.6557204297902697,0.4630272264133124,0.969423782455062,0.1759771968485943
microsoft-sat14-tx,2016-10-17,0,35.034063412436204,0.5338722657287467,0.9649068470544258,0.1608413653300536
microsoft-sat14-tx,2016-10-17,1,35.31626686180941,0.5062878958768501,0.9723127213499252,0.175426765387566
microsoft-sat14-tx,2016-10-17,2,35.17520501890305,0.492327632763624,0.9702166103093492,0.1822484533300671
microsoft-sat14-tx,2016-10-17,3,36.498649562114025,0.4868472836697849,0.9687152098438284,0.1627519581274973
microsoft-sat14-tx,2016-10-17,4,36.044040949624055,0.5028606460629779,0.9702417529195788,0.1566563678861399
microsoft-sat14-tx,2016-11-18,2,28.413350435825492,0.4794699981990161,0.9690078955620632,0.1428229218042661
microsoft-sat14-tx,2016-11-18,3,30.28909258975961,0.4900305384582352,0.9694989577487826,0.146473779028377
microsoft-sat14-tx,2016-11-18,4,29.608321567980067,0.4655510448836472,0.9713770230097734,0.1776816369367732
microsoft-sat14-tx,2017-01-05,0,16.145630865798662,0.2913951585898126,0.9626400886137714,0.2661187205058357
microsoft-sat14-tx,2017-01-05,1,16.46864606211952,0.2933968982053928,0.966276108355298,0.2554891156393392
microsoft-sat14-tx,2017-01-05,2,16.362884237545142,0.267282960385546,0.9663114249161724,0.2658649413687179
microsoft-sat14-tx,2017-01-05,3,15.894470625967864,0.2277558149339386,0.9671164919343253,0.3024904118077104
microsoft-sat14-tx,2017-01-05,4,16.00952269893196,0.236917589522429,0.9683549653653653,0.2870072345433609
microsoft-sat14-tx,2017-01-21,0,23.70884154491955,0.53327051346016,0.9629818701881244,0.118631499674194
microsoft-sat14-tx,2017-01-21,1,24.0965865703065,0.444789706630444,0.967452210481535,0.1263280972936015
microsoft-sat14-tx,2017-01-21,2,24.20096245788423,0.4060650018832937,0.9674286379147552,0.132622804440349
microsoft-sat14-tx,2017-01-21,3,24.620562425604895,0.3918207917872995,0.967917268258068,0.1219716312422902
microsoft-sat14-tx,2017-01-21,4,25.0564186638718,0.3680629506357597,0.969455411021997,0.1275537129898012
microsoft-sat14-tx,2017-02-22,0,30.4425519663158,0.5323131719459219,0.963064661157178,0.1255056859639368
microsoft-sat14-tx,2017-02-22,1,30.956766124619534,0.4611946387483985,0.9677506383269632,0.1350583260868119
microsoft-sat14-tx,2017-02-22,2,30.868505761033436,0.4410903440750313,0.9678551850740408,0.1411124342189145
microsoft-sat14-tx,2017-02-22,3,31.450481472762092,0.4273283678376814,0.9683314884459608,0.135900464007975
microsoft-sat14-tx,2017-02-22,4,31.456826678513536,0.4228519754791536,0.9695945902660754,0.1392433649996621
microsoft-sat14-tx,2017-03-26,0,35.94714819786556,0.5731594539660374,0.963126498890051,0.145735745509871
microsoft-sat14-tx,2017-03-26,1,36.54037728795072,0.5313840801080483,0.968072775654999,0.1537942747017341
microsoft-sat14-tx,2017-03-26,2,36.198094432403494,0.5250366472054142,0.9683430701276228,0.1595752962099823
microsoft-sat14-tx,2017-03-26,3,36.94549899784306,0.5129414053660668,0.9687956862320308,0.1547398323011675
microsoft-sat14-tx,2017-03-26,4,36.995597051668085,0.5121155071511905,0.9700235274363244,0.1577171835136738
microsoft-sat14-tx,2017-04-11,1,20.14691363539819,0.122606991198002,0.9642365431957408,0.4606735813862567
microsoft-sat14-tx,2017-04-11,2,23.14842482675615,0.3679115714191076,0.967711446311145,0.2999899714840158
microsoft-sat14-tx,2017-04-11,3,18.597274775014657,0.1773214650303274,0.9676095413539288,0.3899027984371447
microsoft-sat14-tx,2017-04-11,4,14.685950459546968,0.1203875568597055,0.9643293519690364,0.348132546605582
microsoft-sat14-tx,2017-04-27,0,32.31568560222968,0.5704581389073371,0.9631449432261092,0.1585580550275205
microsoft-sat14-tx,2017-04-27,1,31.984903658537107,0.5247196881482675,0.9680821715119124,0.165541894089877
microsoft-sat14-tx,2017-04-27,2,29.69759546553682,0.5108138760440855,0.9683441058342456,0.1716031548015919
microsoft-sat14-tx,2017-04-27,3,30.32081056125483,0.504278147826412,0.9688504663184048,0.1634999214529727
microsoft-sat14-tx,2017-04-27,4,30.302295842942364,0.4977005676855695,0.9701113215153396,0.1633752606171476
microsoft-sat14-tx,2017-05-13,0,41.060703444060394,0.5635554682439851,0.9630999585192772,0.155583691121028
microsoft-sat14-tx,2017-05-13,1,41.68117256047723,0.5175499857595781,0.9679874517817376,0.1667850522305968
microsoft-sat14-tx,2017-05-13,2,41.52690375824158,0.4995399840439514,0.9681899939422302,0.1690979676296115
microsoft-sat14-tx,2017-05-13,3,42.46056041826101,0.4876377480142816,0.9686449365375416,0.1646657370784432
microsoft-sat14-tx,2017-05-13,4,42.75786348086103,0.4803337035261395,0.9698599458497116,0.1685596904587003
microsoft-sat14-tx,2017-06-14,2,36.83874200000003,0.729971204437723,0.9727,0.0710883277475247
microsoft-sat14-tx,2017-06-14,3,34.29396542972975,0.6343170308604312,0.9652304054054052,0.1492006652500662
microsoft-sat14-tx,2017-06-14,4,28.4785332607898,0.7103980561999443,0.9768030596105474,0.1444229222204214
microsoft-sat14-tx,2017-06-30,0,36.060951485657725,0.332807353020265,0.9724,0.1633078841539957
microsoft-sat14-tx,2017-06-30,1,36.0688293610994,0.4569350251973082,0.9715645928492675,0.1541207639525909
microsoft-sat14-tx,2017-06-30,3,39.24456749311941,0.4704055128864692,0.968215326618908,0.1913773053435467
microsoft-sat14-tx,2017-06-30,4,39.48456416939407,0.524172926883418,0.9683517356175966,0.1780733248799441
microsoft-sat14-tx,2017-07-16,0,45.261193959629864,0.5557444840999689,0.9631041034009664,0.1504891381113051
microsoft-sat14-tx,2017-07-16,1,46.48160139049857,0.5010591313359163,0.9679931156706484,0.1617661219108485
microsoft-sat14-tx,2017-07-16,2,46.68093878589523,0.4803404117393615,0.9681854954357813,0.1659984534496957
microsoft-sat14-tx,2017-07-16,3,47.61203878127325,0.4705273736990069,0.9686042557368596,0.1614048680094603
microsoft-sat14-tx,2017-07-16,4,47.30301191981134,0.4574921693099312,0.9696278802111244,0.1669575503059041
microsoft-sat14-tx,2017-08-01,0,22.778799636851463,0.5229231104379608,0.9615332164843908,0.1495477649358659
microsoft-sat14-tx,2017-08-01,1,23.68980735768139,0.476765366454416,0.9660616834946671,0.1491411360068155
microsoft-sat14-tx,2017-08-01,2,22.484912802259615,0.4755864863509078,0.9675940670426524,0.1495879838298868
microsoft-sat14-tx,2017-08-01,3,25.245128283075516,0.4502520121759304,0.969181698387576,0.1438967664527835
microsoft-sat14-tx,2017-08-01,4,27.65698264094704,0.4289943711756968,0.971496403530406,0.1362569670033664
microsoft-sat14-tx,2017-08-17,0,40.546191136647685,0.5469792749251396,0.9640814621618168,0.142711034101423
microsoft-sat14-tx,2017-08-17,1,41.30380653695211,0.5037390444106314,0.9682825885721772,0.1800105908370655
microsoft-sat14-tx,2017-08-17,2,42.19053907753977,0.5107672759881335,0.9680495021014128,0.1746240257384445
microsoft-sat14-tx,2017-08-17,3,42.7371672518092,0.495697527722132,0.968825386625208,0.1713962823143294
microsoft-sat14-tx,2017-08-17,4,42.63412103411382,0.482811477783156,0.970081672664083,0.178371263497841
microsoft-sat14-tx,2017-09-02,0,38.98207965291852,0.5827313080425273,0.963115481427122,0.1498968428831612
microsoft-sat14-tx,2017-09-02,1,39.22602456165625,0.5304357992345632,0.9673342101381244,0.1592552183375643
microsoft-sat14-tx,2017-09-02,2,39.20461751746713,0.5197966535515054,0.9683955857678568,0.1660945002451419
microsoft-sat14-tx,2017-09-02,3,40.05648339274388,0.5098262812705244,0.9686524167462912,0.1608575783582975
microsoft-sat14-tx,2017-09-02,4,40.223039411909696,0.5064056722626525,0.969871838512718,0.1657774264184053
microsoft-sat14-tx,2017-09-18,2,24.33375810492787,0.5190472250205419,0.9722370764410112,0.1761836494127104
microsoft-sat14-tx,2017-09-18,3,25.561559675374745,0.4605122902262485,0.9654509445181356,0.1552044007465483
microsoft-sat14-tx,2017-09-18,4,25.233281783728216,0.4773743107367598,0.9689457184501684,0.1640414276337596
microsoft-sat14-tx,2017-10-04,0,31.593477894035015,0.6504292267049706,0.9702066363837796,0.0709273007647352
microsoft-sat14-tx,2017-10-04,1,29.96104677334249,0.6355953305262009,0.968728532264867,0.0854986392678898
microsoft-sat14-tx,2017-10-04,2,28.82348708629707,0.6312218847564024,0.9735695238648696,0.1447467204897914
microsoft-sat14-tx,2017-10-04,3,30.537488938134473,0.5421588407410851,0.971354538146362,0.1332774408005722
microsoft-sat14-tx,2017-10-04,4,29.987513166164135,0.6042396454751677,0.9670432582447734,0.1251411302524572
microsoft-sat14-tx,2017-11-05,0,27.7808364987134,0.6154543883759582,0.9629280587476492,0.0701505363832796
microsoft-sat14-tx,2017-11-05,1,28.18865383405768,0.5398933184868309,0.9675567353636,0.0947856635697692
microsoft-sat14-tx,2017-11-05,2,27.01278485164008,0.5128532458165301,0.967957698586912,0.1091209418941443
microsoft-sat14-tx,2017-11-05,3,27.025609960672693,0.543020011615452,0.968376270616342,0.1016476867347392
microsoft-sat14-tx,2017-11-05,4,26.529010918492514,0.4691140806500612,0.9693378231690192,0.1488414391883193
microsoft-sat14-tx,2017-11-21,0,12.281707751340395,0.4994602134639015,0.9625206424418316,0.1372570423252362
microsoft-sat14-tx,2017-11-21,1,12.70680072219561,0.4817679347976332,0.9680692436601636,0.132607314417396
microsoft-sat14-tx,2017-11-21,2,15.346673061381075,0.4294854196298935,0.9673941003532284,0.1356352014536279
microsoft-sat14-tx,2017-11-21,3,16.27078965185705,0.438093215261223,0.9685831121515504,0.1126036357810447
microsoft-sat14-tx,2017-11-21,4,14.74909523200086,0.4079106855551516,0.9682581960777408,0.1187448972686018
microsoft-sat14-tx,2017-12-23,0,9.76696170804268,0.5118163295805841,0.9630576704829912,0.1360878264100938
microsoft-sat14-tx,2017-12-23,1,10.852224597193434,0.4328446646873521,0.9668901500760586,0.1483177356142625
microsoft-sat14-tx,2017-12-23,2,10.460054217119556,0.4113312581135132,0.9675910581329574,0.1517541123474019
microsoft-sat14-tx,2017-12-23,3,11.829387565597946,0.4017966619939937,0.967819593871194,0.1371394183901127
microsoft-sat14-tx,2017-12-23,4,12.618348589383896,0.3923523823277317,0.9688804822174372,0.1407661957888973
microsoft-sat14-tx,2018-01-08,0,20.872917304467215,0.5337855628627126,0.9630661530957866,0.1177787452991626
microsoft-sat14-tx,2018-01-08,1,21.094462178798963,0.4488628544935649,0.9677984103573826,0.1253208519048458
microsoft-sat14-tx,2018-01-08,2,21.269391263029735,0.4024454321347259,0.967741508136196,0.1354787731782205
microsoft-sat14-tx,2018-01-08,3,21.567133122552484,0.388528952959671,0.9682053873886988,0.1284846194497141
microsoft-sat14-tx,2018-01-08,4,21.76922432061625,0.3730259272637565,0.9694913706929518,0.1323963308044833
microsoft-sat14-tx,2018-01-24,0,19.17544131268928,0.4996840534836645,0.9630353142278912,0.1160695461873403
microsoft-sat14-tx,2018-01-24,1,19.311691473647222,0.422415682097165,0.967723092348446,0.1227211298634912
microsoft-sat14-tx,2018-01-24,2,19.46264917403219,0.3726165226121535,0.967587350986112,0.1329137584164639
microsoft-sat14-tx,2018-01-24,3,19.765958736497463,0.3585708215099541,0.9680728328771,0.125540212180898
microsoft-sat14-tx,2018-01-24,4,19.95314112408471,0.3347017014739158,0.9692306027636992,0.127358301854866
microsoft-sat14-tx,2018-02-25,0,20.993207500696556,0.4864586232266408,0.9623801172981876,0.1067533219555683
microsoft-sat14-tx,2018-02-25,1,21.745610149309428,0.3802244051478518,0.9657479931127374,0.117704861575989
microsoft-sat14-tx,2018-02-25,2,21.099518720644575,0.3836917822478995,0.9681203605040056,0.1228984870439566
microsoft-sat14-tx,2018-02-25,3,21.87226822855646,0.3582361125085814,0.9689362249809312,0.1313119164290298
microsoft-sat14-tx,2018-02-25,4,21.886539198514487,0.3478858321470566,0.9691188373695092,0.1386300138056974
microsoft-sat14-tx,2018-03-13,0,25.66691417518979,0.4575690994446834,0.9629639040199864,0.1170441698795921
microsoft-sat14-tx,2018-03-13,1,26.46509770117745,0.4178916035577658,0.9670339102464144,0.1196433354031531
microsoft-sat14-tx,2018-03-13,2,26.471405613844336,0.4154518526243191,0.9679830198147132,0.117917700663683
microsoft-sat14-tx,2018-03-13,3,27.731157345838987,0.419519529380757,0.9689236779748578,0.1294124608897981
microsoft-sat14-tx,2018-03-13,4,27.991852446232095,0.3985399418550275,0.970931325642304,0.1504787626919438
microsoft-sat14-tx,2018-03-29,0,27.36727471044764,0.5629278622112108,0.9687581522241752,0.1405711874872838
microsoft-sat14-tx,2018-03-29,1,26.26344318992057,0.5453636184574772,0.970721571302976,0.1615288076522051
microsoft-sat14-tx,2018-03-29,2,27.757728626766752,0.4909193959455261,0.9679863126255132,0.1642934603132628
microsoft-sat14-tx,2018-03-29,3,27.233451171928873,0.5063896668309208,0.9692759533088576,0.1589398485039138
microsoft-sat14-tx,2018-03-29,4,28.00190526527357,0.475986456350443,0.9686166330452214,0.1658642438285776
microsoft-sat14-tx,2018-04-14,0,21.906219393794306,0.4683696981951811,0.960389679836512,0.2098857178171832
microsoft-sat14-tx,2018-04-14,1,21.988748601501023,0.4847815376435442,0.9715994457908086,0.1940650240622618
microsoft-sat14-tx,2018-04-14,2,26.639035537044492,0.4609962289907362,0.9673382958582234,0.2005539865509225
microsoft-sat14-tx,2018-04-14,3,28.54369831224065,0.49365143646923,0.9681200856294254,0.1803371468937037
microsoft-sat14-tx,2018-04-14,4,28.993782847317217,0.4818127800297485,0.9667183177642388,0.1833609263356424
microsoft-sat14-tx,2018-05-16,0,46.02508404437887,0.554775470687076,0.9631068917261936,0.1562933932228814
microsoft-sat14-tx,2018-05-16,1,46.34150778024649,0.5206646003628165,0.9680300175477228,0.1680787751292189
microsoft-sat14-tx,2018-05-16,2,46.10152172949281,0.4971478815945903,0.9682257578212752,0.1721871049994972
microsoft-sat14-tx,2018-05-16,3,46.440969395015614,0.4895697458775225,0.9687399620321924,0.1671298206947562
microsoft-sat14-tx,2018-05-16,4,47.32870408766027,0.4873054575026697,0.9705418390633146,0.1688776473663641
microsoft-sat14-tx,2018-06-01,1,38.94682048956916,0.4448679901185093,0.9666971873730484,0.2143991261452135
microsoft-sat14-tx,2018-06-01,2,40.783087465425055,0.4486131274505217,0.9673362918337234,0.2028466257421451
microsoft-sat14-tx,2018-06-01,3,39.8466676297202,0.4570426244378966,0.9689638760340036,0.194111900319709
microsoft-sat14-tx,2018-06-01,4,40.46187315484405,0.4470766911577152,0.9693690264012348,0.1959071142952192
microsoft-sat14-tx,2018-06-17,0,41.114685020000024,0.7963405806145629,0.9521,0.2085635075
microsoft-sat14-tx,2018-06-17,1,41.18869477012271,0.4240520339954526,0.9591620848708488,0.1888402559916973
microsoft-sat14-tx,2018-06-17,2,42.84155665331908,0.5343603800762162,0.9697020637396996,0.1503370857835608
microsoft-sat14-tx,2018-06-17,3,45.04717502503342,0.426642702646844,0.9687965541484558,0.1953374350227284
microsoft-sat14-tx,2018-06-17,4,46.52937598663788,0.4199718308241371,0.9725987133224064,0.1895793168015312
microsoft-sat14-tx,2018-07-03,0,48.84830264356315,0.5012847407095639,0.9630477447704684,0.1577057204389321
microsoft-sat14-tx,2018-07-03,1,49.01586619251213,0.4606439500336475,0.9678319765118748,0.1690317088902812
microsoft-sat14-tx,2018-07-03,2,49.29231150256415,0.4336582956456277,0.967964155777561,0.1736567397658569
microsoft-sat14-tx,2018-07-03,3,49.84875647552826,0.4271788929696204,0.9684474639046238,0.1666171759470214
microsoft-sat14-tx,2018-07-03,4,50.32296971204005,0.4071566156419211,0.969598503637431,0.1740432440010031
microsoft-sat14-tx,2018-07-19,0,41.26458671124211,0.5506288199738583,0.9630936292899526,0.1534430692964231
microsoft-sat14-tx,2018-07-19,1,41.62845310786179,0.511837509670188,0.9679999513829256,0.1648062267371192
microsoft-sat14-tx,2018-07-19,2,41.64378373353297,0.4933600351509302,0.9682159385260372,0.1702310913697152
microsoft-sat14-tx,2018-07-19,3,42.475392117801,0.4857854169796802,0.9686879391355931,0.1634460783355337
microsoft-sat14-tx,2018-07-19,4,42.97686921911187,0.4710344803495684,0.9698482826431718,0.1698879923392664
microsoft-sat14-tx,2018-08-04,0,39.68163321956489,0.5631291279401374,0.9608106809421842,0.088189617001713
microsoft-sat14-tx,2018-08-04,1,41.44865799939321,0.4255554121356192,0.9619614614108748,0.1709990579687744
microsoft-sat14-tx,2018-08-04,2,40.95124862367175,0.5017206051975559,0.9679046288808082,0.1716151455352497
microsoft-sat14-tx,2018-08-04,3,41.05534107478153,0.4676855112107024,0.969837883005134,0.1824944477802094
microsoft-sat14-tx,2018-08-04,4,41.01635222243747,0.4722094176360429,0.9710293287172396,0.192178058818863
microsoft-sat14-tx,2018-08-20,0,43.72844891349742,0.5683311091879972,0.9631220814207404,0.1689382630602067
microsoft-sat14-tx,2018-08-20,1,43.973086479121974,0.5211927445760502,0.96808047143367,0.1806781425502388
microsoft-sat14-tx,2018-08-20,2,42.38342740845234,0.4968777527449649,0.9681875964833708,0.1848329056553162
microsoft-sat14-tx,2018-08-20,3,41.31800585364404,0.4872955963348755,0.9682047613591735,0.1777336014256141
microsoft-sat14-tx,2018-08-20,4,41.228581759661715,0.5095010948694717,0.970874190649599,0.1662136912065638
microsoft-sat14-tx,2018-09-05,2,35.21754398444023,0.3999962473193317,0.9625011717908348,0.2797175130938923
microsoft-sat14-tx,2018-09-05,3,40.57428512727181,0.4971702747442303,0.9671461891055678,0.1809790859457948
microsoft-sat14-tx,2018-09-05,4,39.04833366805203,0.4920543710079758,0.9679607652800428,0.1822268409050504
microsoft-sat14-tx,2018-10-07,1,14.972332088252346,0.5251466129859266,0.9681741528507876,0.0877456148752527
microsoft-sat14-tx,2018-10-07,2,19.31926791612753,0.47395035710371,0.9661136634484248,0.0935475154064615
microsoft-sat14-tx,2018-10-07,3,19.21451382237284,0.5165945307370702,0.970472643815108,0.1505888056537051
microsoft-sat14-tx,2018-10-07,4,16.539964337305584,0.5169865697307169,0.969273852922961,0.1462467638355646
microsoft-sat14-tx,2018-11-24,1,-1.347377439999974,0.5489805062351392,0.9687,0.1138817224999999
microsoft-sat14-tx,2018-11-24,2,-2.8406910104507297,0.2997466482064076,0.9632084552685852,0.1080398581255523
microsoft-sat14-tx,2018-11-24,3,5.282408819778959,0.3607783454225292,0.9660387962218648,0.1170554881712219
microsoft-sat14-tx,2018-11-24,4,-8.548926933811993,0.3324157883858102,0.968766449086162,0.1107110068346379
microsoft-sat14-tx,2018-12-10,0,17.161170587217,0.5636396751465049,0.963094577876645,0.1159874253162677
microsoft-sat14-tx,2018-12-10,1,17.493287957141785,0.4785596748382138,0.9678637928912704,0.1240215706843385
microsoft-sat14-tx,2018-12-10,2,17.669919136065523,0.4294399172534877,0.9678411530639112,0.1337978591302979
microsoft-sat14-tx,2018-12-10,3,18.031876625595913,0.4223209248677125,0.968326837235887,0.1281263037751329
microsoft-sat14-tx,2018-12-10,4,18.26857489283729,0.3989134465074606,0.9694304534337777,0.1320259376995725
microsoft-sat14-tx,2019-01-27,0,20.21644064714956,0.5613097350244607,0.963062483191192,0.1122981519683972
microsoft-sat14-tx,2019-01-27,1,20.409941459813773,0.4866135506337747,0.9677496670490178,0.1189426714938507
microsoft-sat14-tx,2019-01-27,2,20.61743192681829,0.452220160056792,0.9678203970398545,0.1279890843637052
microsoft-sat14-tx,2019-01-27,3,21.17332833895682,0.4434779735865117,0.9683221070680332,0.1217724350692508
microsoft-sat14-tx,2019-01-27,4,21.45493914072167,0.4238829888267881,0.9694479371725688,0.125907896366498
microsoft-sat14-tx,2019-02-12,0,20.02237969056512,0.5453396791370957,0.9630606935941936,0.1159038529620543
microsoft-sat14-tx,2019-02-12,1,20.26612521681153,0.4753916610677194,0.967723607994468,0.1233026290115161
microsoft-sat14-tx,2019-02-12,2,20.24447637675521,0.4485557886490016,0.9678329695383684,0.1330277720173739
microsoft-sat14-tx,2019-02-12,3,20.65111915379822,0.4380455403606363,0.96833466004474,0.12753053554794
microsoft-sat14-tx,2019-02-12,4,20.643334578293437,0.4231856149118075,0.9694927398585464,0.1309771034973388
microsoft-sat14-tx,2019-03-16,3,15.791331026153,0.4191133284430351,0.9724584180772337,0.1731542445709376
microsoft-sat14-tx,2019-03-16,4,15.531339572898952,0.4000436206219789,0.9704785830830628,0.1972251226037271
microsoft-sat14-tx,2019-07-06,0,35.72104946000002,0.5885878342006101,0.9571,0.0849238375
microsoft-sat14-tx,2019-07-06,1,37.61961955409274,0.4158220982015232,0.960349218056618,0.1451676836872227
microsoft-sat14-tx,2019-07-06,2,35.44112382849464,0.5706022216063964,0.9713887363217636,0.1439266052682146
microsoft-sat14-tx,2019-07-06,3,36.38604051931915,0.539187554967248,0.9689383515693066,0.1543794811449384
microsoft-sat14-tx,2019-07-06,4,38.320215538894985,0.5575390388387113,0.9714907075603187,0.173956827586312
microsoft-sat14-tx,2019-07-22,0,45.091621333758866,0.6153929392300679,0.9632602518761744,0.1560914388662875
microsoft-sat14-tx,2019-07-22,1,44.97912311686464,0.5374993610363817,0.9672109032775048,0.1914485898524996
microsoft-sat14-tx,2019-07-22,2,45.181649569937825,0.5394246861056188,0.9685785333391442,0.1886523152089582
microsoft-sat14-tx,2019-07-22,3,45.23533687853998,0.5103532844334591,0.968492281310613,0.1905008771652177
microsoft-sat14-tx,2019-07-22,4,45.74012427020406,0.5142081974006198,0.9698749732267772,0.1912340749030107
microsoft-sat14-tx,2019-08-07,0,40.779569892926254,0.5644488043940638,0.963060272405292,0.1104450751331258
microsoft-sat14-tx,2019-08-07,1,41.251652651137775,0.5110545770921613,0.9678824159264297,0.1347430997672562
microsoft-sat14-tx,2019-08-07,2,41.57744779658928,0.4885550466363595,0.968086579892221,0.1543457549063401
microsoft-sat14-tx,2019-08-07,3,42.501567877658466,0.4760276175571151,0.9686041247648084,0.1573139185453259
microsoft-sat14-tx,2019-08-07,4,42.97177806278396,0.4606435757073867,0.969714952415398,0.1610245369842696
microsoft-sat14-tx,2019-08-23,0,48.70312414526561,0.5508764819069927,0.9631065325304634,0.1561359133833687
microsoft-sat14-tx,2019-08-23,1,48.86803965896347,0.5042089022872508,0.9680193113087852,0.1665072563338132
microsoft-sat14-tx,2019-08-23,2,49.39872828601179,0.4650521528525855,0.9683399100770004,0.1754205065930642
microsoft-sat14-tx,2019-08-23,3,50.03349734307271,0.4648231250396959,0.9686088517723752,0.1631056420693263
microsoft-sat14-tx,2019-08-23,4,49.954788039691856,0.4441072422266141,0.9701664845924806,0.1715028350290183
microsoft-sat14-tx,2019-09-08,0,44.405397933719314,0.5621711844772153,0.9631004316730432,0.1562834240966319
microsoft-sat14-tx,2019-09-08,1,44.52379287901255,0.5114727303444621,0.9679502441883462,0.1671955332250216
microsoft-sat14-tx,2019-09-08,2,43.748817941986346,0.4688181942515708,0.9687109034533185,0.1815190506619845
microsoft-sat14-tx,2019-09-08,3,44.87557396166832,0.4492828714261793,0.9683637979928936,0.1756309823987899
microsoft-sat14-tx,2019-09-08,4,45.36732071849507,0.4385110832618676,0.9692879605556376,0.1684326710136938
microsoft-sat14-tx,2019-09-24,0,37.84553878000002,0.5754841429106273,0.947422222222222,0.1661331219444444
microsoft-sat14-tx,2019-09-24,1,40.499440967446965,0.5024619853153837,0.971437987819006,0.1699235664888202
microsoft-sat14-tx,2019-09-24,2,43.728043985026446,0.4902698529723811,0.9675620148463062,0.1740062528513433
microsoft-sat14-tx,2019-09-24,3,43.38630187395368,0.4454851789242306,0.9676298240369088,0.1721906732908447
microsoft-sat14-tx,2019-09-24,4,45.66486637257924,0.4119685396993538,0.9697099837167906,0.1709730437018486
microsoft-sat14-tx,2019-10-10,0,36.75782701285408,0.5880408389065247,0.9640880751749988,0.0930614178745065
microsoft-sat14-tx,2019-10-10,1,38.60835686623161,0.4574977526704847,0.9657896047005234,0.1672439095744217
microsoft-sat14-tx,2019-10-10,2,38.38013479080105,0.4720606249046423,0.96956768664904,0.1676573502287626
microsoft-sat14-tx,2019-10-10,3,39.84909998225753,0.4377280231518601,0.9688187253191384,0.1733520291578619
microsoft-sat14-tx,2019-10-10,4,41.840217976847185,0.4090188374163052,0.9683231922518206,0.1683070537485868
microsoft-sat14-tx,2019-10-26,0,24.822834386255767,0.5845609338943885,0.9631420651019494,0.1301481970345498
microsoft-sat14-tx,2019-10-26,1,25.256877428479864,0.5265962203365964,0.9681045513497876,0.1399805919762923
microsoft-sat14-tx,2019-10-26,2,25.48895485262613,0.4841182947609383,0.9681821357508604,0.1496007219045094
microsoft-sat14-tx,2019-10-26,3,26.061102067069513,0.4779647825290962,0.9686571735545916,0.1423693683058119
microsoft-sat14-tx,2019-10-26,4,26.418627903250655,0.445592175823511,0.9697257851623324,0.1462011835687072
microsoft-sat14-tx,2019-12-13,0,22.381671832246948,0.5832518021854697,0.9631079697692146,0.1172322598713414
microsoft-sat14-tx,2019-12-13,1,22.41194608597463,0.5047009191826842,0.9679343046548906,0.1243789459461831
microsoft-sat14-tx,2019-12-13,2,22.695540562698636,0.4604636067382897,0.9679612377206792,0.1347678092575867
microsoft-sat14-tx,2019-12-13,3,23.02700047815019,0.452368782906295,0.9684390727130848,0.1280835932268797
microsoft-sat14-tx,2019-12-13,4,23.314935993637356,0.4265992898546654,0.9695157238056468,0.1317705028310734
microsoft-sat14-tx,2019-12-29,0,19.965069791183215,0.5529759313872804,0.9630869230874448,0.1184327876722819
microsoft-sat14-tx,2019-12-29,1,20.14750730136745,0.4709892801918851,0.9678392865444632,0.1253807993614944
microsoft-sat14-tx,2019-12-29,2,20.35454891037908,0.4215618254529997,0.9678067789220156,0.1360868503341321
microsoft-sat14-tx,2019-12-29,3,20.69408138063912,0.4112199811622709,0.9682867784238712,0.1295119587777714
microsoft-sat14-tx,2019-12-29,4,20.75416834764752,0.3858027811485634,0.969373319228312,0.1337131708008659
microsoft-sat14-tx,2020-04-19,0,31.037109090251043,0.6057836281245751,0.9642473366127896,0.1490705804879129
microsoft-sat14-tx,2020-04-19,1,30.65197842107458,0.6474147081385548,0.9714771835029488,0.1487188001862385
microsoft-sat14-tx,2020-04-19,2,32.70137440683097,0.5438061268495791,0.9680536097718834,0.1584279943054991
microsoft-sat14-tx,2020-04-19,3,32.93799386669859,0.5383486830126485,0.9686735511469196,0.1539713660585157
microsoft-sat14-tx,2020-04-19,4,33.16909687123904,0.5478536756174462,0.97165658994198,0.1512258426879185
microsoft-sat14-tx,2020-05-05,0,42.2659083051949,0.5483900639022374,0.9630697559930556,0.1446324081094247
microsoft-sat14-tx,2020-05-05,1,42.61860896979272,0.5154617668360607,0.9678543037503496,0.1546657692278392
microsoft-sat14-tx,2020-05-05,2,42.8746179573993,0.4888025156030783,0.9681854215721242,0.1632241447659249
microsoft-sat14-tx,2020-05-05,3,43.209639274414776,0.4829845076038808,0.9687869528174304,0.159034111012437
microsoft-sat14-tx,2020-05-05,4,44.455828772389374,0.4803762352735243,0.970799498616224,0.1588762278390232
microsoft-sat14-tx,2020-06-06,0,44.42261429755538,0.5926128557315985,0.9631177405312296,0.1491997381276808
microsoft-sat14-tx,2020-06-06,1,45.332684363696714,0.5537758792076902,0.9680182084608876,0.1623453086030815
microsoft-sat14-tx,2020-06-06,2,45.36154621260149,0.5242363763737318,0.9681971108836478,0.1708302965062048
microsoft-sat14-tx,2020-06-06,3,46.19130929427747,0.5197642299981804,0.9687072124605884,0.1652759230307699
microsoft-sat14-tx,2020-06-06,4,46.53912692657861,0.5164825180816686,0.9699299997605144,0.1676186683180495
microsoft-sat14-tx,2020-07-08,0,38.79768500484694,0.6419397992249284,0.9562787342752072,0.1839800640968647
microsoft-sat14-tx,2020-07-08,1,41.86435782074061,0.5701537200573183,0.9618473814023516,0.1791289370281453
microsoft-sat14-tx,2020-07-08,2,40.3598651553793,0.4935892267613568,0.9640306039930598,0.1900635866510463
microsoft-sat14-tx,2020-07-08,3,40.79045583348305,0.4735113405757037,0.9665673561152036,0.1769812058776657
microsoft-sat14-tx,2020-07-08,4,40.76326242442166,0.4920227092718307,0.9706238282257706,0.1780059421770355
microsoft-sat14-tx,2020-07-24,0,42.86116285133467,0.557571610845603,0.963594918067336,0.180514732152346
microsoft-sat14-tx,2020-07-24,1,44.01081458104563,0.469750752796215,0.9633245306356404,0.1946088704032209
microsoft-sat14-tx,2020-07-24,2,45.01645889303377,0.4802451770950837,0.9683087814358944,0.1828184767571381
microsoft-sat14-tx,2020-07-24,3,48.32209577333196,0.4756151726464745,0.9678786678615858,0.1707521104310539
microsoft-sat14-tx,2020-07-24,4,51.38810520869993,0.4451578089519167,0.9703536916560482,0.1841225091242755
microsoft-sat14-tx,2020-08-09,0,40.97793740605256,0.5667963968341367,0.9631396026786964,0.1640459221621214
microsoft-sat14-tx,2020-08-09,1,42.01103956961544,0.5306518231212347,0.968001029632074,0.1703450268936448
microsoft-sat14-tx,2020-08-09,2,42.32066926314091,0.4734425682253985,0.9674317276435966,0.1890052502673606
microsoft-sat14-tx,2020-08-09,3,41.76074942659882,0.4921879511827985,0.9690708348510386,0.1698041196399882
microsoft-sat14-tx,2020-08-09,4,42.21927700806603,0.4761653467912883,0.9704554334413922,0.1814212405522326
microsoft-sat14-tx,2020-08-25,0,45.98198924985829,0.5876031728053477,0.9631257148587632,0.1575546350528425
microsoft-sat14-tx,2020-08-25,1,46.110462536200885,0.5343933591330412,0.968305743872796,0.171084120388039
microsoft-sat14-tx,2020-08-25,2,47.06289577378525,0.4777437598096942,0.9672131428222444,0.1828556931176497
microsoft-sat14-tx,2020-08-25,3,47.37128880156916,0.4749777730424161,0.9681778241011896,0.1703416313597054
microsoft-sat14-tx,2020-08-25,4,47.183805988746386,0.4488364346024906,0.970058049960932,0.1717306209985776
microsoft-sat14-tx,2020-09-26,4,24.585140300000017,0.7506728993754629,0.9736666666666668,0.0797103416666666
microsoft-sat14-tx,2020-10-12,0,39.28952791804621,0.5378037330330092,0.963081710191042,0.1368197143007876
microsoft-sat14-tx,2020-10-12,1,39.815812156340066,0.484781825696336,0.9679114856313744,0.1485839969493698
microsoft-sat14-tx,2020-10-12,2,39.94199400687247,0.4348357269098213,0.967746156316366,0.1586475003228459
microsoft-sat14-tx,2020-10-12,3,39.723015061270914,0.4373292231632012,0.9686237975172344,0.146568063962403
microsoft-sat14-tx,2020-10-12,4,39.59188624596083,0.4073922256662338,0.9696762665782804,0.1646594356879304
microsoft-sat14-tx,2020-10-28,0,20.33629550285154,0.5442276775834304,0.9630991489613888,0.1247607461018715
microsoft-sat14-tx,2020-10-28,1,20.557854326013373,0.4834931516015127,0.9679002096611216,0.1316557982649973
microsoft-sat14-tx,2020-10-28,2,20.99038642927116,0.4396293502063479,0.9679525825251498,0.1422237279970662
microsoft-sat14-tx,2020-10-28,3,21.495069822695672,0.4343630448159659,0.9684159213961552,0.1350047132417462
microsoft-sat14-tx,2020-10-28,4,21.794575986203427,0.4152260235863286,0.96954714426806,0.1372655186096776
microsoft-sat14-tx,2020-11-29,0,18.5354732468387,0.5572459859249209,0.9630917904630826,0.1108981102726446
microsoft-sat14-tx,2020-11-29,1,18.672720805610304,0.4786226323240433,0.967817336240228,0.1181515221498355
microsoft-sat14-tx,2020-11-29,2,18.98026923076379,0.425997516872573,0.9678147137564326,0.1276224297557534
microsoft-sat14-tx,2020-11-29,3,19.311200058231904,0.4164039441267826,0.9682748945558252,0.1217196141535342
microsoft-sat14-tx,2020-11-29,4,19.6900696587615,0.3966169517223242,0.9693985715973726,0.1227136138888274
microsoft-sat14-tx,2020-12-15,4,8.56146253999998,,0.9705,0.06579382
microsoft-sat14-tx,2021-01-16,0,18.84195387354097,0.4961906186685377,0.9630038540607834,0.1226774958028116
microsoft-sat14-tx,2021-01-16,1,18.885083054724305,0.4201213430976812,0.9675385190024368,0.1310095963825331
microsoft-sat14-tx,2021-01-16,2,19.156533326822636,0.3682463477150848,0.9674566703950016,0.1423947921003578
microsoft-sat14-tx,2021-01-16,3,19.59627654741995,0.3572645650311739,0.9679833417952252,0.1350113814318719
microsoft-sat14-tx,2021-01-16,4,19.953500397145213,0.3399433972834314,0.9691475533832772,0.1375739626622523
microsoft-sat14-tx,2021-02-01,0,22.26501705743616,0.5094935210566504,0.963025358853858,0.1178748679499405
microsoft-sat14-tx,2021-02-01,1,22.456622672254824,0.4344533427763376,0.967626831154426,0.127685929615511
microsoft-sat14-tx,2021-02-01,2,22.849075350536232,0.386593601343181,0.9675450088397703,0.1376241013134322
microsoft-sat14-tx,2021-02-01,3,23.22711965485464,0.3744979636124392,0.9680618894761454,0.1304446739222041
microsoft-sat14-tx,2021-02-01,4,23.53486143410588,0.3590338439038554,0.9692123058513094,0.1327849080337965
microsoft-sat14-tx,2021-03-05,2,18.035377361062817,0.3299795167735161,0.9689477356401748,0.1101543206287171
microsoft-sat14-tx,2021-03-05,3,7.331213483613737,0.2983465047730266,0.9668715060859338,0.1479091820415932
microsoft-sat14-tx,2021-03-05,4,2.967786479290931,0.2921552588541884,0.9686214484396072,0.1258084568476366
microsoft-sat14-tx,2021-03-21,0,29.477164134613552,0.4230782081089733,0.9629821956522756,0.1350487687316811
microsoft-sat14-tx,2021-03-21,1,29.758115981175884,0.3846001347551687,0.9674345971239942,0.1446429696429722
microsoft-sat14-tx,2021-03-21,2,30.20691208544413,0.3616576759498112,0.9675061176573284,0.1543462736485253
microsoft-sat14-tx,2021-03-21,3,30.850095553858484,0.3475749690859117,0.9680658447880254,0.1453116563623802
microsoft-sat14-tx,2021-03-21,4,31.507755133491425,0.3379950660662973,0.9692826574700734,0.1486595938140801
microsoft-sat14-tx,2021-04-06,0,36.35662502761481,0.5048781302651273,0.9630537786205636,0.1459706191081074
microsoft-sat14-tx,2021-04-06,1,36.12605416308453,0.4605192402519664,0.9676533883820372,0.1516344791474351
microsoft-sat14-tx,2021-04-06,2,36.95421033470741,0.430047526289489,0.9675202796303232,0.1688939597944326
microsoft-sat14-tx,2021-04-06,3,36.63456949332997,0.4138165822385594,0.9682459529303306,0.165022535004312
microsoft-sat14-tx,2021-04-06,4,37.58198809434938,0.3996632778228445,0.96961085780774,0.1629379182412606
microsoft-sat14-tx,2021-05-08,1,39.25339780033624,0.3916846037901177,0.9615345514950172,0.1855873923638981
microsoft-sat14-tx,2021-05-08,2,37.95364998872612,0.4504062582739107,0.9688198271860496,0.163618868164613
microsoft-sat14-tx,2021-05-08,3,38.82995994788089,0.4337966556664634,0.9688018079071338,0.1793343566511726
microsoft-sat14-tx,2021-05-08,4,39.51611788079618,0.4311077510987927,0.9702267710082816,0.1798584624927921
microsoft-sat14-tx,2021-05-24,0,27.52000650553119,0.6517814583037395,0.963712539832144,0.1409957185679502
microsoft-sat14-tx,2021-05-24,1,29.374957991388488,0.5559228301972938,0.9664200603614264,0.1807870345847368
microsoft-sat14-tx,2021-05-24,2,33.003538992631775,0.5522439420968774,0.9677234630774812,0.1807592494147593
microsoft-sat14-tx,2021-05-24,3,34.68653075726236,0.5265603734090323,0.965789259207788,0.184596564615536
microsoft-sat14-tx,2021-05-24,4,35.81267131116148,0.5400403819442618,0.965952530889663,0.1747492670801552
microsoft-sat14-tx,2021-06-25,0,34.330038862891584,0.6617697949720582,0.9642132530120484,0.1208021945783132
microsoft-sat14-tx,2021-06-25,2,35.332730820965146,0.3693404720409195,0.9656562262996942,0.2130661552799694
microsoft-sat14-tx,2021-06-25,3,38.444191159672414,0.5080984369455036,0.9667816308040694,0.1933635756228998
microsoft-sat14-tx,2021-06-25,4,36.443751977719415,0.5207303907642018,0.9702544977121528,0.1938176490121688
microsoft-sat14-tx,2021-07-27,2,1.9920870863526343,0.5080043440405771,0.9693640858208956,0.2150932020761427
microsoft-sat14-tx,2021-07-27,3,23.164668060567493,0.5181601682171281,0.9663592829578144,0.1987340888974499
microsoft-sat14-tx,2021-07-27,4,26.052169969895264,0.5410161014591801,0.971847857563995,0.2089411189129321
microsoft-sat14-tx,2021-08-12,0,42.7208226437269,0.6139354299328914,0.9629349984118128,0.1652398627301699
microsoft-sat14-tx,2021-08-12,1,43.667576134888,0.5710245317371736,0.968153278277828,0.1758827024967711
microsoft-sat14-tx,2021-08-12,2,43.00748241741916,0.527381934141637,0.968858169764609,0.1800716515129608
microsoft-sat14-tx,2021-08-12,3,43.909900068820114,0.5283265849896648,0.9690149546195592,0.1695416346293588
microsoft-sat14-tx,2021-08-12,4,44.20717695180886,0.5193529061650182,0.9707863364151836,0.1783893608586625
microsoft-sat14-tx,2021-08-28,0,39.8063197014315,0.6873764238714078,0.9635135763083232,0.0824848702921225
microsoft-sat14-tx,2021-08-28,1,40.8140197378322,0.6073835015095929,0.9696500538275312,0.1310811640145284
microsoft-sat14-tx,2021-08-28,2,44.7535105178314,0.5266987805196037,0.9677424544503358,0.1769671283725849
microsoft-sat14-tx,2021-08-28,3,45.85579185544827,0.5432637886207476,0.9685952307363962,0.1543569032004856
microsoft-sat14-tx,2021-08-28,4,45.66687187123467,0.5066593314918418,0.9702104933948504,0.1729490806721715
microsoft-sat14-tx,2021-09-13,2,39.62452467027545,0.4699571539570877,0.970780496398953,0.1775426777528402
microsoft-sat14-tx,2021-09-13,3,42.40933678154599,0.5102972483289149,0.9698232329443638,0.1599031196432304
microsoft-sat14-tx,2021-09-13,4,41.89827754061622,0.4837518485396537,0.9723030673755796,0.1670994665695123
microsoft-sat14-tx,2021-09-29,0,34.65494775626584,0.608726975597404,0.9631598434672444,0.132005587319764
microsoft-sat14-tx,2021-09-29,1,35.325833274911155,0.546530674133453,0.968120128531383,0.139991850199934
microsoft-sat14-tx,2021-09-29,2,35.668448254876495,0.5031781564328179,0.9681684015670352,0.1483797880328713
microsoft-sat14-tx,2021-09-29,3,36.43990557324939,0.496244328606861,0.9686644225748932,0.1406281696598173
microsoft-sat14-tx,2021-09-29,4,36.7005059808929,0.477028536664826,0.9697982914188276,0.1431401609184428
microsoft-sat14-tx,2021-10-15,1,34.95600590703555,0.6200004888410711,0.9691032850825626,0.1466190565121151
microsoft-sat14-tx,2021-10-15,2,34.21401688085474,0.5275970205521658,0.9667026917429722,0.1738521128224556
microsoft-sat14-tx,2021-10-15,3,34.40375816951273,0.5268000055938004,0.9680648285442628,0.1565642591016373
microsoft-sat14-tx,2021-10-15,4,32.12625400507416,0.5729479631227544,0.968551115478658,0.1569842753413045
microsoft-sat14-tx,2021-10-31,0,29.848655305714058,0.6095295060977634,0.9631457596214794,0.1290594645662188
microsoft-sat14-tx,2021-10-31,1,30.13680011323079,0.5573600332752852,0.9681589833880416,0.1357931209613403
microsoft-sat14-tx,2021-10-31,2,30.34675691441636,0.5146454595539409,0.968120937895498,0.1468853529859048
microsoft-sat14-tx,2021-10-31,3,30.830811011042385,0.5105761303993073,0.968669501732247,0.1403914764461108
microsoft-sat14-tx,2021-10-31,4,31.153885379430577,0.5060067101023374,0.9700787034856831,0.1408726169849885
microsoft-sat14-tx,2021-12-02,0,2.559419420000021,0.7184036913660404,0.9740333333333334,0.1509696525
microsoft-sat14-tx,2021-12-02,1,13.805041587485723,0.5078736246552787,0.9690102991280252,0.1365083076065668
microsoft-sat14-tx,2021-12-02,2,18.85461969291628,0.4765091751488776,0.968870674709407,0.1485934619172202
microsoft-sat14-tx,2021-12-02,3,20.9631043965234,0.4735254179079,0.9686305198456692,0.1479500253486096
microsoft-sat14-tx,2021-12-02,4,23.070710715463132,0.465472991512865,0.969630208442948,0.148416350322664
microsoft-sat14-tx,2021-12-18,0,4.683585116452023,0.0113290622275124,0.9626124128320788,1.090222047259113
microsoft-sat14-tx,2021-12-18,1,3.493812336154753,0.0034203669485233,0.9678240952498643,1.1379136466788755
microsoft-sat14-tx,2021-12-18,2,5.418681477783875,0.0311678023675603,0.9682375052522756,0.8852453914474961
microsoft-sat14-tx,2021-12-18,3,4.333005001512148,0.0683103200852089,0.9723553903295472,0.6549481523983992
microsoft-sat14-tx,2021-12-18,4,-6.073771717270853,0.0414986345963873,0.9802847318394464,0.6429029612248629
microsoft-sat14-tx,2022-01-03,0,14.310732362440534,0.5734389209991536,0.963091467278092,0.1124580837370371
microsoft-sat14-tx,2022-01-03,1,14.61385105259667,0.4996180754025657,0.9679233514788166,0.1187193050188804
microsoft-sat14-tx,2022-01-03,2,15.073322626589697,0.4422056893822618,0.9676829807474184,0.1302084587391852
microsoft-sat14-tx,2022-01-03,3,15.39553845595238,0.431235994442073,0.968299967179279,0.1245632389622678
microsoft-sat14-tx,2022-01-03,4,15.647347081761124,0.422569866592416,0.9695222995607934,0.1241161051876651
microsoft-sat14-tx,2022-01-19,4,5.07679115000002,0.2105531428825124,0.96995,0.1245951175
microsoft-sat14-tx,2022-02-04,0,3.438226637357522,0.3760214658630532,0.9636915715923328,0.1728712984011274
microsoft-sat14-tx,2022-02-04,1,3.1691557378907858,0.3213425910518532,0.9670508256329128,0.1764216355391906
microsoft-sat14-tx,2022-02-04,2,4.359914649634986,0.3152117304912923,0.9669728323271404,0.1400031694395301
microsoft-sat14-tx,2022-02-04,3,4.285181013829571,0.3059056810167865,0.9678660064478516,0.1342280519033752
microsoft-sat14-tx,2022-02-04,4,4.931441549265288,0.3067963712519062,0.9689792699857528,0.1374093161493469
microsoft-sat14-tx,2022-03-24,0,28.805234865314315,0.3560594924586089,0.9626990281658712,0.1790483304714675
microsoft-sat14-tx,2022-03-24,1,29.75907495647292,0.385514207565756,0.967483353058695,0.1464961208931448
microsoft-sat14-tx,2022-03-24,2,30.213991710838584,0.3409104009383644,0.9673367561014894,0.1576917317399957
microsoft-sat14-tx,2022-03-24,3,30.715363869362974,0.3315152699067167,0.9679528794334812,0.1509187119493117
microsoft-sat14-tx,2022-03-24,4,31.04300801928552,0.328624529848452,0.9693476005124942,0.1507994298206733
microsoft-sat14-tx,2022-04-09,0,35.61061720334021,0.3558955606654818,0.9630659174173244,0.1908985046495678
microsoft-sat14-tx,2022-04-09,1,37.3787987971916,0.39080086110084,0.9662644497412636,0.1650791853215173
microsoft-sat14-tx,2022-04-09,2,36.492426235873246,0.3846505258153034,0.9682721631855352,0.1689333508314943
microsoft-sat14-tx,2022-04-09,3,37.18685926161066,0.3693056161227579,0.9682935568481784,0.1652659501583391
microsoft-sat14-tx,2022-04-09,4,38.08688788721664,0.3860653619507582,0.9713038380123672,0.1597890201327178
microsoft-sat14-tx,2022-05-11,0,34.82284414368963,0.3755987654190069,0.9627192658038396,0.2117490380635167
microsoft-sat14-tx,2022-05-11,1,36.19500046149112,0.4488423850016563,0.9676292171137608,0.170209744419861
microsoft-sat14-tx,2022-05-11,2,36.25789644045442,0.4289154938592835,0.9679829845297216,0.1784196879865488
microsoft-sat14-tx,2022-05-11,3,36.09343232822432,0.4112976164127092,0.9686984412381632,0.1789662567101617
microsoft-sat14-tx,2022-05-11,4,36.282738212200336,0.4263314749772089,0.9695911005472884,0.1789056442201747
microsoft-sat14-tx,2022-05-27,0,40.67886382669162,0.3890001575752573,0.9627166050533578,0.2117323382899684
microsoft-sat14-tx,2022-05-27,1,41.81371804344569,0.4599691299703383,0.9677312580427052,0.1623929292660796
microsoft-sat14-tx,2022-05-27,2,42.16769013484856,0.4348301345167573,0.9678795778555448,0.1703124618241338
microsoft-sat14-tx,2022-05-27,3,42.56436650094551,0.4295870604506907,0.9684395906623908,0.1662368739883469
microsoft-sat14-tx,2022-05-27,4,42.94202603874585,0.4366863449567537,0.9697509643678336,0.1678304079154903
microsoft-sat14-tx,2022-06-12,0,48.10725419155452,0.3730655444519941,0.9627004417013506,0.2231421729123346
microsoft-sat14-tx,2022-06-12,1,49.20852207023616,0.4387514526037636,0.9676875854786866,0.1688978268720953
microsoft-sat14-tx,2022-06-12,2,49.66235743516766,0.4105139267517505,0.9678039533077408,0.1768107040029663
microsoft-sat14-tx,2022-06-12,3,50.23943604271128,0.4069913480885608,0.9682798282432744,0.1704944821909247
microsoft-sat14-tx,2022-06-12,4,50.80016398162069,0.4090803627883124,0.9700658196826568,0.1689706818431364
microsoft-sat14-tx,2022-06-28,3,-54.224830443999984,-0.0368391052243533,0.9904,0.4790484255
microsoft-sat14-tx,2022-07-14,0,48.26802269009948,0.397132767176971,0.962710596729863,0.2181558036647426
microsoft-sat14-tx,2022-07-14,1,48.48314648055763,0.4578529438262177,0.9676728221450744,0.1695756503382723
microsoft-sat14-tx,2022-07-14,2,49.07094325490598,0.4237707134724367,0.967802601913791,0.1779546194700435
microsoft-sat14-tx,2022-07-14,3,50.1991758944174,0.4051870974916096,0.9683155227808604,0.1718072192456427
microsoft-sat14-tx,2022-07-14,4,51.07566928071471,0.3956992968496093,0.969549992797364,0.1743852578659657
microsoft-sat14-tx,2022-07-30,0,47.49925971559738,0.3833532746417142,0.9626978803805312,0.222052167807322
microsoft-sat14-tx,2022-07-30,1,47.8480502447799,0.4438208662212719,0.967662100105588,0.1689617234886548
microsoft-sat14-tx,2022-07-30,2,48.1849404201234,0.4115768663612562,0.9677895866098668,0.1768870685501512
microsoft-sat14-tx,2022-07-30,3,49.14903147042517,0.394938921576604,0.968250969513844,0.1703522436161444
microsoft-sat14-tx,2022-07-30,4,49.7539382321096,0.3924007713152225,0.969754806535036,0.1699824639450028
microsoft-sat14-tx,2022-09-16,1,47.70592202641123,0.4820428651401388,0.9700207684319836,0.1449004343120457
microsoft-sat14-tx,2022-09-16,2,46.81258879996649,0.457119918938109,0.9679259688917824,0.182075196749947
microsoft-sat14-tx,2022-09-16,3,45.83351351685299,0.4740408489692467,0.970295270232123,0.1570531586603765
microsoft-sat14-tx,2022-09-16,4,44.660049527980064,0.5099852682803887,0.971545136965307,0.135658670788321
microsoft-sat14-tx,2022-10-02,0,24.671369025423775,0.4522837726517681,0.9616695931899908,0.2300134967475304
microsoft-sat14-tx,2022-10-02,1,29.330438460978623,0.455436634446161,0.9676457467849776,0.1911403690334959
microsoft-sat14-tx,2022-10-02,2,29.078209524345095,0.4020783235146396,0.9671480042225212,0.2075747714704953
microsoft-sat14-tx,2022-10-02,3,28.701936977641456,0.4285233754230427,0.9634579037667692,0.1645697446450915
microsoft-sat14-tx,2022-10-02,4,27.31953852547092,0.4418474231294004,0.9665528222544668,0.1337906785889689
microsoft-sat14-tx,2022-10-18,0,27.03371938981364,0.4056784536153039,0.9627242616658868,0.1805168218246844
microsoft-sat14-tx,2022-10-18,1,28.18383000692418,0.4512245691002642,0.9677068458914762,0.1481728667659808
microsoft-sat14-tx,2022-10-18,2,28.564668480853904,0.4127586346097712,0.9677940507826588,0.1587979084686941
microsoft-sat14-tx,2022-10-18,3,29.067369681369847,0.4070073834496897,0.96830996012602,0.1506419023113041
microsoft-sat14-tx,2022-10-18,4,29.277485656280703,0.396768751040909,0.9695220851081904,0.1524324230772966
microsoft-sat14-tx,2022-12-05,0,19.153118911255568,0.3645619582190842,0.9544831610044314,0.193933848183161
microsoft-sat14-tx,2022-12-05,1,18.995487223204645,0.3703718372769172,0.9668803271756644,0.1991187329953885
microsoft-sat14-tx,2022-12-05,2,19.775694006545866,0.3560261998527126,0.9653587961622332,0.1799576714629299
microsoft-sat14-tx,2022-12-05,3,20.093889697821933,0.3503181301837348,0.9670060874991554,0.1910636074969861
microsoft-sat14-tx,2022-12-05,4,21.919036197067825,0.3457236389787682,0.964618483531938,0.191786245896882
microsoft-sat14-tx,2023-01-22,0,19.679774192010473,0.3476572112102351,0.9626573496095824,0.1733562936962744
microsoft-sat14-tx,2023-01-22,1,20.36163508305227,0.3788091543183868,0.9673521176533132,0.1299791100674789
microsoft-sat14-tx,2023-01-22,2,20.91868690068581,0.3300287899723254,0.967281183333738,0.1420390085693225
microsoft-sat14-tx,2023-01-22,3,21.35240027167702,0.3222561124863908,0.9678146992922017,0.1336449244134656
microsoft-sat14-tx,2023-01-22,4,21.74388035519542,0.3245250685098464,0.96939319225715,0.1323640616468929
microsoft-sat14-tx,2023-02-23,0,29.28027690290711,0.3310257496589347,0.9626646237789428,0.1761915675763064
microsoft-sat14-tx,2023-02-23,1,30.10717940616433,0.3647861402178745,0.96720458322255,0.1397345325902189
microsoft-sat14-tx,2023-02-23,2,30.40163233284782,0.3337832476490309,0.967254006992057,0.1495471741568467
microsoft-sat14-tx,2023-02-23,3,30.7492818729315,0.3312884190586694,0.9678684725036544,0.1422172672845022
microsoft-sat14-tx,2023-02-23,4,31.212193564823696,0.3299604162243404,0.9691753441093616,0.1431268113596157
microsoft-sat14-tx,2023-03-11,0,35.220692162084966,0.3674434734395876,0.962686067946342,0.1864129972187745
microsoft-sat14-tx,2023-03-11,1,35.80141325059359,0.4222142487140563,0.9674105819615444,0.1434103924957232
microsoft-sat14-tx,2023-03-11,2,36.16373213904432,0.3999319068442201,0.9675740261718092,0.1532500467982564
microsoft-sat14-tx,2023-03-11,3,36.6287863262209,0.395146425575153,0.9680647477998032,0.1448320212491788
microsoft-sat14-tx,2023-03-11,4,37.106653500685184,0.3942910437958453,0.9697623483896612,0.1430673815438817
microsoft-sat14-tx,2023-03-27,0,28.96264253647717,0.4158775031291267,0.9622978050414012,0.1959181143169166
microsoft-sat14-tx,2023-03-27,1,29.411503939126423,0.463618469133025,0.9675192179788982,0.1574869238918323
microsoft-sat14-tx,2023-03-27,2,29.398572835268723,0.4388528262475641,0.9677657764262476,0.1588738003112094
microsoft-sat14-tx,2023-03-27,3,30.08596044239303,0.4371849339646972,0.9682422384002026,0.1486718559739073
microsoft-sat14-tx,2023-03-27,4,30.83005549356104,0.4359870936912915,0.9700986579263507,0.1509805377859299
microsoft-sat14-tx,2023-04-12,0,34.45508547649321,0.4444944382790658,0.9622469820749736,0.1979473314402294
microsoft-sat14-tx,2023-04-12,1,35.671608614474486,0.5008585432561834,0.9678973780396474,0.1576871430213971
microsoft-sat14-tx,2023-04-12,2,35.9944987374717,0.4680625455471831,0.9680663108291564,0.1649792475396317
microsoft-sat14-tx,2023-04-12,3,36.826086249279626,0.4604452957343892,0.9685543098291896,0.1564126779385816
microsoft-sat14-tx,2023-04-12,4,37.42830768500017,0.456850229373913,0.9698453211368824,0.158078850385855
microsoft-sat14-tx,2023-04-28,0,36.22072983480507,0.4483304699766259,0.9627118042292132,0.1998381636499502
microsoft-sat14-tx,2023-04-28,1,37.04198827934618,0.5065556626204807,0.967872243601916,0.1612976332655328
microsoft-sat14-tx,2023-04-28,2,37.020865726505605,0.4756535458748687,0.9682698692556306,0.1691715884410526
microsoft-sat14-tx,2023-04-28,3,37.63290324493652,0.4625309343349377,0.9686245204961632,0.1633814049315475
microsoft-sat14-tx,2023-04-28,4,38.44536350838258,0.4704922994527161,0.9707418225212918,0.15856447195327
microsoft-sat14-tx,2023-05-14,0,30.720853302662775,0.4376336477219457,0.9641251388324508,0.1665253623900685
microsoft-sat14-tx,2023-05-14,1,32.9861094796718,0.4811923382510304,0.9675887608414444,0.1882735931906465
microsoft-sat14-tx,2023-05-14,2,31.948936653488175,0.4705386930847411,0.9676012639760502,0.1846943850907609
microsoft-sat14-tx,2023-05-14,3,32.90633050368775,0.4776895599160593,0.968701158195668,0.1746987560574682
microsoft-sat14-tx,2023-05-14,4,34.16745063719804,0.4911860597173436,0.9711361869321476,0.1703910962335935
microsoft-sat14-tx,2023-05-30,0,41.79755666170641,0.4820002444863192,0.9627263379813044,0.2034840518873618
microsoft-sat14-tx,2023-05-30,1,42.28175758778366,0.5460655547812889,0.9680806772965844,0.166129521057786
microsoft-sat14-tx,2023-05-30,2,42.32008969999794,0.5176042482592794,0.9682486850855504,0.1724178181253095
microsoft-sat14-tx,2023-05-30,3,43.52217820840875,0.5078246690423737,0.9688040652167988,0.1658230399224489
microsoft-sat14-tx,2023-05-30,4,43.83939544878361,0.5151624624816632,0.970018819091954,0.1657990464966939
microsoft-sat14-tx,2023-07-01,2,27.511192095305987,0.5979188357545917,0.9724715945579746,0.2074420081641518
microsoft-sat14-tx,2023-07-01,3,39.474300399517354,0.4734810613068033,0.9664199241580452,0.1747722933541197
microsoft-sat14-tx,2023-07-01,4,41.03957366635865,0.3997608951455921,0.96716928550001,0.1959400977716624
microsoft-sat14-tx,2023-07-17,0,48.00005485486482,0.4198297020480904,0.9626953277205228,0.2204313807125111
microsoft-sat14-tx,2023-07-17,1,48.30307619486031,0.4755841327057659,0.967853196040745,0.1708672450514997
microsoft-sat14-tx,2023-07-17,2,48.70275033068365,0.4311680305126481,0.9679046023809416,0.1830828754527692
microsoft-sat14-tx,2023-07-17,3,49.68473167934573,0.4225383739098332,0.9683604918147376,0.1727621717617349
microsoft-sat14-tx,2023-07-17,4,50.35133959606819,0.4145678491612298,0.9696051974668212,0.1734465221051612
microsoft-sat14-tx,2023-08-02,0,47.493665794526144,0.423543652878445,0.9626972103072792,0.2176276205073639
microsoft-sat14-tx,2023-08-02,1,47.691769400092944,0.4818873732514543,0.9678721386194248,0.1676185060076001
microsoft-sat14-tx,2023-08-02,2,48.72803926625826,0.424002067715928,0.9678316583649286,0.1824406954893041
microsoft-sat14-tx,2023-08-02,3,49.524692374044726,0.4203284305083767,0.968350256379946,0.1694190038225321
microsoft-sat14-tx,2023-08-02,4,50.27796482086722,0.4089617993356274,0.9695433322083786,0.1705306960547894
microsoft-sat14-tx,2023-08-18,0,48.45563512323491,0.3954399825032282,0.9626787254021604,0.2204897862703472
microsoft-sat14-tx,2023-08-18,1,49.01496511331884,0.454322016958996,0.9677767020912916,0.1684215232270151
microsoft-sat14-tx,2023-08-18,2,49.38292835429784,0.3929874763465378,0.9676940620626324,0.1864291488908046
microsoft-sat14-tx,2023-08-18,3,50.19846999469311,0.3920367080901524,0.9682491284960184,0.1716172793202112
microsoft-sat14-tx,2023-08-18,4,51.04365641640644,0.3811750967454007,0.9694686614821456,0.1731894975933651
microsoft-sat14-tx,2023-09-03,0,44.81474973048676,0.416276118026768,0.9627036243213828,0.2073245769537079
microsoft-sat14-tx,2023-09-03,1,45.16166643423498,0.4723590479222646,0.967825445264011,0.1587641830746425
microsoft-sat14-tx,2023-09-03,2,45.75469216336846,0.4104416058294533,0.9677831370098888,0.1754162488937528
microsoft-sat14-tx,2023-09-03,3,46.464558013165174,0.4142226098997063,0.9683441913729076,0.1607058652227897
microsoft-sat14-tx,2023-09-03,4,47.38387596893208,0.4004410288835586,0.9695266815580948,0.1614602882766662
microsoft-sat14-tx,2023-09-19,0,45.67204375279141,0.4166426777389316,0.9626897013843648,0.2035629933762803
microsoft-sat14-tx,2023-09-19,1,46.25646956863672,0.4663298905986802,0.9677909534263628,0.1556459579233558
microsoft-sat14-tx,2023-09-19,2,46.87750664655198,0.4038240580856897,0.96772531518409,0.1737109305357396
microsoft-sat14-tx,2023-09-19,3,47.53181536025523,0.4080927217953111,0.9682917859534094,0.1589753683967522
microsoft-sat14-tx,2023-09-19,4,48.23726461826278,0.3953451740421876,0.9694614344545316,0.1598936465852172
microsoft-sat14-tx,2023-10-21,3,20.294756230670664,0.4475870043214879,0.9614414637619249,0.1698059349661825
microsoft-sat14-tx,2023-10-21,4,22.384267274462253,0.3798189978200061,0.9669845570314592,0.161893426751616
microsoft-sat14-tx,2023-11-06,0,12.228780200586062,0.4519203650958139,0.9596108139534882,0.1159536959302325
microsoft-sat14-tx,2023-11-06,1,13.939738949739068,0.4126823166413623,0.9679349907223932,0.1335732105176746
microsoft-sat14-tx,2023-11-06,2,16.40165729910306,0.3908953599145388,0.966049910649123,0.1338442256143315
microsoft-sat14-tx,2023-11-06,3,16.209441893953933,0.3782037490265442,0.966482061056272,0.1278885961398178
microsoft-sat14-tx,2023-11-06,4,16.232978102279347,0.3624483534409622,0.9656393527996876,0.1332925499116638
microsoft-sat14-tx,2023-11-22,0,20.69668215596964,0.4542933582578935,0.9626571663650602,0.1725369721622854
microsoft-sat14-tx,2023-11-22,1,21.087672409254495,0.506329601621672,0.9675559764814898,0.130523657021137
microsoft-sat14-tx,2023-11-22,2,21.62719097163448,0.4394214169855762,0.9674809957519628,0.150465398863651
microsoft-sat14-tx,2023-11-22,3,21.877409274804144,0.458043803610844,0.9681548420878,0.1369386151739252
microsoft-sat14-tx,2023-11-22,4,22.390416560194545,0.4581511532771864,0.9699385634909674,0.1335637067787522
microsoft-sat14-tx,2023-12-24,0,22.494499460444995,0.4771115472883614,0.9626586665086476,0.1540684068358754
microsoft-sat14-tx,2023-12-24,1,21.808597490966907,0.4651367833025529,0.9671292904875688,0.1440113291745326
microsoft-sat14-tx,2023-12-24,2,21.956595874780685,0.4420346269483485,0.9672416833689828,0.1257045460891263
microsoft-sat14-tx,2023-12-24,3,22.014953908631504,0.4506560041995149,0.9683585069859656,0.1248446705273575
microsoft-sat14-tx,2023-12-24,4,22.415278673240575,0.4597036377171359,0.970087405826566,0.1197146596607788
microsoft-sat14-tx,2024-01-09,0,14.518468842300877,0.441274774900729,0.962681199203208,0.1623492569960891
microsoft-sat14-tx,2024-01-09,1,15.106334424258607,0.4729042741561898,0.9676969848299524,0.1254222679139744
microsoft-sat14-tx,2024-01-09,2,15.395063347585534,0.3979803567414294,0.9675090136480008,0.1485303017688896
microsoft-sat14-tx,2024-01-09,3,15.817173551140607,0.4141116607168496,0.9682012867865186,0.1331947420229797
microsoft-sat14-tx,2024-01-09,4,15.97339208553615,0.4132290400655793,0.9694575912483956,0.1339310170215762
microsoft-sat14-tx,2024-01-25,0,10.158514210434184,0.3421714829318196,0.9629413458721502,0.1418357119435166
microsoft-sat14-tx,2024-01-25,1,10.564923599874472,0.470681020646641,0.969403474502895,0.0987520244243931
microsoft-sat14-tx,2024-01-25,2,11.671446359663438,0.3649849653062738,0.967290579063532,0.1244191832038705
microsoft-sat14-tx,2024-01-25,3,11.703706391739098,0.4164207366153089,0.9670475953918604,0.1065801569279517
microsoft-sat14-tx,2024-01-25,4,11.6774768484995,0.3631731264755014,0.9670107366076788,0.1093773713938511
microsoft-sat14-tx,2024-02-26,0,23.30668253068136,0.3736491467897439,0.9621265099590814,0.1624644430338989
microsoft-sat14-tx,2024-02-26,1,23.561733401470047,0.3991392695101965,0.9664457611568762,0.1391646992250685
microsoft-sat14-tx,2024-02-26,2,23.67215718216062,0.3605470344945103,0.9683985941774588,0.1578654875814448
microsoft-sat14-tx,2024-02-26,3,24.26481868108632,0.3736233625849467,0.9687849572161198,0.1424530560269702
microsoft-sat14-tx,2024-02-26,4,24.096065857040095,0.3869502960063886,0.9713543395577066,0.142470251436714
microsoft-sat14-tx,2024-03-13,2,28.371905839562434,0.47967763602952,0.9662643206117676,0.1237228192230527
microsoft-sat14-tx,2024-03-13,3,27.548022324740245,0.4983199788840659,0.9727853608330648,0.1339256481926368
microsoft-sat14-tx,2024-03-13,4,28.93610697664664,0.5085117940004479,0.9681550152809094,0.1455931380911404
microsoft-sat14-tx,2024-03-29,2,12.492298814370155,0.4634484244380999,0.9658327111199836,0.1689793224815332
microsoft-sat14-tx,2024-03-29,3,13.70159103957992,0.3894807731131616,0.9646275764232104,0.128820403843584
microsoft-sat14-tx,2024-04-14,0,36.376739399423165,0.4510673420199398,0.9634988776790032,0.2144496448330012
microsoft-sat14-tx,2024-04-14,1,35.241100023035926,0.5303580992437315,0.9685520646712856,0.1771922843664546
microsoft-sat14-tx,2024-04-14,2,35.89845437540034,0.4306039772650266,0.967808493115169,0.1988018357636874
microsoft-sat14-tx,2024-04-14,3,36.2989307021397,0.46521932875288,0.9681241238199768,0.1855955283357118
microsoft-sat14-tx,2024-04-14,4,36.624701538180275,0.4853535329023919,0.9704201384894622,0.1770473770375663
microsoft-sat14-tx,2024-04-30,0,37.80672081055375,0.552727149932985,0.9736,0.1013232399918566
microsoft-sat14-tx,2024-04-30,1,36.938959707379794,0.5239211560844724,0.9727149704741016,0.1434196405552977
microsoft-sat14-tx,2024-04-30,2,40.591243038391525,0.4792723025766512,0.9658237918288493,0.1938315588134582
microsoft-sat14-tx,2024-04-30,3,40.967541845480945,0.5181202481704562,0.9702878429381148,0.1598853902646857
microsoft-sat14-tx,2024-04-30,4,41.83429337099648,0.4777113217696463,0.971476530043444,0.1706727137166275
microsoft-sat14-tx,2024-06-01,0,42.79036363645789,0.4200701447972134,0.962655303368593,0.2199299156325934
microsoft-sat14-tx,2024-06-01,1,42.21996698954559,0.4678260386584958,0.964768387010978,0.1784094554331161
microsoft-sat14-tx,2024-06-01,2,42.92308429903858,0.4650113054560923,0.968488044623816,0.1981016614740958
microsoft-sat14-tx,2024-06-01,3,43.730267592736254,0.4690515852200387,0.9694534726122964,0.1745899172733513
microsoft-sat14-tx,2024-06-01,4,44.10525631206066,0.4752523917447694,0.968793971297226,0.1752096337653202
microsoft-sat14-tx,2024-06-17,0,45.653363276159055,0.4385084653680347,0.9627514240778758,0.2295101520771276
microsoft-sat14-tx,2024-06-17,1,45.344733572130416,0.531746956378038,0.9689479338216556,0.1749672816895354
microsoft-sat14-tx,2024-06-17,2,46.399157388445694,0.4565320624721887,0.9679460211193824,0.1964887817672984
microsoft-sat14-tx,2024-06-17,3,47.169239122654254,0.4604545775702123,0.9684649600678036,0.1783981383152841
microsoft-sat14-tx,2024-06-17,4,47.286931199460334,0.4544629322927785,0.970149094184547,0.1907125703025984
microsoft-sat14-tx,2024-07-03,0,47.0555894892207,0.444743523522262,0.962698684924266,0.1987568133109824
microsoft-sat14-tx,2024-07-03,1,46.65085689276853,0.4969155232766542,0.9678752323364282,0.1653056526093885
microsoft-sat14-tx,2024-07-03,2,47.64320870020482,0.429774656661458,0.9677385751153093,0.1887018144503323
microsoft-sat14-tx,2024-07-03,3,48.253564116707,0.4474148824372767,0.9684216503222882,0.1693283271859618
microsoft-sat14-tx,2024-07-03,4,48.10480148712094,0.4552794507645713,0.9697320637940516,0.1705519684739001
microsoft-sat14-tx,2024-07-19,0,40.15739120073288,0.5914098437325066,0.9617422295768958,0.1061128096424319
microsoft-sat14-tx,2024-07-19,1,42.29013593989801,0.4184059846305114,0.963454031364603,0.1582229130197096
microsoft-sat14-tx,2024-07-19,2,43.41138591794251,0.360033696653847,0.9665838115457496,0.2143097529210491
microsoft-sat14-tx,2024-07-19,3,42.72918791681793,0.4990763535400216,0.9701785940014966,0.1624397513167301
microsoft-sat14-tx,2024-07-19,4,44.04027929445829,0.4818657338789188,0.9714185985219366,0.1719110788953527
microsoft-sat14-tx,2024-08-04,0,47.023040887835045,0.4591708508195893,0.9627306510650546,0.1873283016717416
microsoft-sat14-tx,2024-08-04,1,46.6362382226367,0.5080405811734497,0.9678738883782396,0.1593494530634909
microsoft-sat14-tx,2024-08-04,2,47.06890609530477,0.4428932010271455,0.967742667162928,0.1806802743299192
microsoft-sat14-tx,2024-08-04,3,47.24189843799952,0.4687065566951792,0.9684757645270944,0.1625729463182066
microsoft-sat14-tx,2024-08-04,4,47.15414675739364,0.4754123761630844,0.9697676687227512,0.165255979071623
microsoft-sat14-tx,2024-08-20,0,41.575779001367835,0.4181838467716056,0.96270652751631,0.1797831013780944
microsoft-sat14-tx,2024-08-20,1,41.620144110802975,0.4562095669568085,0.9676227530936397,0.1553971188986563
microsoft-sat14-tx,2024-08-20,2,41.74944162188001,0.3893026559580824,0.967443991249469,0.1760342792211281
microsoft-sat14-tx,2024-08-20,3,42.33067058735442,0.4088366478218778,0.9681876493206684,0.1589586713677612
microsoft-sat14-tx,2024-08-20,4,42.23585367774329,0.4111066842985423,0.9695725546684596,0.1606316128724029
microsoft-sat14-tx,2024-09-05,4,25.289252420000025,0.8133219066757293,0.9525,0.0624666499999999
microsoft-sat14-tx,2024-09-21,0,36.049904368439826,0.5701175647932165,0.95690240373915,0.1029653782803806
microsoft-sat14-tx,2024-09-21,1,40.018797569567056,0.5420675351198447,0.959159827838828,0.1137126983589959
microsoft-sat14-tx,2024-09-21,2,42.23170256851257,0.4534671949897145,0.9677460566860612,0.17581009390147
microsoft-sat14-tx,2024-09-21,3,43.69935937653109,0.4787653440228114,0.9697375639009403,0.1548717378640552
microsoft-sat14-tx,2024-09-21,4,42.630922579015134,0.4701116375043383,0.9701949496742464,0.1663687727383164
microsoft-sat14-tx,2024-10-07,0,38.356091683302935,0.4096165966618958,0.9618760915616824,0.199388708046492
microsoft-sat14-tx,2024-10-07,1,39.00992582120839,0.4670693172271046,0.9683575261695808,0.1609574422265118
microsoft-sat14-tx,2024-10-07,2,40.15847681195446,0.396459521925708,0.9672144294306488,0.1776933075251386
microsoft-sat14-tx,2024-10-07,3,40.316901004815264,0.4062617187406258,0.9683867795924256,0.1583410388345246
microsoft-sat14-tx,2024-10-07,4,40.40989873639472,0.3906307606583679,0.9684801790240926,0.1707242173533273
microsoft-sat14-tx,2024-10-23,0,38.33753860986797,0.4170721201214507,0.9625314493656564,0.2111124765851002
microsoft-sat14-tx,2024-10-23,1,37.51767955586512,0.4892208858223122,0.9684599520204517,0.1541414582987769
microsoft-sat14-tx,2024-10-23,2,36.85561001963259,0.4355887610022518,0.9684621209308776,0.1421038295981547
microsoft-sat14-tx,2024-10-23,3,37.22111413204378,0.3760394124499087,0.9673300359943706,0.1569582926529074
microsoft-sat14-tx,2024-10-23,4,38.13035549355316,0.406517950672039,0.971844204469588,0.1533057871724929
microsoft-sat14-tx,2024-11-24,0,28.25143200512577,0.4496217494580833,0.9627162303593352,0.1664390599856526
microsoft-sat14-tx,2024-11-24,1,28.32739155692205,0.4835500565957406,0.9677850291322592,0.1344763700176958
microsoft-sat14-tx,2024-11-24,2,28.2916544058623,0.4017519829128414,0.9678645447770686,0.1618702109886313
microsoft-sat14-tx,2024-11-24,3,28.607996965760226,0.4225511792288611,0.9684283166058276,0.1433433474523399
microsoft-sat14-tx,2024-11-24,4,28.839593339772875,0.4322553939592603,0.97069658689685,0.1408552240488121
microsoft-sat14-tx,2024-12-10,0,13.240923651575605,0.4472601017556009,0.9633465202833382,0.1096086134311927
microsoft-sat14-tx,2024-12-10,1,13.174374450887932,0.4379522111141363,0.96733110726536,0.1031114485047565
microsoft-sat14-tx,2024-12-10,2,13.5349732252377,0.3740543754524085,0.9669330271327382,0.1119910670441494
microsoft-sat14-tx,2024-12-10,3,13.138460072698347,0.3720855387404181,0.9680437997770168,0.1087770530188615
microsoft-sat14-tx,2024-12-10,4,12.46142831399,0.3838157938508665,0.9721918889230838,0.1044365825051872
microsoft-sat14-tx,2024-12-26,4,18.727609077152938,0.2699411713471284,0.9694849272807404,0.1692546186822388
microsoft-sat14-tx,2025-01-11,0,13.657312446022583,0.4367552604146475,0.962680769809328,0.1471650033988439
microsoft-sat14-tx,2025-01-11,1,13.725516841308451,0.4462467631996439,0.9676170003266444,0.1204599370706923
microsoft-sat14-tx,2025-01-11,2,13.978973915101516,0.3603798342477752,0.9673035838516918,0.1415653190690599
microsoft-sat14-tx,2025-01-11,3,14.457675003989923,0.3728185719514098,0.9679591273894048,0.1271041906737036
microsoft-sat14-tx,2025-01-11,4,14.758689785375084,0.3772784746574261,0.9697317864301164,0.1256329460025782
microsoft-sat14-tx,2025-02-12,4,21.273071554459495,0.3153225974836945,0.9610999521130132,0.1573046198458637
microsoft-sat14-tx,2025-02-28,0,29.06725120852052,0.3683569497102909,0.962657566585683,0.1618435190832647
microsoft-sat14-tx,2025-02-28,1,29.393349849150702,0.3790214594778577,0.9673827055400656,0.1350756181248738
microsoft-sat14-tx,2025-02-28,2,29.90840145264255,0.3058744690833043,0.9670299657225538,0.1580423428298349
microsoft-sat14-tx,2025-02-28,3,30.676035345993128,0.3139390986326894,0.9678220395442207,0.1392676896405787
microsoft-sat14-tx,2025-02-28,4,31.27601444269083,0.3075723800415789,0.9691248421949078,0.1413405181370344
microsoft-sat14-tx,2025-03-16,0,33.5179635386395,0.3372029974790769,0.9626434645066324,0.1759258692559109
microsoft-sat14-tx,2025-03-16,1,33.8311761186766,0.3550049266668431,0.967284704461374,0.1480044894690066
microsoft-sat14-tx,2025-03-16,2,34.24816388572249,0.2921844813470192,0.9669922787909528,0.1728733847767218
microsoft-sat14-tx,2025-03-16,3,34.9304840981336,0.2993936344233372,0.9677686116228654,0.1520085663480443
microsoft-sat14-tx,2025-03-16,4,35.372436957859165,0.2974436996421734,0.9692222400653142,0.1543863091341769
microsoft-sat14-tx,2025-06-20,0,34.72320984421056,0.7514809977609411,0.9566,0.1852995307043343
microsoft-sat14-tx,2025-06-20,1,39.69485153207329,0.6120504903102403,0.969486955968066,0.1845569335349219
microsoft-sat14-tx,2025-06-20,2,40.75171161431635,0.5515741755420205,0.9713389023486408,0.1832601308843911
microsoft-sat14-tx,2025-06-20,3,42.06136424489054,0.5126976580170144,0.9694016305992332,0.1856248293475012
microsoft-sat14-tx,2025-06-20,4,41.70395453806453,0.5061867188199798,0.970671309809094,0.191934185953529
microsoft-sat14-tx,2025-08-07,0,45.22813265290715,0.4339050031717137,0.9627270075987242,0.2000549117662698
microsoft-sat14-tx,2025-08-07,1,44.47052939522847,0.4986253633296573,0.9682533598933264,0.1611325897763505
microsoft-sat14-tx,2025-08-07,2,46.126929855851664,0.4263428650049537,0.9677699664246862,0.1777657621704393
microsoft-sat14-tx,2025-08-07,3,47.32728046127712,0.4380241999439112,0.9683945331529374,0.1648215604148194
microsoft-sat14-tx,2025-08-07,4,47.35761944171268,0.4179916031412206,0.9695457071234224,0.1716124076506263
microsoft-sat14-tx,2025-08-23,0,42.35443229761418,0.446904091347873,0.962095861013878,0.197398780436534
microsoft-sat14-tx,2025-08-23,1,43.054902681767345,0.5143839358625779,0.9682995744342952,0.1541991116859634
microsoft-sat14-tx,2025-08-23,2,44.42250114716985,0.4312571471345447,0.9676488753506144,0.1806864706616293
microsoft-sat14-tx,2025-08-23,3,44.89709946987349,0.4312885554607632,0.9686421614145608,0.1649962693516665
microsoft-sat14-tx,2025-08-23,4,45.06246690690358,0.4268095662555553,0.9697721583878312,0.1628572187261548
microsoft-sat14-tx,2025-09-08,0,33.61664139058888,0.4757323949553327,0.9620320371825068,0.1939283643313041
microsoft-sat14-tx,2025-09-08,1,34.56819991583539,0.5504649265364582,0.9689276891847832,0.1656340603844149
microsoft-sat14-tx,2025-09-08,2,36.149224052052624,0.4814910326752117,0.9674218995366072,0.1736041498937883
microsoft-sat14-tx,2025-09-08,3,37.16565863389353,0.5014291778496345,0.9688814051108816,0.1511439081330936
microsoft-sat14-tx,2025-09-08,4,36.43486074277272,0.4687109343600107,0.9696838991756088,0.1573210787854166
microsoft-sat14-tx,2025-09-24,0,30.55025561935245,0.5125069019485604,0.950154319111631,0.1786581377314436
microsoft-sat14-tx,2025-09-24,1,36.13072463993375,0.4597638340504271,0.9670486743006176,0.2246459717478329
microsoft-sat14-tx,2025-09-24,2,40.06250113973789,0.476959973934892,0.9672429857736928,0.1741031280792344
microsoft-sat14-tx,2025-09-24,3,41.07000220938838,0.4660613294371286,0.9690841931676892,0.1708738656195474
microsoft-sat14-tx,2025-09-24,4,41.21100217670251,0.4404844299545642,0.9701722387684312,0.1680980773253806
microsoft-sat14-tx,2025-10-10,0,38.602855928073254,0.4493110174748977,0.9627055761946244,0.1737541813666528
microsoft-sat14-tx,2025-10-10,1,38.58722190667903,0.4928428309273536,0.9678981815695704,0.1439349753509308
microsoft-sat14-tx,2025-10-10,2,39.19213908062628,0.417640800562494,0.9677206449334051,0.1656489446927942
microsoft-sat14-tx,2025-10-10,3,39.54953430783423,0.4320561989160478,0.9683391113858828,0.1492189688736445
microsoft-sat14-tx,2025-10-10,4,39.95863544402323,0.4225265358087204,0.9699675691830052,0.1506705654134955
microsoft-sat14-tx,2025-10-26,0,33.44445176421165,0.4657106393297668,0.9626819795878392,0.1608532323300887
microsoft-sat14-tx,2025-10-26,1,33.559389841451846,0.5104100306543419,0.9678334824256868,0.1329097969720642
microsoft-sat14-tx,2025-10-26,2,34.12013263201984,0.4255969292353978,0.9676199721988472,0.1529494649822909
microsoft-sat14-tx,2025-10-26,3,34.732712345014136,0.4369226791462801,0.9683006370000302,0.1388398325794599
microsoft-sat14-tx,2025-10-26,4,35.20561490084665,0.4245213488585311,0.9695990164206876,0.1405426776817704
microsoft-sat14-tx,2025-11-11,0,23.84862363530588,0.4601883560767427,0.962703221821599,0.1641599586851296
microsoft-sat14-tx,2025-11-11,1,23.864636390410077,0.5007163631018776,0.9679907063908644,0.134038790807806
microsoft-sat14-tx,2025-11-11,2,24.359984360450905,0.4163062641361881,0.9677450312314896,0.1576505477032485
microsoft-sat14-tx,2025-11-11,3,24.81386560877095,0.4299030421596386,0.9683985028421838,0.1408935203338281
microsoft-sat14-tx,2025-11-11,4,25.140447604093406,0.4140606517466129,0.9697268386972336,0.144051537640646
microsoft-sat14-tx,2025-12-13,3,16.45139204000003,0.6852266808783809,0.9646,0.0348626724999999
microsoft-sat14-tx,2025-12-13,4,17.980559939735866,0.6251280949415854,0.966603052164262,0.0502907300770173
microsoft-sat14-tx,2026-01-14,0,21.81795676235774,0.4293257116192133,0.9626731145642952,0.1508260544063699
microsoft-sat14-tx,2026-01-14,1,22.109214424639234,0.4414394971852471,0.9676315731421042,0.1228570498457508
microsoft-sat14-tx,2026-01-14,2,22.41836671673491,0.3542611991404384,0.9673580974825082,0.145662438952922
microsoft-sat14-tx,2026-01-14,3,22.74960515253282,0.3593581218746785,0.967997318172522,0.1299393634067782
microsoft-sat14-tx,2026-01-14,4,22.957796031250112,0.3480177058182264,0.9692906544944264,0.1326953583762971
microsoft-sat14-tx,2026-02-15,0,25.88541673484812,0.4012019847409026,0.9626557633137198,0.1530475608459333
microsoft-sat14-tx,2026-02-15,1,26.156403946001213,0.4123273613168906,0.9675663767367296,0.1259444555420422
microsoft-sat14-tx,2026-02-15,2,26.56139969115784,0.3221318479612035,0.9672119904215108,0.1471844970660865
microsoft-sat14-tx,2026-02-15,3,26.944675276699883,0.3315111204703488,0.9678251474067696,0.1324040289459585
microsoft-sat14-tx,2026-02-15,4,27.10507300881351,0.3316039588644488,0.9695995163188792,0.1315776247600066
microsoft-sat14-tx,2026-03-19,0,33.02284735845147,0.383294639807506,0.9626668167873884,0.1716565354285048
microsoft-sat14-tx,2026-03-19,1,33.12300360143843,0.4178447017057285,0.9675251254548334,0.1433976535285094
microsoft-sat14-tx,2026-03-19,2,33.59675127894512,0.3528580192672731,0.9673633020856603,0.1661330455887244
microsoft-sat14-tx,2026-03-19,3,33.97665578543822,0.3639404076646567,0.9683351994820087,0.1501522599062057
microsoft-sat14-tx,2026-03-19,4,34.67697040654464,0.3615767759974881,0.9699251466642648,0.1502481474453009
microsoft-sat14-tx,2026-05-22,2,34.65156648450119,0.584851212574422,0.968590521359356,0.1842677536635047
microsoft-sat14-tx,2026-05-22,3,36.777978318037206,0.5117799012394305,0.968006878267598,0.1833936244453596
microsoft-sat14-tx,2026-05-22,4,38.08885838585657,0.5115478142768446,0.9734879765461524,0.1878276988542679
microsoft-sat14-tx,2026-06-23,0,40.02628444364485,0.5200618118676811,0.9617748373040154,0.2324365095438459
microsoft-sat14-tx,2026-06-23,1,39.41846883147735,0.5783434285351333,0.967125318051606,0.1789304742681955
microsoft-sat14-tx,2026-06-23,2,40.639459422363394,0.5200727897347515,0.9675347718592158,0.2006429148987693
microsoft-sat14-tx,2026-06-23,3,41.47638918314518,0.5672728898372263,0.9688227416309932,0.1824006663715179
microsoft-sat14-tx,2026-06-23,4,41.01858716620924,0.5557387985033841,0.9697310116973494,0.1831689664866856
microsoft-sat14-tx,2026-07-09,0,46.6718357688108,0.4708493010206469,0.9627320992437772,0.1958405159103995
microsoft-sat14-tx,2026-07-09,1,46.21087423963884,0.5304725178711955,0.9680301416731848,0.1662493622352231
microsoft-sat14-tx,2026-07-09,2,47.33984278514239,0.4549592328730682,0.9678941840154732,0.187703447430596
microsoft-sat14-tx,2026-07-09,3,47.80287291026267,0.4740006431691679,0.968567495859585,0.1710500832394502
microsoft-sat14-tx,2026-07-09,4,47.825844806274816,0.4734699195678093,0.9698097014562648,0.1759758688870784
microsoft-sat14-tx,2026-07-25,0,34.09233061116424,0.4819890517629209,0.9627179604168712,0.2058406769375672
microsoft-sat14-tx,2026-07-25,1,35.67435130116776,0.4964311456555021,0.966810496331507,0.1991621922742261
microsoft-sat14-tx,2026-07-25,2,36.26581917052248,0.4860523999128955,0.9664662693571076,0.2067037141359833
microsoft-sat14-tx,2026-07-25,3,36.69777534258493,0.4892939339579885,0.9678665007758044,0.1892029507819742
microsoft-sat14-tx,2026-07-25,4,36.997009358810786,0.4915915442453374,0.9708517584701498,0.1942637668635277
microsoft-sat14-tx,2026-08-10,0,39.38986996176104,0.7928399508304466,0.9552894479385046,0.1048238625428022
microsoft-sat14-tx,2026-08-10,1,41.71092200797471,0.5497145001940016,0.9678694075292218,0.1868268211280084
microsoft-sat14-tx,2026-08-10,2,44.760299225699015,0.4394639701249025,0.9668098041744262,0.20297264619838
microsoft-sat14-tx,2026-08-10,3,44.83617026600657,0.4893774242611901,0.9682696886434088,0.1740236642193408
microsoft-sat14-tx,2026-08-10,4,44.7579467141896,0.4637065432001875,0.9696027437275468,0.185084837343394
microsoft-sat14-tx,2026-08-26,0,47.548052742193995,0.4439193647382249,0.9627418098359484,0.1813175567284356
microsoft-sat14-tx,2026-08-26,1,46.917354886180114,0.4908130859344286,0.9678397087533492,0.1562971077222407
microsoft-sat14-tx,2026-08-26,2,47.658573817069005,0.4196830259989677,0.9677365052212528,0.175268213583953
microsoft-sat14-tx,2026-08-26,3,48.147666923500054,0.4356768127665234,0.968418820226894,0.1607711044477607
microsoft-sat14-tx,2026-08-26,4,48.48404617660851,0.4265476209273773,0.9696344695023792,0.1657109439236691
microsoft-sat14-tx,2026-09-11,0,46.90873833786559,0.4664644113046309,0.9627318813560122,0.1775804721545135
microsoft-sat14-tx,2026-09-11,1,46.45708194655673,0.5132516008634617,0.96796883326623,0.1515451595007711
microsoft-sat14-tx,2026-09-11,2,47.47278099417042,0.4360478866723748,0.9678215164537514,0.1715968112295132
microsoft-sat14-tx,2026-09-11,3,47.61126834734045,0.4609168193952998,0.968521823493378,0.1555253692651148
microsoft-sat14-tx,2026-09-11,4,47.96736207264016,0.45608033920814,0.9697486627056652,0.1600243728141033
microsoft-sat14-tx,2013-04-04,0,26.90692232903534,0.4761067687498286,0.9629110211095884,0.1522536824409583
microsoft-sat14-tx,2013-04-04,1,27.222704395946337,0.4637065651260283,0.9673224524274318,0.1556478312762246
microsoft-sat14-tx,2013-04-04,2,27.273621224944137,0.4419126172710193,0.967343302013526,0.1594828232430858
microsoft-sat14-tx,2013-04-04,3,27.85435975918563,0.4394317161919011,0.968070897860588,0.1543622272652805
microsoft-sat14-tx,2013-04-04,4,27.794604083933766,0.4387719922620076,0.969224526640022,0.1573748866448368
microsoft-sat14-tx,2013-04-09,1,29.661583604000025,0.6597332878421278,0.9764200000000004,0.163571665
microsoft-sat14-tx,2013-04-09,2,30.921294875000015,0.6381713013554737,0.974375,0.2374354
microsoft-sat14-tx,2013-04-09,3,33.59312371626981,0.5128592753933835,0.9553045353334114,0.1787526842177429
microsoft-sat14-tx,2013-04-09,4,34.31378690454374,0.4622984037022746,0.9663282270080435,0.179267356129586
microsoft-sat14-tx,2013-04-16,4,23.969675502418394,0.4830439503512428,0.9687579066114532,0.2053215469737254
microsoft-sat14-tx,2013-05-18,0,43.198800041573655,0.5237004328331738,0.9629486705655528,0.162085383378833
microsoft-sat14-tx,2013-05-18,1,43.12574305423298,0.5134186345147016,0.9674895256037211,0.1643451315800055
microsoft-sat14-tx,2013-05-18,2,42.78659101307295,0.49906653646578,0.9676222028816872,0.1704724090205509
microsoft-sat14-tx,2013-05-18,3,43.164441658748494,0.4869349887469092,0.967187738673568,0.1655539754059918
microsoft-sat14-tx,2013-05-18,4,43.750424676388384,0.4985000206421568,0.9692484232416344,0.1681877228462818
microsoft-sat14-tx,2013-06-03,0,40.26235461231488,0.550826361727451,0.9629905838753956,0.1648465252287366
microsoft-sat14-tx,2013-06-03,1,40.817658871685914,0.538191488100698,0.9676629042623464,0.1697912154226457
microsoft-sat14-tx,2013-06-03,2,40.28423575701887,0.5251749324777948,0.9679460457975622,0.1757017242428905
microsoft-sat14-tx,2013-06-03,3,40.51274112648612,0.5066208859046707,0.9673606187849716,0.1721410937252079
microsoft-sat14-tx,2013-06-03,4,41.37315759756138,0.5246497391507431,0.9695663255867608,0.1728353372833075
microsoft-sat14-tx,2013-06-19,0,40.707629515059594,0.5387380648340163,0.9631451605777926,0.1908150025587527
microsoft-sat14-tx,2013-06-19,1,41.42122263801365,0.5492500718263024,0.9690493213206672,0.1857701788782322
microsoft-sat14-tx,2013-06-19,2,41.11276827133641,0.5172672433227041,0.9679585925641268,0.1917583501316587
microsoft-sat14-tx,2013-06-19,3,41.518621327737876,0.509248191859148,0.9683332661929676,0.1841347492687213
microsoft-sat14-tx,2013-06-19,4,41.81869738190528,0.5034191414681755,0.9687955282682962,0.1907963055789263
microsoft-sat14-tx,2013-07-05,0,44.082445454212994,0.5326944974176898,0.962968285022725,0.1669533808173413
microsoft-sat14-tx,2013-07-05,1,44.52646698874675,0.5218204784948586,0.9675988216437093,0.1685991800365767
microsoft-sat14-tx,2013-07-05,2,44.40224574507295,0.5004267405780891,0.9676835969821324,0.1783325738069957
microsoft-sat14-tx,2013-07-05,3,45.56147109362419,0.4928701844554096,0.9683085391757004,0.169878761993852
microsoft-sat14-tx,2013-07-05,4,45.61928056292199,0.4930892900613375,0.9695259534308044,0.1741435480922914
microsoft-sat14-tx,2013-08-06,0,46.24676870510765,0.4900137889181711,0.9629401027445672,0.1632963845691701
microsoft-sat14-tx,2013-08-06,1,46.16325771398589,0.4719637472925098,0.9674697146025896,0.1666434410244034
microsoft-sat14-tx,2013-08-06,2,46.41494087750128,0.4390460166016975,0.9674589167048048,0.1764576725842837
microsoft-sat14-tx,2013-08-06,3,46.97447526268516,0.4362807528987646,0.968100674274838,0.1666499796143863
microsoft-sat14-tx,2013-08-06,4,47.55334981013735,0.4286140801006579,0.9693208959479432,0.1710911950847359
microsoft-sat14-tx,2013-08-22,4,33.23934992285716,0.341159733890709,0.9675031746031744,0.2430630554365079
microsoft-sat14-tx,2013-09-07,0,48.69118834881508,0.4909601223145802,0.9629029802305616,0.1700728595378773
microsoft-sat14-tx,2013-09-07,1,48.58626006965926,0.4602777412281568,0.9670605919092812,0.1768174289210408
microsoft-sat14-tx,2013-09-07,2,48.07888584209711,0.4424516290165454,0.9668245479392072,0.1750728337144242
microsoft-sat14-tx,2013-09-07,3,46.0364079139903,0.4614786475184988,0.967501681656104,0.1473658518939965
microsoft-sat14-tx,2013-09-07,4,46.97846509848995,0.4241689848233562,0.9695361370011376,0.1733636647411389
microsoft-sat14-tx,2013-09-23,0,38.1331787947544,0.5380142400629895,0.9629173608230523,0.1467770458309364
microsoft-sat14-tx,2013-09-23,1,38.650742210060166,0.51842889268993,0.9673543950592864,0.1503765582916037
microsoft-sat14-tx,2013-09-23,2,38.49202813347005,0.4882857085994803,0.9673305912111164,0.1588507311423487
microsoft-sat14-tx,2013-09-23,3,39.39657321221932,0.4803556074420295,0.96802565363145,0.1509836314856807
microsoft-sat14-tx,2013-09-23,4,39.67192374626543,0.4674062744742758,0.9690980432944148,0.1548799991329837
microsoft-sat14-tx,2013-10-09,0,34.08839540029271,0.556168576548538,0.9630839775665492,0.1481044722622491
microsoft-sat14-tx,2013-10-09,1,34.231024929156014,0.5413134481994006,0.9684975318688226,0.1462761674732149
microsoft-sat14-tx,2013-10-09,2,34.57286660450899,0.4954684693609617,0.9674236873608963,0.166677894785496
microsoft-sat14-tx,2013-10-09,3,35.701074963997954,0.4960480619977922,0.9680768176247028,0.1507169272965879
microsoft-sat14-tx,2013-10-09,4,36.0921829285235,0.4793420979608432,0.9698081740186122,0.1531378136254117
microsoft-sat14-tx,2013-10-25,0,30.92907913282194,0.5404611091356826,0.963067107011562,0.210401771105676
microsoft-sat14-tx,2013-10-25,1,30.673978478233305,0.5900011684957837,0.9674518895315424,0.1143199858347103
microsoft-sat14-tx,2013-10-25,2,30.681675280231584,0.4625332952830228,0.9693809826960056,0.1525462254996261
microsoft-sat14-tx,2013-10-25,3,31.09669430599976,0.5335279700762282,0.9688599715476066,0.1617288650775438
microsoft-sat14-tx,2013-10-25,4,31.463278995719353,0.5251015448610954,0.970898918196508,0.1648788640782161
microsoft-sat14-tx,2013-12-12,1,-0.3297993161607163,0.2991723559328954,0.9703,0.1003838672991071
microsoft-sat14-tx,2013-12-12,2,0.3542730818987708,0.273459944747385,0.9658507341637954,0.1008381492332361
microsoft-sat14-tx,2013-12-12,3,-0.2313701446064609,0.3289511608375727,0.9695729213514156,0.103507614539883
microsoft-sat14-tx,2013-12-12,4,-1.140774518767109,0.3322391837283732,0.9728232876712328,0.1047349345034246
microsoft-sat14-tx,2014-01-13,0,21.35395048629261,0.4809081394469627,0.9629197106377564,0.1270044303010772
microsoft-sat14-tx,2014-01-13,1,21.447674321944003,0.4207812057896066,0.9672853251766812,0.1308623483042525
microsoft-sat14-tx,2014-01-13,2,21.63601747951283,0.3767978744684059,0.9671092634280104,0.1382107621041564
microsoft-sat14-tx,2014-01-13,3,22.05273881209464,0.3672224684369545,0.9677549181604508,0.1313679269168847
microsoft-sat14-tx,2014-01-13,4,22.116240264818742,0.3607685608088051,0.9690778449124648,0.1343748279185501
microsoft-sat14-tx,2014-01-29,0,12.481238753132011,0.4663693656062385,0.9629038024391818,0.1291925899750859
microsoft-sat14-tx,2014-01-29,1,12.811071090246427,0.4077040874797645,0.967028351409369,0.1340629233686699
microsoft-sat14-tx,2014-01-29,2,13.120832998316208,0.363793528707416,0.96700278403953,0.1405794991004745
microsoft-sat14-tx,2014-01-29,3,13.330393749184545,0.3670971842659863,0.9678345442930772,0.1340470713965971
microsoft-sat14-tx,2014-01-29,4,14.081711077416283,0.3571749771557917,0.9697514583555836,0.1370758228058089
microsoft-sat14-tx,2014-02-14,0,26.73503075540271,0.4645657200083726,0.9628847376722384,0.1298544183100753
microsoft-sat14-tx,2014-02-14,1,27.15205540749745,0.3904673795130053,0.966475383342513,0.1430342065619634
microsoft-sat14-tx,2014-02-14,2,27.314214713994183,0.3703036175239064,0.9671176228462922,0.1408224389126982
microsoft-sat14-tx,2014-02-14,3,27.737196703540388,0.3692140128589255,0.9675997723541914,0.1333919243146759
microsoft-sat14-tx,2014-02-14,4,28.13542550807525,0.3558790195452135,0.9693533715874164,0.1374571472415706
microsoft-sat14-tx,2014-03-18,0,31.55779543844436,0.4341630615792048,0.962820160629558,0.1392017203868301
microsoft-sat14-tx,2014-03-18,1,31.617052912730035,0.3884945302484999,0.9671441746619468,0.1542874951050352
microsoft-sat14-tx,2014-03-18,2,32.279908109004225,0.3685760191221063,0.9671753740904462,0.1489325014984089
microsoft-sat14-tx,2014-03-18,3,32.52521200820132,0.3786704480736215,0.9678740615339966,0.1411448297636425
microsoft-sat14-tx,2014-03-18,4,33.28535790624182,0.3623067166580438,0.9698614594550626,0.1459927801559283
microsoft-sat14-tx,2014-05-05,0,42.60219495625162,0.4306427439971662,0.9628562537891068,0.1632290488588244
microsoft-sat14-tx,2014-05-05,1,42.54341592597641,0.3934873053101017,0.967059399579155,0.180190171997121
microsoft-sat14-tx,2014-05-05,2,42.80529966380324,0.3886189698157783,0.9671812615339632,0.1757754599860142
microsoft-sat14-tx,2014-05-05,3,43.24057057153833,0.39899972868596,0.9679602904314424,0.1654376914407832
microsoft-sat14-tx,2014-05-05,4,43.964791211833166,0.3904773797250839,0.96966354642229,0.1714434474860806
microsoft-sat14-tx,2014-05-21,0,39.34564346733771,0.4644646219345355,0.963463698989674,0.1965292265493627
microsoft-sat14-tx,2014-05-21,1,39.20131450711056,0.4211177028033835,0.9633729592160336,0.2002208780953872
microsoft-sat14-tx,2014-05-21,2,39.14254945789455,0.4650789624530243,0.9669930240772884,0.1804529470267338
microsoft-sat14-tx,2014-05-21,3,39.52607085978129,0.4558946134554642,0.9672954809507138,0.1928463961567278
microsoft-sat14-tx,2014-05-21,4,40.04347887109405,0.4566646857159438,0.9699588093374452,0.1920104968593557
microsoft-sat14-tx,2014-06-06,0,37.90351829123212,0.5578260332370601,0.9631990819602236,0.1716250593603335
microsoft-sat14-tx,2014-06-06,1,37.95823421161537,0.4851706745404333,0.9671327238469292,0.1943294676115717
microsoft-sat14-tx,2014-06-06,2,36.08752079200159,0.5572286481446361,0.9698612927702112,0.1917217321384115
microsoft-sat14-tx,2014-06-06,3,37.61655146747926,0.540805281124269,0.9702601834822364,0.1865079409587783
microsoft-sat14-tx,2014-06-06,4,39.8006222451191,0.4884161189428478,0.9650455392123468,0.2078184974118553
microsoft-sat14-tx,2014-07-08,0,46.08017134812913,0.5214865442489834,0.9629761645371724,0.1640696462817202
microsoft-sat14-tx,2014-07-08,1,46.15775449952081,0.4695271090545019,0.9673809594275298,0.1816315283461573
microsoft-sat14-tx,2014-07-08,2,46.191074785532926,0.467979439364408,0.9675472551495742,0.1803857444900798
microsoft-sat14-tx,2014-07-08,3,46.83010535933959,0.4746602343114602,0.9682510255335908,0.1698776459497671
microsoft-sat14-tx,2014-07-08,4,47.113736391459035,0.4610926713142053,0.9692911721918808,0.1762947226774562
microsoft-sat14-tx,2014-08-09,0,47.36365832302903,0.5151114484495876,0.9629684910588542,0.1676679425410819
microsoft-sat14-tx,2014-08-09,1,47.4586025451821,0.4630268392776558,0.9673312433056528,0.1839933525917763
microsoft-sat14-tx,2014-08-09,2,46.63253269526573,0.4581885619150919,0.9675751095155544,0.1851366485019128
microsoft-sat14-tx,2014-08-09,3,47.34975915190415,0.4525655130764667,0.9679617756289502,0.1756034518552567
microsoft-sat14-tx,2014-08-09,4,46.82858921687779,0.4323065778967404,0.9691879643991684,0.1871205092141657
microsoft-sat14-tx,2014-08-25,0,47.51251763650449,0.5052459808718852,0.9629587955091438,0.1605325682027109
microsoft-sat14-tx,2014-08-25,1,47.50204065881045,0.4464539385238807,0.9672920546030456,0.176865074641001
microsoft-sat14-tx,2014-08-25,2,47.76667301901421,0.4341073079358531,0.9674006948387484,0.1754307769482803
microsoft-sat14-tx,2014-08-25,3,48.57994922745432,0.432841218127155,0.9680979929886409,0.1654502185742287
microsoft-sat14-tx,2014-08-25,4,48.99273218091883,0.413790590226581,0.9691169021702312,0.1727174497883779
microsoft-sat14-tx,2014-09-10,0,44.44408522604615,0.524252696534677,0.9629486883430064,0.148030849461389
microsoft-sat14-tx,2014-09-10,1,44.68394694650854,0.4669130038306511,0.9673566735608106,0.1623838107988804
microsoft-sat14-tx,2014-09-10,2,44.956042353753,0.4572401326333074,0.9674569118320088,0.1638107715599244
microsoft-sat14-tx,2014-09-10,3,45.80722612665378,0.4500873369604601,0.9681317545688004,0.1548818057737485
microsoft-sat14-tx,2014-09-10,4,46.61745486712312,0.4197795534990881,0.969054906452461,0.1603187999756581
microsoft-sat14-tx,2014-11-29,0,22.64394722851786,0.57966186876107,0.962437083153772,0.0720339182976124
microsoft-sat14-tx,2014-11-29,1,23.190531524112515,0.4238285856235331,0.9663156870005386,0.1112930105103823
microsoft-sat14-tx,2014-11-29,2,24.140894669918325,0.4436920150064892,0.9674809531666084,0.1542953161785475
microsoft-sat14-tx,2014-11-29,3,24.01072514657656,0.4253509077106683,0.9679479153432444,0.1528460419412806
microsoft-sat14-tx,2014-11-29,4,24.145051101820595,0.3931723323007446,0.9688193901172272,0.1665461644273609
microsoft-sat14-tx,2014-12-15,0,24.500313765215285,0.5395519386185266,0.9629651967599472,0.1222030244843057
microsoft-sat14-tx,2014-12-15,1,24.890254303479416,0.4540660761741188,0.9672680478759744,0.1304921398061893
microsoft-sat14-tx,2014-12-15,2,25.00246009019937,0.4356663425866238,0.9673268691434376,0.1365879034362107
microsoft-sat14-tx,2014-12-15,3,25.39921403610724,0.43340092941176,0.967989154473857,0.1304359933368198
microsoft-sat14-tx,2014-12-15,4,25.52845058981027,0.4158065776320119,0.9690060269269756,0.133156910641084
microsoft-sat14-tx,2015-01-16,0,17.99953952392368,0.5069969239641644,0.962948598088242,0.1306273990648149
microsoft-sat14-tx,2015-01-16,1,18.16131333544,0.4259496961978753,0.9671593502024404,0.1352440965697313
microsoft-sat14-tx,2015-01-16,2,17.954117765831402,0.4047840023503545,0.9672267280671942,0.1438138959274743
microsoft-sat14-tx,2015-01-16,3,17.875861632095646,0.3976315263020824,0.967890849125296,0.1424844194467804
microsoft-sat14-tx,2015-01-16,4,17.685523991626457,0.3816676188018179,0.968956419288932,0.1429120313708678
microsoft-sat14-tx,2015-02-01,2,20.080957132429525,0.4569000192020466,0.9635573284845392,0.127219272195178
microsoft-sat14-tx,2015-02-01,3,21.160000354121298,0.4623909471730149,0.967072822206982,0.1338781619651155
microsoft-sat14-tx,2015-02-01,4,21.02316227852094,0.4272672579346395,0.9682086604016488,0.1328523001475507
microsoft-sat14-tx,2015-03-05,0,12.64049089114958,0.4995972296524532,0.96292890294878,0.1256593344069626
microsoft-sat14-tx,2015-03-05,1,12.787695580025952,0.4362960570777148,0.9671416297590968,0.139497445788962
microsoft-sat14-tx,2015-03-05,2,13.094235316808254,0.4302367070167663,0.9672077350611576,0.1412914109808591
microsoft-sat14-tx,2015-03-05,3,13.23305404728568,0.4291565989175272,0.9679474109628632,0.1343794864299833
microsoft-sat14-tx,2015-03-05,4,13.378926636868904,0.4283116884440784,0.9696691836371956,0.1352006141680713
microsoft-sat14-tx,2015-06-09,0,44.02152122136454,0.5968503407664543,0.9630364410449512,0.1620758279396842
microsoft-sat14-tx,2015-06-09,1,44.96053666279067,0.5332227960255309,0.9675564831625364,0.1778946957051221
microsoft-sat14-tx,2015-06-09,2,44.595221381252294,0.5362674851143692,0.9677680633577478,0.1737312021891826
microsoft-sat14-tx,2015-06-09,3,45.6113139641731,0.5319427423912746,0.968418435078371,0.1686389781654623
microsoft-sat14-tx,2015-06-09,4,45.56838752714107,0.5339656199305076,0.969530599725822,0.1708836447935982
microsoft-sat14-tx,2015-06-25,0,37.27650989347459,0.6558530816793702,0.9631934829419626,0.1607081564207972
microsoft-sat14-tx,2015-06-25,1,37.50268324859646,0.6033863973251652,0.967155531307347,0.1573655652607291
microsoft-sat14-tx,2015-06-25,2,42.127113707622904,0.5468284141595752,0.966060661728358,0.1976866414382372
microsoft-sat14-tx,2015-06-25,3,43.01587122161266,0.5463664765356555,0.9686178314836944,0.1889160305231186
microsoft-sat14-tx,2015-06-25,4,42.08728540326898,0.5547346214941888,0.9694256841197278,0.190841984164913
microsoft-sat14-tx,2015-07-11,0,39.74937181450995,0.5980678202066162,0.9631793859444334,0.1666739568951318
microsoft-sat14-tx,2015-07-11,1,39.62509589704692,0.5410838135569733,0.9676265783533096,0.1880911642062291
microsoft-sat14-tx,2015-07-11,2,40.314954469459664,0.5172897699069847,0.9672296134332492,0.1972013252063316
microsoft-sat14-tx,2015-07-11,3,40.95788504627372,0.5279839650155226,0.9677574036796056,0.1881792054719453
microsoft-sat14-tx,2015-07-11,4,40.45776194868649,0.5372601224075232,0.9691063076400172,0.1833898831639155
microsoft-sat14-tx,2015-07-27,0,43.6086671456107,0.5493783479397123,0.9629959987054384,0.1608570014501614
microsoft-sat14-tx,2015-07-27,1,43.79566219440419,0.5070345458291736,0.9674650611891392,0.1727323657511566
microsoft-sat14-tx,2015-07-27,2,43.754223995526154,0.4976579909969207,0.9675853685455874,0.1732627781892873
microsoft-sat14-tx,2015-07-27,3,44.016060567514785,0.4955279586173448,0.9682509608999916,0.166209347264898
microsoft-sat14-tx,2015-07-27,4,44.10195167239778,0.4948455114120958,0.9694130941004632,0.1699826471910639
microsoft-sat14-tx,2015-08-12,0,43.90763470013998,0.5128614290310638,0.9629790900678756,0.1619861515760167
microsoft-sat14-tx,2015-08-12,1,44.38265198685759,0.4731967096122503,0.9673870017699624,0.1703594575505807
microsoft-sat14-tx,2015-08-12,2,44.569979562176975,0.4592668878326814,0.9674663017069992,0.1717336030486431
microsoft-sat14-tx,2015-08-12,3,45.19834369724117,0.4561638633089114,0.9681516173591526,0.1650717696270138
microsoft-sat14-tx,2015-08-12,4,45.2665849870536,0.4485725339493785,0.9692535896777406,0.1693652241834619
microsoft-sat14-tx,2015-08-28,0,43.35746109947373,0.5079408820501801,0.9629495553357448,0.1547339138617074
microsoft-sat14-tx,2015-08-28,1,43.63860655766603,0.4616172842713416,0.967264043724976,0.1628675433026451
microsoft-sat14-tx,2015-08-28,2,43.60746769013678,0.4484870994063767,0.9673400881509028,0.1647344383333609
microsoft-sat14-tx,2015-08-28,3,44.158103844213585,0.4494400631122626,0.9680439173568332,0.1583238758680325
microsoft-sat14-tx,2015-08-28,4,44.33811267381848,0.4380773672008367,0.9691433007641632,0.1627186383837179
microsoft-sat14-tx,2015-09-13,0,37.94310477771237,0.5295306940008563,0.962970816258623,0.147650409430814
microsoft-sat14-tx,2015-09-13,1,38.57323133838953,0.472793894306924,0.9673381013513986,0.1565866551095176
microsoft-sat14-tx,2015-09-13,2,38.95251198545296,0.4546230770287936,0.9673774402056992,0.1588134103253789
microsoft-sat14-tx,2015-09-13,3,39.55467926598464,0.4501833656690074,0.9680383430845252,0.1511813054468828
microsoft-sat14-tx,2015-09-13,4,39.74149152795332,0.433334878589132,0.9691168807135102,0.1546271973610134
microsoft-sat14-tx,2015-09-29,0,40.662153593249606,0.5179701486558799,0.9629686588050834,0.1491206756453559
microsoft-sat14-tx,2015-09-29,1,41.29578582934115,0.4711985217388864,0.9673398780015312,0.1527571314551395
microsoft-sat14-tx,2015-09-29,2,41.137029798191655,0.4506858401781935,0.9673559818041966,0.1541530766763807
microsoft-sat14-tx,2015-09-29,3,41.661494516828455,0.4482312734568144,0.9679704442206036,0.1475615448377111
microsoft-sat14-tx,2015-09-29,4,42.03887131553106,0.4281707303080476,0.9691481421990388,0.1535565220091611
microsoft-sat14-tx,2015-10-15,0,37.841010806429495,0.5131775547198828,0.962949336992148,0.1437840788626989
microsoft-sat14-tx,2015-10-15,1,38.5629328943193,0.4535331801300577,0.9672915006722792,0.1480070416601097
microsoft-sat14-tx,2015-10-15,2,38.70978633040014,0.4295035627533566,0.9673204954073054,0.1530020114859929
microsoft-sat14-tx,2015-10-15,3,39.091609827613205,0.426276455910326,0.9679771177530462,0.1452605361185023
microsoft-sat14-tx,2015-10-15,4,39.45194039273095,0.4050758878924065,0.9690180057328074,0.1502620561412356
microsoft-sat14-tx,2015-10-31,0,30.16084834268709,0.5704260694229875,0.962989730101789,0.1270579893964213
microsoft-sat14-tx,2015-10-31,1,30.67557877475768,0.500564718851087,0.9674049949483782,0.1342974600495477
microsoft-sat14-tx,2015-10-31,2,30.721441695863756,0.4720013950015368,0.9674762317673674,0.1364419470422163
microsoft-sat14-tx,2015-10-31,3,31.21526575554082,0.4714661132698348,0.96812915243255,0.1301334694754806
microsoft-sat14-tx,2015-10-31,4,31.153176910831405,0.4522418161057845,0.969085674252676,0.1304567441748479
microsoft-sat14-tx,2015-12-02,0,20.702570469338735,0.5991117065537507,0.9630201491482794,0.1271679578062508
microsoft-sat14-tx,2015-12-02,1,21.018586342429092,0.521269554174914,0.967536097264526,0.1335140123551438
microsoft-sat14-tx,2015-12-02,2,21.09974910632673,0.5049331792790149,0.9675978330298132,0.138900686527315
microsoft-sat14-tx,2015-12-02,3,21.40559788184012,0.5030960252702003,0.968247571685764,0.1321090666280981
microsoft-sat14-tx,2015-12-02,4,21.601453223294428,0.4858009814113209,0.9692067859712072,0.1327467216476416
microsoft-sat14-tx,2015-12-18,0,16.494069382762635,0.5860847382124048,0.9629933225149192,0.125627416315896
microsoft-sat14-tx,2015-12-18,1,16.93078205771712,0.509774110366312,0.967373539976848,0.1306653105584055
microsoft-sat14-tx,2015-12-18,2,17.10042363670223,0.4877502641184282,0.967451871430821,0.1371470686618117
microsoft-sat14-tx,2015-12-18,3,17.459413137455073,0.4804140362337801,0.9681271987636072,0.1311885606373478
microsoft-sat14-tx,2015-12-18,4,17.633228394675548,0.4680069444926433,0.9691561172730008,0.1351008283168947
microsoft-sat14-tx,2016-01-03,0,17.079572037880517,0.6087732158441104,0.9630089808049104,0.1142338973233536
microsoft-sat14-tx,2016-01-03,1,17.37736780121494,0.5295626236019124,0.967502350785695,0.1197433925351986
microsoft-sat14-tx,2016-01-03,2,17.439198159450488,0.5056241535295841,0.9675603610230388,0.1248294445788848
microsoft-sat14-tx,2016-01-03,3,17.948133258924454,0.4983322000821476,0.9681879709989224,0.1193377148484776
microsoft-sat14-tx,2016-01-03,4,18.1637578693167,0.4872649194698832,0.9692131670243768,0.1221495602525306
microsoft-sat14-tx,2016-01-19,2,8.907376727417248,0.7797699017690339,0.9731377483443708,0.1277833329442605
microsoft-sat14-tx,2016-01-19,3,9.81176475793468,0.5794572616097226,0.9623140443109276,0.1038007811108804
microsoft-sat14-tx,2016-01-19,4,10.646027487500028,0.6721931573849232,0.9641375,0.1114123325
microsoft-sat14-tx,2016-02-04,0,18.227307275850507,0.5356056385417836,0.9629614327960444,0.1294700102961449
microsoft-sat14-tx,2016-02-04,1,18.665175125306813,0.4718558661309293,0.9673894165768276,0.1350804832946048
microsoft-sat14-tx,2016-02-04,2,18.828724610794215,0.4492274105262992,0.967420719980118,0.141008024532615
microsoft-sat14-tx,2016-02-04,3,19.29901155450805,0.4372527023668925,0.9680241666639542,0.1361394785771364
microsoft-sat14-tx,2016-02-04,4,19.521653557822695,0.4320953894632154,0.9691999738959384,0.1407035431439363
microsoft-sat14-tx,2016-03-23,0,29.999045392667167,0.5280455312543577,0.9616355606974472,0.1635049084109458
microsoft-sat14-tx,2016-03-23,1,31.425817265986463,0.50594409915169,0.9682907226245264,0.1632005750363701
microsoft-sat14-tx,2016-03-23,2,31.43833917008144,0.492114569240462,0.967739726409726,0.171316104223049
microsoft-sat14-tx,2016-03-23,3,31.815183861460593,0.4942434722692303,0.9677972476214628,0.1596307403180694
microsoft-sat14-tx,2016-03-23,4,31.637087835101045,0.497179661027024,0.968975008670008,0.1640675674307889
microsoft-sat14-tx,2016-05-10,0,40.27783946021417,0.5781067010850347,0.963025143245253,0.1541667553163132
microsoft-sat14-tx,2016-05-10,1,40.775866614100565,0.5319980094728365,0.967540317834105,0.163491034510084
microsoft-sat14-tx,2016-05-10,2,40.349958194151746,0.5268294860768162,0.967732685260266,0.1649279619131205
microsoft-sat14-tx,2016-05-10,3,41.0711337023667,0.523365313410969,0.9684113768739776,0.1609408519367785
microsoft-sat14-tx,2016-05-10,4,41.20625156334847,0.5164550855447478,0.969653062499578,0.163963875128426
microsoft-sat14-tx,2016-06-11,0,36.3436066614288,0.5642050541023442,0.9603760908259958,0.2067972363459533
microsoft-sat14-tx,2016-06-11,1,37.64914910142,0.6402437014430171,0.968193381900266,0.1729359910784914
microsoft-sat14-tx,2016-06-11,2,38.59684949254539,0.562752407864143,0.967771094356458,0.1927735006540182
microsoft-sat14-tx,2016-06-11,3,38.478439223954744,0.6117851315807096,0.9699234006790084,0.1658625156441368
microsoft-sat14-tx,2016-06-11,4,38.03940648241371,0.5706130355501022,0.9689638172460188,0.183729621917927
microsoft-sat14-tx,2016-06-27,0,36.17258867798088,0.5428789929100831,0.962952015461828,0.1820915425953258
microsoft-sat14-tx,2016-06-27,1,36.281898289797574,0.5101071706227024,0.9672702018672028,0.1869793746176459
microsoft-sat14-tx,2016-06-27,2,34.09566999925311,0.4906005970811354,0.967239463492208,0.1949299772637576
microsoft-sat14-tx,2016-06-27,3,34.58641000651964,0.4996462343568792,0.9674430819159774,0.1867741301580258
microsoft-sat14-tx,2016-06-27,4,37.88522751479549,0.5167731374107292,0.9688117472586352,0.1804954666267805
microsoft-sat14-tx,2016-07-13,0,44.336860016782815,0.5763763165311565,0.9615382534391216,0.1535194984839772
microsoft-sat14-tx,2016-07-13,1,45.09436973566803,0.4927716475410808,0.9666414405868944,0.1716253697732148
microsoft-sat14-tx,2016-07-13,2,44.24190654700869,0.4817995045250934,0.9676382967989188,0.1792555063292614
microsoft-sat14-tx,2016-07-13,3,45.90994835395531,0.4695646437919957,0.9681439738553616,0.1728234811207247
microsoft-sat14-tx,2016-07-13,4,45.61273268298269,0.4633635614270868,0.9693878676223896,0.1770070611029209
microsoft-sat14-tx,2016-08-14,1,-33.73797459182659,0.0175259323936679,0.9639534112139492,0.7291550748439077
microsoft-sat14-tx,2016-08-14,2,-1.9477200456982624,0.193435319578283,0.9659439008078244,0.4790523541190723
microsoft-sat14-tx,2016-08-14,3,-7.380622376901432,0.1446651666006263,0.9649739870715942,0.5454622180352776
microsoft-sat14-tx,2016-08-14,4,-6.681938426348589,0.148599350438002,0.96612486260485,0.5082853795335107
microsoft-sat14-tx,2016-08-30,3,31.960437962740425,0.4105684810974301,0.9711196932177744,0.1881742355535492
microsoft-sat14-tx,2016-08-30,4,27.93175833894133,0.6017466064755592,0.967339632119898,0.139082594909217
microsoft-sat14-tx,2016-09-15,0,42.13583877682982,0.6258013452703223,0.9630290159951514,0.1588834383001337
microsoft-sat14-tx,2016-09-15,1,41.586614169299914,0.573313803128469,0.9674215777339092,0.1672744819629056
microsoft-sat14-tx,2016-09-15,2,40.42216475183384,0.5392844188297131,0.9680179126431592,0.1688703556714676
microsoft-sat14-tx,2016-09-15,3,39.886614816483885,0.5272053908822819,0.9682929275364884,0.1743461184338745
microsoft-sat14-tx,2016-09-15,4,41.43750531394112,0.5390456933856796,0.969848599658471,0.1709242311834494
microsoft-sat14-tx,2016-10-17,0,36.32992139665422,0.5284238711215705,0.9651780658148792,0.1665553400356394
microsoft-sat14-tx,2016-10-17,1,36.483445933366994,0.4474878759451656,0.968717371181347,0.2038163320793035
microsoft-sat14-tx,2016-10-17,2,35.31021957587575,0.5122526117024258,0.9698826934057304,0.1729087408111439
microsoft-sat14-tx,2016-10-17,3,36.785631229185256,0.4950892325382392,0.9679175609018122,0.1651473822812301
microsoft-sat14-tx,2016-10-17,4,36.285653476060055,0.5062945787137076,0.9698888782720152,0.1547011648505006
microsoft-sat14-tx,2016-11-18,2,29.652914085507856,0.5760242453087643,0.9681275735669824,0.0764321432538088
microsoft-sat14-tx,2016-11-18,3,31.46296982957832,0.5009350392100644,0.9687272966727282,0.1347262466823482
microsoft-sat14-tx,2016-11-18,4,31.69105742805842,0.5160749666881701,0.9716617236730896,0.1369902313326612
microsoft-sat14-tx,2017-01-05,2,19.614094802997375,0.3198350767159751,0.966617557251908,0.1573167468778236
microsoft-sat14-tx,2017-01-05,3,17.72491038488911,0.4556909283177036,0.9697211645101664,0.1068423415422828
microsoft-sat14-tx,2017-01-05,4,18.48479450879429,0.3442729983117032,0.966560558088164,0.1293020587774713
microsoft-sat14-tx,2017-01-21,0,23.70102598010774,0.5402704457134495,0.9630434225715012,0.1167883369607845
microsoft-sat14-tx,2017-01-21,1,24.208937312387185,0.4458685086901082,0.9674181216577736,0.1248912349207211
microsoft-sat14-tx,2017-01-21,2,24.242264660634813,0.4123204520570838,0.9672571251917036,0.1297259036367756
microsoft-sat14-tx,2017-01-21,3,24.638439420924847,0.3958224038016381,0.9677793425524022,0.1206602472239076
microsoft-sat14-tx,2017-01-21,4,25.09143684499192,0.3707759170797712,0.9692881972744216,0.1273408665060335
microsoft-sat14-tx,2017-02-22,0,30.447951069642027,0.5347760006042946,0.9629688557245698,0.1247300123325729
microsoft-sat14-tx,2017-02-22,1,30.9956116462315,0.4651243033247319,0.9672939310922408,0.133725179851243
microsoft-sat14-tx,2017-02-22,2,30.91094276842514,0.4435326159268398,0.9673184778704438,0.1402543985835788
microsoft-sat14-tx,2017-02-22,3,31.48852420651538,0.4291694311842504,0.9679380772231974,0.1351352720683567
microsoft-sat14-tx,2017-02-22,4,31.51058045283038,0.4260751094244481,0.9690600451701205,0.1380298378243321
microsoft-sat14-tx,2017-03-26,0,35.953548297326144,0.569630325412529,0.9630259172482344,0.1459235353098862
microsoft-sat14-tx,2017-03-26,1,36.57287809589204,0.5288286286705335,0.9675594884572398,0.1538113918202346
microsoft-sat14-tx,2017-03-26,2,36.243504366026805,0.5233124334208605,0.9677237401822129,0.1594479720142091
microsoft-sat14-tx,2017-03-26,3,36.98595757537032,0.5114750397223965,0.9683374842086244,0.1548464201893756
microsoft-sat14-tx,2017-03-26,4,37.04690830128256,0.5108459283438497,0.9694640302416874,0.1573496311122056
microsoft-sat14-tx,2017-04-11,3,23.83191488291264,0.6344884712011721,0.9703407766990292,0.1121575630097087
microsoft-sat14-tx,2017-04-11,4,9.56197418616602,0.5122681429923756,0.9904,0.1452340253985507
microsoft-sat14-tx,2017-04-27,0,32.300304604292414,0.5712124144583771,0.9628241650780236,0.1591717829772497
microsoft-sat14-tx,2017-04-27,1,32.01622951221564,0.5277051114981969,0.9678216707222216,0.1649665110336234
microsoft-sat14-tx,2017-04-27,2,30.202846410701056,0.524607956379731,0.9683077119545525,0.1712652595742531
microsoft-sat14-tx,2017-04-27,3,31.439666851794033,0.5107056212718444,0.9685386377872622,0.1621002646629969
microsoft-sat14-tx,2017-04-27,4,31.533850536774754,0.5094775757899036,0.970464637615836,0.1600633142542497
microsoft-sat14-tx,2017-05-13,0,41.06651175190156,0.5633624891536463,0.9630175987674318,0.1550883517899389
microsoft-sat14-tx,2017-05-13,1,41.7200376348845,0.5165059148393957,0.967544687293469,0.1667026271773877
microsoft-sat14-tx,2017-05-13,2,41.56303299886278,0.4988792977365388,0.9676516474647604,0.1688631452578375
microsoft-sat14-tx,2017-05-13,3,42.487067051919624,0.4862990841814532,0.968251834917506,0.1646384165914025
microsoft-sat14-tx,2017-05-13,4,42.79392226079754,0.4793606093380914,0.9693587778418844,0.168458309784006
microsoft-sat14-tx,2017-06-14,3,36.75578417520728,0.4916300591371944,0.9647921632124352,0.1891572847376943
microsoft-sat14-tx,2017-06-14,4,28.717874407586464,0.7211407104429655,0.9747580479021856,0.1411550934345428
microsoft-sat14-tx,2017-06-30,0,35.56308810714284,0.4816176643923747,0.9676,0.1733602801785714
microsoft-sat14-tx,2017-06-30,1,35.114924185506325,0.4343191623519747,0.9676,0.1749347110363924
microsoft-sat14-tx,2017-06-30,3,39.66123744166675,0.4519338322472986,0.9684825887488308,0.1939698589968154
microsoft-sat14-tx,2017-06-30,4,39.708022133751,0.4966639834670823,0.9677657811459158,0.1881328692185035
microsoft-sat14-tx,2017-07-16,0,45.27006290347921,0.5531318657617398,0.9629964417742828,0.1504797630104523
microsoft-sat14-tx,2017-07-16,1,46.52518708752186,0.4973183707478796,0.9674541027491398,0.1622177801248243
microsoft-sat14-tx,2017-07-16,2,46.72169526398246,0.4779422434448554,0.967548706012379,0.16615773056948
microsoft-sat14-tx,2017-07-16,3,47.58055464140922,0.4661442141383853,0.9680958185347104,0.1621354590181055
microsoft-sat14-tx,2017-07-16,4,47.23509118440326,0.4534166701007179,0.969078513371062,0.1678044421780043
microsoft-sat14-tx,2017-08-01,0,22.31816687305584,0.4638848996406448,0.9630374444432198,0.1512931169982104
microsoft-sat14-tx,2017-08-01,1,22.131213620907356,0.4414413937065913,0.9686188357419178,0.1489471092651048
microsoft-sat14-tx,2017-08-01,2,21.63720722627486,0.4228303356632025,0.9672461634165026,0.1529502253983038
microsoft-sat14-tx,2017-08-01,3,23.303410986446885,0.4201781204772407,0.9680308162422578,0.1499712615510443
microsoft-sat14-tx,2017-08-01,4,24.399462497624476,0.4200486428085729,0.9699713233957192,0.1474850993295299
microsoft-sat14-tx,2017-08-17,0,40.471993523353056,0.544497348900715,0.9636707081069332,0.1462408224794611
microsoft-sat14-tx,2017-08-17,1,41.463219204226995,0.5005978942696188,0.9678815165876752,0.1800799477507176
microsoft-sat14-tx,2017-08-17,2,42.250659507579265,0.5100612172276142,0.9674023699591942,0.1741554771474675
microsoft-sat14-tx,2017-08-17,3,42.78765345926099,0.4943414285791505,0.9684057144860212,0.1721225576051393
microsoft-sat14-tx,2017-08-17,4,42.73704385842467,0.4813979788013239,0.9694748139363322,0.1780692614607165
microsoft-sat14-tx,2017-09-02,0,38.99501385915133,0.5827495278279425,0.9630146677667436,0.149393519293688
microsoft-sat14-tx,2017-09-02,1,39.037642532493656,0.5313914871052731,0.9672769559089648,0.1547021177307252
microsoft-sat14-tx,2017-09-02,2,39.08324883040805,0.5156422179836433,0.967628866097042,0.1671475352481532
microsoft-sat14-tx,2017-09-02,3,39.945439058959415,0.5082289466695359,0.9683293425242464,0.1595190199228271
microsoft-sat14-tx,2017-09-02,4,40.08675489469449,0.5030859213084627,0.969362731954676,0.1648240037868392
microsoft-sat14-tx,2017-09-18,3,35.20940728458408,0.3602992261484189,0.969549604149604,0.185385749077649
microsoft-sat14-tx,2017-09-18,4,36.11224204118842,0.4082026993031793,0.9736039351606548,0.1681681410713623
microsoft-sat14-tx,2017-10-04,0,24.247551919274706,0.4293324466274771,0.9626753782267236,0.1976649977489185
microsoft-sat14-tx,2017-10-04,1,20.470792554960116,0.2219200802804288,0.965820180946662,0.4440219558044265
microsoft-sat14-tx,2017-10-04,2,17.91973612608318,0.1108476163543771,0.9662471137131442,0.6347997439829506
microsoft-sat14-tx,2017-10-04,3,17.485106291988522,0.077637876690594,0.9664785414600684,0.7119183839233789
microsoft-sat14-tx,2017-10-04,4,17.89025839505556,0.094651990715434,0.9675254181126632,0.6438283732932075
microsoft-sat14-tx,2017-11-05,0,27.825570096500005,0.6040172673039919,0.9626472603542232,0.0697498660376921
microsoft-sat14-tx,2017-11-05,1,28.313435640139865,0.5496128293593026,0.9668471693831348,0.0860677041679725
microsoft-sat14-tx,2017-11-05,2,28.31645205950338,0.5416556974622314,0.967331429831869,0.0975011424135089
microsoft-sat14-tx,2017-11-05,3,28.380163274067677,0.5713531520528259,0.9673455800295628,0.0836008901173894
microsoft-sat14-tx,2017-11-05,4,29.0705699831539,0.4806110199909166,0.9673569946983064,0.1376136768790038
microsoft-sat14-tx,2017-11-21,0,12.453487233439043,0.5530237358538784,0.96262817512231,0.1335388138060027
microsoft-sat14-tx,2017-11-21,1,13.470368194301772,0.5373182010913768,0.9682336328248934,0.1245241829385965
microsoft-sat14-tx,2017-11-21,2,17.408510608448424,0.4367989199589068,0.9661719963951227,0.1306085606492717
microsoft-sat14-tx,2017-11-21,3,17.131627152088246,0.4508057575364411,0.9684308423377468,0.1085952188893218
microsoft-sat14-tx,2017-11-21,4,15.557255987672416,0.4123063504843493,0.969964212026898,0.1167443008388788
microsoft-sat14-tx,2017-12-23,0,9.67915614463502,0.514038918565685,0.9629634003464482,0.1367266778743463
microsoft-sat14-tx,2017-12-23,1,10.890943185753278,0.4324158896179906,0.9664229880540351,0.1465107363694542
microsoft-sat14-tx,2017-12-23,2,10.639642433877414,0.4102746278208904,0.9670760559906948,0.1513724140264067
microsoft-sat14-tx,2017-12-23,3,12.039918858542029,0.4107582273749027,0.967290229975571,0.1338966397293471
microsoft-sat14-tx,2017-12-23,4,12.845707943247024,0.3955699164034645,0.968261294141735,0.1390069505709995
microsoft-sat14-tx,2018-01-08,0,20.87791081793925,0.5361672094352112,0.9629720666061948,0.1170750998004481
microsoft-sat14-tx,2018-01-08,1,21.162404245868675,0.4572622462896967,0.9673807640213402,0.1230540129703434
microsoft-sat14-tx,2018-01-08,2,21.30390125870099,0.4050047332194493,0.967266105534126,0.1347537937012328
microsoft-sat14-tx,2018-01-08,3,21.619460817974016,0.3906189037844422,0.9678441058824988,0.1279370576305567
microsoft-sat14-tx,2018-01-08,4,21.819804493590457,0.3761519700582036,0.9690391264167908,0.1313518898201653
microsoft-sat14-tx,2018-01-24,0,19.17698949044162,0.5004987639123049,0.9629349254985428,0.1156589893448757
microsoft-sat14-tx,2018-01-24,1,19.35936473028435,0.4184324022198301,0.96694918239156,0.1243384220230456
microsoft-sat14-tx,2018-01-24,2,19.47551403735363,0.3732538405432261,0.96714253833071,0.1317403320076007
microsoft-sat14-tx,2018-01-24,3,19.784323079071736,0.356841204586401,0.967708933528912,0.125603063567589
microsoft-sat14-tx,2018-01-24,4,19.972819140781212,0.3351992326423488,0.9687881383557264,0.1271756940879571
microsoft-sat14-tx,2018-02-25,0,21.471522468659504,0.4586635761551264,0.9627317718647608,0.1061995753122637
microsoft-sat14-tx,2018-02-25,1,21.007321236048252,0.4029212789658952,0.9681823899411026,0.0981114336375188
microsoft-sat14-tx,2018-02-25,2,20.5857970016736,0.4170821647784493,0.9660923667184684,0.1171395257482718
microsoft-sat14-tx,2018-02-25,3,20.923981881799858,0.4412335400204908,0.9672542016314852,0.1164742380658804
microsoft-sat14-tx,2018-02-25,4,23.395972772307665,0.3819638904471077,0.9657221399625212,0.1328144189629889
microsoft-sat14-tx,2018-03-13,0,25.669347184580676,0.4546467088812651,0.962882455476597,0.117255197686538
microsoft-sat14-tx,2018-03-13,1,26.234985638540937,0.4155994001164465,0.966799917806759,0.1179661240185581
microsoft-sat14-tx,2018-03-13,2,26.235007698689454,0.4051916385640676,0.9673394705122768,0.1185931943166454
microsoft-sat14-tx,2018-03-13,3,27.53707839276048,0.411770175035152,0.9683573868130088,0.1312735119380945
microsoft-sat14-tx,2018-03-13,4,27.57074288406529,0.3922354201365898,0.9701308846385392,0.1514849588548028
microsoft-sat14-tx,2018-03-29,0,27.59379783722652,0.5431131760267018,0.9688435199452152,0.1446267520503766
microsoft-sat14-tx,2018-03-29,1,26.49358612120095,0.5491859929057651,0.9710552732659578,0.1550572067390184
microsoft-sat14-tx,2018-03-29,2,27.855753779995432,0.5028448090049781,0.9681900189049406,0.1621006738138961
microsoft-sat14-tx,2018-03-29,3,27.418603188778658,0.5235777411308791,0.9692676830150748,0.1536671886477833
microsoft-sat14-tx,2018-03-29,4,28.161138238973095,0.493401568725739,0.9681869677449492,0.1617676060427005
microsoft-sat14-tx,2018-04-14,0,20.76496586055761,0.4921290684912719,0.9620125130493516,0.2069869833507666
microsoft-sat14-tx,2018-04-14,1,21.71615230631583,0.4909893184692874,0.9701049857308534,0.1987344743906455
microsoft-sat14-tx,2018-04-14,2,26.57563948975877,0.4622031284734804,0.967014549165496,0.2004228525117199
microsoft-sat14-tx,2018-04-14,3,28.37359997657262,0.4919368433214888,0.9678414177612122,0.1812506464906076
microsoft-sat14-tx,2018-04-14,4,28.847042360864197,0.4825007476145241,0.9661965041341616,0.1838208153989061
microsoft-sat14-tx,2018-05-16,0,46.0166820772932,0.55224770568768,0.96300142812211,0.1562924356322391
microsoft-sat14-tx,2018-05-16,1,46.3625236297068,0.517832924390825,0.967513184038404,0.1682514955419855
microsoft-sat14-tx,2018-05-16,2,46.13702061878487,0.4937398570507766,0.967564033045052,0.1726239339389031
microsoft-sat14-tx,2018-05-16,3,46.45808743087515,0.4867335831694805,0.968227927322,0.1674966071040534
microsoft-sat14-tx,2018-05-16,4,47.352199871962426,0.4844006332005238,0.9699826763243302,0.1691659850737416
microsoft-sat14-tx,2018-06-01,0,33.585023852475274,0.4102627939114443,0.9572,0.2199373064232673
microsoft-sat14-tx,2018-06-01,1,38.483356849547825,0.4352255924347105,0.9666227558677324,0.2200877861538949
microsoft-sat14-tx,2018-06-01,2,40.76862683808547,0.4444700264415947,0.9667137769710908,0.2016244010744062
microsoft-sat14-tx,2018-06-01,3,39.8245609869964,0.452969372830643,0.9684913399718276,0.192674712461689
microsoft-sat14-tx,2018-06-01,4,40.46720878748309,0.4412296704833793,0.9687846612302388,0.1974797907164192
microsoft-sat14-tx,2018-06-17,1,39.733906902722275,0.3392868545816644,0.9593527000117142,0.2123960260900589
microsoft-sat14-tx,2018-06-17,2,43.05201107360548,0.5316427526868744,0.968860814618945,0.1570387308748606
microsoft-sat14-tx,2018-06-17,3,45.28558565085952,0.4129135515600782,0.9686512723742065,0.2004264886980569
microsoft-sat14-tx,2018-06-17,4,46.72727973185433,0.4088411218297175,0.9722217430707948,0.1957412128218744
microsoft-sat14-tx,2018-07-03,0,48.84130963069198,0.5012948869686816,0.9629580470327624,0.1572031239902293
microsoft-sat14-tx,2018-07-03,1,49.041081412708635,0.4581459208782178,0.9673437989684024,0.1693583362964312
microsoft-sat14-tx,2018-07-03,2,49.31874084046146,0.4319632395588016,0.9673885088217372,0.173717904613885
microsoft-sat14-tx,2018-07-03,3,49.86508729367006,0.4246734585014556,0.9680209249206212,0.1669050161722922
microsoft-sat14-tx,2018-07-03,4,50.34606216029354,0.4050313015408953,0.969083283343774,0.1742500770975699
microsoft-sat14-tx,2018-07-19,0,41.26294972179765,0.5457308382108286,0.9629860802538092,0.1538238878438231
microsoft-sat14-tx,2018-07-19,1,41.65943691740819,0.5076769932981584,0.9674703446494596,0.1655151199409303
microsoft-sat14-tx,2018-07-19,2,41.678467296639454,0.4895285196294907,0.9675831236030594,0.1705979824558478
microsoft-sat14-tx,2018-07-19,3,42.4986590446676,0.4815073590638327,0.9682129827908944,0.1640151483266349
microsoft-sat14-tx,2018-07-19,4,43.00726457349714,0.4677546311728317,0.9692634464237748,0.1701988147811226
microsoft-sat14-tx,2018-08-04,0,40.24818702810594,0.5339847833044618,0.9620787295615686,0.0959907668058168
microsoft-sat14-tx,2018-08-04,1,41.824023544558855,0.4140427575621925,0.9613126574689422,0.1800857901951592
microsoft-sat14-tx,2018-08-04,2,41.094060721607235,0.4929572570814784,0.9673803338089886,0.177064682447939
microsoft-sat14-tx,2018-08-04,3,41.05018320186671,0.4623527763591421,0.9692343955061684,0.185989038620387
microsoft-sat14-tx,2018-08-04,4,41.0611497669199,0.4660176014650289,0.9705310286851064,0.1946042004832121
microsoft-sat14-tx,2018-08-20,0,43.7325470661767,0.5687119542393465,0.9630128594806268,0.1683200607727495
microsoft-sat14-tx,2018-08-20,1,44.01434319904568,0.5182801208158312,0.9675432356180782,0.180881960424427
microsoft-sat14-tx,2018-08-20,2,42.379564015520415,0.4916029436074417,0.96761936822217,0.1854353414602428
microsoft-sat14-tx,2018-08-20,3,41.12384286840538,0.4844946453552063,0.9677700388493616,0.1785302347688255
microsoft-sat14-tx,2018-08-20,4,41.05828144470433,0.5049088220067002,0.9703191322609708,0.1670721455306113
microsoft-sat14-tx,2018-09-05,2,35.58109126222075,0.4073987590414497,0.9614590670973944,0.2580021010474416
microsoft-sat14-tx,2018-09-05,3,40.879761336316406,0.4904701548469936,0.9673212565438236,0.1798610650789467
microsoft-sat14-tx,2018-09-05,4,39.37454943036431,0.4858562218013353,0.9679385912521622,0.185763708599971
microsoft-sat14-tx,2018-10-07,2,20.353399506275125,0.4523124724063802,0.96757548091085,0.0939152947647666
microsoft-sat14-tx,2018-10-07,3,20.20619985630003,0.5392956532657153,0.969512989696924,0.1480596658814468
microsoft-sat14-tx,2018-10-07,4,18.658835808978033,0.5815535157199008,0.96734609702069,0.1374287848956707
microsoft-sat14-tx,2018-11-24,1,-1.347377439999974,0.422227592089567,0.9688,0.13592661625
microsoft-sat14-tx,2018-11-24,2,-3.4510902338685927,0.3100325659070924,0.9633903453352142,0.1046872834332638
microsoft-sat14-tx,2018-11-24,3,3.260338313668741,0.3630208031195329,0.9667176690398458,0.1121095545888565
microsoft-sat14-tx,2018-11-24,4,-6.5439556696683105,0.4362575955206282,0.9718946874082772,0.0920135573617511
microsoft-sat14-tx,2018-12-10,0,17.167087038849683,0.5655597667951587,0.9629870288405016,0.1152437731398629
microsoft-sat14-tx,2018-12-10,1,17.53475944933299,0.4791716712373041,0.967358734921853,0.1236301781232426
microsoft-sat14-tx,2018-12-10,2,17.70422594891925,0.4292692518971702,0.9672826027113725,0.1335135428430459
microsoft-sat14-tx,2018-12-10,3,18.06129701437951,0.4213595852186633,0.9678870666554692,0.1281113000939595
microsoft-sat14-tx,2018-12-10,4,18.309790275419907,0.4002060835653515,0.9689314384471228,0.1315202836766799
microsoft-sat14-tx,2019-01-27,0,20.22197079750506,0.5566163825793989,0.9629665510372476,0.1126026805715907
microsoft-sat14-tx,2019-01-27,1,20.483324934772835,0.48902447203528,0.9671835359572326,0.1179726314004231
microsoft-sat14-tx,2019-01-27,2,20.667360777492203,0.4519225572184825,0.9673011024886992,0.1265972326089682
microsoft-sat14-tx,2019-01-27,3,21.205618303209203,0.4430870668136819,0.9678942764954932,0.1215892888180906
microsoft-sat14-tx,2019-01-27,4,21.49801937140849,0.424479461548667,0.9690017428763528,0.125467912290142
microsoft-sat14-tx,2019-02-12,0,20.028383283564352,0.545988658792691,0.9629638351893314,0.1154629956310425
microsoft-sat14-tx,2019-02-12,1,20.2977016155984,0.4756770413002662,0.9672614025381834,0.1230632107933012
microsoft-sat14-tx,2019-02-12,2,20.27944549739256,0.4498183201289477,0.9672824101922352,0.1325684094150108
microsoft-sat14-tx,2019-02-12,3,20.67836553417589,0.4382421318848407,0.9679120085995514,0.1273165749504822
microsoft-sat14-tx,2019-02-12,4,20.67807956264717,0.424099114553484,0.9689813915551532,0.1306174171036435
microsoft-sat14-tx,2019-03-16,4,16.06171558864205,0.4056500793737866,0.9727298696978286,0.2078775737875226
microsoft-sat14-tx,2019-06-04,0,37.75294034420471,0.6523432304192013,0.962825486356144,0.1938597183634924
microsoft-sat14-tx,2019-06-04,1,39.72272396621462,0.5831668258169399,0.968657386624214,0.2026597639018136
microsoft-sat14-tx,2019-06-04,2,36.78569567058099,0.5746862629273592,0.9693038644854216,0.2129462957218707
microsoft-sat14-tx,2019-06-04,3,37.022673490862886,0.5703255978077756,0.9672668777360252,0.1877461448665932
microsoft-sat14-tx,2019-06-04,4,37.15975571742979,0.5724971931057034,0.9651671911316952,0.1854489252245313
microsoft-sat14-tx,2019-06-20,4,27.68756312000005,0.7783550647933901,0.9716,0.0647322741666666
microsoft-sat14-tx,2019-07-06,0,35.56007439782332,0.6036514142811632,0.962930809892392,0.0874375879099018
microsoft-sat14-tx,2019-07-06,1,37.021180280827515,0.4390396941104811,0.9628421234821148,0.1377823559980494
microsoft-sat14-tx,2019-07-06,2,34.98576192054859,0.5684129830031983,0.9694197510794798,0.1437677429075561
microsoft-sat14-tx,2019-07-06,3,35.91222279111459,0.5209921429584456,0.9677521229189744,0.1577054618379071
microsoft-sat14-tx,2019-07-06,4,37.71260145382503,0.5506136217992305,0.970753204162536,0.1724114446173243
microsoft-sat14-tx,2019-07-22,0,45.652386695504205,0.6025894029338124,0.963648582789777,0.1662430784749008
microsoft-sat14-tx,2019-07-22,1,44.33521520034879,0.5376439786770241,0.966623907248576,0.1921966295097405
microsoft-sat14-tx,2019-07-22,2,44.7233366628001,0.5393530033746528,0.968000929166243,0.192896951755203
microsoft-sat14-tx,2019-07-22,3,44.5804413971216,0.4942788045068736,0.9680528625277696,0.1945512838417037
microsoft-sat14-tx,2019-07-22,4,45.14394462796429,0.5007173339704012,0.9691206062704452,0.19395562576938
microsoft-sat14-tx,2019-08-07,0,40.78993391962847,0.5546172340304073,0.962955235004264,0.1114136307552455
microsoft-sat14-tx,2019-08-07,1,41.44157002381652,0.5029140142144573,0.9673749990581574,0.1352964090548807
microsoft-sat14-tx,2019-08-07,2,41.71794524164933,0.4857284064173315,0.967378375474017,0.1547197797964508
microsoft-sat14-tx,2019-08-07,3,42.68897234724805,0.4727896390390962,0.9680964882636838,0.1586441311034824
microsoft-sat14-tx,2019-08-07,4,43.1005877077036,0.4565507929649491,0.969168185644156,0.1621178381475583
microsoft-sat14-tx,2019-08-23,0,48.71022751434982,0.5474340255989983,0.962989666741121,0.156514126142965
microsoft-sat14-tx,2019-08-23,1,48.910257218450155,0.5008465103154037,0.9674497674736556,0.1667598456868946
microsoft-sat14-tx,2019-08-23,2,49.47475632539242,0.4626007087127149,0.9676400252089062,0.1757544758838729
microsoft-sat14-tx,2019-08-23,3,50.068615719843,0.4613511033898361,0.968083890328342,0.1635995180194467
microsoft-sat14-tx,2019-08-23,4,50.022144027962455,0.441444700161567,0.9695988157375256,0.1719856068448758
microsoft-sat14-tx,2019-09-08,0,44.41946631763496,0.5561243398622522,0.9629911636938832,0.1569504783647819
microsoft-sat14-tx,2019-09-08,1,44.57349978434237,0.5070371241764347,0.9674014104868648,0.1676328047703332
microsoft-sat14-tx,2019-09-08,2,43.67704010061678,0.4663571754322418,0.9679900300843328,0.1760021344303809
microsoft-sat14-tx,2019-09-08,3,44.87800838251471,0.4454438746989972,0.9680076266870076,0.1773569925758626
microsoft-sat14-tx,2019-09-08,4,45.50554848886014,0.4345737768804858,0.9687137800943756,0.1705542195205645
microsoft-sat14-tx,2019-09-24,0,37.123197220000016,0.602424425274183,0.952077777777778,0.1632390983333333
microsoft-sat14-tx,2019-09-24,1,40.75365054200083,0.5167692874951461,0.9693792844760136,0.1654201287274672
microsoft-sat14-tx,2019-09-24,2,43.789546889422304,0.4880717651621313,0.9666706644319978,0.1740320889726554
microsoft-sat14-tx,2019-09-24,3,43.56418604163657,0.4411166914350847,0.9672398058064716,0.1740037446344831
microsoft-sat14-tx,2019-09-24,4,45.6862894712112,0.4079585267813225,0.969157637305859,0.1725075674818286
microsoft-sat14-tx,2019-10-10,0,37.19950194982399,0.5971272496240267,0.9626570583325575,0.1027858250192432
microsoft-sat14-tx,2019-10-10,1,38.78811462889664,0.4507559824938636,0.9664835605626372,0.1679090059309544
microsoft-sat14-tx,2019-10-10,2,38.95934439903792,0.4749278135591713,0.9689333423749152,0.1707898827252519
microsoft-sat14-tx,2019-10-10,3,41.070394990738464,0.4473630070996586,0.9683778984747232,0.1660395055515318
microsoft-sat14-tx,2019-10-10,4,42.423108471792055,0.4047361614829946,0.9679690498577594,0.1682673956120161
microsoft-sat14-tx,2019-10-26,0,24.828464874605327,0.5856627073169769,0.9630241746019464,0.1294548133506397
microsoft-sat14-tx,2019-10-26,1,25.304262569397057,0.5293296503154328,0.967575713428096,0.1389558606688091
microsoft-sat14-tx,2019-10-26,2,25.544315752491897,0.488045261377223,0.9675926015549656,0.1472566894024055
microsoft-sat14-tx,2019-10-26,3,26.09472351059831,0.4794004799344604,0.9681613523872836,0.1419422116482194
microsoft-sat14-tx,2019-10-26,4,26.46282847784277,0.4476719021601764,0.969177402042955,0.145336584825058
microsoft-sat14-tx,2019-12-13,0,22.3795367762668,0.5922952203223077,0.9630354389711696,0.1151816252563952
microsoft-sat14-tx,2019-12-13,1,22.445627978444374,0.532325920487394,0.9678814848300652,0.116711566179742
microsoft-sat14-tx,2019-12-13,2,22.807408914061945,0.4775608422049482,0.9675263845515756,0.1292803250749049
microsoft-sat14-tx,2019-12-13,3,23.140503782324597,0.4678035166567237,0.9681013752144372,0.1251359030256616
microsoft-sat14-tx,2019-12-13,4,23.370429902536628,0.4378253910978005,0.9691605770699976,0.1295503769398011
microsoft-sat14-tx,2019-12-29,0,19.96808037156313,0.5556489646642507,0.963001227919396,0.1178641652292061
microsoft-sat14-tx,2019-12-29,1,20.228761441253944,0.4804706097418546,0.9674233898381178,0.1224431259695059
microsoft-sat14-tx,2019-12-29,2,20.451982478691967,0.4263440712554764,0.9673454019683756,0.1327848093925849
microsoft-sat14-tx,2019-12-29,3,20.739752968796864,0.4142823715864358,0.9678671975630024,0.1288332416405315
microsoft-sat14-tx,2019-12-29,4,20.78978605428892,0.3908522240802533,0.968942827752478,0.1324912047624292
microsoft-sat14-tx,2020-04-19,0,31.281299467334527,0.6161111784296154,0.9639063787812358,0.146100710168603
microsoft-sat14-tx,2020-04-19,1,30.572569698895244,0.6420164877717983,0.9708230330443532,0.1477515056638239
microsoft-sat14-tx,2020-04-19,2,32.729142136555794,0.5382651122667714,0.9677111788669024,0.1585589989509277
microsoft-sat14-tx,2020-04-19,3,32.83575447916859,0.5407532779070761,0.9682630179795846,0.1533271304852626
microsoft-sat14-tx,2020-04-19,4,33.16463221228725,0.5463727557709896,0.9710945925344,0.1509762134563621
microsoft-sat14-tx,2020-05-05,0,42.27177673793042,0.5428676853803184,0.9629639929072534,0.1452095852923251
microsoft-sat14-tx,2020-05-05,1,42.64881261778659,0.5112776870486324,0.9673623257191866,0.1550987255604902
microsoft-sat14-tx,2020-05-05,2,42.91444614773437,0.4847587169167002,0.9675574286705874,0.1636509985596963
microsoft-sat14-tx,2020-05-05,3,43.247065740315826,0.4782633219128981,0.9682107916846732,0.1595583869431344
microsoft-sat14-tx,2020-05-05,4,44.49035960866135,0.4752596409871141,0.9702593641993782,0.1593616844422198
microsoft-sat14-tx,2020-06-06,0,44.42523209089174,0.5918441507571474,0.9630206893093706,0.1486741852867184
microsoft-sat14-tx,2020-06-06,1,45.371160289460725,0.5529183038250347,0.967563967608872,0.1621551026350453
microsoft-sat14-tx,2020-06-06,2,45.396192448588046,0.523786273986101,0.967664294859257,0.1703689345101632
microsoft-sat14-tx,2020-06-06,3,46.21760558714726,0.5174906623210479,0.9682961730418272,0.1653088683049944
microsoft-sat14-tx,2020-06-06,4,46.575039401325185,0.5145558693722837,0.9693957120322424,0.1675671714619111
microsoft-sat14-tx,2020-07-08,0,39.48197502902341,0.6620888646897973,0.9587253735849052,0.1920349665720754
microsoft-sat14-tx,2020-07-08,1,42.90735537606523,0.535141213955227,0.9622139454638472,0.1901248190864098
microsoft-sat14-tx,2020-07-08,2,41.41931365946395,0.4762062215063663,0.9629294378433498,0.1951368275354201
microsoft-sat14-tx,2020-07-08,3,42.03074128874246,0.4637177316454989,0.9659891670221964,0.1834081923163884
microsoft-sat14-tx,2020-07-08,4,42.11388249154922,0.4771825372779169,0.9693378057653742,0.1854332031203103
microsoft-sat14-tx,2020-07-24,0,45.70826775789688,0.5584305844701453,0.962116454084432,0.1718182661090317
microsoft-sat14-tx,2020-07-24,1,45.90669417653882,0.4510559749319643,0.9649233515291892,0.1893732974610235
microsoft-sat14-tx,2020-07-24,2,45.69993065807226,0.4748951721243957,0.9678427896367908,0.1801316670998212
microsoft-sat14-tx,2020-07-24,3,48.6420578682263,0.4746596683146352,0.9673263315727204,0.1677683053645483
microsoft-sat14-tx,2020-07-24,4,51.65379240579797,0.4428961247507764,0.969738299542752,0.1856514377055358
microsoft-sat14-tx,2020-08-09,0,40.96796637179511,0.5626963505280704,0.9630192897934152,0.1639446988993927
microsoft-sat14-tx,2020-08-09,1,42.03338968053236,0.5283766101777343,0.967451259267223,0.1703163907834023
microsoft-sat14-tx,2020-08-09,2,42.327618496954344,0.4720464781796986,0.9670508544818368,0.1885143181987798
microsoft-sat14-tx,2020-08-09,3,41.77042997849658,0.4893875961301524,0.9682430713830502,0.1722181911031358
microsoft-sat14-tx,2020-08-09,4,42.25900275124945,0.4734317216704441,0.9698210774376452,0.1818104283844597
microsoft-sat14-tx,2020-08-25,0,45.99071282825972,0.5794931298594002,0.9630071934870724,0.1590160692591589
microsoft-sat14-tx,2020-08-25,1,46.16482576346154,0.5287579133291368,0.9677313467232171,0.1719467999818996
microsoft-sat14-tx,2020-08-25,2,46.82895596904147,0.4822608833445719,0.9670410557882924,0.1802088677626746
microsoft-sat14-tx,2020-08-25,3,47.413209130910126,0.4695373143827938,0.9676399519705016,0.1720377310779286
microsoft-sat14-tx,2020-08-25,4,47.21101921875755,0.442250145831901,0.9695059633897424,0.1727877733862954
microsoft-sat14-tx,2020-09-26,4,27.806054480000014,0.7943613922072228,0.96385,0.0589028104166666
microsoft-sat14-tx,2020-10-12,0,39.29588554524407,0.5322595992085463,0.9629668664730916,0.1374897403004503
microsoft-sat14-tx,2020-10-12,1,39.85476552633012,0.4800127635175031,0.9673703226198496,0.1491767395911949
microsoft-sat14-tx,2020-10-12,2,39.99947468011302,0.4312693923490325,0.9671435496951788,0.1592827532533808
microsoft-sat14-tx,2020-10-12,3,39.849200258373266,0.4339044938042248,0.9681695602076827,0.1470694636376075
microsoft-sat14-tx,2020-10-12,4,39.73741765896045,0.4028420387294806,0.969027809954734,0.1645705039388674
microsoft-sat14-tx,2020-10-28,0,20.342894174941655,0.545607814405991,0.9629949498356744,0.1240444197277542
microsoft-sat14-tx,2020-10-28,1,20.590123092560788,0.4844147890613869,0.967405228310325,0.131062883574669
microsoft-sat14-tx,2020-10-28,2,21.027580926039494,0.4405273722104793,0.9673882239662526,0.1415914193202967
microsoft-sat14-tx,2020-10-28,3,21.52141400117478,0.4349763048342232,0.967968914105812,0.1347579331777569
microsoft-sat14-tx,2020-10-28,4,21.829622585668854,0.4160291540641431,0.9690478616205248,0.1367763937981834
microsoft-sat14-tx,2020-11-29,0,18.537599983857092,0.5561947944923038,0.9629960074093108,0.1106232192212889
microsoft-sat14-tx,2020-11-29,1,18.677565751886867,0.4863150923031921,0.9673087042183413,0.11636061166138
microsoft-sat14-tx,2020-11-29,2,19.065996514394666,0.4290991753361051,0.9673042668984336,0.124984178558571
microsoft-sat14-tx,2020-11-29,3,19.370951942624437,0.4168607903050296,0.9677875880532736,0.1216017493658863
microsoft-sat14-tx,2020-11-29,4,19.73977480815295,0.3991794325209186,0.9689637508989932,0.1214540756746734
microsoft-sat14-tx,2021-01-16,0,18.846260149655823,0.4944377038748512,0.9629333536938376,0.122588933293752
microsoft-sat14-tx,2021-01-16,1,18.92943613291832,0.4200633246391163,0.9672150323957468,0.1304666374918014
microsoft-sat14-tx,2021-01-16,2,19.21758944231656,0.3686919056569306,0.966995509788094,0.1411804147386431
microsoft-sat14-tx,2021-01-16,3,19.620950190635405,0.3587368321781022,0.9676691923796884,0.1347476181312989
microsoft-sat14-tx,2021-01-16,4,19.998213007810847,0.340881904959558,0.9687619758288096,0.1368433178877229
microsoft-sat14-tx,2021-02-01,0,22.27112771917689,0.5107070588213581,0.9629371015457286,0.1173910945381622
microsoft-sat14-tx,2021-02-01,1,22.49518275808188,0.4378156528081404,0.9672105396893144,0.1268607276688197
microsoft-sat14-tx,2021-02-01,2,22.89603697921572,0.3903482559367252,0.9670804023292364,0.1361273916350729
microsoft-sat14-tx,2021-02-01,3,23.25789197563235,0.3763550126637208,0.9676963970548726,0.1300608136946026
microsoft-sat14-tx,2021-02-01,4,23.584900547843706,0.3604700994565938,0.9687878848105296,0.1321522820759416
microsoft-sat14-tx,2021-03-05,2,15.941718199824006,0.3001173860159629,0.9675009056164836,0.1133319673524299
microsoft-sat14-tx,2021-03-05,3,10.802666455588056,0.2988106221673743,0.9671911539024453,0.1165681393360095
microsoft-sat14-tx,2021-03-05,4,5.470137866882454,0.2952176833387601,0.9686236205326216,0.1190212149267145
microsoft-sat14-tx,2021-03-21,0,29.480353789137737,0.4231222918201011,0.9629149110800842,0.1345125865785583
microsoft-sat14-tx,2021-03-21,1,29.82106880589306,0.3918298484318762,0.9669900794491152,0.1408951047391953
microsoft-sat14-tx,2021-03-21,2,30.286279733404054,0.3701314985974717,0.9670601814049972,0.1500226412312593
microsoft-sat14-tx,2021-03-21,3,31.041252296724902,0.3500918322376606,0.9677307728780566,0.144516426388251
microsoft-sat14-tx,2021-03-21,4,31.587599643726747,0.3381209282134469,0.9687989073070828,0.1481445659114934
microsoft-sat14-tx,2021-04-06,0,36.37377326787469,0.5149601615947179,0.9623945891807008,0.1489606789961952
microsoft-sat14-tx,2021-04-06,1,36.67880302400229,0.4496015798514181,0.9665015575744654,0.1653491646747061
microsoft-sat14-tx,2021-04-06,2,37.29960566296255,0.4337202677674338,0.9667543325424908,0.1687662556146815
microsoft-sat14-tx,2021-04-06,3,37.247202620490114,0.4235232017446373,0.968149269244375,0.1636731565569352
microsoft-sat14-tx,2021-04-06,4,38.27073332284112,0.40854187123788,0.9691388614786662,0.1624711707256343
microsoft-sat14-tx,2021-05-08,1,39.45397924233641,0.3603898111375719,0.9608238587210212,0.1964608308030962
microsoft-sat14-tx,2021-05-08,2,38.31553768808845,0.4530635984755024,0.9676852315885984,0.1641036949382285
microsoft-sat14-tx,2021-05-08,3,39.1033744879498,0.4332385676018128,0.968454136503872,0.1810243214638671
microsoft-sat14-tx,2021-05-08,4,39.87801001647857,0.4323304730309707,0.9696116027518104,0.1797841768572128
microsoft-sat14-tx,2021-05-24,0,27.370478002215027,0.6165803256077822,0.962988665970852,0.1526146872608464
microsoft-sat14-tx,2021-05-24,1,29.049517414872057,0.5707169931970129,0.9668116521150332,0.1739428411149166
microsoft-sat14-tx,2021-05-24,2,32.874636651528235,0.5450186195332897,0.9674825840258028,0.1805214332243494
microsoft-sat14-tx,2021-05-24,3,34.265313131399694,0.5144634245342566,0.9655840814530854,0.1870155343630199
microsoft-sat14-tx,2021-05-24,4,35.20014931779999,0.5319312653616415,0.9660619279233588,0.1744856994302754
microsoft-sat14-tx,2021-06-25,0,34.432567756673414,0.6523206415421339,0.9641340252362486,0.122872450218359
microsoft-sat14-tx,2021-06-25,1,31.417828011153873,0.6754326838624065,0.9663,0.1261898271634615
microsoft-sat14-tx,2021-06-25,2,35.275286246333835,0.3784916289221962,0.9670258538222708,0.212725591987287
microsoft-sat14-tx,2021-06-25,3,38.76463262846519,0.5090806066086886,0.9666391637062054,0.1948456182134504
microsoft-sat14-tx,2021-06-25,4,37.16131436403723,0.5024577777629425,0.9696265310184016,0.1972402179103063
microsoft-sat14-tx,2021-07-27,2,6.71914976000005,0.4174067315490672,0.9679,0.2104989574999999
microsoft-sat14-tx,2021-07-27,3,10.974008155671656,0.5018391509251109,0.966151451872519,0.2122733338891512
microsoft-sat14-tx,2021-07-27,4,25.808568925982428,0.5472639502559169,0.9718595057433388,0.2064668483004556
microsoft-sat14-tx,2021-08-12,0,42.73416009974157,0.609263583175504,0.9628572835250432,0.1667791303321522
microsoft-sat14-tx,2021-08-12,1,43.67989650642,0.5620314122034972,0.967704833867149,0.1775471036128608
microsoft-sat14-tx,2021-08-12,2,42.96179840310396,0.5172265202565832,0.968735303042852,0.186893095416457
microsoft-sat14-tx,2021-08-12,3,43.933664516032046,0.5242122884179207,0.9685906755702294,0.1704534760532645
microsoft-sat14-tx,2021-08-12,4,44.26149452430628,0.5154624472188326,0.970164425847544,0.1789338606325176
microsoft-sat14-tx,2021-08-28,0,43.80328279327531,0.5912146326402684,0.9682416203532168,0.1538717098136656
microsoft-sat14-tx,2021-08-28,1,41.40097695203292,0.6024238575771205,0.9700808275831564,0.1413721227369214
microsoft-sat14-tx,2021-08-28,2,45.02300339947664,0.5284640117306318,0.9667670886075947,0.1752912775944331
microsoft-sat14-tx,2021-08-28,3,46.10767779648073,0.5374666187926737,0.9680593079024382,0.1557434319675907
microsoft-sat14-tx,2021-08-28,4,45.98111603718664,0.5057117096190732,0.9695197969043614,0.1713342051140571
microsoft-sat14-tx,2021-09-13,0,37.72221809003387,0.5848060548157293,0.964253207751696,0.1082886448812441
microsoft-sat14-tx,2021-09-13,1,37.71386388946186,0.5408057747659871,0.9668381091198824,0.1237535842028928
microsoft-sat14-tx,2021-09-13,2,39.9778548102738,0.5150674281788817,0.9676237219660544,0.1401440296606966
microsoft-sat14-tx,2021-09-13,3,41.77182127232254,0.5157175367216817,0.9689194921214216,0.1580475937625714
microsoft-sat14-tx,2021-09-13,4,41.7501433881114,0.4887465149942238,0.971770488816028,0.1630704378976045
microsoft-sat14-tx,2021-09-29,0,34.66111005156442,0.6049447575017755,0.963053559365301,0.1321889942078891
microsoft-sat14-tx,2021-09-29,1,35.35238796241464,0.5432470897505538,0.9676268995221816,0.1401135155427982
microsoft-sat14-tx,2021-09-29,2,35.699747080055275,0.5013764446504452,0.9676299089056726,0.1483872917293359
microsoft-sat14-tx,2021-09-29,3,36.465368621617046,0.4934943136891683,0.9682343334169876,0.1407645846908074
microsoft-sat14-tx,2021-09-29,4,36.732500322378186,0.4740477227862203,0.9692662966241627,0.1434287424089105
microsoft-sat14-tx,2021-10-15,1,34.88471863788651,0.6196391683441784,0.9684455704185372,0.1442691364383789
microsoft-sat14-tx,2021-10-15,2,34.346627832910734,0.520017393325196,0.9662824468681068,0.1682316371018848
microsoft-sat14-tx,2021-10-15,3,34.59596961261898,0.5150249600933188,0.9676950744586906,0.1561142833687509
microsoft-sat14-tx,2021-10-15,4,32.34173304360028,0.5681435134828382,0.9682875650850644,0.1565079606302982
microsoft-sat14-tx,2021-10-31,0,29.8379705588825,0.6149830610251171,0.9630846177012978,0.1276279382196306
microsoft-sat14-tx,2021-10-31,1,30.023186551593007,0.580060832552929,0.968085993253296,0.1285295811031953
microsoft-sat14-tx,2021-10-31,2,30.35353575969185,0.5319014325332445,0.9679358242678726,0.1417202230195275
microsoft-sat14-tx,2021-10-31,3,30.940860327499703,0.5168307067548004,0.9683404229053292,0.1381306719488128
microsoft-sat14-tx,2021-10-31,4,31.17111655593655,0.5107395463954348,0.9695718962462382,0.1393717311300193
microsoft-sat14-tx,2021-12-02,0,3.375074649607926,0.6784957388132848,0.9634348873108982,0.1487129900362766
microsoft-sat14-tx,2021-12-02,1,12.670233246090092,0.4919551363899719,0.9694441991310626,0.1381712791417813
microsoft-sat14-tx,2021-12-02,2,18.374526333348182,0.4627467367083321,0.9677848198657952,0.1501455337719683
microsoft-sat14-tx,2021-12-02,3,20.50600319284253,0.457228716432757,0.9680250344614584,0.1506419964783853
microsoft-sat14-tx,2021-12-02,4,22.73839234299329,0.4541684733119074,0.9690319305591087,0.1494336903560491
microsoft-sat14-tx,2021-12-18,3,8.390733479323465,0.1638951444689478,0.9893303882195408,0.2171807711586944
microsoft-sat14-tx,2021-12-18,4,6.831548797361378,0.2262067494394286,0.9817874598814506,0.1706467906425186
microsoft-sat14-tx,2022-01-03,0,14.315635978313994,0.5760883180671786,0.9630064034464602,0.1116620680177823
microsoft-sat14-tx,2022-01-03,1,14.661249345576609,0.5071846935043225,0.9672458524442772,0.1173377539130632
microsoft-sat14-tx,2022-01-03,2,15.092322461691394,0.4520438004492049,0.9675352387000872,0.1262799570739144
microsoft-sat14-tx,2022-01-03,3,15.460539448451948,0.4349998051925473,0.9678570105005986,0.1234188252200021
microsoft-sat14-tx,2022-01-03,4,15.681415351545972,0.4246434457856571,0.969040380082644,0.1233557805462195
microsoft-sat14-tx,2022-01-19,4,5.07679115000002,0.156057193546392,0.96995,0.13689439625
microsoft-sat14-tx,2022-02-04,0,3.594183161903634,0.3768869135696158,0.9644071154429226,0.1717772867463231
microsoft-sat14-tx,2022-02-04,1,3.904833986213107,0.3177893097135579,0.9656292859953802,0.1788471960853282
microsoft-sat14-tx,2022-02-04,2,4.862631847915646,0.3060166100293977,0.96697446594724,0.1334074065082331
microsoft-sat14-tx,2022-02-04,3,4.618601085966747,0.3073995191096182,0.968063485447673,0.1281588939822352
microsoft-sat14-tx,2022-02-04,4,5.3112834847992305,0.3088585751875681,0.9689411964658704,0.1342953390358263
microsoft-sat14-tx,2022-03-24,0,28.76837342704392,0.3738857151995481,0.9619727353162968,0.175286584420906
microsoft-sat14-tx,2022-03-24,1,29.792009188966087,0.4038889359031445,0.9672706067215237,0.138886948647359
microsoft-sat14-tx,2022-03-24,2,30.395202240072887,0.3465138024419811,0.96683159515383,0.1537775970425168
microsoft-sat14-tx,2022-03-24,3,30.948419548465942,0.3380544634036891,0.9677056310020512,0.1474236557473419
microsoft-sat14-tx,2022-03-24,4,31.131200548603807,0.3348865556449023,0.968867574133305,0.148167715104468
microsoft-sat14-tx,2022-04-09,0,35.61958071850566,0.3553169751333896,0.9629404002176384,0.1907304911024426
microsoft-sat14-tx,2022-04-09,1,37.39414971713313,0.3899672741523608,0.966091410535536,0.1648454453982389
microsoft-sat14-tx,2022-04-09,2,36.53943999351386,0.3845065708144409,0.9676005983501944,0.168721771828156
microsoft-sat14-tx,2022-04-09,3,37.22167711881642,0.3681087899552777,0.967825860142476,0.165404310186179
microsoft-sat14-tx,2022-04-09,4,38.11634269889417,0.3852984933510786,0.9708953149310096,0.1597768103010344
microsoft-sat14-tx,2022-05-11,0,34.6544642293619,0.3617354967630447,0.9625629169012744,0.2281292487521799
microsoft-sat14-tx,2022-05-11,1,36.24015025677845,0.4445537913379873,0.9671506019175368,0.1705778842607363
microsoft-sat14-tx,2022-05-11,2,36.32940648879765,0.4248499621443692,0.9674411499426095,0.1793094665248043
microsoft-sat14-tx,2022-05-11,3,36.4968168515599,0.4048239451046774,0.9682135986659413,0.1797626370048963
microsoft-sat14-tx,2022-05-11,4,37.090417309404245,0.4181650469510574,0.9693094061707058,0.1802178844250887
microsoft-sat14-tx,2022-05-27,0,40.68695511992608,0.3861809128686372,0.9626254345219936,0.2120485393226222
microsoft-sat14-tx,2022-05-27,1,41.84274842422238,0.4564669415697632,0.9672669097013812,0.1624934362295638
microsoft-sat14-tx,2022-05-27,2,42.20328903023239,0.4310502811166779,0.9673405931290916,0.1706877162758344
microsoft-sat14-tx,2022-05-27,3,42.60460004674815,0.4258264768700562,0.9679995564474811,0.1667436297994909
microsoft-sat14-tx,2022-05-27,4,42.97910794460465,0.4334345764460037,0.9692186364734744,0.1682076955783216
microsoft-sat14-tx,2022-06-12,0,48.104833693252,0.3701660643564643,0.9626165489860036,0.2235653947551725
microsoft-sat14-tx,2022-06-12,1,49.23273578494551,0.4354837077899008,0.9672281933440152,0.1693408358405361
microsoft-sat14-tx,2022-06-12,2,49.68876983085707,0.4084065480265526,0.9672764729385096,0.1770212834097087
microsoft-sat14-tx,2022-06-12,3,50.25978787824652,0.4039957625834534,0.96785917349141,0.1709908763063768
microsoft-sat14-tx,2022-06-12,4,50.82518725163417,0.4056097302391028,0.969582933872826,0.1695928477218111
microsoft-sat14-tx,2022-06-28,3,-54.11893351696186,-0.0196573733744346,0.9904,0.5040043253867712
microsoft-sat14-tx,2022-06-28,4,-53.66017353999996,0.0202053552329312,0.9904,0.5720095850000001
microsoft-sat14-tx,2022-07-14,0,48.27463923294722,0.3946939697940264,0.9626199020872572,0.2183207651465159
microsoft-sat14-tx,2022-07-14,1,48.51649426762862,0.4542376946233613,0.9671911118876302,0.1699285043613312
microsoft-sat14-tx,2022-07-14,2,49.10900330617174,0.4202668986429268,0.9672326508886312,0.1784886562812692
microsoft-sat14-tx,2022-07-14,3,50.2293567144384,0.4017581717578881,0.9678874949315148,0.1723987717741386
microsoft-sat14-tx,2022-07-14,4,51.112489013067986,0.3928884550780312,0.96903515041908,0.1748163128718586
microsoft-sat14-tx,2022-07-30,0,47.50562483698398,0.3799901462881611,0.9626098879108774,0.2226797809279948
microsoft-sat14-tx,2022-07-30,1,47.88684763438882,0.4403121267614283,0.9671718007307716,0.1694517883779407
microsoft-sat14-tx,2022-07-30,2,48.22282951748937,0.4088125828762124,0.9672090978110404,0.177216915543092
microsoft-sat14-tx,2022-07-30,3,49.177673458389805,0.3919880614324946,0.9678187053131166,0.1708181824994726
microsoft-sat14-tx,2022-07-30,4,49.790882634398045,0.3889920702389811,0.969230457248252,0.1706213555941948
microsoft-sat14-tx,2022-08-31,2,18.461126259007315,0.5900499709205262,0.9799467153284672,0.1828641792773722
microsoft-sat14-tx,2022-08-31,3,27.496189737114253,0.382013351017651,0.9629469137761052,0.1550102353978323
microsoft-sat14-tx,2022-08-31,4,31.82263018904745,0.3877635518616006,0.965749617367314,0.1768244367748244
microsoft-sat14-tx,2022-09-16,1,49.241675218796274,0.450961079466505,0.966866640035508,0.1513222326316022
microsoft-sat14-tx,2022-09-16,2,46.71936454650249,0.444326137286863,0.9672316124829264,0.1873355854239444
microsoft-sat14-tx,2022-09-16,3,45.43626904551545,0.465820671708626,0.9698925383310092,0.1620538833601856
microsoft-sat14-tx,2022-09-16,4,44.73113034142641,0.4961003209493603,0.97104130802419,0.1414319212461035
microsoft-sat14-tx,2022-10-02,0,23.859377223911967,0.3823790827510763,0.9618619805581368,0.2536595118324786
microsoft-sat14-tx,2022-10-02,1,28.135196490867397,0.4098564550293577,0.9662190930261664,0.2013258625819828
microsoft-sat14-tx,2022-10-02,2,27.099011143315913,0.3801824623040891,0.9666291952172026,0.2055897541707734
microsoft-sat14-tx,2022-10-02,3,25.61919512796815,0.3953896419265615,0.9663807143087786,0.1727977160196501
microsoft-sat14-tx,2022-10-02,4,26.79525683105766,0.3938701576384882,0.9658263634745252,0.1591291952921046
microsoft-sat14-tx,2022-10-18,0,27.039724275988902,0.4073499517663712,0.9626300056067374,0.1797832410465905
microsoft-sat14-tx,2022-10-18,1,28.213345314955447,0.4527929346531016,0.9672146136841816,0.1474302759500307
microsoft-sat14-tx,2022-10-18,2,28.601465630793292,0.4158229731087666,0.9672201913797468,0.1577222773917433
microsoft-sat14-tx,2022-10-18,3,29.096089462552673,0.4091859943202584,0.9678742134035768,0.1498210695690085
microsoft-sat14-tx,2022-10-18,4,29.312104585853543,0.3991673486888323,0.9690085647038008,0.1515815299315811
microsoft-sat14-tx,2023-01-22,0,19.927781885014312,0.4052413478929726,0.9624761057205792,0.1399406918199188
microsoft-sat14-tx,2023-01-22,1,20.400593655763704,0.3881921418738414,0.966630135260812,0.1272949607116162
microsoft-sat14-tx,2023-01-22,2,21.064329937482935,0.3368384932124153,0.9668016840771824,0.1388218023223261
microsoft-sat14-tx,2023-01-22,3,21.45576345824009,0.3272912839470053,0.9674890501396992,0.1321740849496584
microsoft-sat14-tx,2023-01-22,4,21.78452683892195,0.328671030984421,0.9690071825380504,0.1310336760124655
microsoft-sat14-tx,2023-02-23,0,29.29703700065828,0.3299527108181952,0.962627307034318,0.1760197053831638
microsoft-sat14-tx,2023-02-23,1,30.13939852299895,0.3617069184308514,0.9668156900965464,0.1401126692037625
microsoft-sat14-tx,2023-02-23,2,30.43671705669492,0.3322205927453051,0.9668009012584586,0.149555129293545
microsoft-sat14-tx,2023-02-23,3,30.79345466864744,0.3298367477051216,0.9675084289082884,0.1424848780661786
microsoft-sat14-tx,2023-02-23,4,31.246512282402367,0.3280652121470678,0.9687395098717688,0.1433981385315007
microsoft-sat14-tx,2023-03-11,0,35.07197995537122,0.3728912900840367,0.9618045040546336,0.1861664072858919
microsoft-sat14-tx,2023-03-11,1,35.959858489905706,0.4127339565704029,0.9667387345318266,0.1459741414731613
microsoft-sat14-tx,2023-03-11,2,36.261548297989386,0.3936841218550185,0.9670397609498996,0.1537193069052951
microsoft-sat14-tx,2023-03-11,3,36.77988118610758,0.3921142086091441,0.9677011508268778,0.1450177020983661
microsoft-sat14-tx,2023-03-11,4,37.14882334924961,0.3869895572710974,0.969328220735498,0.1443317777266127
microsoft-sat14-tx,2023-03-27,0,29.15418976771861,0.42167656971985,0.9627124664325564,0.1886559637549061
microsoft-sat14-tx,2023-03-27,1,29.42259294775904,0.4624600650112225,0.9669605951291804,0.1578668956212892
microsoft-sat14-tx,2023-03-27,2,29.448017249192254,0.4405143957446018,0.9672124684181088,0.1576941322705749
microsoft-sat14-tx,2023-03-27,3,30.160233396513107,0.4382968961078706,0.967816639512261,0.1477869550686382
microsoft-sat14-tx,2023-03-27,4,30.882267779807357,0.4367517146123486,0.9696384517761536,0.1502472437201719
microsoft-sat14-tx,2023-04-12,0,34.4180600841197,0.4470072692340282,0.9621232374720328,0.195096428106884
microsoft-sat14-tx,2023-04-12,1,35.70565675946756,0.4985915886880991,0.9673100715633888,0.1582369788298966
microsoft-sat14-tx,2023-04-12,2,36.051973887781365,0.468147818096215,0.9674439513496248,0.1644730691843013
microsoft-sat14-tx,2023-04-12,3,36.88442105241698,0.458344864011119,0.9680910302973154,0.1563752614321697
microsoft-sat14-tx,2023-04-12,4,37.49109541889747,0.4556633532825572,0.9692931760250274,0.1579977439780422
microsoft-sat14-tx,2023-04-28,0,35.93324700283122,0.4419792984821009,0.9621145070625904,0.2006954872302925
microsoft-sat14-tx,2023-04-28,1,37.06079987277358,0.5015567606942606,0.9673672477806132,0.162053575145286
microsoft-sat14-tx,2023-04-28,2,37.07328604355269,0.472875044840887,0.9676452157293508,0.1692801850089196
microsoft-sat14-tx,2023-04-28,3,37.70688409254976,0.4593499559988175,0.968059125142993,0.1634944656270735
microsoft-sat14-tx,2023-04-28,4,38.58713188343291,0.4646554234264735,0.9701147309071416,0.1593950604045934
microsoft-sat14-tx,2023-05-14,0,31.059661768930532,0.4451639132437202,0.9641316274648516,0.1668530706377481
microsoft-sat14-tx,2023-05-14,1,33.154308854285574,0.4779675749517356,0.967140286620904,0.1879836159270877
microsoft-sat14-tx,2023-05-14,2,32.04662024747516,0.4660798093874538,0.9670012262111216,0.18546948320605
microsoft-sat14-tx,2023-05-14,3,33.15364262038921,0.4739780122497629,0.9680735113991428,0.1757439203211543
microsoft-sat14-tx,2023-05-14,4,34.27150376590773,0.4870706410352304,0.9706223699904928,0.1704964620937016
microsoft-sat14-tx,2023-05-30,0,41.80630141391745,0.4787594764521087,0.962610459068554,0.2036388249555222
microsoft-sat14-tx,2023-05-30,1,42.32276803246104,0.5429409997747616,0.9675664798960764,0.1663813840416132
microsoft-sat14-tx,2023-05-30,2,42.36417244326254,0.5150913606715488,0.967645747848924,0.1724592175559383
microsoft-sat14-tx,2023-05-30,3,43.550743820813175,0.5045440836727529,0.968375605042736,0.1662446820560026
microsoft-sat14-tx,2023-05-30,4,43.88355181024708,0.5126591952517698,0.969426283781824,0.1659622179310509
microsoft-sat14-tx,2023-07-01,2,27.45652500417279,0.5881634400377765,0.9715548919525726,0.2083314127301707
microsoft-sat14-tx,2023-07-01,3,39.23527745270851,0.4671118992429942,0.9663523786155388,0.1789131175570858
microsoft-sat14-tx,2023-07-01,4,40.836558491696664,0.3952709097451641,0.9665443405102436,0.19528300348166
microsoft-sat14-tx,2023-07-17,0,48.007379419368526,0.4165412369203962,0.9625840221716772,0.2209146427925649
microsoft-sat14-tx,2023-07-17,1,48.35505488476963,0.4733276964828483,0.9671446968649547,0.1708603529922288
microsoft-sat14-tx,2023-07-17,2,48.75804459132271,0.4294368041370747,0.9671087589181112,0.1831476427675635
microsoft-sat14-tx,2023-07-17,3,49.728352935478526,0.4203946573013793,0.967746362122728,0.1730262943054905
microsoft-sat14-tx,2023-07-17,4,50.4006371254764,0.412553772720519,0.9689182010263176,0.1736865728073456
microsoft-sat14-tx,2023-08-02,0,47.50173075682729,0.4209790329093908,0.9625966601178798,0.2178078945139691
microsoft-sat14-tx,2023-08-02,1,47.72721238842709,0.4788278545609108,0.9673515638744726,0.1679465814444131
microsoft-sat14-tx,2023-08-02,2,48.76737766039221,0.4223078555254034,0.9672497640510684,0.1824511386429554
microsoft-sat14-tx,2023-08-02,3,49.555838793439115,0.4184186054663523,0.9679016328822654,0.1695846218924326
microsoft-sat14-tx,2023-08-02,4,50.31547605575536,0.407035733992554,0.9690126516829992,0.1707119059082056
microsoft-sat14-tx,2023-08-18,0,48.462347345526915,0.3943858329079527,0.9625764403156196,0.220230695426431
microsoft-sat14-tx,2023-08-18,1,49.06616618621688,0.4536677161486647,0.9670644288633444,0.1681644785749957
microsoft-sat14-tx,2023-08-18,2,49.435453635586704,0.3928908118424279,0.9669306777668708,0.1861051923393751
microsoft-sat14-tx,2023-08-18,3,50.240375504686234,0.3914237068995256,0.967649233884694,0.171420367859374
microsoft-sat14-tx,2023-08-18,4,51.08987488734581,0.3808581675903569,0.9688165106459364,0.1729658959331848
microsoft-sat14-tx,2023-09-03,0,44.81017815074413,0.4128286729546697,0.9626029920821974,0.2078187825361589
microsoft-sat14-tx,2023-09-03,1,45.18561862722201,0.466715159738909,0.9672419627623572,0.1595806965259684
microsoft-sat14-tx,2023-09-03,2,45.78490234881697,0.4067799404360417,0.9671471829501506,0.1760285674788937
microsoft-sat14-tx,2023-09-03,3,46.48778077182228,0.4092619514904117,0.9678361605653336,0.1615914349960694
microsoft-sat14-tx,2023-09-03,4,47.41273726273211,0.3960736065810818,0.9689467426447276,0.1622301932112962
microsoft-sat14-tx,2023-09-19,0,45.6790700610498,0.4121256048853264,0.9625966364146084,0.2040824338439301
microsoft-sat14-tx,2023-09-19,1,46.29062942788524,0.4621328612829402,0.9672873543956636,0.156165876512743
microsoft-sat14-tx,2023-09-19,2,46.91354105962,0.4016794241515405,0.9671800645275244,0.1738525565857801
microsoft-sat14-tx,2023-09-19,3,47.56115325841488,0.405327280409975,0.9678560385597456,0.1592725994525875
microsoft-sat14-tx,2023-09-19,4,48.27240891750983,0.3929933006149815,0.96895226005915,0.1601359008473248
microsoft-sat14-tx,2023-10-21,2,15.711763267019045,0.4222507339156661,0.9679034994227886,0.1962270774549306
microsoft-sat14-tx,2023-10-21,3,18.42470092039954,0.3635653663352141,0.9672448955389348,0.1824723606784249
microsoft-sat14-tx,2023-10-21,4,20.30952797079023,0.3203099821010742,0.965912926631304,0.1859864628305527
microsoft-sat14-tx,2023-11-06,0,11.665365163331884,0.3580686341445783,0.9608556435983384,0.1477115323476551
microsoft-sat14-tx,2023-11-06,1,12.345532102738684,0.3629682143123071,0.9660062509294248,0.1416794697341897
microsoft-sat14-tx,2023-11-06,2,15.220450459997409,0.3654813763931568,0.9659814456554836,0.1413039624905704
microsoft-sat14-tx,2023-11-06,3,14.950604607853066,0.3609739005631585,0.9669358456797524,0.1331639596903127
microsoft-sat14-tx,2023-11-06,4,14.887034628923418,0.3456020215718321,0.9663858598900428,0.137891266737648
microsoft-sat14-tx,2023-11-22,0,20.860137582359293,0.5101946807500765,0.9618782796801424,0.1433458847474943
microsoft-sat14-tx,2023-11-22,1,21.13428573641901,0.5142754850745769,0.96666726322322,0.1296826884495723
microsoft-sat14-tx,2023-11-22,2,21.75395465972984,0.4429374985824211,0.967041183870016,0.1477354186736347
microsoft-sat14-tx,2023-11-22,3,21.909802182086217,0.4619586565192892,0.9677554576231836,0.1357077483381164
microsoft-sat14-tx,2023-11-22,4,22.41792854796912,0.459778916855992,0.9694369808421328,0.1331099421346789
microsoft-sat14-tx,2023-12-24,0,22.47854134128675,0.4721061785966228,0.9626000592581804,0.1544806895302307
microsoft-sat14-tx,2023-12-24,1,21.965630302614464,0.4721615011070482,0.967088069176432,0.1386087977066278
microsoft-sat14-tx,2023-12-24,2,22.13265300932121,0.4411798751146206,0.9669513803324812,0.1288519168188861
microsoft-sat14-tx,2023-12-24,3,22.353503151915287,0.4541814063833911,0.9680678277503966,0.1228035064812398
microsoft-sat14-tx,2023-12-24,4,22.59550957411207,0.4557157246794978,0.9698984483964812,0.1193818062484049
microsoft-sat14-tx,2024-01-09,0,14.703561174488897,0.5017925778200356,0.962123772419588,0.1356068015212257
microsoft-sat14-tx,2024-01-09,1,15.254961447995807,0.488306958985987,0.9663528588251158,0.1221845603770718
microsoft-sat14-tx,2024-01-09,2,15.61026669489172,0.4146836600705449,0.9669685629914426,0.1417211590433846
microsoft-sat14-tx,2024-01-09,3,15.99027015492794,0.4210012474166687,0.9677583174598564,0.1308450422610603
microsoft-sat14-tx,2024-01-09,4,16.03910511945091,0.4200082208135633,0.968985408087722,0.1322162030526497
microsoft-sat14-tx,2024-01-25,0,9.822913020065782,0.4493535569406121,0.9635078413789666,0.1116738880715389
microsoft-sat14-tx,2024-01-25,1,9.90984626138449,0.4760738362351667,0.9727305734291336,0.1024542211449133
microsoft-sat14-tx,2024-01-25,2,12.511447189345944,0.3883781515123653,0.9654306949643756,0.1074279947535305
microsoft-sat14-tx,2024-01-25,3,11.616364961078563,0.3793840269127658,0.9665426395140636,0.1027448201269083
microsoft-sat14-tx,2024-01-25,4,11.40532411233655,0.3487020633361027,0.9667132381941016,0.1076211363756725
microsoft-sat14-tx,2024-02-26,0,23.23683473876346,0.4249810552307867,0.9616315763585572,0.1411142075483757
microsoft-sat14-tx,2024-02-26,1,23.707058161448796,0.407710029053094,0.9666552217158764,0.1354700363853533
microsoft-sat14-tx,2024-02-26,2,23.86485749161488,0.3614282259219712,0.9683873378874932,0.1604844616830219
microsoft-sat14-tx,2024-02-26,3,24.340917626483616,0.3813490345112709,0.9684872693886848,0.1404985474996782
microsoft-sat14-tx,2024-02-26,4,24.03369583637442,0.3847407000352226,0.9709445831542152,0.1421623378113318
microsoft-sat14-tx,2024-03-13,2,25.779235640000017,0.6634855825620738,0.9619411764705884,0.0622923614705882
microsoft-sat14-tx,2024-03-13,3,26.918586463105612,0.5789881155001243,0.9718391304347824,0.0818186332278481
microsoft-sat14-tx,2024-03-13,4,28.9487608880168,0.5770624926685397,0.9692350573451132,0.0826211503480491
microsoft-sat14-tx,2024-03-29,1,-19.419303684999985,0.3470179259456786,0.9621875,0.15598860875
microsoft-sat14-tx,2024-03-29,2,13.7555108048544,0.3425245781911827,0.959990291262136,0.1616955700862998
microsoft-sat14-tx,2024-03-29,3,8.940630582296235,0.3606470445125955,0.961239770911028,0.1424810003612812
microsoft-sat14-tx,2024-04-14,0,36.41172005480528,0.4406618440320827,0.9636853979216632,0.2196154452447205
microsoft-sat14-tx,2024-04-14,1,35.29552917544037,0.5253758683445049,0.9683435274540816,0.1781549269347316
microsoft-sat14-tx,2024-04-14,2,35.89151571115058,0.427964375049692,0.9675439658252076,0.1992568623948289
microsoft-sat14-tx,2024-04-14,3,36.38969424674541,0.4619464277877094,0.9676812830841652,0.1849314126518738
microsoft-sat14-tx,2024-04-14,4,36.69816656125982,0.479409259872576,0.9699267654324374,0.1786114974012073
microsoft-sat14-tx,2024-04-30,0,37.92299559734943,0.4138423296921768,0.9736,0.1193821929819277
microsoft-sat14-tx,2024-04-30,1,36.741543745771594,0.4637654026578365,0.9725154199855696,0.1569307308012054
microsoft-sat14-tx,2024-04-30,2,40.21791260430906,0.4604906296704793,0.96548097424267,0.1974710160500919
microsoft-sat14-tx,2024-04-30,3,40.81987469619233,0.5043696444279914,0.9695595444697206,0.1623495915214472
microsoft-sat14-tx,2024-04-30,4,41.73055621407912,0.4678059815385046,0.9709955287866452,0.1721365028142635
microsoft-sat14-tx,2024-06-01,0,42.882235085120485,0.4201863660280346,0.9628089363253288,0.2205423161537082
microsoft-sat14-tx,2024-06-01,1,42.30701460252455,0.4609383628890287,0.96376831111949,0.1816009752784255
microsoft-sat14-tx,2024-06-01,2,43.29106939887222,0.4539656766311685,0.967795386520161,0.2044516454967072
microsoft-sat14-tx,2024-06-01,3,44.04380784231918,0.4639319548283749,0.9692656215555248,0.1817310652621557
microsoft-sat14-tx,2024-06-01,4,44.377134696251,0.4687338218802413,0.968580567771224,0.179302850796861
microsoft-sat14-tx,2024-06-17,0,45.70845004645793,0.4337938654737313,0.96264603437623,0.2305583327771303
microsoft-sat14-tx,2024-06-17,1,45.53426524640809,0.5405568340360162,0.9689052102600944,0.1726997653876818
microsoft-sat14-tx,2024-06-17,2,46.376927580223786,0.4521302679220936,0.9672522279278364,0.1968645737666993
microsoft-sat14-tx,2024-06-17,3,47.21440550730243,0.4580013330728499,0.9679807534129868,0.1789681557201118
microsoft-sat14-tx,2024-06-17,4,47.34744361704704,0.4524067781404696,0.9697044491105244,0.1905965901049839
microsoft-sat14-tx,2024-07-03,0,47.07606138471186,0.4410095627916147,0.9625947638561596,0.1990269755786335
microsoft-sat14-tx,2024-07-03,1,46.69954772894718,0.4946224502598727,0.9673508770064004,0.1652884718273257
microsoft-sat14-tx,2024-07-03,2,47.691171397289345,0.4279466090771671,0.9671610422391328,0.1887878917175126
microsoft-sat14-tx,2024-07-03,3,48.294480027883104,0.444495226659115,0.96796502030987,0.1696276650731976
microsoft-sat14-tx,2024-07-03,4,48.15466492131518,0.4525007070336059,0.9691582086787098,0.1708182994704095
microsoft-sat14-tx,2024-07-19,0,40.21184969524477,0.5246962566521286,0.9619499700299704,0.1128266169780219
microsoft-sat14-tx,2024-07-19,1,40.44371739244572,0.3824663974232442,0.965904170470497,0.1438170177478224
microsoft-sat14-tx,2024-07-19,2,43.29277154257316,0.3463256980385303,0.9665236365283446,0.2207226496818358
microsoft-sat14-tx,2024-07-19,3,42.70131191347426,0.4894877112080462,0.9699707309345748,0.1619874921015021
microsoft-sat14-tx,2024-07-19,4,44.26140892601331,0.4718989890504909,0.9709574107556252,0.1764260041258934
microsoft-sat14-tx,2024-08-04,0,47.02692226993807,0.4531343896571887,0.9626300065184016,0.1883642192173251
microsoft-sat14-tx,2024-08-04,1,46.67397015568505,0.5018727488595726,0.9673809960422628,0.160400910347388
microsoft-sat14-tx,2024-08-04,2,47.100361263659984,0.4388913693244085,0.9671902814866026,0.181299970545377
microsoft-sat14-tx,2024-08-04,3,47.26815911429978,0.4641259942863107,0.968032447323621,0.1632350221351038
microsoft-sat14-tx,2024-08-04,4,47.18863251070792,0.4708045997106031,0.9692082484580288,0.165972334201528
microsoft-sat14-tx,2024-08-20,0,41.582430257422274,0.4146706113097005,0.9626197812917392,0.1801360768257676
microsoft-sat14-tx,2024-08-20,1,41.65077745911953,0.4506920727739651,0.96716649068299,0.1562874418469055
microsoft-sat14-tx,2024-08-20,2,41.78226873779545,0.3863189634690701,0.9669376369026036,0.1763853597878882
microsoft-sat14-tx,2024-08-20,3,42.358423684849335,0.4049949974827387,0.967781807625785,0.1595238411924033
microsoft-sat14-tx,2024-08-20,4,42.26868320874986,0.4074900817265326,0.969070495181258,0.1611999724022532
microsoft-sat14-tx,2024-09-05,3,25.9205458530435,0.5694384505884493,0.9643478260869568,0.0734650801086956
microsoft-sat14-tx,2024-09-05,4,25.566112040000007,0.452289068416938,0.9608,0.12277677625
microsoft-sat14-tx,2024-09-21,0,33.75382538213784,0.4781266987254199,0.9592569463978744,0.1429045160478199
microsoft-sat14-tx,2024-09-21,1,38.08748242250147,0.4851350085834097,0.9643761496492592,0.14859777095543
microsoft-sat14-tx,2024-09-21,2,42.15629647970621,0.4404805831103062,0.9668932822745736,0.1798168027695037
microsoft-sat14-tx,2024-09-21,3,43.7608336936456,0.4733761159358438,0.9690143241059844,0.1541906648518756
microsoft-sat14-tx,2024-09-21,4,42.40733128094782,0.4588176149572759,0.9695222289619904,0.169478803546972
microsoft-sat14-tx,2024-10-07,0,38.36657520406738,0.4061145376788561,0.9617135653366744,0.199646313729741
microsoft-sat14-tx,2024-10-07,1,38.95740939512161,0.4630990778343457,0.9678335407062018,0.1619622125313081
microsoft-sat14-tx,2024-10-07,2,40.1344617027716,0.3953392404155056,0.9668290814384828,0.1780618496815487
microsoft-sat14-tx,2024-10-07,3,40.34247639398319,0.4036641506698806,0.9679672222450896,0.1586290631247598
microsoft-sat14-tx,2024-10-07,4,40.36738524883226,0.3907569645515086,0.9680409800613462,0.1702934461050104
microsoft-sat14-tx,2024-10-23,0,38.32726728108464,0.4179172611245627,0.9624025080976668,0.2101134805108904
microsoft-sat14-tx,2024-10-23,1,37.54263390561056,0.485793521940228,0.9678399038766932,0.1550493667391782
microsoft-sat14-tx,2024-10-23,2,36.807530109083714,0.4320278243879537,0.9676666477132574,0.1398140795412735
microsoft-sat14-tx,2024-10-23,3,37.157470669098885,0.3727368652300353,0.9668444764109252,0.1569016458263881
microsoft-sat14-tx,2024-10-23,4,38.11900238831013,0.4039840766078649,0.9713378360913876,0.1530262205503288
microsoft-sat14-tx,2024-11-24,0,28.263398727385596,0.4506397864952651,0.9626469642922658,0.1641375342033043
microsoft-sat14-tx,2024-11-24,1,28.359275328232552,0.4796089221975708,0.9673037206474612,0.1349294251854512
microsoft-sat14-tx,2024-11-24,2,28.344108531024517,0.4018824642295353,0.9672737185456868,0.1612145588030382
microsoft-sat14-tx,2024-11-24,3,28.65498439286677,0.421106517685979,0.967888645178753,0.1433492266424546
microsoft-sat14-tx,2024-11-24,4,28.876333988663458,0.4303060219154312,0.9701422634956532,0.141045452915893
microsoft-sat14-tx,2024-12-10,0,13.286599732259322,0.4518606708619292,0.9638377832004555,0.1074855438480026
microsoft-sat14-tx,2024-12-10,1,13.217580397990954,0.4488148848186704,0.9671444733883648,0.0991920148689573
microsoft-sat14-tx,2024-12-10,2,13.156018192553052,0.3804523113740832,0.967005922606158,0.111707826331351
microsoft-sat14-tx,2024-12-10,3,12.664499675018918,0.3862574472162701,0.9677531599051274,0.106866030502623
microsoft-sat14-tx,2024-12-10,4,12.088851933251766,0.3844932727063243,0.9715237202562954,0.106445208268288
microsoft-sat14-tx,2025-01-11,0,13.66334526632367,0.4369391276165326,0.9626018806703072,0.1466424110018755
microsoft-sat14-tx,2025-01-11,1,13.750949567855868,0.4469280342189906,0.9671826318548136,0.1200517123112593
microsoft-sat14-tx,2025-01-11,2,14.015629801259331,0.3613183582994012,0.966856660428618,0.1409259881326562
microsoft-sat14-tx,2025-01-11,3,14.4917387283832,0.3728859824246159,0.9675672750330246,0.1267165539110072
microsoft-sat14-tx,2025-01-11,4,14.80579986394162,0.3768600303372002,0.9692608015255418,0.1252676760197166
microsoft-sat14-tx,2025-02-28,0,29.073424451009235,0.3674839030873861,0.9625849208667258,0.1614121463138564
microsoft-sat14-tx,2025-02-28,1,29.42574072348998,0.3775799838221182,0.96698705935183,0.1351544113161751
microsoft-sat14-tx,2025-02-28,2,29.963015701919808,0.3059947198822053,0.9666198694680224,0.1570064094129175
microsoft-sat14-tx,2025-02-28,3,30.713602092406624,0.3125493767175138,0.9675016677478372,0.1395263365073569
microsoft-sat14-tx,2025-02-28,4,31.317905716811584,0.307137293512389,0.9687181865086671,0.141047573236867
microsoft-sat14-tx,2025-03-16,0,33.554736469552395,0.3415494205270543,0.9625685192429504,0.1706673354825757
microsoft-sat14-tx,2025-03-16,1,33.85673035074143,0.3535695849092246,0.9666566631867234,0.1491264549858294
microsoft-sat14-tx,2025-03-16,2,34.44562589746005,0.2990774993202841,0.966582769437066,0.1659729223442594
microsoft-sat14-tx,2025-03-16,3,35.01909830406792,0.2984907986536011,0.9674956912148628,0.1515920373473397
microsoft-sat14-tx,2025-03-16,4,35.44722086101344,0.2982268735215906,0.9688383772807178,0.1527393613769475
microsoft-sat14-tx,2025-06-20,0,33.50552259478876,0.6536719046264418,0.9574509603072984,0.174702594471831
microsoft-sat14-tx,2025-06-20,1,39.72581544220385,0.59958397193221,0.9684647689538236,0.1858526808588207
microsoft-sat14-tx,2025-06-20,2,40.68909641398927,0.5412918050183962,0.9703480347109033,0.1850670384336056
microsoft-sat14-tx,2025-06-20,3,41.92699979107192,0.5083889785888177,0.9686712612398004,0.1857012312742897
microsoft-sat14-tx,2025-06-20,4,41.61602217178605,0.5006382669733418,0.9700093420542188,0.1926495954740631
microsoft-sat14-tx,2025-08-07,0,45.22925349373872,0.431770097150202,0.9626202334772264,0.2000278767969244
microsoft-sat14-tx,2025-08-07,1,44.499650528397225,0.492132573805487,0.9676728700847768,0.1619176914616068
microsoft-sat14-tx,2025-08-07,2,46.152128728484215,0.4247756099219631,0.967197821939902,0.1786878424502653
microsoft-sat14-tx,2025-08-07,3,47.36173276890382,0.4338390733054347,0.967930278853044,0.1653801882828852
microsoft-sat14-tx,2025-08-07,4,47.38718727213328,0.4145782385098544,0.9690378173160524,0.1721930678683075
microsoft-sat14-tx,2025-08-23,0,42.092261442102235,0.4338228018002996,0.9620267412323108,0.2012107557112167
microsoft-sat14-tx,2025-08-23,1,42.839774865807634,0.4996282958556141,0.9673438580949448,0.1626120949912635
microsoft-sat14-tx,2025-08-23,2,44.28770320500084,0.4278337163708028,0.9669896618720906,0.1819613830448011
microsoft-sat14-tx,2025-08-23,3,44.76245953948305,0.4245152718138988,0.9680130498829717,0.1666115443439544
microsoft-sat14-tx,2025-08-23,4,45.02391223436052,0.4201903744929277,0.9691481136493016,0.1656485657891616
microsoft-sat14-tx,2025-09-08,0,33.02191908066162,0.437566696806676,0.9626203741831136,0.209023465469234
microsoft-sat14-tx,2025-09-08,1,33.448289973311326,0.4946653087641303,0.9672969114083,0.1787631421194092
microsoft-sat14-tx,2025-09-08,2,35.13898751538653,0.4601875344520657,0.9670367372300428,0.1804896918098109
microsoft-sat14-tx,2025-09-08,3,36.490702983164304,0.4812442025632686,0.9687350608312468,0.1538751771605546
microsoft-sat14-tx,2025-09-08,4,35.90976909107168,0.4451486693731933,0.9690084046035168,0.1629555306175242
microsoft-sat14-tx,2025-09-24,1,38.34027402508227,0.5769618081090898,0.9694324683828932,0.1815687039101269
microsoft-sat14-tx,2025-09-24,2,42.03290628150299,0.489304920059321,0.9677896980153128,0.178631133577869
microsoft-sat14-tx,2025-09-24,3,42.40239683353319,0.4777799690213657,0.969442630577947,0.1683004195691239
microsoft-sat14-tx,2025-09-24,4,42.8317991773476,0.448363705976831,0.9699571461540416,0.1603200750605406
microsoft-sat14-tx,2025-10-10,0,38.605454822343454,0.4461211631274724,0.9626008897843472,0.1738647000360904
microsoft-sat14-tx,2025-10-10,1,38.61683296216403,0.4904965354409057,0.967342731064026,0.1439738089034115
microsoft-sat14-tx,2025-10-10,2,39.225287383207224,0.4156838028533106,0.9671198147349884,0.1656710010818605
microsoft-sat14-tx,2025-10-10,3,39.57583170695776,0.4296243800481252,0.9678495920395644,0.1493801573338204
microsoft-sat14-tx,2025-10-10,4,39.99045414046415,0.4198431514185079,0.969403510275007,0.150909183748819
microsoft-sat14-tx,2025-10-26,0,33.448384628393526,0.4648011112881309,0.9626237770682592,0.159466538928248
microsoft-sat14-tx,2025-10-26,1,33.58675491861983,0.5079279031750572,0.9673443001800314,0.1328456769241053
microsoft-sat14-tx,2025-10-26,2,34.152243555699876,0.4247729599914033,0.9670861917236752,0.1526260511150729
microsoft-sat14-tx,2025-10-26,3,34.75904970981044,0.4357196991487557,0.9678849353159404,0.1387854547523817
microsoft-sat14-tx,2025-10-26,4,35.247560134128385,0.4229214451510114,0.9691767863470953,0.1403993344706174
microsoft-sat14-tx,2025-11-11,0,24.03827740933409,0.5130059224210457,0.96253457799061,0.1376680811473331
microsoft-sat14-tx,2025-11-11,1,23.86504700525603,0.5256446068737081,0.9672995302560788,0.1280110708207465
microsoft-sat14-tx,2025-11-11,2,24.50783279816607,0.4282858199577279,0.9672715630341852,0.150914795026185
microsoft-sat14-tx,2025-11-11,3,24.90476882450945,0.4335568459018807,0.9679990958703002,0.1398092584162253
microsoft-sat14-tx,2025-11-11,4,25.21847860660663,0.4146486235237946,0.9691037953760764,0.1432062519962429
microsoft-sat14-tx,2026-01-14,0,21.91454400492924,0.4622684246439738,0.962808732374772,0.1324148193554186
microsoft-sat14-tx,2026-01-14,1,22.132127612655346,0.4462956929475249,0.9668662681089752,0.1229119316083299
microsoft-sat14-tx,2026-01-14,2,22.504498644570383,0.3546052915188854,0.966861526590082,0.144545271928286
microsoft-sat14-tx,2026-01-14,3,22.80870079419793,0.3606737115647173,0.967628306231397,0.129279021919409
microsoft-sat14-tx,2026-01-14,4,23.001262246789693,0.3502373214664991,0.9689209173324852,0.131803221134037
microsoft-sat14-tx,2026-02-15,0,25.907810459778613,0.4086965621873474,0.9627103022035592,0.1470380920427256
microsoft-sat14-tx,2026-02-15,1,26.17645399296252,0.4130683124324568,0.9668598263035127,0.1262858328454896
microsoft-sat14-tx,2026-02-15,2,26.593628018994103,0.3237798739469346,0.96672089316437,0.1465997602038334
microsoft-sat14-tx,2026-02-15,3,26.974127661942035,0.3311144273979626,0.9674348398846412,0.1321894531479775
microsoft-sat14-tx,2026-02-15,4,27.13706844554796,0.3319955205791108,0.969162160511414,0.1312229331974014
microsoft-sat14-tx,2026-03-19,0,32.98772002231342,0.4005386456392673,0.9613959089890148,0.1596097681133713
microsoft-sat14-tx,2026-03-19,1,33.156357858906574,0.4233341527507035,0.9669714338539148,0.1420439075089473
microsoft-sat14-tx,2026-03-19,2,33.768860865232405,0.3626849145440292,0.96686726957678,0.1594511144143972
microsoft-sat14-tx,2026-03-19,3,34.13749221296009,0.366519790930068,0.9678816784580152,0.149196917852524
microsoft-sat14-tx,2026-03-19,4,34.7679766489826,0.3612023637376084,0.9694076266088298,0.1490894004226187
microsoft-sat14-tx,2026-05-22,2,35.21061823972605,0.6214967469381056,0.9718870215936842,0.1958210056025463
microsoft-sat14-tx,2026-05-22,3,37.737466087910214,0.5144937027913482,0.9664869668429666,0.1912820691325954
microsoft-sat14-tx,2026-05-22,4,38.96996858619515,0.5179203796212749,0.9736562016542007,0.1908916637755836
microsoft-sat14-tx,2026-06-23,0,40.211711411001644,0.5020174466293525,0.9615510516817812,0.2378530145616982
microsoft-sat14-tx,2026-06-23,1,40.09600629239482,0.5460436465885378,0.9659186776171114,0.1967278963949322
microsoft-sat14-tx,2026-06-23,2,40.39975092605526,0.517556502430734,0.9673756606297784,0.2009991048247507
microsoft-sat14-tx,2026-06-23,3,41.60504446240386,0.5599479476441992,0.9682614775414624,0.1839616090042511
microsoft-sat14-tx,2026-06-23,4,41.0872092754839,0.5533239065283206,0.969038444668318,0.1845852977481934
microsoft-sat14-tx,2026-07-09,0,46.68187994478621,0.4675097219766598,0.9626191039251724,0.196107798335415
microsoft-sat14-tx,2026-07-09,1,46.25900667363493,0.5269432151715953,0.9674264472314816,0.1667298249028758
microsoft-sat14-tx,2026-07-09,2,47.38247176858555,0.452511122420137,0.967234890779858,0.1879088691824859
microsoft-sat14-tx,2026-07-09,3,47.83753402623789,0.4707061181368465,0.968032813345904,0.1715608223294205
microsoft-sat14-tx,2026-07-09,4,47.868320792290675,0.4706459828864279,0.9691705174570994,0.1763076635684806
microsoft-sat14-tx,2026-07-25,0,32.93326197018223,0.4280750416511535,0.9620753911599068,0.2218874542073895
microsoft-sat14-tx,2026-07-25,1,34.752672031530885,0.5077165383792569,0.967391124474215,0.1914647197457213
microsoft-sat14-tx,2026-07-25,2,34.383309610516505,0.4398206329103915,0.9661448871905935,0.227405674047973
microsoft-sat14-tx,2026-07-25,3,35.631246733115844,0.4615765998119642,0.9678382597639772,0.2007826007829907
microsoft-sat14-tx,2026-07-25,4,36.22752518872907,0.4722668956969642,0.969895338500845,0.1994000071446523
microsoft-sat14-tx,2026-08-10,0,39.66012018974926,0.7640270234965109,0.9549728024249106,0.0766340843669054
microsoft-sat14-tx,2026-08-10,1,42.1175482205746,0.5403710609206278,0.9666347970896252,0.1865218055031546
microsoft-sat14-tx,2026-08-10,2,44.6103770877993,0.431923382871987,0.9666209954873118,0.2049443938746639
microsoft-sat14-tx,2026-08-10,3,45.00283267367679,0.4827494267348664,0.967748345623396,0.1740202409702604
microsoft-sat14-tx,2026-08-10,4,44.784827898841854,0.4600039122370573,0.968975062958351,0.1849464358455012
microsoft-sat14-tx,2026-08-26,0,47.55726959713143,0.4392516074399173,0.9626474630662024,0.1817561847287799
microsoft-sat14-tx,2026-08-26,1,46.95677642060994,0.4872186130321589,0.967352709414237,0.1563603722744435
microsoft-sat14-tx,2026-08-26,2,47.693696324986306,0.4170069175900928,0.9671910856309486,0.1755093295605435
microsoft-sat14-tx,2026-08-26,3,48.17652089353976,0.4326550887117116,0.9679828357743152,0.1608958160021106
microsoft-sat14-tx,2026-08-26,4,48.520500909525495,0.4234760102006106,0.9690995368331392,0.1659589769405341
microsoft-sat14-tx,2026-09-11,0,46.91784129983148,0.462182517591986,0.9626277310043369,0.1781058139229258
microsoft-sat14-tx,2026-09-11,1,46.49428073069651,0.510024107637685,0.967411346009218,0.1517634809841312
microsoft-sat14-tx,2026-09-11,2,47.51037617129734,0.4339626339072011,0.967218395281402,0.1715627067837739
microsoft-sat14-tx,2026-09-11,3,47.643786624686896,0.4575459596087606,0.9680328183781236,0.1558577212642539
microsoft-sat14-tx,2026-09-11,4,48.00795651811524,0.453441146883995,0.9691536862262158,0.1601332190167619
microsoft-sat14-tx,2022-01-04,0,17.428470150351327,0.573861662087992,0.9645359388742826,0.1193968315358213
microsoft-sat14-tx,2022-01-04,1,17.65987783326025,0.5221630261535032,0.9688454107389644,0.1182596999046871
microsoft-sat14-tx,2022-01-04,2,18.210306272540212,0.4506433946994794,0.9685349614852066,0.1324246396231317
microsoft-sat14-tx,2022-01-04,3,18.540545972143835,0.4349945237992337,0.9688528628018138,0.1293037033656182
microsoft-sat14-tx,2022-01-04,4,18.7641878861388,0.4160745076554523,0.9698990606791158,0.131090765905064
microsoft-sat14-tx,2022-02-05,0,13.100653146992135,0.5166321492213996,0.96442075950752,0.125286464803263
microsoft-sat14-tx,2022-02-05,1,13.59437785094175,0.4396968372118571,0.9684268694403756,0.1335395322682828
microsoft-sat14-tx,2022-02-05,2,14.040194383360854,0.3722110134637633,0.9679609399266056,0.1444714279432243
microsoft-sat14-tx,2022-02-05,3,14.544212453067903,0.359516515028744,0.9685077969729976,0.1390415117686237
microsoft-sat14-tx,2022-02-05,4,15.000364040061132,0.3479894167655742,0.9696044085625644,0.139222815816351
microsoft-sat14-tx,2022-02-21,0,23.816503861131142,0.480988789048531,0.9669882554161914,0.1694084746564043
microsoft-sat14-tx,2022-02-21,1,26.347382493889747,0.4061629825971733,0.9691717812772304,0.1824712456443973
microsoft-sat14-tx,2022-02-21,2,27.69160052058306,0.3495062274665506,0.9679650052748006,0.1732358163994037
microsoft-sat14-tx,2022-02-21,3,27.528122215078977,0.3508074560005146,0.9681088795292052,0.1647802302177043
microsoft-sat14-tx,2022-02-21,4,28.356377806861968,0.3288679786854135,0.9693885051337572,0.173182766426072
microsoft-sat14-tx,2022-03-09,0,23.497376495851476,0.392964069182191,0.964140164737738,0.1742065476769999
microsoft-sat14-tx,2022-03-09,1,24.17419793577923,0.4040496115154114,0.96830725868081,0.1516049836080476
microsoft-sat14-tx,2022-03-09,2,24.57115296719649,0.350540427301829,0.9678873835209788,0.1632637928046961
microsoft-sat14-tx,2022-03-09,3,25.17884471705431,0.3408702942082536,0.9684675890363764,0.156777699876623
microsoft-sat14-tx,2022-03-09,4,25.658837986962972,0.3325223472711393,0.9695405815471728,0.15806828563062
microsoft-sat14-tx,2022-03-25,0,36.091644351062165,0.3461126770759414,0.9640883657961804,0.195567982650459
microsoft-sat14-tx,2022-03-25,1,37.09831868531376,0.3775704905669103,0.9681849122993637,0.1604680103231552
microsoft-sat14-tx,2022-03-25,2,37.381834830489275,0.334379143797147,0.9677914674029612,0.1711477743511224
microsoft-sat14-tx,2022-03-25,3,38.00092262355099,0.3264336643064555,0.968412636718918,0.1643185938591985
microsoft-sat14-tx,2022-03-25,4,38.52938660844215,0.3198438909482973,0.9695283269599742,0.1659933228777893
microsoft-sat14-tx,2022-04-10,0,35.459129947268444,0.3627610386234833,0.9618075786217568,0.1940084116493383
microsoft-sat14-tx,2022-04-10,1,33.24015579082742,0.4414005702282523,0.9703323291736746,0.1668985718439055
microsoft-sat14-tx,2022-04-10,2,31.31595214339692,0.3893695802105539,0.9675809070105889,0.1708130546752926
microsoft-sat14-tx,2022-04-10,3,31.303676437829477,0.3901620697451688,0.9684749865265148,0.1743819859495961
microsoft-sat14-tx,2022-04-10,4,32.253769443086966,0.3879487567697028,0.967748382312258,0.18474282738071
microsoft-sat14-tx,2022-05-28,0,42.730657362864,0.3826300062499169,0.9640802952880644,0.2328491886154213
microsoft-sat14-tx,2022-05-28,1,43.50030367094348,0.451367855275632,0.9683828100667762,0.1824365662588707
microsoft-sat14-tx,2022-05-28,2,43.51933918399246,0.4255592222238645,0.9682341349120512,0.1875207886525493
microsoft-sat14-tx,2022-05-28,3,43.919030881374695,0.4192612344679662,0.9688252209305956,0.1851346105728751
microsoft-sat14-tx,2022-05-28,4,44.19652057612274,0.4275687412146964,0.9699702068195244,0.1854690483351552
microsoft-sat14-tx,2022-06-13,1,25.02814608690822,0.4540121140288652,0.9711227116783314,0.1623301225301907
microsoft-sat14-tx,2022-06-13,2,26.495193174468515,0.4234140307243213,0.9713907733912156,0.1826737700425659
microsoft-sat14-tx,2022-06-13,3,37.00153636319946,0.4041264292878768,0.9693322620840046,0.1808256547763869
microsoft-sat14-tx,2022-06-13,4,41.163362718176614,0.373462054834706,0.9688404832127404,0.1971757315960012
microsoft-sat14-tx,2022-06-29,0,45.73364794693449,0.3918841249125193,0.9640943572538858,0.2058391143494024
microsoft-sat14-tx,2022-06-29,1,47.44476629553237,0.4449077784881228,0.9683566519549418,0.1813340782394618
microsoft-sat14-tx,2022-06-29,2,47.49406535443947,0.4140939228275837,0.9681459125669104,0.1852472311143559
microsoft-sat14-tx,2022-06-29,3,48.673102069431174,0.4048179935594788,0.9687705916570718,0.1802955900034976
microsoft-sat14-tx,2022-06-29,4,49.360512947423,0.4008462512349771,0.9698634173451074,0.182669171887957
microsoft-sat14-tx,2022-07-15,0,45.57671156516065,0.4011859058636501,0.9640936033075193,0.2205843487021776
microsoft-sat14-tx,2022-07-15,1,46.67945817808614,0.4582921200832368,0.9683220481242468,0.1850535164827511
microsoft-sat14-tx,2022-07-15,2,47.79258517535903,0.4288107450665766,0.9681866904524716,0.1908241830018038
microsoft-sat14-tx,2022-07-15,3,50.02858348253448,0.4117334646015868,0.968732655198602,0.1822065184722729
microsoft-sat14-tx,2022-07-15,4,51.64758717624469,0.4038694416538414,0.9698449957713488,0.1855968375270318
microsoft-sat14-tx,2022-07-31,0,41.8534654881436,0.350007904160926,0.9641425066305932,0.2488133540646068
microsoft-sat14-tx,2022-07-31,1,44.58366519465469,0.4413141501155611,0.9682861869408704,0.1977096098653828
microsoft-sat14-tx,2022-07-31,2,45.679987089622905,0.4009785914378466,0.9675759919436142,0.2022073456527032
microsoft-sat14-tx,2022-07-31,3,45.546842696753934,0.3841643794709296,0.968529494763045,0.2002930016030723
microsoft-sat14-tx,2022-07-31,4,46.56309885205841,0.4037564067963029,0.971227243481902,0.1931040399119206
microsoft-sat14-tx,2022-08-16,1,30.77913137892229,0.3500367716738208,0.9682996497781934,0.2169681970250992
microsoft-sat14-tx,2022-08-16,2,31.12420477656295,0.367833736495616,0.9678562587920836,0.2087628417989509
microsoft-sat14-tx,2022-08-16,3,30.267975128920984,0.3828460925483299,0.97004720755221,0.1906610081675357
microsoft-sat14-tx,2022-08-16,4,29.24976843955623,0.3731883739754546,0.971067950451345,0.1910524938563488
microsoft-sat14-tx,2022-09-01,0,31.31640013809097,0.4599456739776056,0.96112525615675,0.1921558151379652
microsoft-sat14-tx,2022-09-01,1,35.30163063285538,0.4014114430502922,0.96613548735841,0.2270365319583405
microsoft-sat14-tx,2022-09-01,2,37.62189120326358,0.3910824523556316,0.9663069958619872,0.214641291345052
microsoft-sat14-tx,2022-09-01,3,36.048656267750346,0.4061385983115307,0.9680398627298904,0.1754403600050281
microsoft-sat14-tx,2022-09-01,4,38.124989319155134,0.3308589833905807,0.970542099813172,0.18592376933835
microsoft-sat14-tx,2022-09-17,0,36.13121186000001,0.4048112689798158,0.9689,0.1440152325
microsoft-sat14-tx,2022-09-17,1,39.3352258562612,0.4823463819923391,0.9702713635461682,0.2176092070191479
microsoft-sat14-tx,2022-09-17,2,43.34690741061599,0.4528678021652691,0.969683930241884,0.2010495708883301
microsoft-sat14-tx,2022-09-17,3,43.55574412763034,0.4297263321796239,0.968701465705574,0.191531578494233
microsoft-sat14-tx,2022-09-17,4,44.741224160764645,0.4265969510868228,0.9691487657167838,0.1929769181019817
microsoft-sat14-tx,2022-10-19,0,27.26614943652716,0.3950472577761106,0.9640799079656388,0.1963543024939618
microsoft-sat14-tx,2022-10-19,1,28.25948207041045,0.4410764091720592,0.9683084394679506,0.1577527151498508
microsoft-sat14-tx,2022-10-19,2,28.731132815361413,0.4040503773366434,0.9680751524568556,0.1702524637102674
microsoft-sat14-tx,2022-10-19,3,29.33474156924655,0.399661296997734,0.968649138350129,0.1605637209204327
microsoft-sat14-tx,2022-10-19,4,29.91332041651587,0.3884101568455369,0.969800028941902,0.1629474148040347
microsoft-sat14-tx,2023-01-23,0,14.034434935570165,0.4637315331091486,0.9596063283582088,0.1245426777828358
microsoft-sat14-tx,2023-01-23,1,15.302465256082128,0.3079384122054748,0.964459137898862,0.1325232244661317
microsoft-sat14-tx,2023-01-23,2,16.682817971182313,0.2570732716499163,0.9674830015685228,0.1573156537625344
microsoft-sat14-tx,2023-01-23,3,17.28448978625824,0.3200085861791213,0.969217507716586,0.1417751045579891
microsoft-sat14-tx,2023-01-23,4,17.630578158286546,0.336897381196223,0.9698720160845092,0.1410274470234157
microsoft-sat14-tx,2023-03-12,0,35.53707288719541,0.3747935827988248,0.9637024944736364,0.2001158456675425
microsoft-sat14-tx,2023-03-12,1,36.33465877005943,0.4228348561148758,0.9678580245721948,0.1596293852337125
microsoft-sat14-tx,2023-03-12,2,36.75887438015391,0.3978674925857094,0.9679901389583296,0.1674354930957489
microsoft-sat14-tx,2023-03-12,3,37.2116608220707,0.3904616999691116,0.9685876284319006,0.1586639423108448
microsoft-sat14-tx,2023-03-12,4,37.634711621169345,0.3849577671023799,0.9697756710641938,0.1592870628990601
microsoft-sat14-tx,2023-04-13,0,34.74009433398789,0.4304290481343419,0.9637943845200186,0.2206213794297955
microsoft-sat14-tx,2023-04-13,1,36.09326619515233,0.4915462850282897,0.9682330286484052,0.1751600514561052
microsoft-sat14-tx,2023-04-13,2,36.622962712690835,0.4648328332113405,0.968353641205981,0.1801905994649167
microsoft-sat14-tx,2023-04-13,3,37.67353567744107,0.4552705090833923,0.9689151640270666,0.1724856345652247
microsoft-sat14-tx,2023-04-13,4,38.3331549402045,0.4530866605951376,0.9700373748216854,0.1730953687036527
microsoft-sat14-tx,2023-04-29,0,29.004093068524956,0.4510686856803783,0.9635616674859682,0.2127128733173483
microsoft-sat14-tx,2023-04-29,1,30.23475907769937,0.506560976225322,0.9685002445949814,0.1779499616119413
microsoft-sat14-tx,2023-04-29,2,30.385203846875235,0.4727018707375012,0.9683988778726096,0.1836833199912187
microsoft-sat14-tx,2023-04-29,3,31.11371479075302,0.4666019602000049,0.9689503440109918,0.1756082850986133
microsoft-sat14-tx,2023-04-29,4,31.275292253939856,0.4693105890318103,0.970085982441949,0.1765695132377345
microsoft-sat14-tx,2023-05-31,0,40.683203821763186,0.470812760460452,0.9638425736036303,0.2403882052254331
microsoft-sat14-tx,2023-05-31,1,41.76541886537864,0.5236141273839385,0.9677339952205952,0.1930260744530594
microsoft-sat14-tx,2023-05-31,2,40.40256566006529,0.5019510686629485,0.9684098756701028,0.2003683105970224
microsoft-sat14-tx,2023-05-31,3,42.05275201938629,0.4915568940134371,0.9690924042258516,0.1949096621702186
microsoft-sat14-tx,2023-05-31,4,41.88749004067653,0.4888823222491057,0.9700459670678416,0.1968281892379697
microsoft-sat14-tx,2023-06-16,0,44.589516298757054,0.4521896587595315,0.9641055565938408,0.2280266990621372
microsoft-sat14-tx,2023-06-16,1,44.82038113709817,0.5177175013714976,0.968460717405676,0.1835118602685218
microsoft-sat14-tx,2023-06-16,2,44.989068278058554,0.4830921648147955,0.96832124163259,0.1930407966746461
microsoft-sat14-tx,2023-06-16,3,45.886637236470335,0.4801854436217777,0.968860083711558,0.1832326278846682
microsoft-sat14-tx,2023-06-16,4,46.296592993179175,0.4842030614106625,0.9700294131561348,0.1842855928489618
microsoft-sat14-tx,2023-07-02,0,23.765498435729135,0.4621734715514992,0.9640760006517144,0.1889819028242955
microsoft-sat14-tx,2023-07-02,1,24.75695746217056,0.478263634068212,0.968454889254076,0.1859703743984172
microsoft-sat14-tx,2023-07-02,2,27.24107857255839,0.4290684651350805,0.96822315043373,0.2011860738687128
microsoft-sat14-tx,2023-07-02,3,28.66345017843154,0.4283686049839086,0.9680236876516026,0.1918366949734963
microsoft-sat14-tx,2023-07-02,4,29.74756304586661,0.4425388123882269,0.9688399985112494,0.1924363733269625
microsoft-sat14-tx,2023-07-18,0,49.00090777378669,0.4123251239421812,0.9640560573254514,0.2409100354459863
microsoft-sat14-tx,2023-07-18,1,49.22293664738466,0.4690999573626608,0.9685011387029916,0.1896979068534652
microsoft-sat14-tx,2023-07-18,2,49.728904542509895,0.4227689861984117,0.9682345498360168,0.201712276370623
microsoft-sat14-tx,2023-07-18,3,50.76710488767693,0.4150695902690985,0.9687755573819284,0.190748111041472
microsoft-sat14-tx,2023-07-18,4,51.483778815704106,0.4061337115116044,0.9698647259206484,0.191992487105689
microsoft-sat14-tx,2023-08-03,0,45.117288630386014,0.4072170511582712,0.964287764524818,0.2588404834187649
microsoft-sat14-tx,2023-08-03,1,45.61425532265111,0.4820874237208631,0.9690878181261452,0.1989437929426647
microsoft-sat14-tx,2023-08-03,2,45.73098851901871,0.4032665333610279,0.9677994977450148,0.2149571838594548
microsoft-sat14-tx,2023-08-03,3,46.29160419627087,0.4311395701588027,0.9690921908442603,0.2063412124252682
microsoft-sat14-tx,2023-08-03,4,46.92935927965413,0.3884820665818409,0.9698789237093668,0.2127138169498736
microsoft-sat14-tx,2023-08-19,0,47.32259280211675,0.3887589920514787,0.964048124022811,0.2378614805687419
microsoft-sat14-tx,2023-08-19,1,48.16237654757404,0.445900491526728,0.9683843080803128,0.1870916221130459
microsoft-sat14-tx,2023-08-19,2,48.596893427540095,0.3872767938595902,0.9680247657316638,0.2054433323386621
microsoft-sat14-tx,2023-08-19,3,49.48655170034479,0.3866979281195064,0.9686250889816832,0.1887561061793206
microsoft-sat14-tx,2023-08-19,4,50.01620984891285,0.3747060004012352,0.9697795244736696,0.19243430698273
microsoft-sat14-tx,2023-09-04,0,50.48624342933221,0.4128022393587899,0.9640535434111754,0.2294379812034765
microsoft-sat14-tx,2023-09-04,1,50.93431063010223,0.4712257775940095,0.968447518782146,0.1756923128866196
microsoft-sat14-tx,2023-09-04,2,51.400901359104544,0.4066712037328244,0.9680275743079362,0.19096922154493
microsoft-sat14-tx,2023-09-04,3,51.921298900306695,0.4065135402670472,0.9686665475761258,0.1776211555513909
microsoft-sat14-tx,2023-09-04,4,52.73673889581196,0.3875234571598726,0.9696707762637784,0.1834870955163736
microsoft-sat14-tx,2023-09-20,0,43.19917362921676,0.4097351889460923,0.964053811440476,0.2193446352060817
microsoft-sat14-tx,2023-09-20,1,43.74985654608633,0.4601225999991067,0.9684274279289932,0.1686941309850921
microsoft-sat14-tx,2023-09-20,2,44.351681261785934,0.3973366840921666,0.9680665576902197,0.1873184553331985
microsoft-sat14-tx,2023-09-20,3,44.97441522502515,0.401931381159449,0.9686738690639276,0.1720946850645418
microsoft-sat14-tx,2023-09-20,4,45.71490638130508,0.3897847693046972,0.9697384267728846,0.1733469496277911
microsoft-sat14-tx,2023-10-06,0,29.66721394302965,0.4103291103759324,0.9640850711051892,0.2230096605127058
microsoft-sat14-tx,2023-10-06,1,29.28273554514255,0.4674153455338429,0.9688130979125086,0.180659414334183
microsoft-sat14-tx,2023-10-06,2,28.272952470548045,0.3974568518728553,0.9671464902194268,0.1888407377640983
microsoft-sat14-tx,2023-10-06,3,26.24239001173051,0.3854993962833154,0.968760611080766,0.1815315745852722
microsoft-sat14-tx,2023-10-06,4,26.204386307839087,0.3706896594256145,0.9698135268630804,0.1825948825463378
microsoft-sat14-tx,2023-10-22,1,35.04487978150261,0.4914414613658273,0.9714895211995814,0.172247535706164
microsoft-sat14-tx,2023-10-22,2,36.50513472932943,0.3794870391813142,0.9671187792922554,0.2160005790451376
microsoft-sat14-tx,2023-10-22,3,35.89624093613315,0.4095361585371889,0.9682702424645098,0.1862288431067358
microsoft-sat14-tx,2023-10-22,4,36.52488512722939,0.3912521449428837,0.9697427833558846,0.1908145617380861
microsoft-sat14-tx,2023-11-07,0,32.51419620608138,0.4486997543941508,0.9640519630411306,0.1920494144693433
microsoft-sat14-tx,2023-11-07,1,33.130966733020664,0.5011349828815456,0.9685386730577888,0.1460269658802616
microsoft-sat14-tx,2023-11-07,2,33.66536805839674,0.4352508382485106,0.9681867867458362,0.165973285951143
microsoft-sat14-tx,2023-11-07,3,34.02403247181716,0.4472804534665518,0.968802451139496,0.1512586220076428
microsoft-sat14-tx,2023-11-07,4,34.355747282173624,0.4401328305226846,0.9698729179624253,0.1510477197586486
microsoft-sat14-tx,2023-12-09,0,25.697732398010427,0.4865320709930114,0.964060315253512,0.1525167957419239
microsoft-sat14-tx,2023-12-09,1,25.738028576814877,0.5301000985033278,0.9684907288762656,0.1185076796837344
microsoft-sat14-tx,2023-12-09,2,26.045047141186004,0.4633580061112101,0.9681388344418104,0.1325418272339247
microsoft-sat14-tx,2023-12-09,3,26.16570358031077,0.4792127050099968,0.9687789066134936,0.1205226794477562
microsoft-sat14-tx,2023-12-09,4,26.330600941853064,0.4756998433578693,0.9698349272636771,0.1199327630012237
microsoft-sat14-tx,2023-12-25,0,16.028569986979267,0.4520878407305916,0.964048190574304,0.1676282659621704
microsoft-sat14-tx,2023-12-25,1,16.455046060146266,0.4848242738143321,0.9684048610995086,0.1296754474382298
microsoft-sat14-tx,2023-12-25,2,16.833989491699178,0.4136228008782485,0.9679857301503756,0.1504403623820797
microsoft-sat14-tx,2023-12-25,3,17.279402135461176,0.4258572146680532,0.9686417238603828,0.1384644651276328
microsoft-sat14-tx,2023-12-25,4,17.5569565865238,0.4224889570331858,0.969720722820787,0.1390313596300103
microsoft-sat14-tx,2024-01-10,0,16.58230684574944,0.4674298216364903,0.9650395658701404,0.1311386808580947
microsoft-sat14-tx,2024-01-10,1,16.384191963463238,0.4798083625867255,0.9687626174708518,0.1267811725511078
microsoft-sat14-tx,2024-01-10,2,17.2860756378643,0.4140467180206812,0.9673658499839892,0.1556237694132643
microsoft-sat14-tx,2024-01-10,3,18.010251962384896,0.3996133955370691,0.968737284408936,0.1388211253084755
microsoft-sat14-tx,2024-01-10,4,18.434318264118723,0.3775946700293496,0.9686951156649504,0.1456471369992768
microsoft-sat14-tx,2024-02-11,0,22.809746837289797,0.486211587516513,0.963847073577985,0.1433850137560064
microsoft-sat14-tx,2024-02-11,1,22.83776560282136,0.4615648897235773,0.9680988909565136,0.1365382015865096
microsoft-sat14-tx,2024-02-11,2,23.36008003650195,0.3790673895726948,0.9678536508718616,0.159738930947646
microsoft-sat14-tx,2024-02-11,3,23.716760765060023,0.4005355140775236,0.968498741067158,0.1443200966474077
microsoft-sat14-tx,2024-02-11,4,23.892400233650445,0.4041107630293355,0.9697139264468004,0.1447790452887568
microsoft-sat14-tx,2024-05-17,0,36.813048571387185,0.4520409211755404,0.964065065936121,0.2238924409260689
microsoft-sat14-tx,2024-05-17,1,36.47882169240816,0.5186049318094956,0.9686518625656187,0.1847606471492922
microsoft-sat14-tx,2024-05-17,2,36.5949794807911,0.4511334542639844,0.9682304790570342,0.2031873015478875
microsoft-sat14-tx,2024-05-17,3,36.578447261194775,0.4656836058220299,0.9689238877760984,0.1852971686882556
microsoft-sat14-tx,2024-05-17,4,36.90779743929171,0.4687601465329874,0.9703094522383682,0.1861678360724022
microsoft-sat14-tx,2024-06-02,2,35.07040916538257,0.5688582050539553,0.974238445615356,0.2019943629834938
microsoft-sat14-tx,2024-06-02,3,41.360274494072314,0.4146503147870571,0.9660241174636888,0.1780535343063203
microsoft-sat14-tx,2024-06-02,4,42.64931316380706,0.4477905215411653,0.9659820718717836,0.1857548268563682
microsoft-sat14-tx,2024-06-18,0,37.39417187068281,0.536708000038603,0.9615427690848743,0.1767858246156947
microsoft-sat14-tx,2024-06-18,1,36.786544791520996,0.5172536846557088,0.9667649608064212,0.2112430404556506
microsoft-sat14-tx,2024-06-18,2,38.34547746777286,0.4940458555708698,0.9691245813185952,0.2198601430731271
microsoft-sat14-tx,2024-06-18,3,38.93323673746251,0.5015459301684382,0.9696203367209736,0.210999542607314
microsoft-sat14-tx,2024-06-18,4,39.193539126367256,0.5109091810662351,0.9678712478863984,0.2046963814146955
microsoft-sat14-tx,2024-07-04,0,46.486459533025695,0.4395460174108936,0.9640536354892684,0.2262521212550881
microsoft-sat14-tx,2024-07-04,1,45.92804876127301,0.4939960396211351,0.9684694611992856,0.1958021103679693
microsoft-sat14-tx,2024-07-04,2,46.60950427446325,0.426318713798646,0.967492881306959,0.2131408533393435
microsoft-sat14-tx,2024-07-04,3,46.63562963735491,0.430522941671234,0.9685385942329828,0.1949743417228655
microsoft-sat14-tx,2024-07-04,4,46.7679249450986,0.4422224358158081,0.9696990257654382,0.1970739741157034
microsoft-sat14-tx,2024-07-20,1,39.811086064414695,0.474626622296837,0.9668600272019514,0.1973571900810195
microsoft-sat14-tx,2024-07-20,2,41.518675076552896,0.4155469945150208,0.9664166710695448,0.2252104537238386
microsoft-sat14-tx,2024-07-20,3,44.34020029791663,0.4433084495786248,0.9689558370024024,0.201406443249702
microsoft-sat14-tx,2024-07-20,4,44.76434182832986,0.4085774987281729,0.9693337817911496,0.2089348667737326
microsoft-sat14-tx,2024-08-05,0,47.523092497637755,0.4547218968563235,0.964090256587915,0.2084500029005965
microsoft-sat14-tx,2024-08-05,1,47.2700551876843,0.4996328783966305,0.9684806637749674,0.1851337471294695
microsoft-sat14-tx,2024-08-05,2,47.383696232882194,0.4438551090314039,0.968150317734452,0.2029253305164611
microsoft-sat14-tx,2024-08-05,3,47.43093071104405,0.4516619210773353,0.9690656457939928,0.1878342561204147
microsoft-sat14-tx,2024-08-05,4,47.57003977796385,0.4558990599182579,0.9694714837284094,0.1898418828332816
microsoft-sat14-tx,2024-08-21,0,50.06812221652671,0.4226191300377126,0.9640733780352732,0.2027106950343816
microsoft-sat14-tx,2024-08-21,1,50.20825656704979,0.4624902561538641,0.9684213582394584,0.1755092544603392
microsoft-sat14-tx,2024-08-21,2,50.46292586316539,0.3912302204157219,0.9679263267356196,0.2000436166924014
microsoft-sat14-tx,2024-08-21,3,50.989037396494446,0.4105533223115754,0.9686997036245631,0.1789989867933977
microsoft-sat14-tx,2024-08-21,4,51.22361566891344,0.4106647854030598,0.9698227627749496,0.1825424358226858
microsoft-sat14-tx,2024-09-06,0,33.2487076133936,0.4280428579485219,0.9669726484541152,0.2209552347461352
microsoft-sat14-tx,2024-09-06,1,35.68304371224098,0.4925589254521176,0.9706325467934248,0.1718708486700635
microsoft-sat14-tx,2024-09-06,2,36.43276386583772,0.436159332648606,0.9684138007047935,0.1981093091695011
microsoft-sat14-tx,2024-09-06,3,37.99334828988188,0.4316889071538315,0.9690756756442522,0.1899059655776079
microsoft-sat14-tx,2024-09-06,4,38.1804653222364,0.4308663303041048,0.9687083183803892,0.1857390434567788
microsoft-sat14-tx,2024-09-22,0,38.592540544060974,0.6069592846331417,0.9659699752883034,0.1871096870047363
microsoft-sat14-tx,2024-09-22,1,41.23038684807253,0.5642652573448088,0.9699374800167704,0.1809854093147765
microsoft-sat14-tx,2024-09-22,2,42.30742840110082,0.4819780020384547,0.9671305871517124,0.1835709920262797
microsoft-sat14-tx,2024-09-22,3,40.98605875970684,0.526395591095597,0.9680918219312272,0.1530307703238556
microsoft-sat14-tx,2024-09-22,4,43.30120172586312,0.46134199446299,0.9707570762350152,0.181699863479873
microsoft-sat14-tx,2024-10-08,0,41.26718650917751,0.4176317036586499,0.9640867120371605,0.1856129759694753
microsoft-sat14-tx,2024-10-08,1,41.18170935926255,0.4554003528555504,0.9683653108074274,0.1578199420107071
microsoft-sat14-tx,2024-10-08,2,41.69233674148224,0.3849888476631432,0.9678782788735928,0.1828214249181909
microsoft-sat14-tx,2024-10-08,3,42.310894915742914,0.4027936494902565,0.9686486323226552,0.1627112101935606
microsoft-sat14-tx,2024-10-08,4,42.62357689836199,0.3993073538386437,0.9697639027341404,0.1663467749717642
microsoft-sat14-tx,2024-10-24,2,33.24954170570712,0.4960056436320308,0.9698953510667871,0.1952128273557991
microsoft-sat14-tx,2024-10-24,3,35.28704979993384,0.4040717914497685,0.9668939567744742,0.2035079161112871
microsoft-sat14-tx,2024-10-24,4,33.63714651071224,0.4205547342310066,0.970412166559236,0.1892591263713908
microsoft-sat14-tx,2024-11-09,0,30.02187639532129,0.455388532282958,0.964201378802428,0.1649971734553472
microsoft-sat14-tx,2024-11-09,1,30.07312987962758,0.4736911040327807,0.9684069040613098,0.1435953939348174
microsoft-sat14-tx,2024-11-09,2,30.670497783028004,0.4023530193799607,0.96787512451595,0.1663920965508322
microsoft-sat14-tx,2024-11-09,3,31.064187594442956,0.4191863292626732,0.9686637043658772,0.1485285854668414
microsoft-sat14-tx,2024-11-09,4,31.349926302843215,0.4119312943940163,0.9698550038419752,0.151205336046793
microsoft-sat14-tx,2024-11-25,0,30.046380085154333,0.4997932101675684,0.9640132751238938,0.143255482700907
microsoft-sat14-tx,2024-11-25,1,29.740124594861435,0.5171428684782631,0.9690406096776898,0.1317656784226026
microsoft-sat14-tx,2024-11-25,2,30.56245098139018,0.4343725888120558,0.9681438369602626,0.1517739479141568
microsoft-sat14-tx,2024-11-25,3,30.841751207011285,0.4390941834692376,0.9687848660203195,0.1413903726926269
microsoft-sat14-tx,2024-11-25,4,31.06857264370777,0.4254742877621291,0.9698402456395122,0.1451806315425786
microsoft-sat14-tx,2024-12-11,0,19.208172021366863,0.455881351565261,0.9641689686157118,0.1567187245287672
microsoft-sat14-tx,2024-12-11,1,19.274188823603808,0.4710712147832504,0.9682999890768386,0.1326438385067636
microsoft-sat14-tx,2024-12-11,2,19.58231037632325,0.395695068551938,0.9677750566972504,0.154078341442883
microsoft-sat14-tx,2024-12-11,3,19.967397720623083,0.4096299407303733,0.9686199382302269,0.1390857310144451
microsoft-sat14-tx,2024-12-11,4,20.278195634270705,0.4024254501682783,0.9697333436315728,0.1398958547784249
microsoft-sat14-tx,2024-12-27,0,23.91227064245424,0.4336078105161337,0.9640576449888104,0.158814354059413
microsoft-sat14-tx,2024-12-27,1,23.969369136327703,0.4463733736270069,0.9683183288327272,0.129740680998233
microsoft-sat14-tx,2024-12-27,2,24.33603453036272,0.3645846538288382,0.9677765190895063,0.1526760842929198
microsoft-sat14-tx,2024-12-27,3,24.67771708822869,0.3783483483169828,0.968484042236328,0.1365593324933872
microsoft-sat14-tx,2024-12-27,4,25.011640149207775,0.3705676699366553,0.9696116544501446,0.1378407204148452
microsoft-sat14-tx,2025-03-01,0,31.533991570415296,0.3805147372147101,0.9641540640751656,0.1633580687944497
microsoft-sat14-tx,2025-03-01,1,31.84355821640351,0.3802555764522123,0.9678498625717358,0.1479038054337357
microsoft-sat14-tx,2025-03-01,2,32.38503735372714,0.3095426485308008,0.9675031082485488,0.1675676217141265
microsoft-sat14-tx,2025-03-01,3,32.99641659807061,0.3150722311540716,0.9682840620808848,0.1502416140650161
microsoft-sat14-tx,2025-03-01,4,33.59081313061176,0.3059290539770102,0.9694698623374196,0.1514777763806528
microsoft-sat14-tx,2025-03-17,0,34.28843118399074,0.3366558344100497,0.9640334881643192,0.1881717954155369
microsoft-sat14-tx,2025-03-17,1,34.62697593386628,0.3552207617163359,0.9680234224899572,0.1603277487663494
microsoft-sat14-tx,2025-03-17,2,35.17752739155104,0.2943924084708504,0.967406232288018,0.1818235748121321
microsoft-sat14-tx,2025-03-17,3,35.94292220499418,0.298321201340984,0.9682516412591556,0.1641298926470031
microsoft-sat14-tx,2025-03-17,4,36.560156580111425,0.2898833609374903,0.969403216364102,0.1675707437979783
microsoft-sat14-tx,2025-04-18,0,34.66750560033696,0.3673548810284795,0.9635732393023936,0.2283234318316379
microsoft-sat14-tx,2025-04-18,1,36.874953021745895,0.4093801949139014,0.9660916867405556,0.2140766389251099
microsoft-sat14-tx,2025-04-18,2,37.63587896166903,0.3829049569641748,0.9676802654403142,0.2356903503935891
microsoft-sat14-tx,2025-04-18,3,38.29491626053503,0.4069323511589067,0.9687639790545288,0.2093262372288277
microsoft-sat14-tx,2025-04-18,4,37.96243050087389,0.4128517361860095,0.9702029593341668,0.2078039237224778
microsoft-sat14-tx,2025-05-04,0,32.032400143599276,0.4351025460542039,0.9634555803037386,0.2696791027628376
microsoft-sat14-tx,2025-05-04,1,31.52497395933244,0.5048638095236314,0.9684318081684294,0.2147794302497521
microsoft-sat14-tx,2025-05-04,2,32.81170252054824,0.481453314529898,0.96824642703885,0.2023724103076463
microsoft-sat14-tx,2025-05-04,3,32.49589012277578,0.4695165077387526,0.972106430432429,0.1942063585084386
microsoft-sat14-tx,2025-05-04,4,34.73029079766378,0.463277166689217,0.9712862634783016,0.2115419821096319
microsoft-sat14-tx,2025-05-20,0,43.601485157657216,0.4134756214611023,0.9641075403753332,0.2120524161784285
microsoft-sat14-tx,2025-05-20,1,43.76262316924351,0.4519319488483281,0.96846056957939,0.186500762772229
microsoft-sat14-tx,2025-05-20,2,44.29851057467841,0.3966998641962718,0.9680734169013434,0.2032328546892026
microsoft-sat14-tx,2025-05-20,3,45.05471694395096,0.4077289513447432,0.9687851946935252,0.1863518100814765
microsoft-sat14-tx,2025-05-20,4,45.35047031883837,0.4005379307261709,0.969876413532174,0.1909742367544319
microsoft-sat14-tx,2025-06-05,0,41.04277817393505,0.5704438125442666,0.9658007827757062,0.14792766280036
microsoft-sat14-tx,2025-06-05,1,40.98545230493148,0.5043159453311592,0.9686883510714244,0.2056000709475052
microsoft-sat14-tx,2025-06-05,2,41.80344866446181,0.4466885474465843,0.968101311473066,0.2297117339702765
microsoft-sat14-tx,2025-06-05,3,43.35579506713721,0.4608229567541767,0.9683330090632593,0.2141299985365286
microsoft-sat14-tx,2025-06-05,4,44.24031329477331,0.4642059703558128,0.9695463544216184,0.2110533751117331
microsoft-sat14-tx,2025-06-21,1,37.943060102891,0.4658486564559536,0.9657538025256164,0.1881882619204947
microsoft-sat14-tx,2025-06-21,2,37.618911421839506,0.4352519108018799,0.9683887340476668,0.232538946058095
microsoft-sat14-tx,2025-06-21,3,38.84136463770925,0.469430441215092,0.968615017016355,0.2067637004050237
microsoft-sat14-tx,2025-06-21,4,37.587355303479725,0.4959711059635396,0.9716964956322556,0.2161355537056798
microsoft-sat14-tx,2025-07-23,0,45.35422113113387,0.4664926589560159,0.9640662907570926,0.2121923514892719
microsoft-sat14-tx,2025-07-23,1,45.29319142112961,0.5191182731484735,0.9685997351888892,0.1850846994434598
microsoft-sat14-tx,2025-07-23,2,45.78696715621514,0.4443528453950694,0.968153308507259,0.2034524581401393
microsoft-sat14-tx,2025-07-23,3,46.80595421057188,0.461478578125733,0.9688924924759856,0.1851520955776895
microsoft-sat14-tx,2025-07-23,4,47.169056043820206,0.460471388859023,0.9700239149119358,0.1898751576909366
microsoft-sat14-tx,2025-08-08,0,50.119638017423135,0.4399117475598264,0.9640738703339892,0.203822400512503
microsoft-sat14-tx,2025-08-08,1,49.890919994015135,0.4866680532459697,0.9684800867510922,0.177824905863652
microsoft-sat14-tx,2025-08-08,2,50.95462561165341,0.4174559739806489,0.9680494815200184,0.1969378921097535
microsoft-sat14-tx,2025-08-08,3,51.80895329631567,0.4282916307098615,0.9687718404113562,0.1784008447285555
microsoft-sat14-tx,2025-08-08,4,52.19846220592592,0.4192850695364578,0.9698679566458032,0.1838631585279526
microsoft-sat14-tx,2025-08-24,0,43.831929191526704,0.4334262928932665,0.9640201093417928,0.2136194210239087
microsoft-sat14-tx,2025-08-24,1,43.394813903675136,0.4722477327909379,0.9683918361979826,0.1904368582632672
microsoft-sat14-tx,2025-08-24,2,44.28364450755629,0.407649688497863,0.9680611956622788,0.2082355101839405
microsoft-sat14-tx,2025-08-24,3,45.86717026790136,0.4242783967630548,0.9687937320770372,0.1871273686767958
microsoft-sat14-tx,2025-08-24,4,46.352302716501775,0.4074657061030788,0.9701200157149558,0.1904482938478564
microsoft-sat14-tx,2025-09-09,0,39.10462830331326,0.4801359723746939,0.9640809339088984,0.1859147733141962
microsoft-sat14-tx,2025-09-09,1,39.183458136360336,0.5240411159669589,0.9685571929717984,0.1609937147602534
microsoft-sat14-tx,2025-09-09,2,39.90613877747341,0.4492117009889734,0.9680992703338548,0.179697525114432
microsoft-sat14-tx,2025-09-09,3,40.73630845867186,0.4629585958315343,0.9688301748542596,0.165178061527044
microsoft-sat14-tx,2025-09-09,4,41.173177412698074,0.4458348868075361,0.969898452959766,0.1684497976815464
microsoft-sat14-tx,2025-09-25,0,35.104925464171345,0.4503011571407224,0.966601489763781,0.2169945398874015
microsoft-sat14-tx,2025-09-25,1,35.52637241566091,0.5112747937325877,0.96976648712537,0.1950723376405759
microsoft-sat14-tx,2025-09-25,2,39.825651912025855,0.4169667397234911,0.9666137074578522,0.2270048027771279
microsoft-sat14-tx,2025-09-25,3,40.673201973709325,0.435568232848627,0.9676965275689956,0.1885974128817102
microsoft-sat14-tx,2025-09-25,4,39.79778401284512,0.4363343908954,0.968628891439227,0.1884801040728976
microsoft-sat14-tx,2025-10-11,0,39.24451475144562,0.4432632259572581,0.9640538223804476,0.1853487045499569
microsoft-sat14-tx,2025-10-11,1,39.1214187144667,0.487098625766735,0.9684581226213754,0.1541672867760841
microsoft-sat14-tx,2025-10-11,2,39.5877109384998,0.4110388075388201,0.9679870105982312,0.1770257351858296
microsoft-sat14-tx,2025-10-11,3,40.049177808763446,0.4235291966167795,0.9687170541690318,0.1596894464187931
microsoft-sat14-tx,2025-10-11,4,40.58436117638297,0.4049034742361473,0.9697985505082212,0.1652868787413695
microsoft-sat14-tx,2025-11-12,0,28.086125912456293,0.5416141148967675,0.9640191872623616,0.1365672766867921
microsoft-sat14-tx,2025-11-12,1,27.821891014901276,0.5328164015244607,0.9689069188178072,0.134360669663734
microsoft-sat14-tx,2025-11-12,2,28.840548726019627,0.4376526454127135,0.9681841744933896,0.155170741246407
microsoft-sat14-tx,2025-11-12,3,29.30361944082194,0.4383948804061415,0.968916593368152,0.1458029655515826
microsoft-sat14-tx,2025-11-12,4,29.712338757466476,0.414385128923704,0.9697907614076464,0.1509278788752543
microsoft-sat14-tx,2025-12-30,0,16.94823152026918,0.4537355395544324,0.963792221639843,0.158674770079379
microsoft-sat14-tx,2025-12-30,1,17.01879965348831,0.4638857619001608,0.9675521607248708,0.1348417547703911
microsoft-sat14-tx,2025-12-30,2,17.394429339672534,0.3694969421935264,0.967862721985984,0.145749279556733
microsoft-sat14-tx,2025-12-30,3,17.202107149373266,0.3801148709863722,0.968756964860376,0.1291166389793316
microsoft-sat14-tx,2025-12-30,4,18.243661484642416,0.368095806134351,0.9701191169400818,0.1343864368616915
microsoft-sat14-tx,2026-01-15,0,19.796732440448768,0.4742828376681397,0.9640307866213724,0.1368419350792486
microsoft-sat14-tx,2026-01-15,1,19.854243720372686,0.4488875806887317,0.9676534034346784,0.1289271831999864
microsoft-sat14-tx,2026-01-15,2,20.62283589716245,0.3590956722843474,0.967805058226165,0.1483032351392511
microsoft-sat14-tx,2026-01-15,3,21.017283027334148,0.3602759935049523,0.9685012562634272,0.1361792524051697
microsoft-sat14-tx,2026-01-15,4,21.364579761521924,0.3393031020447734,0.969456854646638,0.141355540864923
microsoft-sat14-tx,2026-01-31,0,13.652849998938862,0.4094244413658084,0.9641798701756537,0.1539921937430092
microsoft-sat14-tx,2026-01-31,1,13.695578756473516,0.4113196969666875,0.9680372868715484,0.1330956253691214
microsoft-sat14-tx,2026-01-31,2,14.333776441537854,0.3141272889061472,0.9676560524178692,0.1563150821943486
microsoft-sat14-tx,2026-01-31,3,14.863768725016923,0.3202378339054986,0.9683405664606304,0.1408781440589644
microsoft-sat14-tx,2026-01-31,4,15.11635234723174,0.3069274217332687,0.9695080164255568,0.1441222941985278
microsoft-sat14-tx,2026-02-16,0,26.612279425711733,0.4046760880562318,0.9641891649922076,0.1591076747846183
microsoft-sat14-tx,2026-02-16,1,26.815213337212946,0.4031650214381427,0.9679055328181714,0.1391720185191894
microsoft-sat14-tx,2026-02-16,2,27.43286549642545,0.3144035001783496,0.9675644851624045,0.1619398822814814
microsoft-sat14-tx,2026-02-16,3,28.072117522875512,0.3182487183071624,0.9683152152983296,0.1457095197878489
microsoft-sat14-tx,2026-02-16,4,28.335420931076342,0.3047167472372872,0.969464649566398,0.1493343560119645
microsoft-sat14-tx,2026-03-04,0,33.74390378414257,0.3598541882446547,0.9560946547884188,0.1433939883908686
microsoft-sat14-tx,2026-03-04,1,38.04857108762974,0.3630346804726334,0.9686029094594844,0.1617853536887908
microsoft-sat14-tx,2026-03-04,2,37.38973041578244,0.3014431570438905,0.9692314777285714,0.1929050401750887
microsoft-sat14-tx,2026-03-04,3,35.6160962513064,0.3362405273999548,0.9677156595940772,0.1872865490650148
microsoft-sat14-tx,2026-03-04,4,36.27605917020093,0.3233823338976736,0.9691708001129068,0.1833682415295381
microsoft-sat14-tx,2026-03-20,0,35.77741007470769,0.3761041369954507,0.9640450740499328,0.185861503831098
microsoft-sat14-tx,2026-03-20,1,36.15591306727707,0.4114531367251846,0.9682002909427954,0.1571719207614459
microsoft-sat14-tx,2026-03-20,2,36.5300301603416,0.3516377151457688,0.967698930326723,0.1773094019846076
microsoft-sat14-tx,2026-03-20,3,37.220301091914955,0.3544223737188818,0.968502945514802,0.1624312482678034
microsoft-sat14-tx,2026-03-20,4,37.716107436436445,0.3411011827495916,0.9695558794216308,0.1676646253815049
microsoft-sat14-tx,2026-06-08,0,39.78542830623149,0.5830360259649222,0.9616583693882642,0.2193914811586467
microsoft-sat14-tx,2026-06-08,1,43.869054679611864,0.5734771620428655,0.968891708665401,0.2059774440450955
microsoft-sat14-tx,2026-06-08,2,45.55522117083974,0.5144362349400511,0.9676030593861344,0.2115588987228958
microsoft-sat14-tx,2026-06-08,3,45.632622090585855,0.5290675271773433,0.969628369621273,0.201055162219237
microsoft-sat14-tx,2026-06-08,4,44.184348406925935,0.5156184129482653,0.9705774928084224,0.2118144822940229
microsoft-sat14-tx,2026-06-24,0,40.33944835964836,0.4854044641317925,0.9640906909959484,0.2147350004797975
microsoft-sat14-tx,2026-06-24,1,39.52706783042242,0.5421347564618244,0.9686116352808056,0.1871874904638612
microsoft-sat14-tx,2026-06-24,2,39.605109878847045,0.4731086190291529,0.9682370512664475,0.2063381622977572
microsoft-sat14-tx,2026-06-24,3,40.17571331962648,0.495692958038829,0.968957026964913,0.1932065750663378
microsoft-sat14-tx,2026-06-24,4,40.09029544012623,0.4983248721634519,0.9698892405092026,0.1986690482279909
microsoft-sat14-tx,2026-07-10,3,39.33348550419409,0.4107839171233766,0.9690654578027396,0.1675819159332179
microsoft-sat14-tx,2026-07-10,4,43.18782930723055,0.4284968620176971,0.974573194927649,0.1841137850830674
microsoft-sat14-tx,2026-07-26,0,43.56104288526023,0.4939226358650103,0.964083626053543,0.2071768968576982
microsoft-sat14-tx,2026-07-26,1,43.34045262191561,0.5585985185961919,0.968715859800522,0.1787502603780207
microsoft-sat14-tx,2026-07-26,2,44.225853246005954,0.4838051371297501,0.9682975653488274,0.1984375777004377
microsoft-sat14-tx,2026-07-26,3,45.06404944533373,0.5019043787515575,0.9690356121602858,0.1832071127406288
microsoft-sat14-tx,2026-07-26,4,45.284074437557635,0.5013899766880718,0.9701014119951334,0.1881818540626483
microsoft-sat14-tx,2026-08-11,0,42.91228992246152,0.5026822472100654,0.9644197105812676,0.1931608219964005
microsoft-sat14-tx,2026-08-11,1,42.56015351065498,0.4889546437153638,0.9668841107530884,0.2042200109430417
microsoft-sat14-tx,2026-08-11,2,42.799574709341805,0.430440758108801,0.968111373270652,0.2266305759460218
microsoft-sat14-tx,2026-08-11,3,43.13808163788801,0.471611289145404,0.968933104954092,0.1985278397333259
microsoft-sat14-tx,2026-08-11,4,43.37492505091405,0.4424467456110876,0.9698203475838189,0.2046519199870001
microsoft-sat14-tx,2026-08-27,0,48.07392465208239,0.4340982236180788,0.9640887482393496,0.1980083877398362
microsoft-sat14-tx,2026-08-27,1,47.82002098001985,0.4848316750964435,0.9685404683951084,0.1714226657522887
microsoft-sat14-tx,2026-08-27,2,48.76788713650588,0.4116849170457301,0.96810471293987,0.1911172130349755
microsoft-sat14-tx,2026-08-27,3,49.25604939577441,0.4295923869332161,0.9688290291591436,0.1753119936469435
microsoft-sat14-tx,2026-08-27,4,49.745485059986194,0.4192288885767515,0.9698934095544552,0.1815726161305675
microsoft-sat14-tx,2026-09-12,0,43.40318716440595,0.4570858253073402,0.964094357709718,0.1909408653950131
microsoft-sat14-tx,2026-09-12,1,43.086119358582515,0.5019799954973732,0.9685754492614636,0.1664600982076165
microsoft-sat14-tx,2026-09-12,2,43.688748607625776,0.4288193922835964,0.968192043164848,0.1860015445011542
microsoft-sat14-tx,2026-09-12,3,43.8807525133052,0.453391430021444,0.9687222065555336,0.1692483957728222
microsoft-sat14-tx,2026-09-12,4,43.823559216007446,0.4505506328542173,0.9699080159475806,0.1748261363412426
microsoft-sat14-tx,2026-09-28,0,45.01728571081124,0.4514093540841851,0.9640715200634528,0.1850134318772648
microsoft-sat14-tx,2026-09-28,1,44.62743309929753,0.4979209792970528,0.9684973821225952,0.1577295456353757
microsoft-sat14-tx,2026-09-28,2,45.43733969828919,0.4177441111651479,0.96806239435469,0.1794112430148794
microsoft-sat14-tx,2026-09-28,3,45.724077506495995,0.4413384404519259,0.9687805397779644,0.1608739478052172
microsoft-sat14-tx,2026-09-28,4,46.09158359725388,0.4361073177112644,0.969859471916006,0.1659460452926922
microsoft-sat14-tx,2021-12-10,3,25.242361755654606,0.4885734532353266,0.969618662952644,0.1409107813128491
microsoft-sat14-tx,2021-12-10,4,23.618439025337732,0.4665148571850594,0.9725655433385694,0.1419886940600918
microsoft-sat14-tx,2022-02-12,1,7.652041767438488,0.4980428163608986,0.9781728896991794,0.2126918681103009
microsoft-sat14-tx,2022-02-12,2,11.990565551439731,0.3309618431168555,0.9659120691012888,0.2351656727126932
microsoft-sat14-tx,2022-02-12,3,14.570650832903356,0.3214782452316048,0.9670770645272162,0.1709050678977002
microsoft-sat14-tx,2022-02-12,4,15.442028533029912,0.321549624918218,0.9689587108023476,0.1522735678665297
microsoft-sat14-tx,2022-02-28,0,23.4038949521548,0.4036057639137551,0.9642199722854032,0.1476200119694455
microsoft-sat14-tx,2022-02-28,1,23.656617424017465,0.4017335066508162,0.9686932308323408,0.1341919043745985
microsoft-sat14-tx,2022-02-28,2,24.314039477320975,0.3424556627784967,0.9682511458269965,0.146028541281532
microsoft-sat14-tx,2022-02-28,3,24.85723900384456,0.3326733543045788,0.9687512570937832,0.1404570860011065
microsoft-sat14-tx,2022-02-28,4,25.432584210488265,0.322414434246986,0.9699157402219988,0.1414308415702323
microsoft-sat14-tx,2022-04-01,0,34.11443897917139,0.3380260754572918,0.9641580611635546,0.1851355739205667
microsoft-sat14-tx,2022-04-01,1,34.85290856441572,0.3809512751127631,0.968489618887734,0.1529178681056624
microsoft-sat14-tx,2022-04-01,2,35.23334220333695,0.3520661725813905,0.968265212308134,0.1633048297453416
microsoft-sat14-tx,2022-04-01,3,35.84765721823087,0.344986849765673,0.9687679658014734,0.1565199161000101
microsoft-sat14-tx,2022-04-01,4,36.270786863625915,0.3440910074345953,0.9703325680404472,0.1558013120819888
microsoft-sat14-tx,2022-05-19,0,45.476465028242416,0.376872115561828,0.9641826396327792,0.2122615932775815
microsoft-sat14-tx,2022-05-19,1,46.775716988626,0.4463324938307358,0.9688096102278176,0.1634171990327518
microsoft-sat14-tx,2022-05-19,2,47.03727878913336,0.42138710292648,0.9687055607988628,0.1715358574527388
microsoft-sat14-tx,2022-05-19,3,47.52615512088436,0.4186519424876529,0.9691299185619332,0.1660197386852075
microsoft-sat14-tx,2022-05-19,4,48.12368046775569,0.4228511952892217,0.9708518445255364,0.1644969385833483
microsoft-sat14-tx,2022-06-04,0,51.251598199507434,0.3884493379233179,0.9641616572233416,0.2182352513788465
microsoft-sat14-tx,2022-06-04,1,52.296838881128096,0.4564823120531974,0.9688722812801502,0.1666719307125136
microsoft-sat14-tx,2022-06-04,2,52.863393141829526,0.4279743168179463,0.9687516008256756,0.1749663924590557
microsoft-sat14-tx,2022-06-04,3,53.51639590904248,0.4253467566345503,0.9692605735182256,0.1691639067109682
microsoft-sat14-tx,2022-06-04,4,53.68855861307805,0.4285552812743022,0.9704899659223818,0.1709298749655243
microsoft-sat14-tx,2022-06-20,0,49.39978010841752,0.3700773567040208,0.9641571499550982,0.2294440473696089
microsoft-sat14-tx,2022-06-20,1,50.02285539464807,0.434107990702507,0.9687887360320898,0.1734231263022843
microsoft-sat14-tx,2022-06-20,2,50.261559774794485,0.4039646896257917,0.968649027054842,0.1818784493288223
microsoft-sat14-tx,2022-06-20,3,50.73934423618507,0.3976171873494237,0.9690967878219272,0.1770965652240072
microsoft-sat14-tx,2022-06-20,4,51.36208153148758,0.3977019771609485,0.9706262284425146,0.173769928091027
microsoft-sat14-tx,2022-07-06,0,50.90224247798248,0.3993803529476029,0.964160509438002,0.2211020163399869
microsoft-sat14-tx,2022-07-06,1,51.60669750276736,0.4640262908700435,0.9688557858114126,0.1706333710646266
microsoft-sat14-tx,2022-07-06,2,51.89553760709575,0.4324250894035364,0.9687345937785417,0.1789059560715073
microsoft-sat14-tx,2022-07-06,3,53.310307714747424,0.4156356750042036,0.9691817323627546,0.1721513709104739
microsoft-sat14-tx,2022-07-06,4,54.10816164712579,0.4082211025678747,0.9704510752539942,0.1735769834768441
microsoft-sat14-tx,2022-07-22,0,37.75207443399852,0.2831122225120435,0.9609470479549854,0.3116744130998572
microsoft-sat14-tx,2022-07-22,1,39.06767049393693,0.47204232962804,0.9726628925022772,0.2062169214751227
microsoft-sat14-tx,2022-07-22,2,42.451245402542966,0.4101766071944803,0.9678071861116626,0.2014424606892504
microsoft-sat14-tx,2022-07-22,3,43.909624784294266,0.4070267716019504,0.9689546633285894,0.1899453362475768
microsoft-sat14-tx,2022-07-22,4,44.23282135774953,0.3990143004960152,0.9699002409455216,0.1822539129692815
microsoft-sat14-tx,2022-08-07,1,41.79252710077106,0.4824828635501125,0.9751400116822432,0.1476032174875876
microsoft-sat14-tx,2022-08-07,2,49.19785308714997,0.4039824831704697,0.9673007750736958,0.1966131766902036
microsoft-sat14-tx,2022-08-07,3,49.652852134332825,0.4084804337757323,0.9687565886298812,0.1785791790006478
microsoft-sat14-tx,2022-08-07,4,51.4562957468137,0.3849395648144152,0.9698047263912024,0.1799963454847678
microsoft-sat14-tx,2022-09-08,0,41.92755780358932,0.3916375790429103,0.9640957291656758,0.2247988398845532
microsoft-sat14-tx,2022-09-08,1,42.762022276635896,0.4614905408305685,0.9682771583943108,0.1770831387818521
microsoft-sat14-tx,2022-09-08,2,43.11631601734852,0.4482616470940955,0.9686242971021108,0.1720959378523628
microsoft-sat14-tx,2022-09-08,3,45.61520378835453,0.4120742546120868,0.9682293481859052,0.1680903991533039
microsoft-sat14-tx,2022-09-08,4,47.40648100939231,0.4140209838788731,0.9695432733504789,0.1641115942723329
microsoft-sat14-tx,2022-09-24,2,41.89801257054949,0.217315291444801,0.9638851648351648,0.2005343797435897
microsoft-sat14-tx,2022-09-24,3,40.97818933081525,0.4727420976356072,0.9697554731235049,0.1661628503259321
microsoft-sat14-tx,2022-09-24,4,40.02347991834412,0.4013198252706,0.969479136477202,0.1363467521450351
microsoft-sat14-tx,2022-10-10,0,35.967721386069606,0.3425159866748009,0.9651707044202666,0.1920519249357453
microsoft-sat14-tx,2022-10-10,1,36.76338948964859,0.4258007588685517,0.9693746344867438,0.1613421352639044
microsoft-sat14-tx,2022-10-10,2,38.89811470177701,0.3959174223002001,0.9685704722740476,0.1675118143199546
microsoft-sat14-tx,2022-10-10,3,39.8296958661545,0.3912868648970106,0.9691009098982856,0.1547875092576907
microsoft-sat14-tx,2022-10-10,4,40.165731217835265,0.3798329889154102,0.9702631361303268,0.1608377884030295
microsoft-sat14-tx,2022-10-26,0,30.593913544210636,0.3928026591144035,0.9641447586140854,0.1936398486045269
microsoft-sat14-tx,2022-10-26,1,31.292905886709747,0.4463798971045061,0.9688254475429404,0.1470732850361742
microsoft-sat14-tx,2022-10-26,2,31.764597816300085,0.4080868186712998,0.9686558566038148,0.1589383149292638
microsoft-sat14-tx,2022-10-26,3,32.45154394709987,0.4015216765940687,0.9691113480251988,0.1502751361788323
microsoft-sat14-tx,2022-10-26,4,33.04195485644984,0.390639465960819,0.9703208302408368,0.1514456981517682
microsoft-sat14-tx,2022-11-27,0,23.14271004322113,0.4091135792598068,0.9641392298260064,0.1539965127202696
microsoft-sat14-tx,2022-11-27,1,23.736150546510338,0.4455651753117309,0.9687601671211872,0.1285502140115391
microsoft-sat14-tx,2022-11-27,2,23.885382307933856,0.4028841862840009,0.9685581324998032,0.1394885440996227
microsoft-sat14-tx,2022-11-27,3,24.165381729112983,0.3992128455980043,0.9690346606345016,0.1321811336406257
microsoft-sat14-tx,2022-11-27,4,24.393931480095983,0.3870983757675234,0.9701752699753028,0.132227212036076
microsoft-sat14-tx,2022-12-13,2,12.989171030708675,0.3596293450801512,0.9725472440944882,0.202006215
microsoft-sat14-tx,2022-12-13,3,13.582904668485249,0.4543329959184392,0.971730488267662,0.1227511358246631
microsoft-sat14-tx,2022-12-13,4,12.302499324390268,0.5227280967833232,0.9720837398373992,0.1290294093292682
microsoft-sat14-tx,2023-01-14,0,18.8416152312704,0.3536890387846473,0.9639568676149244,0.1675947985218596
microsoft-sat14-tx,2023-01-14,1,19.525520185864675,0.3757994615563361,0.9683563478871208,0.1301201844440928
microsoft-sat14-tx,2023-01-14,2,20.000697820830137,0.3263235456556161,0.9681890486301268,0.1416138385435556
microsoft-sat14-tx,2023-01-14,3,20.47395917125708,0.3177396789545967,0.9686933148122782,0.1331592712477937
microsoft-sat14-tx,2023-01-14,4,20.854450532329867,0.3119822221144497,0.9698911780941778,0.1344269414039304
microsoft-sat14-tx,2023-02-15,4,21.48318341484234,0.4913820645290053,0.9708710264976445,0.0703722838614071
microsoft-sat14-tx,2023-03-03,0,27.19562790870425,0.3441670186069924,0.964106461876476,0.1845052133178767
microsoft-sat14-tx,2023-03-03,1,28.21656647573955,0.3918838967086728,0.9684696178242356,0.1419310417361953
microsoft-sat14-tx,2023-03-03,2,28.463704430465512,0.3651559966733126,0.9682970072370308,0.1522495061683517
microsoft-sat14-tx,2023-03-03,3,28.882605294687284,0.358723630589385,0.9687809006461928,0.1439769013774202
microsoft-sat14-tx,2023-03-03,4,29.08681198404506,0.3595196056895854,0.9702960502717152,0.1430005616562938
microsoft-sat14-tx,2023-04-04,0,31.02971237673471,0.3320841358712783,0.9636204081632656,0.2999656054591836
microsoft-sat14-tx,2023-04-04,1,33.33125595855316,0.4341286904445656,0.9709905475374352,0.1964129059054663
microsoft-sat14-tx,2023-04-04,2,36.14458679399969,0.4266140686289304,0.9671886583231442,0.1921569434130213
microsoft-sat14-tx,2023-04-04,3,36.83483763698616,0.4250854237943796,0.9684016426115652,0.18905532932367
microsoft-sat14-tx,2023-04-04,4,37.02011343871089,0.4047858607699005,0.9694572964680928,0.1951404685976681
microsoft-sat14-tx,2023-04-20,0,37.2878776707633,0.5807382450989835,0.96478285108061,0.1781301034065475
microsoft-sat14-tx,2023-04-20,1,38.20326903738518,0.5658647201182216,0.9696275617386562,0.1739124769917066
microsoft-sat14-tx,2023-04-20,2,38.70925100740066,0.5038238194861708,0.96846491779411,0.1896592585467787
microsoft-sat14-tx,2023-04-20,3,36.52927549025571,0.540220902954963,0.9692322132921448,0.1495815436160397
microsoft-sat14-tx,2023-04-20,4,37.55256892364961,0.5298570875255694,0.9688888847883964,0.1772380992778059
microsoft-sat14-tx,2023-05-22,0,39.56519427113725,0.5173911398572134,0.9641462542609236,0.1955244583962788
microsoft-sat14-tx,2023-05-22,1,39.71321476270547,0.522073181071991,0.9683436312601184,0.1795808752250116
microsoft-sat14-tx,2023-05-22,2,37.58003519019694,0.5047469379623939,0.9695924688773708,0.1826115146554026
microsoft-sat14-tx,2023-05-22,3,39.34206711934958,0.4886571240359756,0.9688751015189,0.1772285557015355
microsoft-sat14-tx,2023-05-22,4,39.81637228440673,0.4997610453302807,0.9710248132573802,0.1749272181733925
microsoft-sat14-tx,2023-06-07,0,24.59013451249786,0.5421440551358465,0.9620137255531666,0.1966442667755467
microsoft-sat14-tx,2023-06-07,1,25.3889206461752,0.5700059550737698,0.9638630002202804,0.1314371494564579
microsoft-sat14-tx,2023-06-07,2,29.375385239438607,0.5212884418004908,0.9681809910993248,0.1854844564907967
microsoft-sat14-tx,2023-06-07,3,28.976244545939736,0.5344343930429467,0.9718967917959948,0.1733975258145387
microsoft-sat14-tx,2023-06-07,4,27.96706631903115,0.5203637993287464,0.9716601698179558,0.173776009040456
microsoft-sat14-tx,2023-06-23,0,45.18976368442447,0.4476283278533038,0.9641928940326988,0.2127488193452655
microsoft-sat14-tx,2023-06-23,1,45.75746892867805,0.5106926456841563,0.9691034294786596,0.1673567133018551
microsoft-sat14-tx,2023-06-23,2,46.194234613088206,0.4773361205810703,0.9690212765359436,0.1770759789454372
microsoft-sat14-tx,2023-06-23,3,47.04645098170425,0.4693409840067326,0.9693954342576788,0.1681542144645624
microsoft-sat14-tx,2023-06-23,4,47.53832600298643,0.4711228335714756,0.970635563436166,0.1682867950087099
microsoft-sat14-tx,2023-07-09,0,45.537072261583575,0.4464627555216277,0.9641371598922386,0.220133463934071
microsoft-sat14-tx,2023-07-09,1,46.04524036234333,0.4940597106772876,0.9695038266448468,0.1732126555254484
microsoft-sat14-tx,2023-07-09,2,46.89853459777647,0.4577841637219456,0.9689349846323808,0.1844440789171171
microsoft-sat14-tx,2023-07-09,3,47.68214423588118,0.4486065311506147,0.969218501964944,0.1730015579122688
microsoft-sat14-tx,2023-07-09,4,48.689579684586256,0.4384107729816139,0.9707109516600811,0.1724042580672018
microsoft-sat14-tx,2023-07-25,0,46.87187247615919,0.4295923636235229,0.9641612934692902,0.2167985487786093
microsoft-sat14-tx,2023-07-25,1,47.40759383960553,0.4843171112134282,0.9690112082102096,0.1697217389476035
microsoft-sat14-tx,2023-07-25,2,47.90641859691602,0.4303059902256443,0.968808853424025,0.1819328435948984
microsoft-sat14-tx,2023-07-25,3,49.18379182834086,0.4239445181033557,0.969191399871022,0.169466627407273
microsoft-sat14-tx,2023-07-25,4,50.308575126126385,0.4126438948490505,0.9703755334752644,0.1716410883441262
microsoft-sat14-tx,2023-08-10,0,46.04851591069509,0.4050764627356372,0.964151978995252,0.2200379772376686
microsoft-sat14-tx,2023-08-10,1,46.26232263675739,0.4644122856843616,0.9689484826156,0.1683138728715029
microsoft-sat14-tx,2023-08-10,2,46.89406580676016,0.4052021881086718,0.9686439923888644,0.1849733144669958
microsoft-sat14-tx,2023-08-10,3,47.69672212666495,0.4037273727904228,0.9691256671209364,0.1712688338350127
microsoft-sat14-tx,2023-08-10,4,48.48749686431185,0.3940799963570087,0.9702932894240178,0.1728251980175219
microsoft-sat14-tx,2023-08-26,0,45.176841210258374,0.4130352450717124,0.9641652045090892,0.2088745072948528
microsoft-sat14-tx,2023-08-26,1,46.07866405970422,0.467987910783195,0.9689310204267686,0.1618511118412881
microsoft-sat14-tx,2023-08-26,2,47.11494495023529,0.407992071151245,0.9686544768390224,0.1780653444013809
microsoft-sat14-tx,2023-08-26,3,47.783682604282085,0.4072720467731845,0.9691372616705006,0.1643638851329041
microsoft-sat14-tx,2023-08-26,4,48.45056437014829,0.3943465363320319,0.97027554757908,0.1642904195415012
microsoft-sat14-tx,2023-09-11,0,32.09442617850119,0.4669841946242482,0.9661341920374706,0.2071290647365339
microsoft-sat14-tx,2023-09-11,1,39.95706900651358,0.457342683480598,0.9704408689509012,0.1744179069972839
microsoft-sat14-tx,2023-09-11,2,40.7209782996931,0.3932924362445251,0.9677851441557442,0.1782000393637577
microsoft-sat14-tx,2023-09-11,3,42.30120540287656,0.3989812667450055,0.968856993823195,0.1702522312508398
microsoft-sat14-tx,2023-09-11,4,42.24952427125806,0.3868396144204082,0.969899876077518,0.1742305481781888
microsoft-sat14-tx,2023-09-27,4,33.798996465287274,0.3242235046918265,0.9663953082839845,0.2088428660717306
microsoft-sat14-tx,2023-10-13,1,32.12529242000005,0.3675116352627537,0.9681,0.1251129975
microsoft-sat14-tx,2023-10-13,2,30.742774685936357,0.4059628478227308,0.9690909053327824,0.1210811462753203
microsoft-sat14-tx,2023-10-13,3,31.018310931386743,0.51808321409197,0.9652215370292148,0.0993017522191855
microsoft-sat14-tx,2023-10-13,4,32.11937471316953,0.517168807512351,0.9655919629038424,0.1105520016968669
microsoft-sat14-tx,2023-10-29,0,32.779602232331825,0.4407873734826434,0.9642834829547756,0.1780526775308976
microsoft-sat14-tx,2023-10-29,1,31.88625505041968,0.5123399630877241,0.968734009479787,0.1610998768061469
microsoft-sat14-tx,2023-10-29,2,31.88139439685876,0.459911241565827,0.9672181236086508,0.1501724106174718
microsoft-sat14-tx,2023-10-29,3,34.64761576084835,0.4545341481875785,0.9684100594033016,0.1638360296718341
microsoft-sat14-tx,2023-10-29,4,35.03563930699024,0.4339096813572686,0.9688548709040888,0.1534819789158752
microsoft-sat14-tx,2023-11-14,0,24.700689050971892,0.4685750398341384,0.9641266005406144,0.1645011517603781
microsoft-sat14-tx,2023-11-14,1,25.11683705442639,0.5171209930540074,0.9687091457828502,0.1304066334349861
microsoft-sat14-tx,2023-11-14,2,25.551279159783608,0.450721661095297,0.9683970031732024,0.146093324210312
microsoft-sat14-tx,2023-11-14,3,25.92382451407899,0.4624826206784158,0.9689801710470132,0.1352820309672793
microsoft-sat14-tx,2023-11-14,4,26.31787463626207,0.4564272820736579,0.970147452444682,0.134808242242499
microsoft-sat14-tx,2023-12-16,0,18.137615354256535,0.4615469656854883,0.9641154791479558,0.152361447899833
microsoft-sat14-tx,2023-12-16,1,18.483664555433215,0.4967526269029239,0.9686215995016764,0.1201926766612833
microsoft-sat14-tx,2023-12-16,2,18.765583922717752,0.4263534182845421,0.9682667922528968,0.1374179610007367
microsoft-sat14-tx,2023-12-16,3,19.132457877037567,0.4391167233401686,0.9688164493762216,0.126443553132901
microsoft-sat14-tx,2023-12-16,4,19.40664133721514,0.4421386612168622,0.970373366100793,0.1240192920122219
microsoft-sat14-tx,2024-01-17,0,7.912982365824058,0.4150014729497835,0.9641345919248472,0.1660969746568725
microsoft-sat14-tx,2024-01-17,1,8.38398305431508,0.4445328903817253,0.9687421905029614,0.1272736777826171
microsoft-sat14-tx,2024-01-17,2,9.085905339920611,0.3684035735605913,0.9682612825224052,0.1518574995018697
microsoft-sat14-tx,2024-01-17,3,9.566979012913928,0.3853824416766768,0.9689213854652724,0.135014910601954
microsoft-sat14-tx,2024-01-17,4,10.003438775444032,0.3875576785994348,0.9703066641011528,0.1349062329718572
microsoft-sat14-tx,2024-02-02,4,-35.27388439999997,-0.0319605886725317,0.9915,0.5060940695833334
microsoft-sat14-tx,2024-02-18,0,17.890135415618754,0.4064253968528905,0.9641110776327696,0.1747709973647772
microsoft-sat14-tx,2024-02-18,1,18.253868963277935,0.4443225683798945,0.9687036111849668,0.1349767483049241
microsoft-sat14-tx,2024-02-18,2,18.958234185684997,0.3744305792717651,0.9682151592584052,0.1614966408627441
microsoft-sat14-tx,2024-02-18,3,19.474627867406262,0.3954673288165011,0.9689330134440176,0.1419279428221211
microsoft-sat14-tx,2024-02-18,4,19.863130866928188,0.4035989176402359,0.970300295054036,0.1419494695904034
microsoft-sat14-tx,2024-03-05,0,34.739029966983786,0.385700623932403,0.9641172058401184,0.1800422972310478
microsoft-sat14-tx,2024-03-05,1,35.00741698549877,0.4376215578907684,0.9686454733707596,0.1417973621231152
microsoft-sat14-tx,2024-03-05,2,35.0204135694469,0.3835893781016393,0.968545504942163,0.1676917242664421
microsoft-sat14-tx,2024-03-05,3,35.27479270934403,0.394627645856929,0.96904008324623,0.1496263153214679
microsoft-sat14-tx,2024-03-05,4,35.9104096805869,0.4132857944964545,0.9713639455885392,0.145361307786936
microsoft-sat14-tx,2024-04-06,3,8.785342850000006,0.0054384774253744,0.9915,0.53466140875
microsoft-sat14-tx,2024-04-22,0,31.566614691343307,0.4630386029417609,0.9641451857288048,0.1990680912152372
microsoft-sat14-tx,2024-04-22,1,31.621275762146347,0.5346710627937775,0.969004508473805,0.1624204955133355
microsoft-sat14-tx,2024-04-22,2,31.993119182664973,0.4654269458475042,0.9686081565446948,0.1778475583859453
microsoft-sat14-tx,2024-04-22,3,32.56004024845463,0.4782009926759531,0.9692330474870514,0.1625125507471065
microsoft-sat14-tx,2024-04-22,4,32.55384019071493,0.4880571252329609,0.9705387298695002,0.1613023250421897
microsoft-sat14-tx,2024-06-09,0,44.95930402986264,0.430794613549271,0.964179393652079,0.200455257169533
microsoft-sat14-tx,2024-06-09,1,44.74211106258649,0.4891799050081207,0.9689027913795872,0.1654382019851072
microsoft-sat14-tx,2024-06-09,2,45.68673182160378,0.4191534257653577,0.9685626755686604,0.1894369693402239
microsoft-sat14-tx,2024-06-09,3,45.35825524039888,0.4235195550629093,0.9692052199061928,0.1719956389804656
microsoft-sat14-tx,2024-06-09,4,46.374707881908755,0.4327638646591225,0.971166205825769,0.168507740000019
microsoft-sat14-tx,2024-06-25,0,47.4211342149557,0.465174172552989,0.9650283117671828,0.2096112241779117
microsoft-sat14-tx,2024-06-25,1,46.169270544169635,0.5256089488999941,0.9696840159770034,0.1683973539825044
microsoft-sat14-tx,2024-06-25,2,46.68662802824098,0.4587243309290753,0.9686936906986962,0.1967686312343087
microsoft-sat14-tx,2024-06-25,3,47.07612707162632,0.4731378156294449,0.9690426433987878,0.1751905628466182
microsoft-sat14-tx,2024-06-25,4,47.212151845020415,0.4762828319782005,0.9704847103893426,0.1782159863131464
microsoft-sat14-tx,2024-07-11,2,-6.282428649999981,0.3695518396635368,0.9657500000000002,0.1921632454166667
microsoft-sat14-tx,2024-07-11,3,6.59685133707319,0.358171806471716,0.969578048780488,0.1560618804878049
microsoft-sat14-tx,2024-07-11,4,-1.86892707999998,0.3518612149911496,0.9631882352941176,0.1798128786764705
microsoft-sat14-tx,2024-07-27,0,38.90756180844627,0.5641329048194895,0.9639681353297342,0.1545011633560382
microsoft-sat14-tx,2024-07-27,1,36.98427083736591,0.612014307886723,0.9664738534973396,0.1744991512612447
microsoft-sat14-tx,2024-07-27,2,42.42728670341419,0.4875722471022097,0.9698321766762256,0.2090056255074333
microsoft-sat14-tx,2024-07-27,3,43.06792772292649,0.5184244914078349,0.9706755816820422,0.1773697282494884
microsoft-sat14-tx,2024-07-27,4,41.3263558278694,0.4889842571405203,0.9696188905391172,0.1938793145124146
microsoft-sat14-tx,2024-08-12,0,44.138235726916115,0.4497956416699681,0.9638933607863968,0.1564595737352418
microsoft-sat14-tx,2024-08-12,1,45.6531411020116,0.4740269573768433,0.9678762343183854,0.1473529446584359
microsoft-sat14-tx,2024-08-12,2,45.7648664131468,0.4228434445536588,0.9684469756842574,0.1902371326057121
microsoft-sat14-tx,2024-08-12,3,46.482824774888755,0.4324927259782338,0.9692060740136504,0.1704963440063281
microsoft-sat14-tx,2024-08-12,4,47.54147403302384,0.4352617307057397,0.9703922904200352,0.1751008822434698
microsoft-sat14-tx,2024-08-28,1,35.14115273969638,0.4430976560024331,0.9690269588638588,0.1579982017464495
microsoft-sat14-tx,2024-08-28,2,42.81811743656736,0.4036898738632803,0.970167748917749,0.1724394787896156
microsoft-sat14-tx,2024-08-28,3,42.44704101532709,0.4072425202109438,0.9681303364543268,0.1824335271937458
microsoft-sat14-tx,2024-08-28,4,43.79491055638097,0.4418700106838216,0.9694029564577488,0.1825607670764277
microsoft-sat14-tx,2024-09-13,0,41.51315273845345,0.4200613734429216,0.9636920344874744,0.1937972147006997
microsoft-sat14-tx,2024-09-13,1,41.816611358111544,0.4776594412748327,0.9690495501827412,0.1629931369167543
microsoft-sat14-tx,2024-09-13,2,43.551409848310975,0.4259704474071421,0.96861575835364,0.1759917581978189
microsoft-sat14-tx,2024-09-13,3,43.85673500056583,0.4423904841629957,0.9692713676084568,0.158681693667461
microsoft-sat14-tx,2024-09-13,4,44.17548022428226,0.4451181584266656,0.9703929064960966,0.1619007638767912
microsoft-sat14-tx,2024-09-29,0,42.296444210553965,0.4337721358587983,0.9641676208752864,0.1787713430151701
microsoft-sat14-tx,2024-09-29,1,42.19858058349717,0.4771414861273789,0.9689652425915952,0.1499185267753019
microsoft-sat14-tx,2024-09-29,2,42.55737394785193,0.4025627231336391,0.9684847397535478,0.1759989452983524
microsoft-sat14-tx,2024-09-29,3,43.06484250266308,0.4214558231720803,0.9691614325098096,0.1548510107817738
microsoft-sat14-tx,2024-09-29,4,43.39735570774367,0.4203532519614058,0.9703644635057078,0.1575707023798424
microsoft-sat14-tx,2024-10-15,0,39.98502355954713,0.4154144745774975,0.9641726806120886,0.1744903588328648
microsoft-sat14-tx,2024-10-15,1,39.93042929470637,0.4491787185726372,0.968900118352186,0.1467638446152491
microsoft-sat14-tx,2024-10-15,2,40.317276628560386,0.3758835792846501,0.9684174195827144,0.1725472495619741
microsoft-sat14-tx,2024-10-15,3,40.875148376249015,0.3934218303692231,0.9690851782589072,0.1520097555609862
microsoft-sat14-tx,2024-10-15,4,41.15837380958261,0.3916629418558158,0.9704359615211172,0.1550393630243937
microsoft-sat14-tx,2024-10-31,1,33.73268007295592,0.3920153083707709,0.9667023284755886,0.1731295331435371
microsoft-sat14-tx,2024-10-31,2,34.42351563489462,0.3737122548569392,0.9686569247190404,0.2056831772305631
microsoft-sat14-tx,2024-10-31,3,35.81520434204917,0.3889737260701513,0.9675718951507688,0.1701196896729948
microsoft-sat14-tx,2024-10-31,4,38.19271252082876,0.3657806509876829,0.9686610471649482,0.1610278343002448
microsoft-sat14-tx,2024-11-16,0,26.71745755369862,0.4330566653588554,0.9642016460098708,0.1699046705900976
microsoft-sat14-tx,2024-11-16,1,26.741889405643775,0.4628294761519675,0.9690241815239946,0.1393328245608585
microsoft-sat14-tx,2024-11-16,2,27.27082445575976,0.3918805288019851,0.9685809611904332,0.16309069997793
microsoft-sat14-tx,2024-11-16,3,27.61202732459857,0.4129549572286087,0.969235476844038,0.1440510517181839
microsoft-sat14-tx,2024-11-16,4,27.305602161566977,0.403324880533426,0.970408949417352,0.1470586413258464
microsoft-sat14-tx,2024-12-02,0,15.776550430430486,0.4461670560546079,0.9642177263271398,0.1485086767858835
microsoft-sat14-tx,2024-12-02,1,15.705895760053412,0.4614386737469817,0.9699984806997454,0.137976056477784
microsoft-sat14-tx,2024-12-02,2,16.57762029115511,0.3774143889866031,0.9678835761802642,0.1590086015523666
microsoft-sat14-tx,2024-12-02,3,16.611956126281964,0.3880006675847012,0.9690352825221228,0.153042937012034
microsoft-sat14-tx,2024-12-02,4,17.384666816690874,0.3874682301167246,0.9703033404059004,0.153351495892242
microsoft-sat14-tx,2024-12-18,1,-2.2038355942857004,-0.0304078692301509,0.9915,0.7083888107142856
microsoft-sat14-tx,2024-12-18,3,2.4622562387552893,-0.0093382743221424,0.9915,0.6291515477424916
microsoft-sat14-tx,2024-12-18,4,2.8918371344454012,-0.032878750858699,0.9915,0.7350417844288858
microsoft-sat14-tx,2025-01-03,0,20.348133111890203,0.6228784852111815,0.9635690530898536,0.0497931977080057
microsoft-sat14-tx,2025-01-03,1,21.23863842802678,0.428209297081031,0.9656742608129032,0.1238107589173425
microsoft-sat14-tx,2025-01-03,2,21.78700767384179,0.357328859917813,0.9686275501864468,0.1518493495665682
microsoft-sat14-tx,2025-01-03,3,22.86395131251845,0.383253384692545,0.9687252499901264,0.1381307605263399
microsoft-sat14-tx,2025-01-03,4,23.431356796149583,0.3954141242205539,0.9704178060417188,0.1318700073949997
microsoft-sat14-tx,2025-01-19,0,9.863136212576338,0.4014677325537507,0.9641250060397736,0.1584784003782951
microsoft-sat14-tx,2025-01-19,1,9.926934404670565,0.4131195118417105,0.9686393433656698,0.1286280187552813
microsoft-sat14-tx,2025-01-19,2,10.586549020328496,0.3285496697650784,0.968068714118841,0.1550303760570822
microsoft-sat14-tx,2025-01-19,3,10.981708209899578,0.3428967610346878,0.9686572754766442,0.1355611376705078
microsoft-sat14-tx,2025-01-19,4,11.158802375671348,0.3464905852469598,0.9703454835575294,0.1349415422587281
microsoft-sat14-tx,2025-02-04,0,28.30380529950111,0.4403200438438036,0.9631544809755106,0.1489031079044232
microsoft-sat14-tx,2025-02-04,1,28.73100914864727,0.4290301699671379,0.9700678943191904,0.1433289419734825
microsoft-sat14-tx,2025-02-04,2,27.70672106707013,0.3694642850780182,0.9701882791297304,0.1781811624558419
microsoft-sat14-tx,2025-02-04,3,29.087599995245377,0.349201167725381,0.9669334335447812,0.1621129992473365
microsoft-sat14-tx,2025-02-04,4,29.86669208358211,0.280694773878902,0.9672166821440396,0.1658371609857412
microsoft-sat14-tx,2025-03-08,0,36.88151795652204,0.3514668109349878,0.9641155826218524,0.1697245257810569
microsoft-sat14-tx,2025-03-08,1,37.15311365794438,0.363137400529368,0.9684933583002272,0.1438424312086013
microsoft-sat14-tx,2025-03-08,2,37.54175684494938,0.294943118927323,0.9679768004375234,0.1671147254890008
microsoft-sat14-tx,2025-03-08,3,38.1136007070821,0.3077092500700442,0.9686493567612648,0.147594234809352
microsoft-sat14-tx,2025-03-08,4,38.579592963482426,0.3065048660147902,0.9703740479974428,0.1477794558035842
microsoft-sat14-tx,2025-03-24,0,37.75083328069817,0.326347118529852,0.9641258552550585,0.1774766989001683
microsoft-sat14-tx,2025-03-24,1,37.68731238192742,0.3553646150599748,0.9684422736077682,0.1523081641264728
microsoft-sat14-tx,2025-03-24,2,38.11010238992042,0.3033180266875794,0.9680464342561748,0.1736982392908526
microsoft-sat14-tx,2025-03-24,3,38.18985105576779,0.312668579458931,0.9687273171775668,0.154469096416336
microsoft-sat14-tx,2025-03-24,4,38.299446256248665,0.3058826383693576,0.9699000730232328,0.1574647309248809
microsoft-sat14-tx,2025-04-09,0,35.80780938640305,0.363534507623468,0.9641565751507636,0.1859453257470061
microsoft-sat14-tx,2025-04-09,1,35.82609575289563,0.418793410305002,0.968555984685624,0.158173476383152
microsoft-sat14-tx,2025-04-09,2,35.89700223690254,0.3796383139473452,0.9683569827034292,0.178938149658893
microsoft-sat14-tx,2025-04-09,3,36.28401874172263,0.3957040746460109,0.9692662398359284,0.1606683944504945
microsoft-sat14-tx,2025-04-09,4,36.64732297068414,0.4121681794269161,0.9709478592132972,0.1598484204634359
microsoft-sat14-tx,2025-04-25,0,36.79717628648254,0.479605982344185,0.9641442355734272,0.2246826384564412
microsoft-sat14-tx,2025-04-25,1,36.99100518631201,0.5657543306471498,0.969727086490756,0.1756665510167556
microsoft-sat14-tx,2025-04-25,2,38.30845722567452,0.5079760124900745,0.9677157467191504,0.1864943473021971
microsoft-sat14-tx,2025-04-25,3,37.3112345786654,0.528936124794647,0.9692875142660364,0.1692011263504145
microsoft-sat14-tx,2025-04-25,4,35.77211128696541,0.4773429761412909,0.9698470247014472,0.1789287304518197
microsoft-sat14-tx,2025-05-11,0,39.331739224064584,0.4684112606910104,0.964174364000198,0.2061175014967703
microsoft-sat14-tx,2025-05-11,1,39.14506463815534,0.5147498289734005,0.96915021976436,0.1738347118949983
microsoft-sat14-tx,2025-05-11,2,39.70537715633684,0.4459671754483296,0.9687431538349026,0.1948541036889868
microsoft-sat14-tx,2025-05-11,3,40.12522340818949,0.4576712645058682,0.9695425972435612,0.175689341156335
microsoft-sat14-tx,2025-05-11,4,38.643143223335834,0.4578181090823305,0.971071406962532,0.1773389147380628
microsoft-sat14-tx,2025-05-27,0,41.99755582020908,0.4603596132748104,0.9641936028516834,0.1900402524205828
microsoft-sat14-tx,2025-05-27,1,42.03958769919472,0.49799931618998,0.9689830735105338,0.1651425518746895
microsoft-sat14-tx,2025-05-27,2,42.72216048026009,0.434333238369006,0.9686207970801176,0.1785090286645689
microsoft-sat14-tx,2025-05-27,3,43.2138492585398,0.4425048686838796,0.969521306658708,0.1654585411931972
microsoft-sat14-tx,2025-05-27,4,44.12181518255217,0.4534810110179461,0.9711136618136188,0.1634624282036452
microsoft-sat14-tx,2025-06-28,0,44.764223817297,0.4865977935211733,0.9643151878648178,0.2252165722125947
microsoft-sat14-tx,2025-06-28,1,43.0153156250827,0.5385612855280354,0.9695702539149852,0.1925121628141028
microsoft-sat14-tx,2025-06-28,2,43.52150473808798,0.5072879813592548,0.969521046298926,0.1972544169764052
microsoft-sat14-tx,2025-06-28,3,43.95692831365553,0.4854980447284964,0.9692807776945666,0.1913382312954245
microsoft-sat14-tx,2025-06-28,4,43.81445564279229,0.4958702111899593,0.970144181598284,0.1889875600636797
microsoft-sat14-tx,2025-07-30,0,48.45963561775489,0.4533065119549208,0.9641589865028074,0.1944284241457134
microsoft-sat14-tx,2025-07-30,1,48.29479402453674,0.5052626162469682,0.969053024969426,0.1654330599516678
microsoft-sat14-tx,2025-07-30,2,48.92118780356835,0.4296924243320574,0.9686324685480524,0.1866148913276488
microsoft-sat14-tx,2025-07-30,3,49.77594846613559,0.4425901293367432,0.9692505325918994,0.1675124391609232
microsoft-sat14-tx,2025-07-30,4,50.033437656656155,0.4366623196523874,0.9704620888327216,0.1717892777237488
microsoft-sat14-tx,2025-08-15,0,44.72286058265657,0.428941105202806,0.9645795615213908,0.2205830433817073
microsoft-sat14-tx,2025-08-15,1,46.850376573168575,0.4878156244559241,0.9679871480619672,0.1889912604807448
microsoft-sat14-tx,2025-08-15,2,45.0110693762265,0.4205784124136517,0.968416631160742,0.2058781200114239
microsoft-sat14-tx,2025-08-15,3,47.29256484815651,0.4136936752259734,0.9701739720354152,0.1850738351147018
microsoft-sat14-tx,2025-08-15,4,47.19813274021856,0.4141977700423995,0.9704359616125876,0.1932465394813498
microsoft-sat14-tx,2025-08-31,0,47.43249601403989,0.4370237096283447,0.9641644806476436,0.1863931889905484
microsoft-sat14-tx,2025-08-31,1,47.32688526366718,0.4803507281122414,0.96898801741099,0.1582745843884124
microsoft-sat14-tx,2025-08-31,2,48.3708338837087,0.4089573373366709,0.9685720518726808,0.179719677757942
microsoft-sat14-tx,2025-08-31,3,49.13381961051733,0.4186767936688413,0.969137551950002,0.1608895427102597
microsoft-sat14-tx,2025-08-31,4,50.22508720106793,0.4051547502485576,0.9703078237351564,0.16513558297935
microsoft-sat14-tx,2025-09-16,0,37.55513295518061,0.4475822211274128,0.9642240533272008,0.1950582331979773
microsoft-sat14-tx,2025-09-16,1,36.53587888063163,0.5023810549154908,0.9691347700909128,0.1641012761325753
microsoft-sat14-tx,2025-09-16,2,33.98056541323896,0.4309675259291866,0.9689143347875764,0.1853590061132272
microsoft-sat14-tx,2025-09-16,3,36.23577134712609,0.4277820324993641,0.9685818716079808,0.1721795450665253
microsoft-sat14-tx,2025-09-16,4,38.26086670605072,0.4078082470268247,0.9697162552839332,0.175520297615294
microsoft-sat14-tx,2025-10-02,0,41.523843292198514,0.4497756749737608,0.9641733556994944,0.1759456010322092
microsoft-sat14-tx,2025-10-02,1,41.530057020364914,0.4930956043298374,0.9690019117144368,0.147843567265586
microsoft-sat14-tx,2025-10-02,2,42.16417045121646,0.4213854377746386,0.9686104645867696,0.169041179146645
microsoft-sat14-tx,2025-10-02,3,42.90691066109606,0.4294808067492668,0.9692006858895384,0.1525442259101857
microsoft-sat14-tx,2025-10-02,4,43.51511466841181,0.4111627282515621,0.9703451705918392,0.1569036097079904
microsoft-sat14-tx,2025-11-03,0,28.159016490294253,0.4569930451034352,0.9641320732613398,0.1668925639705943
microsoft-sat14-tx,2025-11-03,1,28.26900347388588,0.5011405570301778,0.9688612284926442,0.1370817066851018
microsoft-sat14-tx,2025-11-03,2,28.86220012920232,0.4175220688084003,0.9683965510403691,0.159626595524985
microsoft-sat14-tx,2025-11-03,3,29.424732852331815,0.4311640740275077,0.9690341398739168,0.1434015466177878
microsoft-sat14-tx,2025-11-03,4,29.77040939075702,0.4148275444698534,0.9702242318138098,0.1470793961060092
microsoft-sat14-tx,2025-12-21,0,23.490924108454923,0.4405880810217352,0.9641363047511357,0.1511332106971839
microsoft-sat14-tx,2025-12-21,1,23.61411276237912,0.4547207956211158,0.9687761341831208,0.1224423191253675
microsoft-sat14-tx,2025-12-21,2,23.963615950564552,0.3685086250892339,0.9682690799985544,0.1445278315335047
microsoft-sat14-tx,2025-12-21,3,24.29479267118909,0.3808962533094648,0.9687865443669452,0.1286272210782776
microsoft-sat14-tx,2025-12-21,4,24.546924843250252,0.3769976269335512,0.9703790113488135,0.1288269388471393
microsoft-sat14-tx,2026-01-06,2,-5.257592319999958,0.5964204564165049,0.9579,0.142360585
microsoft-sat14-tx,2026-01-06,3,-15.280594167999984,0.2020373728982233,0.96792,0.1890761824999999
microsoft-sat14-tx,2026-01-06,4,-26.750102079999976,0.3650559990998888,0.9588,0.32833423
microsoft-sat14-tx,2026-01-22,0,22.334161745315843,0.3905797676086611,0.9641154818829492,0.1505843638601232
microsoft-sat14-tx,2026-01-22,1,22.91186538899388,0.3820840668141071,0.9680017136867972,0.1721041622879623
microsoft-sat14-tx,2026-01-22,2,22.263086825005644,0.3219423457574626,0.967970361268998,0.175373398572366
microsoft-sat14-tx,2026-01-22,3,22.26679584427701,0.3086967854386808,0.968571520940214,0.191517410819267
microsoft-sat14-tx,2026-01-22,4,22.250097150680933,0.3136753509790588,0.9700699692515052,0.1915773550676625
microsoft-sat14-tx,2026-02-07,0,29.155221002354125,0.3822211681223942,0.9641137989506716,0.1578023593923417
microsoft-sat14-tx,2026-02-07,1,29.454824725612,0.3919612455156845,0.968691244217229,0.129127635761598
microsoft-sat14-tx,2026-02-07,2,29.85096518919932,0.3016326484702042,0.9680589717753776,0.1530639108207515
microsoft-sat14-tx,2026-02-07,3,30.504536988341496,0.3080671406459853,0.9686666994576224,0.136186858579872
microsoft-sat14-tx,2026-02-07,4,30.968688896992436,0.3066337959189923,0.9700163851701092,0.1379738958974526
microsoft-sat14-tx,2026-02-23,0,23.295939668394656,0.3760262503283343,0.9641103369055354,0.1608516562820847
microsoft-sat14-tx,2026-02-23,1,23.578144793633214,0.3865765005778376,0.9685922867495712,0.1337173286285466
microsoft-sat14-tx,2026-02-23,2,24.36667131961968,0.3050667960526588,0.9680348630166876,0.1570040969142029
microsoft-sat14-tx,2026-02-23,3,25.043138836868135,0.3082674468069786,0.9686363046098588,0.140287467294464
microsoft-sat14-tx,2026-02-23,4,25.3471700359244,0.3025160713665616,0.9699167060586324,0.1435233455580605
microsoft-sat14-tx,2026-03-11,0,31.06914804690297,0.397040193500675,0.9641211825197464,0.1575234915507296
microsoft-sat14-tx,2026-03-11,1,31.324041849439357,0.4200701776162435,0.968675525558149,0.1313040600141255
microsoft-sat14-tx,2026-03-11,2,31.556290273930315,0.3457092150952501,0.9682052200829064,0.1502071965290437
microsoft-sat14-tx,2026-03-11,3,32.177050371642444,0.3480549562102162,0.9688117467009169,0.1367320899640642
microsoft-sat14-tx,2026-03-11,4,32.10701075626461,0.343973091032704,0.9701296894459714,0.1383794904365396
microsoft-sat14-tx,2026-03-27,0,39.602312263645125,0.3768969382498174,0.9641359724495026,0.1799651709517204
microsoft-sat14-tx,2026-03-27,1,39.346086536627794,0.4237394938274062,0.9686381794425764,0.1490496893171162
microsoft-sat14-tx,2026-03-27,2,40.0712037794916,0.3658864753798443,0.9683282191125256,0.1753633636917289
microsoft-sat14-tx,2026-03-27,3,40.67410873573056,0.3784270373869056,0.9689372947648072,0.1572003522184369
microsoft-sat14-tx,2026-03-27,4,40.70886202025904,0.3669323321919499,0.9703292634842636,0.1633723964086797
microsoft-sat14-tx,2026-05-14,0,40.724667591247595,0.478450892374171,0.964168356588367,0.1927217611883884
microsoft-sat14-tx,2026-05-14,1,40.34095277550129,0.5389405774738671,0.969049416063386,0.164485594840384
microsoft-sat14-tx,2026-05-14,2,40.87582592960682,0.4676721826784754,0.968673552033146,0.1852694121749278
microsoft-sat14-tx,2026-05-14,3,41.4788759361759,0.4877324137152601,0.9692963958761912,0.1687013796760031
microsoft-sat14-tx,2026-05-14,4,41.761371328243065,0.4889305380589416,0.971076066856756,0.1696576231608083
microsoft-sat14-tx,2026-05-30,3,18.20432621706288,0.5273110048110393,0.9712148531601744,0.1633613844321013
microsoft-sat14-tx,2026-05-30,4,20.31841920166798,0.5065185108099363,0.97350205626987,0.1576855417964201
microsoft-sat14-tx,2026-07-01,0,43.78366589089357,0.5017209304560469,0.9636714392464862,0.2125804717503269
microsoft-sat14-tx,2026-07-01,1,41.84009897502271,0.524241166908182,0.9673335434112624,0.1892506322750565
microsoft-sat14-tx,2026-07-01,2,43.03350231347619,0.4869331864722422,0.9685204721178512,0.1967496365518229
microsoft-sat14-tx,2026-07-01,3,44.395698431861796,0.4936190018452016,0.9694546931144952,0.182621971424898
microsoft-sat14-tx,2026-07-01,4,44.39269339273307,0.5026423572012152,0.9705427100242702,0.1842444659307692
microsoft-sat14-tx,2026-07-17,0,35.605960874111766,0.4730392706190624,0.965172536434037,0.1500095171905856
microsoft-sat14-tx,2026-07-17,1,34.76086153815387,0.4644033709671831,0.9687486641279202,0.1855093378979596
microsoft-sat14-tx,2026-07-17,2,34.94657590353386,0.4312904255898639,0.9680601985864296,0.1964990181227001
microsoft-sat14-tx,2026-07-17,3,35.83929566017333,0.4426785597378793,0.9691350190490416,0.1789109945415784
microsoft-sat14-tx,2026-07-17,4,34.99425738602721,0.4535423429434816,0.9703754651313062,0.1806564397729488
microsoft-sat14-tx,2026-08-02,0,42.00653920234522,0.498677089972491,0.964214314040995,0.1949683540647465
microsoft-sat14-tx,2026-08-02,1,41.62228861904478,0.554991738865375,0.969144595224894,0.1664051126619365
microsoft-sat14-tx,2026-08-02,2,42.61298013672223,0.482695154066459,0.9688329572709276,0.1888854751177134
microsoft-sat14-tx,2026-08-02,3,42.55263649232601,0.5018309324409411,0.969464742470603,0.1712577963546638
microsoft-sat14-tx,2026-08-02,4,42.126417708783784,0.5101416385424631,0.9718738137375552,0.1594550478142179
microsoft-sat14-tx,2026-08-18,0,47.26336032393769,0.4620589452866169,0.9641780311697996,0.1871776986059854
microsoft-sat14-tx,2026-08-18,1,46.860335667692326,0.5171184222504691,0.9691137366018204,0.1581605938977371
microsoft-sat14-tx,2026-08-18,2,47.62086135432472,0.4391971900741097,0.9686938361973176,0.1786799966904767
microsoft-sat14-tx,2026-08-18,3,47.91226658320701,0.45807522190591,0.9693188577364688,0.1621578910156242
microsoft-sat14-tx,2026-08-18,4,48.27446893006376,0.4491680303198876,0.970483450032242,0.1676097331503288
microsoft-sat14-tx,2026-09-03,0,48.00392797933779,0.4650411458885702,0.9641887765009388,0.1805161921759833
microsoft-sat14-tx,2026-09-03,1,47.76751308783741,0.5163378611758201,0.969080610296186,0.1536751391587004
microsoft-sat14-tx,2026-09-03,2,48.555236652395095,0.4400113077829652,0.9686967994120712,0.1737289556739679
microsoft-sat14-tx,2026-09-03,3,48.99082512669561,0.4632706939495767,0.9693379913120213,0.1581799290851773
microsoft-sat14-tx,2026-09-03,4,49.29314153876639,0.4590121241492497,0.9705165227746526,0.1623381095248789
microsoft-sat14-tx,2026-09-19,0,42.39874365659868,0.4864000544321979,0.9641852720634128,0.1806055776588236
microsoft-sat14-tx,2026-09-19,1,42.47561256760843,0.5330488061220928,0.9691203085664816,0.1542344886014768
microsoft-sat14-tx,2026-09-19,2,43.11531426285873,0.4532328816367051,0.96925239435655,0.1707666535824395
microsoft-sat14-tx,2026-09-19,3,42.693565564972566,0.4975042982081612,0.9702356335394948,0.1520307816037309
microsoft-sat14-tx,2026-09-19,4,42.998977591158,0.4545707549001523,0.9698716696329844,0.1743208940846977
microsoft-sat14-tx,2021-12-10,1,21.69083692000001,0.4952898131357653,0.9656666666666668,0.1551813844444444
microsoft-sat14-tx,2021-12-10,3,24.846649222790745,0.4692373421609668,0.9706335157318756,0.1565240402770177
microsoft-sat14-tx,2021-12-10,4,24.00121238254748,0.3780647647195965,0.9718908272793548,0.1845319741529751
microsoft-sat14-tx,2022-02-12,3,16.904835661236394,0.3312108308210744,0.9680377789019856,0.1330328496701983
microsoft-sat14-tx,2022-02-12,4,17.570051585531097,0.3168149333082901,0.9689099036795406,0.1360358504430441
microsoft-sat14-tx,2022-02-28,0,23.41162313324206,0.4058909561435027,0.9641440710430096,0.1467696558156611
microsoft-sat14-tx,2022-02-28,1,23.697062717543265,0.4044638535470897,0.9683129299577398,0.1333735203774273
microsoft-sat14-tx,2022-02-28,2,24.410406703571272,0.3428795147947223,0.967842134577506,0.1449936345349732
microsoft-sat14-tx,2022-02-28,3,24.94050938482243,0.3338604500592942,0.968419089509314,0.1398059801149696
microsoft-sat14-tx,2022-02-28,4,25.48218679101752,0.3249014991312198,0.9695932063811086,0.1403923580611543
microsoft-sat14-tx,2022-04-01,0,34.11566112398391,0.3368289633837199,0.9640929697008388,0.1851630212827342
microsoft-sat14-tx,2022-04-01,1,34.878860308937874,0.3786215864429416,0.9680843760164186,0.1532920143791624
microsoft-sat14-tx,2022-04-01,2,35.268966119258316,0.3528049982992209,0.96780019193037,0.1628319814050589
microsoft-sat14-tx,2022-04-01,3,35.87582239825098,0.3432644138686794,0.9684255696794044,0.156833797545154
microsoft-sat14-tx,2022-04-01,4,36.29812767748817,0.3434399415753913,0.9699397209409398,0.1557942098393969
microsoft-sat14-tx,2022-05-19,0,45.48231382963127,0.3737848343526488,0.9640989502185724,0.2126680071234025
microsoft-sat14-tx,2022-05-19,1,46.80909691481136,0.4419098587534518,0.9683503678945052,0.1640242591218199
microsoft-sat14-tx,2022-05-19,2,47.07239939006246,0.4182779354752703,0.9681735906585054,0.1719575346136277
microsoft-sat14-tx,2022-05-19,3,47.55467128275916,0.4149880579238222,0.9687059139917112,0.166604906901499
microsoft-sat14-tx,2022-05-19,4,48.158190976276934,0.4194243094824391,0.9703447960295636,0.1650111769222606
microsoft-sat14-tx,2022-06-04,0,51.26055827331451,0.3877090987700218,0.9640741989889654,0.2178407899881713
microsoft-sat14-tx,2022-06-04,1,52.33225314211034,0.4560428648138582,0.968407071808939,0.1663860100126442
microsoft-sat14-tx,2022-06-04,2,52.89748901244777,0.4280590636503301,0.9682198634629456,0.1745685467680142
microsoft-sat14-tx,2022-06-04,3,53.54348668776922,0.4237002557704114,0.96885270191923,0.1692858919124189
microsoft-sat14-tx,2022-06-04,4,53.72479195756999,0.4276753700998794,0.9699740757203336,0.1707848405336439
microsoft-sat14-tx,2022-06-20,0,49.40533294388468,0.3699836557319814,0.9640775958501052,0.2288205722849842
microsoft-sat14-tx,2022-06-20,1,50.05305145575447,0.4333182995787316,0.9683318555769144,0.1731806305257975
microsoft-sat14-tx,2022-06-20,2,50.29632764651235,0.4040426748600931,0.968127237564962,0.1813767328352763
microsoft-sat14-tx,2022-06-20,3,50.76220910440473,0.3973387399682653,0.9686936545490752,0.1767857116679723
microsoft-sat14-tx,2022-06-20,4,51.39751780751453,0.3976252351189548,0.9701235786529996,0.1734440355273309
microsoft-sat14-tx,2022-07-06,0,50.90937615101056,0.3979366642387422,0.9640720055246864,0.2209077901900362
microsoft-sat14-tx,2022-07-06,1,51.64284447739657,0.462779562217027,0.9683882058021476,0.1705156036649865
microsoft-sat14-tx,2022-07-06,2,51.92976708631957,0.4315695229018134,0.9681935762262164,0.178721133675674
microsoft-sat14-tx,2022-07-06,3,53.33775573260971,0.4133871166115919,0.9687711736494882,0.1724136747142257
microsoft-sat14-tx,2022-07-06,4,54.14302154039167,0.4063616346010942,0.9699562912706484,0.1737374235326207
microsoft-sat14-tx,2022-07-22,0,38.02973740168307,0.3166780116990213,0.9623607726252228,0.2810997686250676
microsoft-sat14-tx,2022-07-22,1,39.66142223836417,0.4611012214954553,0.9709417118946022,0.2053266595045469
microsoft-sat14-tx,2022-07-22,2,42.91116012486238,0.4050699575341672,0.9670961681174122,0.2015416238851538
microsoft-sat14-tx,2022-07-22,3,44.16635950658313,0.4034208825942013,0.9685205193444424,0.1896472362184481
microsoft-sat14-tx,2022-07-22,4,44.467593669910464,0.3906747933824711,0.9693007648643986,0.1860650113115915
microsoft-sat14-tx,2022-08-07,1,42.290814481227294,0.5607714712644517,0.979651691919192,0.1745034295486111
microsoft-sat14-tx,2022-08-07,2,49.27349878378496,0.4061581416028769,0.9669926268499688,0.1980718240248614
microsoft-sat14-tx,2022-08-07,3,49.71227637952366,0.4029981398136764,0.9683747603905442,0.180257402491035
microsoft-sat14-tx,2022-08-07,4,51.43950977424384,0.3800103137268042,0.9693313557003818,0.1810314886053397
microsoft-sat14-tx,2022-09-08,0,41.86941777125173,0.3881384677688851,0.9641340829528704,0.2248008924839923
microsoft-sat14-tx,2022-09-08,1,42.80205423554133,0.4568160037093851,0.9677120845098446,0.1779354372917253
microsoft-sat14-tx,2022-09-08,2,43.04325746439642,0.4429810104319673,0.9680596908495244,0.1731977662324831
microsoft-sat14-tx,2022-09-08,3,45.54845840424463,0.4054795419578236,0.9678295030726948,0.1694675612825879
microsoft-sat14-tx,2022-09-08,4,47.37881168070365,0.4091630499245542,0.9690830601882012,0.1652228384609813
microsoft-sat14-tx,2022-09-24,2,40.6220689786762,0.2540508725820863,0.9683361507128307,0.2039353437245417
microsoft-sat14-tx,2022-09-24,3,41.047443011486926,0.4631896155084246,0.969410805102571,0.1669396973781583
microsoft-sat14-tx,2022-09-24,4,40.04199912258789,0.4000411556886085,0.9688128541897087,0.1390662015588971
microsoft-sat14-tx,2022-10-10,0,36.173643423661474,0.3543612855570666,0.96539107378382,0.1835903669144538
microsoft-sat14-tx,2022-10-10,1,36.92424564177937,0.4172210663437039,0.9688388524903262,0.1637424610108133
microsoft-sat14-tx,2022-10-10,2,38.976794706960995,0.3933720268778448,0.9680515340235708,0.1674665537764476
microsoft-sat14-tx,2022-10-10,3,39.88192813038564,0.38839201993358,0.9686349884248008,0.1552871711828259
microsoft-sat14-tx,2022-10-10,4,40.279437706365975,0.3776459832920755,0.9697470080043684,0.1609569440222017
microsoft-sat14-tx,2022-10-26,0,30.608520164159696,0.3942099074100825,0.9640559055873612,0.1927012556418453
microsoft-sat14-tx,2022-10-26,1,31.32816224592256,0.446964511541651,0.9683401185041176,0.1466890755494223
microsoft-sat14-tx,2022-10-26,2,31.803162766696648,0.4094669729870404,0.9680928379266652,0.1582810302841309
microsoft-sat14-tx,2022-10-26,3,32.47987540867351,0.4016952572405015,0.9686819671721252,0.149972554336712
microsoft-sat14-tx,2022-10-26,4,33.07676874690796,0.3912427575601158,0.9698368684067172,0.1510753187560681
microsoft-sat14-tx,2022-11-27,0,23.17803434348696,0.4134386173943325,0.9640809875439932,0.1516012548688066
microsoft-sat14-tx,2022-11-27,1,23.768144736280767,0.4464917856539425,0.968295769099297,0.1281251097764223
microsoft-sat14-tx,2022-11-27,2,23.92131258933823,0.4050632656367133,0.9680224753724478,0.1386810088343484
microsoft-sat14-tx,2022-11-27,3,24.193484740979592,0.3994703352849759,0.9686173043498796,0.1319062416301678
microsoft-sat14-tx,2022-11-27,4,24.42443771731786,0.3890834729348188,0.969735435508284,0.1315699539834461
microsoft-sat14-tx,2022-12-13,0,16.287895258547547,0.575068523215493,0.9670274369189912,0.0682007345389868
microsoft-sat14-tx,2022-12-13,1,15.971229664914818,0.6301627874596922,0.9673961571414968,0.0736841811818931
microsoft-sat14-tx,2022-12-13,2,15.747594681911352,0.5940288110496516,0.9648260703306586,0.0706184765358455
microsoft-sat14-tx,2022-12-13,3,15.201733334116888,0.5836389821830968,0.9660878676126088,0.074608839467965
microsoft-sat14-tx,2022-12-13,4,16.12905688245267,0.5723242151565004,0.97038046616824,0.0835673445685382
microsoft-sat14-tx,2023-01-14,0,18.762151989508418,0.358403864414607,0.9638659064384066,0.1667983849313831
microsoft-sat14-tx,2023-01-14,1,19.56206656490577,0.3854278874579999,0.967975043756376,0.1275530552224873
microsoft-sat14-tx,2023-01-14,2,20.160673963552473,0.3304365923867175,0.9675568809079618,0.138935945002579
microsoft-sat14-tx,2023-01-14,3,20.533432393958428,0.3209640607026978,0.9683154766247796,0.1321356436956698
microsoft-sat14-tx,2023-01-14,4,20.90869675684108,0.3145621271068926,0.9694709997249856,0.1335249678053979
microsoft-sat14-tx,2023-02-15,1,18.529548200000026,0.8555039285448618,0.9633,0.0123916891666666
microsoft-sat14-tx,2023-02-15,4,21.656917262310817,0.474904886709402,0.970797185480037,0.0634199474888922
microsoft-sat14-tx,2023-03-03,0,27.141843380326883,0.3556368782041708,0.9633584245021576,0.1771927580370843
microsoft-sat14-tx,2023-03-03,1,28.239588227559583,0.3986785411930935,0.9680507486177248,0.1401312787070151
microsoft-sat14-tx,2023-03-03,2,28.54027292973231,0.3683355421352407,0.9677461753519212,0.1505701469793596
microsoft-sat14-tx,2023-03-03,3,28.96710602831107,0.3652234841601878,0.968457627696715,0.1418546996540264
microsoft-sat14-tx,2023-03-03,4,29.13282512300485,0.3635893880317759,0.9699456504665152,0.1415669120282487
microsoft-sat14-tx,2023-04-04,0,29.99928398000003,0.3832259491189804,0.9607,0.203809115
microsoft-sat14-tx,2023-04-04,1,33.026579138637764,0.4601550293649075,0.9715465664037968,0.2003550129710145
microsoft-sat14-tx,2023-04-04,2,36.57134620727041,0.418881519015094,0.96644149019891,0.1926679877285223
microsoft-sat14-tx,2023-04-04,3,37.11335759461221,0.4200877759142801,0.968136584062477,0.1854994715942265
microsoft-sat14-tx,2023-04-04,4,37.13562825300515,0.3973951880749036,0.9690910320479702,0.1941027082006459
microsoft-sat14-tx,2023-05-22,0,39.766489782762235,0.5234908823368599,0.9637114962975228,0.1913357104988694
microsoft-sat14-tx,2023-05-22,1,39.93101311138543,0.516884829453471,0.9677064588819596,0.1814137708127025
microsoft-sat14-tx,2023-05-22,2,37.97351059940567,0.5040715617983998,0.9689719563996568,0.1814113672680778
microsoft-sat14-tx,2023-05-22,3,39.69383967122411,0.4870537009995005,0.9683433102253164,0.1773835570818048
microsoft-sat14-tx,2023-05-22,4,40.02639587779432,0.4971346087042066,0.9706305104183196,0.1756953241306223
microsoft-sat14-tx,2023-06-07,0,22.154715403200058,0.6825526860520004,0.9648111111111112,0.1644294789777778
microsoft-sat14-tx,2023-06-07,1,24.618222063697516,0.6588135596976357,0.9626077506374978,0.138178759927862
microsoft-sat14-tx,2023-06-07,2,30.69607971786385,0.5228578304404067,0.9680349746164504,0.1857414354773629
microsoft-sat14-tx,2023-06-07,3,30.53086579913737,0.5380790879932182,0.9709535480351634,0.1728429765646632
microsoft-sat14-tx,2023-06-07,4,30.63744610093856,0.5435763182069567,0.972472303114182,0.1668309432510732
microsoft-sat14-tx,2023-06-23,0,45.196334903790174,0.4455322024504424,0.9640864891352416,0.2129910771339329
microsoft-sat14-tx,2023-06-23,1,45.78856886797315,0.5056510302356021,0.9686048990815967,0.1682076798832127
microsoft-sat14-tx,2023-06-23,2,46.23234465626435,0.4727251265298343,0.968437776857818,0.1777898395903528
microsoft-sat14-tx,2023-06-23,3,47.07670937306649,0.4645616834875532,0.9689437465473492,0.1689340795311931
microsoft-sat14-tx,2023-06-23,4,47.57635533477036,0.4664052451212781,0.9700700156188312,0.169016601958251
microsoft-sat14-tx,2023-07-09,0,45.543142583042545,0.4421598309999016,0.964059933100906,0.2207940115609146
microsoft-sat14-tx,2023-07-09,1,46.09497642485028,0.4909414958332867,0.9689717807944312,0.1738571100366449
microsoft-sat14-tx,2023-07-09,2,46.93822993402342,0.4547170556456122,0.9683400759695988,0.1849599046059811
microsoft-sat14-tx,2023-07-09,3,47.71115113219957,0.4446431747547412,0.9688095007699172,0.1737936116252584
microsoft-sat14-tx,2023-07-09,4,48.71081219592168,0.4349920452855354,0.970212830020344,0.1730245568984638
microsoft-sat14-tx,2023-07-25,0,46.879833174197046,0.4252144762702214,0.964061035012468,0.2173947314584692
microsoft-sat14-tx,2023-07-25,1,47.44138880124715,0.4807838448880567,0.9685099311004972,0.1701578678940528
microsoft-sat14-tx,2023-07-25,2,47.9575420041696,0.4262865769438861,0.968249459898071,0.1831511939842265
microsoft-sat14-tx,2023-07-25,3,49.212764007214474,0.4204815053299444,0.96874235943211,0.1699250216515884
microsoft-sat14-tx,2023-07-25,4,50.34391435879403,0.4103003820136123,0.9698512244566876,0.1718233563803806
microsoft-sat14-tx,2023-08-10,0,46.05531217384737,0.4032504675493625,0.9640568135509788,0.2200061970136387
microsoft-sat14-tx,2023-08-10,1,46.29743890598989,0.4620429404774268,0.9684156477085448,0.1684938053720878
microsoft-sat14-tx,2023-08-10,2,46.93193296662178,0.4039068563388603,0.9680557390566168,0.1848501327383064
microsoft-sat14-tx,2023-08-10,3,47.72704161863451,0.401861546656681,0.968667491288274,0.1714091340245017
microsoft-sat14-tx,2023-08-10,4,48.52357102396026,0.3925562660695044,0.9697575034744236,0.1728961753803846
microsoft-sat14-tx,2023-08-26,0,45.183808889344064,0.4095471940769454,0.9640712474758306,0.2092743511403554
microsoft-sat14-tx,2023-08-26,1,46.115571161517984,0.4642003648806368,0.9684199144643424,0.1622565584376678
microsoft-sat14-tx,2023-08-26,2,47.15234275343247,0.4044827928433953,0.968087216790063,0.1785063020121184
microsoft-sat14-tx,2023-08-26,3,47.81341043333098,0.4032271346014456,0.9686917062938748,0.1648805884797098
microsoft-sat14-tx,2023-08-26,4,48.486257966689635,0.3908099952332084,0.9697553135185464,0.1647269783449837
microsoft-sat14-tx,2023-09-11,1,41.261840302498584,0.4736976639270364,0.970812508688784,0.1673960700438916
microsoft-sat14-tx,2023-09-11,2,43.85620649876061,0.3964088968446619,0.9674053765721567,0.1771143224353833
microsoft-sat14-tx,2023-09-11,3,44.99865057746332,0.3994736505932114,0.9689686669219708,0.1612423941580313
microsoft-sat14-tx,2023-09-11,4,46.25633435372273,0.3820748537607637,0.9683742710653565,0.1723243553066094
microsoft-sat14-tx,2023-09-27,3,26.960407747722115,0.4014126269827257,0.9695351903077102,0.1939775829228851
microsoft-sat14-tx,2023-09-27,4,31.566637005759254,0.324112815059964,0.9660602769811112,0.2127549289589285
microsoft-sat14-tx,2023-10-29,0,32.871173314340155,0.4499523514541241,0.9639515339043578,0.179361372055795
microsoft-sat14-tx,2023-10-29,1,32.20176495781225,0.5265166473237364,0.968277609556944,0.1540862900796931
microsoft-sat14-tx,2023-10-29,2,32.105887948973624,0.4561757228056293,0.9667644181990068,0.1488716739893464
microsoft-sat14-tx,2023-10-29,3,34.058125169118824,0.4509486868583721,0.968583599192676,0.1540264312957935
microsoft-sat14-tx,2023-10-29,4,35.23030403209718,0.4298314604647719,0.968594655647052,0.1528335016829814
microsoft-sat14-tx,2023-11-14,0,24.70535676199145,0.4659276447391242,0.9640593985750698,0.1644903893193174
microsoft-sat14-tx,2023-11-14,1,25.125886289704248,0.5143565852157193,0.9685603950137156,0.1303799507634969
microsoft-sat14-tx,2023-11-14,2,25.563674983048863,0.4499327404033265,0.9682024138762594,0.145771435112437
microsoft-sat14-tx,2023-11-14,3,25.935170794648656,0.4602085372998908,0.9688228779283092,0.1353884481987771
microsoft-sat14-tx,2023-11-14,4,26.33544120493421,0.4552238645030291,0.9698835817732976,0.1346400676895853
microsoft-sat14-tx,2023-12-16,0,18.16468027997156,0.4765128857420001,0.9640356293238602,0.1413932765678922
microsoft-sat14-tx,2023-12-16,1,18.45897917248652,0.5007952136817581,0.9683296866433904,0.1203237127423853
microsoft-sat14-tx,2023-12-16,2,18.78518143944033,0.4278471892106851,0.9680368949096764,0.1369273688162354
microsoft-sat14-tx,2023-12-16,3,19.14762820298031,0.4400238410365906,0.9686341040670916,0.1261488915919868
microsoft-sat14-tx,2023-12-16,4,19.41556311961156,0.4441549261750319,0.970154715842828,0.123606716909902
microsoft-sat14-tx,2024-01-17,0,7.997298598571264,0.445085831047562,0.9640268166576412,0.1462858144357769
microsoft-sat14-tx,2024-01-17,1,8.397878477247781,0.4528536802968574,0.9679962691471304,0.1258921443435916
microsoft-sat14-tx,2024-01-17,2,9.244111674150927,0.3708402543732559,0.9678872543545703,0.1493331074587043
microsoft-sat14-tx,2024-01-17,3,9.642215788273466,0.3890345951419944,0.9684919756800832,0.1340165842670687
microsoft-sat14-tx,2024-01-17,4,10.032982687962882,0.3901829505708614,0.9698430819773536,0.1339851678188851
microsoft-sat14-tx,2024-02-18,0,17.89463085378111,0.4073957561440079,0.9640264587768208,0.1741903002470611
microsoft-sat14-tx,2024-02-18,1,18.278124159203266,0.4463816414711892,0.9682862734254566,0.1343736488135231
microsoft-sat14-tx,2024-02-18,2,18.98632514243486,0.3761027369756864,0.9677745367184972,0.1609056802525297
microsoft-sat14-tx,2024-02-18,3,19.499571986990674,0.3964300818343303,0.9685494405253046,0.1416181902748463
microsoft-sat14-tx,2024-02-18,4,19.892473282829553,0.4047468693173612,0.9698208011830376,0.1415303436723501
microsoft-sat14-tx,2024-03-05,0,34.743246671184366,0.3834298315744439,0.964040139211138,0.1800533181880785
microsoft-sat14-tx,2024-03-05,1,35.0341239975526,0.4359742732653924,0.968260461406404,0.1419188228474375
microsoft-sat14-tx,2024-03-05,2,35.09927409917636,0.3866929296380699,0.9680264862794424,0.1645152190302908
microsoft-sat14-tx,2024-03-05,3,35.31239121785694,0.3932901244677652,0.968567533635458,0.1495852981979672
microsoft-sat14-tx,2024-03-05,4,35.93574161211862,0.4115511299195923,0.9709389657195964,0.1455659129182033
microsoft-sat14-tx,2024-04-06,1,7.721313224000005,-0.012672201540653,0.9915,0.872663609
microsoft-sat14-tx,2024-04-06,2,8.164972220000038,-0.0111328362700792,0.9915,0.8225048666666667
microsoft-sat14-tx,2024-04-06,3,6.6959493849590785,-0.0110328275244663,0.9915,0.6236340867172653
microsoft-sat14-tx,2024-04-06,4,7.644360958703997,-0.0016365935203596,0.9915,0.5627103159650871
microsoft-sat14-tx,2024-04-22,0,31.573212631153044,0.4602337330254697,0.964048780876931,0.1993019828712184
microsoft-sat14-tx,2024-04-22,1,31.655220623234612,0.5320879930615898,0.9685088487629274,0.1626356276798869
microsoft-sat14-tx,2024-04-22,2,32.02709605613022,0.4638364980386995,0.968065050346972,0.1778901183171668
microsoft-sat14-tx,2024-04-22,3,32.547159068127065,0.4765775638168739,0.9687642974068588,0.1623954714954691
microsoft-sat14-tx,2024-04-22,4,32.57524460405197,0.4847836044312004,0.9700355126539792,0.1619053145834261
microsoft-sat14-tx,2024-06-09,0,44.96676355208448,0.427680347888045,0.964094761121166,0.2005867772569957
microsoft-sat14-tx,2024-06-09,1,44.76797313114369,0.4844766301759634,0.9685311547314324,0.1660975149836716
microsoft-sat14-tx,2024-06-09,2,45.7123348041553,0.4157561736913049,0.9681293634109748,0.1898561189740739
microsoft-sat14-tx,2024-06-09,3,45.36867835962987,0.4191572545143288,0.9688349466526652,0.1728641154097973
microsoft-sat14-tx,2024-06-09,4,46.40214803185338,0.4288384539976536,0.9707576861332022,0.1690214827594357
microsoft-sat14-tx,2024-06-25,0,47.45556349384639,0.4643517910367173,0.964822935843238,0.208219160998378
microsoft-sat14-tx,2024-06-25,1,46.3653759501741,0.5235803580024689,0.968915633281715,0.1699916255890194
microsoft-sat14-tx,2024-06-25,2,46.76189370910562,0.4574059168869216,0.96817312552283,0.1964911887553827
microsoft-sat14-tx,2024-06-25,3,47.16008917374619,0.4705493699668013,0.9686120222599232,0.1754598078156282
microsoft-sat14-tx,2024-06-25,4,47.2995348342475,0.4728929737982184,0.9699172688276962,0.1790409474760805
microsoft-sat14-tx,2024-07-11,2,-7.074664336923062,0.4079219036507268,0.9659692307692312,0.174829130576923
microsoft-sat14-tx,2024-07-11,3,7.7938840031818435,0.4104554370436148,0.9688477272727272,0.1440012425
microsoft-sat14-tx,2024-07-11,4,-0.7141892349999797,0.3046585563219257,0.9626125,0.19152093765625
microsoft-sat14-tx,2024-07-27,0,38.747543775384635,0.5550604925007984,0.9640088933057052,0.1575627152223326
microsoft-sat14-tx,2024-07-27,1,36.90101331396808,0.6352421109676162,0.9652719535625222,0.1785722618415567
microsoft-sat14-tx,2024-07-27,2,42.431555236958786,0.4959784661861157,0.9695907109557104,0.2025014998461539
microsoft-sat14-tx,2024-07-27,3,43.12266802904095,0.5076805943942223,0.9703179525391664,0.1790252071913949
microsoft-sat14-tx,2024-07-27,4,41.50169562539234,0.4816290692053525,0.9687548911854325,0.1961354384567526
microsoft-sat14-tx,2024-08-12,0,44.25478086083953,0.4533909228755162,0.9637075443013406,0.1547373945230091
microsoft-sat14-tx,2024-08-12,1,45.709079053772555,0.4676324468560131,0.9676543355021384,0.1472926024158557
microsoft-sat14-tx,2024-08-12,2,45.80373249404406,0.4201487883296609,0.967830800447468,0.1906448471818923
microsoft-sat14-tx,2024-08-12,3,46.5355433100102,0.4292766463378421,0.9687383501240644,0.1708133268488677
microsoft-sat14-tx,2024-08-12,4,47.54807730798699,0.4326383724266899,0.9697911471937652,0.1750211197307518
microsoft-sat14-tx,2024-08-28,1,38.45043719940456,0.4499568396531918,0.9680908493870402,0.1733236569417688
microsoft-sat14-tx,2024-08-28,2,42.78032160175603,0.4114307550748052,0.9689992298597008,0.1689579957531533
microsoft-sat14-tx,2024-08-28,3,42.43475647617827,0.3987070025654397,0.9677568466064176,0.1847778031262836
microsoft-sat14-tx,2024-08-28,4,43.722893566257895,0.4391470067366091,0.968836841922719,0.183704465646726
microsoft-sat14-tx,2024-09-13,0,42.28880053938471,0.4415481568275054,0.9634084886667772,0.1929676754011431
microsoft-sat14-tx,2024-09-13,1,42.081105827042045,0.4828960970198407,0.968733691925438,0.1614741509253168
microsoft-sat14-tx,2024-09-13,2,43.587399650466686,0.4238852765335985,0.9680254840928716,0.1766933362701051
microsoft-sat14-tx,2024-09-13,3,43.94432277472289,0.4384105827506605,0.9687721938123725,0.1596256024569227
microsoft-sat14-tx,2024-09-13,4,44.258658513519016,0.4429059742346248,0.9698536000004662,0.1622170323144478
microsoft-sat14-tx,2024-09-29,0,42.3042096078534,0.433375010934344,0.9640668550772872,0.1783963425982659
microsoft-sat14-tx,2024-09-29,1,42.240934317486456,0.4772042829458771,0.9684353382304944,0.1495282498624897
microsoft-sat14-tx,2024-09-29,2,42.59537666614648,0.4030989210231702,0.9679218544351692,0.1755153650901553
microsoft-sat14-tx,2024-09-29,3,43.09611757571007,0.4208589363958216,0.968705508743765,0.1547061573299901
microsoft-sat14-tx,2024-09-29,4,43.435171051655935,0.4201484793952882,0.9698206958179588,0.1573334249738674
microsoft-sat14-tx,2024-10-15,0,39.990085346480384,0.4121495751993081,0.9640756590193238,0.1746583786575061
microsoft-sat14-tx,2024-10-15,1,39.96924786113038,0.4469268860419926,0.9683637963856288,0.1468575429376259
microsoft-sat14-tx,2024-10-15,2,40.352512656150274,0.3750196161469993,0.9678511328776984,0.1723470441910148
microsoft-sat14-tx,2024-10-15,3,40.90350367655042,0.3918769545129574,0.968625723067676,0.1521011161662485
microsoft-sat14-tx,2024-10-15,4,41.19368292940925,0.3902565783429899,0.9698849896964516,0.1550388212797173
microsoft-sat14-tx,2024-10-31,1,35.219273026297536,0.4085900288959624,0.9630876006813128,0.1699693087635266
microsoft-sat14-tx,2024-10-31,2,35.74687125233432,0.3858980140619424,0.9676614008887549,0.1885680593268432
microsoft-sat14-tx,2024-10-31,3,36.75834851235956,0.3886462770355386,0.9670825253578929,0.1608432506520027
microsoft-sat14-tx,2024-10-31,4,38.9351775325777,0.3620440203347118,0.968089288318875,0.1590995201776498
microsoft-sat14-tx,2024-11-16,0,26.720246233233627,0.4304167435236513,0.9640853427173988,0.1698205148965261
microsoft-sat14-tx,2024-11-16,1,26.78150707227767,0.4592448759793364,0.9683963259167016,0.1396468233224223
microsoft-sat14-tx,2024-11-16,2,27.31315260441013,0.3898973772021759,0.9679144392847512,0.1631658904723392
microsoft-sat14-tx,2024-11-16,3,27.65454354754517,0.4091978288063573,0.9686778224025084,0.144534571038474
microsoft-sat14-tx,2024-11-16,4,27.361408283210885,0.4014424962894147,0.9698116246241304,0.1469019561997071
microsoft-sat14-tx,2024-12-18,3,1.9518967824145383,-0.0078350350717386,0.9915,0.4904966912235925
microsoft-sat14-tx,2024-12-18,4,2.4502304703333744,-0.038801082464262,0.9915,0.6597814865306815
microsoft-sat14-tx,2025-01-03,1,21.895082390258395,0.3988686742484729,0.9646336232625564,0.12973092829454
microsoft-sat14-tx,2025-01-03,2,22.06789963018128,0.3694026372541677,0.9679710977304282,0.1595853073855129
microsoft-sat14-tx,2025-01-03,3,23.118140276890873,0.3693042344665997,0.9685371155738322,0.1404135170355062
microsoft-sat14-tx,2025-01-03,4,23.596699971551978,0.3848689895623869,0.9700909749836804,0.1346056735881441
microsoft-sat14-tx,2025-01-19,0,9.97411039632494,0.4339945854754667,0.9641577910907227,0.1374862569624982
microsoft-sat14-tx,2025-01-19,1,9.951413357656325,0.425483940476288,0.967825733259452,0.1262261549740868
microsoft-sat14-tx,2025-01-19,2,10.831721594692665,0.3363397263958518,0.9675057385711422,0.1471464583486839
microsoft-sat14-tx,2025-01-19,3,11.036360700895202,0.3443485232269173,0.968282653687812,0.13504558943468
microsoft-sat14-tx,2025-01-19,4,11.201833663986951,0.3476093052650476,0.9698974265606544,0.134249563012573
microsoft-sat14-tx,2025-02-04,0,29.52431928278691,0.4711677829671252,0.9572336065573772,0.0950580621004098
microsoft-sat14-tx,2025-02-04,1,29.786129218590837,0.4120819856896991,0.9733159229035536,0.1376506578798475
microsoft-sat14-tx,2025-02-04,2,28.38692608732507,0.3972984133871954,0.9728142986751346,0.1650577420874305
microsoft-sat14-tx,2025-02-04,3,30.581869028844277,0.3155493203926782,0.968008160193328,0.1645301743001002
microsoft-sat14-tx,2025-02-04,4,30.547802532162624,0.2600427892413987,0.9669935937898836,0.1558004970080703
microsoft-sat14-tx,2025-03-08,0,36.87541508499821,0.3513633364790713,0.964045792441392,0.1693232449939601
microsoft-sat14-tx,2025-03-08,1,37.16959502058067,0.3620438790869476,0.9681017149672252,0.1438918200499085
microsoft-sat14-tx,2025-03-08,2,37.56445182242323,0.2963075809596395,0.9675277442020268,0.166562883212457
microsoft-sat14-tx,2025-03-08,3,38.12778920939348,0.3074387385535039,0.9682771524696356,0.147456775248662
microsoft-sat14-tx,2025-03-08,4,38.59214922366446,0.3062856752847518,0.9699726685129496,0.1476208130893423
microsoft-sat14-tx,2025-03-24,0,37.75774194110041,0.3238704426928379,0.964059671618524,0.1778049605847532
microsoft-sat14-tx,2025-03-24,1,37.715692850507864,0.3531372186425947,0.968021118952306,0.1526074848297074
microsoft-sat14-tx,2025-03-24,2,38.145034889731534,0.3017644938369609,0.9675810301859914,0.1738709751141988
microsoft-sat14-tx,2025-03-24,3,38.22186559279843,0.3105631179084611,0.968385842396814,0.1549441717590171
microsoft-sat14-tx,2025-03-24,4,38.34902746020624,0.304146204647186,0.9694753234645438,0.1577238707013086
microsoft-sat14-tx,2025-04-09,0,35.814709648951386,0.3631027331654481,0.9640708641209972,0.1854924687933325
microsoft-sat14-tx,2025-04-09,1,35.856140938282365,0.4180483119732393,0.9681266743643742,0.1578895090900403
microsoft-sat14-tx,2025-04-09,2,35.97859754090844,0.3818272838525057,0.9678152795420794,0.1772417358165378
microsoft-sat14-tx,2025-04-09,3,36.3398491167933,0.3946226461043503,0.968735000290316,0.1606535259363664
microsoft-sat14-tx,2025-04-09,4,36.68362541895193,0.410715937356687,0.970453282919836,0.1597560016442848
microsoft-sat14-tx,2025-05-11,0,39.339420767468965,0.4683405187024594,0.9640662223822708,0.2054516131965799
microsoft-sat14-tx,2025-05-11,1,39.18341135834413,0.514420365800104,0.9686089046725608,0.1735324577881284
microsoft-sat14-tx,2025-05-11,2,39.745988391762275,0.4456508559127349,0.9681518296534104,0.1945018258876162
microsoft-sat14-tx,2025-05-11,3,40.16462937967605,0.4557915396507686,0.9689883945121124,0.1756618258677356
microsoft-sat14-tx,2025-05-11,4,38.89190842040001,0.457322367100712,0.970479062465415,0.1768441261225233
microsoft-sat14-tx,2025-05-27,0,42.00388440547832,0.4570426477350748,0.964099096996523,0.1905582675115324
microsoft-sat14-tx,2025-05-27,1,42.06544137076569,0.4946752856512488,0.9685208884769984,0.1655535741775929
microsoft-sat14-tx,2025-05-27,2,42.753828024012854,0.4309873180372763,0.9681071818107528,0.1789423045055707
microsoft-sat14-tx,2025-05-27,3,43.246590018828414,0.4385438293293088,0.9690110344696302,0.1660619413596522
microsoft-sat14-tx,2025-05-27,4,44.15346246578681,0.4494793258319025,0.970623055009441,0.164041134612045
microsoft-sat14-tx,2025-06-28,0,44.79304371396647,0.4793294979881755,0.9642221435474464,0.2269122623164394
microsoft-sat14-tx,2025-06-28,1,42.98348293646719,0.5362132854331187,0.9694158827770368,0.1925570660001657
microsoft-sat14-tx,2025-06-28,2,43.59745800914197,0.4988731147475482,0.9686636629763664,0.1996677206625126
microsoft-sat14-tx,2025-06-28,3,43.99164583052902,0.4819206754937861,0.9686682856965444,0.1939730480618558
microsoft-sat14-tx,2025-06-28,4,43.80977019277831,0.4914668520327717,0.9695581272532272,0.1904924516056557
microsoft-sat14-tx,2025-07-30,0,48.4674486756014,0.4525561210758899,0.9640565373166994,0.1938607802026746
microsoft-sat14-tx,2025-07-30,1,48.332192627869034,0.5056161834228485,0.9685584933265512,0.164983981253443
microsoft-sat14-tx,2025-07-30,2,48.95869993908249,0.4302503123222548,0.9680898496953017,0.1860251752783145
microsoft-sat14-tx,2025-07-30,3,49.80655781177271,0.4420420674046835,0.968821742701374,0.1673470913872908
microsoft-sat14-tx,2025-07-30,4,50.071396531692976,0.4365777694111569,0.9699404253366444,0.1714637463203843
microsoft-sat14-tx,2025-08-15,0,45.45352113672873,0.4338847694226442,0.9647327916205344,0.2158122650455201
microsoft-sat14-tx,2025-08-15,1,47.41724927416863,0.4779680027047213,0.966711925463194,0.1953800728429873
microsoft-sat14-tx,2025-08-15,2,45.93444467003914,0.4325390199884446,0.9677470605636004,0.2025037409558683
microsoft-sat14-tx,2025-08-15,3,48.244864124357285,0.4060939397287342,0.9700854955099912,0.1861502054429513
microsoft-sat14-tx,2025-08-15,4,47.80907703738596,0.4102897939702601,0.970059911462982,0.194648675162041
microsoft-sat14-tx,2025-08-31,0,47.427712680620715,0.4354604313412357,0.9640655956130724,0.186200569785691
microsoft-sat14-tx,2025-08-31,1,47.349376048697046,0.4781989355645094,0.9684488107808398,0.1583055156526614
microsoft-sat14-tx,2025-08-31,2,48.40679164721708,0.4091993133030217,0.9679870838938766,0.1794226207808978
microsoft-sat14-tx,2025-08-31,3,49.28105528949272,0.418354034968417,0.9685884592685784,0.1614790612243372
microsoft-sat14-tx,2025-08-31,4,50.36788417576586,0.4043668212500562,0.9697711853300116,0.1646409201435044
microsoft-sat14-tx,2025-09-16,0,37.661283504320615,0.4493431201520497,0.9642601210465764,0.1928999709823109
microsoft-sat14-tx,2025-09-16,1,36.97932812896807,0.4967866257940664,0.9681446802407347,0.1644512847315203
microsoft-sat14-tx,2025-09-16,2,35.599983138383294,0.4282263708636174,0.9686202217379531,0.1903457796973687
microsoft-sat14-tx,2025-09-16,3,37.73792527470245,0.4309616381401314,0.9677915711252816,0.1728612460224456
microsoft-sat14-tx,2025-09-16,4,39.98438636823233,0.4059846193724194,0.968777104887578,0.1758162228908214
microsoft-sat14-tx,2025-10-02,0,41.52677897312709,0.4469824604062243,0.9640727731460178,0.1759179061377002
microsoft-sat14-tx,2025-10-02,1,41.56078024291848,0.4902553422098245,0.9684650189530662,0.1480186790308567
microsoft-sat14-tx,2025-10-02,2,42.19910998302987,0.4190442339661152,0.9680197721217496,0.1692885211836982
microsoft-sat14-tx,2025-10-02,3,42.93487117265175,0.4265727091121246,0.9687292291089828,0.1528699427833244
microsoft-sat14-tx,2025-10-02,4,43.54819204850774,0.408946262890847,0.969800303610183,0.1570735405506546
microsoft-sat14-tx,2025-11-03,0,28.202611017965907,0.5150779722290245,0.963876890561595,0.1407440448119929
microsoft-sat14-tx,2025-11-03,1,28.18902688499676,0.509533584673169,0.968448007221418,0.136098284692763
microsoft-sat14-tx,2025-11-03,2,28.95130975257142,0.4194745772551135,0.9679778273220612,0.1578038250755745
microsoft-sat14-tx,2025-11-03,3,29.46793905492172,0.4316703984335968,0.9687906479531428,0.1430531914431678
microsoft-sat14-tx,2025-11-03,4,29.813735300850563,0.4154392971982486,0.9698801979592488,0.1463638275060274
microsoft-sat14-tx,2025-12-21,0,23.562324230836783,0.4616291925282527,0.9642665745346444,0.1360973611755818
microsoft-sat14-tx,2025-12-21,1,23.64478743198823,0.4555564046666363,0.968101128950434,0.1232614951752999
microsoft-sat14-tx,2025-12-21,2,24.07196899087428,0.3667689712803807,0.967789683074762,0.1424671650513245
microsoft-sat14-tx,2025-12-21,3,24.335959593333936,0.3793480764161517,0.9684320907368872,0.1286000368998216
microsoft-sat14-tx,2025-12-21,4,24.565371279688037,0.375961823744353,0.9699635118487696,0.1288756449805568
microsoft-sat14-tx,2026-01-06,3,-16.839553089999974,0.1783845351558122,0.965675,0.1744994603125
microsoft-sat14-tx,2026-01-06,4,-19.500481659999977,0.112638706030468,0.9544,0.1895487975
microsoft-sat14-tx,2026-01-22,0,23.283061490128667,0.4338484460868937,0.9613441042132732,0.1487789346698283
microsoft-sat14-tx,2026-01-22,1,23.867658797390263,0.3756189725696817,0.9666053561087672,0.1724265653137006
microsoft-sat14-tx,2026-01-22,2,24.529357037306795,0.3567007887002529,0.9675913788867035,0.1539188944272825
microsoft-sat14-tx,2026-01-22,3,24.923397292485213,0.3266003101631154,0.968580753131004,0.1532174154255497
microsoft-sat14-tx,2026-01-22,4,24.955229155735704,0.3387528873059486,0.9698257090443968,0.1566048739186653
microsoft-sat14-tx,2026-02-07,0,29.204915142031524,0.3944729256950441,0.9642043384722304,0.1491344518679704
microsoft-sat14-tx,2026-02-07,1,29.485642977933903,0.3929569081960054,0.967998002503749,0.1296008057598735
microsoft-sat14-tx,2026-02-07,2,29.968136778433053,0.3080692568571631,0.967495036342854,0.1503231879468721
microsoft-sat14-tx,2026-02-07,3,30.561323155118117,0.3081024597846425,0.9683080052870292,0.1358533050698649
microsoft-sat14-tx,2026-02-07,4,31.02937575987717,0.3090667047279907,0.9696195160255848,0.1368324611428629
microsoft-sat14-tx,2026-02-23,0,23.30075512866851,0.3767062128666118,0.9640357810000056,0.1603038597323242
microsoft-sat14-tx,2026-02-23,1,23.60382006689925,0.386545794657979,0.9681854042100504,0.1335631805315869
microsoft-sat14-tx,2026-02-23,2,24.395152613544777,0.306005258908482,0.9676157138161152,0.156613221444015
microsoft-sat14-tx,2026-02-23,3,25.068200014040464,0.3086268052577274,0.9682988677614756,0.1401397460747791
microsoft-sat14-tx,2026-02-23,4,25.3776519913896,0.3034070770995711,0.9695188474544536,0.143101296323471
microsoft-sat14-tx,2026-03-11,0,31.07231894564149,0.3989550821270817,0.9640458166004962,0.1568531702732029
microsoft-sat14-tx,2026-03-11,1,31.349204080861753,0.4218886526450897,0.968241265411236,0.1310463222013773
microsoft-sat14-tx,2026-03-11,2,31.5814093442969,0.3487245379906393,0.9677482899552644,0.1495288542904082
microsoft-sat14-tx,2026-03-11,3,32.19765839232001,0.3506330304665411,0.9684430321719556,0.1362594820870976
microsoft-sat14-tx,2026-03-11,4,32.13241805468959,0.3466797924294412,0.9696931484913074,0.137806318711848
microsoft-sat14-tx,2026-03-27,0,39.60677638513546,0.3741037533433522,0.9640613741515832,0.1798552997161874
microsoft-sat14-tx,2026-03-27,1,39.37215933474734,0.4200626867018829,0.9681993752706258,0.1492861731120015
microsoft-sat14-tx,2026-03-27,2,40.09844156615678,0.3640401678742765,0.9678293451348888,0.1753546460673256
microsoft-sat14-tx,2026-03-27,3,40.69645213671864,0.3759614490920907,0.968532186971137,0.1573792125939279
microsoft-sat14-tx,2026-03-27,4,40.82194965763666,0.3646336414810978,0.969774690083791,0.1634007575772461
microsoft-sat14-tx,2026-05-14,0,40.735744313735935,0.476739974011705,0.964065442453472,0.1924820531143707
microsoft-sat14-tx,2026-05-14,1,40.37559572889611,0.5383744991793012,0.9685631575269146,0.1642757264501256
microsoft-sat14-tx,2026-05-14,2,40.91083398188258,0.4660955149859683,0.9681329029979217,0.1852688854631846
microsoft-sat14-tx,2026-05-14,3,41.51130515025461,0.485960733263802,0.9688279816849968,0.1687943373961158
microsoft-sat14-tx,2026-05-14,4,41.798810641756695,0.487602901873662,0.9705405084901642,0.1695980038482758
microsoft-sat14-tx,2026-07-01,0,43.8162261212947,0.4921181107908281,0.9635344375379896,0.2135257555046044
microsoft-sat14-tx,2026-07-01,1,41.83119082215473,0.5190655454068378,0.9669813598018284,0.190204045321881
microsoft-sat14-tx,2026-07-01,2,43.00369510463335,0.4829487090092896,0.9680182915029744,0.1978727055011943
microsoft-sat14-tx,2026-07-01,3,44.382186240478504,0.4896578443308456,0.9689328471439814,0.1836684555324483
microsoft-sat14-tx,2026-07-01,4,44.45739595952183,0.4976434733605906,0.9699061428103006,0.1846760286524122
microsoft-sat14-tx,2026-07-17,0,35.89355217475893,0.511637551272384,0.9659243616364596,0.1484366345687388
microsoft-sat14-tx,2026-07-17,1,35.55505892283229,0.4709708726380787,0.9680993084898114,0.182007367213427
microsoft-sat14-tx,2026-07-17,2,35.94637757629984,0.4410259460843123,0.9673127790704074,0.191416838743006
microsoft-sat14-tx,2026-07-17,3,36.49646204242386,0.4445757324550406,0.9687738198418429,0.1770695230958321
microsoft-sat14-tx,2026-07-17,4,35.814136705522685,0.4567655205211319,0.9698486637822372,0.1779345233709948
microsoft-sat14-tx,2026-08-02,0,42.01471698256802,0.4913671210883184,0.9641087191572584,0.1960170118516812
microsoft-sat14-tx,2026-08-02,1,41.65597249847671,0.5489559434185719,0.9686412556878216,0.1673919872421169
microsoft-sat14-tx,2026-08-02,2,42.649263051515184,0.4780239229491877,0.968271208191457,0.1896602805433629
microsoft-sat14-tx,2026-08-02,3,42.56129346676797,0.4969390121635465,0.96903212708125,0.1720088043471719
microsoft-sat14-tx,2026-08-02,4,42.15724692029325,0.5034998390182995,0.9714255514960156,0.1611620021405602
microsoft-sat14-tx,2026-08-18,0,47.27111811798539,0.4597210402174744,0.9640758636879564,0.1872420790078017
microsoft-sat14-tx,2026-08-18,1,46.8944138990948,0.5154379515233125,0.9685862153888268,0.1581367665700429
microsoft-sat14-tx,2026-08-18,2,47.65764197746545,0.4383029070447404,0.9681260028826532,0.1785654979455506
microsoft-sat14-tx,2026-08-18,3,47.94288601133893,0.4559299017789598,0.9688619937449032,0.1623261281214564
microsoft-sat14-tx,2026-08-18,4,48.31217064545685,0.4473504749312851,0.96992730451525,0.1677159755672454
microsoft-sat14-tx,2026-09-03,0,47.993653493389054,0.4630551129584724,0.9640909768027032,0.1803442812869283
microsoft-sat14-tx,2026-09-03,1,47.786581272692985,0.5132018442966952,0.9685641607098128,0.1540642610221282
microsoft-sat14-tx,2026-09-03,2,48.570370195462445,0.4383160784537894,0.96813378219017,0.1736435469481813
microsoft-sat14-tx,2026-09-03,3,48.999847802489214,0.4610450817977056,0.9688807175185778,0.1582796977189991
microsoft-sat14-tx,2026-09-03,4,49.30906616254168,0.4568804793066719,0.9699543876251764,0.162371696256875
microsoft-sat14-tx,2026-09-19,0,42.41417644519746,0.4849607080838173,0.9641168218517748,0.1799633918113355
microsoft-sat14-tx,2026-09-19,1,42.51936321750372,0.5293788156671373,0.9685247544342016,0.1544251533971777
microsoft-sat14-tx,2026-09-19,2,43.30448967951748,0.4502208227792708,0.9684425148135952,0.1707700540789879
microsoft-sat14-tx,2026-09-19,3,43.26776123705309,0.4990438012253848,0.9699098343582476,0.1537719004653599
microsoft-sat14-tx,2026-09-19,4,43.257495066614794,0.454429673198021,0.969343839292536,0.1742479628670273
