site_id,date,ring,lst_c,ndvi,emissivity,albedo
pilot-meta-edgecore-mesa-az,2013-03-31,0,41.66498012246672,0.178755028572036,0.9614891419489128,0.27622521291616
pilot-meta-edgecore-mesa-az,2013-03-31,1,42.71144802874898,0.1915603883586185,0.9599910468152296,0.2611761873294259
pilot-meta-edgecore-mesa-az,2013-03-31,2,42.50906734606363,0.1887334980402221,0.9608222555984642,0.2519306523025283
pilot-meta-edgecore-mesa-az,2013-03-31,3,41.88527255109828,0.1951036771228849,0.963372306547039,0.2415548520586237
pilot-meta-edgecore-mesa-az,2013-03-31,4,41.71830259713922,0.1993672733992579,0.9635015058737184,0.2410989320122232
pilot-meta-edgecore-mesa-az,2013-03-21,0,29.34765424105202,0.2012947651435811,0.9614891419489128,0.2505679589031394
pilot-meta-edgecore-mesa-az,2013-03-21,1,29.972357976943083,0.2197392279810497,0.9599910468152296,0.2371008904307258
pilot-meta-edgecore-mesa-az,2013-03-21,2,29.868595491638796,0.2063330372643144,0.960804102647386,0.2290614235014081
pilot-meta-edgecore-mesa-az,2013-03-21,3,29.630749122678544,0.2039105738032599,0.9633518392573196,0.2201981664977731
pilot-meta-edgecore-mesa-az,2013-03-21,4,29.855037816409627,0.2107348421017223,0.9634633423469706,0.2186702734837529
pilot-meta-edgecore-mesa-az,2013-05-26,1,17.75524493743072,0.1235663017517084,0.9590667722009056,0.2664503588568748
pilot-meta-edgecore-mesa-az,2013-05-26,2,19.164410067946218,0.1295636803202405,0.9607399928793235,0.2688570601737954
pilot-meta-edgecore-mesa-az,2013-05-26,3,21.231350402878164,0.1538756822081102,0.9628316640354012,0.2545736931712816
pilot-meta-edgecore-mesa-az,2013-05-26,4,22.635756662759068,0.1526134974968659,0.9626421071105868,0.2438311978124577
pilot-meta-edgecore-mesa-az,2013-06-11,3,34.93007926451211,0.15135559731109,0.9620379597311408,0.2468337233327333
pilot-meta-edgecore-mesa-az,2013-06-11,4,42.14716329701778,0.1494260692219172,0.9620375807366908,0.2477453492959323
pilot-meta-edgecore-mesa-az,2013-06-27,0,57.787749625739934,0.1516780195943056,0.9614891419489128,0.2800611695526437
pilot-meta-edgecore-mesa-az,2013-06-27,1,58.552620694903815,0.1562593998449233,0.9599910468152296,0.2705638918459642
pilot-meta-edgecore-mesa-az,2013-06-27,2,57.87767249011737,0.1592026709837105,0.9608070926590506,0.2587673402983816
pilot-meta-edgecore-mesa-az,2013-06-27,3,56.50226000538535,0.1734131231010716,0.9633694965993492,0.246681086415538
pilot-meta-edgecore-mesa-az,2013-06-27,4,56.66587611536269,0.1697823630313091,0.9634707844482564,0.2468182818184118
pilot-meta-edgecore-mesa-az,2013-07-13,0,56.550345223350725,0.1567044165346352,0.9614891419489128,0.2915970285477779
pilot-meta-edgecore-mesa-az,2013-07-13,1,55.727975795057155,0.158573017096116,0.9599910468152296,0.2727811876592119
pilot-meta-edgecore-mesa-az,2013-07-13,2,53.23901869391842,0.1649843065855919,0.9608331958921316,0.2692867547885321
pilot-meta-edgecore-mesa-az,2013-07-13,3,52.537498589136895,0.1795631679704994,0.9629419254597624,0.2612869414949793
pilot-meta-edgecore-mesa-az,2013-07-13,4,52.476903599158426,0.1792045935193454,0.9626803819194092,0.2551984284219913
pilot-meta-edgecore-mesa-az,2013-07-29,0,56.677764072583784,0.1545097659693055,0.9614891419489128,0.2679276846514691
pilot-meta-edgecore-mesa-az,2013-07-29,1,57.70608080327188,0.1520644673653036,0.9599910468152296,0.2603598041060632
pilot-meta-edgecore-mesa-az,2013-07-29,2,57.86041985843979,0.1561256677273049,0.9608070926590506,0.2491983422599403
pilot-meta-edgecore-mesa-az,2013-07-29,3,56.75843822331551,0.1798052758022413,0.9633821454207416,0.2357938725819401
pilot-meta-edgecore-mesa-az,2013-07-29,4,56.39263495707168,0.1842977374668985,0.963538461614018,0.2354902779316295
pilot-meta-edgecore-mesa-az,2013-08-14,0,58.12255928509721,0.1573948057205725,0.9614891419489128,0.2321520809981375
pilot-meta-edgecore-mesa-az,2013-08-14,1,59.107699225151435,0.1510329619549689,0.9599910468152296,0.235432374482896
pilot-meta-edgecore-mesa-az,2013-08-14,2,57.10306349782335,0.1575163386127866,0.9608041026473858,0.2426529350324205
pilot-meta-edgecore-mesa-az,2013-08-14,3,51.10856969150512,0.1772781864237864,0.963369714297983,0.2558029372582427
pilot-meta-edgecore-mesa-az,2013-08-14,4,50.38139232526584,0.1803559966867503,0.9635908739758308,0.2713582174957147
pilot-meta-edgecore-mesa-az,2013-08-30,0,17.312529980260877,0.1331533434066603,0.9627260869565216,0.2850405347391304
pilot-meta-edgecore-mesa-az,2013-08-30,1,17.00061406027853,0.1612479359888342,0.9596048315543724,0.2516407132892344
pilot-meta-edgecore-mesa-az,2013-08-30,2,22.1298524975513,0.1572221525663127,0.9611435864142605,0.2879363054186907
pilot-meta-edgecore-mesa-az,2013-08-30,3,24.887327040437672,0.1699393790163713,0.963193388249684,0.2651793854318172
pilot-meta-edgecore-mesa-az,2013-08-30,4,36.4177748378919,0.1676154803082118,0.9624734483445538,0.262847768879194
pilot-meta-edgecore-mesa-az,2013-09-15,0,51.42140339299166,0.1588481080109196,0.9614891419489128,0.2526333657550471
pilot-meta-edgecore-mesa-az,2013-09-15,1,52.26203251471458,0.1509925022792847,0.9599910468152296,0.2496823817250251
pilot-meta-edgecore-mesa-az,2013-09-15,2,51.99789575361291,0.15801311347751,0.9608267744834074,0.2381814956461051
pilot-meta-edgecore-mesa-az,2013-09-15,3,50.82029850212911,0.1866510119033054,0.9633739241711676,0.2239746901887959
pilot-meta-edgecore-mesa-az,2013-09-15,4,50.32125732812348,0.2033920407649797,0.9635697200983352,0.223795166944471
pilot-meta-edgecore-mesa-az,2013-10-01,0,45.94849403365081,0.1574120389260208,0.9614891419489128,0.2568277257840458
pilot-meta-edgecore-mesa-az,2013-10-01,1,46.543720435548856,0.1507827812416819,0.9599910468152296,0.2541914088754973
pilot-meta-edgecore-mesa-az,2013-10-01,2,46.04460599158904,0.1568883876255933,0.9608113309280124,0.2414542398935326
pilot-meta-edgecore-mesa-az,2013-10-01,3,44.78300345976056,0.1773091892129565,0.96336433114719,0.2252075633181128
pilot-meta-edgecore-mesa-az,2013-10-01,4,44.8089077724255,0.1806400784771267,0.9634474392852418,0.2260919734676915
pilot-meta-edgecore-mesa-az,2013-10-17,0,38.02896216325985,0.1544337193232131,0.9614891419489128,0.2454077981049189
pilot-meta-edgecore-mesa-az,2013-10-17,1,38.78223682134025,0.1455827092155857,0.9599910468152296,0.2457572813368679
pilot-meta-edgecore-mesa-az,2013-10-17,2,38.19526408208348,0.1548494531634335,0.9608070926590508,0.2325106845666114
pilot-meta-edgecore-mesa-az,2013-10-17,3,36.98069115504476,0.1775727877569703,0.9633759784383172,0.2156736191229911
pilot-meta-edgecore-mesa-az,2013-10-17,4,37.175191713634455,0.1788134474495128,0.9634658993921194,0.2171207400470377
pilot-meta-edgecore-mesa-az,2013-11-02,0,36.674613700958595,0.1476769302545783,0.9614891419489128,0.2446229120995175
pilot-meta-edgecore-mesa-az,2013-11-02,1,37.37319376329989,0.1394374064837331,0.9599910468152294,0.2451033761791169
pilot-meta-edgecore-mesa-az,2013-11-02,2,36.75357368106782,0.1526672302768109,0.9608041026473858,0.2312605816904282
pilot-meta-edgecore-mesa-az,2013-11-02,3,35.577007648668015,0.1771222626399237,0.963381073227826,0.2137132322515305
pilot-meta-edgecore-mesa-az,2013-11-02,4,35.79190572673966,0.1783447721924097,0.9634629680012964,0.2142848087027045
pilot-meta-edgecore-mesa-az,2013-11-18,0,19.622785244118532,0.1562699507390243,0.9617470090293436,0.3083217204632946
pilot-meta-edgecore-mesa-az,2013-11-18,1,20.834398075105675,0.1465662731282161,0.9607675750479022,0.3072651979283153
pilot-meta-edgecore-mesa-az,2013-11-18,2,23.25903982968445,0.1282260771484426,0.9592664462105228,0.3405750346018015
pilot-meta-edgecore-mesa-az,2013-11-18,3,28.65825028120592,0.1496584888998635,0.9616567109656898,0.2825199816196934
pilot-meta-edgecore-mesa-az,2013-11-18,4,30.629555096652528,0.1729861945221797,0.9633061020431428,0.2587041685276665
pilot-meta-edgecore-mesa-az,2014-01-05,0,18.008882786680175,0.2047606077415121,0.9614891419489128,0.2210478891985458
pilot-meta-edgecore-mesa-az,2014-01-05,1,18.52747634490423,0.2132084843483177,0.9599910468152296,0.2211853027860338
pilot-meta-edgecore-mesa-az,2014-01-05,2,18.48713546375998,0.2049179929153692,0.9608201364639832,0.2119126070919277
pilot-meta-edgecore-mesa-az,2014-01-05,3,18.288411416813428,0.2065586283424818,0.9633726567418064,0.1985843697706931
pilot-meta-edgecore-mesa-az,2014-01-05,4,18.271022186097603,0.2250949547379538,0.9636405363677968,0.1955346220129875
pilot-meta-edgecore-mesa-az,2014-01-21,0,24.405596626309123,0.2194443449036912,0.9614891419489128,0.2252286703637869
pilot-meta-edgecore-mesa-az,2014-01-21,1,25.123123386024307,0.2218425224030877,0.9599910468152296,0.2255767049374999
pilot-meta-edgecore-mesa-az,2014-01-21,2,24.803460060592627,0.2119198247535789,0.9608158981950214,0.2139068759161181
pilot-meta-edgecore-mesa-az,2014-01-21,3,24.209488605301747,0.2115399959396683,0.963371359548856,0.2013347526518216
pilot-meta-edgecore-mesa-az,2014-01-21,4,24.116002004522443,0.2298451990681175,0.9636410187484532,0.1991911694938447
pilot-meta-edgecore-mesa-az,2014-02-22,0,31.683681430963095,0.194196801195169,0.9614891419489128,0.2337472482610929
pilot-meta-edgecore-mesa-az,2014-02-22,1,32.425889928434,0.189623455289532,0.9599910468152296,0.2334124408550383
pilot-meta-edgecore-mesa-az,2014-02-22,2,31.938976366066193,0.1895180316547598,0.9608070926590506,0.2225553390612817
pilot-meta-edgecore-mesa-az,2014-02-22,3,30.901936702712284,0.2016849484617202,0.9633716445452202,0.2104759452249624
pilot-meta-edgecore-mesa-az,2014-02-22,4,30.781094174914426,0.2176791396830401,0.9636554430166442,0.2059901528641198
pilot-meta-edgecore-mesa-az,2014-03-10,0,34.92619151556737,0.1908209711158792,0.9614891419489128,0.2358305012644198
pilot-meta-edgecore-mesa-az,2014-03-10,1,35.85633209835452,0.1862942734878351,0.9599910468152296,0.2336066024546232
pilot-meta-edgecore-mesa-az,2014-03-10,2,35.62292004425791,0.186776972713114,0.9608222555984642,0.2261956533934887
pilot-meta-edgecore-mesa-az,2014-03-10,3,34.83544849727864,0.2075830683282011,0.9633844229079056,0.215343900892114
pilot-meta-edgecore-mesa-az,2014-03-10,4,34.58044387883106,0.2212696385675407,0.9636460755355674,0.2089868197157864
pilot-meta-edgecore-mesa-az,2014-03-26,2,11.460699017414496,0.1256855491027721,0.9588789678461316,0.2925988621237704
pilot-meta-edgecore-mesa-az,2014-03-26,3,13.71367401216744,0.1335415548943131,0.961540459346519,0.2730653230562777
pilot-meta-edgecore-mesa-az,2014-03-26,4,22.933248664213032,0.1573451811059529,0.9617909470065916,0.2275909088936197
pilot-meta-edgecore-mesa-az,2014-04-11,0,29.514814630931728,0.1512455491252915,0.9614467041728384,0.3195215073571282
pilot-meta-edgecore-mesa-az,2014-04-11,1,31.159004993774467,0.1539524020103901,0.9599314014200262,0.3135011777426393
pilot-meta-edgecore-mesa-az,2014-04-11,2,33.97127319236259,0.1648689264863912,0.9611551399020531,0.2983734155299961
pilot-meta-edgecore-mesa-az,2014-04-11,3,35.994565568541965,0.1825291805851956,0.9635821591271408,0.2628237718065084
pilot-meta-edgecore-mesa-az,2014-04-11,4,36.91287371969465,0.1844098269968697,0.9628921799596052,0.2069146177718154
pilot-meta-edgecore-mesa-az,2014-04-27,0,36.14667577019417,0.1443907824102254,0.9614891419489128,0.2757070235589123
pilot-meta-edgecore-mesa-az,2014-04-27,1,38.25556424969721,0.1451591415188651,0.9599910468152296,0.2688536440064702
pilot-meta-edgecore-mesa-az,2014-04-27,2,38.31057818996238,0.1533438800970038,0.960804102647386,0.2601099020209297
pilot-meta-edgecore-mesa-az,2014-04-27,3,37.48109715092717,0.1722562517420221,0.9633596109897756,0.2429308378423723
pilot-meta-edgecore-mesa-az,2014-04-27,4,35.82361388604794,0.1732563305272219,0.9634433179388168,0.2373346895657192
pilot-meta-edgecore-mesa-az,2014-05-13,0,44.28433585811046,0.1398275665274931,0.9614891419489128,0.2761250660136556
pilot-meta-edgecore-mesa-az,2014-05-13,1,44.58323438752994,0.1410991241545759,0.9599910468152296,0.2697786537361633
pilot-meta-edgecore-mesa-az,2014-05-13,2,44.23312931042167,0.1486680337876451,0.9608041026473858,0.2580811566974352
pilot-meta-edgecore-mesa-az,2014-05-13,3,42.7451004692988,0.1668017364942987,0.9633678555175942,0.2459607301556328
pilot-meta-edgecore-mesa-az,2014-05-13,4,42.99042980233018,0.1691879610758972,0.9634780838451532,0.2405566805169018
pilot-meta-edgecore-mesa-az,2014-06-14,0,56.87477730457235,0.1360004291104388,0.9614891419489128,0.2806491841505107
pilot-meta-edgecore-mesa-az,2014-06-14,1,56.817146131810865,0.1428207437236536,0.9599910468152296,0.2736862688747874
pilot-meta-edgecore-mesa-az,2014-06-14,2,55.8769657348392,0.1495146417810433,0.9608070926590508,0.2628719003289793
pilot-meta-edgecore-mesa-az,2014-06-14,3,54.2403127080117,0.167588080704746,0.9633715959327388,0.2513714551105058
pilot-meta-edgecore-mesa-az,2014-06-14,4,54.43064911313748,0.1654253075326403,0.9634455082269154,0.2466940452883212
pilot-meta-edgecore-mesa-az,2014-06-30,0,62.81798782595415,0.1337089437068941,0.9614891419489128,0.2807712043945118
pilot-meta-edgecore-mesa-az,2014-06-30,1,63.01421870439186,0.1436510649115698,0.9599910468152296,0.2732976438591939
pilot-meta-edgecore-mesa-az,2014-06-30,2,62.38718023649022,0.1490599723687944,0.9608041026473858,0.2625409141668806
pilot-meta-edgecore-mesa-az,2014-06-30,3,60.67373773768251,0.1683515562414462,0.9633670522180716,0.2502572728133262
pilot-meta-edgecore-mesa-az,2014-06-30,4,61.12892755355681,0.1653767966936607,0.963434475489281,0.2464423640336245
pilot-meta-edgecore-mesa-az,2014-07-16,0,58.15939295352213,0.1350342370581821,0.9614891419489128,0.2614022912165554
pilot-meta-edgecore-mesa-az,2014-07-16,1,58.416623253699534,0.1464331870500772,0.9599910468152296,0.2537505176710716
pilot-meta-edgecore-mesa-az,2014-07-16,2,57.70178061287154,0.1541978957905705,0.960804102647386,0.2446615335937723
pilot-meta-edgecore-mesa-az,2014-07-16,3,56.15537873685602,0.1781159548808546,0.9633713898643887,0.2346212596962435
pilot-meta-edgecore-mesa-az,2014-07-16,4,56.32837096703969,0.1729617294345899,0.9634342376873236,0.233741198107955
pilot-meta-edgecore-mesa-az,2014-08-17,0,57.40907807712571,0.1273651705674151,0.9614891419489128,0.2667756163660801
pilot-meta-edgecore-mesa-az,2014-08-17,1,57.98596739658817,0.1418082190014129,0.9599910468152296,0.2603713837836125
pilot-meta-edgecore-mesa-az,2014-08-17,2,57.698333200956,0.1523142113687799,0.9608140500001088,0.2473069587926898
pilot-meta-edgecore-mesa-az,2014-08-17,3,56.39157396005107,0.1782380678923629,0.9633699251425896,0.232893175770575
pilot-meta-edgecore-mesa-az,2014-08-17,4,56.66742791612543,0.1762931330276115,0.9634470612074492,0.231306722608519
pilot-meta-edgecore-mesa-az,2014-09-02,0,53.79100801128776,0.1374152524091814,0.9614891419489128,0.2646927395269696
pilot-meta-edgecore-mesa-az,2014-09-02,1,54.09889563965603,0.1490514706716797,0.9599910468152296,0.2579143240190924
pilot-meta-edgecore-mesa-az,2014-09-02,2,53.89076578036867,0.1536114904852615,0.9608070926590506,0.2442485039875198
pilot-meta-edgecore-mesa-az,2014-09-02,3,52.47017754565283,0.1789036286696061,0.9633773905322413,0.2298169247238465
pilot-meta-edgecore-mesa-az,2014-09-02,4,52.62691270539256,0.1786258035841612,0.9634308850850718,0.2285274001293402
pilot-meta-edgecore-mesa-az,2014-09-18,0,46.335668004109365,0.1715541248318855,0.9614891419489128,0.2514475332869144
pilot-meta-edgecore-mesa-az,2014-09-18,1,46.0513561592331,0.1811849187978656,0.9599910468152296,0.2466847459871272
pilot-meta-edgecore-mesa-az,2014-09-18,2,46.01010931454866,0.1808819536923095,0.9608225265380326,0.2353147247640234
pilot-meta-edgecore-mesa-az,2014-09-18,3,45.36552259243612,0.2095669153676168,0.9632552414532208,0.2235826636822788
pilot-meta-edgecore-mesa-az,2014-09-18,4,45.4888914528257,0.2102425920690584,0.9629205233249029,0.2224045628116489
pilot-meta-edgecore-mesa-az,2014-10-04,0,43.34089233671717,0.1779707704772118,0.9614891419489128,0.2519219851875748
pilot-meta-edgecore-mesa-az,2014-10-04,1,43.778274753819574,0.1830108084954756,0.9599910468152294,0.2517834896454097
pilot-meta-edgecore-mesa-az,2014-10-04,2,43.87870083086355,0.1811014719863993,0.9608161691345898,0.2378920301982831
pilot-meta-edgecore-mesa-az,2014-10-04,3,43.03227924114584,0.2066004378732641,0.9633751156806108,0.2190050930348478
pilot-meta-edgecore-mesa-az,2014-10-04,4,42.86347964375022,0.2117556220705329,0.9634595055783626,0.2170540496254568
pilot-meta-edgecore-mesa-az,2014-10-20,0,41.35631756348145,0.1919296142221772,0.9614891419489128,0.2438874574308449
pilot-meta-edgecore-mesa-az,2014-10-20,1,41.6781497782303,0.1951996033922171,0.9599910468152294,0.2448837438736869
pilot-meta-edgecore-mesa-az,2014-10-20,2,41.4090053834577,0.1903143676018702,0.9608182882690708,0.2311538529057639
pilot-meta-edgecore-mesa-az,2014-10-20,3,40.38083683676009,0.2136983393768745,0.9633698677403972,0.2116668422659767
pilot-meta-edgecore-mesa-az,2014-10-20,4,40.49326371090441,0.2224654281080534,0.9634496944752944,0.2089949464576948
pilot-meta-edgecore-mesa-az,2014-11-05,0,33.02612792855005,0.1748255999464932,0.9614891419489128,0.2461892846919444
pilot-meta-edgecore-mesa-az,2014-11-05,1,33.31180766126608,0.1729159987229464,0.9599910468152294,0.2484017179769149
pilot-meta-edgecore-mesa-az,2014-11-05,2,33.082926711757196,0.1758605619028405,0.9608225265380324,0.2335792788550251
pilot-meta-edgecore-mesa-az,2014-11-05,3,32.17807119709816,0.2038779006506509,0.963382381363069,0.2123927165385591
pilot-meta-edgecore-mesa-az,2014-11-05,4,32.216269342011266,0.2068998625442589,0.9634580015260686,0.2102365012711098
pilot-meta-edgecore-mesa-az,2014-11-21,0,19.215831041400435,0.1650554222846602,0.9614891419489128,0.2766889478314071
pilot-meta-edgecore-mesa-az,2014-11-21,1,21.63233169800457,0.167897124961625,0.9599910468152296,0.259953423963435
pilot-meta-edgecore-mesa-az,2014-11-21,2,21.216587941131923,0.175118988669604,0.9607978839536176,0.262218830726605
pilot-meta-edgecore-mesa-az,2014-11-21,3,18.78545244152621,0.1901260199556745,0.9632883516335196,0.2359960586419377
pilot-meta-edgecore-mesa-az,2014-11-21,4,19.33849632132001,0.1937577688133138,0.9634586479919416,0.2269087307210662
pilot-meta-edgecore-mesa-az,2014-12-07,0,22.17158750876394,0.1888294930738842,0.9614891419489128,0.1813368682157559
pilot-meta-edgecore-mesa-az,2014-12-07,1,22.418291569475137,0.1889122907750604,0.9599910468152294,0.18764670108431
pilot-meta-edgecore-mesa-az,2014-12-07,2,22.48019790888454,0.1944083878950759,0.960829309703654,0.1838609010187668
pilot-meta-edgecore-mesa-az,2014-12-07,3,22.78324675505897,0.2179108351698418,0.9633933091121992,0.168604389277534
pilot-meta-edgecore-mesa-az,2014-12-07,4,22.958353316842377,0.2297779831671938,0.9635734874834854,0.1672405023440153
pilot-meta-edgecore-mesa-az,2014-12-23,0,19.72159895339827,0.1660404260987698,0.9614891419489128,0.2157292879780963
pilot-meta-edgecore-mesa-az,2014-12-23,1,19.939756834891075,0.1704349494475243,0.9599910468152296,0.2202582598534671
pilot-meta-edgecore-mesa-az,2014-12-23,2,19.96306181745629,0.1778453455673363,0.960825245610129,0.2101007489068775
pilot-meta-edgecore-mesa-az,2014-12-23,3,19.885112217706705,0.207358290653834,0.9633912014030576,0.1901212306013121
pilot-meta-edgecore-mesa-az,2014-12-23,4,19.864595988301403,0.2172605212802486,0.9635859183544904,0.1871608779455723
pilot-meta-edgecore-mesa-az,2015-01-24,0,24.043310120299218,0.1718571519733621,0.9614891419489128,0.2215704647814342
pilot-meta-edgecore-mesa-az,2015-01-24,1,24.59070839446378,0.1779864628488751,0.9599910468152296,0.2210585667504479
pilot-meta-edgecore-mesa-az,2015-01-24,2,24.424065729092547,0.1788806427183515,0.9608251585224108,0.2118581321697923
pilot-meta-edgecore-mesa-az,2015-01-24,3,23.957896260152392,0.1940974824680348,0.9633731583072576,0.19379425386381
pilot-meta-edgecore-mesa-az,2015-01-24,4,24.059477975179306,0.2093387347744625,0.963556542598468,0.1920497840363259
pilot-meta-edgecore-mesa-az,2015-02-09,0,26.86107639170525,0.2258221020288656,0.9614891419489128,0.2106969671439549
pilot-meta-edgecore-mesa-az,2015-02-09,1,27.293516125318455,0.2375688074458314,0.9599910468152294,0.2109179200893761
pilot-meta-edgecore-mesa-az,2015-02-09,2,27.379087803550323,0.2191030520678062,0.960829309703654,0.2053178401241713
pilot-meta-edgecore-mesa-az,2015-02-09,3,27.197178479930788,0.2286234974799941,0.9633821834772912,0.1902499065150172
pilot-meta-edgecore-mesa-az,2015-02-09,4,27.313784719421147,0.2384343299711053,0.963601161724267,0.1872141636233702
pilot-meta-edgecore-mesa-az,2015-02-25,0,26.979652260836744,0.2489179528916197,0.9614891419489128,0.2149779555321318
pilot-meta-edgecore-mesa-az,2015-02-25,1,27.507106153936466,0.2576084716072481,0.9599910468152294,0.2129108207960259
pilot-meta-edgecore-mesa-az,2015-02-25,2,27.33208643384162,0.2328243576048295,0.9608225265380324,0.2084920347726137
pilot-meta-edgecore-mesa-az,2015-02-25,3,26.85982600799679,0.2309284794017806,0.9633829257041926,0.1950321005736516
pilot-meta-edgecore-mesa-az,2015-02-25,4,26.880933355103764,0.2422591474914576,0.9635932203317272,0.1912216168734197
pilot-meta-edgecore-mesa-az,2015-03-13,0,40.82135299964183,0.2342132409817683,0.9614891419489128,0.2231899570641319
pilot-meta-edgecore-mesa-az,2015-03-13,1,41.00628343615173,0.2386728096886102,0.9599910468152296,0.2212995733345717
pilot-meta-edgecore-mesa-az,2015-03-13,2,40.57256917679183,0.222741616468533,0.9608070926590506,0.2168305092439166
pilot-meta-edgecore-mesa-az,2015-03-13,3,39.74370630172334,0.2214768560780704,0.9633821410603828,0.2047450760932484
pilot-meta-edgecore-mesa-az,2015-03-13,4,39.56100484665266,0.2349146645037162,0.9635852631892932,0.1992603945083418
pilot-meta-edgecore-mesa-az,2015-03-29,0,35.87969339815779,0.175116823779839,0.9614891419489128,0.2379180033837597
pilot-meta-edgecore-mesa-az,2015-03-29,1,35.56283081058258,0.1794340635042406,0.9599910468152294,0.2342208083545983
pilot-meta-edgecore-mesa-az,2015-03-29,2,34.19787103954653,0.1771026138128874,0.9608041026473858,0.2246966483689563
pilot-meta-edgecore-mesa-az,2015-03-29,3,32.019381220003986,0.1882733111482315,0.963348552209103,0.2061623144535496
pilot-meta-edgecore-mesa-az,2015-03-29,4,30.45689069127456,0.1937515042571048,0.9634678167552324,0.1977793272081428
pilot-meta-edgecore-mesa-az,2015-04-14,0,47.603067840083376,0.1533380801618465,0.9614891419489128,0.2442634824007757
pilot-meta-edgecore-mesa-az,2015-04-14,1,47.82384331402523,0.1625036297434798,0.9599910468152296,0.2411435595266296
pilot-meta-edgecore-mesa-az,2015-04-14,2,47.07167220097002,0.1665569530604873,0.9608041026473858,0.2343407314954461
pilot-meta-edgecore-mesa-az,2015-04-14,3,45.33865963687266,0.1851305954027595,0.9633716589509628,0.2205363422938064
pilot-meta-edgecore-mesa-az,2015-04-14,4,45.417507220902486,0.1880684522772828,0.963451106992496,0.2158960035477445
pilot-meta-edgecore-mesa-az,2015-04-30,0,53.71276315615371,0.1424577186941475,0.9614891419489128,0.2497337079548134
pilot-meta-edgecore-mesa-az,2015-04-30,1,53.97037937442041,0.1518003003061662,0.9599910468152296,0.2449960498990112
pilot-meta-edgecore-mesa-az,2015-04-30,2,52.938910833405544,0.1587468698635459,0.960804102647386,0.2393749241565659
pilot-meta-edgecore-mesa-az,2015-04-30,3,51.04328644889912,0.1786492369222131,0.9633701168465928,0.2264371303008076
pilot-meta-edgecore-mesa-az,2015-04-30,4,50.441676936881976,0.1819545840559175,0.963462721744039,0.2231626760833934
pilot-meta-edgecore-mesa-az,2015-05-16,3,27.058017669249352,0.2153768640262372,0.9643553281397288,0.2022969023176279
pilot-meta-edgecore-mesa-az,2015-05-16,4,29.396499529907285,0.1807483308579415,0.9618490178561924,0.2059604220899306
pilot-meta-edgecore-mesa-az,2015-06-01,0,57.25775249899717,0.1390443945635926,0.9614891419489128,0.2739504432364317
pilot-meta-edgecore-mesa-az,2015-06-01,1,57.65388977659886,0.1516064258311103,0.9599910468152294,0.2640607927818933
pilot-meta-edgecore-mesa-az,2015-06-01,2,56.968335694351886,0.1576731663488318,0.9608140500001088,0.2552616595222326
pilot-meta-edgecore-mesa-az,2015-06-01,3,55.74500173590484,0.1781535974266775,0.9633715303755718,0.2391166254680208
pilot-meta-edgecore-mesa-az,2015-06-01,4,55.80304183739757,0.1904499393374986,0.963530142224043,0.234214203014437
pilot-meta-edgecore-mesa-az,2015-06-17,0,62.77303723368472,0.1417966490308607,0.9614891419489128,0.2621065260702299
pilot-meta-edgecore-mesa-az,2015-06-17,1,62.95830948877567,0.1565540098339315,0.9599910468152296,0.2541926221713559
pilot-meta-edgecore-mesa-az,2015-06-17,2,62.2275747697941,0.1603093450682947,0.9608070926590506,0.2458526632656299
pilot-meta-edgecore-mesa-az,2015-06-17,3,60.43158328589147,0.1792833492973856,0.9633723215737184,0.232331600497275
pilot-meta-edgecore-mesa-az,2015-06-17,4,60.14266266708095,0.1907813813313439,0.9635646331060688,0.2287911824029538
pilot-meta-edgecore-mesa-az,2015-07-19,1,29.084116583953616,0.1364666641432921,0.9626741643602302,0.2177182141481264
pilot-meta-edgecore-mesa-az,2015-07-19,2,23.747666137575703,0.1495188982754061,0.9582715695502984,0.2046370867368596
pilot-meta-edgecore-mesa-az,2015-07-19,3,32.70977497517773,0.1836909644747172,0.9645519784599336,0.233970324154825
pilot-meta-edgecore-mesa-az,2015-07-19,4,30.117538965517216,0.186294035368988,0.9616622317646136,0.2282279435519329
pilot-meta-edgecore-mesa-az,2015-08-04,0,60.97262160292385,0.1314456201135907,0.9614891419489128,0.2595386263354191
pilot-meta-edgecore-mesa-az,2015-08-04,1,61.15919884510182,0.1459459941535335,0.9599910468152296,0.2501060822232605
pilot-meta-edgecore-mesa-az,2015-08-04,2,60.32671135469122,0.1539122626778147,0.960804102647386,0.2407137917117964
pilot-meta-edgecore-mesa-az,2015-08-04,3,58.34581226127073,0.1804850680209431,0.963377302069392,0.2270065852629828
pilot-meta-edgecore-mesa-az,2015-08-04,4,58.63540288789534,0.1754310492504939,0.9634462521057978,0.2249840212175585
pilot-meta-edgecore-mesa-az,2015-08-20,0,59.13645495148224,0.1395311080245903,0.9614891419489128,0.2604258335522868
pilot-meta-edgecore-mesa-az,2015-08-20,1,59.68179413142844,0.1505266462002687,0.9599910468152296,0.2525775019711009
pilot-meta-edgecore-mesa-az,2015-08-20,2,58.94506397461392,0.1582403961421072,0.9608041026473858,0.2414348239167427
pilot-meta-edgecore-mesa-az,2015-08-20,3,57.32825730857328,0.1808677341451455,0.9633736611559796,0.2254364050659471
pilot-meta-edgecore-mesa-az,2015-08-20,4,57.53027460355532,0.1782724952778884,0.9634570889429758,0.2246295432932774
pilot-meta-edgecore-mesa-az,2015-10-07,0,30.05723428398348,0.1608745045075228,0.9614891419489128,0.1735603431771597
pilot-meta-edgecore-mesa-az,2015-10-07,1,30.12169467755582,0.1680199088108193,0.9599910468152294,0.1729075242301597
pilot-meta-edgecore-mesa-az,2015-10-07,2,30.153403271769324,0.1768059727866983,0.9606952252054166,0.1854032149178296
pilot-meta-edgecore-mesa-az,2015-10-07,3,29.25634796487519,0.200625706889402,0.9635123331693242,0.1779769680698869
pilot-meta-edgecore-mesa-az,2015-10-07,4,28.41542133762591,0.2246236646422594,0.964536262410023,0.183035345339233
pilot-meta-edgecore-mesa-az,2015-10-23,0,38.87224544335032,0.1445947038175027,0.9614891419489128,0.2446765979246651
pilot-meta-edgecore-mesa-az,2015-10-23,1,39.55282196399315,0.1504346326593476,0.9599910468152296,0.2379381726418955
pilot-meta-edgecore-mesa-az,2015-10-23,2,39.18938017964723,0.1600470473060397,0.960804102647386,0.2228340996797023
pilot-meta-edgecore-mesa-az,2015-10-23,3,38.08034940292911,0.1885348780774332,0.9633708439364256,0.2028867128233994
pilot-meta-edgecore-mesa-az,2015-10-23,4,38.06449268864751,0.1909785597377418,0.96343631964641,0.2019092110785852
pilot-meta-edgecore-mesa-az,2015-11-08,0,32.477975223628796,0.1357199192786106,0.9614891419489128,0.2366620105917804
pilot-meta-edgecore-mesa-az,2015-11-08,1,32.89630865469214,0.1404218422831978,0.9599910468152294,0.2327494424433252
pilot-meta-edgecore-mesa-az,2015-11-08,2,32.73518393646084,0.1533667468083178,0.9608070926590506,0.2189261210495864
pilot-meta-edgecore-mesa-az,2015-11-08,3,31.9428927814518,0.1861907830408251,0.9633827203671684,0.1988894593324974
pilot-meta-edgecore-mesa-az,2015-11-08,4,32.04622357852378,0.1850142167922425,0.9634459438668168,0.1987330448492327
pilot-meta-edgecore-mesa-az,2015-11-24,0,29.114741159536617,0.1310373739285791,0.9614891419489128,0.2354795245005217
pilot-meta-edgecore-mesa-az,2015-11-24,1,29.629246709664063,0.1334034059929435,0.9599910468152294,0.2329837624416062
pilot-meta-edgecore-mesa-az,2015-11-24,2,29.21721309095387,0.1499649434283082,0.9608070926590506,0.2174885676933823
pilot-meta-edgecore-mesa-az,2015-11-24,3,28.327887010409125,0.1835680154548054,0.963378038390491,0.1967182213828544
pilot-meta-edgecore-mesa-az,2015-11-24,4,28.2145510479465,0.1863047969575442,0.9634799418504026,0.1964127429494762
pilot-meta-edgecore-mesa-az,2015-12-10,0,16.645783994553582,0.1153280982873839,0.9614891419489128,0.2218902170161875
pilot-meta-edgecore-mesa-az,2015-12-10,1,16.909653168256295,0.1178382487566014,0.9599910468152296,0.2226809448056728
pilot-meta-edgecore-mesa-az,2015-12-10,2,16.58566517258957,0.1329278941875591,0.960804102647386,0.2131565398711504
pilot-meta-edgecore-mesa-az,2015-12-10,3,15.992360692004878,0.1598923738824829,0.963351163434968,0.2028082431101998
pilot-meta-edgecore-mesa-az,2015-12-10,4,16.257293055950754,0.1667281536040832,0.9634635924881828,0.2032498976157952
pilot-meta-edgecore-mesa-az,2015-12-26,0,14.242543372101435,0.1203987554426382,0.9614891419489128,0.2295899727333442
pilot-meta-edgecore-mesa-az,2015-12-26,1,14.476815082253896,0.1243216193477922,0.9599910468152294,0.2271789280978279
pilot-meta-edgecore-mesa-az,2015-12-26,2,14.44641812660104,0.1414537646468762,0.9608070926590506,0.2112440222310487
pilot-meta-edgecore-mesa-az,2015-12-26,3,14.052605310158183,0.1725525232919895,0.9633813625707502,0.1907347446849304
pilot-meta-edgecore-mesa-az,2015-12-26,4,14.113998139369125,0.1839680129470944,0.9635657097148344,0.1895346158096375
pilot-meta-edgecore-mesa-az,2016-01-11,0,15.0979546387499,0.1409849399239235,0.9614891419489128,0.1722858326768952
pilot-meta-edgecore-mesa-az,2016-01-11,1,15.294175457105505,0.1455387557273158,0.9599910468152294,0.1758932973333916
pilot-meta-edgecore-mesa-az,2016-01-11,2,15.35402453477706,0.1590194442084189,0.9608100826707152,0.1704053179383805
pilot-meta-edgecore-mesa-az,2016-01-11,3,15.62677786247248,0.1818013490740992,0.9634007155404168,0.1589801314403482
pilot-meta-edgecore-mesa-az,2016-01-11,4,15.74318468598574,0.1972159619658774,0.963568179680217,0.1588882521613556
pilot-meta-edgecore-mesa-az,2016-01-27,0,23.65759588981351,0.1243263039723017,0.9614891419489128,0.2337107825427181
pilot-meta-edgecore-mesa-az,2016-01-27,1,24.08173451052781,0.133425568931671,0.9599910468152296,0.2302627833999559
pilot-meta-edgecore-mesa-az,2016-01-27,2,23.576576916983004,0.1456942990845427,0.9608070926590508,0.216587244129639
pilot-meta-edgecore-mesa-az,2016-01-27,3,22.925672518803793,0.1714618699336349,0.9633713417900528,0.196354158706338
pilot-meta-edgecore-mesa-az,2016-01-27,4,22.805094224655523,0.1861226296466882,0.9635934289374544,0.1942421426675227
pilot-meta-edgecore-mesa-az,2016-02-12,0,30.022088821275272,0.1372071656816231,0.9614891419489128,0.2427136807053955
pilot-meta-edgecore-mesa-az,2016-02-12,1,30.429056686036265,0.1470660073148705,0.9599910468152296,0.2367877156580089
pilot-meta-edgecore-mesa-az,2016-02-12,2,29.995034912371327,0.1562576444885547,0.9608070926590508,0.2225647917574152
pilot-meta-edgecore-mesa-az,2016-02-12,3,29.226227205348813,0.1791438838186941,0.9633702229164608,0.2030252233107547
pilot-meta-edgecore-mesa-az,2016-02-12,4,29.14988828921254,0.1951571335252488,0.963590921222329,0.1994053801611791
pilot-meta-edgecore-mesa-az,2016-02-28,0,35.55744082440399,0.1539100676186719,0.9614891419489128,0.2457772240235403
pilot-meta-edgecore-mesa-az,2016-02-28,1,35.9138191206922,0.1631538733722151,0.9599910468152296,0.2394968517829976
pilot-meta-edgecore-mesa-az,2016-02-28,2,35.43140412321144,0.1696097773643321,0.960804102647386,0.226115422568009
pilot-meta-edgecore-mesa-az,2016-02-28,3,34.38553603925307,0.1897354044188174,0.9633781008981664,0.2074278727807014
pilot-meta-edgecore-mesa-az,2016-02-28,4,34.231905188401605,0.2061272133057549,0.9636013434551776,0.2037600555270535
pilot-meta-edgecore-mesa-az,2016-03-15,0,38.40045456075309,0.1545509195658022,0.9614891419489128,0.245218068117215
pilot-meta-edgecore-mesa-az,2016-03-15,1,38.662360115841615,0.1626639354961619,0.9599910468152296,0.2365292070267512
pilot-meta-edgecore-mesa-az,2016-03-15,2,37.9784087187933,0.1703373331735307,0.960804102647386,0.2223525883329355
pilot-meta-edgecore-mesa-az,2016-03-15,3,36.73814178007708,0.1921400593143229,0.9633698036458824,0.2042879344358346
pilot-meta-edgecore-mesa-az,2016-03-15,4,36.72746664873585,0.2058408771175294,0.9635872159349708,0.2064280619978692
pilot-meta-edgecore-mesa-az,2016-03-31,0,38.36173460617355,0.1455105094432183,0.9614891419489128,0.2619860805326444
pilot-meta-edgecore-mesa-az,2016-03-31,1,38.713481882751346,0.1528657094692501,0.9599910468152296,0.2555114564348927
pilot-meta-edgecore-mesa-az,2016-03-31,2,37.7634096493382,0.1637525254146725,0.9608041026473858,0.2423999615778994
pilot-meta-edgecore-mesa-az,2016-03-31,3,36.40067041784559,0.1883939449578409,0.9633730763849466,0.2219917983037685
pilot-meta-edgecore-mesa-az,2016-03-31,4,36.39743825490034,0.1997351345623378,0.9635876190661646,0.2209155311648488
pilot-meta-edgecore-mesa-az,2016-04-16,0,42.318618918525374,0.1297446654337002,0.9614891419489128,0.264821257471081
pilot-meta-edgecore-mesa-az,2016-04-16,1,42.637421101992125,0.1375147159495328,0.9599910468152296,0.2580795241794433
pilot-meta-edgecore-mesa-az,2016-04-16,2,41.77394955140294,0.1521171720306889,0.9608070926590508,0.2444062478222073
pilot-meta-edgecore-mesa-az,2016-04-16,3,40.33723559553606,0.1802498020313055,0.9633808734516396,0.2248714313713338
pilot-meta-edgecore-mesa-az,2016-04-16,4,40.44677911211392,0.1804750457660171,0.9634951733363316,0.222746722240389
pilot-meta-edgecore-mesa-az,2016-05-02,0,50.60056809806322,0.1284161809045793,0.9614891419489128,0.2628276573263497
pilot-meta-edgecore-mesa-az,2016-05-02,1,50.62346727598485,0.1344215221067448,0.9599910468152296,0.2555638293520783
pilot-meta-edgecore-mesa-az,2016-05-02,2,49.76006786832213,0.1484206981249571,0.960804102647386,0.2429828375155799
pilot-meta-edgecore-mesa-az,2016-05-02,3,48.15604463683601,0.1748912490122702,0.9633716328578026,0.2272606915199668
pilot-meta-edgecore-mesa-az,2016-05-02,4,48.16749687687531,0.1718817019805548,0.9634416905742508,0.2265510757550565
pilot-meta-edgecore-mesa-az,2016-05-18,0,42.12734455548804,0.1265016457843045,0.9614891419489128,0.288513121434985
pilot-meta-edgecore-mesa-az,2016-05-18,1,41.04994094024341,0.13501141970295,0.9599247872865936,0.2985152355868181
pilot-meta-edgecore-mesa-az,2016-05-18,2,40.76809076626592,0.1424135514220122,0.960306834645426,0.2896046430458351
pilot-meta-edgecore-mesa-az,2016-05-18,3,38.502891875791825,0.1534245063118665,0.962345960160222,0.2639787790127558
pilot-meta-edgecore-mesa-az,2016-05-18,4,38.424395478907314,0.1599939995165012,0.9621379959977504,0.2593591165778157
pilot-meta-edgecore-mesa-az,2016-06-03,0,60.65005795337639,0.1204773021039076,0.9614891419489128,0.2805386002731818
pilot-meta-edgecore-mesa-az,2016-06-03,1,60.83273463132664,0.1283060943978262,0.9599910468152296,0.2715628565693196
pilot-meta-edgecore-mesa-az,2016-06-03,2,60.38634162550627,0.1422132872501458,0.9608041026473858,0.2567211909022109
pilot-meta-edgecore-mesa-az,2016-06-03,3,58.5518959125987,0.1680969185214788,0.963370918821449,0.2381283830133139
pilot-meta-edgecore-mesa-az,2016-06-03,4,59.07448811014595,0.1631399922865448,0.9634351118867476,0.2372750766930478
pilot-meta-edgecore-mesa-az,2016-06-19,0,62.805846078837654,0.1193037479918243,0.9614891419489128,0.2791672505817954
pilot-meta-edgecore-mesa-az,2016-06-19,1,62.76673575112962,0.1313994833723521,0.9599910468152296,0.269651327468323
pilot-meta-edgecore-mesa-az,2016-06-19,2,62.25910689710224,0.1444336307988659,0.9608070926590508,0.2551778082342646
pilot-meta-edgecore-mesa-az,2016-06-19,3,60.51610630111723,0.1702461009328534,0.9633762999043908,0.2376664767901078
pilot-meta-edgecore-mesa-az,2016-06-19,4,61.01599926330951,0.1636607187048983,0.9634327907864269,0.2372985119919841
pilot-meta-edgecore-mesa-az,2016-07-05,0,62.118597725669154,0.1169882549090199,0.9614891419489128,0.28132882308504
pilot-meta-edgecore-mesa-az,2016-07-05,1,61.94948676442141,0.1343984095619939,0.9599910468152296,0.2708987629731957
pilot-meta-edgecore-mesa-az,2016-07-05,2,61.51971462736228,0.1478419495648632,0.960804102647386,0.2557839242359516
pilot-meta-edgecore-mesa-az,2016-07-05,3,59.83756417890016,0.1773171365263347,0.9633784065924365,0.2348214989350856
pilot-meta-edgecore-mesa-az,2016-07-05,4,60.35046389795296,0.1693620516698237,0.9634389364411532,0.2340959201007298
pilot-meta-edgecore-mesa-az,2016-07-21,0,69.07421148435346,0.1192936892587196,0.9614891419489128,0.2735309159900877
pilot-meta-edgecore-mesa-az,2016-07-21,1,68.8664636682494,0.1359741009517714,0.9599910468152294,0.2625447106609311
pilot-meta-edgecore-mesa-az,2016-07-21,2,68.14393369287079,0.1500318937992164,0.9608070926590506,0.2482274360642743
pilot-meta-edgecore-mesa-az,2016-07-21,3,66.17895251416421,0.1808317802561751,0.9633765001359316,0.2303507533465948
pilot-meta-edgecore-mesa-az,2016-07-21,4,66.84176477362426,0.171055221245657,0.963425582335342,0.2312057322053444
pilot-meta-edgecore-mesa-az,2016-08-06,0,62.9640125536339,0.1150672474905643,0.9614891419489128,0.2726836374948992
pilot-meta-edgecore-mesa-az,2016-08-06,1,62.949329948225554,0.1323158684518977,0.9599910468152296,0.2613900770920027
pilot-meta-edgecore-mesa-az,2016-08-06,2,62.32199056673021,0.146402798222485,0.9608070926590506,0.2475529601643662
pilot-meta-edgecore-mesa-az,2016-08-06,3,60.27631114014137,0.1797333592991145,0.9633669584979544,0.2285175720898487
pilot-meta-edgecore-mesa-az,2016-08-06,4,60.156153547473465,0.1714497668280264,0.9634134491141026,0.2286976782876953
pilot-meta-edgecore-mesa-az,2016-08-22,0,57.26819349400544,0.11518330386294,0.9614891419489128,0.2728797926034479
pilot-meta-edgecore-mesa-az,2016-08-22,1,57.25331710293449,0.1315301742890813,0.9599910468152296,0.2617911845773007
pilot-meta-edgecore-mesa-az,2016-08-22,2,56.50993963151542,0.14592768857044,0.9608041026473858,0.2480370144621927
pilot-meta-edgecore-mesa-az,2016-08-22,3,54.67676658948414,0.1782473313018507,0.9633749689462572,0.228035964106179
pilot-meta-edgecore-mesa-az,2016-08-22,4,54.90625603410018,0.1737542462402454,0.9634184493480296,0.2288599341946074
pilot-meta-edgecore-mesa-az,2016-09-23,0,28.28969244391808,0.107434736816616,0.9613258129148264,0.2873770322753846
pilot-meta-edgecore-mesa-az,2016-09-23,1,31.005158109482416,0.1249731566043624,0.9599940384322108,0.2668924912783322
pilot-meta-edgecore-mesa-az,2016-09-23,2,31.794012109508856,0.1354819004940581,0.960862316238215,0.2490940562125806
pilot-meta-edgecore-mesa-az,2016-09-23,3,31.20695145571123,0.1649449272452329,0.9633331821485608,0.2237564744279428
pilot-meta-edgecore-mesa-az,2016-09-23,4,31.66155837652143,0.1602410873812067,0.9633921662904816,0.2251202572351912
pilot-meta-edgecore-mesa-az,2016-10-09,0,48.914281948177816,0.1148810506676248,0.9614891419489128,0.2660438404858956
pilot-meta-edgecore-mesa-az,2016-10-09,1,48.951921610217546,0.1303136830141308,0.9599910468152296,0.2553963158787532
pilot-meta-edgecore-mesa-az,2016-10-09,2,48.300052167542546,0.1457565558600995,0.9608041026473858,0.2374771318982962
pilot-meta-edgecore-mesa-az,2016-10-09,3,46.713430511778625,0.176907769821754,0.9633720889982504,0.2117549425026929
pilot-meta-edgecore-mesa-az,2016-10-09,4,47.11359257837316,0.1740841431690198,0.963413769111931,0.2107181055988526
pilot-meta-edgecore-mesa-az,2016-10-25,0,45.544200963282016,0.114343742336422,0.9614891419489128,0.2622284215058931
pilot-meta-edgecore-mesa-az,2016-10-25,1,45.70838248235778,0.1269835539516359,0.9599910468152296,0.2512153664051436
pilot-meta-edgecore-mesa-az,2016-10-25,2,45.080091016182465,0.1470053846612078,0.9608041026473858,0.2327632365836749
pilot-meta-edgecore-mesa-az,2016-10-25,3,43.56887813917905,0.1839352816931251,0.963378903866522,0.2064764514223208
pilot-meta-edgecore-mesa-az,2016-10-25,4,43.808099387053595,0.1799183193721076,0.9634400903976088,0.2056511141777889
pilot-meta-edgecore-mesa-az,2016-11-10,0,33.03664575853211,0.1104516951301412,0.9614891419489128,0.2627767472690124
pilot-meta-edgecore-mesa-az,2016-11-10,1,33.19558107071954,0.1233467970147486,0.9599910468152294,0.2520293563292133
pilot-meta-edgecore-mesa-az,2016-11-10,2,32.94361275516384,0.1448994848266126,0.9608041026473858,0.2334484220274978
pilot-meta-edgecore-mesa-az,2016-11-10,3,32.12600272537262,0.1855601613451821,0.9633753052872264,0.2065577546291162
pilot-meta-edgecore-mesa-az,2016-11-10,4,32.548629455731266,0.1840741459056401,0.9634538124562796,0.2069809225714684
pilot-meta-edgecore-mesa-az,2016-12-12,0,23.350507046830167,0.1161596128943501,0.9614891419489128,0.2596549629074386
pilot-meta-edgecore-mesa-az,2016-12-12,1,24.173615128224295,0.1233737850044796,0.9599910468152294,0.2509521754841899
pilot-meta-edgecore-mesa-az,2016-12-12,2,24.319249666150423,0.1480487813556722,0.9608180173295024,0.2308639245225086
pilot-meta-edgecore-mesa-az,2016-12-12,3,23.622923500532256,0.1846955887301846,0.9633710658179758,0.2018829241322452
pilot-meta-edgecore-mesa-az,2016-12-12,4,23.844453255447966,0.1854950807487229,0.963471258748609,0.1912964880120051
pilot-meta-edgecore-mesa-az,2017-01-29,0,21.83078232424604,0.1347707832888368,0.9614891419489128,0.2435767639108019
pilot-meta-edgecore-mesa-az,2017-01-29,1,22.145766892928897,0.1414450420548967,0.9599910468152296,0.2359915107587703
pilot-meta-edgecore-mesa-az,2017-01-29,2,21.98471616289904,0.1562553843417586,0.9608385893838692,0.2206455042689991
pilot-meta-edgecore-mesa-az,2017-01-29,3,21.927194905408452,0.1823370755953506,0.9633656089531012,0.1959959384172381
pilot-meta-edgecore-mesa-az,2017-01-29,4,21.940717680918,0.2024795731763912,0.963563036286548,0.1942586296632928
pilot-meta-edgecore-mesa-az,2017-02-14,0,11.046818984115436,0.1548967424657161,0.9614891419489128,0.2377950915140107
pilot-meta-edgecore-mesa-az,2017-02-14,1,10.825990666347163,0.1595259844809659,0.9599910468152296,0.2312408512929747
pilot-meta-edgecore-mesa-az,2017-02-14,2,10.509443506798204,0.1633419063050078,0.9604716907765398,0.2235561365653454
pilot-meta-edgecore-mesa-az,2017-02-14,3,11.325523084898036,0.1807273496481271,0.9626034957731722,0.2089631433672762
pilot-meta-edgecore-mesa-az,2017-02-14,4,11.986838474594716,0.2202201332010235,0.9641538048862698,0.2150703176058834
pilot-meta-edgecore-mesa-az,2017-03-02,0,27.91985548202262,0.221561217945468,0.9614891419489128,0.2381920186420723
pilot-meta-edgecore-mesa-az,2017-03-02,1,28.333860013165364,0.2307515981818519,0.9599910468152296,0.2286052042488803
pilot-meta-edgecore-mesa-az,2017-03-02,2,28.418765411963136,0.2181867617451763,0.9608367218361304,0.2176605107042153
pilot-meta-edgecore-mesa-az,2017-03-02,3,28.28487047047862,0.211451924607093,0.9633918973356428,0.1995577303264092
pilot-meta-edgecore-mesa-az,2017-03-02,4,28.006458691637725,0.2278481189496209,0.9636045133354536,0.1986296209458592
pilot-meta-edgecore-mesa-az,2017-03-18,0,44.0791877388333,0.1769172321714729,0.9614891419489128,0.2472263997808421
pilot-meta-edgecore-mesa-az,2017-03-18,1,44.40804464307137,0.1820742671418453,0.9599910468152294,0.23937228959127
pilot-meta-edgecore-mesa-az,2017-03-18,2,43.60863539582107,0.1848472979570544,0.9608259036062232,0.2289068097601664
pilot-meta-edgecore-mesa-az,2017-03-18,3,42.31755153708787,0.1923257496377797,0.963376457829412,0.2106349460193401
pilot-meta-edgecore-mesa-az,2017-03-18,4,42.25576189196366,0.2053786736600267,0.963584625756119,0.2085639618235693
pilot-meta-edgecore-mesa-az,2017-04-03,0,43.779561990803494,0.1467915824843463,0.9614891419489128,0.2571954872547695
pilot-meta-edgecore-mesa-az,2017-04-03,1,44.08010676229084,0.1531267748557615,0.9599910468152296,0.2488041047401635
pilot-meta-edgecore-mesa-az,2017-04-03,2,43.22220862209553,0.1638354186875185,0.9608261745457918,0.2370742137581102
pilot-meta-edgecore-mesa-az,2017-04-03,3,41.68241150509546,0.1836888559907973,0.963377102955538,0.217678363867752
pilot-meta-edgecore-mesa-az,2017-04-03,4,41.86549654493616,0.1842389656538983,0.963480540123129,0.216008592348689
pilot-meta-edgecore-mesa-az,2017-04-19,0,51.3287827391589,0.1386200486228121,0.9614891419489128,0.2648184729550302
pilot-meta-edgecore-mesa-az,2017-04-19,1,51.7733453287076,0.143844355227554,0.9599910468152296,0.255827706682775
pilot-meta-edgecore-mesa-az,2017-04-19,2,50.84437015188661,0.1561807826325037,0.9608189462651652,0.2435010127510961
pilot-meta-edgecore-mesa-az,2017-04-19,3,49.270034537768005,0.1773313915517588,0.9633739826910466,0.2232889280047001
pilot-meta-edgecore-mesa-az,2017-04-19,4,49.558885943894595,0.1783498822041755,0.963469281931666,0.2217874106087829
pilot-meta-edgecore-mesa-az,2017-05-05,0,58.29466153204432,0.1346509858174069,0.9614891419489128,0.2709271322236641
pilot-meta-edgecore-mesa-az,2017-05-05,1,58.39479635058965,0.1401441958110562,0.9599910468152294,0.2621104853801953
pilot-meta-edgecore-mesa-az,2017-05-05,2,57.64094460295072,0.152094927689686,0.9608142144991324,0.2499127026468216
pilot-meta-edgecore-mesa-az,2017-05-05,3,56.030521034000415,0.1725666182539766,0.9633687771263456,0.2295074903492572
pilot-meta-edgecore-mesa-az,2017-05-05,4,56.28465794281807,0.1755692093254775,0.9634746152526183,0.2291439395029486
pilot-meta-edgecore-mesa-az,2017-05-21,0,56.20347996046377,0.1295128445252875,0.9614891419489128,0.2770579711741449
pilot-meta-edgecore-mesa-az,2017-05-21,1,56.34007926429625,0.1386705602366915,0.9599910468152296,0.2675129697156135
pilot-meta-edgecore-mesa-az,2017-05-21,2,55.52336949358011,0.1483390339133519,0.9608070926590506,0.2557053019366021
pilot-meta-edgecore-mesa-az,2017-05-21,3,53.88106254436921,0.1717119271394717,0.9633736439905164,0.2352336241027366
pilot-meta-edgecore-mesa-az,2017-05-21,4,53.99499345456107,0.175589632453331,0.9635073643428924,0.234882098095206
pilot-meta-edgecore-mesa-az,2017-06-06,0,61.20098501416316,0.1322629079244928,0.9614891419489128,0.281298393033737
pilot-meta-edgecore-mesa-az,2017-06-06,1,60.88560954218222,0.1440992675646797,0.9599910468152294,0.2673023100504964
pilot-meta-edgecore-mesa-az,2017-06-06,2,60.506494692520455,0.151791604866786,0.9608070926590506,0.256523558547685
pilot-meta-edgecore-mesa-az,2017-06-06,3,57.79022427231599,0.1729021802398472,0.963370783498541,0.2363144801758067
pilot-meta-edgecore-mesa-az,2017-06-06,4,57.52981166884731,0.1748041068988308,0.963506846998189,0.2365905476912324
pilot-meta-edgecore-mesa-az,2017-06-22,0,64.01044624368177,0.1308007412644748,0.9614891419489128,0.2754550279146346
pilot-meta-edgecore-mesa-az,2017-06-22,1,63.224649093239265,0.1426025323437135,0.9599910468152294,0.2639586773399722
pilot-meta-edgecore-mesa-az,2017-06-22,2,62.957956128773034,0.1504092492705037,0.9608041026473858,0.2550111622648648
pilot-meta-edgecore-mesa-az,2017-06-22,3,61.050455076736995,0.1707714673082108,0.963376453855414,0.2341056234154496
pilot-meta-edgecore-mesa-az,2017-06-22,4,61.24482922026158,0.1717137277036532,0.963495888188624,0.233143628739278
pilot-meta-edgecore-mesa-az,2017-07-08,0,64.20400694531038,0.1307238277086958,0.9614891419489128,0.275899932964491
pilot-meta-edgecore-mesa-az,2017-07-08,1,63.974516560072566,0.1396099454301155,0.9599910468152296,0.2670526568057979
pilot-meta-edgecore-mesa-az,2017-07-08,2,63.59168904271575,0.1499412720843852,0.9608070926590508,0.2550315960709425
pilot-meta-edgecore-mesa-az,2017-07-08,3,61.6401021483146,0.1708765482798226,0.9633701678048368,0.2333382538057741
pilot-meta-edgecore-mesa-az,2017-07-08,4,61.97296515013089,0.1716865625081817,0.9634847880853744,0.2339841907415752
pilot-meta-edgecore-mesa-az,2017-08-09,0,58.37568211287309,0.1568663130078488,0.9614891419489128,0.2738909413231568
pilot-meta-edgecore-mesa-az,2017-08-09,1,58.75130615664824,0.1572443887937969,0.9599910468152294,0.2637357701554059
pilot-meta-edgecore-mesa-az,2017-08-09,2,58.73275519476371,0.1639852844613401,0.9608152982574056,0.2507284417261097
pilot-meta-edgecore-mesa-az,2017-08-09,3,57.18187486635291,0.1930615559075285,0.9633798133463009,0.2271864485781962
pilot-meta-edgecore-mesa-az,2017-08-09,4,57.214620831497456,0.2028474858169762,0.9634204711200246,0.2285107490427926
pilot-meta-edgecore-mesa-az,2017-08-25,0,58.6482334638884,0.1711259834943846,0.9614891419489128,0.2644895354970992
pilot-meta-edgecore-mesa-az,2017-08-25,1,58.83579023945963,0.1655068494175957,0.9599910468152296,0.2569478721939516
pilot-meta-edgecore-mesa-az,2017-08-25,2,58.70353237111404,0.1682741951345256,0.9608137790605406,0.2424376220843389
pilot-meta-edgecore-mesa-az,2017-08-25,3,57.257300531887395,0.1965424915957759,0.9633705292316675,0.2198976260074388
pilot-meta-edgecore-mesa-az,2017-08-25,4,57.33373853168099,0.2021237320574018,0.9634408016963536,0.2198193013412366
pilot-meta-edgecore-mesa-az,2017-09-10,0,57.31899977987761,0.1597395902304897,0.9614891419489128,0.2549143487988947
pilot-meta-edgecore-mesa-az,2017-09-10,1,57.55944194964313,0.158514282532411,0.9599910468152296,0.2478092445364132
pilot-meta-edgecore-mesa-az,2017-09-10,2,56.701999607154825,0.1659154797075078,0.960804102647386,0.2330226777687784
pilot-meta-edgecore-mesa-az,2017-09-10,3,55.14505270655294,0.1952875939396199,0.9633749494350314,0.213080328953061
pilot-meta-edgecore-mesa-az,2017-09-10,4,55.07847752406526,0.204656717528773,0.963517163687112,0.2138163647144687
pilot-meta-edgecore-mesa-az,2017-09-26,0,32.545593476405315,0.1392120243917628,0.961493596875205,0.2137665469476892
pilot-meta-edgecore-mesa-az,2017-09-26,1,31.825509972553103,0.1368176161136813,0.9598503325208032,0.2227312981504538
pilot-meta-edgecore-mesa-az,2017-09-26,2,32.63093723437844,0.1476427935024624,0.9608925161808756,0.2381310974470423
pilot-meta-edgecore-mesa-az,2017-09-26,3,32.823303862821106,0.1699162283790433,0.963417589287624,0.2245976333614885
pilot-meta-edgecore-mesa-az,2017-09-26,4,32.2427536709339,0.1789746450778101,0.9636336261782648,0.2128581089792609
pilot-meta-edgecore-mesa-az,2017-10-12,0,46.904199847143886,0.1390851459721644,0.9614891419489128,0.2595813058570037
pilot-meta-edgecore-mesa-az,2017-10-12,1,46.68100564046364,0.13656207574639,0.9599922763793004,0.2531542717346449
pilot-meta-edgecore-mesa-az,2017-10-12,2,46.344460283156266,0.1504309144348221,0.9607198575587887,0.2371921166079666
pilot-meta-edgecore-mesa-az,2017-10-12,3,45.11037497236101,0.178339951526891,0.9633712532104916,0.2118266500594081
pilot-meta-edgecore-mesa-az,2017-10-12,4,45.245962569073846,0.1913702558875565,0.9635834017554958,0.2137248427619066
pilot-meta-edgecore-mesa-az,2017-10-28,0,40.5977628988871,0.1377091335401845,0.9614891419489128,0.2551620795199105
pilot-meta-edgecore-mesa-az,2017-10-28,1,40.41100967282982,0.1350588546062282,0.9599904052745216,0.2512821940550061
pilot-meta-edgecore-mesa-az,2017-10-28,2,40.20474358934592,0.1517110332563623,0.9607384656886708,0.2345643853540559
pilot-meta-edgecore-mesa-az,2017-10-28,3,38.918635155481226,0.1860502806587118,0.963371688925266,0.206587816768932
pilot-meta-edgecore-mesa-az,2017-10-28,4,38.91564332639657,0.194630542886586,0.9635739649713176,0.2079244773015092
pilot-meta-edgecore-mesa-az,2017-11-13,0,34.091040663299225,0.1444977630375606,0.9614891419489128,0.2509684957404965
pilot-meta-edgecore-mesa-az,2017-11-13,1,33.53425896805726,0.1427813449541935,0.9599964421006866,0.2482980714841742
pilot-meta-edgecore-mesa-az,2017-11-13,2,33.32576846994372,0.1628170254055391,0.9610956441502448,0.2288592745286648
pilot-meta-edgecore-mesa-az,2017-11-13,3,31.21906208062509,0.1959082199832153,0.9632839989074692,0.2066903088573067
pilot-meta-edgecore-mesa-az,2017-11-13,4,29.84078016115445,0.1889824368911039,0.9633876135632888,0.203422041111865
pilot-meta-edgecore-mesa-az,2017-12-15,0,26.39171829491046,0.1320124087968572,0.9614891419489128,0.2422326988918565
pilot-meta-edgecore-mesa-az,2017-12-15,1,26.65694280101801,0.1296054728148226,0.9599910468152296,0.243377248253727
pilot-meta-edgecore-mesa-az,2017-12-15,2,26.338058785697495,0.151492675098727,0.9608070926590506,0.2190682998286953
pilot-meta-edgecore-mesa-az,2017-12-15,3,25.231386934266563,0.1882202548069942,0.9633832825084908,0.1914702090135887
pilot-meta-edgecore-mesa-az,2017-12-15,4,25.42618243772075,0.1838924405102996,0.9634511845723266,0.1934616041470112
pilot-meta-edgecore-mesa-az,2018-01-16,0,23.68923781158448,0.1284533683891945,0.9614891419489128,0.2411335600358985
pilot-meta-edgecore-mesa-az,2018-01-16,1,23.994612934136768,0.1238030129515115,0.9599910468152296,0.2423596499502854
pilot-meta-edgecore-mesa-az,2018-01-16,2,23.805337146212583,0.1426319254315193,0.9608083409163476,0.2216229827324473
pilot-meta-edgecore-mesa-az,2018-01-16,3,23.284219981781515,0.1748476146372694,0.963367084893166,0.1946079518496105
pilot-meta-edgecore-mesa-az,2018-01-16,4,23.441080614245376,0.1737052962676403,0.9634517909789256,0.1971854725258306
pilot-meta-edgecore-mesa-az,2018-02-01,0,25.66520381440579,0.1242145821971609,0.9614891419489128,0.2508474796594738
pilot-meta-edgecore-mesa-az,2018-02-01,1,25.779786792718724,0.1200194619720504,0.9599910468152294,0.2521637518873754
pilot-meta-edgecore-mesa-az,2018-02-01,2,25.053979495565684,0.1389079995291169,0.9608041026473858,0.2292634981621265
pilot-meta-edgecore-mesa-az,2018-02-01,3,23.747347970858645,0.1673543707224222,0.9633556331006584,0.2023229352192597
pilot-meta-edgecore-mesa-az,2018-02-01,4,23.87437919628399,0.1665089333284498,0.963447037314754,0.2049710180111578
pilot-meta-edgecore-mesa-az,2018-02-17,0,9.27527720066417,0.1143154981741059,0.9614902900665888,0.2668868193533476
pilot-meta-edgecore-mesa-az,2018-02-17,1,9.24380761542028,0.1133259916813685,0.9599389882035976,0.2568447273342041
pilot-meta-edgecore-mesa-az,2018-02-17,2,10.282896460915628,0.1202247412676775,0.9602415915480148,0.2401438802104519
pilot-meta-edgecore-mesa-az,2018-02-17,3,11.726066940804914,0.1435812506898759,0.9624198695187356,0.2162745169016542
pilot-meta-edgecore-mesa-az,2018-02-17,4,13.21665928288685,0.1447941864183428,0.9629802184678462,0.2299135240282852
pilot-meta-edgecore-mesa-az,2018-03-05,0,27.311874857360394,0.1164261383782665,0.9614891419489128,0.2530503437766024
pilot-meta-edgecore-mesa-az,2018-03-05,1,27.8885571496165,0.1136965767868859,0.9599910468152296,0.2482770514953742
pilot-meta-edgecore-mesa-az,2018-03-05,2,27.98891760490009,0.1299934623554927,0.9608041026473858,0.2260899630100637
pilot-meta-edgecore-mesa-az,2018-03-05,3,28.98712486089852,0.159374627296562,0.963358984781535,0.2096252808525753
pilot-meta-edgecore-mesa-az,2018-03-05,4,29.9084416617548,0.1590414323908525,0.9634345541316042,0.2125825397172869
pilot-meta-edgecore-mesa-az,2018-04-06,0,35.50584718241118,0.1153313566731596,0.9614891419489128,0.2416956153635367
pilot-meta-edgecore-mesa-az,2018-04-06,1,35.19868216877675,0.1171202459116828,0.9599910468152296,0.238436859310948
pilot-meta-edgecore-mesa-az,2018-04-06,2,34.3998825022687,0.1314293591783473,0.9608041026473858,0.2266955511781196
pilot-meta-edgecore-mesa-az,2018-04-06,3,33.167427161015546,0.159397490811433,0.963359664928518,0.2094577267815988
pilot-meta-edgecore-mesa-az,2018-04-06,4,33.26721858146687,0.1570913248305965,0.9634405648408176,0.2119389299052354
pilot-meta-edgecore-mesa-az,2018-04-22,0,49.61988775812612,0.1167885400325167,0.9614891419489128,0.2753670400112832
pilot-meta-edgecore-mesa-az,2018-04-22,1,49.475528377313275,0.1167900000395548,0.9599910468152296,0.2679759448714325
pilot-meta-edgecore-mesa-az,2018-04-22,2,48.63082070231778,0.1336382106384352,0.9608041026473858,0.2489365981093879
pilot-meta-edgecore-mesa-az,2018-04-22,3,46.90186709041569,0.1667195299104776,0.963377658639114,0.2277073819292148
pilot-meta-edgecore-mesa-az,2018-04-22,4,47.70363498091004,0.1674501098263136,0.9635040253209072,0.2263336705964278
pilot-meta-edgecore-mesa-az,2018-05-08,0,57.24900447297586,0.113484332975525,0.9614891419489128,0.2735600279854861
pilot-meta-edgecore-mesa-az,2018-05-08,1,56.78414560426701,0.1148086910024301,0.9599910468152294,0.2695091453188072
pilot-meta-edgecore-mesa-az,2018-05-08,2,56.18609230857404,0.1326970864330476,0.9608041026473858,0.2531729990881962
pilot-meta-edgecore-mesa-az,2018-05-08,3,54.7289239382854,0.16468709116645,0.9633712977311109,0.2272448970313708
pilot-meta-edgecore-mesa-az,2018-05-08,4,55.008992908293926,0.1714833590371585,0.9635458125284226,0.2279201796921326
pilot-meta-edgecore-mesa-az,2018-05-24,0,55.21187538708081,0.112262078672768,0.9614891419489128,0.2791524653111635
pilot-meta-edgecore-mesa-az,2018-05-24,1,54.64710576881502,0.117587825429982,0.9599910468152296,0.2755102584904936
pilot-meta-edgecore-mesa-az,2018-05-24,2,54.25857168405879,0.1324165987641296,0.960804102647386,0.2596885111885966
pilot-meta-edgecore-mesa-az,2018-05-24,3,52.835496335981375,0.1643632262994343,0.9633699864359878,0.233399419639196
pilot-meta-edgecore-mesa-az,2018-05-24,4,53.14774727940341,0.1700013178111548,0.9635575271007164,0.2332637852367184
pilot-meta-edgecore-mesa-az,2018-06-09,0,60.051856353686574,0.1140447061307351,0.9614891419489128,0.2811835227328778
pilot-meta-edgecore-mesa-az,2018-06-09,1,59.63141590683773,0.1240032608655727,0.9599910468152294,0.2798917564063354
pilot-meta-edgecore-mesa-az,2018-06-09,2,59.12834879090515,0.1349397246488095,0.9608070926590506,0.2629882432085692
pilot-meta-edgecore-mesa-az,2018-06-09,3,57.60994504837075,0.165059333112585,0.9633733100643028,0.2363051146697186
pilot-meta-edgecore-mesa-az,2018-06-09,4,57.93157222803063,0.168881472882619,0.9635398385064606,0.2356552131643704
pilot-meta-edgecore-mesa-az,2018-06-25,0,60.69819456636516,0.112689672031068,0.9614891419489128,0.2792754986850521
pilot-meta-edgecore-mesa-az,2018-06-25,1,60.46678713430503,0.1205472828377329,0.9599910468152294,0.276202253977059
pilot-meta-edgecore-mesa-az,2018-06-25,2,59.69357772402325,0.1336070078821754,0.9608070926590506,0.259027194381865
pilot-meta-edgecore-mesa-az,2018-06-25,3,58.097717584635824,0.1664143741680825,0.9633656266567102,0.2312182004749338
pilot-meta-edgecore-mesa-az,2018-06-25,4,58.30541824289309,0.1693057411164939,0.9635255821567712,0.2319635740400964
pilot-meta-edgecore-mesa-az,2018-07-11,0,20.59129269136642,0.135510502879388,0.9596903504026596,0.2380805720565869
pilot-meta-edgecore-mesa-az,2018-07-11,1,34.03460968629231,0.1294194498205082,0.959859091599043,0.2584064894145853
pilot-meta-edgecore-mesa-az,2018-07-11,2,48.25613056962723,0.1397273199113276,0.9609259230583216,0.2552097736711179
pilot-meta-edgecore-mesa-az,2018-07-11,3,51.78881312784179,0.1749227460483939,0.9631196957116548,0.233367506390166
pilot-meta-edgecore-mesa-az,2018-07-11,4,54.05484751170335,0.1692258665101549,0.9629582513542534,0.2360636715533865
pilot-meta-edgecore-mesa-az,2018-07-27,0,42.00403615942779,0.1163163164044521,0.9614891419489128,0.268274281783219
pilot-meta-edgecore-mesa-az,2018-07-27,1,41.6223555360569,0.1203380829750153,0.9599910468152294,0.2628961159796931
pilot-meta-edgecore-mesa-az,2018-07-27,2,38.77862094863995,0.1308829061251432,0.9608181858935254,0.2495768903017451
pilot-meta-edgecore-mesa-az,2018-07-27,3,35.703302473185516,0.1537344266601349,0.9630797280424648,0.2335348617580516
pilot-meta-edgecore-mesa-az,2018-07-27,4,37.110111737679745,0.1566096735696485,0.9633679992250436,0.2386932271530338
pilot-meta-edgecore-mesa-az,2018-08-12,0,52.59922712983875,0.1205384732632286,0.9614891419489128,0.2607331674176723
pilot-meta-edgecore-mesa-az,2018-08-12,1,53.07061079472169,0.124194011131756,0.960009045327586,0.2595314186293035
pilot-meta-edgecore-mesa-az,2018-08-12,2,53.121299968647385,0.1392954354808057,0.9608294331063818,0.2444657483541748
pilot-meta-edgecore-mesa-az,2018-08-12,3,52.54085980106282,0.1790793191073817,0.9634036322893004,0.2139271809377779
pilot-meta-edgecore-mesa-az,2018-08-12,4,52.58906830020531,0.1862697978789667,0.9635574217085744,0.2177390664670754
pilot-meta-edgecore-mesa-az,2018-08-28,0,54.98810473347732,0.1400562994664028,0.9614891419489128,0.2724257161221813
pilot-meta-edgecore-mesa-az,2018-08-28,1,55.469474511153095,0.1367961219793763,0.9599910468152296,0.2676530649717994
pilot-meta-edgecore-mesa-az,2018-08-28,2,55.050909605963234,0.1481656727243854,0.9608041026473858,0.2492954973706632
pilot-meta-edgecore-mesa-az,2018-08-28,3,53.63017926842642,0.1881151163225853,0.9633853645246326,0.2185955542212714
pilot-meta-edgecore-mesa-az,2018-08-28,4,53.08064099522756,0.2078215536538649,0.9635781337555276,0.2226186621728696
pilot-meta-edgecore-mesa-az,2018-09-13,0,53.16858566488902,0.1355219743818604,0.9614891419489128,0.2737666239535432
pilot-meta-edgecore-mesa-az,2018-09-13,1,53.40583830516526,0.1334748762973067,0.9599910468152296,0.2703084213551445
pilot-meta-edgecore-mesa-az,2018-09-13,2,52.98611930321371,0.1451778823982219,0.9608070926590508,0.2511640926407028
pilot-meta-edgecore-mesa-az,2018-09-13,3,51.71743598120173,0.182373271238297,0.9633805458037908,0.2184400163286678
pilot-meta-edgecore-mesa-az,2018-09-13,4,51.61112981996698,0.1950050594368783,0.9635729934243382,0.221634776597502
pilot-meta-edgecore-mesa-az,2018-09-29,0,43.38839849098022,0.1264423456609891,0.9617891211553916,0.2274722941506018
pilot-meta-edgecore-mesa-az,2018-09-29,1,43.42351088500359,0.1251877810532677,0.9600317857244812,0.2272560552623604
pilot-meta-edgecore-mesa-az,2018-09-29,2,43.87028392082524,0.1407823239169799,0.960876312829944,0.2160718672686951
pilot-meta-edgecore-mesa-az,2018-09-29,3,43.15237779815121,0.1706820918943432,0.9635807330898648,0.2039722011503512
pilot-meta-edgecore-mesa-az,2018-09-29,4,43.86124669676585,0.1695755280052101,0.9636580761126304,0.2256668473321957
pilot-meta-edgecore-mesa-az,2018-10-15,0,31.19170337315725,0.1496966178965753,0.9614891419489128,0.2483998079571474
pilot-meta-edgecore-mesa-az,2018-10-15,1,31.733830915626708,0.1418238906861281,0.9599910468152294,0.2520353535619494
pilot-meta-edgecore-mesa-az,2018-10-15,2,32.31733292856985,0.1525598824175297,0.9608070926590506,0.2322016077848633
pilot-meta-edgecore-mesa-az,2018-10-15,3,33.10595662634935,0.1914609800145996,0.9633939696237688,0.1984576536367311
pilot-meta-edgecore-mesa-az,2018-10-15,4,33.00049544176641,0.1923894765460694,0.9634625336113866,0.1995615456999337
pilot-meta-edgecore-mesa-az,2018-10-31,0,32.638429515809435,0.1657361359693575,0.9614891419489128,0.252749355589788
pilot-meta-edgecore-mesa-az,2018-10-31,1,33.13696559745323,0.1559524797436173,0.9599910468152296,0.2534137786157744
pilot-meta-edgecore-mesa-az,2018-10-31,2,32.745301978597325,0.1631799545611274,0.9608070926590508,0.2348955533095364
pilot-meta-edgecore-mesa-az,2018-10-31,3,32.01922448350343,0.1979511474075203,0.9633852304022033,0.199880806065668
pilot-meta-edgecore-mesa-az,2018-10-31,4,32.15868423401207,0.1977598963908353,0.9634573347448792,0.1988493619770346
pilot-meta-edgecore-mesa-az,2018-11-16,0,26.85020819673305,0.1564327121421067,0.9614891419489128,0.2503212335312459
pilot-meta-edgecore-mesa-az,2018-11-16,1,27.106323758418263,0.1440235022026341,0.9599910468152296,0.2507222491701265
pilot-meta-edgecore-mesa-az,2018-11-16,2,26.201505767738027,0.154979957854337,0.9608041026473858,0.2331019665667816
pilot-meta-edgecore-mesa-az,2018-11-16,3,25.63194229935759,0.1905378103825805,0.9633715520807756,0.1986714307741252
pilot-meta-edgecore-mesa-az,2018-11-16,4,26.24276366878395,0.1899694805307597,0.9634447456428046,0.2009105882011173
pilot-meta-edgecore-mesa-az,2018-12-02,0,7.423261880000041,0.1355863679439038,0.9573,0.3424174749999999
pilot-meta-edgecore-mesa-az,2018-12-02,1,15.79938908599463,0.1422592051600867,0.9596134113411344,0.3351280741584159
pilot-meta-edgecore-mesa-az,2018-12-02,2,16.658228821253473,0.1407326426321817,0.9591075177443888,0.2888680116451085
pilot-meta-edgecore-mesa-az,2018-12-02,3,17.88722119017037,0.1937058547177704,0.9631381853747178,0.2315889725274466
pilot-meta-edgecore-mesa-az,2018-12-02,4,16.742446313586356,0.1734181672911831,0.962717487014297,0.2500462733466411
pilot-meta-edgecore-mesa-az,2018-12-18,0,23.08179265010399,0.1482849460497573,0.9614891419489128,0.2313290854947652
pilot-meta-edgecore-mesa-az,2018-12-18,1,23.317027956528975,0.136618662976528,0.9599910468152294,0.2341699353865405
pilot-meta-edgecore-mesa-az,2018-12-18,2,22.93818161459666,0.1543365941582991,0.9608070926590506,0.2144496925840213
pilot-meta-edgecore-mesa-az,2018-12-18,3,22.233308294811412,0.1921258386533455,0.9633765011432296,0.182210092432499
pilot-meta-edgecore-mesa-az,2018-12-18,4,22.348071965826716,0.1887247549821292,0.9634630095724428,0.1844237138476693
pilot-meta-edgecore-mesa-az,2019-01-03,0,11.458828116447496,0.1497443060248929,0.9614891419489128,0.2153611574351032
pilot-meta-edgecore-mesa-az,2019-01-03,1,11.981394064935072,0.137107404067298,0.9599910468152294,0.2205186119107982
pilot-meta-edgecore-mesa-az,2019-01-03,2,12.071790352530323,0.1534177607197711,0.9608070926590506,0.2032548969167837
pilot-meta-edgecore-mesa-az,2019-01-03,3,12.694935341445891,0.1886244727288377,0.9633785137247964,0.1729053401235997
pilot-meta-edgecore-mesa-az,2019-01-03,4,12.69474483483862,0.1862590189548313,0.963466378942436,0.1730116068636983
pilot-meta-edgecore-mesa-az,2019-01-19,0,21.75606706793956,0.1623574449545723,0.9614891419489128,0.2350310323219546
pilot-meta-edgecore-mesa-az,2019-01-19,1,22.019317171426653,0.1482377793475326,0.9599910468152296,0.2404132233034945
pilot-meta-edgecore-mesa-az,2019-01-19,2,21.994195035604143,0.1594377529871174,0.960804102647386,0.2217951542422871
pilot-meta-edgecore-mesa-az,2019-01-19,3,21.933080563502138,0.1884873482713631,0.963376650002568,0.1885852398598079
pilot-meta-edgecore-mesa-az,2019-01-19,4,22.028288079440316,0.1848266336519136,0.9634715635899814,0.1888303983286623
pilot-meta-edgecore-mesa-az,2019-02-04,0,17.287501638418913,0.2147292111058241,0.9626945825528344,0.1876680086726777
pilot-meta-edgecore-mesa-az,2019-02-04,1,16.177968712447004,0.2322210491718953,0.961753378228254,0.1722509989541227
pilot-meta-edgecore-mesa-az,2019-02-04,2,17.007731207842955,0.2169953025757773,0.9610548112635162,0.1721043166097964
pilot-meta-edgecore-mesa-az,2019-02-04,3,16.53530687813472,0.2157164254017531,0.9626630718262764,0.1517622645474236
pilot-meta-edgecore-mesa-az,2019-02-04,4,17.58929711909746,0.2445295057650915,0.9626208904875592,0.1481312892355249
pilot-meta-edgecore-mesa-az,2019-02-20,0,18.265698534301663,0.2080801182141916,0.9614891419489128,0.2272737676661021
pilot-meta-edgecore-mesa-az,2019-02-20,1,18.683774212984183,0.1970056520850603,0.9599910468152296,0.2316993399981632
pilot-meta-edgecore-mesa-az,2019-02-20,2,18.678381799162217,0.1854362665592954,0.9608128598012908,0.2158298904398669
pilot-meta-edgecore-mesa-az,2019-02-20,3,19.052982474599094,0.1951109258901667,0.96337629892469,0.1883314647839727
pilot-meta-edgecore-mesa-az,2019-02-20,4,18.952202768377937,0.194109061854559,0.9634726145251236,0.1888519119197725
pilot-meta-edgecore-mesa-az,2019-03-24,0,36.970999164347205,0.2729317361380453,0.9614891419489128,0.2322912091848946
pilot-meta-edgecore-mesa-az,2019-03-24,1,37.51163823618856,0.2637745927963948,0.9599910468152296,0.2352667009204984
pilot-meta-edgecore-mesa-az,2019-03-24,2,37.66425489140975,0.2215307894777344,0.9608125791853094,0.2254708041974354
pilot-meta-edgecore-mesa-az,2019-03-24,3,37.30631724242795,0.2239382379230143,0.9633777200429012,0.2005229525520381
pilot-meta-edgecore-mesa-az,2019-03-24,4,37.26323069160784,0.2281778129815033,0.9635020917983134,0.2007532479589065
pilot-meta-edgecore-mesa-az,2019-04-09,0,44.01037960699521,0.2050243721178866,0.9614891419489128,0.2562223908680133
pilot-meta-edgecore-mesa-az,2019-04-09,1,44.15373088507259,0.1950865939306568,0.9599910468152296,0.2653215158111643
pilot-meta-edgecore-mesa-az,2019-04-09,2,43.58877896415138,0.184393466074608,0.960804102647386,0.2456943108560116
pilot-meta-edgecore-mesa-az,2019-04-09,3,42.86932156085343,0.2073150289694933,0.963370561479005,0.2143021879835691
pilot-meta-edgecore-mesa-az,2019-04-09,4,42.526854799435085,0.2092195136674568,0.9634628237587052,0.2041178015117858
pilot-meta-edgecore-mesa-az,2019-04-25,0,51.81412436289453,0.1736020290423233,0.9614891419489128,0.2546971860427232
pilot-meta-edgecore-mesa-az,2019-04-25,1,51.95942278164892,0.165140905295816,0.9599910468152296,0.2586488801889043
pilot-meta-edgecore-mesa-az,2019-04-25,2,51.51038901451608,0.1624188989360624,0.960804102647386,0.2413544190552017
pilot-meta-edgecore-mesa-az,2019-04-25,3,50.37924963439464,0.1928976803340514,0.9633802537011458,0.2152545866938071
pilot-meta-edgecore-mesa-az,2019-04-25,4,50.51993806390347,0.1929623428655432,0.9634820321219324,0.2166880532807909
pilot-meta-edgecore-mesa-az,2019-05-11,0,49.772495091808786,0.1657592220817972,0.9614891419489128,0.2615499158444111
pilot-meta-edgecore-mesa-az,2019-05-11,1,49.61931315622367,0.1565223171434772,0.9599910468152294,0.2653807758669886
pilot-meta-edgecore-mesa-az,2019-05-11,2,48.690483605020624,0.157464980082537,0.9608041026473858,0.2466134985304904
pilot-meta-edgecore-mesa-az,2019-05-11,3,47.741140411890214,0.1885180146493315,0.9633730957029922,0.2207884978814417
pilot-meta-edgecore-mesa-az,2019-05-11,4,48.017891013528335,0.1870022817229166,0.963471460086528,0.2226453826524554
pilot-meta-edgecore-mesa-az,2019-05-27,0,41.05850864503165,0.1620915889813655,0.9614891419489128,0.272737383979627
pilot-meta-edgecore-mesa-az,2019-05-27,1,41.455694367900065,0.1552464383153849,0.9599910468152296,0.2785001457597039
pilot-meta-edgecore-mesa-az,2019-05-27,2,40.85581858966411,0.155824993363577,0.960804102647386,0.2611512878613068
pilot-meta-edgecore-mesa-az,2019-05-27,3,40.14053606493556,0.1871028058943014,0.963360937209686,0.2349299251438717
pilot-meta-edgecore-mesa-az,2019-05-27,4,39.4880364437568,0.1862677431184408,0.9636288726622148,0.2367496978091419
pilot-meta-edgecore-mesa-az,2019-06-12,0,53.31824640223105,0.1578949146015063,0.9614891419489128,0.2669419593445524
pilot-meta-edgecore-mesa-az,2019-06-12,1,52.74613341273433,0.1536123868627578,0.9599910468152296,0.2681743618318131
pilot-meta-edgecore-mesa-az,2019-06-12,2,52.193381478232624,0.1553362253754588,0.960804102647386,0.2441082952337948
pilot-meta-edgecore-mesa-az,2019-06-12,3,53.416011529645054,0.18387770983904,0.9633715773184224,0.2252867084182679
pilot-meta-edgecore-mesa-az,2019-06-12,4,54.75244496869352,0.1776016430348728,0.9634404054758272,0.2325371996105162
pilot-meta-edgecore-mesa-az,2019-06-28,0,63.01000228599924,0.1550490141717747,0.9614891419489128,0.2664971010238683
pilot-meta-edgecore-mesa-az,2019-06-28,1,62.96319048733425,0.14925790504844,0.9599910468152296,0.2713740071931093
pilot-meta-edgecore-mesa-az,2019-06-28,2,62.02577598438496,0.1540797033262805,0.9608041026473858,0.2531673255078777
pilot-meta-edgecore-mesa-az,2019-06-28,3,60.5059515791466,0.1850637738350286,0.9633757357622708,0.2257824970064642
pilot-meta-edgecore-mesa-az,2019-06-28,4,60.827506043099106,0.1773746531944725,0.9634392713317372,0.2280771247430593
pilot-meta-edgecore-mesa-az,2019-07-14,0,65.80631875755472,0.1536564940351239,0.9614891419489128,0.2667877268468869
pilot-meta-edgecore-mesa-az,2019-07-14,1,65.79613542788704,0.1495285338968864,0.9599910468152296,0.2718898829984442
pilot-meta-edgecore-mesa-az,2019-07-14,2,64.92837082165295,0.1548890285220275,0.960804102647386,0.2531257441848851
pilot-meta-edgecore-mesa-az,2019-07-14,3,63.317234719793944,0.1877843100147526,0.9633749104815732,0.2254950543539394
pilot-meta-edgecore-mesa-az,2019-07-14,4,63.54060348523338,0.1787070435873201,0.9634383946412578,0.2291425170856909
pilot-meta-edgecore-mesa-az,2019-07-30,0,66.18203872863067,0.1528481504418168,0.9614891419489128,0.2332742389635506
pilot-meta-edgecore-mesa-az,2019-07-30,1,64.88464273245037,0.1452214413257242,0.9600426970690183,0.213796587781379
pilot-meta-edgecore-mesa-az,2019-07-30,2,61.75230455684906,0.1519823756460454,0.9608133561442002,0.2148677420456458
pilot-meta-edgecore-mesa-az,2019-07-30,3,61.70546147716338,0.1879549343534591,0.9633738813121548,0.2261915840799268
pilot-meta-edgecore-mesa-az,2019-07-30,4,63.38300169504604,0.1823059931117144,0.9634442283338156,0.2241866580090398
pilot-meta-edgecore-mesa-az,2019-08-15,0,59.53427297858476,0.1435867920714008,0.9614891419489128,0.2594795045547047
pilot-meta-edgecore-mesa-az,2019-08-15,1,59.62389896089225,0.1402061656492849,0.9599910468152294,0.2649393854847555
pilot-meta-edgecore-mesa-az,2019-08-15,2,58.70037350477463,0.1487329232345935,0.9608041026473858,0.2500078571081521
pilot-meta-edgecore-mesa-az,2019-08-15,3,57.633792981657045,0.1850394753705741,0.9633767169395951,0.2178386215699178
pilot-meta-edgecore-mesa-az,2019-08-15,4,58.01765950327704,0.1767146012492458,0.9634551204384768,0.2213412341035698
pilot-meta-edgecore-mesa-az,2019-08-31,0,57.14853047848565,0.1452032848667659,0.9614891419489128,0.2121655212273258
pilot-meta-edgecore-mesa-az,2019-08-31,1,56.28909847073558,0.1426553443352023,0.9599910468152296,0.2138537173047658
pilot-meta-edgecore-mesa-az,2019-08-31,2,55.035436854606935,0.1512416937181349,0.9608154526406876,0.201565550252448
pilot-meta-edgecore-mesa-az,2019-08-31,3,52.81321425273857,0.1896249354918768,0.9634955324813868,0.1895562983313073
pilot-meta-edgecore-mesa-az,2019-08-31,4,51.627495303758145,0.1818867314402668,0.9634883397698296,0.2094805378769064
pilot-meta-edgecore-mesa-az,2019-09-16,0,53.81837108427251,0.1478796439719531,0.9614891419489128,0.2594823417246414
pilot-meta-edgecore-mesa-az,2019-09-16,1,53.67807629266376,0.147172495050052,0.9599910468152294,0.2636558521532649
pilot-meta-edgecore-mesa-az,2019-09-16,2,53.26040198723286,0.1531849276885499,0.9608041026473858,0.2475227147619404
pilot-meta-edgecore-mesa-az,2019-09-16,3,52.229569436972085,0.1908044187059299,0.963374842068095,0.2158308262402996
pilot-meta-edgecore-mesa-az,2019-09-16,4,52.82219643300272,0.1838144865387346,0.9634507092898372,0.2208546233594326
pilot-meta-edgecore-mesa-az,2019-10-02,0,43.206203118181016,0.1517889041162629,0.9614891419489128,0.2387540679281488
pilot-meta-edgecore-mesa-az,2019-10-02,1,43.31570144089137,0.144709035197778,0.9599910468152296,0.2446910665379692
pilot-meta-edgecore-mesa-az,2019-10-02,2,43.02843556509025,0.1518740284565128,0.9608072861873136,0.2319015896827667
pilot-meta-edgecore-mesa-az,2019-10-02,3,42.024226308680504,0.1895295298532179,0.9633691747193172,0.2005108427826483
pilot-meta-edgecore-mesa-az,2019-10-02,4,42.13799093104524,0.1860615833175312,0.9634499875090212,0.2030884256773668
pilot-meta-edgecore-mesa-az,2019-10-18,0,40.733696638525,0.1608690676137983,0.9614891419489128,0.2396383118273038
pilot-meta-edgecore-mesa-az,2019-10-18,1,40.81857138244111,0.1460139079918031,0.9599910468152296,0.2441505326455688
pilot-meta-edgecore-mesa-az,2019-10-18,2,40.26731622693307,0.1547002593120134,0.960804102647386,0.2313851902538033
pilot-meta-edgecore-mesa-az,2019-10-18,3,39.35925773101959,0.1898892376782887,0.9633804253695764,0.1990888615984487
pilot-meta-edgecore-mesa-az,2019-10-18,4,39.59718788871537,0.188551470442725,0.9634623674339428,0.2021261163693467
pilot-meta-edgecore-mesa-az,2019-11-03,0,34.07715755174732,0.1522258928591022,0.9614891419489128,0.242543433921208
pilot-meta-edgecore-mesa-az,2019-11-03,1,32.81336483413582,0.1372514638970664,0.9599910468152294,0.2492124037656317
pilot-meta-edgecore-mesa-az,2019-11-03,2,34.444438346822366,0.1496769642204512,0.9608041026473858,0.2370691362116787
pilot-meta-edgecore-mesa-az,2019-11-03,3,35.09284015378953,0.1871891242329334,0.9633734673269913,0.200327507232134
pilot-meta-edgecore-mesa-az,2019-11-03,4,35.42345907626581,0.1841523348395605,0.9634676206304384,0.2031178800427704
pilot-meta-edgecore-mesa-az,2019-12-05,0,18.733029373180138,0.1726689280141506,0.9615479040404052,0.302771876533805
pilot-meta-edgecore-mesa-az,2019-12-05,1,19.912065313412747,0.1577327365740315,0.9598323350367346,0.3117694686200649
pilot-meta-edgecore-mesa-az,2019-12-05,2,22.16035038746732,0.1531969667058906,0.9601914966998102,0.277543011700315
pilot-meta-edgecore-mesa-az,2019-12-05,3,23.87546900160653,0.1936968391453262,0.9619971413607372,0.2222090508830662
pilot-meta-edgecore-mesa-az,2019-12-05,4,24.232785645110976,0.1960712497453187,0.9622727470877136,0.2128479937443179
pilot-meta-edgecore-mesa-az,2020-01-06,0,17.538388665495102,0.2723898496166206,0.9614891419489128,0.1834212192281479
pilot-meta-edgecore-mesa-az,2020-01-06,1,17.78777919460928,0.2390696829753587,0.9599910468152296,0.1932964385748757
pilot-meta-edgecore-mesa-az,2020-01-06,2,17.858390203952254,0.2205850370484829,0.960816991629708,0.1876365636387497
pilot-meta-edgecore-mesa-az,2020-01-06,3,18.272163408509662,0.2347727273191005,0.96337174733102,0.1663315120299353
pilot-meta-edgecore-mesa-az,2020-01-06,4,18.340147122402563,0.2425880279818937,0.9636232706456715,0.1684238820538886
pilot-meta-edgecore-mesa-az,2020-01-22,2,14.179286507899308,0.2116704833218843,0.9631497210461344,0.1828466888997749
pilot-meta-edgecore-mesa-az,2020-01-22,3,14.8451115673222,0.2920725954366305,0.964247101646692,0.172755236159312
pilot-meta-edgecore-mesa-az,2020-01-22,4,16.633896315730702,0.3234446543725106,0.9638417060067032,0.1687961893881423
pilot-meta-edgecore-mesa-az,2020-02-07,0,23.44629859099421,0.3245725802982736,0.9614891419489128,0.1995495184229708
pilot-meta-edgecore-mesa-az,2020-02-07,1,23.714712087828556,0.3000149440184101,0.9599910468152296,0.2045949953114448
pilot-meta-edgecore-mesa-az,2020-02-07,2,23.249057586437143,0.2614725062511711,0.9608172915985156,0.1994778593778939
pilot-meta-edgecore-mesa-az,2020-02-07,3,22.818540624060535,0.2406211845993335,0.963365346600246,0.1761805010894361
pilot-meta-edgecore-mesa-az,2020-02-07,4,22.86250555864541,0.2550274821192711,0.9636228899607544,0.1784830436091529
pilot-meta-edgecore-mesa-az,2020-04-11,0,35.21956442844511,0.2588579967910477,0.9614891419489128,0.2182850852188847
pilot-meta-edgecore-mesa-az,2020-04-11,1,36.622144361795506,0.238283879192945,0.9599910468152294,0.2257962886397396
pilot-meta-edgecore-mesa-az,2020-04-11,2,36.39446569038488,0.2148359873467563,0.9608029634114008,0.225995770216235
pilot-meta-edgecore-mesa-az,2020-04-11,3,36.00797618819732,0.2283114496602885,0.963458869306797,0.209955871830452
pilot-meta-edgecore-mesa-az,2020-04-11,4,35.96934031174647,0.2423161847125199,0.964040343031188,0.2101717217909359
pilot-meta-edgecore-mesa-az,2020-04-27,0,52.40060265163708,0.2047932155154453,0.9614891419489128,0.2233430891784389
pilot-meta-edgecore-mesa-az,2020-04-27,1,52.54517578437015,0.187707487418698,0.9599910468152296,0.2310143930627053
pilot-meta-edgecore-mesa-az,2020-04-27,2,51.5259990880453,0.1788307378525007,0.9608101697584336,0.2295386775626556
pilot-meta-edgecore-mesa-az,2020-04-27,3,50.401613651657,0.2006929156517057,0.9633680041009604,0.2054893334499493
pilot-meta-edgecore-mesa-az,2020-04-27,4,50.54720865182734,0.198216558567787,0.963464876425846,0.2081473261856694
pilot-meta-edgecore-mesa-az,2020-05-13,0,53.59867131445304,0.1858764024254605,0.9614891419489128,0.2348190298825024
pilot-meta-edgecore-mesa-az,2020-05-13,1,53.81694403323338,0.174003799558297,0.9599910468152296,0.2417095438021094
pilot-meta-edgecore-mesa-az,2020-05-13,2,52.89487842720996,0.1687872141539983,0.9608041026473858,0.2393605073788702
pilot-meta-edgecore-mesa-az,2020-05-13,3,51.6845221126858,0.1931320974574223,0.9633677274251544,0.2133469117749243
pilot-meta-edgecore-mesa-az,2020-05-13,4,52.01409628809672,0.1881818796346633,0.9634388606648816,0.2162927569929423
pilot-meta-edgecore-mesa-az,2020-05-29,0,61.74047418662829,0.1777796965660586,0.9614891419489128,0.2422353035159098
pilot-meta-edgecore-mesa-az,2020-05-29,1,61.56007029717361,0.1731573017799809,0.9599910468152296,0.2481138760836381
pilot-meta-edgecore-mesa-az,2020-05-29,2,60.76687064759896,0.1648808682084146,0.9608041026473858,0.2449313121304263
pilot-meta-edgecore-mesa-az,2020-05-29,3,59.306521663693715,0.1914699857547674,0.9633697451673991,0.2180935998030267
pilot-meta-edgecore-mesa-az,2020-05-29,4,59.74005809645297,0.1847952734122651,0.9634326587962512,0.2207888017366996
pilot-meta-edgecore-mesa-az,2020-06-14,0,58.51691366754255,0.1715663867692731,0.9614891419489128,0.2493033302337315
pilot-meta-edgecore-mesa-az,2020-06-14,1,58.141202573629975,0.1705442288163717,0.9599910468152294,0.2549853690115938
pilot-meta-edgecore-mesa-az,2020-06-14,2,57.169933597606246,0.1629619995710266,0.9608041026473858,0.2492092004097468
pilot-meta-edgecore-mesa-az,2020-06-14,3,55.73231133955099,0.1893141422319615,0.9633654518283994,0.2209927161114528
pilot-meta-edgecore-mesa-az,2020-06-14,4,56.185615724805885,0.1828366204906535,0.9634253120157474,0.2227120578408485
pilot-meta-edgecore-mesa-az,2020-06-30,0,54.88671245519926,0.1688160525205059,0.9614891419489128,0.2505110472749783
pilot-meta-edgecore-mesa-az,2020-06-30,1,54.25495360917993,0.1687614433100603,0.9599910468152296,0.2544526762157842
pilot-meta-edgecore-mesa-az,2020-06-30,2,53.65071369490499,0.1616091535543662,0.9608072861873136,0.2483238134721563
pilot-meta-edgecore-mesa-az,2020-06-30,3,52.1496431054374,0.1896880487408451,0.9633658109094676,0.2205084774521532
pilot-meta-edgecore-mesa-az,2020-06-30,4,52.42659807070276,0.1829358624205731,0.9634325521898311,0.2223114506792021
pilot-meta-edgecore-mesa-az,2020-07-16,0,66.61821884239365,0.1718911244448681,0.9614891419489128,0.3008589856002168
pilot-meta-edgecore-mesa-az,2020-07-16,1,63.38597015772842,0.1718021240334759,0.9599910468152296,0.3045736726265632
pilot-meta-edgecore-mesa-az,2020-07-16,2,60.988463636703706,0.1633397365945021,0.9608413289449904,0.2909443587453029
pilot-meta-edgecore-mesa-az,2020-07-16,3,59.22221201026179,0.1905346450813855,0.9629915458115852,0.2464109896369796
pilot-meta-edgecore-mesa-az,2020-07-16,4,56.334521059841,0.1781303069043209,0.9626271795551986,0.2413840274082258
pilot-meta-edgecore-mesa-az,2020-08-01,0,63.68480936640957,0.1780864960225187,0.9614891419489128,0.2397145425307749
pilot-meta-edgecore-mesa-az,2020-08-01,1,63.4880953195942,0.1790564017389368,0.9599910468152296,0.2432817890576042
pilot-meta-edgecore-mesa-az,2020-08-01,2,62.28857983413851,0.169868169883129,0.960804102647386,0.236965627093914
pilot-meta-edgecore-mesa-az,2020-08-01,3,60.74428547597845,0.1971391032177225,0.9633695643780916,0.2130287978843744
pilot-meta-edgecore-mesa-az,2020-08-01,4,61.709246992676945,0.1903130234555398,0.9634363259767236,0.2153567394661895
pilot-meta-edgecore-mesa-az,2020-08-17,0,67.87335889243286,0.1722650074440354,0.9614891419489128,0.2502332824528646
pilot-meta-edgecore-mesa-az,2020-08-17,1,66.97489192563634,0.1744832784886982,0.9599910468152296,0.2522784344968805
pilot-meta-edgecore-mesa-az,2020-08-17,2,65.493527094054,0.1672352892411762,0.9608041026473858,0.24407419400929
pilot-meta-edgecore-mesa-az,2020-08-17,3,62.76514239268114,0.1894616144487545,0.9633662547299988,0.2195331574588385
pilot-meta-edgecore-mesa-az,2020-08-17,4,63.29286033147871,0.1812014157678454,0.9634426579179192,0.2175915903920005
pilot-meta-edgecore-mesa-az,2020-09-02,0,53.544769774622765,0.1759039940856993,0.9614891419489128,0.2380579395156301
pilot-meta-edgecore-mesa-az,2020-09-02,1,52.94092551953398,0.180904994570056,0.9599910468152294,0.2400180868713719
pilot-meta-edgecore-mesa-az,2020-09-02,2,52.21921593190629,0.1725838954001712,0.9608041026473858,0.231943992411656
pilot-meta-edgecore-mesa-az,2020-09-02,3,51.44172769435365,0.2000417477918191,0.9633719121139478,0.2038861431054616
pilot-meta-edgecore-mesa-az,2020-09-02,4,52.23141703131337,0.1932556361492099,0.9634582668010544,0.2064487039404818
pilot-meta-edgecore-mesa-az,2020-09-18,0,54.76476409732769,0.1672329489311063,0.9614891419489128,0.237849297751037
pilot-meta-edgecore-mesa-az,2020-09-18,1,54.31071586903005,0.1698352517740597,0.9599910468152294,0.2383215740867996
pilot-meta-edgecore-mesa-az,2020-09-18,2,53.301553434454895,0.1668028130903981,0.9608041026473858,0.2300800787803135
pilot-meta-edgecore-mesa-az,2020-09-18,3,51.89374681587434,0.1874680057816619,0.9633709806529928,0.2029755888765088
pilot-meta-edgecore-mesa-az,2020-09-18,4,52.29012269996349,0.1831447834427376,0.9634452314162946,0.2050851952315112
pilot-meta-edgecore-mesa-az,2020-10-04,0,50.43014032740676,0.1598697167876799,0.9614891419489128,0.2377956895582001
pilot-meta-edgecore-mesa-az,2020-10-04,1,50.03750525705484,0.1623246513136629,0.9599910468152296,0.2399844554986149
pilot-meta-edgecore-mesa-az,2020-10-04,2,49.255180353931465,0.1569766187111176,0.9608041026473858,0.2303577103986112
pilot-meta-edgecore-mesa-az,2020-10-04,3,47.95883894852706,0.1815744569806942,0.9633593432692632,0.200858315156238
pilot-meta-edgecore-mesa-az,2020-10-04,4,48.37545040605573,0.1824066719225378,0.9634456527616496,0.2021892829806649
pilot-meta-edgecore-mesa-az,2020-10-20,0,43.98581890911266,0.1572486069501694,0.9614891419489128,0.2350930906916072
pilot-meta-edgecore-mesa-az,2020-10-20,1,43.583748830853274,0.1585954558240763,0.9599910468152296,0.2367565229258989
pilot-meta-edgecore-mesa-az,2020-10-20,2,42.795932173386774,0.1571447140429462,0.9608041026473858,0.2245668506469195
pilot-meta-edgecore-mesa-az,2020-10-20,3,41.717582497506285,0.1867320843322676,0.9633673657499487,0.1940479316353245
pilot-meta-edgecore-mesa-az,2020-10-20,4,42.29077288339018,0.181002458887495,0.9634481242895218,0.1966506023547017
pilot-meta-edgecore-mesa-az,2020-11-21,2,20.29449176678589,0.2079300219607654,0.9648569472582462,0.1339152409037159
pilot-meta-edgecore-mesa-az,2020-11-21,3,23.11840267747059,0.2226718029010476,0.9666263009803516,0.1479714943325975
pilot-meta-edgecore-mesa-az,2020-11-21,4,22.47656672907107,0.1912588041162236,0.9637239634830754,0.1882637291853057
pilot-meta-edgecore-mesa-az,2020-12-07,0,26.484371668985307,0.1538454392597109,0.9614891419489128,0.2277056564329015
pilot-meta-edgecore-mesa-az,2020-12-07,1,26.328859661132626,0.1487334744444313,0.9599910468152296,0.2282898015657258
pilot-meta-edgecore-mesa-az,2020-12-07,2,25.6007260434562,0.1560003590338622,0.9608041026473858,0.212889474278963
pilot-meta-edgecore-mesa-az,2020-12-07,3,24.85558328077118,0.1885359468467822,0.9633573989631884,0.1828675415100791
pilot-meta-edgecore-mesa-az,2020-12-07,4,25.207104493495777,0.183548770341218,0.9634436817125248,0.1853530466697242
pilot-meta-edgecore-mesa-az,2020-12-23,0,20.402529466785364,0.152415561160636,0.9614891419489128,0.2256889003523789
pilot-meta-edgecore-mesa-az,2020-12-23,1,20.4129742894297,0.1469104975260307,0.9599910468152296,0.2273670965349065
pilot-meta-edgecore-mesa-az,2020-12-23,2,20.133011368162094,0.1540526756888607,0.9608072861873136,0.20984306688512
pilot-meta-edgecore-mesa-az,2020-12-23,3,20.013306674797533,0.1833176609615653,0.9633457662019912,0.1817511994083431
pilot-meta-edgecore-mesa-az,2020-12-23,4,20.221414095447045,0.181354740197953,0.9634419016085324,0.1841132176092003
pilot-meta-edgecore-mesa-az,2021-01-08,0,22.83771801220692,0.1496048692832535,0.9614891419489128,0.227074220802593
pilot-meta-edgecore-mesa-az,2021-01-08,1,22.736966831899977,0.144391285381638,0.9599910468152296,0.2289029926070802
pilot-meta-edgecore-mesa-az,2021-01-08,2,22.108726547573266,0.1515086311762121,0.960809869789626,0.2107909781019983
pilot-meta-edgecore-mesa-az,2021-01-08,3,21.364708925722702,0.17835021721931,0.963351830812574,0.1843172622091931
pilot-meta-edgecore-mesa-az,2021-01-08,4,21.17694770427618,0.1782331686389421,0.963473837579324,0.187470784487554
pilot-meta-edgecore-mesa-az,2021-02-09,0,25.3843452422292,0.1438350556122304,0.9614891419489128,0.2266241466954149
pilot-meta-edgecore-mesa-az,2021-02-09,1,25.627267575946203,0.1395555205368987,0.9599910468152296,0.228852075262106
pilot-meta-edgecore-mesa-az,2021-02-09,2,24.23755844417756,0.1470505387530631,0.9608041026473858,0.2106765210622218
pilot-meta-edgecore-mesa-az,2021-02-09,3,24.57884097202768,0.1722378178648339,0.9633918194828056,0.1891767585014873
pilot-meta-edgecore-mesa-az,2021-02-09,4,23.76825802232341,0.1834454008367519,0.963676381675298,0.1838182129760286
pilot-meta-edgecore-mesa-az,2021-02-25,0,29.446183295785147,0.1362732761627589,0.9614891419489128,0.2311788249928046
pilot-meta-edgecore-mesa-az,2021-02-25,1,29.334001876794208,0.134157363516393,0.9599910468152296,0.2316089707011732
pilot-meta-edgecore-mesa-az,2021-02-25,2,28.68094663974851,0.142093759255212,0.960809869789626,0.2157346519639818
pilot-meta-edgecore-mesa-az,2021-02-25,3,28.16182376484898,0.165684388274559,0.9633518364424042,0.1936822186764105
pilot-meta-edgecore-mesa-az,2021-02-25,4,28.193344439852073,0.1790272523646375,0.96358068017575,0.1952750625537087
pilot-meta-edgecore-mesa-az,2021-03-13,0,17.461359109675783,0.1379643153625585,0.9606092881338149,0.2522120200966005
pilot-meta-edgecore-mesa-az,2021-03-13,1,18.555972954850635,0.1525104868281613,0.9599107525885556,0.2247020293945877
pilot-meta-edgecore-mesa-az,2021-03-13,2,20.68209348109081,0.1618098841143712,0.9613178781681436,0.2075856096751109
pilot-meta-edgecore-mesa-az,2021-03-13,3,19.953231284014844,0.1782647980521541,0.9632733049668204,0.2126529143572875
pilot-meta-edgecore-mesa-az,2021-03-13,4,19.595063664617335,0.196717912710323,0.9638823029047968,0.2194680721770688
pilot-meta-edgecore-mesa-az,2021-03-29,0,40.31119998368527,0.1302716047373954,0.9614891419489128,0.2483051047431333
pilot-meta-edgecore-mesa-az,2021-03-29,1,39.426900666847146,0.1315444338989705,0.9599910468152296,0.2506131773571597
pilot-meta-edgecore-mesa-az,2021-03-29,2,37.048264641343295,0.1386890558497634,0.9608041118026516,0.2288451685228693
pilot-meta-edgecore-mesa-az,2021-03-29,3,33.78975019831905,0.1594382988748155,0.9633449948820862,0.2000578016350027
pilot-meta-edgecore-mesa-az,2021-03-29,4,32.5353362449926,0.1689691388100771,0.963552034497311,0.2062185287374086
pilot-meta-edgecore-mesa-az,2021-04-14,0,47.97380672246745,0.1272595754259002,0.9614891419489128,0.2474521605645123
pilot-meta-edgecore-mesa-az,2021-04-14,1,47.527999793233015,0.1295015602786692,0.9599910468152294,0.2465115520997176
pilot-meta-edgecore-mesa-az,2021-04-14,2,46.17488298405141,0.1394424786237134,0.9608041026473858,0.2307027965327752
pilot-meta-edgecore-mesa-az,2021-04-14,3,44.92767941855123,0.1714777925369442,0.9633587828941622,0.2116327543735164
pilot-meta-edgecore-mesa-az,2021-04-14,4,44.980747863385936,0.1819634689607323,0.9635865343413824,0.2121041123798239
pilot-meta-edgecore-mesa-az,2021-04-30,0,51.74805791337857,0.1293782487955893,0.9614891419489128,0.2468305254746245
pilot-meta-edgecore-mesa-az,2021-04-30,1,51.55382541207947,0.1320540560326565,0.9599910468152296,0.2454365668353919
pilot-meta-edgecore-mesa-az,2021-04-30,2,50.0701309327455,0.1393391025942553,0.960804102647386,0.2285754990495561
pilot-meta-edgecore-mesa-az,2021-04-30,3,48.61283388871933,0.1721519817545291,0.9633607222465388,0.2124680497759669
pilot-meta-edgecore-mesa-az,2021-04-30,4,48.526935216405434,0.1731888908800606,0.9634983859306038,0.213393378083162
pilot-meta-edgecore-mesa-az,2021-05-16,0,54.80388349726038,0.1252508839887999,0.9614891419489128,0.2563298682412478
pilot-meta-edgecore-mesa-az,2021-05-16,1,54.4038621389164,0.1338436189020611,0.9599910468152296,0.2540849485975089
pilot-meta-edgecore-mesa-az,2021-05-16,2,53.39525313791674,0.1386946034267251,0.9608041026473858,0.2393755514862998
pilot-meta-edgecore-mesa-az,2021-05-16,3,51.855055545516656,0.1696602726464331,0.9633635858294012,0.2210981936709179
pilot-meta-edgecore-mesa-az,2021-05-16,4,52.127739717881056,0.1642267445726787,0.9634526590980348,0.222014565944185
pilot-meta-edgecore-mesa-az,2021-06-01,0,60.40746595339533,0.1262952356404851,0.9614891419489128,0.2576242268416833
pilot-meta-edgecore-mesa-az,2021-06-01,1,59.9070395221162,0.1353494275349421,0.9599910468152296,0.25560908527444
pilot-meta-edgecore-mesa-az,2021-06-01,2,58.34957342160481,0.139867023344297,0.9608041026473858,0.2392850245532694
pilot-meta-edgecore-mesa-az,2021-06-01,3,56.88749166809974,0.1706794742905538,0.9633583093398764,0.2224147216643682
pilot-meta-edgecore-mesa-az,2021-06-01,4,57.46459095068602,0.1644838072040572,0.9634320582467548,0.2237492512418634
pilot-meta-edgecore-mesa-az,2021-06-17,0,63.71714987001926,0.1374559638658863,0.9614891419489128,0.2565836410473682
pilot-meta-edgecore-mesa-az,2021-06-17,1,63.214632991271394,0.1450958016759537,0.9599910468152294,0.2532938881513564
pilot-meta-edgecore-mesa-az,2021-06-17,2,61.76438223321981,0.1473838990237421,0.9608041026473858,0.2388025476412861
pilot-meta-edgecore-mesa-az,2021-06-17,3,60.13089474013031,0.1712240714054676,0.9633549484691294,0.2220810375685684
pilot-meta-edgecore-mesa-az,2021-06-17,4,60.56312434351663,0.1671699595038338,0.9634270101827954,0.2190083993414007
pilot-meta-edgecore-mesa-az,2021-07-03,1,33.99382950837165,0.1204475740110898,0.9587642830231332,0.2629477989200134
pilot-meta-edgecore-mesa-az,2021-07-03,2,37.97881239006698,0.1293666273060866,0.958498854766164,0.2561618721385794
pilot-meta-edgecore-mesa-az,2021-07-03,3,45.13009387117087,0.1748042841855841,0.9629071813290916,0.2594203236923378
pilot-meta-edgecore-mesa-az,2021-07-03,4,51.337195896706675,0.1581111290243942,0.9622370827098,0.2566662626120624
pilot-meta-edgecore-mesa-az,2021-07-19,0,62.52725439217532,0.1286398034872127,0.9614844181205924,0.2288680066835278
pilot-meta-edgecore-mesa-az,2021-07-19,1,63.194926171975176,0.1356669571588159,0.9603252758656184,0.2456990275961249
pilot-meta-edgecore-mesa-az,2021-07-19,2,60.7227392710595,0.1468756918547244,0.9610081026803796,0.2314370119978561
pilot-meta-edgecore-mesa-az,2021-07-19,3,56.05204319731196,0.1776471828370918,0.9634250386122658,0.2165206933048166
pilot-meta-edgecore-mesa-az,2021-07-19,4,54.793871492694606,0.1694052432862229,0.9634362476381956,0.2152679480424845
pilot-meta-edgecore-mesa-az,2021-08-04,0,60.32558034089493,0.1451823292312319,0.9614891419489128,0.2519786773505093
pilot-meta-edgecore-mesa-az,2021-08-04,1,60.89940609589001,0.147715114561438,0.9599910468152296,0.2458057768373346
pilot-meta-edgecore-mesa-az,2021-08-04,2,60.150719619381555,0.1465188094097745,0.9608041026473858,0.2283941956641719
pilot-meta-edgecore-mesa-az,2021-08-04,3,58.6351751703998,0.1828845678326462,0.9633694489113744,0.210963880018254
pilot-meta-edgecore-mesa-az,2021-08-04,4,58.38411642916631,0.1911686555118809,0.963462330362766,0.2124096713320132
pilot-meta-edgecore-mesa-az,2021-08-20,0,49.58869292997717,0.1688370575730828,0.9614891419489128,0.2541441382036418
pilot-meta-edgecore-mesa-az,2021-08-20,1,49.54337229184841,0.2306446815504028,0.9599910468152294,0.2390726539426119
pilot-meta-edgecore-mesa-az,2021-08-20,2,49.45898043887028,0.2090409232674462,0.9608065002823146,0.2253120572968251
pilot-meta-edgecore-mesa-az,2021-08-20,3,48.68790469152802,0.2379390630992,0.9634079611985322,0.2067297665391202
pilot-meta-edgecore-mesa-az,2021-08-20,4,48.519050233280495,0.2692768054627812,0.9636214264374076,0.2061901683819544
pilot-meta-edgecore-mesa-az,2021-09-05,0,56.08853037209296,0.1429694992045759,0.9614891419489128,0.2584972582449482
pilot-meta-edgecore-mesa-az,2021-09-05,1,56.62608821549313,0.1805298780264373,0.9599910468152296,0.236615080977397
pilot-meta-edgecore-mesa-az,2021-09-05,2,56.3371243580054,0.1798089491753173,0.9608135081209724,0.2203240321639837
pilot-meta-edgecore-mesa-az,2021-09-05,3,55.2471844671948,0.2159961292488896,0.9633662804345612,0.2017365990729916
pilot-meta-edgecore-mesa-az,2021-09-05,4,54.96129487028298,0.2342121958111551,0.9635478300058048,0.2004069238545936
pilot-meta-edgecore-mesa-az,2021-09-21,0,48.48352019442952,0.1307425984807587,0.9615704634778384,0.244493384440429
pilot-meta-edgecore-mesa-az,2021-09-21,1,50.77890699150262,0.154596907004643,0.9599914240391046,0.2334527397181374
pilot-meta-edgecore-mesa-az,2021-09-21,2,50.69334087549772,0.1601189098216285,0.960807286187314,0.2178184629798354
pilot-meta-edgecore-mesa-az,2021-09-21,3,49.34649563210376,0.1940216023718428,0.9633576170087266,0.2003540025593398
pilot-meta-edgecore-mesa-az,2021-09-21,4,49.18179611547905,0.2068748104462238,0.9634963849798952,0.2000763470765635
pilot-meta-edgecore-mesa-az,2021-10-07,0,34.87939310132881,0.1272169975181046,0.9614891419489128,0.2450464700939979
pilot-meta-edgecore-mesa-az,2021-10-07,1,37.860243946231314,0.1494844035827785,0.9599910468152296,0.2346997060027364
pilot-meta-edgecore-mesa-az,2021-10-07,2,38.006581500982605,0.1584786853592853,0.960804102647386,0.2172389655735406
pilot-meta-edgecore-mesa-az,2021-10-07,3,36.71674948402938,0.1902093561811574,0.9633543775794918,0.1965832084834109
pilot-meta-edgecore-mesa-az,2021-10-07,4,36.17385424432503,0.1955781708613849,0.9634179244687822,0.1947709981242216
pilot-meta-edgecore-mesa-az,2021-10-23,0,13.366738836681629,0.167291449629623,0.9543040358744396,0.2522515221580718
pilot-meta-edgecore-mesa-az,2021-10-23,1,17.213012576643262,0.1782545072316803,0.958728842321926,0.2116836589042347
pilot-meta-edgecore-mesa-az,2021-10-23,2,18.845527723432134,0.1433328375234018,0.959895814973337,0.2185709533908331
pilot-meta-edgecore-mesa-az,2021-10-23,3,18.513998792997658,0.1209355669219749,0.9585896871205944,0.2437969079010508
pilot-meta-edgecore-mesa-az,2021-10-23,4,18.15788311304594,0.145113795615473,0.9626494251746788,0.261326633671785
pilot-meta-edgecore-mesa-az,2021-11-08,0,32.621180282110615,0.1232450255191448,0.9615292368578064,0.2476651344959216
pilot-meta-edgecore-mesa-az,2021-11-08,1,35.30349894615821,0.1400736619986308,0.9599914240391046,0.2422241448966581
pilot-meta-edgecore-mesa-az,2021-11-08,2,35.18460151848187,0.1529622787089642,0.960804102647386,0.2214228478741861
pilot-meta-edgecore-mesa-az,2021-11-08,3,32.81062639231463,0.1849880098200584,0.9633273549137786,0.1984557544400844
pilot-meta-edgecore-mesa-az,2021-11-08,4,32.57880322671854,0.1889239109183365,0.963395541499212,0.2074663979250707
pilot-meta-edgecore-mesa-az,2021-11-24,0,20.009432120700904,0.1140879944585382,0.9614891419489128,0.2480382841000733
pilot-meta-edgecore-mesa-az,2021-11-24,1,21.719665844772383,0.1294561966197152,0.9599910468152296,0.2353458802365125
pilot-meta-edgecore-mesa-az,2021-11-24,2,21.230379500886208,0.1402342326950316,0.9608013076492548,0.2144037367439838
pilot-meta-edgecore-mesa-az,2021-11-24,3,20.142828813516864,0.1719727355337743,0.9634122520551476,0.192118274308109
pilot-meta-edgecore-mesa-az,2021-11-24,4,21.431324945863675,0.1881100363892468,0.9637843593249944,0.1877369698949858
pilot-meta-edgecore-mesa-az,2021-12-10,0,19.616134079049644,0.1238243541236688,0.9616393316300752,0.1504850125121709
pilot-meta-edgecore-mesa-az,2021-12-10,1,20.130278134106263,0.1572096854521772,0.9599932506527424,0.1719107331549198
pilot-meta-edgecore-mesa-az,2021-12-10,2,20.24337963480102,0.172863301745031,0.9613456856434422,0.1557262627266367
pilot-meta-edgecore-mesa-az,2021-12-10,3,20.384590334228008,0.2146367095376436,0.9638242951642856,0.1553441661599218
pilot-meta-edgecore-mesa-az,2021-12-10,4,19.775909552436868,0.2146848576144752,0.96427309946,0.1774616189158865
pilot-meta-edgecore-mesa-az,2021-12-26,0,20.698387374643495,0.1061944529999281,0.9616393316300752,0.1399462717924528
pilot-meta-edgecore-mesa-az,2021-12-26,1,21.138488882619622,0.1462268024083622,0.9600327106988896,0.1551204680337036
pilot-meta-edgecore-mesa-az,2021-12-26,2,21.2633992210074,0.1672148237700578,0.9608405324575986,0.1466895188830963
pilot-meta-edgecore-mesa-az,2021-12-26,3,21.24210900486961,0.200162599275445,0.9634203827504152,0.1463780621319475
pilot-meta-edgecore-mesa-az,2021-12-26,4,21.365561850161917,0.2125201095704501,0.963555040305092,0.1454457983623968
pilot-meta-edgecore-mesa-az,2022-01-11,0,16.829333936555162,0.1103331408776835,0.9615704634778384,0.2065598788637574
pilot-meta-edgecore-mesa-az,2022-01-11,1,18.001281775129193,0.1350938860574936,0.9599914240391048,0.2094825709231776
pilot-meta-edgecore-mesa-az,2022-01-11,2,18.175427714595433,0.1491330966150522,0.960805620348869,0.1904998724086646
pilot-meta-edgecore-mesa-az,2022-01-11,3,18.271170079222028,0.1792280185569611,0.9634003848170228,0.1720702888549048
pilot-meta-edgecore-mesa-az,2022-01-11,4,18.42298965147122,0.1889583704949008,0.9635042105785788,0.170524213026445
pilot-meta-edgecore-mesa-az,2022-01-27,0,20.901132673135436,0.111790781964309,0.9615704634778384,0.2148193785429391
pilot-meta-edgecore-mesa-az,2022-01-27,1,22.002352333796633,0.1481192913854083,0.9599914240391046,0.2145395749010793
pilot-meta-edgecore-mesa-az,2022-01-27,2,21.757649022328323,0.156922337781428,0.960751051359316,0.1958183554839054
pilot-meta-edgecore-mesa-az,2022-01-27,3,21.45545317739,0.1809126112269107,0.9633735356648808,0.1771034214757393
pilot-meta-edgecore-mesa-az,2022-01-27,4,21.409752799131837,0.1926854495306764,0.9635192084864136,0.175242222204452
pilot-meta-edgecore-mesa-az,2022-02-12,0,29.031688841581584,0.1155455949365936,0.9615704634778384,0.222562609474597
pilot-meta-edgecore-mesa-az,2022-02-12,1,30.974491471783583,0.1575663160042041,0.9599914240391046,0.2185088232729749
pilot-meta-edgecore-mesa-az,2022-02-12,2,30.58057353601159,0.1621840573705361,0.9608041026473858,0.2036556525526759
pilot-meta-edgecore-mesa-az,2022-02-12,3,30.06857889106122,0.176663887874037,0.9633468733417352,0.1852995774440436
pilot-meta-edgecore-mesa-az,2022-02-12,4,29.92020491932371,0.1910042658318636,0.9635075928681278,0.1821752204931812
pilot-meta-edgecore-mesa-az,2022-02-28,3,2.4245575905612835,0.1975881731190941,0.961982490118577,0.2203992094782608
pilot-meta-edgecore-mesa-az,2022-02-28,4,5.264311348006704,0.2076476072212077,0.9636776106624187,0.2050663542718568
pilot-meta-edgecore-mesa-az,2022-03-16,0,36.15358310358559,0.1209424497536639,0.9615292368578064,0.2400421448792917
pilot-meta-edgecore-mesa-az,2022-03-16,1,39.075514933305705,0.1624357356527042,0.9599914240391046,0.226001176598712
pilot-meta-edgecore-mesa-az,2022-03-16,2,38.46839772370234,0.165145273688693,0.9608034660164338,0.2110841773000242
pilot-meta-edgecore-mesa-az,2022-03-16,3,37.81550595476858,0.1815091000909527,0.9633505413606408,0.1956665583916514
pilot-meta-edgecore-mesa-az,2022-03-16,4,37.96473460477371,0.1932972083059376,0.963480983754046,0.1916373350018237
pilot-meta-edgecore-mesa-az,2022-04-01,0,38.40395674742723,0.1096897205081528,0.9614891419489128,0.2466938588798334
pilot-meta-edgecore-mesa-az,2022-04-01,1,40.59997001328812,0.1451429547875947,0.9599910468152296,0.2314304799309194
pilot-meta-edgecore-mesa-az,2022-04-01,2,40.44640434174031,0.152369609536421,0.960804102647386,0.2167520310465108
pilot-meta-edgecore-mesa-az,2022-04-01,3,40.17156532151026,0.1830693337296165,0.963359268149664,0.2002978908324773
pilot-meta-edgecore-mesa-az,2022-04-01,4,40.23939881792441,0.1921639924718426,0.9635065134647376,0.1968021086335644
pilot-meta-edgecore-mesa-az,2022-04-17,0,46.72966819226894,0.1042446355799548,0.9614891419489128,0.2665906938816897
pilot-meta-edgecore-mesa-az,2022-04-17,1,48.93720839767278,0.1349977934880109,0.9599910468152296,0.2480504883153426
pilot-meta-edgecore-mesa-az,2022-04-17,2,48.22620090606759,0.144301025560653,0.9608041026473858,0.2306302410910306
pilot-meta-edgecore-mesa-az,2022-04-17,3,47.13572719948436,0.1772166851851156,0.9633561017840372,0.2123555204305684
pilot-meta-edgecore-mesa-az,2022-04-17,4,47.380500671374115,0.1804200692283611,0.9634678184773108,0.2085574235658047
pilot-meta-edgecore-mesa-az,2022-05-03,0,39.37780470543148,0.1096623617325919,0.9614891419489128,0.25610473227425
pilot-meta-edgecore-mesa-az,2022-05-03,1,42.511442367416066,0.1335015546982438,0.9599910468152296,0.2558350384524487
pilot-meta-edgecore-mesa-az,2022-05-03,2,40.86199346007076,0.1432743209833347,0.9608041026473858,0.233203524469023
pilot-meta-edgecore-mesa-az,2022-05-03,3,42.22820199101645,0.1733014849097806,0.963357175563792,0.2137711833745863
pilot-meta-edgecore-mesa-az,2022-05-03,4,43.67883025649656,0.1800577571134967,0.9635024561440548,0.2126548860466189
pilot-meta-edgecore-mesa-az,2022-05-19,0,49.38840677093655,0.1038756077275754,0.9614891419489128,0.2525241287348633
pilot-meta-edgecore-mesa-az,2022-05-19,1,55.578903503788105,0.1297594427124568,0.9599910468152296,0.2602071385111269
pilot-meta-edgecore-mesa-az,2022-05-19,2,54.911720453143104,0.1394403550266753,0.9608041026473858,0.2401918657032554
pilot-meta-edgecore-mesa-az,2022-05-19,3,53.80907830722362,0.1715820070351224,0.9633567344638224,0.2232598545553041
pilot-meta-edgecore-mesa-az,2022-05-19,4,54.44432464867117,0.1699590219628251,0.9634375598790652,0.2211057510472366
pilot-meta-edgecore-mesa-az,2022-06-04,0,50.85709364422247,0.1005522370263307,0.9614891419489128,0.2728583481071047
pilot-meta-edgecore-mesa-az,2022-06-04,1,53.90820954638344,0.1304473761019332,0.9599910468152294,0.2643830684000849
pilot-meta-edgecore-mesa-az,2022-06-04,2,53.52540620339591,0.1393248125893534,0.9608041026473858,0.242970052231912
pilot-meta-edgecore-mesa-az,2022-06-04,3,52.84817458432843,0.1710631047286914,0.9633577744507966,0.2270651333187803
pilot-meta-edgecore-mesa-az,2022-06-04,4,53.44994743822051,0.1707691990622139,0.9634833100418324,0.2257810340181281
pilot-meta-edgecore-mesa-az,2022-06-20,0,51.87170566909542,0.0947828899314375,0.9615303685689448,0.2571465097091823
pilot-meta-edgecore-mesa-az,2022-06-20,1,57.043228282601575,0.1330499104290543,0.9599910468152296,0.2542167866624341
pilot-meta-edgecore-mesa-az,2022-06-20,2,56.74647907760474,0.1398365819383994,0.9608104697272418,0.2339448848714917
pilot-meta-edgecore-mesa-az,2022-06-20,3,55.509907890798026,0.1742392651989099,0.963359753377569,0.2197221874652586
pilot-meta-edgecore-mesa-az,2022-06-20,4,56.223122829556026,0.1762334720509012,0.9634921025000266,0.2188060933173307
pilot-meta-edgecore-mesa-az,2022-07-06,0,52.614412233060264,0.0953036442246986,0.9614891419489128,0.2586161999352167
pilot-meta-edgecore-mesa-az,2022-07-06,1,58.04370425358638,0.1298100427937188,0.9599910468152296,0.2561279939720192
pilot-meta-edgecore-mesa-az,2022-07-06,2,57.56447336626723,0.1384423080918741,0.960804102647386,0.2347162358580143
pilot-meta-edgecore-mesa-az,2022-07-06,3,56.211578746759315,0.1718048371169006,0.963354592741122,0.2208075500717412
pilot-meta-edgecore-mesa-az,2022-07-06,4,56.932775459207384,0.1691025748827299,0.9634332899169684,0.2191564585931657
pilot-meta-edgecore-mesa-az,2022-07-22,0,42.898863035817214,0.111700722718809,0.9613922970488368,0.2349473479251675
pilot-meta-edgecore-mesa-az,2022-07-22,1,47.92940421484524,0.1293819860499404,0.9599910468152296,0.2357575465785378
pilot-meta-edgecore-mesa-az,2022-07-22,2,48.019527543427195,0.1391136074306771,0.9608272991552144,0.2216226109838978
pilot-meta-edgecore-mesa-az,2022-07-22,3,46.36614643312824,0.1669740339442489,0.96336855118122,0.2136667715222169
pilot-meta-edgecore-mesa-az,2022-07-22,4,47.07508615004197,0.1690855584508271,0.9635490086840326,0.2169323423813843
pilot-meta-edgecore-mesa-az,2022-08-07,0,54.0234932701895,0.0907631208606046,0.9615303685689448,0.2378920871452532
pilot-meta-edgecore-mesa-az,2022-08-07,1,58.153681802215154,0.1268214985281239,0.9599910468152294,0.2433755356946916
pilot-meta-edgecore-mesa-az,2022-08-07,2,58.24224134401272,0.1417180117724444,0.9608072861873136,0.2319128634022834
pilot-meta-edgecore-mesa-az,2022-08-07,3,57.17252788519277,0.1817159446411877,0.9633651915177378,0.2178926596158788
pilot-meta-edgecore-mesa-az,2022-08-07,4,57.83134756012659,0.1771685867449388,0.963447889996468,0.2140952426285417
pilot-meta-edgecore-mesa-az,2022-08-23,0,54.60545211829936,0.0972386552106261,0.9615292368578064,0.2427952671167437
pilot-meta-edgecore-mesa-az,2022-08-23,1,58.985845105113064,0.134404128884205,0.9599914240391046,0.2454533367763867
pilot-meta-edgecore-mesa-az,2022-08-23,2,59.20605052044373,0.1455288560744289,0.960804102647386,0.2243610696393099
pilot-meta-edgecore-mesa-az,2022-08-23,3,58.269494439084575,0.187477382992632,0.9633605663223151,0.208443326470879
pilot-meta-edgecore-mesa-az,2022-08-23,4,58.72119007034654,0.1871226780099446,0.9634510236359188,0.2050600164915428
pilot-meta-edgecore-mesa-az,2022-09-08,1,22.780814944413393,0.0938650411850953,0.9609042332862144,0.3582995794205801
pilot-meta-edgecore-mesa-az,2022-09-08,2,26.6625117816354,0.1485472963026753,0.959512139407861,0.2350175403050202
pilot-meta-edgecore-mesa-az,2022-09-08,3,29.645731842073776,0.1594052140232575,0.9620643402662004,0.2423459981652088
pilot-meta-edgecore-mesa-az,2022-09-08,4,34.246255009660224,0.1531341646471592,0.9626363530741356,0.2827626424836599
pilot-meta-edgecore-mesa-az,2022-09-24,0,49.412785810767254,0.0967030899327118,0.9615704634778384,0.223013978583312
pilot-meta-edgecore-mesa-az,2022-09-24,1,51.76936242948393,0.1349105353514967,0.9599914240391046,0.2361967891360473
pilot-meta-edgecore-mesa-az,2022-09-24,2,51.2879666555972,0.1506161022555781,0.9608041026473858,0.2124018077996491
pilot-meta-edgecore-mesa-az,2022-09-24,3,50.788832929098426,0.1890338120443219,0.9633636771899574,0.1968430832144982
pilot-meta-edgecore-mesa-az,2022-09-24,4,51.97954288892738,0.1938645328819704,0.963485190538,0.1965935818744445
pilot-meta-edgecore-mesa-az,2022-10-10,0,44.15894890166606,0.0934542272567978,0.9615704634778384,0.2215036253375434
pilot-meta-edgecore-mesa-az,2022-10-10,1,47.38008981347694,0.1283322153789019,0.9599914240391048,0.2376166698639566
pilot-meta-edgecore-mesa-az,2022-10-10,2,47.15524862230871,0.1439121471289889,0.960804102647386,0.210801623506343
pilot-meta-edgecore-mesa-az,2022-10-10,3,46.30288274212248,0.1807795125220975,0.963355305756379,0.1953350171541509
pilot-meta-edgecore-mesa-az,2022-10-10,4,46.63647421952791,0.1803412426650122,0.9634199951857548,0.1951507968671431
pilot-meta-edgecore-mesa-az,2022-10-26,0,31.202913816668076,0.0926887792304856,0.9614995913954868,0.2211465489459193
pilot-meta-edgecore-mesa-az,2022-10-26,1,33.855171077913255,0.1273765134957107,0.9599910468152296,0.2421663756092963
pilot-meta-edgecore-mesa-az,2022-10-26,2,33.71664212232834,0.143879710103599,0.960807286187314,0.2127739433027607
pilot-meta-edgecore-mesa-az,2022-10-26,3,33.061935982939275,0.1841981246732828,0.9633519020271684,0.194868862632186
pilot-meta-edgecore-mesa-az,2022-10-26,4,33.29689526976856,0.1879565829277162,0.9634418870818456,0.1932895096870612
pilot-meta-edgecore-mesa-az,2022-11-11,0,24.61961341409304,0.0936318029967831,0.9615399204778672,0.2092653439181364
pilot-meta-edgecore-mesa-az,2022-11-11,1,26.303731880286374,0.1232538940523769,0.9599914240391048,0.2285953986527035
pilot-meta-edgecore-mesa-az,2022-11-11,2,26.023779559205693,0.1419986660110437,0.9608072861873136,0.2023355211687317
pilot-meta-edgecore-mesa-az,2022-11-11,3,25.49617673867438,0.1831894363494585,0.9633567479312598,0.1869851290647651
pilot-meta-edgecore-mesa-az,2022-11-11,4,25.61784705837459,0.1913046442865174,0.9634784463519628,0.1856676399371067
pilot-meta-edgecore-mesa-az,2022-11-27,0,23.16847024406668,0.089192829586065,0.9614479060227672,0.2298325685100285
pilot-meta-edgecore-mesa-az,2022-11-27,1,24.69836886424213,0.1155271350113275,0.9599914240391048,0.23716902863692
pilot-meta-edgecore-mesa-az,2022-11-27,2,24.195559395311143,0.1334561274820277,0.9608344640148212,0.2065538161749879
pilot-meta-edgecore-mesa-az,2022-11-27,3,23.5255994853532,0.1750330619995792,0.9633457069783836,0.1875933302723073
pilot-meta-edgecore-mesa-az,2022-11-27,4,23.851871901935983,0.1804711778838116,0.9634264458288732,0.1868753314761915
pilot-meta-edgecore-mesa-az,2022-12-13,0,15.532516589729475,0.0995914610129814,0.961605660119277,0.1558562893659951
pilot-meta-edgecore-mesa-az,2022-12-13,1,15.289124621390512,0.144309623433322,0.9608191220086992,0.1830494341506809
pilot-meta-edgecore-mesa-az,2022-12-13,2,14.64171107422663,0.1845170994531961,0.9635817160087536,0.1522808634910161
pilot-meta-edgecore-mesa-az,2022-12-13,3,14.910213226573166,0.2164324752111768,0.9648941213516684,0.1790130035148659
pilot-meta-edgecore-mesa-az,2022-12-13,4,15.051816647807977,0.2333515031808598,0.9631685463509154,0.1791537650500622
pilot-meta-edgecore-mesa-az,2023-01-30,0,21.021681962514116,0.109100274924553,0.9615296196494696,0.2080635506638205
pilot-meta-edgecore-mesa-az,2023-01-30,1,21.5452398469104,0.1722119281566772,0.9599914240391046,0.2372553068376494
pilot-meta-edgecore-mesa-az,2023-01-30,2,21.485057444745543,0.1666747869782661,0.9608109092241368,0.2108624829495012
pilot-meta-edgecore-mesa-az,2023-01-30,3,20.950061144602504,0.1845218560429326,0.963779607165367,0.1738090514499197
pilot-meta-edgecore-mesa-az,2023-01-30,4,20.729293318640764,0.2118426376820172,0.9630110472974496,0.2014408370137854
pilot-meta-edgecore-mesa-az,2023-02-15,0,16.06558478610159,0.1072830567769494,0.961556741058342,0.1481242208797136
pilot-meta-edgecore-mesa-az,2023-02-15,1,16.61651037410243,0.2186292150924288,0.9599914240391046,0.1755214431283018
pilot-meta-edgecore-mesa-az,2023-02-15,2,16.995341134504255,0.1963236224491434,0.9608041026473858,0.1699725869379806
pilot-meta-edgecore-mesa-az,2023-02-15,3,17.09741105403422,0.2064132472489441,0.9633534497889658,0.1618992343399747
pilot-meta-edgecore-mesa-az,2023-02-15,4,17.067474925930547,0.2353165167090044,0.963516703004392,0.1622406072059261
pilot-meta-edgecore-mesa-az,2023-03-03,0,21.614086869276747,0.1091030261031396,0.961538862178302,0.172431524623766
pilot-meta-edgecore-mesa-az,2023-03-03,1,22.28745345799849,0.2601052685062929,0.9600750499281194,0.1904766532230174
pilot-meta-edgecore-mesa-az,2023-03-03,2,22.25528281653387,0.2115459957792315,0.9604364156947056,0.1983234229649643
pilot-meta-edgecore-mesa-az,2023-03-03,3,22.668997339793364,0.217425741073982,0.9637192940087438,0.1697331615464123
pilot-meta-edgecore-mesa-az,2023-03-03,4,23.00689850091969,0.2468186364462348,0.9635542787663112,0.1735360933134263
pilot-meta-edgecore-mesa-az,2023-04-04,0,27.272667526432176,0.1051612127840715,0.9614795692259672,0.2427671629456732
pilot-meta-edgecore-mesa-az,2023-04-04,1,29.34274808751338,0.198496654052154,0.9599910468152296,0.2315305583566776
pilot-meta-edgecore-mesa-az,2023-04-04,2,29.424639744035627,0.1768256112540533,0.960804102647386,0.2170718859597265
pilot-meta-edgecore-mesa-az,2023-04-04,3,29.13674218190661,0.1951751949182275,0.9633556540469392,0.2003816811923101
pilot-meta-edgecore-mesa-az,2023-04-04,4,29.233560070958568,0.2139001524947216,0.963514805246461,0.1985119833457039
pilot-meta-edgecore-mesa-az,2023-04-20,0,40.94835236239775,0.0956940641428921,0.960932505010238,0.2605219715872381
pilot-meta-edgecore-mesa-az,2023-04-20,1,44.058680841969355,0.1609898346708685,0.9599910468152294,0.2424210149605394
pilot-meta-edgecore-mesa-az,2023-04-20,2,44.004406112593344,0.1559269218156266,0.9608041026473858,0.2277888044952641
pilot-meta-edgecore-mesa-az,2023-04-20,3,43.07855923788869,0.1860364733749118,0.9633582838676537,0.2088318025547814
pilot-meta-edgecore-mesa-az,2023-04-20,4,43.40191790235041,0.1974594269605092,0.9635164519768072,0.2069394726416556
pilot-meta-edgecore-mesa-az,2023-05-06,0,44.95320776524506,0.0896834513897395,0.9609849516261256,0.2692543583932197
pilot-meta-edgecore-mesa-az,2023-05-06,1,48.144220742731065,0.1482891977009256,0.9599910468152296,0.2544021383111562
pilot-meta-edgecore-mesa-az,2023-05-06,2,47.83259426620256,0.1491677664742373,0.9608041026473858,0.2358895445634544
pilot-meta-edgecore-mesa-az,2023-05-06,3,46.89991842882882,0.1802662646945729,0.9633579736888376,0.2164554415760496
pilot-meta-edgecore-mesa-az,2023-05-06,4,47.260511757679495,0.1845393205784655,0.9634592859637818,0.214264065694845
pilot-meta-edgecore-mesa-az,2023-05-22,0,50.77505406601592,0.0870741904288692,0.9614891419489128,0.2698562832768044
pilot-meta-edgecore-mesa-az,2023-05-22,1,54.89995913734985,0.1479819130348796,0.9599910468152294,0.2538763162585993
pilot-meta-edgecore-mesa-az,2023-05-22,2,54.65347518562073,0.1487169592496716,0.9608041026473858,0.2349858634227178
pilot-meta-edgecore-mesa-az,2023-05-22,3,53.47638168892794,0.1811263944476229,0.963356275563654,0.2168830614415735
pilot-meta-edgecore-mesa-az,2023-05-22,4,53.83876491813866,0.1880263233590548,0.9634906018316384,0.2160152777764498
pilot-meta-edgecore-mesa-az,2023-06-07,0,48.63467519767084,0.0850693254763835,0.9615292368578064,0.2820376022512514
pilot-meta-edgecore-mesa-az,2023-06-07,1,52.860643552876674,0.1459188596638903,0.9599914240391046,0.2624057873833529
pilot-meta-edgecore-mesa-az,2023-06-07,2,52.546369249378735,0.145340719554948,0.9608041026473858,0.2409460049758478
pilot-meta-edgecore-mesa-az,2023-06-07,3,51.41704809023571,0.175910652557792,0.9633559013455174,0.222297134277037
pilot-meta-edgecore-mesa-az,2023-06-07,4,52.22565629097251,0.1758079902922931,0.9634334653979204,0.2219945881899551
pilot-meta-edgecore-mesa-az,2023-06-23,0,50.441157662549976,0.0834978462787599,0.9615292368578064,0.2799378696845329
pilot-meta-edgecore-mesa-az,2023-06-23,1,54.46477112975309,0.1421159308290907,0.9599914240391046,0.2660788925029791
pilot-meta-edgecore-mesa-az,2023-06-23,2,54.438197333306995,0.1422045700956623,0.9608041026473858,0.2426290037071182
pilot-meta-edgecore-mesa-az,2023-06-23,3,53.33232311554452,0.1749819203427187,0.9633488176942412,0.224276343392723
pilot-meta-edgecore-mesa-az,2023-06-23,4,53.92594761924689,0.1794754079768974,0.9634664323706454,0.2250549496358745
pilot-meta-edgecore-mesa-az,2023-07-09,0,60.440689171928234,0.085010484463249,0.9615303685689448,0.2905501940270468
pilot-meta-edgecore-mesa-az,2023-07-09,1,62.55577090362326,0.1433230207663146,0.9599910468152296,0.2674614952577342
pilot-meta-edgecore-mesa-az,2023-07-09,2,62.154133347915135,0.1444673225519466,0.9608041026473858,0.2424088585131155
pilot-meta-edgecore-mesa-az,2023-07-09,3,61.000626371646206,0.1750438478124444,0.9633555320534825,0.2237261397614822
pilot-meta-edgecore-mesa-az,2023-07-09,4,61.71148246146631,0.1735918218961686,0.9634304322667172,0.2236493577528563
pilot-meta-edgecore-mesa-az,2023-07-25,0,61.777368049713495,0.0890953898133456,0.9614891419489128,0.2759098425802672
pilot-meta-edgecore-mesa-az,2023-07-25,1,65.29313164853929,0.1433258755013897,0.9599910468152296,0.2610794078888442
pilot-meta-edgecore-mesa-az,2023-07-25,2,65.21589439442701,0.1458919867211381,0.9608041026473858,0.238506347219809
pilot-meta-edgecore-mesa-az,2023-07-25,3,63.93023669961757,0.1747180627890558,0.9633558778326964,0.2197827394500079
pilot-meta-edgecore-mesa-az,2023-07-25,4,64.699532441601,0.1719549075394204,0.963428202612204,0.2208188358204709
pilot-meta-edgecore-mesa-az,2023-08-10,0,35.84420478221359,0.0945418672632053,0.96126753525841,0.2812935292777015
pilot-meta-edgecore-mesa-az,2023-08-10,1,38.32033875907704,0.1418221023527114,0.9600460723650874,0.2559351111527076
pilot-meta-edgecore-mesa-az,2023-08-10,2,41.4844084700888,0.1473580236191514,0.9608073255897098,0.2361473544835136
pilot-meta-edgecore-mesa-az,2023-08-10,3,40.252986351934936,0.1745826526348549,0.9634128915074972,0.2189854507617878
pilot-meta-edgecore-mesa-az,2023-08-10,4,37.54738882657635,0.1846317797554712,0.9639616164915382,0.2061281289497607
pilot-meta-edgecore-mesa-az,2023-08-26,0,45.15501749502954,0.1191345485164597,0.9614103865982686,0.2699738573027599
pilot-meta-edgecore-mesa-az,2023-08-26,1,47.270889116217184,0.1413541112957346,0.9598434638520736,0.2645158622497913
pilot-meta-edgecore-mesa-az,2023-08-26,2,44.84590405365276,0.1603869022254277,0.9608994559698796,0.2425842693101548
pilot-meta-edgecore-mesa-az,2023-08-26,3,47.44885763782285,0.1881865514188636,0.9633444945995588,0.2258261865979049
pilot-meta-edgecore-mesa-az,2023-08-26,4,52.71068583617357,0.1695495004018982,0.9625969909680626,0.2367687320793233
pilot-meta-edgecore-mesa-az,2023-09-11,0,54.81478467710083,0.0847711263913242,0.9614891419489128,0.26805188076329
pilot-meta-edgecore-mesa-az,2023-09-11,1,59.09887535715895,0.1326378929401341,0.9599910468152296,0.2453306651563089
pilot-meta-edgecore-mesa-az,2023-09-11,2,58.456005043793446,0.1431000003878051,0.9608041026473858,0.2276546407571787
pilot-meta-edgecore-mesa-az,2023-09-11,3,57.189636931404245,0.1782578791033884,0.9633570883566154,0.2071189505483058
pilot-meta-edgecore-mesa-az,2023-09-11,4,57.466200837863,0.177040548989223,0.9634430179670288,0.2048959070756895
pilot-meta-edgecore-mesa-az,2023-09-27,0,46.749774173955835,0.0816343720763405,0.9615292368578064,0.2619128252867416
pilot-meta-edgecore-mesa-az,2023-09-27,1,50.80717059141111,0.1269884285358684,0.9599914240391046,0.2395296953937171
pilot-meta-edgecore-mesa-az,2023-09-27,2,50.35083818550926,0.1375173119181483,0.960804102647386,0.2219382854221185
pilot-meta-edgecore-mesa-az,2023-09-27,3,49.228681138204685,0.1701808422300705,0.9633523774123524,0.2025762365482053
pilot-meta-edgecore-mesa-az,2023-09-27,4,49.8648700729811,0.1679137082172195,0.9634106435617116,0.2030891122246412
pilot-meta-edgecore-mesa-az,2023-10-13,0,40.213805159775774,0.0796757756467372,0.961541701947698,0.2586753067599945
pilot-meta-edgecore-mesa-az,2023-10-13,1,43.21123536390125,0.1275532303994497,0.9599914240391048,0.2375161255834561
pilot-meta-edgecore-mesa-az,2023-10-13,2,42.760814088394795,0.136297459002501,0.960804102647386,0.2200402857295304
pilot-meta-edgecore-mesa-az,2023-10-13,3,41.75193243992512,0.1711647353399427,0.9633536561608852,0.2000530553334903
pilot-meta-edgecore-mesa-az,2023-10-13,4,42.21595981068752,0.1654393633664511,0.9634139056286652,0.2000933420282569
pilot-meta-edgecore-mesa-az,2023-10-29,0,34.44869890528377,0.0790867991445924,0.9615095761395956,0.2579122337593938
pilot-meta-edgecore-mesa-az,2023-10-29,1,36.827067907205574,0.1268256422030639,0.9599910468152296,0.2357814865382271
pilot-meta-edgecore-mesa-az,2023-10-29,2,36.08515677669195,0.1382489227391182,0.9607911818386482,0.215336790568373
pilot-meta-edgecore-mesa-az,2023-10-29,3,35.08533760374014,0.1773924709917262,0.9633547764899616,0.194721471824845
pilot-meta-edgecore-mesa-az,2023-10-29,4,35.47216446232842,0.1736250387641689,0.9634437708012058,0.1959037469810783
pilot-meta-edgecore-mesa-az,2023-11-14,0,31.958395010916863,0.0840020974135983,0.9614891419489128,0.2496298465599966
pilot-meta-edgecore-mesa-az,2023-11-14,1,33.8342683311188,0.126478011794261,0.9599910468152296,0.2380286434460121
pilot-meta-edgecore-mesa-az,2023-11-14,2,32.74395381302043,0.1368488393733104,0.960804102647386,0.2210372769885787
pilot-meta-edgecore-mesa-az,2023-11-14,3,30.778047908985062,0.1763825518856116,0.9633274603906272,0.1970141746220602
pilot-meta-edgecore-mesa-az,2023-11-14,4,32.60274893765732,0.1761927240703729,0.9634425832351547,0.189232456717114
pilot-meta-edgecore-mesa-az,2023-11-30,0,23.414264057450556,0.0813186441804681,0.9615292368578064,0.2322869772700484
pilot-meta-edgecore-mesa-az,2023-11-30,1,25.763165453749885,0.1265079721922791,0.9599914240391048,0.2204787176143358
pilot-meta-edgecore-mesa-az,2023-11-30,2,25.224399817574692,0.1427198214000557,0.9608041026473858,0.2035745938459433
pilot-meta-edgecore-mesa-az,2023-11-30,3,24.513209229308497,0.1832640623182242,0.9633568644466706,0.183124794528101
pilot-meta-edgecore-mesa-az,2023-11-30,4,24.718176193045775,0.1785697935315784,0.9634530068057984,0.18363000096462
pilot-meta-edgecore-mesa-az,2023-12-16,3,2.8618777183488024,0.1696352188685396,0.9616941905583096,0.3070569909635697
pilot-meta-edgecore-mesa-az,2023-12-16,4,6.472375331649257,0.123025611883742,0.9614329341042276,0.2563939999252571
pilot-meta-edgecore-mesa-az,2024-02-18,0,26.01075183251931,0.0850541197601137,0.9615190316582118,0.2281284725071165
pilot-meta-edgecore-mesa-az,2024-02-18,1,26.828581651479727,0.1992233340148019,0.9599910468152294,0.2024673321319864
pilot-meta-edgecore-mesa-az,2024-02-18,2,27.18110032897716,0.1879397719596843,0.9608041026473858,0.1927835713207859
pilot-meta-edgecore-mesa-az,2024-02-18,3,27.299331609122657,0.2053500735540559,0.963354153186596,0.1783702007803317
pilot-meta-edgecore-mesa-az,2024-02-18,4,27.387601461816697,0.2144142124619457,0.9634330975432742,0.1776005601430342
pilot-meta-edgecore-mesa-az,2024-03-05,0,30.48103299275777,0.0943162737113578,0.9614891419489128,0.2188256345315808
pilot-meta-edgecore-mesa-az,2024-03-05,1,31.089854544790317,0.2212697431196345,0.9599910468152296,0.1974562666670146
pilot-meta-edgecore-mesa-az,2024-03-05,2,29.8381499183818,0.2049220024715858,0.960804102647386,0.1805449624217528
pilot-meta-edgecore-mesa-az,2024-03-05,3,28.74279431323861,0.2098602026789504,0.9633558192217708,0.1792993705815391
pilot-meta-edgecore-mesa-az,2024-03-05,4,28.72847217832099,0.2206180043442145,0.9634274172932932,0.1843293231976456
pilot-meta-edgecore-mesa-az,2024-03-21,0,35.57459169084454,0.0941115332698603,0.9614988931238416,0.2375301398737971
pilot-meta-edgecore-mesa-az,2024-03-21,1,36.51411333498218,0.2001437337384996,0.9599910468152296,0.2105375970341966
pilot-meta-edgecore-mesa-az,2024-03-21,2,36.40520348610258,0.1891601303999996,0.960804102647386,0.2028206475639488
pilot-meta-edgecore-mesa-az,2024-03-21,3,35.98240581237845,0.2071843971934801,0.96335296823149,0.1892342323142244
pilot-meta-edgecore-mesa-az,2024-03-21,4,36.195261722297815,0.2129755984395667,0.9634093057136474,0.1878498877946448
pilot-meta-edgecore-mesa-az,2024-04-06,0,33.18245083096148,0.0862355132307834,0.9614891419489128,0.2482302066188593
pilot-meta-edgecore-mesa-az,2024-04-06,1,33.93707840450318,0.1823612715532033,0.9599910468152296,0.2159078254465777
pilot-meta-edgecore-mesa-az,2024-04-06,2,33.635863699559394,0.1778029009885159,0.960804102647386,0.2082327841308093
pilot-meta-edgecore-mesa-az,2024-04-06,3,33.25032970232187,0.2040411348427067,0.9633552642363802,0.1947284151348805
pilot-meta-edgecore-mesa-az,2024-04-06,4,33.56401824917692,0.2044390473500452,0.9634229443086,0.1924880986012911
pilot-meta-edgecore-mesa-az,2024-04-22,0,48.17346131234409,0.0881216661695762,0.9614891419489128,0.2527130230711839
pilot-meta-edgecore-mesa-az,2024-04-22,1,49.81410788843798,0.1488785842475121,0.9599910468152294,0.2276045070959073
pilot-meta-edgecore-mesa-az,2024-04-22,2,49.693135906864214,0.1550206071678616,0.9608041026473858,0.2179761042129859
pilot-meta-edgecore-mesa-az,2024-04-22,3,48.85602376648159,0.1838807733686797,0.963352924296735,0.2022200712374503
pilot-meta-edgecore-mesa-az,2024-04-22,4,49.17323304866847,0.1824774075165506,0.963414375688172,0.2018171063181296
pilot-meta-edgecore-mesa-az,2024-05-08,0,47.044722407448326,0.082296875903233,0.9614956351651776,0.2645700690106769
pilot-meta-edgecore-mesa-az,2024-05-08,1,49.20014097670859,0.136509923197084,0.9599910468152296,0.2384131202782576
pilot-meta-edgecore-mesa-az,2024-05-08,2,48.96044677731198,0.1490033432694225,0.960804102647386,0.226775101291198
pilot-meta-edgecore-mesa-az,2024-05-08,3,48.206694440497664,0.1769999195245929,0.9633527209053144,0.2101030613924819
pilot-meta-edgecore-mesa-az,2024-05-08,4,48.80306179846696,0.1739009524615466,0.9634175352470896,0.2105414869855809
pilot-meta-edgecore-mesa-az,2024-05-24,0,49.18171958149052,0.0802355006615662,0.961498545207219,0.2892095098712507
pilot-meta-edgecore-mesa-az,2024-05-24,1,51.110689413195225,0.1381179299141156,0.9599910468152296,0.2551317933407235
pilot-meta-edgecore-mesa-az,2024-05-24,2,50.93652661578994,0.1473679788964124,0.9608322765446924,0.2437444974055215
pilot-meta-edgecore-mesa-az,2024-05-24,3,49.79001413494973,0.1754409518607015,0.9633494526059933,0.2236300347542646
pilot-meta-edgecore-mesa-az,2024-05-24,4,50.15528237441798,0.1714293758282062,0.96341514020977,0.2252299892035433
pilot-meta-edgecore-mesa-az,2024-06-09,0,46.90548160269808,0.0899011137928533,0.9614891419489128,0.2966123044254456
pilot-meta-edgecore-mesa-az,2024-06-09,1,48.774303839544366,0.1407810858763089,0.9599910525700608,0.2641309695464806
pilot-meta-edgecore-mesa-az,2024-06-09,2,45.88248841677691,0.1501162588375605,0.9609543612010388,0.2377067846461712
pilot-meta-edgecore-mesa-az,2024-06-09,3,43.09747467184433,0.1738391325190648,0.963415312101152,0.2243403246747801
pilot-meta-edgecore-mesa-az,2024-06-09,4,46.4069309488228,0.1753593663273101,0.9640209252456654,0.2208144897028958
pilot-meta-edgecore-mesa-az,2024-07-11,0,60.67110947534192,0.089425881779147,0.9614891419489128,0.2735763714982765
pilot-meta-edgecore-mesa-az,2024-07-11,1,62.67248857641357,0.1387525587645238,0.9599910468152296,0.2414457733247504
pilot-meta-edgecore-mesa-az,2024-07-11,2,62.370903189174385,0.1475446573425477,0.9608041026473858,0.2288674330026897
pilot-meta-edgecore-mesa-az,2024-07-11,3,61.2267744230793,0.1781120663057583,0.9633541669714016,0.2125269951698974
pilot-meta-edgecore-mesa-az,2024-07-11,4,62.15399656196008,0.1689474679214739,0.963400458523682,0.2150503342085948
pilot-meta-edgecore-mesa-az,2024-07-27,0,52.02963682900113,0.099772219584861,0.9614891419489128,0.2655048442336926
pilot-meta-edgecore-mesa-az,2024-07-27,1,56.03065089887089,0.1383915552262373,0.9599910468152294,0.2411159817447025
pilot-meta-edgecore-mesa-az,2024-07-27,2,55.8853904791538,0.1516171259672163,0.9608041026473858,0.2239529208664468
pilot-meta-edgecore-mesa-az,2024-07-27,3,55.199535114136275,0.1823599205452768,0.9633557380528392,0.2042323394610507
pilot-meta-edgecore-mesa-az,2024-07-27,4,54.87240093647503,0.1765937827932033,0.9634210318760368,0.2116655417331175
pilot-meta-edgecore-mesa-az,2024-08-12,0,57.423120026617866,0.0858919215833952,0.9614891419489128,0.2632136787807918
pilot-meta-edgecore-mesa-az,2024-08-12,1,58.9465867929171,0.1353178450257693,0.9599910468152294,0.2419731041829495
pilot-meta-edgecore-mesa-az,2024-08-12,2,58.46021270644776,0.1470583925374824,0.9608041026473858,0.2268125026527289
pilot-meta-edgecore-mesa-az,2024-08-12,3,57.30546671643828,0.1818701096177245,0.9633563697253268,0.2084775074765781
pilot-meta-edgecore-mesa-az,2024-08-12,4,58.144593733686705,0.1739016982152627,0.963410845988909,0.2121238182310841
pilot-meta-edgecore-mesa-az,2024-09-13,0,51.76782780431987,0.0769723764626001,0.9614891419489128,0.2561196498290256
pilot-meta-edgecore-mesa-az,2024-09-13,1,52.60587213219015,0.1257299283181807,0.9599910468152294,0.2364591907783222
pilot-meta-edgecore-mesa-az,2024-09-13,2,52.35673576114085,0.1368155181135361,0.9608041026473858,0.2220695222998682
pilot-meta-edgecore-mesa-az,2024-09-13,3,51.35073415325231,0.1703255075099627,0.9633537086783712,0.2038490811513263
pilot-meta-edgecore-mesa-az,2024-09-13,4,52.08554351854958,0.163736926577244,0.9634002894355432,0.2069760825302681
pilot-meta-edgecore-mesa-az,2024-09-29,0,51.4752211864365,0.0776251611552028,0.9614891419489128,0.2541520693449624
pilot-meta-edgecore-mesa-az,2024-09-29,1,52.72226955628534,0.1244296646471531,0.9599910468152296,0.2357080936614546
pilot-meta-edgecore-mesa-az,2024-09-29,2,52.20926858104069,0.1362626682582114,0.9608041026473858,0.2184485150057469
pilot-meta-edgecore-mesa-az,2024-09-29,3,51.27876489724917,0.1661958447384368,0.963346846853451,0.2001058176710983
pilot-meta-edgecore-mesa-az,2024-09-29,4,51.65942890112004,0.1613784994804659,0.9633898310065112,0.2038182877652117
pilot-meta-edgecore-mesa-az,2024-10-15,0,43.16953885717513,0.0833306353942725,0.9614891419489128,0.2470250258485578
pilot-meta-edgecore-mesa-az,2024-10-15,1,44.25493912867308,0.1240336332327571,0.9599910468152296,0.2275060698556302
pilot-meta-edgecore-mesa-az,2024-10-15,2,43.735046183398445,0.1394714321425157,0.960804102647386,0.2114314537885294
pilot-meta-edgecore-mesa-az,2024-10-15,3,42.95260151337874,0.1730181316544193,0.9633486691108748,0.1925398026135353
pilot-meta-edgecore-mesa-az,2024-10-15,4,43.63899469574378,0.1632036152344929,0.963374364861461,0.1964548463825925
pilot-meta-edgecore-mesa-az,2024-10-31,0,31.79980907257936,0.0737354729613608,0.9614891419489128,0.2483481186378366
pilot-meta-edgecore-mesa-az,2024-10-31,1,32.65799074360584,0.1210990434556015,0.9599910468152296,0.2236426064403537
pilot-meta-edgecore-mesa-az,2024-10-31,2,32.32035098582995,0.138892984536032,0.9608041026473858,0.208220016441628
pilot-meta-edgecore-mesa-az,2024-10-31,3,31.815447459303957,0.1748320064209995,0.9633584087036228,0.1885941268890708
pilot-meta-edgecore-mesa-az,2024-10-31,4,32.45086144922816,0.1672167209163456,0.9634095910152828,0.1928295305223298
pilot-meta-edgecore-mesa-az,2024-11-16,0,19.538015712645233,0.0926546407360679,0.9613134167397008,0.3123600393932919
pilot-meta-edgecore-mesa-az,2024-11-16,1,20.27581688023483,0.1172103434739316,0.9597881213870232,0.277606654420555
pilot-meta-edgecore-mesa-az,2024-11-16,2,19.8104475652864,0.1343422075372982,0.9605064711583332,0.2434292549514199
pilot-meta-edgecore-mesa-az,2024-11-16,3,19.397268486107457,0.1622631817577059,0.962759357260287,0.2034182116225623
pilot-meta-edgecore-mesa-az,2024-11-16,4,20.25865537099643,0.1655161564677047,0.9631876176915104,0.1883032464540725
pilot-meta-edgecore-mesa-az,2024-12-02,0,26.437947187028303,0.0781397933724608,0.9614891419489128,0.2411447548386803
pilot-meta-edgecore-mesa-az,2024-12-02,1,27.4440040079692,0.1187598363777605,0.9599910468152296,0.2084020532639884
pilot-meta-edgecore-mesa-az,2024-12-02,2,27.032839499708096,0.1395340637806783,0.9608041026473858,0.1946348496300936
pilot-meta-edgecore-mesa-az,2024-12-02,3,26.506333124659577,0.1737097163122418,0.9633525652708612,0.1768910278447453
pilot-meta-edgecore-mesa-az,2024-12-02,4,26.933936321914196,0.1686393038678775,0.9634061549582422,0.1810941582162907
pilot-meta-edgecore-mesa-az,2024-12-18,0,22.775377560802312,0.0751128035821808,0.9614891419489128,0.2415187722402302
pilot-meta-edgecore-mesa-az,2024-12-18,1,24.029011790053953,0.1190871091621031,0.9599861644674752,0.204522939425673
pilot-meta-edgecore-mesa-az,2024-12-18,2,23.63340591251472,0.1357515700842182,0.9608036543141788,0.1921140678207788
pilot-meta-edgecore-mesa-az,2024-12-18,3,23.124416500759388,0.1683844228433516,0.9633489464766108,0.1747259037121205
pilot-meta-edgecore-mesa-az,2024-12-18,4,23.53355274170621,0.1646918396362834,0.9634045212728992,0.1794079560786302
pilot-meta-edgecore-mesa-az,2025-01-03,0,16.26362205847718,0.0826721325172976,0.9614891419489128,0.1922173753285496
pilot-meta-edgecore-mesa-az,2025-01-03,1,16.66411936222404,0.1076678538760747,0.9599910468152296,0.1622384847706031
pilot-meta-edgecore-mesa-az,2025-01-03,2,15.673212667741891,0.1223111584910586,0.960804102647386,0.1599293109252827
pilot-meta-edgecore-mesa-az,2025-01-03,3,14.108949442726448,0.1477588946043618,0.9632580625910234,0.1625702451786978
pilot-meta-edgecore-mesa-az,2025-01-03,4,13.86427002191553,0.1442731134251362,0.9633725952070276,0.1728806502671554
pilot-meta-edgecore-mesa-az,2025-01-19,0,19.802275333469055,0.0766687660238468,0.9614891419489128,0.2492373662987463
pilot-meta-edgecore-mesa-az,2025-01-19,1,21.203727732114995,0.1132151053393357,0.9599910468152296,0.2117138921054937
pilot-meta-edgecore-mesa-az,2025-01-19,2,20.80977839300604,0.1279803673381672,0.9608041026473858,0.1945233666213246
pilot-meta-edgecore-mesa-az,2025-01-19,3,20.32790793598469,0.1562256862817125,0.9633441976594964,0.1770875566826874
pilot-meta-edgecore-mesa-az,2025-01-19,4,20.67811084653805,0.1542552150345003,0.9633982973151324,0.1822698457230616
pilot-meta-edgecore-mesa-az,2025-02-04,0,19.826032114673957,0.1422325933755359,0.9609546110565336,0.2005339411546395
pilot-meta-edgecore-mesa-az,2025-02-04,1,23.63782923254409,0.1202300821018805,0.9606480207350006,0.2250093298413018
pilot-meta-edgecore-mesa-az,2025-02-04,2,25.16018279023526,0.1139437103675267,0.9596509866728578,0.2110591144203225
pilot-meta-edgecore-mesa-az,2025-02-04,3,24.444605843446805,0.1268849380191196,0.9625624186282122,0.1726130115178974
pilot-meta-edgecore-mesa-az,2025-02-04,4,26.041179671921356,0.1538543824351273,0.9659448680380724,0.1741326800849771
pilot-meta-edgecore-mesa-az,2025-02-20,0,30.29501514751031,0.0706874673571035,0.9614891419489128,0.2694004550601034
pilot-meta-edgecore-mesa-az,2025-02-20,1,32.17614069757495,0.1086816132955091,0.9599910468152296,0.2203718896078733
pilot-meta-edgecore-mesa-az,2025-02-20,2,31.752066294504765,0.1220138537320097,0.9608048775886556,0.2032237222704385
pilot-meta-edgecore-mesa-az,2025-02-20,3,31.102185025044893,0.1469639282880385,0.9633426429685624,0.1859986274605223
pilot-meta-edgecore-mesa-az,2025-02-20,4,31.67574925118836,0.1459826514721978,0.96339441866288,0.1907134875103026
pilot-meta-edgecore-mesa-az,2025-03-08,0,24.277885131713695,0.0710260529755803,0.9614891419489128,0.2471186951043816
pilot-meta-edgecore-mesa-az,2025-03-08,1,25.043633386576147,0.1177787931794867,0.9599910468152296,0.1873713133903736
pilot-meta-edgecore-mesa-az,2025-03-08,2,24.96106450086963,0.1331257926856846,0.9608630610327376,0.1848122692102015
pilot-meta-edgecore-mesa-az,2025-03-08,3,24.472087234601112,0.1619585116693401,0.9637696004745204,0.1661041221486735
pilot-meta-edgecore-mesa-az,2025-03-08,4,24.968360089869503,0.1608806833769052,0.9637490507070294,0.1811853228782337
pilot-meta-edgecore-mesa-az,2025-03-24,0,41.11621877745684,0.067094359826142,0.9614891419489128,0.2946589200738686
pilot-meta-edgecore-mesa-az,2025-03-24,1,43.05064779147794,0.1050190973921598,0.9599910468152296,0.2366162392972173
pilot-meta-edgecore-mesa-az,2025-03-24,2,42.992251664202655,0.1218107859413555,0.9608041026473858,0.2187179550364761
pilot-meta-edgecore-mesa-az,2025-03-24,3,42.42481333537187,0.1543183274539159,0.9633480873755348,0.1994605318460567
pilot-meta-edgecore-mesa-az,2025-03-24,4,42.901923338524774,0.151279163094878,0.9634009954396814,0.2031131243961773
pilot-meta-edgecore-mesa-az,2025-04-09,0,45.419661900075944,0.0701008124230936,0.9614891419489128,0.2970748809031145
pilot-meta-edgecore-mesa-az,2025-04-09,1,47.638290632689426,0.1103407956499978,0.9599910468152296,0.2428089131902819
pilot-meta-edgecore-mesa-az,2025-04-09,2,47.33882224876966,0.1259827289303534,0.9608041026473858,0.2253406829546956
pilot-meta-edgecore-mesa-az,2025-04-09,3,46.506830645862266,0.160250478277366,0.9633432568016924,0.2056243919727863
pilot-meta-edgecore-mesa-az,2025-04-09,4,47.23913586749486,0.1563990774954314,0.9633886709429548,0.2093084196215041
pilot-meta-edgecore-mesa-az,2025-04-25,0,46.43007477532527,0.0680976424214178,0.9614891419489128,0.3066712038403942
pilot-meta-edgecore-mesa-az,2025-04-25,1,48.65557300324079,0.1079180151933928,0.9599910468152296,0.2511211565437981
pilot-meta-edgecore-mesa-az,2025-04-25,2,48.55969599141519,0.1252102563202315,0.960804102647386,0.2329656060792443
pilot-meta-edgecore-mesa-az,2025-04-25,3,47.68073982528652,0.1596164323968072,0.9633509098523568,0.2122813447157029
pilot-meta-edgecore-mesa-az,2025-04-25,4,48.230610660322405,0.1542712474616166,0.9634033492897804,0.2160644067605428
pilot-meta-edgecore-mesa-az,2025-05-11,0,49.534494993320216,0.0695048514486036,0.9614891419489128,0.3189039358289046
pilot-meta-edgecore-mesa-az,2025-05-11,1,51.4406489877412,0.112131034371502,0.9599910468152296,0.263402544814132
pilot-meta-edgecore-mesa-az,2025-05-11,2,50.85997274676136,0.1281583209893598,0.960804102647386,0.2446499934307573
pilot-meta-edgecore-mesa-az,2025-05-11,3,48.00850611610217,0.1594354974445301,0.9633561877017484,0.2273019896422545
pilot-meta-edgecore-mesa-az,2025-05-11,4,47.762929701391506,0.153923459240505,0.9634050888679304,0.2310953565871464
pilot-meta-edgecore-mesa-az,2025-05-27,0,29.15177568569794,0.1119662573617039,0.9596740873299928,0.1893305472572179
pilot-meta-edgecore-mesa-az,2025-05-27,1,34.70118258785421,0.122328227282303,0.960016071170884,0.2344818925439314
pilot-meta-edgecore-mesa-az,2025-05-27,2,40.0702141203799,0.1243069103543879,0.9596955851997236,0.2416176420966827
pilot-meta-edgecore-mesa-az,2025-05-27,3,41.7627672136114,0.1220985436996469,0.961521908597897,0.2526626616493129
pilot-meta-edgecore-mesa-az,2025-05-27,4,45.920190986192104,0.1149206868723484,0.9615146239644488,0.2894678221092598
pilot-meta-edgecore-mesa-az,2025-06-12,0,56.22158826396328,0.0682628486859777,0.9614891419489128,0.3124528591963256
pilot-meta-edgecore-mesa-az,2025-06-12,1,58.14642769866624,0.1145434690468747,0.9599910468152296,0.2591874767314352
pilot-meta-edgecore-mesa-az,2025-06-12,2,58.103118781826,0.1312042260188323,0.9608041026473858,0.2390369682576658
pilot-meta-edgecore-mesa-az,2025-06-12,3,57.388522619667576,0.1614869453950856,0.9633513438322464,0.2185684821891541
pilot-meta-edgecore-mesa-az,2025-06-12,4,58.262078363824585,0.1506513036399719,0.9633962719895904,0.222695504782782
pilot-meta-edgecore-mesa-az,2025-06-28,0,58.14908408478159,0.0689506185557546,0.9614891419489128,0.311580680580987
pilot-meta-edgecore-mesa-az,2025-06-28,1,60.35058950633619,0.1140466145525584,0.9599910468152294,0.2610765824653478
pilot-meta-edgecore-mesa-az,2025-06-28,2,59.75943660234664,0.1304574779022178,0.9608041026473858,0.2399387013337273
pilot-meta-edgecore-mesa-az,2025-06-28,3,58.945144810290955,0.1608132813094498,0.9633503369481232,0.2194007210289369
pilot-meta-edgecore-mesa-az,2025-06-28,4,59.743484324223,0.1502198835974762,0.9633949603824188,0.2238168495577487
pilot-meta-edgecore-mesa-az,2025-07-14,0,56.24943691032206,0.0786187686530713,0.9614891419489128,0.2967235864807084
pilot-meta-edgecore-mesa-az,2025-07-14,1,58.04996749142181,0.1192284127352819,0.9599910468152296,0.2511713787612332
pilot-meta-edgecore-mesa-az,2025-07-14,2,57.778675564739736,0.1325435972566015,0.9608041026473858,0.2327149792627589
pilot-meta-edgecore-mesa-az,2025-07-14,3,56.94823611918105,0.1617067893756614,0.9633509353797738,0.2135154240537503
pilot-meta-edgecore-mesa-az,2025-07-14,4,57.753514787756515,0.1519082095536418,0.9633951781487992,0.2188664697754576
pilot-meta-edgecore-mesa-az,2025-07-30,0,58.708071112531066,0.0667987211659657,0.9614891419489128,0.3084316518616193
pilot-meta-edgecore-mesa-az,2025-07-30,1,60.67029822741609,0.1139480891321469,0.9599910468152296,0.2555078916467876
pilot-meta-edgecore-mesa-az,2025-07-30,2,59.96641826511929,0.1296379601423349,0.9608041026473858,0.2354033555165517
pilot-meta-edgecore-mesa-az,2025-07-30,3,58.819841593897145,0.1608475233051287,0.963348731935918,0.2150236194472402
pilot-meta-edgecore-mesa-az,2025-07-30,4,59.63870409768474,0.1516607930159079,0.963395856438838,0.220331317755798
pilot-meta-edgecore-mesa-az,2025-08-15,0,39.57104099181488,0.0868630480539732,0.9614698803711176,0.3122808466878045
pilot-meta-edgecore-mesa-az,2025-08-15,1,36.69930129296566,0.1251466838645655,0.9598765288501556,0.2514871464569498
pilot-meta-edgecore-mesa-az,2025-08-15,2,39.54183066441709,0.1390905822715313,0.960654882450036,0.2340551283956771
pilot-meta-edgecore-mesa-az,2025-08-15,3,42.12874049287925,0.1763458450576815,0.9625577114149776,0.2123389514582239
pilot-meta-edgecore-mesa-az,2025-08-15,4,42.00200414448053,0.1740943658449159,0.9628062752818348,0.2061944115003295
pilot-meta-edgecore-mesa-az,2025-08-31,0,51.95276653536021,0.0713096017494357,0.9614891419489128,0.3174846807297375
pilot-meta-edgecore-mesa-az,2025-08-31,1,52.88008141172008,0.1127782077743426,0.9599910468152294,0.2474953219390674
pilot-meta-edgecore-mesa-az,2025-08-31,2,52.73729585998644,0.1323983785283223,0.9608041026473858,0.2251900312881158
pilot-meta-edgecore-mesa-az,2025-08-31,3,52.20157142679261,0.1671239167167922,0.9633634368458752,0.2047108540972262
pilot-meta-edgecore-mesa-az,2025-08-31,4,53.51589704999896,0.1596285819245895,0.9634045719154124,0.2118355404880976
pilot-meta-edgecore-mesa-az,2025-10-02,0,45.63787912537702,0.0680355508742981,0.9614891419489128,0.2986694403708463
pilot-meta-edgecore-mesa-az,2025-10-02,1,47.1913348579204,0.1134071979711548,0.9599910468152296,0.2410197503756639
pilot-meta-edgecore-mesa-az,2025-10-02,2,47.1479986985842,0.133819307532955,0.960804102647386,0.2193398712431327
pilot-meta-edgecore-mesa-az,2025-10-02,3,46.54204402683179,0.1679274398556909,0.9633496061464656,0.1971286205654972
pilot-meta-edgecore-mesa-az,2025-10-02,4,47.132175968218746,0.1580188356439863,0.963380499989472,0.2024365473648303
pilot-meta-edgecore-mesa-az,2025-10-18,0,33.65382961285017,0.0699802747611264,0.9614891419489128,0.2929901405122357
pilot-meta-edgecore-mesa-az,2025-10-18,1,34.443938450923135,0.1228344458560144,0.9599910468152294,0.2321942595364091
pilot-meta-edgecore-mesa-az,2025-10-18,2,35.02408419811406,0.1387507114907134,0.9608041026473858,0.2115584622143863
pilot-meta-edgecore-mesa-az,2025-10-18,3,34.902558067994725,0.1782708632600627,0.9633576019942598,0.1874903825273095
pilot-meta-edgecore-mesa-az,2025-10-18,4,34.911369287475914,0.1740903000751018,0.9634029215873252,0.1923908005169872
pilot-meta-edgecore-mesa-az,2025-12-05,0,19.116308362265016,0.0898396807077839,0.9614891419489128,0.2758690921778153
pilot-meta-edgecore-mesa-az,2025-12-05,1,19.670907188792793,0.2060352561525535,0.9599910468152296,0.2122020484033372
pilot-meta-edgecore-mesa-az,2025-12-05,2,19.99506445925637,0.2146322354278981,0.9608041026473858,0.1932419480725409
pilot-meta-edgecore-mesa-az,2025-12-05,3,20.047511533375587,0.2377761623466362,0.9633636757224456,0.1719000487695382
pilot-meta-edgecore-mesa-az,2025-12-05,4,20.07105774333604,0.2529066274834218,0.9634156184711536,0.1766991330646483
pilot-meta-edgecore-mesa-az,2025-12-21,0,23.77818090945314,0.1021552346807979,0.9614891419489128,0.2664086068982372
pilot-meta-edgecore-mesa-az,2025-12-21,1,24.372027728450487,0.220357580461333,0.9599910468152296,0.2101820394753475
pilot-meta-edgecore-mesa-az,2025-12-21,2,24.4642469071671,0.2241634294986959,0.960804102647386,0.1883523801494276
pilot-meta-edgecore-mesa-az,2025-12-21,3,24.339096035731934,0.2377817644318946,0.96335968963999,0.1686174466611878
pilot-meta-edgecore-mesa-az,2025-12-21,4,24.521043599745735,0.2541092751562613,0.9634089199243108,0.1736381899126095
pilot-meta-edgecore-mesa-az,2026-01-06,0,18.357046414302225,0.1176655837263542,0.9614891419489128,0.2276730608878648
pilot-meta-edgecore-mesa-az,2026-01-06,1,18.79142024298225,0.2171054919649575,0.9599910468152294,0.1765667302138828
pilot-meta-edgecore-mesa-az,2026-01-06,2,18.292858273337945,0.2269469494383782,0.9608041026473858,0.1761380370427127
pilot-meta-edgecore-mesa-az,2026-01-06,3,18.25349304606307,0.2383079641265944,0.9633561851138056,0.1687752985793632
pilot-meta-edgecore-mesa-az,2026-01-06,4,17.91901687542704,0.2509243432149941,0.9632918232957352,0.1794809763207056
pilot-meta-edgecore-mesa-az,2026-01-22,0,20.8023364861118,0.1201404611524266,0.9614891419489128,0.2657585726449719
pilot-meta-edgecore-mesa-az,2026-01-22,1,21.86873909073768,0.2135384282786647,0.9599910468152296,0.2105541114405089
pilot-meta-edgecore-mesa-az,2026-01-22,2,21.810199404736245,0.2159621404450105,0.960804102647386,0.1887509507372942
pilot-meta-edgecore-mesa-az,2026-01-22,3,21.44990292907574,0.2239976432211143,0.9633543264280676,0.1616526572788083
pilot-meta-edgecore-mesa-az,2026-01-22,4,21.6718816242504,0.2356400336193544,0.9634058375933052,0.1673200288631636
pilot-meta-edgecore-mesa-az,2026-02-07,0,29.407286617652492,0.1078183329244157,0.9614891419489128,0.264885538810836
pilot-meta-edgecore-mesa-az,2026-02-07,1,30.414312715669947,0.1838607977709801,0.9599910468152294,0.2167152473013467
pilot-meta-edgecore-mesa-az,2026-02-07,2,30.327745946545477,0.1898230878871753,0.9608041026473858,0.1940740717734927
pilot-meta-edgecore-mesa-az,2026-02-07,3,29.97280702977664,0.2052708584279292,0.9633519396835584,0.1751294088229197
pilot-meta-edgecore-mesa-az,2026-02-07,4,30.042008781693145,0.2134178219794604,0.9634030529971476,0.1790718649370057
pilot-meta-edgecore-mesa-az,2026-02-23,0,31.74660214519589,0.0978049881027297,0.9614891419489128,0.2766381146554116
pilot-meta-edgecore-mesa-az,2026-02-23,1,33.24014432885728,0.1573879291135181,0.9599910468152294,0.2231738681027802
pilot-meta-edgecore-mesa-az,2026-02-23,2,32.97497112632778,0.1667676343258909,0.9608041026473858,0.2039378243558423
pilot-meta-edgecore-mesa-az,2026-02-23,3,32.52599877891468,0.1870547004074618,0.9633498581365691,0.1847358324100471
pilot-meta-edgecore-mesa-az,2026-02-23,4,32.88293902972812,0.1912402837798766,0.963399937411146,0.1888852546371512
pilot-meta-edgecore-mesa-az,2026-03-11,0,34.81474651107214,0.0821015495161291,0.9614891419489128,0.2804252807213918
pilot-meta-edgecore-mesa-az,2026-03-11,1,36.4350342025413,0.1434133952012636,0.9599910468152294,0.2206108086895721
pilot-meta-edgecore-mesa-az,2026-03-11,2,36.034309215944134,0.1555894393058284,0.9608041026473858,0.2039592525128756
pilot-meta-edgecore-mesa-az,2026-03-11,3,35.32857431586548,0.1840804650847217,0.9633451734001708,0.1837048751848322
pilot-meta-edgecore-mesa-az,2026-03-11,4,35.52263668174178,0.1839372591975299,0.963389093636515,0.1882192107549302
pilot-meta-edgecore-mesa-az,2026-03-27,0,45.69439040805644,0.0751583397859006,0.9614891419489128,0.2931760260213866
pilot-meta-edgecore-mesa-az,2026-03-27,1,47.49080948794609,0.1293846181362869,0.9599910468152296,0.2349643175316694
pilot-meta-edgecore-mesa-az,2026-03-27,2,47.27231116200859,0.1454586786835188,0.960804102647386,0.2157458854086852
pilot-meta-edgecore-mesa-az,2026-03-27,3,46.471200601514525,0.1753419140254456,0.9633442753042404,0.1945094812896311
pilot-meta-edgecore-mesa-az,2026-03-27,4,46.741471274017826,0.1708534770019525,0.963384400043364,0.200218200366498
pilot-meta-edgecore-mesa-az,2026-04-12,0,16.93630937476949,0.0916483118357264,0.9610698997686972,0.241644266268697
pilot-meta-edgecore-mesa-az,2026-04-12,1,21.65844410135842,0.137193597161511,0.960766486264401,0.2218826355265165
pilot-meta-edgecore-mesa-az,2026-04-12,2,18.534528138576665,0.1473216813763076,0.9620019046103178,0.2167468005575549
pilot-meta-edgecore-mesa-az,2026-04-12,3,15.117087088498126,0.1689716394884168,0.9659342622235724,0.2107096474956084
pilot-meta-edgecore-mesa-az,2026-04-12,4,13.090459245781291,0.1707057236343068,0.965427423049438,0.2167900228030652
pilot-meta-edgecore-mesa-az,2026-04-28,0,45.34795407298649,0.0760211580038913,0.9614891419489128,0.2993353060010292
pilot-meta-edgecore-mesa-az,2026-04-28,1,47.1352857429885,0.1233332352527459,0.9599910468152294,0.2451039589602474
pilot-meta-edgecore-mesa-az,2026-04-28,2,46.721913574242635,0.1410980952433821,0.9608041026473858,0.2271885976179092
pilot-meta-edgecore-mesa-az,2026-04-28,3,46.013489113727715,0.1696107477952366,0.9633504990403224,0.2063024699501465
pilot-meta-edgecore-mesa-az,2026-04-28,4,46.43829672731981,0.1647622415213859,0.963397482543876,0.2111372894114364
pilot-meta-edgecore-mesa-az,2026-05-14,0,51.09245868915141,0.0744251133687042,0.9614891419489128,0.3068715656276218
pilot-meta-edgecore-mesa-az,2026-05-14,1,52.635580478034896,0.1224606814651141,0.9599910468152296,0.2493428053704612
pilot-meta-edgecore-mesa-az,2026-05-14,2,52.15109126126986,0.1414523170845587,0.9608041026473858,0.2317831687476701
pilot-meta-edgecore-mesa-az,2026-05-14,3,51.311145575944295,0.1704643141188663,0.9633500663713,0.210610041191287
pilot-meta-edgecore-mesa-az,2026-05-14,4,51.796566701307846,0.1643073998898761,0.9633972117421418,0.214952687186479
pilot-meta-edgecore-mesa-az,2026-05-30,0,50.50605935239163,0.0724608508767937,0.9614891419489128,0.3132286120539533
pilot-meta-edgecore-mesa-az,2026-05-30,1,51.99805648903342,0.1245315712525937,0.9599910468152296,0.2559375789109689
pilot-meta-edgecore-mesa-az,2026-05-30,2,51.7237816181769,0.1398248479962407,0.9608041026473858,0.2377941678489853
pilot-meta-edgecore-mesa-az,2026-05-30,3,51.042299398944195,0.1675170844151918,0.9633450429619684,0.2166248229203237
pilot-meta-edgecore-mesa-az,2026-05-30,4,51.741026087934955,0.1592941938437963,0.9633753465065846,0.2218179410158852
pilot-meta-edgecore-mesa-az,2026-06-15,0,55.828293211030605,0.0809314367383166,0.9614891419489128,0.3068844759724517
pilot-meta-edgecore-mesa-az,2026-06-15,1,57.143873878061875,0.1329743700852104,0.9599910468152296,0.2545722142080651
pilot-meta-edgecore-mesa-az,2026-06-15,2,56.76624405723853,0.1468303054544324,0.9608041026473858,0.2362121033263561
pilot-meta-edgecore-mesa-az,2026-06-15,3,56.11779313980321,0.1730915315792478,0.9633534890183966,0.2143546631197639
pilot-meta-edgecore-mesa-az,2026-06-15,4,56.79287123006111,0.1649970984576804,0.963400084561934,0.2200780518723173
pilot-meta-edgecore-mesa-az,2026-07-01,0,53.39799995317122,0.0714330054338904,0.9614891419489128,0.3180971181636564
pilot-meta-edgecore-mesa-az,2026-07-01,1,55.05421249753795,0.1236156594112202,0.9599910468152296,0.2587401291008789
pilot-meta-edgecore-mesa-az,2026-07-01,2,54.88400730987916,0.1385307418361052,0.9608041026473858,0.2401025603333934
pilot-meta-edgecore-mesa-az,2026-07-01,3,54.18156573693101,0.1647599421541266,0.9633498456626314,0.2185639618088533
pilot-meta-edgecore-mesa-az,2026-07-01,4,54.742000877836574,0.1568178761796807,0.963390323851382,0.2244038119639267
pilot-meta-edgecore-mesa-az,2026-08-02,0,56.102055553460815,0.0760609684118019,0.9614891419489128,0.3176860705826834
pilot-meta-edgecore-mesa-az,2026-08-02,1,57.83258996499064,0.1238657042222713,0.9599910468152296,0.261471124799286
pilot-meta-edgecore-mesa-az,2026-08-02,2,57.12730166995412,0.1446894770160773,0.960804102647386,0.2407194808932092
pilot-meta-edgecore-mesa-az,2026-08-02,3,55.78441702642691,0.1750655436383357,0.9633520453808636,0.2191214457796569
pilot-meta-edgecore-mesa-az,2026-08-02,4,55.64094402799612,0.1697503358562455,0.9634796110925048,0.2230183488595521
pilot-meta-edgecore-mesa-az,2026-08-18,0,56.607839560953735,0.0722260404042406,0.9614891419489128,0.2999212728929563
pilot-meta-edgecore-mesa-az,2026-08-18,1,58.24997911441751,0.1212438559963304,0.9599910468152296,0.2457887019594694
pilot-meta-edgecore-mesa-az,2026-08-18,2,58.0908979109638,0.1426093421967014,0.960804102647386,0.2250235367958416
pilot-meta-edgecore-mesa-az,2026-08-18,3,57.18728190986568,0.1743443902541394,0.9633538263942608,0.2043594955241101
pilot-meta-edgecore-mesa-az,2026-08-18,4,57.94450008073018,0.1646485372549593,0.9633956789579,0.2089765030374745
pilot-meta-edgecore-mesa-az,2026-09-03,0,55.68610771031135,0.0678737017323913,0.9614891419489128,0.3001695665991969
pilot-meta-edgecore-mesa-az,2026-09-03,1,57.13933416783527,0.1193879893574463,0.9599910468152296,0.2442539243328677
pilot-meta-edgecore-mesa-az,2026-09-03,2,56.7391241323541,0.1418756127529787,0.960804102647386,0.2241077651585975
pilot-meta-edgecore-mesa-az,2026-09-03,3,55.55169041453645,0.175707130021329,0.9633525560809912,0.2024167432671932
pilot-meta-edgecore-mesa-az,2026-09-03,4,56.07129494082869,0.1709267486160069,0.9633951682024374,0.2087239120060253
pilot-meta-edgecore-mesa-az,2026-09-19,0,47.0178830127094,0.0701561373918116,0.9614891419489128,0.2943581977152524
pilot-meta-edgecore-mesa-az,2026-09-19,1,47.67354766257098,0.120984466737273,0.9599910468152296,0.2375038162372219
pilot-meta-edgecore-mesa-az,2026-09-19,2,48.21826296949096,0.1439504139138295,0.9608041026473858,0.2165851115837979
pilot-meta-edgecore-mesa-az,2026-09-19,3,48.30858665378465,0.1786432970142287,0.9633534280975606,0.1941947191206731
pilot-meta-edgecore-mesa-az,2026-09-19,4,48.46439831238837,0.1718407766675828,0.9634160193734472,0.1991660776696178
pilot-meta-edgecore-mesa-az,2013-04-15,0,45.75176021571817,0.1559011969466373,0.9613556442100546,0.253566398976473
pilot-meta-edgecore-mesa-az,2013-04-15,1,46.64904937113079,0.1642190367292246,0.9598447601554428,0.2394013808986241
pilot-meta-edgecore-mesa-az,2013-04-15,2,45.960424423118965,0.1681067896001375,0.9606800657920194,0.2298580508828719
pilot-meta-edgecore-mesa-az,2013-04-15,3,44.64798915073644,0.1796959698456214,0.9632679879013942,0.2191285764816706
pilot-meta-edgecore-mesa-az,2013-04-15,4,44.65322935465476,0.1841227056527723,0.9633914905845328,0.2189366829181986
pilot-meta-edgecore-mesa-az,2013-05-01,0,51.60470486662776,0.1511355475814336,0.9613556442100546,0.2607841050302396
pilot-meta-edgecore-mesa-az,2013-05-01,1,52.535478966024144,0.1573025001513842,0.9598447601554428,0.247484364604727
pilot-meta-edgecore-mesa-az,2013-05-01,2,51.83523119303772,0.1618390304495282,0.9606601323809204,0.2374273682793263
pilot-meta-edgecore-mesa-az,2013-05-01,3,50.38749241706546,0.1745858641791349,0.9632625712594504,0.2260578104402141
pilot-meta-edgecore-mesa-az,2013-05-01,4,50.37471097368194,0.1769160624133971,0.9633860212645036,0.2261957861008723
pilot-meta-edgecore-mesa-az,2013-05-17,0,53.14691904284427,0.1496679092721757,0.9613556442100546,0.2670773328475855
pilot-meta-edgecore-mesa-az,2013-05-17,1,53.78302669119565,0.1541418193919596,0.9598447601554428,0.2540047498532888
pilot-meta-edgecore-mesa-az,2013-05-17,2,53.198339804851905,0.1580774683033635,0.9606571230164294,0.2430988727185392
pilot-meta-edgecore-mesa-az,2013-05-17,3,51.46655370041738,0.1741871776407305,0.963268319592234,0.2316336111484273
pilot-meta-edgecore-mesa-az,2013-05-17,4,51.5562916256899,0.1735334995618001,0.9633725010348184,0.2318769859718419
pilot-meta-edgecore-mesa-az,2013-06-02,0,59.79912398954194,0.1494271819112878,0.9613556442100546,0.2668047927112454
pilot-meta-edgecore-mesa-az,2013-06-02,1,60.40941580143248,0.15598918856016,0.9598447601554428,0.2546726066506692
pilot-meta-edgecore-mesa-az,2013-06-02,2,59.80810393115444,0.1574544493280072,0.9606571230164292,0.2435294204803194
pilot-meta-edgecore-mesa-az,2013-06-02,3,58.26674699122614,0.1748860634157977,0.9632659970112324,0.2321965520901931
pilot-meta-edgecore-mesa-az,2013-06-02,4,58.37363864815273,0.1729166701701982,0.9633751488114948,0.2324063941337372
pilot-meta-edgecore-mesa-az,2013-06-18,0,59.23486403718303,0.1451774029057491,0.9613556442100546,0.2700588368615853
pilot-meta-edgecore-mesa-az,2013-06-18,1,59.71006105201942,0.1530616839730017,0.9598447601554428,0.2581872283124546
pilot-meta-edgecore-mesa-az,2013-06-18,2,59.06317384628611,0.1556986588935225,0.9606571230164294,0.2462925837676394
pilot-meta-edgecore-mesa-az,2013-06-18,3,57.566109043626895,0.1721121611604357,0.963265043431116,0.2343831490372308
pilot-meta-edgecore-mesa-az,2013-06-18,4,57.7440170767384,0.1693640840090973,0.9633716618172996,0.2335489306529647
pilot-meta-edgecore-mesa-az,2013-07-04,0,59.42597110981018,0.153743678682125,0.9613556442100546,0.2584361765615678
pilot-meta-edgecore-mesa-az,2013-07-04,1,60.13792863581154,0.1594088320231115,0.9598447601554428,0.2488633026835419
pilot-meta-edgecore-mesa-az,2013-07-04,2,59.52410333375816,0.1628712994676219,0.9606571230164294,0.2377965991005025
pilot-meta-edgecore-mesa-az,2013-07-04,3,58.15009220810985,0.1790933195498872,0.9632649356502212,0.2267526963992726
pilot-meta-edgecore-mesa-az,2013-07-04,4,58.231554070603885,0.1738072606845823,0.9633436678376158,0.2279528525219664
pilot-meta-edgecore-mesa-az,2013-07-20,0,62.29193137137552,0.155120426249604,0.9613556442100546,0.2537471786634306
pilot-meta-edgecore-mesa-az,2013-07-20,1,62.99569247666441,0.1587855209781778,0.959844760155443,0.2447261135595138
pilot-meta-edgecore-mesa-az,2013-07-20,2,61.909730020269805,0.164832487598907,0.9606601323809204,0.233042400412017
pilot-meta-edgecore-mesa-az,2013-07-20,3,60.07583430070108,0.1874329707861702,0.9632774513288846,0.222848156806262
pilot-meta-edgecore-mesa-az,2013-07-20,4,59.910833679163545,0.1825596578336346,0.9633928662537692,0.2240097182553854
pilot-meta-edgecore-mesa-az,2013-09-06,1,56.06730321344496,0.1121638233960968,0.9566400515132004,0.2076596318866709
pilot-meta-edgecore-mesa-az,2013-09-06,2,55.06421594607224,0.1632466678104786,0.962120237860682,0.1498143753362227
pilot-meta-edgecore-mesa-az,2013-09-06,3,55.69072489319789,0.1953391709287436,0.963814558114386,0.192250277494998
pilot-meta-edgecore-mesa-az,2013-09-06,4,53.33301900293111,0.2071605878747956,0.9641143378547528,0.2092070822472234
pilot-meta-edgecore-mesa-az,2013-09-22,0,44.37392728998646,0.1703051648830535,0.9613556442100546,0.2712379636528653
pilot-meta-edgecore-mesa-az,2013-09-22,1,43.452683277666786,0.1581417883519192,0.9598447601554428,0.2481813400557565
pilot-meta-edgecore-mesa-az,2013-09-22,2,43.19567232471067,0.160980646288381,0.9606625802009878,0.2348335961597873
pilot-meta-edgecore-mesa-az,2013-09-22,3,43.28028967354653,0.1744776212129755,0.9628859493003596,0.230172880975142
pilot-meta-edgecore-mesa-az,2013-09-22,4,42.91263871901511,0.1939165961689232,0.9635518318243568,0.2251414708751842
pilot-meta-edgecore-mesa-az,2013-10-08,0,44.70578695956229,0.1600114977038157,0.9613556442100546,0.2442992805211106
pilot-meta-edgecore-mesa-az,2013-10-08,1,45.53624007115008,0.1519513277149679,0.959844760155443,0.2431266172161713
pilot-meta-edgecore-mesa-az,2013-10-08,2,44.919886458171426,0.1588292716131788,0.9606601323809204,0.2302571560132447
pilot-meta-edgecore-mesa-az,2013-10-08,3,43.60962397672672,0.1786734781302703,0.9632653469176092,0.2129983159576732
pilot-meta-edgecore-mesa-az,2013-10-08,4,43.725391777610334,0.1818713309270145,0.9633628620198694,0.2135551581992654
pilot-meta-edgecore-mesa-az,2013-10-24,2,30.018941610617897,0.1298941103646566,0.9576051248152114,0.1795283067905605
pilot-meta-edgecore-mesa-az,2013-10-24,3,29.048641808710048,0.1723843504881251,0.9613666738592894,0.0950366900394416
pilot-meta-edgecore-mesa-az,2013-10-24,4,29.544804222733315,0.1865273734595688,0.9622298409705012,0.1595947189705224
pilot-meta-edgecore-mesa-az,2013-11-09,0,35.560719168508456,0.1495146487204365,0.9613556442100546,0.2281192475112035
pilot-meta-edgecore-mesa-az,2013-11-09,1,36.226646583416,0.1428626099417527,0.9598447601554426,0.2293207609499702
pilot-meta-edgecore-mesa-az,2013-11-09,2,35.53749931490534,0.1573177751418265,0.9606601323809202,0.2151725269190951
pilot-meta-edgecore-mesa-az,2013-11-09,3,34.1618142084696,0.1824925274577303,0.9632766352112953,0.1980636161001733
pilot-meta-edgecore-mesa-az,2013-11-09,4,34.12644644131664,0.1833715847576898,0.963377421709809,0.1998971327276993
pilot-meta-edgecore-mesa-az,2013-11-25,0,19.639258121697168,0.1644433294772332,0.9613556442100546,0.1596676745274936
pilot-meta-edgecore-mesa-az,2013-11-25,1,20.03094982744858,0.1633507467696973,0.959844760155443,0.1690274181008371
pilot-meta-edgecore-mesa-az,2013-11-25,2,20.00027261436781,0.1760559220013725,0.9606889777685348,0.16631421886455
pilot-meta-edgecore-mesa-az,2013-11-25,3,20.144455762684956,0.1959962510410888,0.96331035628552,0.1582361494078913
pilot-meta-edgecore-mesa-az,2013-11-25,4,20.303826301163753,0.204779714978505,0.9634574998502246,0.1567115231501955
pilot-meta-edgecore-mesa-az,2013-12-11,0,19.60699540260217,0.1640195171474192,0.9613556442100546,0.2143659039899193
pilot-meta-edgecore-mesa-az,2013-12-11,1,20.276029535338303,0.1712628804159001,0.9598447601554428,0.2169504266686995
pilot-meta-edgecore-mesa-az,2013-12-11,2,20.135789323782557,0.1736996188174554,0.960669247562112,0.2062689255826622
pilot-meta-edgecore-mesa-az,2013-12-11,3,20.024683442289597,0.1905362964643389,0.9632734825606448,0.1894848976209455
pilot-meta-edgecore-mesa-az,2013-12-11,4,20.157023070680843,0.2002684010794663,0.9635016441584912,0.1912311642018303
pilot-meta-edgecore-mesa-az,2013-12-27,0,19.02330932420531,0.1882941875425406,0.9613556442100546,0.2120676681843097
pilot-meta-edgecore-mesa-az,2013-12-27,1,19.56636318991252,0.1981833518566857,0.9598447601554428,0.214223430160214
pilot-meta-edgecore-mesa-az,2013-12-27,2,19.70108076883742,0.1928437245860287,0.9606571230164294,0.2046768245355395
pilot-meta-edgecore-mesa-az,2013-12-27,3,19.666465530924867,0.19920693400842,0.9632678844239136,0.190247703451304
pilot-meta-edgecore-mesa-az,2013-12-27,4,19.77070132678885,0.2164956654329487,0.9635681926698128,0.1879054067885677
pilot-meta-edgecore-mesa-az,2014-01-12,0,20.91641221675133,0.2170443042313414,0.9613556442100546,0.2133370695750962
pilot-meta-edgecore-mesa-az,2014-01-12,1,21.621470046502317,0.2244704042115935,0.9598447601554428,0.2130329758366854
pilot-meta-edgecore-mesa-az,2014-01-12,2,21.35575903512279,0.2139416462152132,0.9606725278661716,0.2038419646565708
pilot-meta-edgecore-mesa-az,2014-01-12,3,20.865781674131643,0.2122925282629377,0.9632632382611344,0.1906536962783149
pilot-meta-edgecore-mesa-az,2014-01-12,4,20.664877415943533,0.2305457047167972,0.9635329712783702,0.1886444921077284
pilot-meta-edgecore-mesa-az,2014-01-28,0,25.72002897724508,0.2226530448449426,0.9613556442100546,0.2160990331113288
pilot-meta-edgecore-mesa-az,2014-01-28,1,26.399276767344062,0.2223430020231425,0.9598447601554428,0.216375165296523
pilot-meta-edgecore-mesa-az,2014-01-28,2,25.971564249647667,0.2142064097076995,0.9606732245679186,0.2064741761183972
pilot-meta-edgecore-mesa-az,2014-01-28,3,25.202781500579217,0.2153447989380088,0.9632655042497849,0.1932725776777653
pilot-meta-edgecore-mesa-az,2014-01-28,4,25.08046487915194,0.2331279524651116,0.9635961261602198,0.1872631601745607
pilot-meta-edgecore-mesa-az,2014-02-13,0,30.033806590640076,0.213835318192872,0.9613556442100546,0.2137497184700271
pilot-meta-edgecore-mesa-az,2014-02-13,1,30.455783442954974,0.2085765746057166,0.9598447601554428,0.2101382164103885
pilot-meta-edgecore-mesa-az,2014-02-13,2,29.55124991829629,0.2043161631943131,0.9606571230164292,0.203126024644223
pilot-meta-edgecore-mesa-az,2014-02-13,3,28.781685269505203,0.2104353713392475,0.963263835205486,0.196612148375932
pilot-meta-edgecore-mesa-az,2014-02-13,4,28.99868736272379,0.2263878443465058,0.9635607845339662,0.1918073170949156
pilot-meta-edgecore-mesa-az,2014-03-17,0,37.11478864184388,0.1889142992365923,0.9613556442100546,0.2311609275211767
pilot-meta-edgecore-mesa-az,2014-03-17,1,37.79032565841618,0.1857617130715786,0.9598447601554428,0.2287441816184195
pilot-meta-edgecore-mesa-az,2014-03-17,2,37.30215321393155,0.186561314813517,0.96067623393241,0.2207236316835651
pilot-meta-edgecore-mesa-az,2014-03-17,3,36.10381311674233,0.2046727406868531,0.9632744235426364,0.2096665911208591
pilot-meta-edgecore-mesa-az,2014-03-17,4,35.821723443725816,0.2209096894349941,0.9635753634975376,0.2033552717350979
pilot-meta-edgecore-mesa-az,2014-04-02,0,35.53479130309819,0.1689665933854233,0.9613556442100546,0.2401004249013111
pilot-meta-edgecore-mesa-az,2014-04-02,1,35.981420433428234,0.1682094277544059,0.9598447601554428,0.2378204204873244
pilot-meta-edgecore-mesa-az,2014-04-02,2,35.50924174350484,0.1726111735259833,0.960667118751218,0.2286859616859012
pilot-meta-edgecore-mesa-az,2014-04-02,3,34.15838633127427,0.1909473414818016,0.9632691968171124,0.2164671852753507
pilot-meta-edgecore-mesa-az,2014-04-02,4,34.03960881716102,0.2082109093354723,0.9635371333730282,0.209757248102079
pilot-meta-edgecore-mesa-az,2014-05-04,0,53.20685085168888,0.1508272140617578,0.9613556442100546,0.2543865860983741
pilot-meta-edgecore-mesa-az,2014-05-04,1,53.49964518332538,0.151482893070676,0.9598447601554428,0.2486881864095003
pilot-meta-edgecore-mesa-az,2014-05-04,2,52.69728496980752,0.1584988479678889,0.9606571230164292,0.2379632380281601
pilot-meta-edgecore-mesa-az,2014-05-04,3,51.06297327223994,0.1778662093725024,0.9632671554730196,0.2258881283662373
pilot-meta-edgecore-mesa-az,2014-05-04,4,51.20474545482397,0.1800679962783597,0.9633900823619452,0.2192240857569105
pilot-meta-edgecore-mesa-az,2014-05-20,0,52.94746622260518,0.1462011733233119,0.9613556442100546,0.258762746085384
pilot-meta-edgecore-mesa-az,2014-05-20,1,53.60807197322925,0.1481358665477195,0.9598447601554428,0.2526873313202344
pilot-meta-edgecore-mesa-az,2014-05-20,2,52.96409707088862,0.1555228893221173,0.9606571230164292,0.2418892678008692
pilot-meta-edgecore-mesa-az,2014-05-20,3,51.04216714286806,0.1740281817408387,0.963262660122459,0.230625029323798
pilot-meta-edgecore-mesa-az,2014-05-20,4,51.12631949917899,0.1758728108408408,0.9633826357517624,0.2244506183934693
pilot-meta-edgecore-mesa-az,2014-06-05,0,59.93687764087588,0.1434470524855607,0.9613556442100546,0.2594826140213431
pilot-meta-edgecore-mesa-az,2014-06-05,1,60.18645903549683,0.1466596413909406,0.9598447601554426,0.2541445612932856
pilot-meta-edgecore-mesa-az,2014-06-05,2,59.19824664840881,0.1549805386340642,0.960657123016429,0.2425738033796579
pilot-meta-edgecore-mesa-az,2014-06-05,3,57.18431389529414,0.174532880415976,0.9632687834323024,0.231068605600413
pilot-meta-edgecore-mesa-az,2014-06-05,4,57.49580249045355,0.173017512050604,0.9633635077833456,0.2257017427267722
pilot-meta-edgecore-mesa-az,2014-06-21,0,60.51452661667777,0.1422620379335377,0.9613556442100546,0.2583550573894706
pilot-meta-edgecore-mesa-az,2014-06-21,1,60.71021201120507,0.149862883342295,0.9598447601554428,0.2526620080062655
pilot-meta-edgecore-mesa-az,2014-06-21,2,60.011854378157054,0.1565017501395667,0.9606571230164292,0.2422632688698346
pilot-meta-edgecore-mesa-az,2014-06-21,3,58.251213305244725,0.1748351756500647,0.9632694303798442,0.2314487422821139
pilot-meta-edgecore-mesa-az,2014-06-21,4,58.73076213286627,0.1723306021697301,0.9633481532982504,0.2266913835612511
pilot-meta-edgecore-mesa-az,2014-07-07,0,58.682461545650895,0.147394039945725,0.9613556442100546,0.2448627746999374
pilot-meta-edgecore-mesa-az,2014-07-07,1,58.192774121794976,0.1601028048750822,0.9598447601554428,0.2487579852933804
pilot-meta-edgecore-mesa-az,2014-07-07,2,57.96160377139918,0.1654266091436736,0.9606571230164292,0.2437334062109336
pilot-meta-edgecore-mesa-az,2014-07-07,3,55.57879037634912,0.1842755932754492,0.9632637861161312,0.2277632823422988
pilot-meta-edgecore-mesa-az,2014-07-07,4,54.597155015383976,0.1779694588434949,0.963364149768579,0.2375325510049872
pilot-meta-edgecore-mesa-az,2014-07-23,0,60.1251798945006,0.1400623705240286,0.9613556442100546,0.2521556324032579
pilot-meta-edgecore-mesa-az,2014-07-23,1,60.19362502162267,0.1511007647447734,0.9598447601554428,0.2461732993607803
pilot-meta-edgecore-mesa-az,2014-07-23,2,58.75086095853886,0.1580885072822961,0.9606571230164294,0.2351775516728966
pilot-meta-edgecore-mesa-az,2014-07-23,3,57.97178085089315,0.1803917159581494,0.9632672737408532,0.2219936803590012
pilot-meta-edgecore-mesa-az,2014-07-23,4,58.69100315080594,0.1763072626787963,0.963335252055437,0.2217056680113545
pilot-meta-edgecore-mesa-az,2014-08-08,0,58.82059158873261,0.1309027479031424,0.9613556442100546,0.2490297422223894
pilot-meta-edgecore-mesa-az,2014-08-08,1,59.04258697667611,0.1434916149154169,0.9598447601554428,0.2409814130555134
pilot-meta-edgecore-mesa-az,2014-08-08,2,58.15274003465441,0.1520474820255234,0.9606571230164292,0.2290166572558479
pilot-meta-edgecore-mesa-az,2014-08-08,3,56.25443764464245,0.1761505034654904,0.9632661888394234,0.2180986186085158
pilot-meta-edgecore-mesa-az,2014-08-08,4,56.61593613512052,0.1741413818919221,0.9633416733511492,0.2156728391362373
pilot-meta-edgecore-mesa-az,2014-08-24,0,55.75823254147588,0.1349867681953958,0.9613556442100546,0.2553393399363898
pilot-meta-edgecore-mesa-az,2014-08-24,1,55.88230287958515,0.1494277524418885,0.9598447601554428,0.2478000305551719
pilot-meta-edgecore-mesa-az,2014-08-24,2,55.42917189799256,0.1565369388680609,0.9606613806382176,0.2329547621158758
pilot-meta-edgecore-mesa-az,2014-08-24,3,54.166293772885474,0.1836514472719444,0.963276872160085,0.2177623357838629
pilot-meta-edgecore-mesa-az,2014-08-24,4,54.29698047197996,0.1840232695188183,0.9633545832278329,0.2152180888540892
pilot-meta-edgecore-mesa-az,2014-09-09,0,39.22371699093789,0.1595851570543898,0.9613859544856276,0.1989730631173859
pilot-meta-edgecore-mesa-az,2014-09-09,1,39.68788527645748,0.1699250402930973,0.9599015536766036,0.2002380325601395
pilot-meta-edgecore-mesa-az,2014-09-09,2,40.36288814511472,0.1714790634296367,0.960727204765593,0.2026766739005115
pilot-meta-edgecore-mesa-az,2014-09-09,3,40.75122475783258,0.1990876021807803,0.9636592885228952,0.1883174371206301
pilot-meta-edgecore-mesa-az,2014-09-09,4,40.23409912616739,0.200125560915796,0.9633444082877308,0.1780769110370006
pilot-meta-edgecore-mesa-az,2014-09-25,0,50.18062331078249,0.1775663011511207,0.9613556442100546,0.2407237777994595
pilot-meta-edgecore-mesa-az,2014-09-25,1,50.47526914919391,0.1855192486126754,0.9598447601554428,0.2383400537960449
pilot-meta-edgecore-mesa-az,2014-09-25,2,50.273426886126614,0.1840303882368143,0.9606713763730064,0.2246696989804364
pilot-meta-edgecore-mesa-az,2014-09-25,3,49.02258201560784,0.2080829784862314,0.9632766173136704,0.2085538282936819
pilot-meta-edgecore-mesa-az,2014-09-25,4,49.03956651171525,0.2123056065520636,0.9633655884656542,0.2062306787049374
pilot-meta-edgecore-mesa-az,2014-10-11,0,38.74430836276609,0.1945172809410293,0.9613556442100546,0.2296882212150865
pilot-meta-edgecore-mesa-az,2014-10-11,1,39.04749756719282,0.199557195135536,0.9598447601554428,0.2300819534888694
pilot-meta-edgecore-mesa-az,2014-10-11,2,39.21208429118665,0.1941770285385337,0.960674105121516,0.2166343807455205
pilot-meta-edgecore-mesa-az,2014-10-11,3,38.80822828902309,0.2183229896828853,0.963279460350412,0.1983211185363596
pilot-meta-edgecore-mesa-az,2014-10-11,4,38.60397671353176,0.2275670735707875,0.9633933312238288,0.1950593611322522
pilot-meta-edgecore-mesa-az,2014-10-27,0,41.31348340426467,0.1885285234484478,0.9613556442100546,0.2349233744293965
pilot-meta-edgecore-mesa-az,2014-10-27,1,41.81495662022686,0.1890743908210631,0.9598447601554428,0.2357760050080946
pilot-meta-edgecore-mesa-az,2014-10-27,2,41.38347843888672,0.1886633271017845,0.9606914423806782,0.2216338044294785
pilot-meta-edgecore-mesa-az,2014-10-27,3,40.13050114507078,0.2134006062382332,0.9632867462867092,0.2014809826674819
pilot-meta-edgecore-mesa-az,2014-10-27,4,40.213548632590026,0.2192573218894845,0.9633650037999784,0.1995781091293064
pilot-meta-edgecore-mesa-az,2014-11-12,0,35.68181658215818,0.1759402090883986,0.9613556442100546,0.2330617847046055
pilot-meta-edgecore-mesa-az,2014-11-12,1,36.06698369135323,0.1751301877596149,0.959844760155443,0.2350968806835458
pilot-meta-edgecore-mesa-az,2014-11-12,2,35.521005476777766,0.1802813612427495,0.9607101360944772,0.2207400723247118
pilot-meta-edgecore-mesa-az,2014-11-12,3,34.38356857384923,0.2081604237631591,0.9632849351601024,0.1999702146669541
pilot-meta-edgecore-mesa-az,2014-11-12,4,34.36292623488936,0.2099617252686651,0.9633766366228276,0.1990216148355566
pilot-meta-edgecore-mesa-az,2014-11-28,0,29.43102521556077,0.1613869836117934,0.9613556442100546,0.2313800717213626
pilot-meta-edgecore-mesa-az,2014-11-28,1,29.93258136847252,0.1609310716183772,0.9598447601554428,0.2335762504459287
pilot-meta-edgecore-mesa-az,2014-11-28,2,29.393556953372094,0.1702387500690749,0.9606601323809204,0.2186008882732223
pilot-meta-edgecore-mesa-az,2014-11-28,3,28.374153045422982,0.1976466058748509,0.963274956012712,0.1977805738570933
pilot-meta-edgecore-mesa-az,2014-11-28,4,28.341365709582135,0.2029506030025533,0.9633844170688016,0.1967212057388089
pilot-meta-edgecore-mesa-az,2014-12-14,0,18.23874759315786,0.1930847670822399,0.9613556442100546,0.170255596257782
pilot-meta-edgecore-mesa-az,2014-12-14,1,18.52084600561907,0.1945067804088595,0.959844760155443,0.1769409964993436
pilot-meta-edgecore-mesa-az,2014-12-14,2,18.53844443849377,0.1987277064028199,0.9606803947900664,0.1723952143285745
pilot-meta-edgecore-mesa-az,2014-12-14,3,18.700300267553477,0.2221295539255569,0.9632925660021822,0.1615385389444038
pilot-meta-edgecore-mesa-az,2014-12-14,4,18.788895227314864,0.2329204228637611,0.96353770078882,0.161028019521463
pilot-meta-edgecore-mesa-az,2014-12-30,0,17.23717218756031,0.1640250766854595,0.9613556442100546,0.2109044917831512
pilot-meta-edgecore-mesa-az,2014-12-30,1,17.667444795291622,0.1690343449044397,0.9598447601554428,0.2143636706631626
pilot-meta-edgecore-mesa-az,2014-12-30,2,17.57697366580594,0.1762755353177909,0.9606791755620088,0.2034898131027559
pilot-meta-edgecore-mesa-az,2014-12-30,3,17.383635675418525,0.2012215601263366,0.963284577502941,0.1839051362660649
pilot-meta-edgecore-mesa-az,2014-12-30,4,17.594263605573108,0.2124476837405074,0.9635300363388464,0.1816800851305128
pilot-meta-edgecore-mesa-az,2015-01-15,0,19.88055328243496,0.1758980289669104,0.9613556442100546,0.2008638764966254
pilot-meta-edgecore-mesa-az,2015-01-15,1,20.452230168188077,0.1837674461937997,0.9598447601554426,0.2019641086588247
pilot-meta-edgecore-mesa-az,2015-01-15,2,20.63269717885064,0.1847295838428261,0.960678362743304,0.1946440417406559
pilot-meta-edgecore-mesa-az,2015-01-15,3,20.858321146306224,0.2019531573363028,0.9632805664771557,0.1774965736146357
pilot-meta-edgecore-mesa-az,2015-01-15,4,20.78686137572603,0.2157422742776854,0.9635407723269088,0.1757038904090731
pilot-meta-edgecore-mesa-az,2015-02-16,0,29.48869330356457,0.2524116538217343,0.9613556442100546,0.2047663451570619
pilot-meta-edgecore-mesa-az,2015-02-16,1,29.905895440382867,0.2671852856847535,0.9598447601554428,0.2037723217962499
pilot-meta-edgecore-mesa-az,2015-02-16,2,29.819218179648303,0.2395612917730298,0.9606830751565104,0.1986945705991329
pilot-meta-edgecore-mesa-az,2015-02-16,3,29.27980361178784,0.238029276947408,0.9632770785871986,0.184787077154636
pilot-meta-edgecore-mesa-az,2015-02-16,4,29.24599762487394,0.250516244514299,0.9635548361904014,0.1811527381051321
pilot-meta-edgecore-mesa-az,2015-03-04,0,24.157489864572305,0.2702118848367786,0.9613556442100546,0.1841399009461174
pilot-meta-edgecore-mesa-az,2015-03-04,1,24.572506587038863,0.2747124818656553,0.9598447601554428,0.1833734778192362
pilot-meta-edgecore-mesa-az,2015-03-04,2,24.749747249726873,0.2489647700093642,0.960680675406048,0.1817905250867489
pilot-meta-edgecore-mesa-az,2015-03-04,3,25.05634023984301,0.2441675251867767,0.9632845987849054,0.168391962575309
pilot-meta-edgecore-mesa-az,2015-03-04,4,25.158094165659872,0.2551912098963452,0.963537077730549,0.1657939533869419
pilot-meta-edgecore-mesa-az,2015-03-20,0,35.07898815032722,0.2149594117199123,0.9613556442100546,0.2053868827130439
pilot-meta-edgecore-mesa-az,2015-03-20,1,35.42574659301492,0.2201199282381295,0.9598447601554428,0.2026016135656917
pilot-meta-edgecore-mesa-az,2015-03-20,2,35.033663149377716,0.2120558300183632,0.9606601323809204,0.1996518813027978
pilot-meta-edgecore-mesa-az,2015-03-20,3,34.72849764118064,0.218435628005558,0.963285476362312,0.189090595679617
pilot-meta-edgecore-mesa-az,2015-03-20,4,34.58173145318182,0.2326875782916782,0.963531841730364,0.184898302456281
pilot-meta-edgecore-mesa-az,2015-04-05,0,40.00670816593098,0.1601487036903153,0.9613556442100546,0.2216443868560292
pilot-meta-edgecore-mesa-az,2015-04-05,1,39.86043189255325,0.1678848297387008,0.9598447601554428,0.2176691908394028
pilot-meta-edgecore-mesa-az,2015-04-05,2,38.954438356226085,0.1693578413420708,0.9606571230164292,0.2149194755209497
pilot-meta-edgecore-mesa-az,2015-04-05,3,38.33154964995675,0.1872145092202253,0.9632570790192192,0.204465198487531
pilot-meta-edgecore-mesa-az,2015-04-05,4,40.071470238258534,0.1928643614962097,0.963350025999828,0.1996805988704
pilot-meta-edgecore-mesa-az,2015-04-21,0,49.79104290817019,0.1521503346554105,0.9613556442100546,0.2342313766309962
pilot-meta-edgecore-mesa-az,2015-04-21,1,49.86069789919332,0.1617001519553221,0.9598447601554428,0.2314659206102297
pilot-meta-edgecore-mesa-az,2015-04-21,2,48.489506299076105,0.1661067790792834,0.9606571230164292,0.2246970645338395
pilot-meta-edgecore-mesa-az,2015-04-21,3,46.48613922099124,0.183049393239596,0.9632659834610036,0.2115725543502335
pilot-meta-edgecore-mesa-az,2015-04-21,4,46.753309681129345,0.187135386044694,0.9633645894010052,0.2071755573296858
pilot-meta-edgecore-mesa-az,2015-05-07,0,44.31231209001983,0.1440195161782196,0.9616918824620913,0.243088524701002
pilot-meta-edgecore-mesa-az,2015-05-07,1,44.319539379792346,0.1531744723826436,0.960172420035546,0.2337977888392989
pilot-meta-edgecore-mesa-az,2015-05-07,2,42.54073742631264,0.1581515595484312,0.9605718517963756,0.2360545996251478
pilot-meta-edgecore-mesa-az,2015-05-07,3,43.007985991375485,0.1706626040907319,0.9626713249256869,0.2219083458885236
pilot-meta-edgecore-mesa-az,2015-05-07,4,42.718903894599386,0.1895759688606237,0.9635828574327656,0.2176891568144094
pilot-meta-edgecore-mesa-az,2015-05-23,0,46.81411532339873,0.1423445302851553,0.9613556442100546,0.2535662752299175
pilot-meta-edgecore-mesa-az,2015-05-23,1,47.72729613603087,0.152625696996318,0.9598447601554428,0.2450280868682637
pilot-meta-edgecore-mesa-az,2015-05-23,2,47.191323377126125,0.1605491214963475,0.9606571230164292,0.2337891201614031
pilot-meta-edgecore-mesa-az,2015-05-23,3,45.89701110705485,0.1819459542351572,0.9632680034386224,0.2198566350593954
pilot-meta-edgecore-mesa-az,2015-05-23,4,45.775552399661635,0.1927096048424199,0.9635265009823138,0.2156672131989373
pilot-meta-edgecore-mesa-az,2015-06-24,0,57.47293321733992,0.152589537233653,0.9613556442100546,0.2444218610735884
pilot-meta-edgecore-mesa-az,2015-06-24,1,57.56493752870293,0.1638160792970039,0.9598447601554426,0.2327812020238401
pilot-meta-edgecore-mesa-az,2015-06-24,2,57.01833147782614,0.1671248091682066,0.960657123016429,0.2295706304494039
pilot-meta-edgecore-mesa-az,2015-06-24,3,55.026924785000304,0.1817530836104873,0.9632656653115224,0.2144729742663927
pilot-meta-edgecore-mesa-az,2015-06-24,4,55.0826125786264,0.1933563559411323,0.9634942555414392,0.2123781435420941
pilot-meta-edgecore-mesa-az,2015-07-10,0,59.79418651746211,0.1377888546019234,0.9613556442100546,0.2496398352300539
pilot-meta-edgecore-mesa-az,2015-07-10,1,60.53385201153845,0.153210835464731,0.9598447601554428,0.2402787496428023
pilot-meta-edgecore-mesa-az,2015-07-10,2,60.42634098901146,0.1585269782616055,0.9606571230164294,0.2309220899100212
pilot-meta-edgecore-mesa-az,2015-07-10,3,58.70327232318346,0.1817017299996758,0.9632734595445736,0.2175562977203153
pilot-meta-edgecore-mesa-az,2015-07-10,4,58.23779253886526,0.1886600946874809,0.9634665158700748,0.213947545509578
pilot-meta-edgecore-mesa-az,2015-07-26,0,63.91128453014773,0.1370578341528558,0.9613556442100546,0.2522746727042317
pilot-meta-edgecore-mesa-az,2015-07-26,1,63.9329367535561,0.1520185915887258,0.9598447601554426,0.2426541978005495
pilot-meta-edgecore-mesa-az,2015-07-26,2,62.89915085236424,0.1592686565511938,0.960657123016429,0.2327780726826858
pilot-meta-edgecore-mesa-az,2015-07-26,3,60.47012892684782,0.1847982696528756,0.9632759418306156,0.2188448420937128
pilot-meta-edgecore-mesa-az,2015-07-26,4,60.58580316309723,0.1798418869744007,0.96335516709887,0.2128797201141701
pilot-meta-edgecore-mesa-az,2015-08-27,0,53.79491208721518,0.1438484960543667,0.9613556442100546,0.2493018713926653
pilot-meta-edgecore-mesa-az,2015-08-27,1,54.054355989495306,0.1553176591949103,0.9598447601554428,0.2417580377354653
pilot-meta-edgecore-mesa-az,2015-08-27,2,53.47903089018137,0.164585694972158,0.9606601323809204,0.2293310678794504
pilot-meta-edgecore-mesa-az,2015-08-27,3,52.2522772328737,0.1879868685678342,0.963292080788076,0.2112813930481007
pilot-meta-edgecore-mesa-az,2015-08-27,4,52.93446497662366,0.1888184467656716,0.9634192537889968,0.2094668575817387
pilot-meta-edgecore-mesa-az,2015-09-12,0,56.33261691816565,0.1430211474681345,0.9613556442100546,0.2461905951615818
pilot-meta-edgecore-mesa-az,2015-09-12,1,56.7882352841872,0.1554503947750219,0.959844760155443,0.2383391105416618
pilot-meta-edgecore-mesa-az,2015-09-12,2,56.31193269116975,0.1665630592803711,0.9606601323809204,0.2249433813256342
pilot-meta-edgecore-mesa-az,2015-09-12,3,54.53765529597327,0.1901150866624987,0.9632786126193852,0.2077536887746148
pilot-meta-edgecore-mesa-az,2015-09-12,4,54.435148229657806,0.1977651417997664,0.9635053797045708,0.2051355848303893
pilot-meta-edgecore-mesa-az,2015-09-28,0,50.79406497809683,0.141291923318813,0.9613556442100546,0.2288230228735787
pilot-meta-edgecore-mesa-az,2015-09-28,1,51.36911913639153,0.1481087320216035,0.9598447601554428,0.2244595481049511
pilot-meta-edgecore-mesa-az,2015-09-28,2,50.724981013978,0.1601526644242434,0.9606601323809204,0.2142403583687882
pilot-meta-edgecore-mesa-az,2015-09-28,3,49.045814833956946,0.1836446675256875,0.96327179670242,0.197607059562479
pilot-meta-edgecore-mesa-az,2015-09-28,4,48.9632742237918,0.1935628995038842,0.9634893506258392,0.2019930223905912
pilot-meta-edgecore-mesa-az,2015-10-14,0,46.99682515528315,0.1473256873945518,0.9613556442100546,0.2364787406318458
pilot-meta-edgecore-mesa-az,2015-10-14,1,47.38566816573642,0.1544054787732451,0.9598447601554428,0.2307217048129858
pilot-meta-edgecore-mesa-az,2015-10-14,2,46.706157944517614,0.162021322042982,0.9606601323809204,0.2176639168471543
pilot-meta-edgecore-mesa-az,2015-10-14,3,45.16383741763519,0.1861697583160911,0.9632719962440304,0.1992789681196542
pilot-meta-edgecore-mesa-az,2015-10-14,4,45.16594644870359,0.1900957542076999,0.963387448049464,0.1989826501323679
pilot-meta-edgecore-mesa-az,2015-10-30,0,28.385263535775316,0.159858987266565,0.9613556442100546,0.201061143277761
pilot-meta-edgecore-mesa-az,2015-10-30,1,28.841413786478324,0.1659832785741602,0.9598447601554428,0.1973537172906559
pilot-meta-edgecore-mesa-az,2015-10-30,2,29.008814909311955,0.1742460985226551,0.9606601323809204,0.1908846273778694
pilot-meta-edgecore-mesa-az,2015-10-30,3,28.932403446627532,0.2036414539926719,0.9633716891769614,0.1751825530929381
pilot-meta-edgecore-mesa-az,2015-10-30,4,29.24040409705254,0.2063800009834887,0.9635246036598776,0.1788258920039246
pilot-meta-edgecore-mesa-az,2015-12-01,0,21.39614873225883,0.129002064663005,0.9613556442100546,0.2277725655963343
pilot-meta-edgecore-mesa-az,2015-12-01,1,21.867413043634897,0.132127740586606,0.9598447601554428,0.2248276467119436
pilot-meta-edgecore-mesa-az,2015-12-01,2,21.26488359890668,0.1482758047237181,0.9606601323809204,0.2092558515733857
pilot-meta-edgecore-mesa-az,2015-12-01,3,20.33843082351174,0.1809239947710907,0.963268868786222,0.1879666601398529
pilot-meta-edgecore-mesa-az,2015-12-01,4,20.359863473589737,0.1849973351338598,0.9634085205187124,0.1878795328527384
pilot-meta-edgecore-mesa-az,2015-12-17,0,14.631117635052268,0.1285343989616715,0.9613556442100546,0.2165505132809491
pilot-meta-edgecore-mesa-az,2015-12-17,1,14.930173755500029,0.1321845598050054,0.9598447601554426,0.2150458910789437
pilot-meta-edgecore-mesa-az,2015-12-17,2,14.731144949841918,0.1479065080901524,0.9606629095114956,0.2002265816598464
pilot-meta-edgecore-mesa-az,2015-12-17,3,14.66896738839248,0.178680869230261,0.9632750336587717,0.1800416640694066
pilot-meta-edgecore-mesa-az,2015-12-17,4,14.756923996529771,0.1875631752682413,0.9634796959080792,0.17894601627308
pilot-meta-edgecore-mesa-az,2016-01-02,0,22.4246680430585,0.1219827468610554,0.9613556442100546,0.2236999688066483
pilot-meta-edgecore-mesa-az,2016-01-02,1,22.82021459867585,0.1261902939714969,0.9598447601554428,0.2210503846972721
pilot-meta-edgecore-mesa-az,2016-01-02,2,22.25169347920536,0.1433199406372803,0.9606571230164294,0.2050067939219349
pilot-meta-edgecore-mesa-az,2016-01-02,3,21.32751464522282,0.1729615981098527,0.9632710420153792,0.1843510103428964
pilot-meta-edgecore-mesa-az,2016-01-02,4,21.271797769170117,0.1846794464179904,0.9634983987690569,0.183251728091987
pilot-meta-edgecore-mesa-az,2016-02-03,0,16.125827779249953,0.1356150580288577,0.9613556442100546,0.2235301289824846
pilot-meta-edgecore-mesa-az,2016-02-03,1,16.47744502179296,0.144479728503947,0.9598447601554426,0.219129736436058
pilot-meta-edgecore-mesa-az,2016-02-03,2,16.275208987240656,0.1550074646363037,0.9606601323809202,0.2049855316485876
pilot-meta-edgecore-mesa-az,2016-02-03,3,16.339473812992463,0.179043295133794,0.9632676021338265,0.1860094766042206
pilot-meta-edgecore-mesa-az,2016-02-03,4,16.37935992539236,0.193746573509548,0.963523034549056,0.1833393743902468
pilot-meta-edgecore-mesa-az,2016-03-06,1,25.64630404769233,0.2189811374840814,0.9572307692307692,0.1545686049999999
pilot-meta-edgecore-mesa-az,2016-03-06,2,29.639185520000016,0.1755225383442401,0.954570588235294,0.0706851042647059
pilot-meta-edgecore-mesa-az,2016-03-06,3,26.872742227663338,0.2059643521937398,0.9645473018416694,0.1549403591235009
pilot-meta-edgecore-mesa-az,2016-03-06,4,27.687111151827494,0.2128003371765201,0.964676700490984,0.1818170190251757
pilot-meta-edgecore-mesa-az,2016-03-22,0,37.69249647360949,0.151783083708712,0.9613556442100546,0.245636945735783
pilot-meta-edgecore-mesa-az,2016-03-22,1,37.900630512190446,0.1606067120416186,0.9598447601554428,0.238397751115945
pilot-meta-edgecore-mesa-az,2016-03-22,2,37.64598653369978,0.168492415767122,0.9606571230164294,0.2257969395439118
pilot-meta-edgecore-mesa-az,2016-03-22,3,36.61806304044012,0.1905829606474243,0.963269771232957,0.2059281337724629
pilot-meta-edgecore-mesa-az,2016-03-22,4,36.77312895836704,0.2030393297165209,0.9635137771654452,0.2035442449971177
pilot-meta-edgecore-mesa-az,2016-04-23,0,48.87208616057307,0.1313447353627965,0.9613556442100546,0.2526164014054508
pilot-meta-edgecore-mesa-az,2016-04-23,1,49.15233685698188,0.1391732138122704,0.9598447601554428,0.2468530922494193
pilot-meta-edgecore-mesa-az,2016-04-23,2,48.54996278479948,0.1537741732390124,0.9606601323809204,0.2331963807048422
pilot-meta-edgecore-mesa-az,2016-04-23,3,46.981708629740496,0.180182658947081,0.9632743810291376,0.2143775749700286
pilot-meta-edgecore-mesa-az,2016-04-23,4,47.18343205423487,0.1793187566076128,0.9633784715925192,0.2113010935127829
pilot-meta-edgecore-mesa-az,2016-05-09,0,46.30705698544944,0.1295402729403031,0.9613556442100546,0.2537570979654931
pilot-meta-edgecore-mesa-az,2016-05-09,1,47.32269237173807,0.135983554262324,0.9598447601554428,0.2445681786222258
pilot-meta-edgecore-mesa-az,2016-05-09,2,47.32026207567965,0.1510139002121144,0.9606601323809204,0.230040415235684
pilot-meta-edgecore-mesa-az,2016-05-09,3,46.23704747301502,0.1781849251954816,0.9632736779074796,0.2137479704894668
pilot-meta-edgecore-mesa-az,2016-05-09,4,46.70441040706151,0.1756816579886704,0.9633619312761846,0.2116947588781926
pilot-meta-edgecore-mesa-az,2016-05-25,0,49.431335339415305,0.1268581519533777,0.9613556442100546,0.2629118687376184
pilot-meta-edgecore-mesa-az,2016-05-25,1,49.68520410993247,0.134436839211373,0.9598447601554428,0.2550103858956373
pilot-meta-edgecore-mesa-az,2016-05-25,2,49.152276661761576,0.1480216618073001,0.9606571230164292,0.2395137304536709
pilot-meta-edgecore-mesa-az,2016-05-25,3,47.92616074294666,0.1725338702900755,0.963260599894313,0.2213073968232292
pilot-meta-edgecore-mesa-az,2016-05-25,4,48.71421988085817,0.1689084583132446,0.9633419082424128,0.2191075233637497
pilot-meta-edgecore-mesa-az,2016-06-10,0,37.7979778170429,0.1259578385367807,0.9613556442100546,0.2570949032726037
pilot-meta-edgecore-mesa-az,2016-06-10,1,38.07879704905177,0.1342398664347786,0.9597791942110842,0.2505169635329179
pilot-meta-edgecore-mesa-az,2016-06-10,2,38.36587205767849,0.1416497121377776,0.9606265056791274,0.2453241871078622
pilot-meta-edgecore-mesa-az,2016-06-10,3,37.93459578593944,0.1593344291524894,0.9627125501671296,0.2308936813941995
pilot-meta-edgecore-mesa-az,2016-06-10,4,38.072863000352385,0.1551872775389722,0.962299216521948,0.2288074191059384
pilot-meta-edgecore-mesa-az,2016-07-12,0,60.796770895777186,0.1190287088325947,0.9613556442100546,0.2669770569516096
pilot-meta-edgecore-mesa-az,2016-07-12,1,60.7996581691136,0.1371302852982843,0.9598447601554426,0.2567006857346948
pilot-meta-edgecore-mesa-az,2016-07-12,2,60.08187362695742,0.149876741769601,0.9606601323809202,0.2410141390822112
pilot-meta-edgecore-mesa-az,2016-07-12,3,58.35333425450485,0.1788310315322336,0.9632669603469622,0.2198589567573666
pilot-meta-edgecore-mesa-az,2016-07-12,4,58.8635435652029,0.1692877843365432,0.9633097340232376,0.2186194321993749
pilot-meta-edgecore-mesa-az,2016-07-28,0,43.73295332116345,0.1289074547991107,0.9598445257435442,0.343457048553526
pilot-meta-edgecore-mesa-az,2016-07-28,1,41.67001795687431,0.1364287111298233,0.95881581989692,0.3385665366032969
pilot-meta-edgecore-mesa-az,2016-07-28,2,35.59651125264083,0.1377370271898755,0.9600587376182552,0.3248748465236396
pilot-meta-edgecore-mesa-az,2016-07-28,3,39.33119685799507,0.1497408876518567,0.9623217040349578,0.2856325982490091
pilot-meta-edgecore-mesa-az,2016-07-28,4,42.58481082283084,0.1555745266517796,0.9622899013683576,0.2514791098505009
pilot-meta-edgecore-mesa-az,2016-08-13,0,57.92513392126771,0.1174406149162468,0.9613556442100546,0.2592939239181001
pilot-meta-edgecore-mesa-az,2016-08-13,1,58.13078458606313,0.1351542846090434,0.9598447601554428,0.2480442340243563
pilot-meta-edgecore-mesa-az,2016-08-13,2,57.294169078621636,0.1493283492993743,0.9606571230164292,0.233994008704032
pilot-meta-edgecore-mesa-az,2016-08-13,3,55.21538239763147,0.1809702355645043,0.9632752114843122,0.2140729636060412
pilot-meta-edgecore-mesa-az,2016-08-13,4,54.81803569507965,0.175581880658097,0.963329374934603,0.2135518415192042
pilot-meta-edgecore-mesa-az,2016-08-29,0,56.596422640361,0.1161755338075703,0.9613556442100546,0.2622031446677163
pilot-meta-edgecore-mesa-az,2016-08-29,1,56.66841555433614,0.1336990124067246,0.959844760155443,0.2495555319626041
pilot-meta-edgecore-mesa-az,2016-08-29,2,56.08882850102668,0.1483426147257223,0.9606601323809204,0.234977501028119
pilot-meta-edgecore-mesa-az,2016-08-29,3,54.303895071091986,0.1805613372871972,0.963279080116084,0.214412665989699
pilot-meta-edgecore-mesa-az,2016-08-29,4,54.6370400742547,0.1772838125266617,0.9633294105147184,0.2137251012155255
pilot-meta-edgecore-mesa-az,2016-09-14,0,49.57830154458436,0.116009059599477,0.9613556442100546,0.2591162107283029
pilot-meta-edgecore-mesa-az,2016-09-14,1,49.71748730779478,0.1339030995790424,0.9598447601554428,0.247493845240873
pilot-meta-edgecore-mesa-az,2016-09-14,2,49.005466822432965,0.1484835320421636,0.9606601323809204,0.2315250561029591
pilot-meta-edgecore-mesa-az,2016-09-14,3,47.49510677616272,0.1814247709400445,0.963276182133302,0.2110701132767106
pilot-meta-edgecore-mesa-az,2016-09-14,4,47.85546733540621,0.1779667310106179,0.9633486909544358,0.2105080487371183
pilot-meta-edgecore-mesa-az,2016-09-30,0,51.90766529299411,0.1177997469457641,0.9613556442100546,0.2584477416116186
pilot-meta-edgecore-mesa-az,2016-09-30,1,52.79672846232624,0.1333092674840705,0.9598447601554428,0.2453867896358839
pilot-meta-edgecore-mesa-az,2016-09-30,2,51.30518776925789,0.1440767969218435,0.9605826316377372,0.2347545868308669
pilot-meta-edgecore-mesa-az,2016-09-30,3,48.62925313422455,0.1729121278779695,0.9632090263508284,0.2127879855749475
pilot-meta-edgecore-mesa-az,2016-09-30,4,50.021407320744615,0.1705489875541791,0.96311116372128,0.2020259366693235
pilot-meta-edgecore-mesa-az,2016-10-16,0,44.38243505105218,0.1151317444576726,0.9613556442100546,0.2596735299844476
pilot-meta-edgecore-mesa-az,2016-10-16,1,44.72881593585239,0.1285090704973425,0.9598447601554426,0.2482928305738735
pilot-meta-edgecore-mesa-az,2016-10-16,2,44.10225765728654,0.145833969108914,0.9606601323809204,0.2289473094199017
pilot-meta-edgecore-mesa-az,2016-10-16,3,42.616815889533726,0.1785411612164706,0.9632737086783664,0.2028315017907312
pilot-meta-edgecore-mesa-az,2016-10-16,4,43.1557800463179,0.1750887391558386,0.9633384820603044,0.2020883380492485
pilot-meta-edgecore-mesa-az,2016-11-01,0,31.53248359936546,0.1113014928703737,0.9613371025938384,0.2548782759692959
pilot-meta-edgecore-mesa-az,2016-11-01,1,31.705983384672923,0.1192031868106603,0.9598625581298236,0.2494247209094893
pilot-meta-edgecore-mesa-az,2016-11-01,2,30.9526792673591,0.1298481566056044,0.9597106150123946,0.2398321915817289
pilot-meta-edgecore-mesa-az,2016-11-01,3,30.568267113829695,0.1632992962224314,0.9626383999874536,0.222030737171118
pilot-meta-edgecore-mesa-az,2016-11-01,4,32.84702140107148,0.1701154643219717,0.963624034498686,0.2151261734814925
pilot-meta-edgecore-mesa-az,2016-11-17,0,28.21647476594238,0.1107824761374808,0.9613556442100546,0.2553387112906401
pilot-meta-edgecore-mesa-az,2016-11-17,1,28.437674245370385,0.1233495075996223,0.9598447601554428,0.2442326799316025
pilot-meta-edgecore-mesa-az,2016-11-17,2,28.089872038866343,0.1441455137388507,0.9606571230164294,0.2263239491438832
pilot-meta-edgecore-mesa-az,2016-11-17,3,27.191978919399983,0.1817966866045171,0.9632709691286808,0.1996273798556154
pilot-meta-edgecore-mesa-az,2016-11-17,4,27.506517310267512,0.1780542997973816,0.9633384114731716,0.1994020612419363
pilot-meta-edgecore-mesa-az,2016-12-03,0,22.437461081768504,0.1130696867880143,0.9613556442100546,0.2469072787710232
pilot-meta-edgecore-mesa-az,2016-12-03,1,22.70774718674711,0.1215662108615159,0.9598447601554428,0.2383907831827182
pilot-meta-edgecore-mesa-az,2016-12-03,2,22.569933264066204,0.1450995175281833,0.96067623393241,0.2192623893493135
pilot-meta-edgecore-mesa-az,2016-12-03,3,21.938937386528256,0.1837688455467299,0.9632711044816588,0.192027709093477
pilot-meta-edgecore-mesa-az,2016-12-03,4,22.088442132642264,0.1817897262685545,0.9633486182058087,0.1918035082087312
pilot-meta-edgecore-mesa-az,2016-12-19,0,21.889500869004173,0.1111331067007442,0.9613556442100546,0.2444567425107253
pilot-meta-edgecore-mesa-az,2016-12-19,1,22.13656356951003,0.1186370611633184,0.9598447601554428,0.2355154575501055
pilot-meta-edgecore-mesa-az,2016-12-19,2,21.822850011579774,0.1413459761066478,0.9606735051839002,0.2165786654598845
pilot-meta-edgecore-mesa-az,2016-12-19,3,21.09705277106539,0.1774823892495476,0.9632835739741972,0.1893765245819718
pilot-meta-edgecore-mesa-az,2016-12-19,4,21.090181898374492,0.1825469959151541,0.9634287079480576,0.1894028293716579
pilot-meta-edgecore-mesa-az,2017-01-04,0,18.875543418885098,0.1282418669253134,0.9613556442100546,0.2207195474673695
pilot-meta-edgecore-mesa-az,2017-01-04,1,19.061388891629804,0.1332807196257285,0.9598447601554428,0.2141601181837733
pilot-meta-edgecore-mesa-az,2017-01-04,2,19.110765589894,0.1534177306205534,0.9606980252148344,0.1969664518625501
pilot-meta-edgecore-mesa-az,2017-01-04,3,19.299548925194287,0.1880352592023276,0.9632716246614268,0.1727654825398321
pilot-meta-edgecore-mesa-az,2017-01-04,4,19.25043369508981,0.202794900474289,0.9635040104817192,0.1712111797896649
pilot-meta-edgecore-mesa-az,2017-02-05,0,26.659499168497256,0.1524168584600742,0.9613556442100546,0.2346344578699125
pilot-meta-edgecore-mesa-az,2017-02-05,1,26.96413585421086,0.1604086045689699,0.9598447601554428,0.2256175870007248
pilot-meta-edgecore-mesa-az,2017-02-05,2,26.54032998444527,0.1703613891634859,0.9606832880375996,0.2112200629310109
pilot-meta-edgecore-mesa-az,2017-02-05,3,25.900378156996258,0.1877837519298581,0.9632732831294232,0.187732776157993
pilot-meta-edgecore-mesa-az,2017-02-05,4,25.992701332041424,0.2086017307324905,0.9635307136130196,0.1868165942677227
pilot-meta-edgecore-mesa-az,2017-02-21,0,24.975546834243413,0.2010917168323589,0.9613556442100546,0.1949157738374571
pilot-meta-edgecore-mesa-az,2017-02-21,1,25.226525013052267,0.2073491987218708,0.9598447601554428,0.1901638538234068
pilot-meta-edgecore-mesa-az,2017-02-21,2,25.29413713693034,0.2041654561169149,0.960690322789963,0.1826491378560737
pilot-meta-edgecore-mesa-az,2017-02-21,3,25.86784396781155,0.2113047678676101,0.9632723657844402,0.1672564600190563
pilot-meta-edgecore-mesa-az,2017-02-21,4,25.9415631780177,0.2303272773689639,0.9635187851573735,0.1695608427297985
pilot-meta-edgecore-mesa-az,2017-03-09,0,37.12791929679127,0.2205671021009055,0.9613556442100546,0.2304162849454412
pilot-meta-edgecore-mesa-az,2017-03-09,1,37.452967110359026,0.2295005544754586,0.9598447601554428,0.220317300118685
pilot-meta-edgecore-mesa-az,2017-03-09,2,36.95970342057157,0.2188531872216604,0.960683433183797,0.2092465525021078
pilot-meta-edgecore-mesa-az,2017-03-09,3,36.15168711241862,0.2095146786617743,0.9632703900313468,0.1915393412651261
pilot-meta-edgecore-mesa-az,2017-03-09,4,36.17974811442545,0.2255501517168926,0.963529770833703,0.1906942485290352
pilot-meta-edgecore-mesa-az,2017-03-25,0,38.195893506752,0.1622947999399014,0.9613556442100546,0.2347665953933321
pilot-meta-edgecore-mesa-az,2017-03-25,1,38.60729122487349,0.1700243846298879,0.9598447601554428,0.2253375726859328
pilot-meta-edgecore-mesa-az,2017-03-25,2,37.75712159003015,0.1769584518562237,0.9606883100960272,0.214600921565896
pilot-meta-edgecore-mesa-az,2017-03-25,3,36.48410806241216,0.1932920214501588,0.9632787582498508,0.196959207652382
pilot-meta-edgecore-mesa-az,2017-03-25,4,36.65434388542542,0.1986893496615456,0.9634467773700864,0.196130503689258
pilot-meta-edgecore-mesa-az,2017-04-10,0,42.320762576936424,0.1486047004027803,0.9613556442100546,0.2469828928016566
pilot-meta-edgecore-mesa-az,2017-04-10,1,42.69566687952548,0.1533024761805267,0.9598447601554426,0.2386125664306462
pilot-meta-edgecore-mesa-az,2017-04-10,2,41.84739080466836,0.1635325305427401,0.9606600162639624,0.2275333864482188
pilot-meta-edgecore-mesa-az,2017-04-10,3,40.40779655670431,0.1822635229311132,0.963261337471085,0.208301117258658
pilot-meta-edgecore-mesa-az,2017-04-10,4,40.88570841816732,0.1831148243370198,0.9633746336185616,0.2078224395603137
pilot-meta-edgecore-mesa-az,2017-04-26,0,48.78055528382361,0.1387592756076302,0.9613556442100546,0.2553508882584285
pilot-meta-edgecore-mesa-az,2017-04-26,1,48.96135280509545,0.1442032280809357,0.9598447601554428,0.2460787213270086
pilot-meta-edgecore-mesa-az,2017-04-26,2,47.44374490782815,0.1564351429496806,0.9606642738857508,0.2338192991675844
pilot-meta-edgecore-mesa-az,2017-04-26,3,45.790462707152216,0.1763829081574236,0.963259672752321,0.2137249565147313
pilot-meta-edgecore-mesa-az,2017-04-26,4,46.27843018618175,0.1778899753371951,0.963360955139952,0.2121474908732618
pilot-meta-edgecore-mesa-az,2017-05-12,0,50.26397571476376,0.1376760258894502,0.9613556442100546,0.2544172413189442
pilot-meta-edgecore-mesa-az,2017-05-12,1,50.40540084283882,0.1437967086986406,0.9598447601554428,0.2458146975159809
pilot-meta-edgecore-mesa-az,2017-05-12,2,49.36783021130805,0.1533451138653843,0.9606571230164292,0.2284702130200691
pilot-meta-edgecore-mesa-az,2017-05-12,3,46.06613055802724,0.1732986429243801,0.9632563968947726,0.2075816395168527
pilot-meta-edgecore-mesa-az,2017-05-12,4,46.59837407646284,0.1786370255930223,0.9633910408732989,0.2134959695339711
pilot-meta-edgecore-mesa-az,2017-05-28,0,57.10671836763026,0.1331764662334512,0.9613556442100546,0.2601763110917827
pilot-meta-edgecore-mesa-az,2017-05-28,1,57.372500387665475,0.1446417538745633,0.9598447601554428,0.2507217557390322
pilot-meta-edgecore-mesa-az,2017-05-28,2,56.49175598778883,0.1525367636405973,0.9606601323809204,0.2390009952272306
pilot-meta-edgecore-mesa-az,2017-05-28,3,54.54430106027734,0.1748949254831955,0.9632687189928228,0.2189868341580385
pilot-meta-edgecore-mesa-az,2017-05-28,4,54.63799005946952,0.1785421098885796,0.963428097434344,0.2172500121171163
pilot-meta-edgecore-mesa-az,2017-06-13,0,55.68284085409393,0.1298776509369983,0.9613556442100546,0.2635325250796639
pilot-meta-edgecore-mesa-az,2017-06-13,1,55.07657751724593,0.1428726750573695,0.9598447601554428,0.2518314277860072
pilot-meta-edgecore-mesa-az,2017-06-13,2,54.66955439879387,0.1507185643590439,0.9606601323809204,0.2422332354438268
pilot-meta-edgecore-mesa-az,2017-06-13,3,52.71123883813775,0.1721071956571823,0.9632610866676612,0.221313300569539
pilot-meta-edgecore-mesa-az,2017-06-13,4,52.97108940597658,0.1745836607336131,0.9634181459483002,0.2200079560579335
pilot-meta-edgecore-mesa-az,2017-06-29,0,60.06527400345012,0.1306473261525458,0.9613556442100546,0.2612851811527289
pilot-meta-edgecore-mesa-az,2017-06-29,1,59.677114252080585,0.142141992170332,0.9598447601554428,0.2516705035668683
pilot-meta-edgecore-mesa-az,2017-06-29,2,58.98807273124274,0.1508440435889226,0.9606571230164294,0.2401303467652017
pilot-meta-edgecore-mesa-az,2017-06-29,3,57.21485100159821,0.1711977630159043,0.9632667675390708,0.2191776975012365
pilot-meta-edgecore-mesa-az,2017-06-29,4,57.42960159456898,0.1727255866986528,0.963410889988608,0.2183797342309288
pilot-meta-edgecore-mesa-az,2017-07-15,0,65.46909410461038,0.1361223626453706,0.9613556442100546,0.2486756889217436
pilot-meta-edgecore-mesa-az,2017-07-15,1,65.07843090351265,0.145256977879264,0.9598447601554428,0.2400060940889776
pilot-meta-edgecore-mesa-az,2017-07-15,2,64.09140275373962,0.1569520674284469,0.9606601323809204,0.2293326771267361
pilot-meta-edgecore-mesa-az,2017-07-15,3,61.53526975376237,0.1804745726457528,0.9632725142022232,0.2121103471129717
pilot-meta-edgecore-mesa-az,2017-07-15,4,61.590220901827095,0.1755361768704841,0.963348077441622,0.2142451847484118
pilot-meta-edgecore-mesa-az,2017-07-31,3,27.543816390000018,0.0950229808122884,0.9602777777777778,0.3365935712152778
pilot-meta-edgecore-mesa-az,2017-07-31,4,35.51160788960331,0.1757171217226123,0.9647089388663738,0.1589926622497682
pilot-meta-edgecore-mesa-az,2017-08-16,0,52.18079651768155,0.1854790080750272,0.9613556442100546,0.2529765760359712
pilot-meta-edgecore-mesa-az,2017-08-16,1,52.642996418158326,0.1772853050152719,0.9598447601554428,0.2462446934052956
pilot-meta-edgecore-mesa-az,2017-08-16,2,53.5763115007062,0.1740161555470913,0.9606689669461308,0.2322576419255379
pilot-meta-edgecore-mesa-az,2017-08-16,3,52.50931604537152,0.202476382517085,0.9632671827114636,0.208970011780897
pilot-meta-edgecore-mesa-az,2017-08-16,4,52.72196662803273,0.2100045129126795,0.9633283963251722,0.2091158044350499
pilot-meta-edgecore-mesa-az,2017-09-01,0,57.52872389194739,0.1644981131354695,0.9613556442100546,0.2550355517262236
pilot-meta-edgecore-mesa-az,2017-09-01,1,57.50998122962565,0.1617809535537542,0.9598447601554428,0.2482036712805158
pilot-meta-edgecore-mesa-az,2017-09-01,2,57.04495577519319,0.1665106747613684,0.9606622611918144,0.2315525082532595
pilot-meta-edgecore-mesa-az,2017-09-01,3,55.42256506602251,0.1922845932685813,0.9632783490246556,0.209130678639896
pilot-meta-edgecore-mesa-az,2017-09-01,4,55.655692367999414,0.1996595120612289,0.9634181252698678,0.2089908452775845
pilot-meta-edgecore-mesa-az,2017-09-17,0,50.1274009105537,0.1539130712038295,0.9613556442100546,0.2492412548276017
pilot-meta-edgecore-mesa-az,2017-09-17,1,50.30931555621379,0.1534919037612216,0.9598447601554428,0.2422044389073677
pilot-meta-edgecore-mesa-az,2017-09-17,2,49.81028726952716,0.1631750076955477,0.9606601323809204,0.2254198606197752
pilot-meta-edgecore-mesa-az,2017-09-17,3,48.44780744678819,0.1911361146019304,0.9632737906420732,0.2040939283100388
pilot-meta-edgecore-mesa-az,2017-09-17,4,48.4121632489151,0.2025133722488193,0.9635073814142032,0.2045005344295986
pilot-meta-edgecore-mesa-az,2017-10-03,0,45.80388114861533,0.1472651949288576,0.9613556442100546,0.2496580032992567
pilot-meta-edgecore-mesa-az,2017-10-03,1,45.48485302443022,0.1455243093406812,0.959846073224458,0.2431321682089288
pilot-meta-edgecore-mesa-az,2017-10-03,2,45.112168500298075,0.1572850254570108,0.9606601323809204,0.2269038118940012
pilot-meta-edgecore-mesa-az,2017-10-03,3,43.85718678884662,0.1827670608052584,0.9632691504751651,0.2035455943369853
pilot-meta-edgecore-mesa-az,2017-10-03,4,43.93268402847451,0.1933171122084684,0.9635065796874984,0.2045061558264991
pilot-meta-edgecore-mesa-az,2017-10-19,0,26.632157998058503,0.1404204370079739,0.9610937414427144,0.2176707020902686
pilot-meta-edgecore-mesa-az,2017-10-19,1,25.4362900180132,0.1390342179002034,0.9605816431065416,0.2360712561327652
pilot-meta-edgecore-mesa-az,2017-10-19,2,31.499709765875885,0.169498962994831,0.9600619711944351,0.2365030089091923
pilot-meta-edgecore-mesa-az,2017-10-19,3,26.774312700916035,0.1867001372349339,0.963259387763322,0.2296140626231744
pilot-meta-edgecore-mesa-az,2017-10-19,4,27.3556430965857,0.2722001547614366,0.9655345975944166,0.2128384989474845
pilot-meta-edgecore-mesa-az,2017-11-20,0,20.407655733608664,0.1291017096550122,0.961209081209992,0.2240450323217647
pilot-meta-edgecore-mesa-az,2017-11-20,1,21.08380959265573,0.1280077197148443,0.9589601434136222,0.2224439262954064
pilot-meta-edgecore-mesa-az,2017-11-20,2,19.691413316755884,0.1686938064280211,0.9632363546772192,0.1833195222789221
pilot-meta-edgecore-mesa-az,2017-11-20,3,18.949202400431243,0.1933088912123237,0.9642245178972746,0.1788531689598328
pilot-meta-edgecore-mesa-az,2017-11-20,4,19.447217029685888,0.1780059077638465,0.962663661928692,0.1841773937721499
pilot-meta-edgecore-mesa-az,2017-12-06,0,25.22091856044378,0.1376537782498475,0.9613556442100546,0.2290353996605208
pilot-meta-edgecore-mesa-az,2017-12-06,1,25.70050396234962,0.1368038908014894,0.9598447601554428,0.2293007001228065
pilot-meta-edgecore-mesa-az,2017-12-06,2,25.81605536307524,0.1567396998775711,0.9606601323809204,0.204873475212443
pilot-meta-edgecore-mesa-az,2017-12-06,3,25.207648778262012,0.1948305377508714,0.963284369221438,0.179880109574312
pilot-meta-edgecore-mesa-az,2017-12-06,4,25.49196910187157,0.1899498294601847,0.9633593705381582,0.1822239446113984
pilot-meta-edgecore-mesa-az,2017-12-22,0,15.502313741120076,0.1342290408757707,0.9613556442100546,0.2352491694063866
pilot-meta-edgecore-mesa-az,2017-12-22,1,15.836762640685729,0.1317018387811028,0.9598433816810448,0.2359846270249922
pilot-meta-edgecore-mesa-az,2017-12-22,2,15.732894415132565,0.1499289168395492,0.9606000750833128,0.2156651716638424
pilot-meta-edgecore-mesa-az,2017-12-22,3,15.47067332609887,0.1876270015748732,0.9632691557304998,0.1843534456819023
pilot-meta-edgecore-mesa-az,2017-12-22,4,15.62902164319106,0.1846184972938203,0.9633402888913332,0.1863812659765643
pilot-meta-edgecore-mesa-az,2018-01-07,0,22.944033519452702,0.1296418761729604,0.9613556442100546,0.2618024315666798
pilot-meta-edgecore-mesa-az,2018-01-07,1,23.260942832946252,0.1264588741207871,0.9598447601554428,0.2636744691199716
pilot-meta-edgecore-mesa-az,2018-01-07,2,23.20371309923666,0.1442420663419152,0.9606571230164294,0.2386433565402934
pilot-meta-edgecore-mesa-az,2018-01-07,3,22.53366448408757,0.173183377861665,0.963246968336354,0.2056504514552113
pilot-meta-edgecore-mesa-az,2018-01-07,4,22.9164575853701,0.1718517946825329,0.9633275177061332,0.2015180825865717
pilot-meta-edgecore-mesa-az,2018-01-23,0,20.38692088393184,0.1306225568976402,0.9613556442100546,0.2343827902651326
pilot-meta-edgecore-mesa-az,2018-01-23,1,20.64149341081192,0.1264451444741576,0.9598438943748754,0.2361829997142018
pilot-meta-edgecore-mesa-az,2018-01-23,2,20.369559596417226,0.1441377251061756,0.960678362743304,0.2150700702205188
pilot-meta-edgecore-mesa-az,2018-01-23,3,19.76882504391525,0.1757369078740622,0.9632729737872168,0.1853493834693884
pilot-meta-edgecore-mesa-az,2018-01-23,4,20.27817032026485,0.1748528627232734,0.963374267759788,0.1885162189040779
pilot-meta-edgecore-mesa-az,2018-02-08,0,31.058470345490733,0.1272515778436699,0.9613556442100546,0.2395991940961908
pilot-meta-edgecore-mesa-az,2018-02-08,1,31.25230697099389,0.1242315770971242,0.9598447601554428,0.2414101690985034
pilot-meta-edgecore-mesa-az,2018-02-08,2,30.483287463708628,0.1431556307386418,0.960669247562112,0.2178731699763669
pilot-meta-edgecore-mesa-az,2018-02-08,3,29.161984096935907,0.172205534919536,0.9632777197052592,0.1896049484554786
pilot-meta-edgecore-mesa-az,2018-02-08,4,29.579553152794563,0.1708775719245135,0.9633834380681308,0.19266270933649
pilot-meta-edgecore-mesa-az,2018-02-24,0,25.425920419304855,0.1215854570003008,0.9613556442100546,0.2416854553305531
pilot-meta-edgecore-mesa-az,2018-02-24,1,25.660692393318705,0.1194492985089025,0.9598447601554428,0.23983345410223
pilot-meta-edgecore-mesa-az,2018-02-24,2,25.042459344523568,0.1362650846208584,0.9606571230164292,0.215770790547856
pilot-meta-edgecore-mesa-az,2018-02-24,3,24.148379964458552,0.1650499877449883,0.9632682943545876,0.1930272466930038
pilot-meta-edgecore-mesa-az,2018-02-24,4,24.437373128198463,0.1642585271222129,0.9633756362546144,0.1943344201191685
pilot-meta-edgecore-mesa-az,2018-03-12,0,38.663108988074015,0.1218445881264314,0.9613556442100546,0.2398436037770688
pilot-meta-edgecore-mesa-az,2018-03-12,1,38.971315709474,0.1206973051637882,0.9598447601554428,0.2357409033665561
pilot-meta-edgecore-mesa-az,2018-03-12,2,38.156126142565746,0.1375151503387593,0.9606601323809204,0.2143764112941283
pilot-meta-edgecore-mesa-az,2018-03-12,3,37.04336487580222,0.1673369551528127,0.9632655044148736,0.1935293423852919
pilot-meta-edgecore-mesa-az,2018-03-12,4,37.48822740115264,0.1651456687210779,0.9633742681924702,0.1953831205885974
pilot-meta-edgecore-mesa-az,2018-03-28,0,39.81278027220392,0.1185656971172103,0.9613556442100546,0.2478057922448297
pilot-meta-edgecore-mesa-az,2018-03-28,1,39.56134989691265,0.1206486872851819,0.9598447601554428,0.2442393291324152
pilot-meta-edgecore-mesa-az,2018-03-28,2,38.70514962811748,0.1360742646079286,0.9606571230164292,0.2243097991504705
pilot-meta-edgecore-mesa-az,2018-03-28,3,37.61883379957073,0.1660201140333451,0.9632704714210903,0.2019257009551429
pilot-meta-edgecore-mesa-az,2018-03-28,4,38.08435900782229,0.1627570004825542,0.9633896501421986,0.2025411159288526
pilot-meta-edgecore-mesa-az,2018-04-13,0,37.37864869022616,0.1174939642176944,0.9613556442100546,0.2573830744609686
pilot-meta-edgecore-mesa-az,2018-04-13,1,37.098091246121825,0.1197143945721668,0.9598447601554428,0.2545938771718454
pilot-meta-edgecore-mesa-az,2018-04-13,2,36.663928180217994,0.1350227966968856,0.9605613161251148,0.2381138974253712
pilot-meta-edgecore-mesa-az,2018-04-13,3,35.81737312747121,0.165812397414613,0.9632499789729824,0.2094479964840032
pilot-meta-edgecore-mesa-az,2018-04-13,4,36.282761101725825,0.1643929406517238,0.9633721310016156,0.2112772086810901
pilot-meta-edgecore-mesa-az,2018-04-29,0,27.72241103437668,0.111841560622219,0.9613474494047052,0.2615290781303465
pilot-meta-edgecore-mesa-az,2018-04-29,1,27.713038929353942,0.1143276502515245,0.9598333164157692,0.25660679926897
pilot-meta-edgecore-mesa-az,2018-04-29,2,28.01587118558205,0.1155943114467817,0.9599250020717548,0.2553070999290332
pilot-meta-edgecore-mesa-az,2018-04-29,3,29.35500611731922,0.1312321416468047,0.9618235594447748,0.2413299097193054
pilot-meta-edgecore-mesa-az,2018-04-29,4,31.88309077462768,0.1420120696836676,0.9623152590938572,0.2364276660232036
pilot-meta-edgecore-mesa-az,2018-05-15,0,54.10600310458735,0.1171804229157051,0.9613556442100546,0.2617029865843957
pilot-meta-edgecore-mesa-az,2018-05-15,1,53.61605092469243,0.1193192488144515,0.9598447601554428,0.2587043360531683
pilot-meta-edgecore-mesa-az,2018-05-15,2,53.00342934906283,0.13619897117352,0.9606571230164294,0.2415084273932633
pilot-meta-edgecore-mesa-az,2018-05-15,3,51.392108119201,0.1670485154834706,0.9632658680356826,0.2157056380066697
pilot-meta-edgecore-mesa-az,2018-05-15,4,51.60599077906504,0.1741428037463023,0.9634869402136244,0.2161038400484894
pilot-meta-edgecore-mesa-az,2018-05-31,0,57.3171730034687,0.1147606580902498,0.9613556442100546,0.266513060688488
pilot-meta-edgecore-mesa-az,2018-05-31,1,56.35279419907578,0.1235898122085901,0.9598447601554428,0.2649231782267556
pilot-meta-edgecore-mesa-az,2018-05-31,2,55.99237320786784,0.1363960735713395,0.9606601323809204,0.2459414919505914
pilot-meta-edgecore-mesa-az,2018-05-31,3,54.58913375292024,0.167949281478948,0.9632674751038792,0.2198746693581483
pilot-meta-edgecore-mesa-az,2018-05-31,4,54.81983673891631,0.1727496407721816,0.9634720147434758,0.2193891812802109
pilot-meta-edgecore-mesa-az,2018-07-02,0,59.28388839299143,0.1161582171691229,0.9613556442100546,0.2646041893560177
pilot-meta-edgecore-mesa-az,2018-07-02,1,59.10350820734097,0.1248543826287592,0.9598447601554428,0.2630261048988405
pilot-meta-edgecore-mesa-az,2018-07-02,2,58.53935677086931,0.137395715468265,0.9606571230164294,0.2445188175547304
pilot-meta-edgecore-mesa-az,2018-07-02,3,56.96597506904343,0.1699458709137078,0.9632615673972212,0.2163467338736552
pilot-meta-edgecore-mesa-az,2018-07-02,4,57.46973468950249,0.1714265661216801,0.9634485640454626,0.216876042882331
pilot-meta-edgecore-mesa-az,2018-07-18,0,60.34169043695489,0.1216850164848158,0.9613556442100546,0.2602720218795514
pilot-meta-edgecore-mesa-az,2018-07-18,1,59.997527876225554,0.127094889989121,0.959844760155443,0.2596091852484513
pilot-meta-edgecore-mesa-az,2018-07-18,2,59.25233972277719,0.1426796949859029,0.9606571230164294,0.2381875505638781
pilot-meta-edgecore-mesa-az,2018-07-18,3,57.63674745264191,0.1771534696918709,0.9632643959316298,0.2131698896497888
pilot-meta-edgecore-mesa-az,2018-07-18,4,58.239636459702915,0.1718845397573286,0.9633450784062908,0.2132645507576236
pilot-meta-edgecore-mesa-az,2018-08-03,0,61.10435265940093,0.123250109248267,0.9613556442100546,0.2556379441572852
pilot-meta-edgecore-mesa-az,2018-08-03,1,60.7517555392652,0.1302411408460726,0.9598447601554428,0.254472840710342
pilot-meta-edgecore-mesa-az,2018-08-03,2,59.92923193272008,0.1430779790452624,0.9606571230164294,0.2370477359524203
pilot-meta-edgecore-mesa-az,2018-08-03,3,58.037833280536816,0.1739875289923167,0.96326052510588,0.210583546903198
pilot-meta-edgecore-mesa-az,2018-08-03,4,58.094172674971645,0.1764667792980013,0.9634137546388122,0.2137995887593435
pilot-meta-edgecore-mesa-az,2018-08-19,0,54.69238826050013,0.1334866450798885,0.9613556442100546,0.2638571911730065
pilot-meta-edgecore-mesa-az,2018-08-19,1,55.04944018387973,0.1359141316341225,0.9598447601554428,0.2602599255108687
pilot-meta-edgecore-mesa-az,2018-08-19,2,54.701237174423554,0.1502570865065717,0.9606571230164294,0.2404641390401465
pilot-meta-edgecore-mesa-az,2018-08-19,3,53.01571922170006,0.1891858025683843,0.9632895561679172,0.207878814847357
pilot-meta-edgecore-mesa-az,2018-08-19,4,52.83118135935528,0.2057825337231873,0.963520655449128,0.2119009622819857
pilot-meta-edgecore-mesa-az,2018-09-04,0,53.94910356628227,0.1456271575614209,0.9613556442100546,0.2605216141199636
pilot-meta-edgecore-mesa-az,2018-09-04,1,54.4059265657146,0.1426915100851409,0.9598447601554428,0.2570799719315456
pilot-meta-edgecore-mesa-az,2018-09-04,2,53.53654920768991,0.1537661834250629,0.9606571230164294,0.2372039581366643
pilot-meta-edgecore-mesa-az,2018-09-04,3,51.52095075406874,0.1919436129899452,0.9632836080589467,0.2062577738964446
pilot-meta-edgecore-mesa-az,2018-09-04,4,51.160000696669705,0.2087366594978628,0.9635278973017726,0.2099863419721494
pilot-meta-edgecore-mesa-az,2018-09-20,0,37.23500847743036,0.1464577753183523,0.9613556442100546,0.2202254569670711
pilot-meta-edgecore-mesa-az,2018-09-20,1,38.04645523140637,0.1433908651072795,0.9598280667130328,0.2280046979991984
pilot-meta-edgecore-mesa-az,2018-09-20,2,38.27999050247791,0.1563651847857919,0.960554160922649,0.217827907880297
pilot-meta-edgecore-mesa-az,2018-09-20,3,39.239046556721554,0.1930661876568796,0.9633413183918376,0.1913825025739911
pilot-meta-edgecore-mesa-az,2018-09-20,4,39.362128155100784,0.1984107519281394,0.9636348406673266,0.1915376131765324
pilot-meta-edgecore-mesa-az,2018-10-06,0,39.881427775983795,0.14345476423867,0.9613556442100546,0.2397867180111487
pilot-meta-edgecore-mesa-az,2018-10-06,1,40.28769902431046,0.1395864189050635,0.9598447601554428,0.2389251132714455
pilot-meta-edgecore-mesa-az,2018-10-06,2,40.02077749833749,0.1502550385124453,0.9606571230164294,0.2220750903055879
pilot-meta-edgecore-mesa-az,2018-10-06,3,39.87235762800558,0.1864007793751495,0.9632709205324708,0.1920429603423451
pilot-meta-edgecore-mesa-az,2018-10-06,4,39.948798892266765,0.1872380231823181,0.9633633674985816,0.1925597906839632
pilot-meta-edgecore-mesa-az,2018-11-07,0,34.74719066789094,0.1680391609753267,0.9613556442100546,0.2388795002193177
pilot-meta-edgecore-mesa-az,2018-11-07,1,35.18704144365276,0.1580142263688292,0.9598447601554426,0.2389411141272429
pilot-meta-edgecore-mesa-az,2018-11-07,2,34.80505345190095,0.1666785953505359,0.9606771628916302,0.2205873795666861
pilot-meta-edgecore-mesa-az,2018-11-07,3,33.778677580357524,0.2007953103856998,0.963299979055574,0.186582266627309
pilot-meta-edgecore-mesa-az,2018-11-07,4,34.1238719078171,0.1995271509285957,0.9633699878911582,0.1874502844802646
pilot-meta-edgecore-mesa-az,2018-11-23,0,22.02839848351209,0.1554967813647183,0.9613556442100546,0.2360063447649368
pilot-meta-edgecore-mesa-az,2018-11-23,1,22.37485263735573,0.144401963002675,0.959844760155443,0.2390935181422674
pilot-meta-edgecore-mesa-az,2018-11-23,2,21.70789402164007,0.1551464542579557,0.960592205019686,0.2244217303685815
pilot-meta-edgecore-mesa-az,2018-11-23,3,20.78822944686126,0.1849797294227201,0.9632557767441192,0.1930004364701172
pilot-meta-edgecore-mesa-az,2018-11-23,4,20.731897862447877,0.183371856313618,0.9633385932559784,0.1954712021809833
pilot-meta-edgecore-mesa-az,2018-12-09,0,23.208212084292494,0.1555068684741847,0.9613556442100546,0.2240941315771087
pilot-meta-edgecore-mesa-az,2018-12-09,1,23.509816768219732,0.1443768701818774,0.9598447601554428,0.2257628968865102
pilot-meta-edgecore-mesa-az,2018-12-09,2,23.13658909745299,0.1593692613633654,0.9606601323809204,0.2068249578507008
pilot-meta-edgecore-mesa-az,2018-12-09,3,22.468561237443932,0.1983872483054559,0.96327775489817,0.1750664411300332
pilot-meta-edgecore-mesa-az,2018-12-09,4,22.49054258109017,0.1947164921476406,0.963373858561321,0.1770619444476614
pilot-meta-edgecore-mesa-az,2018-12-25,0,23.19989858993539,0.1426979417815584,0.9613556442100546,0.2120857548079051
pilot-meta-edgecore-mesa-az,2018-12-25,1,23.55968211858776,0.1375145861383981,0.9598447601554428,0.2326338911499976
pilot-meta-edgecore-mesa-az,2018-12-25,2,23.15422317941237,0.1551322215996295,0.9606601323809204,0.2171607203156207
pilot-meta-edgecore-mesa-az,2018-12-25,3,22.349192430604976,0.1883936790681671,0.9632936207561908,0.1828592483105037
pilot-meta-edgecore-mesa-az,2018-12-25,4,22.193421759122028,0.1833352774500419,0.9635277920256596,0.1866370597999387
pilot-meta-edgecore-mesa-az,2019-01-26,0,22.527758333786032,0.1647093500334486,0.9613556442100546,0.2255107195488641
pilot-meta-edgecore-mesa-az,2019-01-26,1,22.749182647978067,0.1533834939960475,0.959844506419844,0.2306834086115306
pilot-meta-edgecore-mesa-az,2019-01-26,2,22.54799486634072,0.1596676145369707,0.9606601323809204,0.2128908338782161
pilot-meta-edgecore-mesa-az,2019-01-26,3,22.271754141719494,0.1834688008271868,0.963301267926227,0.1804274561783963
pilot-meta-edgecore-mesa-az,2019-01-26,4,22.4202433045666,0.1813065506053441,0.9633621302458872,0.1807550500859108
pilot-meta-edgecore-mesa-az,2019-02-11,0,20.084090451257953,0.1917807708250306,0.9613556442100546,0.220886227848758
pilot-meta-edgecore-mesa-az,2019-02-11,1,20.415568774982535,0.1800332274139958,0.959844760155443,0.2241161982182206
pilot-meta-edgecore-mesa-az,2019-02-11,2,20.303052531734995,0.175893030181556,0.9606601323809204,0.2075827724486407
pilot-meta-edgecore-mesa-az,2019-02-11,3,20.25783768646722,0.1906602410593781,0.9632659423549624,0.1788148353738284
pilot-meta-edgecore-mesa-az,2019-02-11,4,20.36477712861941,0.1894439987184097,0.9633467742540356,0.1797270998721973
pilot-meta-edgecore-mesa-az,2019-02-27,2,17.383751549480724,0.2362357593101869,0.9618639977863463,0.1984534705245644
pilot-meta-edgecore-mesa-az,2019-02-27,3,17.37445765349489,0.2409646035718182,0.9624468481833536,0.1673579498640514
pilot-meta-edgecore-mesa-az,2019-02-27,4,17.97563546956689,0.2337650545992744,0.963297396820669,0.1870431330216513
pilot-meta-edgecore-mesa-az,2019-03-15,0,26.255386915603435,0.2839808327825156,0.9613556442100546,0.2215693544916181
pilot-meta-edgecore-mesa-az,2019-03-15,1,26.52101727853258,0.2830355535825588,0.9598447601554428,0.2251265140538246
pilot-meta-edgecore-mesa-az,2019-03-15,2,26.92802494131664,0.2317831626175019,0.9606629095114956,0.2116537399645264
pilot-meta-edgecore-mesa-az,2019-03-15,3,27.584796132474963,0.2244897389571594,0.9632764871652388,0.1860002783350479
pilot-meta-edgecore-mesa-az,2019-03-15,4,27.426538042411995,0.2237892955825981,0.963414750257056,0.1867026124224777
pilot-meta-edgecore-mesa-az,2019-03-31,0,39.12675718469503,0.2444710958413559,0.9613556442100546,0.2322809448568283
pilot-meta-edgecore-mesa-az,2019-03-31,1,39.48007100948475,0.2311939272478196,0.9598447601554428,0.2337845122203344
pilot-meta-edgecore-mesa-az,2019-03-31,2,39.11564278930977,0.2056586887545795,0.9606571230164292,0.2185545477983236
pilot-meta-edgecore-mesa-az,2019-03-31,3,37.588221539723584,0.2156090924898639,0.9632589197730091,0.1931020608890037
pilot-meta-edgecore-mesa-az,2019-03-31,4,36.76738781937597,0.2224422611644645,0.9635144782313272,0.2002774092978884
pilot-meta-edgecore-mesa-az,2019-04-16,0,34.628490150633866,0.158748186751548,0.9613632961431294,0.1876038060454674
pilot-meta-edgecore-mesa-az,2019-04-16,1,34.93664664102436,0.1671597251809357,0.9599766000659028,0.2144991545791945
pilot-meta-edgecore-mesa-az,2019-04-16,2,36.177450344037226,0.1732088965915183,0.9606067273448956,0.2443559134655747
pilot-meta-edgecore-mesa-az,2019-04-16,3,39.593372861756734,0.200691632909803,0.9632731313959096,0.2106985083272592
pilot-meta-edgecore-mesa-az,2019-04-16,4,38.85476159390761,0.2020635704056947,0.9636846666814528,0.218130667080968
pilot-meta-edgecore-mesa-az,2019-05-18,0,50.04907992092693,0.1665105225029723,0.9613556442100546,0.2450231224255508
pilot-meta-edgecore-mesa-az,2019-05-18,1,50.046340098865265,0.1582863116214813,0.9598447601554428,0.2508399821928358
pilot-meta-edgecore-mesa-az,2019-05-18,2,48.96761849423451,0.1583789246209541,0.9606571230164292,0.2315567355909903
pilot-meta-edgecore-mesa-az,2019-05-18,3,47.7426508769471,0.1882566546455725,0.9632740436532734,0.2068771082342273
pilot-meta-edgecore-mesa-az,2019-05-18,4,48.12948345510288,0.1862831021964226,0.9633794734250064,0.2079286702562904
pilot-meta-edgecore-mesa-az,2019-06-03,0,54.268567883515914,0.1636042848623159,0.9613556442100546,0.2466104833754367
pilot-meta-edgecore-mesa-az,2019-06-03,1,54.462099666629214,0.1581576607002303,0.9598447601554428,0.2528445707912215
pilot-meta-edgecore-mesa-az,2019-06-03,2,53.56207151120338,0.1584439915704638,0.9606571230164292,0.232125129329361
pilot-meta-edgecore-mesa-az,2019-06-03,3,52.41840351629315,0.1877197123452851,0.963266390712998,0.2081080564032956
pilot-meta-edgecore-mesa-az,2019-06-03,4,52.968686955836134,0.1844848636246369,0.9633584076840236,0.2095091641085486
pilot-meta-edgecore-mesa-az,2019-06-19,0,57.06357697748171,0.1573657931540076,0.9613556442100546,0.2505322587172156
pilot-meta-edgecore-mesa-az,2019-06-19,1,56.94744609645971,0.1527832426830738,0.9598447601554428,0.2574394981433678
pilot-meta-edgecore-mesa-az,2019-06-19,2,56.03936427529575,0.1553071705954546,0.9606571230164292,0.2378835350710826
pilot-meta-edgecore-mesa-az,2019-06-19,3,54.73272189371671,0.1861492078376163,0.9632724584282664,0.2112592919933857
pilot-meta-edgecore-mesa-az,2019-06-19,4,55.0137573004298,0.179248456133514,0.963342209427868,0.2125487152011093
pilot-meta-edgecore-mesa-az,2019-07-05,0,59.206532090121726,0.153766156501219,0.9613556442100546,0.2525086402621836
pilot-meta-edgecore-mesa-az,2019-07-05,1,58.93577337951662,0.1492559132471381,0.9598447601554428,0.2593278532720111
pilot-meta-edgecore-mesa-az,2019-07-05,2,58.03138847631805,0.1536647824294207,0.9606571230164294,0.2403508896032665
pilot-meta-edgecore-mesa-az,2019-07-05,3,56.47422059237272,0.185652865464744,0.9632655064294696,0.211546043162366
pilot-meta-edgecore-mesa-az,2019-07-05,4,57.00520985932345,0.177160139114932,0.9633190484332462,0.2134770648143377
pilot-meta-edgecore-mesa-az,2019-07-21,0,63.63792652087085,0.1558517975551419,0.9613556442100546,0.2486247899776732
pilot-meta-edgecore-mesa-az,2019-07-21,1,63.52818285290615,0.1526045987986372,0.9598447601554428,0.2537260839431545
pilot-meta-edgecore-mesa-az,2019-07-21,2,62.536420769476926,0.1574755776774902,0.9606571230164294,0.2350529073211107
pilot-meta-edgecore-mesa-az,2019-07-21,3,60.82752851803272,0.1882611599656531,0.9632739418057782,0.2077403865421296
pilot-meta-edgecore-mesa-az,2019-07-21,4,61.39566638766104,0.181180093391527,0.9633440714955898,0.2100502612668192
pilot-meta-edgecore-mesa-az,2019-08-22,0,63.88867845422522,0.1472501489784639,0.9613556442100546,0.244956037120421
pilot-meta-edgecore-mesa-az,2019-08-22,1,63.59216570613365,0.1450351206089997,0.9598447601554428,0.2497418276905513
pilot-meta-edgecore-mesa-az,2019-08-22,2,62.380224634000854,0.1540744105942129,0.9606571230164294,0.2336450000303034
pilot-meta-edgecore-mesa-az,2019-08-22,3,60.7093311894437,0.1882932052319054,0.9632763382645048,0.2019272892549041
pilot-meta-edgecore-mesa-az,2019-08-22,4,61.23768990415162,0.181122241445721,0.9633693605025584,0.2043093590883055
pilot-meta-edgecore-mesa-az,2019-09-07,0,36.18760919000002,0.1662806026046076,0.9642,0.114650155
pilot-meta-edgecore-mesa-az,2019-09-07,1,9.525928267645302,0.1787307468424407,0.960608422757643,0.1385082809465479
pilot-meta-edgecore-mesa-az,2019-09-07,2,37.872893861673305,0.1904019337092984,0.9647282399999983,0.1401839051439649
pilot-meta-edgecore-mesa-az,2019-09-07,3,41.37837710975505,0.1928602730189448,0.9638336882393904,0.1599877848366388
pilot-meta-edgecore-mesa-az,2019-09-07,4,23.141062665051788,0.1245051425766837,0.9643406065088757,0.1270352069144477
pilot-meta-edgecore-mesa-az,2019-09-23,3,32.752254945714306,0.2182544108811545,0.9628857142857143,0.1892860153571428
pilot-meta-edgecore-mesa-az,2019-09-23,4,32.38084179304051,0.25252651694892,0.9629449685077992,0.1174568698495953
pilot-meta-edgecore-mesa-az,2019-10-09,0,46.023736222838,0.1612585435733111,0.9613556442100546,0.2294754492660731
pilot-meta-edgecore-mesa-az,2019-10-09,1,46.067141443743985,0.1501258830331584,0.959844760155443,0.2346756549732453
pilot-meta-edgecore-mesa-az,2019-10-09,2,45.54775290086741,0.1565132147018498,0.9606603259091836,0.2221397934556235
pilot-meta-edgecore-mesa-az,2019-10-09,3,44.385590533620565,0.1916749896376061,0.963274096474329,0.1900744641331992
pilot-meta-edgecore-mesa-az,2019-10-09,4,44.48826409673728,0.1920810030099297,0.9633735541973152,0.192890151107911
pilot-meta-edgecore-mesa-az,2019-10-25,0,37.27515932773522,0.1588713931591583,0.9613556442100546,0.2319104336056499
pilot-meta-edgecore-mesa-az,2019-10-25,1,37.20940280630277,0.1459716523492974,0.9598447601554428,0.2369625865441435
pilot-meta-edgecore-mesa-az,2019-10-25,2,36.49385733007185,0.1557801943032927,0.9606571230164292,0.2238468586215835
pilot-meta-edgecore-mesa-az,2019-10-25,3,35.14238939718528,0.1911764310205958,0.9632795802602796,0.1901533610558319
pilot-meta-edgecore-mesa-az,2019-10-25,4,35.131158334339794,0.1890272899022143,0.9633772214313584,0.1929555709810947
pilot-meta-edgecore-mesa-az,2019-11-10,0,39.6391970684951,0.1581706822091551,0.9613556442100546,0.2258478185741921
pilot-meta-edgecore-mesa-az,2019-11-10,1,39.7070006555222,0.1443435321549531,0.9598447601554428,0.2315331878010125
pilot-meta-edgecore-mesa-az,2019-11-10,2,38.69920405402578,0.1580144486834614,0.9606710529808796,0.2195128237520892
pilot-meta-edgecore-mesa-az,2019-11-10,3,37.135141987785815,0.196293141509588,0.9632535259508794,0.1853642801819633
pilot-meta-edgecore-mesa-az,2019-11-10,4,37.55234112385629,0.1901548989767808,0.9633504569297964,0.1866872349851115
pilot-meta-edgecore-mesa-az,2019-11-26,0,17.656652166834856,0.1690852919456233,0.9613556442100546,0.2061639718567122
pilot-meta-edgecore-mesa-az,2019-11-26,1,17.942427930164662,0.1579478722008186,0.959844939520542,0.2127856280764969
pilot-meta-edgecore-mesa-az,2019-11-26,2,18.11470640116471,0.1614644180038497,0.960641053507027,0.2010509846807686
pilot-meta-edgecore-mesa-az,2019-11-26,3,19.09834240875106,0.2011341294397759,0.9632822157798177,0.1703019183891849
pilot-meta-edgecore-mesa-az,2019-11-26,4,19.12836342950331,0.1995627336120192,0.9634174094906413,0.1706352371594309
pilot-meta-edgecore-mesa-az,2019-12-12,0,19.63975532305442,0.2174314196127337,0.9613556442100546,0.185919196739499
pilot-meta-edgecore-mesa-az,2019-12-12,1,19.841211218285903,0.1989586695403645,0.9598447601554428,0.1952315631617432
pilot-meta-edgecore-mesa-az,2019-12-12,2,19.802048494730396,0.1927652964786613,0.9606968253396032,0.1877983264406745
pilot-meta-edgecore-mesa-az,2019-12-12,3,20.03516313770764,0.2272596265397782,0.9632756073110624,0.1628695127623241
pilot-meta-edgecore-mesa-az,2019-12-12,4,19.91882522677426,0.2319529175176098,0.963518492088808,0.1636997941183283
pilot-meta-edgecore-mesa-az,2019-12-28,0,11.732600231120005,0.2862292761199447,0.961511912850208,0.1661192726326313
pilot-meta-edgecore-mesa-az,2019-12-28,1,12.85995532237205,0.2324119188596857,0.9597082309236938,0.1759476514846938
pilot-meta-edgecore-mesa-az,2019-12-28,2,13.562462705520543,0.2214651357478477,0.961108607462574,0.1484730205726237
pilot-meta-edgecore-mesa-az,2019-12-28,3,13.684321681216623,0.2309259664248471,0.962864015484592,0.1457907730294345
pilot-meta-edgecore-mesa-az,2019-12-28,4,13.498170674868945,0.254874505204835,0.9632773268550324,0.1448571579614833
pilot-meta-edgecore-mesa-az,2020-01-13,0,19.02153416545713,0.2890558547740284,0.9613556442100546,0.1865502379174691
pilot-meta-edgecore-mesa-az,2020-01-13,1,19.341321963528472,0.257197897129509,0.9598444545867378,0.1953145934505792
pilot-meta-edgecore-mesa-az,2020-01-13,2,19.15257748220622,0.2348012529472326,0.960670134060202,0.1883133488954778
pilot-meta-edgecore-mesa-az,2020-01-13,3,19.154362493861008,0.2358443503789671,0.9632524094933276,0.1638113678469038
pilot-meta-edgecore-mesa-az,2020-01-13,4,19.20139350189654,0.2462673191830047,0.9635641059132136,0.1659907461357676
pilot-meta-edgecore-mesa-az,2020-01-29,3,16.44432524759495,0.3054927818970401,0.9634,0.0855960232323689
pilot-meta-edgecore-mesa-az,2020-01-29,4,14.543851690580688,0.2326601239648104,0.9631302986312736,0.1799514057491704
pilot-meta-edgecore-mesa-az,2020-02-14,0,25.381529371194524,0.3331789132576928,0.9613556442100546,0.1878665486819892
pilot-meta-edgecore-mesa-az,2020-02-14,1,25.743624804217493,0.3103526115760497,0.959844760155443,0.1935511168737097
pilot-meta-edgecore-mesa-az,2020-02-14,2,25.330034881364167,0.2727219240530842,0.960670370026038,0.1881922630626237
pilot-meta-edgecore-mesa-az,2020-02-14,3,25.288909973741024,0.2445658683955925,0.9632613234517032,0.1677462534381682
pilot-meta-edgecore-mesa-az,2020-02-14,4,25.209148591805597,0.259882969513496,0.9635593557849002,0.1699461040647875
pilot-meta-edgecore-mesa-az,2020-03-01,0,27.738137001869053,0.3614911249924497,0.9613556442100546,0.1945204477624794
pilot-meta-edgecore-mesa-az,2020-03-01,1,28.177155039788765,0.3427489206511126,0.959844760155443,0.1992176854097814
pilot-meta-edgecore-mesa-az,2020-03-01,2,28.46532456181129,0.2913667663102889,0.960670370026038,0.1958599048755242
pilot-meta-edgecore-mesa-az,2020-03-01,3,28.76883071631553,0.2548154609891899,0.9632582892215068,0.1737499983218283
pilot-meta-edgecore-mesa-az,2020-03-01,4,28.55981512104241,0.269897727187845,0.9635368146698342,0.1760058691933651
pilot-meta-edgecore-mesa-az,2020-03-17,0,23.696332998392517,0.3337010379575116,0.9613556442100546,0.1765794458361684
pilot-meta-edgecore-mesa-az,2020-03-17,1,24.96786671963432,0.3224318593184813,0.9598498588776854,0.1876923737217889
pilot-meta-edgecore-mesa-az,2020-03-17,2,25.13787989787994,0.2784604158662159,0.9605618005487668,0.1896026276895374
pilot-meta-edgecore-mesa-az,2020-03-17,3,26.2951944341648,0.2779588105793598,0.9636181944661713,0.1872398162010926
pilot-meta-edgecore-mesa-az,2020-03-17,4,27.828931462163336,0.2978759094152032,0.9644224517327246,0.181354217846987
pilot-meta-edgecore-mesa-az,2020-04-02,0,40.62989621580668,0.3082433689903541,0.9613556442100546,0.1847926193297515
pilot-meta-edgecore-mesa-az,2020-04-02,1,40.927707444183,0.2872188346979031,0.9598447601554428,0.190127959369091
pilot-meta-edgecore-mesa-az,2020-04-02,2,40.527841249258074,0.2498031644887095,0.9606629095114956,0.1920690672215983
pilot-meta-edgecore-mesa-az,2020-04-02,3,39.95520340472368,0.2440050088850184,0.9632715028749492,0.1767658173522766
pilot-meta-edgecore-mesa-az,2020-04-02,4,39.731184844335246,0.2535053754420056,0.9635553585797128,0.1780901684248546
pilot-meta-edgecore-mesa-az,2020-05-04,0,53.937873518432994,0.1985107535721114,0.9613556442100546,0.2139415165972723
pilot-meta-edgecore-mesa-az,2020-05-04,1,53.98414064587686,0.1840525581342253,0.9598447601554428,0.2211025083994437
pilot-meta-edgecore-mesa-az,2020-05-04,2,53.03562052402914,0.1771367892492441,0.9606603259091836,0.2186176041508633
pilot-meta-edgecore-mesa-az,2020-05-04,3,51.73485439856999,0.1991337903890319,0.9632616579712566,0.1940697020991635
pilot-meta-edgecore-mesa-az,2020-05-04,4,52.10036929851035,0.1961121351823557,0.9633570774698356,0.1969631133022933
pilot-meta-edgecore-mesa-az,2020-05-20,0,51.163886650763864,0.1859335279715487,0.9613556442100546,0.2231788009075551
pilot-meta-edgecore-mesa-az,2020-05-20,1,51.06068435029985,0.1767967036284627,0.9598447601554428,0.2297680949794309
pilot-meta-edgecore-mesa-az,2020-05-20,2,50.14548205352219,0.1696006375440296,0.9606603259091836,0.2263617318493065
pilot-meta-edgecore-mesa-az,2020-05-20,3,48.75875513068687,0.1941927632868981,0.9632655983005742,0.2007924135908817
pilot-meta-edgecore-mesa-az,2020-05-20,4,49.178887725516766,0.1891004814836984,0.963344418028953,0.2033345144003361
pilot-meta-edgecore-mesa-az,2020-06-05,3,28.310440298000017,0.2160537692945064,0.96529,0.2516575694999999
pilot-meta-edgecore-mesa-az,2020-06-21,0,61.00989148416707,0.1769245324764049,0.9613556442100546,0.230691773819969
pilot-meta-edgecore-mesa-az,2020-06-21,1,60.6528522073269,0.176768286447934,0.9598447601554428,0.237258209265696
pilot-meta-edgecore-mesa-az,2020-06-21,2,59.98489513668758,0.168532570998329,0.9606571230164294,0.2300679013199291
pilot-meta-edgecore-mesa-az,2020-06-21,3,58.21748203863769,0.194116090557294,0.963263957494791,0.2032355271571657
pilot-meta-edgecore-mesa-az,2020-06-21,4,58.740461427570395,0.187628896639568,0.9633363365659346,0.2046850847979336
pilot-meta-edgecore-mesa-az,2020-07-07,0,63.29619162694301,0.1726983778775391,0.9613556442100546,0.2331356742738718
pilot-meta-edgecore-mesa-az,2020-07-07,1,62.90857344785942,0.1734785296629615,0.9598447601554428,0.2383968060342537
pilot-meta-edgecore-mesa-az,2020-07-07,2,61.969691555523426,0.16534916075066,0.9606571230164294,0.2303456654538561
pilot-meta-edgecore-mesa-az,2020-07-07,3,60.00398698319862,0.1926554528223911,0.9632641880694612,0.2031553869171346
pilot-meta-edgecore-mesa-az,2020-07-07,4,60.60735202284128,0.1869001292955064,0.9633329413836164,0.2046382431659207
pilot-meta-edgecore-mesa-az,2020-08-08,0,64.92925355534926,0.1755016346391623,0.9613556442100546,0.2251968685306428
pilot-meta-edgecore-mesa-az,2020-08-08,1,64.48873301300505,0.1778919411887949,0.9598447601554428,0.2281427628090502
pilot-meta-edgecore-mesa-az,2020-08-08,2,63.643005878726605,0.1697381635248905,0.9606571230164292,0.2205831497166319
pilot-meta-edgecore-mesa-az,2020-08-08,3,61.63351643780947,0.1959256141307713,0.963266126248956,0.1964073447351347
pilot-meta-edgecore-mesa-az,2020-08-08,4,62.29295810789204,0.1903798659246691,0.9633475342756652,0.1980781591300381
pilot-meta-edgecore-mesa-az,2020-08-24,0,57.126039655023824,0.162746981015445,0.9613556442100546,0.1711902783614439
pilot-meta-edgecore-mesa-az,2020-08-24,1,57.49580502332588,0.1717021591923145,0.9598447601554428,0.1832671417385883
pilot-meta-edgecore-mesa-az,2020-08-24,2,57.62548504414923,0.171387012588349,0.9606603259091836,0.1924596211139902
pilot-meta-edgecore-mesa-az,2020-08-24,3,55.650653244262514,0.1938612019794852,0.963265285789794,0.187186919129378
pilot-meta-edgecore-mesa-az,2020-08-24,4,54.4524027901594,0.1819316695472082,0.963452352336524,0.1861560659019081
pilot-meta-edgecore-mesa-az,2020-09-09,0,48.094129388653045,0.1695527383234178,0.9613556442100546,0.2304937144672646
pilot-meta-edgecore-mesa-az,2020-09-09,1,47.732406630069754,0.1749607777360551,0.9598447601554428,0.2318394956058201
pilot-meta-edgecore-mesa-az,2020-09-09,2,46.60108343090302,0.1668814662075202,0.9606571230164294,0.2218925825400139
pilot-meta-edgecore-mesa-az,2020-09-09,3,44.98568706053601,0.1950246341521667,0.9632690221067536,0.1938066690235334
pilot-meta-edgecore-mesa-az,2020-09-09,4,45.27634695147791,0.1894395471813484,0.9633616094390832,0.1955592767028549
pilot-meta-edgecore-mesa-az,2020-09-25,0,54.24886433590103,0.1692231841607525,0.9613556442100546,0.224824787388514
pilot-meta-edgecore-mesa-az,2020-09-25,1,53.77481926121111,0.1714510489525859,0.9598447601554428,0.2270478447528615
pilot-meta-edgecore-mesa-az,2020-09-25,2,52.76912502709708,0.1652334410783982,0.9606571230164294,0.2180378919707783
pilot-meta-edgecore-mesa-az,2020-09-25,3,51.198407833815175,0.1919730739054171,0.9632671808624506,0.1892781701899622
pilot-meta-edgecore-mesa-az,2020-09-25,4,51.75649956730414,0.1876048205599876,0.9633493858970286,0.1910182394944422
pilot-meta-edgecore-mesa-az,2020-10-11,0,46.55221450458426,0.1629214980918494,0.9613556442100546,0.2259632624946261
pilot-meta-edgecore-mesa-az,2020-10-11,1,46.10363983294763,0.1668912766528854,0.9598447601554426,0.2279586465453958
pilot-meta-edgecore-mesa-az,2020-10-11,2,45.16147625016771,0.1604380068542356,0.960657123016429,0.2178932406814072
pilot-meta-edgecore-mesa-az,2020-10-11,3,43.87836035804513,0.1878945271242489,0.9632585911763552,0.1874875086906327
pilot-meta-edgecore-mesa-az,2020-10-11,4,44.4344536995932,0.1863884708110709,0.9633586680126148,0.1900064134240842
pilot-meta-edgecore-mesa-az,2020-10-27,0,20.125145676449737,0.1370233433881195,0.9580783962664406,0.3028339219134492
pilot-meta-edgecore-mesa-az,2020-10-27,1,25.774930248428397,0.1450527158448608,0.9589135888346478,0.2638448936391617
pilot-meta-edgecore-mesa-az,2020-10-27,2,25.174872244473587,0.1474314428736436,0.9607897864240752,0.2244267228147293
pilot-meta-edgecore-mesa-az,2020-10-27,3,26.61176136239292,0.1881574572510416,0.9628797561745558,0.1914407613716944
pilot-meta-edgecore-mesa-az,2020-10-27,4,27.150840560031263,0.1848484477356367,0.9633422603753428,0.1975412626701631
pilot-meta-edgecore-mesa-az,2020-11-28,0,25.312565125508787,0.1587779193683351,0.9613556442100546,0.2177109783601232
pilot-meta-edgecore-mesa-az,2020-11-28,1,25.200657568826554,0.1572784996433062,0.959844255476237,0.218131366147112
pilot-meta-edgecore-mesa-az,2020-11-28,2,24.65312460226082,0.1610208722773138,0.9606571231356756,0.2046034156282784
pilot-meta-edgecore-mesa-az,2020-11-28,3,23.856663545803027,0.1939097434205507,0.9632573429107042,0.1749522266859698
pilot-meta-edgecore-mesa-az,2020-11-28,4,24.22015518210399,0.1881449764365339,0.9633152790509794,0.1775395408158154
pilot-meta-edgecore-mesa-az,2020-12-14,0,17.077537084466588,0.1562643210092985,0.9613556442100546,0.2617741698420158
pilot-meta-edgecore-mesa-az,2020-12-14,1,17.003864165729624,0.1561055507057829,0.9598568060367736,0.2565204957943188
pilot-meta-edgecore-mesa-az,2020-12-14,2,17.539867288503384,0.1468345298565165,0.959984303075772,0.2438284843563668
pilot-meta-edgecore-mesa-az,2020-12-14,3,18.015103185177757,0.1775026749973819,0.961848452332468,0.2026134481788492
pilot-meta-edgecore-mesa-az,2020-12-14,4,18.003995439369294,0.1784585028678897,0.9623040491528956,0.1993896273482368
pilot-meta-edgecore-mesa-az,2020-12-30,0,18.87540917560834,0.1571681741883967,0.9613556442100546,0.2151621540860581
pilot-meta-edgecore-mesa-az,2020-12-30,1,18.814815060735786,0.1534710642122926,0.9598444497266092,0.2164564970127393
pilot-meta-edgecore-mesa-az,2020-12-30,2,18.43728454638499,0.157876729597416,0.9606857232132798,0.2000256415879723
pilot-meta-edgecore-mesa-az,2020-12-30,3,18.01532931041361,0.185380584399072,0.9632624163535076,0.1725869996533661
pilot-meta-edgecore-mesa-az,2020-12-30,4,18.10933404049471,0.1851186899279028,0.9633745977905116,0.1750446026949488
pilot-meta-edgecore-mesa-az,2021-01-15,0,25.798260383145372,0.1495768537642536,0.9613556442100546,0.2159494687566661
pilot-meta-edgecore-mesa-az,2021-01-15,1,25.559717690442632,0.1451895615020476,0.9598449121309156,0.2169941246314862
pilot-meta-edgecore-mesa-az,2021-01-15,2,24.99997381853851,0.1513477318338417,0.9606669899408647,0.1987338190456382
pilot-meta-edgecore-mesa-az,2021-01-15,3,24.35172977824476,0.1754937103094115,0.963245233916362,0.1728625718857039
pilot-meta-edgecore-mesa-az,2021-01-15,4,24.33161388570028,0.1798487775745434,0.9633707657254468,0.1750054507589066
pilot-meta-edgecore-mesa-az,2021-01-31,0,20.384067965239595,0.1557320710899796,0.9613556442100546,0.1975682367340345
pilot-meta-edgecore-mesa-az,2021-01-31,1,20.647558004845433,0.1507877281685005,0.9598447601554428,0.1993866175502307
pilot-meta-edgecore-mesa-az,2021-01-31,2,20.62680054006639,0.1553109992367944,0.9606700603808171,0.1840225746621996
pilot-meta-edgecore-mesa-az,2021-01-31,3,21.126550687662004,0.1799525140707775,0.9632448407395025,0.1663360239446746
pilot-meta-edgecore-mesa-az,2021-01-31,4,21.178469186329384,0.1905375358106558,0.9634638954197664,0.1671607236158846
pilot-meta-edgecore-mesa-az,2021-02-16,0,29.42988145474784,0.1460888989653007,0.9613556442100546,0.2215559965928325
pilot-meta-edgecore-mesa-az,2021-02-16,1,29.288508604449618,0.1437582793555115,0.9598447601554428,0.2231370040900785
pilot-meta-edgecore-mesa-az,2021-02-16,2,28.499493674829473,0.150241047834913,0.9606679315699233,0.2067839327718022
pilot-meta-edgecore-mesa-az,2021-02-16,3,27.681347785431615,0.1740311700182923,0.9632508614330504,0.1844927879765692
pilot-meta-edgecore-mesa-az,2021-02-16,4,27.691077386246047,0.1877910814028626,0.9635242444389398,0.1871963478848142
pilot-meta-edgecore-mesa-az,2021-03-04,0,28.353846237265113,0.1370780771859747,0.9601727547132456,0.2605741757797267
pilot-meta-edgecore-mesa-az,2021-03-04,1,31.309112625836313,0.1349767228770437,0.9594807644416424,0.2556891080759071
pilot-meta-edgecore-mesa-az,2021-03-04,2,31.800155151167623,0.1362415619774289,0.9603868264359549,0.2231275913823096
pilot-meta-edgecore-mesa-az,2021-03-04,3,30.53811297200579,0.1679948254632929,0.9627560689421012,0.1966052060776255
pilot-meta-edgecore-mesa-az,2021-03-04,4,30.77555279361411,0.1828652734990892,0.9634524518809976,0.1938581000006275
pilot-meta-edgecore-mesa-az,2021-03-20,0,43.432237710552634,0.1335744911317559,0.9613556442100546,0.221409107094121
pilot-meta-edgecore-mesa-az,2021-03-20,1,43.07337511321183,0.1346498925440543,0.9598447601554428,0.2220903560582343
pilot-meta-edgecore-mesa-az,2021-03-20,2,41.810558832857055,0.1434761400371087,0.9606571230164292,0.2059403128097172
pilot-meta-edgecore-mesa-az,2021-03-20,3,40.3415451472664,0.1690234738949574,0.9632478264853266,0.1874087495076083
pilot-meta-edgecore-mesa-az,2021-03-20,4,40.30583973073286,0.1822686352092144,0.9635433308934724,0.1883492997068501
pilot-meta-edgecore-mesa-az,2021-04-05,0,48.40878769072621,0.1319321698467268,0.9613556442100546,0.2291998697701282
pilot-meta-edgecore-mesa-az,2021-04-05,1,47.97368229380804,0.1345659010143928,0.9598447601554428,0.2289624791982248
pilot-meta-edgecore-mesa-az,2021-04-05,2,46.73614706953422,0.1434744017627303,0.9606571230164292,0.2130275349479057
pilot-meta-edgecore-mesa-az,2021-04-05,3,45.208878412961326,0.1714695441137829,0.963251173129713,0.1937447904926467
pilot-meta-edgecore-mesa-az,2021-04-05,4,45.20308151121515,0.1839711689468497,0.9635405077876292,0.194863042083159
pilot-meta-edgecore-mesa-az,2021-04-21,0,45.229780778023105,0.1285590871522121,0.9613556442100546,0.2392281906150636
pilot-meta-edgecore-mesa-az,2021-04-21,1,44.87497137074978,0.131432857130407,0.9598447601554428,0.2371587823541197
pilot-meta-edgecore-mesa-az,2021-04-21,2,43.57837977467716,0.1404130012996637,0.9606571230164294,0.2214744248510914
pilot-meta-edgecore-mesa-az,2021-04-21,3,42.38119103357833,0.1697206691292025,0.963253633172406,0.2021481932739702
pilot-meta-edgecore-mesa-az,2021-04-21,4,41.99642944800016,0.1796128178589446,0.9634834003358588,0.2026768296895475
pilot-meta-edgecore-mesa-az,2021-05-07,0,57.067983298229095,0.1302002087107877,0.9613556442100546,0.2375338913488768
pilot-meta-edgecore-mesa-az,2021-05-07,1,56.750254941837674,0.1365724366848923,0.9598447601554426,0.2359151991428061
pilot-meta-edgecore-mesa-az,2021-05-07,2,55.03383387571879,0.1432188819403566,0.960657123016429,0.2186341955367182
pilot-meta-edgecore-mesa-az,2021-05-07,3,53.27119552613128,0.1739478896111089,0.9632584807737256,0.2024197922516898
pilot-meta-edgecore-mesa-az,2021-05-07,4,53.72792323498512,0.1706143289302592,0.9633726890514,0.203298845433319
pilot-meta-edgecore-mesa-az,2021-05-23,0,52.78818788222732,0.1284776894767611,0.9613556442100546,0.241997272705621
pilot-meta-edgecore-mesa-az,2021-05-23,1,52.25458072678587,0.137630939008606,0.9598447601554428,0.2411494161074024
pilot-meta-edgecore-mesa-az,2021-05-23,2,50.8242214884914,0.1421729230202761,0.9606571230164292,0.2244841312495294
pilot-meta-edgecore-mesa-az,2021-05-23,3,49.024884180559326,0.172632686676545,0.9632591918709767,0.2065712219125644
pilot-meta-edgecore-mesa-az,2021-05-23,4,49.532312366086664,0.1670044405358492,0.963346158722499,0.207444875686035
pilot-meta-edgecore-mesa-az,2021-06-08,0,53.15481634257106,0.1281658525751683,0.9613556442100546,0.2139852327172796
pilot-meta-edgecore-mesa-az,2021-06-08,1,52.68878915380102,0.1384333670741092,0.9598447601554428,0.2198214253033007
pilot-meta-edgecore-mesa-az,2021-06-08,2,51.04909444134464,0.1432453414288781,0.9606571230164292,0.2104977907149969
pilot-meta-edgecore-mesa-az,2021-06-08,3,50.27587065544082,0.1744421759130679,0.9632480610891891,0.1973163176236078
pilot-meta-edgecore-mesa-az,2021-06-08,4,50.63562818637685,0.1670914209320466,0.9633293556193108,0.202464561545379
pilot-meta-edgecore-mesa-az,2021-06-24,0,62.67367267644221,0.1388560846211405,0.9613556442100546,0.2330351209928315
pilot-meta-edgecore-mesa-az,2021-06-24,1,61.852031167033545,0.1471743741021952,0.9598447601554426,0.2323970077248317
pilot-meta-edgecore-mesa-az,2021-06-24,2,59.66244109509014,0.1497956723810254,0.9606571230164292,0.212958501710691
pilot-meta-edgecore-mesa-az,2021-06-24,3,57.7695736970457,0.1826205503566266,0.963260481557486,0.1974045500784517
pilot-meta-edgecore-mesa-az,2021-06-24,4,58.307400452767475,0.1747136897068267,0.9633489245876592,0.1999167063710314
pilot-meta-edgecore-mesa-az,2021-07-10,2,29.567764387222127,0.1104512057639957,0.9585263552302052,0.2162550147572721
pilot-meta-edgecore-mesa-az,2021-07-10,3,36.6564898192625,0.1337648801175549,0.960917561958731,0.2226004165554607
pilot-meta-edgecore-mesa-az,2021-07-10,4,44.47789233980141,0.1330715000339536,0.9613268652036896,0.2289607773292619
pilot-meta-edgecore-mesa-az,2021-07-26,0,39.925421153292525,0.1434993190263712,0.9613556442100546,0.1796901495650654
pilot-meta-edgecore-mesa-az,2021-07-26,1,40.73412420071395,0.1514140475072625,0.959844760155443,0.1836646436799594
pilot-meta-edgecore-mesa-az,2021-07-26,2,41.53535035602339,0.1519182483882231,0.9606699442638592,0.1763773739723715
pilot-meta-edgecore-mesa-az,2021-07-26,3,42.77815083345437,0.1859882654952876,0.9633212009614964,0.1749785912078884
pilot-meta-edgecore-mesa-az,2021-07-26,4,42.85296922880175,0.181165328357588,0.9633698637580718,0.1701668309137419
pilot-meta-edgecore-mesa-az,2021-08-11,0,41.72357980339565,0.1928207310903648,0.9613556442100546,0.1629992764353034
pilot-meta-edgecore-mesa-az,2021-08-11,1,42.63030945572222,0.1994066000655487,0.9598447601554428,0.1683404998718199
pilot-meta-edgecore-mesa-az,2021-08-11,2,43.516692010100776,0.1810274233685913,0.9606800948212588,0.1574391884111699
pilot-meta-edgecore-mesa-az,2021-08-11,3,44.08051274079243,0.2159366467651558,0.963234067690881,0.1639386016161571
pilot-meta-edgecore-mesa-az,2021-08-11,4,44.45427360791115,0.2447709435922196,0.9633844728149922,0.1604757222551613
pilot-meta-edgecore-mesa-az,2021-08-27,0,62.75234034185978,0.1478983963290484,0.9613556442100546,0.243056984114658
pilot-meta-edgecore-mesa-az,2021-08-27,1,63.17489021744224,0.1881656872721185,0.9598447601554428,0.2261455828657898
pilot-meta-edgecore-mesa-az,2021-08-27,2,62.8544568887643,0.1830034594267101,0.9606571230164294,0.2126554580514693
pilot-meta-edgecore-mesa-az,2021-08-27,3,61.493128917827555,0.2118959177507517,0.9632660530611616,0.1936594575265049
pilot-meta-edgecore-mesa-az,2021-08-27,4,61.31489500321775,0.2345706552398007,0.9634671192409808,0.1926264468217458
pilot-meta-edgecore-mesa-az,2021-09-12,0,56.743245075712785,0.1356154514043042,0.9614694793217912,0.2448183712488783
pilot-meta-edgecore-mesa-az,2021-09-12,1,57.42972670529586,0.165735031473659,0.9598451384419204,0.2282365132793393
pilot-meta-edgecore-mesa-az,2021-09-12,2,56.57681611655951,0.1697506328118125,0.9606571230164292,0.2110667414526257
pilot-meta-edgecore-mesa-az,2021-09-12,3,54.95052253501752,0.2047018892876044,0.9632626499114924,0.1922635121877757
pilot-meta-edgecore-mesa-az,2021-09-12,4,54.911954738409264,0.2179478924737115,0.9634432543314932,0.1911940571547867
pilot-meta-edgecore-mesa-az,2021-09-28,0,38.41840995671341,0.1348575986536168,0.9614007312764452,0.2277733691585869
pilot-meta-edgecore-mesa-az,2021-09-28,1,39.804699534411355,0.159599448192513,0.9598451384419204,0.2173244885828562
pilot-meta-edgecore-mesa-az,2021-09-28,2,40.65793822482971,0.1663385759507754,0.9606571230164292,0.2021838447162516
pilot-meta-edgecore-mesa-az,2021-09-28,3,40.5792367632199,0.1961288287079216,0.963207681494538,0.1901912272315561
pilot-meta-edgecore-mesa-az,2021-09-28,4,40.97879980078566,0.2090538611626849,0.9634356632289056,0.1891018121881492
pilot-meta-edgecore-mesa-az,2021-10-14,0,33.457766170724554,0.1284660776838285,0.9614281365704352,0.2208575288956481
pilot-meta-edgecore-mesa-az,2021-10-14,1,36.59161154202085,0.1480419441580812,0.9598454269899234,0.2180242831855454
pilot-meta-edgecore-mesa-az,2021-10-14,2,36.497750625947795,0.1544458152621212,0.9606603259091836,0.2027016060344012
pilot-meta-edgecore-mesa-az,2021-10-14,3,35.26700973998318,0.1868039459529547,0.9632532767760956,0.184973476162017
pilot-meta-edgecore-mesa-az,2021-10-14,4,35.295400354615026,0.194568451962098,0.9633703937984864,0.1840278629172847
pilot-meta-edgecore-mesa-az,2021-10-30,0,37.10979494449553,0.1226387380599652,0.9613958520623538,0.2367824969583727
pilot-meta-edgecore-mesa-az,2021-10-30,1,39.07233728402119,0.1442069368492709,0.9598451384419204,0.2204216052235184
pilot-meta-edgecore-mesa-az,2021-10-30,2,38.611131211541654,0.1548324016727542,0.9606571230164294,0.199936436395591
pilot-meta-edgecore-mesa-az,2021-10-30,3,37.38699756159979,0.1900230719156682,0.9632577668477608,0.1812106674290574
pilot-meta-edgecore-mesa-az,2021-10-30,4,37.60114993616039,0.1946518959148291,0.9633634515328614,0.1815855849071013
pilot-meta-edgecore-mesa-az,2021-11-15,0,30.435441911867283,0.119333653366471,0.9614371948137098,0.2155676696223344
pilot-meta-edgecore-mesa-az,2021-11-15,1,32.677162075353166,0.1415337128029447,0.9598443233170126,0.214647257029399
pilot-meta-edgecore-mesa-az,2021-11-15,2,32.6915089814235,0.1534589519270448,0.9606545033304698,0.1975929518536261
pilot-meta-edgecore-mesa-az,2021-11-15,3,31.597544654863285,0.189932704060622,0.963261238472587,0.1773101742538095
pilot-meta-edgecore-mesa-az,2021-11-15,4,31.7605536758514,0.1954369286066929,0.9633511203542784,0.1775725398745124
pilot-meta-edgecore-mesa-az,2021-12-01,0,26.59696555558731,0.1099014673362409,0.9614371948137098,0.1428222466813311
pilot-meta-edgecore-mesa-az,2021-12-01,1,28.56733024147792,0.1336786049508712,0.9598451384419204,0.1679593280139618
pilot-meta-edgecore-mesa-az,2021-12-01,2,28.403764981072825,0.1505989263323596,0.9606717149699998,0.1606196647770315
pilot-meta-edgecore-mesa-az,2021-12-01,3,27.438156458539073,0.1914281127473617,0.9632725761736072,0.151517918595131
pilot-meta-edgecore-mesa-az,2021-12-01,4,27.390195130819546,0.2005896372782327,0.9636627664193064,0.1457714392257484
pilot-meta-edgecore-mesa-az,2021-12-17,0,17.32035135482684,0.115151478952156,0.9614371948137098,0.1941238858920135
pilot-meta-edgecore-mesa-az,2021-12-17,1,17.792543985357728,0.1368952114439111,0.9598448848528096,0.205756258646172
pilot-meta-edgecore-mesa-az,2021-12-17,2,17.65507091266127,0.1525781742474209,0.960662568694118,0.1876495541404529
pilot-meta-edgecore-mesa-az,2021-12-17,3,17.475059949403814,0.1918192743226218,0.9632682553597284,0.1673231816605857
pilot-meta-edgecore-mesa-az,2021-12-17,4,17.604128167619365,0.1995388801196797,0.963396127763446,0.1681907554550328
pilot-meta-edgecore-mesa-az,2022-01-02,0,13.695300716425589,0.1051502585347413,0.9614371948137098,0.1507745105457603
pilot-meta-edgecore-mesa-az,2022-01-02,1,14.31055493320532,0.1414111501107255,0.959911911621834,0.1602108773807912
pilot-meta-edgecore-mesa-az,2022-01-02,2,14.508983701918998,0.1570783126869283,0.9606390997550108,0.1510184085624777
pilot-meta-edgecore-mesa-az,2022-01-02,3,14.759021514611542,0.1872189078611771,0.9632869054185774,0.1464542769020025
pilot-meta-edgecore-mesa-az,2022-01-02,4,14.92575128149065,0.1987466875293116,0.9634245422128552,0.1443029405983945
pilot-meta-edgecore-mesa-az,2022-01-18,3,20.89449692216541,0.1843595915538214,0.9623809231488184,0.1951956665757046
pilot-meta-edgecore-mesa-az,2022-01-18,4,21.004225059558085,0.1776025914475452,0.96211140247251,0.2138787191463339
pilot-meta-edgecore-mesa-az,2022-02-03,0,18.91032972167612,0.1192556302025101,0.9613958520623538,0.2086110630068224
pilot-meta-edgecore-mesa-az,2022-02-03,1,20.39455377860836,0.1584973399133967,0.9598446310672228,0.2090186579497719
pilot-meta-edgecore-mesa-az,2022-02-03,2,19.987376188192876,0.163048921499092,0.960662178070067,0.1904472601443041
pilot-meta-edgecore-mesa-az,2022-02-03,3,19.499040188559693,0.1796886349252354,0.9632585458053562,0.1728276817856061
pilot-meta-edgecore-mesa-az,2022-02-03,4,19.577866239441803,0.1937674581087488,0.9634141209333036,0.1700216346169267
pilot-meta-edgecore-mesa-az,2022-02-19,0,27.81686987427705,0.1213001589969507,0.9614371948137098,0.2065045516096371
pilot-meta-edgecore-mesa-az,2022-02-19,1,29.816268513885554,0.1639026297063985,0.9598448848528096,0.2059896797412357
pilot-meta-edgecore-mesa-az,2022-02-19,2,29.17823395705835,0.1680667245275915,0.9606434591432754,0.1930540091831185
pilot-meta-edgecore-mesa-az,2022-02-19,3,28.815112142466504,0.1817040736646902,0.963238156326132,0.1758643236614628
pilot-meta-edgecore-mesa-az,2022-02-19,4,28.849474432981324,0.1970187642450537,0.9634460537849726,0.1737044620816394
pilot-meta-edgecore-mesa-az,2022-03-07,0,28.576675099675413,0.1256310640535811,0.9613969869614106,0.2218095433854444
pilot-meta-edgecore-mesa-az,2022-03-07,1,30.827193908302075,0.1751331680147174,0.959844506419844,0.2107260114694762
pilot-meta-edgecore-mesa-az,2022-03-07,2,30.146627704041503,0.1767531733062926,0.9606595365630496,0.1952178391802351
pilot-meta-edgecore-mesa-az,2022-03-07,3,29.47840678018154,0.1879169910623834,0.9632558637333652,0.1810347701729573
pilot-meta-edgecore-mesa-az,2022-03-07,4,29.720340484329167,0.2008717321903889,0.9634011305506328,0.1779888688147814
pilot-meta-edgecore-mesa-az,2022-03-23,0,35.26517454685037,0.1188768594471111,0.9613958520623538,0.237147561610491
pilot-meta-edgecore-mesa-az,2022-03-23,1,37.94195955529286,0.1576232341568699,0.9598451384419204,0.2212221933932845
pilot-meta-edgecore-mesa-az,2022-03-23,2,37.07156982738544,0.1621867106711697,0.9606564760062936,0.2030919692466467
pilot-meta-edgecore-mesa-az,2022-03-23,3,36.12182865934385,0.1827370823971086,0.9632397569038914,0.1887434666903964
pilot-meta-edgecore-mesa-az,2022-03-23,4,36.17051106256772,0.19447157754605,0.9633955960363608,0.1855737609079424
pilot-meta-edgecore-mesa-az,2022-04-08,0,42.91224589525205,0.1108517375440103,0.9613556442100546,0.2463129538473624
pilot-meta-edgecore-mesa-az,2022-04-08,1,46.32937745255237,0.1444455877457753,0.9598447601554426,0.2308475240555705
pilot-meta-edgecore-mesa-az,2022-04-08,2,45.88436297155649,0.151938987058764,0.960657123016429,0.2139762654505338
pilot-meta-edgecore-mesa-az,2022-04-08,3,45.23047183240289,0.1834801723891363,0.9632539062467762,0.1955684621172915
pilot-meta-edgecore-mesa-az,2022-04-08,4,45.58848522165658,0.1926165203815338,0.963433259658242,0.1919656703846217
pilot-meta-edgecore-mesa-az,2022-04-24,0,44.23521902325443,0.1121166661258232,0.9613556442100546,0.2539552494434919
pilot-meta-edgecore-mesa-az,2022-04-24,1,46.57621265999697,0.1383106076524245,0.9598447601554428,0.2386486048227654
pilot-meta-edgecore-mesa-az,2022-04-24,2,45.65958780930721,0.1474222225692271,0.9606571230164294,0.2204772261250834
pilot-meta-edgecore-mesa-az,2022-04-24,3,44.55953553159953,0.1781630108355382,0.9632543413443532,0.2027748826243414
pilot-meta-edgecore-mesa-az,2022-04-24,4,44.93025732717183,0.1837612355910199,0.9634237773208008,0.1994290149834582
pilot-meta-edgecore-mesa-az,2022-05-10,0,46.0743990035189,0.1083149994640149,0.9613969869614106,0.2397773933720552
pilot-meta-edgecore-mesa-az,2022-05-10,1,51.4816803420351,0.1348256246767381,0.9598447601554428,0.2420772307247178
pilot-meta-edgecore-mesa-az,2022-05-10,2,50.55495454960547,0.1435250055707641,0.9606571230164294,0.2226930262391918
pilot-meta-edgecore-mesa-az,2022-05-10,3,49.40370601592754,0.1764998830216432,0.9632541773617448,0.2062444395167534
pilot-meta-edgecore-mesa-az,2022-05-10,4,49.94278934813655,0.183416243036793,0.9634456186725924,0.2039160122427953
pilot-meta-edgecore-mesa-az,2022-05-26,0,51.966102835939566,0.106907437487951,0.9613969869614106,0.2431084407515749
pilot-meta-edgecore-mesa-az,2022-05-26,1,57.88911119795629,0.1352984543708703,0.9598447601554428,0.2464830704056145
pilot-meta-edgecore-mesa-az,2022-05-26,2,57.19999386581896,0.1446913822261397,0.9606571230164292,0.225055876516738
pilot-meta-edgecore-mesa-az,2022-05-26,3,55.86767312439277,0.1765511255544312,0.9632562626757528,0.2081405080729745
pilot-meta-edgecore-mesa-az,2022-05-26,4,56.53316039431981,0.1764415159334041,0.9633927788347189,0.206104119640609
pilot-meta-edgecore-mesa-az,2022-06-11,0,60.7381089498774,0.1042513216544267,0.9613556442100546,0.2657902120952595
pilot-meta-edgecore-mesa-az,2022-06-11,1,64.55048564917224,0.1394237812258787,0.9598447601554428,0.2501306779979621
pilot-meta-edgecore-mesa-az,2022-06-11,2,63.69049482271571,0.1458627822126492,0.9606635288019376,0.2267490592871168
pilot-meta-edgecore-mesa-az,2022-06-11,3,62.0447839762756,0.1780270606446409,0.9632561325135224,0.2088134919320461
pilot-meta-edgecore-mesa-az,2022-06-11,4,62.56302594911951,0.1785472047184705,0.9634211012407456,0.2075922219881833
pilot-meta-edgecore-mesa-az,2022-06-27,0,51.51595899054364,0.1007950786999513,0.9614310759424396,0.2437329569236611
pilot-meta-edgecore-mesa-az,2022-06-27,1,56.57446489062404,0.1407895367188611,0.9598451384419204,0.2330808413633493
pilot-meta-edgecore-mesa-az,2022-06-27,2,55.566695947751086,0.1494409952960017,0.9606603259091836,0.2125294281308156
pilot-meta-edgecore-mesa-az,2022-06-27,3,54.30489013419453,0.1849433943106679,0.9632583052278874,0.1987671201338042
pilot-meta-edgecore-mesa-az,2022-06-27,4,54.76890341281273,0.1867934037801945,0.9634020821733748,0.1966570405491637
pilot-meta-edgecore-mesa-az,2022-07-13,0,62.07375443151044,0.1043278425035652,0.9613556442100546,0.2493521943856998
pilot-meta-edgecore-mesa-az,2022-07-13,1,69.11965536763334,0.1378582916646462,0.9598447601554426,0.2378170412744589
pilot-meta-edgecore-mesa-az,2022-07-13,2,68.89223364693045,0.1460880995342074,0.960657123016429,0.2159382996605164
pilot-meta-edgecore-mesa-az,2022-07-13,3,67.38296933009943,0.1780221678022416,0.9632574076011092,0.202436066326856
pilot-meta-edgecore-mesa-az,2022-07-13,4,68.53278711559739,0.178349133289964,0.963389113386378,0.20141262315775
pilot-meta-edgecore-mesa-az,2022-08-30,0,53.97859873195994,0.1005025977656999,0.9613969869614106,0.2352307765018052
pilot-meta-edgecore-mesa-az,2022-08-30,1,58.26020062654049,0.1346108264683114,0.9598447601554428,0.2384524467194653
pilot-meta-edgecore-mesa-az,2022-08-30,2,57.95908207577359,0.145500518451266,0.9606571230164292,0.2146101646023004
pilot-meta-edgecore-mesa-az,2022-08-30,3,56.48541708102991,0.1842228219424009,0.9632598858165634,0.197202627646035
pilot-meta-edgecore-mesa-az,2022-08-30,4,57.06626442237624,0.1868505597061868,0.9634033282809904,0.1958019733889033
pilot-meta-edgecore-mesa-az,2022-09-15,0,46.101572790992854,0.1011776826311632,0.9613958520623538,0.224442830072605
pilot-meta-edgecore-mesa-az,2022-09-15,1,49.36333161657346,0.134074085722139,0.959885202349869,0.235841349429986
pilot-meta-edgecore-mesa-az,2022-09-15,2,49.442572676496944,0.1488696254242566,0.9606571230164292,0.2118918794607749
pilot-meta-edgecore-mesa-az,2022-09-15,3,48.6596910438322,0.1867280012324642,0.963260865448444,0.1935569801956194
pilot-meta-edgecore-mesa-az,2022-09-15,4,49.006859448502304,0.189860963565737,0.9634073832088322,0.1926205807205341
pilot-meta-edgecore-mesa-az,2022-10-01,0,50.326202236838306,0.0984414115079697,0.9613969869614106,0.226554797332953
pilot-meta-edgecore-mesa-az,2022-10-01,1,53.75854101619541,0.1328324638459164,0.9598447601554428,0.232852379973484
pilot-meta-edgecore-mesa-az,2022-10-01,2,53.087413289617345,0.1478610118315144,0.9606571230164294,0.20721704461409
pilot-meta-edgecore-mesa-az,2022-10-01,3,51.661006853297586,0.1824526535271747,0.963251473138958,0.1904078775857673
pilot-meta-edgecore-mesa-az,2022-10-01,4,52.047284512486016,0.1893277042092257,0.9634080711863074,0.1894711505541695
pilot-meta-edgecore-mesa-az,2022-10-17,0,32.13175982768725,0.0905905088930829,0.9613696121407156,0.182938758252067
pilot-meta-edgecore-mesa-az,2022-10-17,1,34.264511396264695,0.1267271935923653,0.9599914588013834,0.2115350489978557
pilot-meta-edgecore-mesa-az,2022-10-17,2,34.83124925826845,0.1478756431954016,0.9606571230164294,0.1888660309208427
pilot-meta-edgecore-mesa-az,2022-10-17,3,35.22398341936705,0.1874664725080651,0.9632610898275416,0.1741281290929067
pilot-meta-edgecore-mesa-az,2022-10-17,4,35.3068911553078,0.1884569948837547,0.9633680988313712,0.1715502922618033
pilot-meta-edgecore-mesa-az,2022-11-02,3,23.259011971394195,0.2761756223067556,0.9636152653984306,0.1221982620352201
pilot-meta-edgecore-mesa-az,2022-11-02,4,28.298362323434244,0.1945894180845533,0.9617751678005864,0.2609760570184097
pilot-meta-edgecore-mesa-az,2022-11-18,0,22.31651191018218,0.1056970334553065,0.961234635992654,0.2224951342772095
pilot-meta-edgecore-mesa-az,2022-11-18,1,24.4499018894748,0.1252469647199219,0.9598478308746596,0.2359451202999241
pilot-meta-edgecore-mesa-az,2022-11-18,2,24.52447468202489,0.1396790611484532,0.9605499500984886,0.211385527455967
pilot-meta-edgecore-mesa-az,2022-11-18,3,24.41371556119112,0.1783804567552391,0.9632138476925892,0.192433981768247
pilot-meta-edgecore-mesa-az,2022-11-18,4,24.878780830741828,0.1857940198368585,0.9633859506671778,0.1816577124179228
pilot-meta-edgecore-mesa-az,2023-01-21,0,16.09334833039663,0.1121418351039486,0.9613844970027032,0.1673615000608443
pilot-meta-edgecore-mesa-az,2023-01-21,1,16.300529460570697,0.1618485555576556,0.9598447083793852,0.1984785418836689
pilot-meta-edgecore-mesa-az,2023-01-21,2,16.39955907616775,0.1657682134764822,0.9606571583049324,0.1775642458610355
pilot-meta-edgecore-mesa-az,2023-01-21,3,16.485602132407394,0.1985907408109138,0.9632444310532382,0.164245132778554
pilot-meta-edgecore-mesa-az,2023-01-21,4,16.533379626523622,0.2221797957981099,0.9634252787949068,0.1645429262665379
pilot-meta-edgecore-mesa-az,2023-02-06,0,22.241688911811533,0.1182191089922167,0.9613868069297844,0.1839421582484062
pilot-meta-edgecore-mesa-az,2023-02-06,1,22.95697872320529,0.1902572638099054,0.9598447601554428,0.2113059814685582
pilot-meta-edgecore-mesa-az,2023-02-06,2,22.871801999621425,0.1789493319418774,0.9606571230164292,0.1895030568673681
pilot-meta-edgecore-mesa-az,2023-02-06,3,22.609865243937257,0.1973500381491494,0.9632727574940532,0.1720113049263667
pilot-meta-edgecore-mesa-az,2023-02-06,4,22.57048713938281,0.2223816417784949,0.963445148665994,0.1728826681326561
pilot-meta-edgecore-mesa-az,2023-03-10,0,21.63694443038648,0.1296010168570224,0.9608525272965552,0.2372903140842284
pilot-meta-edgecore-mesa-az,2023-03-10,1,22.511336101951564,0.2497176198587184,0.9598447601554428,0.2337786246866159
pilot-meta-edgecore-mesa-az,2023-03-10,2,23.069334097297965,0.2124771376293429,0.9606571230164292,0.2186672395907593
pilot-meta-edgecore-mesa-az,2023-03-10,3,23.206504144928736,0.2140495693142732,0.9632420850170628,0.2000913751512651
pilot-meta-edgecore-mesa-az,2023-03-10,4,23.12360320743196,0.2421211292024357,0.9634202118327236,0.1917583590091812
pilot-meta-edgecore-mesa-az,2023-03-26,0,30.501760556647888,0.1144787050635306,0.9613115916598808,0.2287139751689993
pilot-meta-edgecore-mesa-az,2023-03-26,1,31.32995175986489,0.2552801157422487,0.9598442524876558,0.2150873429125676
pilot-meta-edgecore-mesa-az,2023-03-26,2,31.50728496936844,0.2125305657993989,0.9606895398234436,0.2008007599311884
pilot-meta-edgecore-mesa-az,2023-03-26,3,31.343030500696745,0.2179473035315859,0.963254535888314,0.1833878126569017
pilot-meta-edgecore-mesa-az,2023-03-26,4,31.37031929727067,0.2431685569509553,0.9634613395647886,0.1806197141152659
pilot-meta-edgecore-mesa-az,2023-04-11,0,44.80858807630902,0.1043942531888807,0.961333854467982,0.2332873149920799
pilot-meta-edgecore-mesa-az,2023-04-11,1,48.29140001149282,0.183289209836463,0.959844760155443,0.2227743047699924
pilot-meta-edgecore-mesa-az,2023-04-11,2,48.17610429694767,0.1700042827713277,0.9606571230164294,0.2083231599980658
pilot-meta-edgecore-mesa-az,2023-04-11,3,47.362377462071024,0.1937229905851453,0.9632520870802392,0.190294963217374
pilot-meta-edgecore-mesa-az,2023-04-11,4,47.54342532141603,0.2083637761255246,0.9634516826403728,0.1879131797280081
pilot-meta-edgecore-mesa-az,2023-04-27,0,38.09815547929488,0.107840561840509,0.96179806015388,0.1817501880323794
pilot-meta-edgecore-mesa-az,2023-04-27,1,41.08183467126893,0.1638079444309154,0.960083464908582,0.1887566243667268
pilot-meta-edgecore-mesa-az,2023-04-27,2,42.87789201868353,0.1590849117715346,0.9604592826861666,0.1970312748827166
pilot-meta-edgecore-mesa-az,2023-04-27,3,41.45643100131427,0.1848322316827181,0.9632540878347412,0.1875696587100569
pilot-meta-edgecore-mesa-az,2023-04-27,4,41.62319268721804,0.1952535942733219,0.9635477847802136,0.1930643790273403
pilot-meta-edgecore-mesa-az,2023-05-13,0,49.030103510764434,0.0896596172917753,0.9613556442100546,0.2739521039698467
pilot-meta-edgecore-mesa-az,2023-05-13,1,52.905595777082944,0.1528411595718915,0.9598447601554428,0.2419078044962313
pilot-meta-edgecore-mesa-az,2023-05-13,2,52.30641166655714,0.1528051087759598,0.9606571230164292,0.222740490089352
pilot-meta-edgecore-mesa-az,2023-05-13,3,51.08993401328272,0.1832767003162166,0.9632551324459094,0.2033393020644322
pilot-meta-edgecore-mesa-az,2023-05-13,4,51.67275361925962,0.1877944205488719,0.9633730467900437,0.2014880492004742
pilot-meta-edgecore-mesa-az,2023-05-29,0,51.70596307285753,0.0834392966138184,0.9613556442100546,0.2969467536386222
pilot-meta-edgecore-mesa-az,2023-05-29,1,54.40576995921503,0.1503530041247966,0.9598447601554428,0.2467970035844655
pilot-meta-edgecore-mesa-az,2023-05-29,2,53.80215847241028,0.1511232627587179,0.9606571230164294,0.2241631483157146
pilot-meta-edgecore-mesa-az,2023-05-29,3,52.565570732576035,0.1823515061760449,0.9632507412303806,0.2055689113961457
pilot-meta-edgecore-mesa-az,2023-05-29,4,53.16102237799535,0.1893445726482524,0.9634290509189446,0.2045785254600371
pilot-meta-edgecore-mesa-az,2023-06-14,0,50.876303710812174,0.0854016376566111,0.9613556442100546,0.2904068759157979
pilot-meta-edgecore-mesa-az,2023-06-14,1,55.104436466049656,0.1505787382916463,0.9598447601554428,0.2492231572284405
pilot-meta-edgecore-mesa-az,2023-06-14,2,54.971913005663296,0.1496915909839925,0.9606571230164292,0.2262462138040133
pilot-meta-edgecore-mesa-az,2023-06-14,3,53.75182638662116,0.179998869654509,0.9632497345424692,0.2066176446960675
pilot-meta-edgecore-mesa-az,2023-06-14,4,54.4335285270317,0.1823967928596739,0.9633759666363022,0.20556179974817
pilot-meta-edgecore-mesa-az,2023-06-30,0,53.84019816314674,0.0882957595071097,0.9614371948137098,0.2783455708555916
pilot-meta-edgecore-mesa-az,2023-06-30,1,57.568367534291305,0.1482442923707945,0.9598451384419204,0.2502338533478089
pilot-meta-edgecore-mesa-az,2023-06-30,2,57.323143535979185,0.1490733640091719,0.9606571230164292,0.2268184248313467
pilot-meta-edgecore-mesa-az,2023-06-30,3,56.209455126425894,0.179807607082716,0.963254458660083,0.2073757374050445
pilot-meta-edgecore-mesa-az,2023-06-30,4,56.785966922288935,0.1826727179590159,0.9634302131521284,0.2073542877760106
pilot-meta-edgecore-mesa-az,2023-07-16,3,23.37679195473284,0.2066414778497966,0.9652416030534344,0.1278411996564885
pilot-meta-edgecore-mesa-az,2023-07-16,4,40.46711834454451,0.1556338985757561,0.9630616192463118,0.1430112971367128
pilot-meta-edgecore-mesa-az,2023-08-01,0,52.193489091861295,0.0841234279822766,0.9613969869614106,0.2575334946160721
pilot-meta-edgecore-mesa-az,2023-08-01,1,54.52318570172844,0.1538084296070564,0.9598447601554428,0.2313680962529714
pilot-meta-edgecore-mesa-az,2023-08-01,2,53.80306103937274,0.1547256276227753,0.9606571230164294,0.2133405972771901
pilot-meta-edgecore-mesa-az,2023-08-01,3,53.10136770067653,0.1853933316583065,0.9632565415041412,0.1968375213600498
pilot-meta-edgecore-mesa-az,2023-08-01,4,54.070140430043466,0.1851962878518574,0.9633507280397066,0.196570519765412
pilot-meta-edgecore-mesa-az,2023-08-17,0,59.11222140932196,0.089881292209517,0.9613556442100546,0.2537036239212427
pilot-meta-edgecore-mesa-az,2023-08-17,1,63.07128236565429,0.1480197879214233,0.9598447601554428,0.2349354782297387
pilot-meta-edgecore-mesa-az,2023-08-17,2,62.76114950207157,0.1526491129323317,0.9606571230164294,0.2162858952987289
pilot-meta-edgecore-mesa-az,2023-08-17,3,61.420863508352106,0.1850295960828196,0.9632610303003644,0.1984829117220549
pilot-meta-edgecore-mesa-az,2023-08-17,4,62.237091992274394,0.1827736390750723,0.9633401088796224,0.1985259455489634
pilot-meta-edgecore-mesa-az,2023-09-02,0,48.93508989628205,0.0861330789203199,0.9614043182794502,0.2523172469769073
pilot-meta-edgecore-mesa-az,2023-09-02,1,51.53427737402858,0.1467128890238092,0.9599060714068848,0.2295078350855053
pilot-meta-edgecore-mesa-az,2023-09-02,2,51.64196648428556,0.1531714375186497,0.9606932186809064,0.2111539064124144
pilot-meta-edgecore-mesa-az,2023-09-02,3,50.54433289178268,0.1897978807353411,0.9635221355973572,0.1976174286866391
pilot-meta-edgecore-mesa-az,2023-09-02,4,51.18258649745866,0.1920782533195952,0.9639808435592944,0.194578874482513
pilot-meta-edgecore-mesa-az,2023-09-18,0,49.28885973063137,0.0801000337153594,0.9613969869614106,0.2553387369240684
pilot-meta-edgecore-mesa-az,2023-09-18,1,53.4695154740035,0.1317363076739252,0.9598447601554426,0.2302860889278493
pilot-meta-edgecore-mesa-az,2023-09-18,2,52.79833403222725,0.1412339672341044,0.960657123016429,0.2136347991178732
pilot-meta-edgecore-mesa-az,2023-09-18,3,51.69283523789452,0.1742879066686518,0.963248378485992,0.1939062624781184
pilot-meta-edgecore-mesa-az,2023-09-18,4,52.35446082899683,0.1737279982892219,0.963335351663771,0.1942994784867563
pilot-meta-edgecore-mesa-az,2023-10-04,0,40.998211704002905,0.0833414877330236,0.9614189517035144,0.2470201161739565
pilot-meta-edgecore-mesa-az,2023-10-04,1,44.923649120532254,0.1305202152205987,0.9598447601554428,0.228620194223488
pilot-meta-edgecore-mesa-az,2023-10-04,2,44.207365582301605,0.138839855159509,0.9606571230164294,0.2120607967241264
pilot-meta-edgecore-mesa-az,2023-10-04,3,43.07787496224376,0.1711590079494525,0.9632482428465255,0.1914939841257297
pilot-meta-edgecore-mesa-az,2023-10-04,4,43.8106973441697,0.1655405481328963,0.9632993616650496,0.1923912189464662
pilot-meta-edgecore-mesa-az,2023-10-20,0,41.544550391664,0.0852105951373501,0.9613969869614106,0.2391180629627836
pilot-meta-edgecore-mesa-az,2023-10-20,1,44.812240357748365,0.1306652429751945,0.9598447601554428,0.2248990847978701
pilot-meta-edgecore-mesa-az,2023-10-20,2,44.24785100256633,0.1400502069985893,0.9606571230164292,0.2068156470093525
pilot-meta-edgecore-mesa-az,2023-10-20,3,43.27413634809471,0.1760756079081748,0.9632550800162114,0.18674840492578
pilot-meta-edgecore-mesa-az,2023-10-20,4,43.96632334046723,0.1726699674693109,0.963344152022404,0.18742165278457
pilot-meta-edgecore-mesa-az,2023-11-05,0,35.32589101330316,0.0835746818449163,0.961455949031008,0.2410003652837555
pilot-meta-edgecore-mesa-az,2023-11-05,1,37.56805828632894,0.129634276924701,0.959844808295914,0.2244714488976235
pilot-meta-edgecore-mesa-az,2023-11-05,2,36.698615854685514,0.1397825491101341,0.960692511023558,0.2056088953448534
pilot-meta-edgecore-mesa-az,2023-11-05,3,35.69832527060156,0.1793970145186552,0.9632545362020032,0.1838187237542415
pilot-meta-edgecore-mesa-az,2023-11-05,4,36.195051953237375,0.1752186466322083,0.9633384192810596,0.1855315440726838
pilot-meta-edgecore-mesa-az,2023-11-21,0,26.77852420932465,0.0791166894722425,0.9614597176322144,0.2255702788786374
pilot-meta-edgecore-mesa-az,2023-11-21,1,28.779621924612947,0.1306558798816689,0.959844845885674,0.2105021079615564
pilot-meta-edgecore-mesa-az,2023-11-21,2,28.700226788405608,0.1424718270210454,0.96068727885286,0.196067169245514
pilot-meta-edgecore-mesa-az,2023-11-21,3,28.152229783070037,0.1845394978603998,0.9632515179712526,0.1755854864736475
pilot-meta-edgecore-mesa-az,2023-11-21,4,28.19437212993341,0.1806917816270979,0.9633424560304918,0.1760174808213399
pilot-meta-edgecore-mesa-az,2023-12-07,0,24.24967291920746,0.0785328811689803,0.9614670377848804,0.2178154980680005
pilot-meta-edgecore-mesa-az,2023-12-07,1,25.998978984360743,0.1252440682701521,0.9598448111545742,0.2046340691676968
pilot-meta-edgecore-mesa-az,2023-12-07,2,25.870864539261287,0.1397057548577466,0.9606572018614647,0.1916973652413418
pilot-meta-edgecore-mesa-az,2023-12-07,3,25.352285864081832,0.1805290836062058,0.9632513971283528,0.1723510838440001
pilot-meta-edgecore-mesa-az,2023-12-07,4,25.696763348695676,0.1768896246629175,0.9633463982103786,0.1732174282980521
pilot-meta-edgecore-mesa-az,2023-12-23,2,14.857455380000031,0.1276745798369551,0.9588,0.14937798
pilot-meta-edgecore-mesa-az,2023-12-23,3,16.754704840066314,0.2537534801479155,0.9645780540590326,0.1837304267380393
pilot-meta-edgecore-mesa-az,2023-12-23,4,15.780081033487278,0.2152399039370704,0.962000912739671,0.1903099343945845
pilot-meta-edgecore-mesa-az,2024-01-08,0,11.478846850286685,0.0791810267976649,0.961463956319217,0.1718668192298869
pilot-meta-edgecore-mesa-az,2024-01-08,1,12.663739012432686,0.1571625736692112,0.9598451728320369,0.1557596629960542
pilot-meta-edgecore-mesa-az,2024-01-08,2,12.59310037136116,0.1577235391575112,0.9606635878635256,0.1567790387787871
pilot-meta-edgecore-mesa-az,2024-01-08,3,12.58818956827737,0.1844115592857146,0.9632482711137044,0.1479803307112468
pilot-meta-edgecore-mesa-az,2024-01-08,4,12.689795185627055,0.1887654976786081,0.963365853435826,0.1455928386327779
pilot-meta-edgecore-mesa-az,2024-02-09,3,16.701642392794355,0.1427198340178546,0.9644281244894034,0.1300224429661249
pilot-meta-edgecore-mesa-az,2024-02-09,4,16.998392639392776,0.2425374794836861,0.964588189860756,0.1228025861983419
pilot-meta-edgecore-mesa-az,2024-02-25,3,8.344518800000026,0.2739862789775062,0.959835294117647,0.2161088976470588
pilot-meta-edgecore-mesa-az,2024-02-25,4,10.462009656960005,0.2114482761850747,0.9593135455403468,0.2221608884771649
pilot-meta-edgecore-mesa-az,2024-03-12,0,32.1994050887532,0.0886209164799638,0.9614744019862532,0.2226743686229235
pilot-meta-edgecore-mesa-az,2024-03-12,1,33.41694892972768,0.2109874425164296,0.9598380942909226,0.2021158507141983
pilot-meta-edgecore-mesa-az,2024-03-12,2,33.35123904827767,0.198315598389739,0.9606571230164294,0.1939563994398639
pilot-meta-edgecore-mesa-az,2024-03-12,3,32.95481774874922,0.2095524782042343,0.9632549443985362,0.1790378729757211
pilot-meta-edgecore-mesa-az,2024-03-12,4,33.383103906790076,0.2183079035184344,0.9633389034235162,0.1783436721798919
pilot-meta-edgecore-mesa-az,2024-04-13,0,42.00720578506266,0.088902984137305,0.9613781630203736,0.2421714872951367
pilot-meta-edgecore-mesa-az,2024-04-13,1,43.52573577089993,0.1669162117571774,0.9598447601554428,0.2126070435994026
pilot-meta-edgecore-mesa-az,2024-04-13,2,42.871589209517666,0.1664445158602842,0.9606571230164292,0.2025645827390624
pilot-meta-edgecore-mesa-az,2024-04-13,3,42.07852361963628,0.192989826688775,0.9632522513250212,0.1872313240605688
pilot-meta-edgecore-mesa-az,2024-04-13,4,42.6489693792307,0.1933249485326021,0.9633249034292304,0.18640094086045
pilot-meta-edgecore-mesa-az,2024-04-29,0,47.115071150530184,0.0770666355152539,0.9613589643632232,0.2522740365846987
pilot-meta-edgecore-mesa-az,2024-04-29,1,49.17322790874775,0.1374865493686596,0.9598447601554426,0.2225179788730037
pilot-meta-edgecore-mesa-az,2024-04-29,2,48.53684107591109,0.1468504136779131,0.960657123016429,0.2113489028701065
pilot-meta-edgecore-mesa-az,2024-04-29,3,47.57058230384808,0.175629845532263,0.9632470001283372,0.1943517395585655
pilot-meta-edgecore-mesa-az,2024-04-29,4,48.27704803033173,0.1729095765622671,0.963318254510062,0.1944974640356325
pilot-meta-edgecore-mesa-az,2024-05-15,0,51.01158169134503,0.0840709456998498,0.9613556442100546,0.2677572048982143
pilot-meta-edgecore-mesa-az,2024-05-15,1,53.382936813634544,0.139417313529334,0.9598447601554428,0.2289626937035684
pilot-meta-edgecore-mesa-az,2024-05-15,2,52.65539955349316,0.1514163933961222,0.9606571230164292,0.2160592635508852
pilot-meta-edgecore-mesa-az,2024-05-15,3,51.69146643676458,0.1794886481905806,0.9632470496515264,0.1980553434099954
pilot-meta-edgecore-mesa-az,2024-05-15,4,52.50704702604678,0.1759377936732384,0.9633222744024272,0.1986117403415148
pilot-meta-edgecore-mesa-az,2024-05-31,0,54.12130690040927,0.0822280457393932,0.9613556442100546,0.2822968635621236
pilot-meta-edgecore-mesa-az,2024-05-31,1,55.98361134553417,0.14271572922815,0.9598447601554428,0.2325462265065198
pilot-meta-edgecore-mesa-az,2024-05-31,2,55.68759114863885,0.1510306693940197,0.9606571230164294,0.219577542085284
pilot-meta-edgecore-mesa-az,2024-05-31,3,54.7429155858062,0.1787960215133613,0.9632466586404892,0.2006527103270148
pilot-meta-edgecore-mesa-az,2024-05-31,4,55.55292743784987,0.1729862129107258,0.9633090874383392,0.2017924803712193
pilot-meta-edgecore-mesa-az,2024-06-16,0,57.74034403463968,0.0843940959856995,0.9613556442100546,0.2843783339156067
pilot-meta-edgecore-mesa-az,2024-06-16,1,59.69498181724668,0.1396807128744372,0.9598447601554428,0.2402596547391955
pilot-meta-edgecore-mesa-az,2024-06-16,2,58.773218167392066,0.1478177774710826,0.9606571230164292,0.2225937166927339
pilot-meta-edgecore-mesa-az,2024-06-16,3,57.651245435328,0.1783984124496191,0.9632468085899172,0.201610768390106
pilot-meta-edgecore-mesa-az,2024-06-16,4,58.475295186330634,0.1693471392211591,0.96329956701187,0.2033128867062183
pilot-meta-edgecore-mesa-az,2024-07-02,0,58.99965773679697,0.0856405820431456,0.9613556442100546,0.278110885905062
pilot-meta-edgecore-mesa-az,2024-07-02,1,61.10995616421006,0.1472441663682355,0.9598447601554428,0.2275850365621129
pilot-meta-edgecore-mesa-az,2024-07-02,2,60.09331521451526,0.157366905473999,0.9606571230164292,0.21471862130376
pilot-meta-edgecore-mesa-az,2024-07-02,3,58.429804402895215,0.1904888798393771,0.9632552451667042,0.1960212930690561
pilot-meta-edgecore-mesa-az,2024-07-02,4,59.47539706596455,0.1804929888170199,0.9633067810522036,0.1981028861255381
pilot-meta-edgecore-mesa-az,2024-07-18,0,57.93248486144272,0.0939644116093683,0.9613556442100546,0.2610531859648011
pilot-meta-edgecore-mesa-az,2024-07-18,1,59.32661792183681,0.1446557216014277,0.9598447601554428,0.2272968649905657
pilot-meta-edgecore-mesa-az,2024-07-18,2,58.92641385792987,0.1538674288443058,0.9606571230164292,0.2124148489473525
pilot-meta-edgecore-mesa-az,2024-07-18,3,57.74136148633647,0.1832277227356989,0.9632521632347344,0.1946057963425401
pilot-meta-edgecore-mesa-az,2024-07-18,4,58.78068752863808,0.1748314316822803,0.963315740143196,0.1985552536739822
pilot-meta-edgecore-mesa-az,2024-08-03,0,64.29124513488384,0.0824240199857589,0.9613556442100546,0.262637278507018
pilot-meta-edgecore-mesa-az,2024-08-03,1,65.99045209597054,0.137573722694663,0.9598447601554428,0.2314589252525203
pilot-meta-edgecore-mesa-az,2024-08-03,2,64.87379798888523,0.1499086393987543,0.9606571230164294,0.2155063371564458
pilot-meta-edgecore-mesa-az,2024-08-03,3,63.19894006094311,0.1851375855927503,0.963256159006842,0.1957592298872548
pilot-meta-edgecore-mesa-az,2024-08-03,4,63.99582721886196,0.1763787594223094,0.9633187575870064,0.1979129855875162
pilot-meta-edgecore-mesa-az,2024-08-19,0,55.78895046664792,0.080306843862108,0.9613556442100546,0.2507027413785356
pilot-meta-edgecore-mesa-az,2024-08-19,1,56.84657502146942,0.1337419383726186,0.9598447601554426,0.2225932697706714
pilot-meta-edgecore-mesa-az,2024-08-19,2,56.903677067415714,0.1489353620820235,0.960657123016429,0.2095742570284144
pilot-meta-edgecore-mesa-az,2024-08-19,3,56.28869778651639,0.1840485440327138,0.9632554198708276,0.1910065397306976
pilot-meta-edgecore-mesa-az,2024-08-19,4,57.118327050962506,0.17689804300348,0.963318350312984,0.1939018579319206
pilot-meta-edgecore-mesa-az,2024-09-04,0,55.712713641252584,0.0791574878672558,0.9613556442100546,0.2449176183556261
pilot-meta-edgecore-mesa-az,2024-09-04,1,57.10011269964926,0.1322340599194683,0.9598447601554428,0.2245476388848407
pilot-meta-edgecore-mesa-az,2024-09-04,2,56.6016104069258,0.1443404153510541,0.9606571230164292,0.2099090302557978
pilot-meta-edgecore-mesa-az,2024-09-04,3,55.310706632154755,0.1790699621462105,0.9632548461938724,0.1915685013817405
pilot-meta-edgecore-mesa-az,2024-09-04,4,56.18166599450876,0.171885961669424,0.9633086301378712,0.1946363415565002
pilot-meta-edgecore-mesa-az,2024-09-20,0,47.4830663521829,0.0821866863281225,0.9613556442100546,0.2414971261984525
pilot-meta-edgecore-mesa-az,2024-09-20,1,48.656927826132815,0.1339555495120185,0.9598447601554428,0.2225487318971211
pilot-meta-edgecore-mesa-az,2024-09-20,2,48.025052284982664,0.1423289537791717,0.9606571230164292,0.2090031294809237
pilot-meta-edgecore-mesa-az,2024-09-20,3,47.01903248363372,0.1753093417562515,0.963255064846549,0.1892048507332505
pilot-meta-edgecore-mesa-az,2024-09-20,4,47.895683171654035,0.1691384484490224,0.963290519759612,0.1944757101528766
pilot-meta-edgecore-mesa-az,2024-10-06,0,50.4524133635673,0.080227140772296,0.9613556442100546,0.2401196899925763
pilot-meta-edgecore-mesa-az,2024-10-06,1,51.724585075530875,0.1247545010868114,0.9598447601554428,0.2242490066078465
pilot-meta-edgecore-mesa-az,2024-10-06,2,50.83491629363295,0.138126545556999,0.9606571230164292,0.2069851207331628
pilot-meta-edgecore-mesa-az,2024-10-06,3,49.71456500150196,0.1689151499627609,0.9632457547629432,0.1870254444051691
pilot-meta-edgecore-mesa-az,2024-10-06,4,50.57250324635849,0.1605511708516583,0.9632833428719628,0.1920515439165536
pilot-meta-edgecore-mesa-az,2024-10-22,0,34.726285364775826,0.0741978001593467,0.9621676427492624,0.222800889358389
pilot-meta-edgecore-mesa-az,2024-10-22,1,32.63335234350915,0.1130376677015434,0.9602169117453636,0.1660138164174668
pilot-meta-edgecore-mesa-az,2024-10-22,2,28.55849846913027,0.1423567984948688,0.9612897166351,0.2314850442120961
pilot-meta-edgecore-mesa-az,2024-10-22,3,29.940439829003836,0.1591589795555089,0.9617084141718928,0.2101225175179333
pilot-meta-edgecore-mesa-az,2024-10-22,4,30.51054787590201,0.1738489184543759,0.962926835433288,0.1996718578863672
pilot-meta-edgecore-mesa-az,2024-11-07,0,25.867678836226133,0.0831439483746602,0.9613556442100546,0.2307677480805769
pilot-meta-edgecore-mesa-az,2024-11-07,1,26.93293503196915,0.1291140642610899,0.959858895659975,0.2047647302128192
pilot-meta-edgecore-mesa-az,2024-11-07,2,26.471477053286907,0.1454903275337371,0.9606584683824648,0.1964332413000015
pilot-meta-edgecore-mesa-az,2024-11-07,3,25.799620080901732,0.1797141756292397,0.9632564804453188,0.1767160897847533
pilot-meta-edgecore-mesa-az,2024-11-07,4,26.39299211062983,0.1735234549878346,0.9633172885413672,0.1804299634798738
pilot-meta-edgecore-mesa-az,2024-11-23,0,27.726527051175808,0.0785160603037941,0.9613244306105232,0.2321641080604801
pilot-meta-edgecore-mesa-az,2024-11-23,1,28.873858949440073,0.1221608325501495,0.9598954072776308,0.2026559461056842
pilot-meta-edgecore-mesa-az,2024-11-23,2,28.33017004168471,0.1406904225724081,0.9606635975485924,0.1924015105476146
pilot-meta-edgecore-mesa-az,2024-11-23,3,27.642313844479144,0.1748835255511317,0.9632832362992356,0.1726889068037273
pilot-meta-edgecore-mesa-az,2024-11-23,4,28.121759754636205,0.1687068259175644,0.9633073916933118,0.1770078888390337
pilot-meta-edgecore-mesa-az,2024-12-09,0,24.57877750968237,0.0801438464540723,0.9613494305228776,0.2314860081970505
pilot-meta-edgecore-mesa-az,2024-12-09,1,25.80292994676992,0.1212891449772913,0.9598746344821992,0.1972385939877204
pilot-meta-edgecore-mesa-az,2024-12-09,2,25.282302408981565,0.1410719413588531,0.9606636305640096,0.187228941930855
pilot-meta-edgecore-mesa-az,2024-12-09,3,24.67431804382851,0.1743338806765623,0.9632474766988636,0.1690941807463286
pilot-meta-edgecore-mesa-az,2024-12-09,4,25.0378817229044,0.1705935009741136,0.963306610751726,0.1733091042820105
pilot-meta-edgecore-mesa-az,2024-12-25,0,22.486795621229227,0.0797754441053322,0.9613550753415572,0.2311765164976219
pilot-meta-edgecore-mesa-az,2024-12-25,1,23.56204363936702,0.1187254463187076,0.959882314465368,0.1982271665323231
pilot-meta-edgecore-mesa-az,2024-12-25,2,23.090787398333227,0.1369497086214413,0.9606586407507216,0.1851319289566096
pilot-meta-edgecore-mesa-az,2024-12-25,3,22.6099626398692,0.167848248061052,0.9632404925549736,0.1672725082065757
pilot-meta-edgecore-mesa-az,2024-12-25,4,22.950445551817413,0.1651099084432857,0.9632992489447804,0.1721225715296102
pilot-meta-edgecore-mesa-az,2025-01-10,0,18.574229727641164,0.0780143097891453,0.9613671984226536,0.2356893101267075
pilot-meta-edgecore-mesa-az,2025-01-10,1,20.02007099073324,0.1153217422645976,0.9599141198096336,0.2027676081395178
pilot-meta-edgecore-mesa-az,2025-01-10,2,19.675662785365535,0.1297252005526402,0.9607422113202404,0.1909662368361029
pilot-meta-edgecore-mesa-az,2025-01-10,3,19.2299649710756,0.1617090325036073,0.9632532679065622,0.1712520319349614
pilot-meta-edgecore-mesa-az,2025-01-10,4,19.6911017689128,0.1598435763885076,0.9633017465858004,0.1756815570368118
pilot-meta-edgecore-mesa-az,2025-01-26,0,22.847529990915017,0.0743200183115348,0.9613556442100546,0.2446123748897549
pilot-meta-edgecore-mesa-az,2025-01-26,1,24.424689219730244,0.1123035624873735,0.959935669193457,0.2092225013767926
pilot-meta-edgecore-mesa-az,2025-01-26,2,23.910122080112927,0.1244666803558081,0.9606554676552428,0.1932982539936423
pilot-meta-edgecore-mesa-az,2025-01-26,3,23.31960933203972,0.1497045781730182,0.9632353680278094,0.1752076775261855
pilot-meta-edgecore-mesa-az,2025-01-26,4,23.681735798784523,0.1491027771836391,0.963304204210095,0.1796275720074442
pilot-meta-edgecore-mesa-az,2025-02-11,0,26.00364753764516,0.0768243279209653,0.9613556442100546,0.2475041748243835
pilot-meta-edgecore-mesa-az,2025-02-11,1,27.471909233596595,0.1118311234379138,0.9598447601554428,0.2105610804598411
pilot-meta-edgecore-mesa-az,2025-02-11,2,27.300396298333855,0.1243880865091126,0.9606573801555124,0.1941282491837297
pilot-meta-edgecore-mesa-az,2025-02-11,3,26.76423554644156,0.1483514181307955,0.9632345564921844,0.1766662134354585
pilot-meta-edgecore-mesa-az,2025-02-11,4,27.240321310614508,0.1480645608333415,0.9632992187553056,0.1811735415639111
pilot-meta-edgecore-mesa-az,2025-02-27,0,32.89730492639644,0.0742512590058178,0.9613556442100546,0.2574363314223011
pilot-meta-edgecore-mesa-az,2025-02-27,1,35.09478785512197,0.1098392816027158,0.9598399828352082,0.2162463983599801
pilot-meta-edgecore-mesa-az,2025-02-27,2,34.68485579431699,0.1227113683844528,0.9606575959628164,0.1988289935048275
pilot-meta-edgecore-mesa-az,2025-02-27,3,33.77988234998854,0.147788923434759,0.9632366511221524,0.1804980221218835
pilot-meta-edgecore-mesa-az,2025-02-27,4,34.027799024753996,0.146232003835188,0.96330215971858,0.1857451969409701
pilot-meta-edgecore-mesa-az,2025-03-15,0,23.02469449603799,0.0811518337576561,0.9615618455995384,0.2538094080374197
pilot-meta-edgecore-mesa-az,2025-03-15,1,24.127660026548813,0.120974900420951,0.9597628435809896,0.1971360553597996
pilot-meta-edgecore-mesa-az,2025-03-15,2,23.92522950585772,0.1296515952877975,0.9605494402768624,0.1864984701814233
pilot-meta-edgecore-mesa-az,2025-03-15,3,24.412318723284557,0.1591706725152117,0.963154519529515,0.177970217363594
pilot-meta-edgecore-mesa-az,2025-03-15,4,24.38078252187816,0.1649116235947175,0.963900736345872,0.1730316610044391
pilot-meta-edgecore-mesa-az,2025-03-31,0,30.50570627726895,0.0838481420933474,0.9614112746795138,0.2687757379858005
pilot-meta-edgecore-mesa-az,2025-03-31,1,32.018270254659065,0.1143039683494956,0.9598773794468664,0.2296404270285632
pilot-meta-edgecore-mesa-az,2025-03-31,2,31.21100341052612,0.1278544934003364,0.960676817972334,0.2143376969768909
pilot-meta-edgecore-mesa-az,2025-03-31,3,30.9077320944581,0.1578320667918958,0.9632375976542974,0.2004045902728682
pilot-meta-edgecore-mesa-az,2025-03-31,4,31.830234358795295,0.1545190656996402,0.9633116107520868,0.2049922172713902
pilot-meta-edgecore-mesa-az,2025-04-16,0,45.33492307312478,0.0714195161099005,0.9613556442100546,0.2850601263068192
pilot-meta-edgecore-mesa-az,2025-04-16,1,47.43642990321236,0.1132091959595203,0.9598447601554428,0.2359155446073607
pilot-meta-edgecore-mesa-az,2025-04-16,2,47.22065482803543,0.1295637509617668,0.9606571230164292,0.2174615397817526
pilot-meta-edgecore-mesa-az,2025-04-16,3,46.3526806539001,0.1639089089477718,0.9632368079137856,0.1968916960940258
pilot-meta-edgecore-mesa-az,2025-04-16,4,46.97447329371973,0.1587665694345912,0.9632898444974876,0.2008651044969113
pilot-meta-edgecore-mesa-az,2025-05-02,0,47.31001562293718,0.071530634549255,0.9613556442100546,0.2891008903772559
pilot-meta-edgecore-mesa-az,2025-05-02,1,49.8390328897323,0.1143532648656843,0.959844760155443,0.2395259948754781
pilot-meta-edgecore-mesa-az,2025-05-02,2,49.504077997446124,0.130187924650636,0.9606571230164294,0.2206039715573712
pilot-meta-edgecore-mesa-az,2025-05-02,3,48.55450885299814,0.1623607984564789,0.9632435025410232,0.2000744468275984
pilot-meta-edgecore-mesa-az,2025-05-02,4,49.41196280886764,0.1569592605011867,0.9633076493677398,0.2042347150558543
pilot-meta-edgecore-mesa-az,2025-05-18,0,45.09135594143765,0.0735929096394432,0.9613556442100546,0.2897873408836571
pilot-meta-edgecore-mesa-az,2025-05-18,1,47.26359049631479,0.117029509499199,0.9598447601554428,0.2447413400855928
pilot-meta-edgecore-mesa-az,2025-05-18,2,46.363641144178814,0.1319513112708028,0.9606571230164294,0.2246724907833947
pilot-meta-edgecore-mesa-az,2025-05-18,3,45.57939926257132,0.1610961114122873,0.9632447221168268,0.203985319045977
pilot-meta-edgecore-mesa-az,2025-05-18,4,46.27814333903961,0.1550335306899221,0.9633049872697336,0.2084287777632448
pilot-meta-edgecore-mesa-az,2025-06-03,0,49.920468168252775,0.079104620153143,0.9613556442100546,0.2864905825441416
pilot-meta-edgecore-mesa-az,2025-06-03,1,51.83526896445757,0.1241007334027173,0.959844760155443,0.2387687932956197
pilot-meta-edgecore-mesa-az,2025-06-03,2,51.42541723918531,0.1399565747328519,0.9606571230164294,0.2197967920690789
pilot-meta-edgecore-mesa-az,2025-06-03,3,50.3592885609703,0.1713534877258262,0.9633064116454793,0.1985629098567686
pilot-meta-edgecore-mesa-az,2025-06-03,4,50.861698089677425,0.1608954460292373,0.9633188486708542,0.204085989186507
pilot-meta-edgecore-mesa-az,2025-06-19,0,58.57757825726097,0.0714895951102577,0.9613556442100546,0.2955884122342417
pilot-meta-edgecore-mesa-az,2025-06-19,1,60.75441192441526,0.1178996811503628,0.9598447601554428,0.2486635051962359
pilot-meta-edgecore-mesa-az,2025-06-19,2,60.09038742251179,0.133909964177271,0.9606571230164294,0.2256119419293289
pilot-meta-edgecore-mesa-az,2025-06-19,3,59.021933215045365,0.163446806532995,0.963247022675256,0.2037092292504888
pilot-meta-edgecore-mesa-az,2025-06-19,4,59.97956892721151,0.152414986748237,0.963293927175141,0.2080056920312373
pilot-meta-edgecore-mesa-az,2025-07-05,0,59.42654716975286,0.0697341943165125,0.9613556442100546,0.2970459492852686
pilot-meta-edgecore-mesa-az,2025-07-05,1,61.48132642395054,0.1172061613326644,0.9598447601554426,0.2455286292386606
pilot-meta-edgecore-mesa-az,2025-07-05,2,60.32181940683863,0.1341700511625097,0.9606571230164292,0.2245302321866814
pilot-meta-edgecore-mesa-az,2025-07-05,3,59.074427188193134,0.1663798781371691,0.9632479765313448,0.202952487858292
pilot-meta-edgecore-mesa-az,2025-07-05,4,59.977489340744185,0.1553237400793451,0.963294209664295,0.2068509195192971
pilot-meta-edgecore-mesa-az,2025-08-06,0,58.005056288109465,0.0724028119877555,0.9613556442100546,0.2842364469991438
pilot-meta-edgecore-mesa-az,2025-08-06,1,59.886923273781974,0.1194695507377861,0.9598447601554428,0.2373236979070868
pilot-meta-edgecore-mesa-az,2025-08-06,2,59.39403276694138,0.1346791865457163,0.9606571230164292,0.2180036041916354
pilot-meta-edgecore-mesa-az,2025-08-06,3,58.343261270409656,0.164911418315149,0.9632464709518792,0.197398469641089
pilot-meta-edgecore-mesa-az,2025-08-06,4,59.20828790045117,0.1568013970570231,0.963301671577947,0.2031294573374331
pilot-meta-edgecore-mesa-az,2025-08-22,0,50.74390690170209,0.0818610547467017,0.9613556442100546,0.2769628428439877
pilot-meta-edgecore-mesa-az,2025-08-22,1,51.32691140438117,0.1230540425617473,0.9598447601554428,0.2218763662230171
pilot-meta-edgecore-mesa-az,2025-08-22,2,52.1171315609493,0.1404275542512499,0.9606571230164292,0.2137899626293812
pilot-meta-edgecore-mesa-az,2025-08-22,3,51.48352086962318,0.1656318591941005,0.96312079098216,0.2026400774000644
pilot-meta-edgecore-mesa-az,2025-08-22,4,52.32205556230681,0.1605608183304765,0.963280999119704,0.2075027301259341
pilot-meta-edgecore-mesa-az,2025-09-07,0,52.153667265227895,0.0722216854510616,0.9613556442100546,0.2806144684237335
pilot-meta-edgecore-mesa-az,2025-09-07,1,54.20543954551128,0.1196535108351894,0.9598447601554428,0.2316040686275084
pilot-meta-edgecore-mesa-az,2025-09-07,2,53.68310815541607,0.1388169574021944,0.9606571230164292,0.211269535137037
pilot-meta-edgecore-mesa-az,2025-09-07,3,52.40232829389481,0.1750350862218821,0.963253589003075,0.1908958070596073
pilot-meta-edgecore-mesa-az,2025-09-07,4,53.04675977869984,0.1667657533791772,0.9633050890190428,0.196283760767135
pilot-meta-edgecore-mesa-az,2025-09-23,0,51.540560723552005,0.0774028754970912,0.9613556442100546,0.2769154242070847
pilot-meta-edgecore-mesa-az,2025-09-23,1,53.41893859477111,0.1212087203581932,0.9598447601554428,0.2321569873608563
pilot-meta-edgecore-mesa-az,2025-09-23,2,52.935110531729755,0.1393662279398228,0.9606571230164294,0.2106945247089251
pilot-meta-edgecore-mesa-az,2025-09-23,3,51.964118163056064,0.1731090785726725,0.9632504392923628,0.188874078899486
pilot-meta-edgecore-mesa-az,2025-09-23,4,52.831833420676666,0.1653370481385054,0.963303001434994,0.1943544983031301
pilot-meta-edgecore-mesa-az,2025-10-25,0,35.4986244769432,0.0729467886782866,0.9613556442100546,0.2735531658221624
pilot-meta-edgecore-mesa-az,2025-10-25,1,36.68800342443112,0.1339491915226374,0.9598389825418764,0.2237413924214307
pilot-meta-edgecore-mesa-az,2025-10-25,2,36.65943008516603,0.1493051599054242,0.9605790563080154,0.202166543851815
pilot-meta-edgecore-mesa-az,2025-10-25,3,36.06021673807312,0.1875530648340237,0.9632470830793396,0.1780813833506812
pilot-meta-edgecore-mesa-az,2025-10-25,4,36.25218180005755,0.1892373135537686,0.9633112490987916,0.1834065504338366
pilot-meta-edgecore-mesa-az,2025-11-10,0,32.92864855504293,0.0758083170640601,0.9613488465089054,0.2683261795637678
pilot-meta-edgecore-mesa-az,2025-11-10,1,33.97828525307527,0.1468788983105342,0.959885780524513,0.2146151450459672
pilot-meta-edgecore-mesa-az,2025-11-10,2,33.8224831221317,0.1636088489303446,0.9606483047440306,0.1976000700766262
pilot-meta-edgecore-mesa-az,2025-11-10,3,33.25630229455237,0.1996094068027184,0.9632670746086858,0.1748108629411421
pilot-meta-edgecore-mesa-az,2025-11-10,4,33.59405231323557,0.2065191704915299,0.9632836241550904,0.1810170221176925
pilot-meta-edgecore-mesa-az,2025-11-26,3,-1.9877896170899532,0.1283022983164692,0.9616050214224504,0.101373327272065
pilot-meta-edgecore-mesa-az,2025-11-26,4,-1.8564102108880105,0.2245894578795037,0.9618871965679974,0.1158527637020935
pilot-meta-edgecore-mesa-az,2025-12-12,0,23.16525036976877,0.1004935890460532,0.9614669215318156,0.2553041551675322
pilot-meta-edgecore-mesa-az,2025-12-12,1,23.84907348252154,0.2242048966893648,0.95986546833123,0.1970460148258508
pilot-meta-edgecore-mesa-az,2025-12-12,2,23.92036936161649,0.2256634619509016,0.9605871108117252,0.1850187896076645
pilot-meta-edgecore-mesa-az,2025-12-12,3,23.842454848673427,0.2390160286773768,0.9633190473067534,0.1626336575053543
pilot-meta-edgecore-mesa-az,2025-12-12,4,24.024035145902896,0.2562251219801403,0.9632835066811236,0.1678702629022263
pilot-meta-edgecore-mesa-az,2025-12-28,4,13.440865985789497,0.254521375016371,0.9638368421052634,0.2747216665131578
pilot-meta-edgecore-mesa-az,2026-01-13,0,19.912076205945233,0.1220128618970008,0.9612153596111626,0.2469212654231801
pilot-meta-edgecore-mesa-az,2026-01-13,1,20.73858977397581,0.2425971680268531,0.95971662880233,0.1961036233142885
pilot-meta-edgecore-mesa-az,2026-01-13,2,20.935925596725273,0.2306821977774227,0.9606035019575944,0.1819448517436139
pilot-meta-edgecore-mesa-az,2026-01-13,3,20.892336031110943,0.2367116628072214,0.9632613616401244,0.1629291262155063
pilot-meta-edgecore-mesa-az,2026-01-13,4,21.072386840845617,0.253014155317619,0.9632417821543184,0.1667672934128946
pilot-meta-edgecore-mesa-az,2026-02-14,0,27.3458314365465,0.1007801460823319,0.9613494305228776,0.2511125413150066
pilot-meta-edgecore-mesa-az,2026-02-14,1,28.825339665917785,0.1808188809728512,0.959938934802126,0.202435767407596
pilot-meta-edgecore-mesa-az,2026-02-14,2,28.441951724327353,0.184690682539235,0.9606498985831396,0.1854474814676042
pilot-meta-edgecore-mesa-az,2026-02-14,3,28.006028236532103,0.2019181585812533,0.9632451359259424,0.1657157413844144
pilot-meta-edgecore-mesa-az,2026-02-14,4,28.21879732140591,0.2087475193304836,0.9632800909908796,0.1706542253322304
pilot-meta-edgecore-mesa-az,2026-03-02,0,36.50424544004785,0.0890893051345191,0.9613556442100546,0.261614060157233
pilot-meta-edgecore-mesa-az,2026-03-02,1,38.28684357978328,0.1539156936741359,0.9598419514797102,0.2132804784888813
pilot-meta-edgecore-mesa-az,2026-03-02,2,37.81171261017283,0.1621406827097933,0.960656420126519,0.1949054261282749
pilot-meta-edgecore-mesa-az,2026-03-02,3,37.26533690129528,0.1855798382600636,0.9632454923235596,0.1744325157885937
pilot-meta-edgecore-mesa-az,2026-03-02,4,37.74787053338581,0.1879142560429378,0.9633036873319036,0.1792542545455857
pilot-meta-edgecore-mesa-az,2026-03-18,0,41.89649653842445,0.078654844655509,0.9613556442100546,0.2715892788224741
pilot-meta-edgecore-mesa-az,2026-03-18,1,43.53112103066096,0.1383416040503426,0.9598447601554428,0.2177810823107012
pilot-meta-edgecore-mesa-az,2026-03-18,2,43.20918836401943,0.15173540133057,0.9606571230164292,0.1993231632966677
pilot-meta-edgecore-mesa-az,2026-03-18,3,42.50207231656312,0.1800912093008931,0.9632400405265096,0.1785342496986734
pilot-meta-edgecore-mesa-az,2026-03-18,4,43.07539686025157,0.1791339813436448,0.9632920074738818,0.182911802685381
pilot-meta-edgecore-mesa-az,2026-04-03,0,43.24484879065042,0.0809402386507328,0.9613556442100546,0.2735335439421572
pilot-meta-edgecore-mesa-az,2026-04-03,1,45.254503250622115,0.1339643978956818,0.9598447601554428,0.2210974879041645
pilot-meta-edgecore-mesa-az,2026-04-03,2,44.62969686315679,0.1491238337249675,0.9606571230164292,0.2038924291292479
pilot-meta-edgecore-mesa-az,2026-04-03,3,43.59839580005737,0.1789064340393817,0.9632502947243902,0.1831483121059241
pilot-meta-edgecore-mesa-az,2026-04-03,4,44.16489217752401,0.1760985656398355,0.9633106126512032,0.1878446302259796
pilot-meta-edgecore-mesa-az,2026-04-19,1,30.38031915617491,0.152034431560002,0.960205069703937,0.2468741176075201
pilot-meta-edgecore-mesa-az,2026-04-19,2,38.2560840006214,0.1375556490582309,0.9600771734502054,0.2540115171545893
pilot-meta-edgecore-mesa-az,2026-04-19,3,37.008839733195394,0.1653576727533202,0.9620548982655884,0.226359604656394
pilot-meta-edgecore-mesa-az,2026-04-19,4,40.559555448133416,0.1595577762394935,0.961666112389641,0.2237994596905448
pilot-meta-edgecore-mesa-az,2026-05-05,0,36.10279044619182,0.0751560859688489,0.9613432665573548,0.3761021217801601
pilot-meta-edgecore-mesa-az,2026-05-05,1,37.38046848270488,0.1389650191394499,0.9587030737659478,0.2537511628153354
pilot-meta-edgecore-mesa-az,2026-05-05,2,36.6680870331317,0.1369170860734301,0.9619610875691028,0.3202287756572702
pilot-meta-edgecore-mesa-az,2026-05-05,3,36.03825292081132,0.1747685593843103,0.9619646006411512,0.2734902482290985
pilot-meta-edgecore-mesa-az,2026-05-05,4,36.15398253338514,0.1750736027105645,0.9620590663821666,0.2256761476406044
pilot-meta-edgecore-mesa-az,2026-05-21,0,49.8888700810212,0.0760150143756956,0.9613556442100546,0.2912506291764695
pilot-meta-edgecore-mesa-az,2026-05-21,1,51.80901502084048,0.1247120904651496,0.9598447601554428,0.2397979779581637
pilot-meta-edgecore-mesa-az,2026-05-21,2,51.348932235863366,0.1423743392779076,0.9606571230164292,0.2204707393469964
pilot-meta-edgecore-mesa-az,2026-05-21,3,50.57783555737372,0.1700842164694681,0.9632446093270386,0.1991231699288964
pilot-meta-edgecore-mesa-az,2026-05-21,4,51.30484097738065,0.163659906516037,0.963293537829568,0.2038510744009303
pilot-meta-edgecore-mesa-az,2026-06-06,0,56.9760959078237,0.0775219260736232,0.9613556442100546,0.2959618594689495
pilot-meta-edgecore-mesa-az,2026-06-06,1,58.84641937573592,0.1311147996935741,0.9598447601554428,0.2458571243155628
pilot-meta-edgecore-mesa-az,2026-06-06,2,58.19525985253093,0.1456249735998004,0.9606571230164294,0.2248579255788375
pilot-meta-edgecore-mesa-az,2026-06-06,3,57.23798389095432,0.1721980103452301,0.96324880905631,0.2018470241112574
pilot-meta-edgecore-mesa-az,2026-06-06,4,57.98970248973565,0.1640829507380814,0.9633009846540362,0.2068443633580997
pilot-meta-edgecore-mesa-az,2026-06-22,0,55.14044429665353,0.0762488072200576,0.9613556442100546,0.2970762544338028
pilot-meta-edgecore-mesa-az,2026-06-22,1,56.70376878023868,0.1302645184423178,0.9598447601554428,0.2460975456781793
pilot-meta-edgecore-mesa-az,2026-06-22,2,57.43640452496704,0.1447469952332606,0.9606571230164294,0.2236192916092347
pilot-meta-edgecore-mesa-az,2026-06-22,3,57.09006471715588,0.170148650380505,0.9632486525663436,0.1995534419509323
pilot-meta-edgecore-mesa-az,2026-06-22,4,58.07534530668306,0.163350214574464,0.9632932442154896,0.2051484166524082
pilot-meta-edgecore-mesa-az,2026-07-08,0,58.64112801892643,0.0831045891529501,0.9613556442100546,0.2875667118483098
pilot-meta-edgecore-mesa-az,2026-07-08,1,60.1555034516844,0.1332974395177024,0.9598447601554428,0.2414746279693403
pilot-meta-edgecore-mesa-az,2026-07-08,2,59.471195182518585,0.1481347498841321,0.9606571230164292,0.2195378166830554
pilot-meta-edgecore-mesa-az,2026-07-08,3,58.69157434686668,0.1738622192080813,0.9632490508492452,0.1977700064511146
pilot-meta-edgecore-mesa-az,2026-07-08,4,59.636493443857574,0.1673336455160296,0.9633030131313436,0.2032692865252568
pilot-meta-edgecore-mesa-az,2026-07-24,0,58.26030333205943,0.0788912862895731,0.9613556442100546,0.2937432595211629
pilot-meta-edgecore-mesa-az,2026-07-24,1,60.011986724491166,0.1282383756762006,0.9598447601554426,0.241013111999689
pilot-meta-edgecore-mesa-az,2026-07-24,2,59.530597643613376,0.1494230392629453,0.960657123016429,0.2189175849930639
pilot-meta-edgecore-mesa-az,2026-07-24,3,58.741721553102245,0.1817960583694461,0.9632557008379994,0.1959774223778804
pilot-meta-edgecore-mesa-az,2026-07-24,4,59.41751032401942,0.1735816526643313,0.9633117653576676,0.198531145709062
pilot-meta-edgecore-mesa-az,2026-08-09,0,58.32222243640731,0.0841724573936026,0.9613556442100546,0.2791258890901907
pilot-meta-edgecore-mesa-az,2026-08-09,1,60.53997942308272,0.1268044642064213,0.9598447601554428,0.2380548664286006
pilot-meta-edgecore-mesa-az,2026-08-09,2,59.68587706545975,0.1444340542820097,0.9606571230164294,0.2172136443624855
pilot-meta-edgecore-mesa-az,2026-08-09,3,58.58384115055052,0.1733822258803198,0.9632518700419994,0.19615776925258
pilot-meta-edgecore-mesa-az,2026-08-09,4,59.461859717905064,0.1674538211006633,0.9633109444435956,0.2014458109237624
pilot-meta-edgecore-mesa-az,2026-08-25,0,56.727516695055634,0.0745264045526268,0.9613556442100546,0.2811002635682375
pilot-meta-edgecore-mesa-az,2026-08-25,1,58.16080714630034,0.1254600816386805,0.9598447601554426,0.2358366627746713
pilot-meta-edgecore-mesa-az,2026-08-25,2,57.85788884108516,0.1441453057853428,0.960657123016429,0.214784268648892
pilot-meta-edgecore-mesa-az,2026-08-25,3,57.1434567231064,0.1754301112264093,0.9632531386028464,0.1936873768212585
pilot-meta-edgecore-mesa-az,2026-08-25,4,57.80881755676989,0.1698853187593166,0.963299260549665,0.1991645035281729
pilot-meta-edgecore-mesa-az,2026-09-10,0,46.332647156791225,0.0764254804447594,0.9613556442100546,0.2136088383611022
pilot-meta-edgecore-mesa-az,2026-09-10,1,49.79711171705544,0.114133398541774,0.9598447601554428,0.1823674162195225
pilot-meta-edgecore-mesa-az,2026-09-10,2,51.71530870605191,0.1379899837303896,0.9605885315433826,0.1889341365948282
pilot-meta-edgecore-mesa-az,2026-09-10,3,51.275563346573506,0.1656254593809185,0.9631661423582903,0.1933981241680388
pilot-meta-edgecore-mesa-az,2026-09-10,4,52.72928063338729,0.1663241771857354,0.9635948875151784,0.2114704268811782
pilot-meta-edgecore-mesa-az,2026-09-26,0,46.46359786195697,0.0697490503441071,0.9613556442100546,0.2778148263706456
pilot-meta-edgecore-mesa-az,2026-09-26,1,47.95341167524633,0.1298240633508356,0.9598447601554428,0.2242694246346963
pilot-meta-edgecore-mesa-az,2026-09-26,2,47.87773791405015,0.1527055387614598,0.9606571230164292,0.2035122227819565
pilot-meta-edgecore-mesa-az,2026-09-26,3,47.410080515007266,0.183686030013388,0.963247239437524,0.1817595730728243
pilot-meta-edgecore-mesa-az,2026-09-26,4,47.67421033355648,0.1864787700881405,0.9633012418665778,0.1875636950578281
pilot-meta-edgecore-mesa-az,2021-11-05,0,34.92641138874511,0.1218910956971978,0.961564983901005,0.230278171342228
pilot-meta-edgecore-mesa-az,2021-11-05,1,37.63568234633193,0.1403430028680451,0.9598550320298757,0.2269448674139937
pilot-meta-edgecore-mesa-az,2021-11-05,2,37.69691923588122,0.1530045707991021,0.9607138258109016,0.2086246975110471
pilot-meta-edgecore-mesa-az,2021-11-05,3,36.55308922892718,0.1913166947465786,0.963381082761704,0.1892520404888313
pilot-meta-edgecore-mesa-az,2021-11-05,4,36.63254632665615,0.1844611607863419,0.9623636449221696,0.1898603435250019
pilot-meta-edgecore-mesa-az,2021-11-10,0,32.117458490447184,0.1203127095167205,0.9615230818976258,0.2249757189566512
pilot-meta-edgecore-mesa-az,2021-11-10,1,34.37796122173227,0.1395985199120194,0.959854637804361,0.2211227753480326
pilot-meta-edgecore-mesa-az,2021-11-10,2,34.34360115366816,0.1521643818399724,0.9607171448206142,0.2034934320380738
pilot-meta-edgecore-mesa-az,2021-11-10,3,33.28913897469351,0.1894601916524197,0.9634136229680272,0.1842355228501576
pilot-meta-edgecore-mesa-az,2021-11-10,4,33.4380905168972,0.1937612829929307,0.9635811825741312,0.1849121202492877
pilot-meta-edgecore-mesa-az,2021-12-18,0,17.961248293981406,0.1057340412586984,0.9615315380796834,0.2246040894838531
pilot-meta-edgecore-mesa-az,2021-12-18,1,18.64997918102212,0.1286375477941444,0.9598550320298757,0.2229560160539499
pilot-meta-edgecore-mesa-az,2021-12-18,2,18.6041592164155,0.1469875386597842,0.9607316962578634,0.199912677931273
pilot-meta-edgecore-mesa-az,2021-12-18,3,18.296558108624527,0.1871934445997335,0.9634177294265897,0.1786522485167064
pilot-meta-edgecore-mesa-az,2021-12-18,4,18.159231562049087,0.1947149168296798,0.9636166332175016,0.1785711166827271
pilot-meta-edgecore-mesa-az,2022-01-03,0,14.574542842102677,0.1058309138507348,0.961603337750872,0.1688617095655209
pilot-meta-edgecore-mesa-az,2022-01-03,1,15.044325988332217,0.1396533138209122,0.9598982423037236,0.1773788740469973
pilot-meta-edgecore-mesa-az,2022-01-03,2,15.255617371777896,0.1563560703894608,0.960743101745924,0.1656631419041759
pilot-meta-edgecore-mesa-az,2022-01-03,3,15.560467341189698,0.1876690552311813,0.9634513642122602,0.158129817923187
pilot-meta-edgecore-mesa-az,2022-01-03,4,15.820828931417775,0.1987785574194402,0.963647252536514,0.1555470558946766
pilot-meta-edgecore-mesa-az,2022-01-19,0,17.570184494025913,0.1149667198837513,0.9614320546510792,0.147343903847445
pilot-meta-edgecore-mesa-az,2022-01-19,1,19.94771919071431,0.144124038267714,0.9597853025527848,0.1863972835795325
pilot-meta-edgecore-mesa-az,2022-01-19,2,20.263896676082553,0.1597765003226959,0.9609503489807408,0.1648013064630368
pilot-meta-edgecore-mesa-az,2022-01-19,3,20.207176681864805,0.1931878221798955,0.9641554914673224,0.1669741210972179
pilot-meta-edgecore-mesa-az,2022-01-19,4,19.57561222449372,0.2030355029327583,0.9645390430501192,0.1865843835965584
pilot-meta-edgecore-mesa-az,2022-02-04,0,20.90898823976559,0.1137775200347393,0.9614896360763044,0.2231003510978962
pilot-meta-edgecore-mesa-az,2022-02-04,1,22.289229653842995,0.1550281331995556,0.959854637804361,0.2199678177575862
pilot-meta-edgecore-mesa-az,2022-02-04,2,21.862415687064075,0.1605906031919196,0.960713825810902,0.2017987317968899
pilot-meta-edgecore-mesa-az,2022-02-04,3,21.334455112429115,0.1784960445669214,0.9634046653612882,0.1825529426595018
pilot-meta-edgecore-mesa-az,2022-02-04,4,21.283049797743928,0.1917796319018571,0.9636266385424664,0.1796978291949017
pilot-meta-edgecore-mesa-az,2022-02-20,0,29.61944974202179,0.1152988936406426,0.9615315380796834,0.2397220152659981
pilot-meta-edgecore-mesa-az,2022-02-20,1,31.219504823097697,0.1603694048505638,0.9598550320298757,0.2252157289016827
pilot-meta-edgecore-mesa-az,2022-02-20,2,30.62109631582528,0.1650095807179654,0.9607138258109018,0.2097127136741843
pilot-meta-edgecore-mesa-az,2022-02-20,3,30.177007301906823,0.1800712517309375,0.9634004363118688,0.1921769426085982
pilot-meta-edgecore-mesa-az,2022-02-20,4,29.962903222386036,0.1945876838404551,0.9636086202629474,0.1895843709328991
pilot-meta-edgecore-mesa-az,2022-03-08,0,28.428868566461848,0.1209628436063368,0.9615315380796834,0.2385843996515149
pilot-meta-edgecore-mesa-az,2022-03-08,1,30.73156753540356,0.1699597410600593,0.9598550320298757,0.2250806045690579
pilot-meta-edgecore-mesa-az,2022-03-08,2,30.020314849635717,0.1712765956010478,0.9607134800688024,0.2100651238772942
pilot-meta-edgecore-mesa-az,2022-03-08,3,29.3425974066566,0.1840791301516981,0.9634015795399968,0.1939813906368095
pilot-meta-edgecore-mesa-az,2022-03-08,4,29.274743608514513,0.1972715466597502,0.9635895020355356,0.1896435444665479
pilot-meta-edgecore-mesa-az,2022-03-24,0,37.87317807077235,0.11434940207435,0.9615315380796834,0.2456732373193019
pilot-meta-edgecore-mesa-az,2022-03-24,1,40.75004368749477,0.1511362873989417,0.9598550320298757,0.2328827521972835
pilot-meta-edgecore-mesa-az,2022-03-24,2,39.87996460086778,0.1563322728897068,0.9607146821344008,0.2162791996545445
pilot-meta-edgecore-mesa-az,2022-03-24,3,39.102347198209266,0.1790644624495626,0.9634057352517218,0.2009633828536899
pilot-meta-edgecore-mesa-az,2022-03-24,4,39.40482498860846,0.1901622310741486,0.96359636879251,0.1972852153424294
pilot-meta-edgecore-mesa-az,2022-04-09,0,41.17680780863338,0.1078490918407921,0.9614896360763044,0.2524366034573093
pilot-meta-edgecore-mesa-az,2022-04-09,1,43.349077558379626,0.1408749642918353,0.959854637804361,0.2328460141567566
pilot-meta-edgecore-mesa-az,2022-04-09,2,42.54409274684465,0.1493685311614394,0.960713825810902,0.2184815828188616
pilot-meta-edgecore-mesa-az,2022-04-09,3,40.77339273210104,0.1795234588662242,0.9634082163510842,0.2047338409324405
pilot-meta-edgecore-mesa-az,2022-04-09,4,39.91603251185549,0.1858266067442312,0.9635889883872346,0.2019886809642292
pilot-meta-edgecore-mesa-az,2022-04-25,0,45.26416221840831,0.1085108197477939,0.9614465513550876,0.2570686703545874
pilot-meta-edgecore-mesa-az,2022-04-25,1,48.69310802650208,0.1336709770467851,0.9598546378043612,0.2498780995012526
pilot-meta-edgecore-mesa-az,2022-04-25,2,48.09815797935508,0.142927915304156,0.960713825810902,0.2321381351585784
pilot-meta-edgecore-mesa-az,2022-04-25,3,46.85781036284599,0.174276637930401,0.963410493010332,0.2157705674544693
pilot-meta-edgecore-mesa-az,2022-04-25,4,46.90777950560554,0.1797457627451446,0.963601631837154,0.2125881160295395
pilot-meta-edgecore-mesa-az,2022-05-11,0,35.71129560342029,0.1117888542373219,0.961400569301001,0.2534375397008061
pilot-meta-edgecore-mesa-az,2022-05-11,1,39.94407315626635,0.1331578862359129,0.9598524568790652,0.2542728893134384
pilot-meta-edgecore-mesa-az,2022-05-11,2,40.89633874384262,0.1461338551796368,0.9610475605422046,0.2359518988019265
pilot-meta-edgecore-mesa-az,2022-05-11,3,42.98920855516233,0.1857228287691201,0.9643989472993,0.2150280421595187
pilot-meta-edgecore-mesa-az,2022-05-11,4,44.12997163294276,0.1992210678338895,0.9645951788906398,0.2150286385738461
pilot-meta-edgecore-mesa-az,2022-05-27,0,49.37622984411166,0.1034594089366438,0.9614465513550876,0.2622558635889363
pilot-meta-edgecore-mesa-az,2022-05-27,1,55.16062939247639,0.130698856378155,0.959854637804361,0.2637225755711221
pilot-meta-edgecore-mesa-az,2022-05-27,2,55.14095486744932,0.1398669671764967,0.9607138258109016,0.2419312569370141
pilot-meta-edgecore-mesa-az,2022-05-27,3,54.054890446165714,0.1719276939005224,0.9634112575495756,0.2252684394197572
pilot-meta-edgecore-mesa-az,2022-05-27,4,54.78866684408271,0.1717751734152632,0.9635742116214344,0.222686403195405
pilot-meta-edgecore-mesa-az,2022-06-12,0,59.10512284463926,0.1049579708952922,0.9614465513550876,0.2729511519033243
pilot-meta-edgecore-mesa-az,2022-06-12,1,61.84315404878413,0.1380793950763283,0.959854637804361,0.263525035821585
pilot-meta-edgecore-mesa-az,2022-06-12,2,61.15305275804302,0.1445853620492032,0.9607138258109018,0.2418848259067158
pilot-meta-edgecore-mesa-az,2022-06-12,3,59.75033749901155,0.1763884364639957,0.9634031359673176,0.224789452403777
pilot-meta-edgecore-mesa-az,2022-06-12,4,60.260271762657034,0.1769318882697682,0.9635655728764824,0.2234971501060137
pilot-meta-edgecore-mesa-az,2022-06-28,0,57.20226550621805,0.0985339401075479,0.9614896360763044,0.2542220451014896
pilot-meta-edgecore-mesa-az,2022-06-28,1,63.47135811993764,0.1352197146719032,0.959854637804361,0.2515203505459424
pilot-meta-edgecore-mesa-az,2022-06-28,2,62.71224386670868,0.1440256350308307,0.9607171448206142,0.2312872325083682
pilot-meta-edgecore-mesa-az,2022-06-28,3,61.22881031430652,0.1787513095882854,0.9634150392777404,0.2173844319876139
pilot-meta-edgecore-mesa-az,2022-06-28,4,61.82986164698186,0.1786979000537859,0.9635805893995848,0.2158888486320816
pilot-meta-edgecore-mesa-az,2022-07-30,0,59.21045929748589,0.1013013108363941,0.9615315380796834,0.2481456728985581
pilot-meta-edgecore-mesa-az,2022-07-30,1,63.63926783876964,0.1328497903700847,0.9598550320298757,0.2518232244680878
pilot-meta-edgecore-mesa-az,2022-07-30,2,62.93724589184891,0.1448546455600037,0.9607171448206138,0.2290289667021219
pilot-meta-edgecore-mesa-az,2022-07-30,3,60.66481844682087,0.1829467202268387,0.963448005646403,0.2147868968458302
pilot-meta-edgecore-mesa-az,2022-07-30,4,60.866175340026906,0.1833264948923897,0.9635413211175216,0.2128153287861843
pilot-meta-edgecore-mesa-az,2022-08-15,0,54.66574735221165,0.0991033214181839,0.9614896360763044,0.2378364362252538
pilot-meta-edgecore-mesa-az,2022-08-15,1,58.733916567407235,0.1322153671155163,0.959854637804361,0.2451738642553851
pilot-meta-edgecore-mesa-az,2022-08-15,2,59.16378420897491,0.1431455197412358,0.960713825810902,0.2247117305556679
pilot-meta-edgecore-mesa-az,2022-08-15,3,58.49663132798435,0.1862222221524888,0.9634198182448044,0.2094758433603283
pilot-meta-edgecore-mesa-az,2022-08-15,4,59.46761362988198,0.1815830195051668,0.9635542259356228,0.2070272440492328
pilot-meta-edgecore-mesa-az,2022-08-31,0,54.817184151143906,0.0994540655138136,0.9614896360763044,0.2530281637757708
pilot-meta-edgecore-mesa-az,2022-08-31,1,58.76277198038752,0.1335849731988402,0.9598546378043612,0.2531591738019614
pilot-meta-edgecore-mesa-az,2022-08-31,2,58.68342168724642,0.1444879454306966,0.960713825810902,0.230128240728321
pilot-meta-edgecore-mesa-az,2022-08-31,3,57.004488842293306,0.1812961200215345,0.9634068183317358,0.2154329666493908
pilot-meta-edgecore-mesa-az,2022-08-31,4,57.28540264266989,0.1826029168932561,0.96355043014888,0.2105434260589732
pilot-meta-edgecore-mesa-az,2022-09-16,0,46.84465590236797,0.0981908297351582,0.9615315380796834,0.2342819974151445
pilot-meta-edgecore-mesa-az,2022-09-16,1,50.108464724111826,0.131311377472062,0.9598550320298757,0.2484101694417163
pilot-meta-edgecore-mesa-az,2022-09-16,2,50.21735201894383,0.1464021536992544,0.9607138258109018,0.2243991562747721
pilot-meta-edgecore-mesa-az,2022-09-16,3,49.43676749284213,0.1847150658792586,0.9634162866163348,0.205957154297301
pilot-meta-edgecore-mesa-az,2022-09-16,4,49.7878142143369,0.1883764305870541,0.9635891054400116,0.2048058690339539
pilot-meta-edgecore-mesa-az,2022-10-02,0,50.05771557424243,0.0980890141945622,0.9614884533584668,0.240856068810599
pilot-meta-edgecore-mesa-az,2022-10-02,1,52.37682413458394,0.1325467924726514,0.9598550320298757,0.2432971573634747
pilot-meta-edgecore-mesa-az,2022-10-02,2,51.61100370019391,0.1480576444595805,0.9607138258109018,0.2165368606857967
pilot-meta-edgecore-mesa-az,2022-10-02,3,50.621531632002565,0.1847078833961348,0.963410098742824,0.1993869440665141
pilot-meta-edgecore-mesa-az,2022-10-02,4,50.95470780059621,0.1913716728426928,0.9635889683605854,0.1984878520096377
pilot-meta-edgecore-mesa-az,2022-10-18,0,32.24296613194762,0.0879581660738172,0.961504038405154,0.213658246278905
pilot-meta-edgecore-mesa-az,2022-10-18,1,35.24409019297538,0.1231487613296321,0.9599910557714508,0.2350322936245369
pilot-meta-edgecore-mesa-az,2022-10-18,2,35.8772238300758,0.1437182316007316,0.9607171448206138,0.2086725980733736
pilot-meta-edgecore-mesa-az,2022-10-18,3,35.80621465799878,0.1834785695737923,0.9634143948967392,0.1924344389910355
pilot-meta-edgecore-mesa-az,2022-10-18,4,35.82726792740893,0.1840659378788899,0.96355532724065,0.1899290782848619
pilot-meta-edgecore-mesa-az,2022-11-19,0,24.897570265383237,0.0938520471479371,0.9614835184220332,0.2216965031457909
pilot-meta-edgecore-mesa-az,2022-11-19,1,27.002015273755337,0.1223339136800385,0.9598550320298757,0.2343855357744776
pilot-meta-edgecore-mesa-az,2022-11-19,2,26.603955448125856,0.1405374576343861,0.9607138258109018,0.2041960907729536
pilot-meta-edgecore-mesa-az,2022-11-19,3,25.94654820996242,0.1807532167569121,0.9634075589855964,0.1871360878638421
pilot-meta-edgecore-mesa-az,2022-11-19,4,26.102338581480456,0.1888257403417319,0.9635904096990184,0.1867611919348631
pilot-meta-edgecore-mesa-az,2022-12-05,0,21.360799274711873,0.1148065352658406,0.9615496071983765,0.1195945830726349
pilot-meta-edgecore-mesa-az,2022-12-05,1,21.384151043407417,0.1862181332837053,0.9603690902604904,0.1144367475252154
pilot-meta-edgecore-mesa-az,2022-12-05,2,22.25303271295039,0.1958796264175769,0.9611681168314622,0.1327120545735846
pilot-meta-edgecore-mesa-az,2022-12-05,3,21.692026328020543,0.2117873189932164,0.9638430271569254,0.1745537590914902
pilot-meta-edgecore-mesa-az,2022-12-05,4,21.932133718355583,0.2246115418254536,0.9642511058595956,0.1973387278148768
pilot-meta-edgecore-mesa-az,2022-12-21,0,16.23206585652253,0.0923666903133202,0.9615170811739596,0.184491105852242
pilot-meta-edgecore-mesa-az,2022-12-21,1,17.060690831402518,0.12213449691325,0.9598550320298757,0.2123398585225688
pilot-meta-edgecore-mesa-az,2022-12-21,2,17.224544483730785,0.1395411609115924,0.9607138258109018,0.1900797928910476
pilot-meta-edgecore-mesa-az,2022-12-21,3,17.237859257924903,0.1792965656324722,0.9634027406925114,0.1735916763740308
pilot-meta-edgecore-mesa-az,2022-12-21,4,17.30303148250594,0.1949087803033973,0.9636001415280532,0.1736497579370103
pilot-meta-edgecore-mesa-az,2023-01-06,1,6.607001116527592,0.1411369344905072,0.9602294000169974,0.2307563317613878
pilot-meta-edgecore-mesa-az,2023-01-06,2,7.856544983830419,0.1767504924788945,0.9629095294755388,0.1929334448060506
pilot-meta-edgecore-mesa-az,2023-01-06,3,6.641791577557196,0.2267138877713714,0.963870216537319,0.1918937727632803
pilot-meta-edgecore-mesa-az,2023-01-06,4,2.135855986424981,0.5680326436780699,0.9715060716996052,0.2083768476326463
pilot-meta-edgecore-mesa-az,2023-01-22,0,15.67873286634818,0.1012451553624251,0.9614889049989916,0.187084273230939
pilot-meta-edgecore-mesa-az,2023-01-22,1,15.819799730793523,0.1575454196204723,0.9598550320298757,0.2131534477654268
pilot-meta-edgecore-mesa-az,2023-01-22,2,16.04863892979294,0.1620706304744487,0.9607138258109018,0.190276125272425
pilot-meta-edgecore-mesa-az,2023-01-22,3,16.10706973428925,0.1964007776597133,0.9634047922275372,0.1753651873281181
pilot-meta-edgecore-mesa-az,2023-01-22,4,16.011895650260996,0.2198165284162478,0.9636190670602895,0.1739390264817489
pilot-meta-edgecore-mesa-az,2023-02-07,0,21.934133999380652,0.1035160557132141,0.9614857872371412,0.2007095425662492
pilot-meta-edgecore-mesa-az,2023-02-07,1,22.88818356803829,0.1890379133352148,0.959854637804361,0.2225906457286532
pilot-meta-edgecore-mesa-az,2023-02-07,2,22.913020687287112,0.1773905599327231,0.960713825810902,0.1997849960245215
pilot-meta-edgecore-mesa-az,2023-02-07,3,22.759032724702653,0.1954392185853172,0.9633961113188716,0.1819815520875066
pilot-meta-edgecore-mesa-az,2023-02-07,4,22.84398987931665,0.220779112907328,0.9635849846376168,0.1823027426806466
pilot-meta-edgecore-mesa-az,2023-02-23,0,19.537423173875368,0.1104991827347785,0.9615239289904038,0.2042438929366778
pilot-meta-edgecore-mesa-az,2023-02-23,1,19.952104637089455,0.2234428295724102,0.9598550320298757,0.219792345076951
pilot-meta-edgecore-mesa-az,2023-02-23,2,20.317513114303132,0.1951473213849529,0.9607138258109018,0.2007341692892455
pilot-meta-edgecore-mesa-az,2023-02-23,3,20.69764055132479,0.206084399465573,0.9634243975923265,0.1837473748781656
pilot-meta-edgecore-mesa-az,2023-02-23,4,20.52294236500511,0.2299261855590548,0.963585855244222,0.1855961153831824
pilot-meta-edgecore-mesa-az,2023-03-27,0,31.690718913709485,0.1079592197701889,0.9614884533584668,0.2385235045233834
pilot-meta-edgecore-mesa-az,2023-03-27,1,33.00479442303024,0.2464556421490591,0.9598550320298757,0.2246272775753802
pilot-meta-edgecore-mesa-az,2023-03-27,2,33.44390099311935,0.205589880291992,0.9607138258109018,0.2122885671004104
pilot-meta-edgecore-mesa-az,2023-03-27,3,33.19386187454811,0.2132918894677104,0.9634118176211078,0.1956930943754669
pilot-meta-edgecore-mesa-az,2023-03-27,4,33.110881543787805,0.2376107788463574,0.9636249412771968,0.1929153316287429
pilot-meta-edgecore-mesa-az,2023-04-12,0,26.448130456397703,0.1168495571802071,0.9612812054234944,0.2633275286820713
pilot-meta-edgecore-mesa-az,2023-04-12,1,31.126228093902537,0.1645720593434878,0.9597289248634526,0.2504716645726405
pilot-meta-edgecore-mesa-az,2023-04-12,2,35.74501884744607,0.1553075005536967,0.9600605161567296,0.2416614396992552
pilot-meta-edgecore-mesa-az,2023-04-12,3,38.32593102164436,0.1895660621695923,0.9630784423459104,0.2136456048652348
pilot-meta-edgecore-mesa-az,2023-04-12,4,40.43966240727348,0.2027702971483404,0.963612197702957,0.207054168235363
pilot-meta-edgecore-mesa-az,2023-04-28,0,46.472139887595766,0.0946085292907694,0.9609898712545268,0.2626822224056426
pilot-meta-edgecore-mesa-az,2023-04-28,1,50.230340044632435,0.1552331665257987,0.959854637804361,0.2472932962143346
pilot-meta-edgecore-mesa-az,2023-04-28,2,50.43189349358721,0.1540317282534526,0.960713825810902,0.2323665865596586
pilot-meta-edgecore-mesa-az,2023-04-28,3,49.75150720602757,0.1845418181788412,0.9634124750969844,0.2136655434060246
pilot-meta-edgecore-mesa-az,2023-04-28,4,50.02129149380832,0.1950296137760291,0.9636229415505144,0.2115587110290406
pilot-meta-edgecore-mesa-az,2023-05-14,0,48.98308494915214,0.090869117006373,0.9614391391775609,0.2776619909625413
pilot-meta-edgecore-mesa-az,2023-05-14,1,52.20400195891535,0.1500059909362209,0.959854637804361,0.2567357778484995
pilot-meta-edgecore-mesa-az,2023-05-14,2,51.78727177735848,0.1506232245967601,0.9607138258109018,0.2370162923873202
pilot-meta-edgecore-mesa-az,2023-05-14,3,50.786935504177045,0.1808188824131897,0.963411121389914,0.2186011974133885
pilot-meta-edgecore-mesa-az,2023-05-14,4,51.16445168230205,0.1853135857462503,0.9635652635660816,0.2170942829782446
pilot-meta-edgecore-mesa-az,2023-05-30,0,49.62423780690608,0.0846275277300488,0.9614884533584668,0.2771094564201837
pilot-meta-edgecore-mesa-az,2023-05-30,1,53.57667158918516,0.1461705764325899,0.9598550320298757,0.2602892707799046
pilot-meta-edgecore-mesa-az,2023-05-30,2,53.294544660367464,0.1472615900306126,0.9607138258109016,0.2389598124346569
pilot-meta-edgecore-mesa-az,2023-05-30,3,52.281926492363496,0.1786982997110989,0.9634083355434242,0.2211266146924171
pilot-meta-edgecore-mesa-az,2023-05-30,4,52.8222338475555,0.184882169879763,0.9636020248434156,0.22075732213955
pilot-meta-edgecore-mesa-az,2023-06-15,0,50.84569126250046,0.0866568712160511,0.9614465513550876,0.2830127206889775
pilot-meta-edgecore-mesa-az,2023-06-15,1,55.07139179937144,0.1469075135675814,0.959854637804361,0.2652394389441831
pilot-meta-edgecore-mesa-az,2023-06-15,2,54.87218217734192,0.1465839992364916,0.960713825810902,0.2426813690512896
pilot-meta-edgecore-mesa-az,2023-06-15,3,53.72189329900217,0.178201791955488,0.9634060780090417,0.224038893417722
pilot-meta-edgecore-mesa-az,2023-06-15,4,54.32748048870929,0.1806286366494663,0.9635682417632788,0.2232053050103172
pilot-meta-edgecore-mesa-az,2023-07-01,0,59.18826807749684,0.0863822781083082,0.9614884533584668,0.2925201611674277
pilot-meta-edgecore-mesa-az,2023-07-01,1,61.680460058494745,0.1443755529359487,0.9598550320298757,0.2679087736225296
pilot-meta-edgecore-mesa-az,2023-07-01,2,61.25834127971965,0.1462875526840483,0.9607138258109016,0.2421424663899882
pilot-meta-edgecore-mesa-az,2023-07-01,3,60.04481458597676,0.1773381749911786,0.9634114965827903,0.2242134622355661
pilot-meta-edgecore-mesa-az,2023-07-01,4,60.69347006707828,0.178880854911039,0.9635917366007284,0.2241890295347145
pilot-meta-edgecore-mesa-az,2023-07-17,0,60.85481915812579,0.0902529396484176,0.9614465513550876,0.2819245967712305
pilot-meta-edgecore-mesa-az,2023-07-17,1,63.5863000733298,0.1479636763236752,0.9598546378043612,0.2631711060464055
pilot-meta-edgecore-mesa-az,2023-07-17,2,63.44337812098927,0.150130232241336,0.9607138258109018,0.2388960315410894
pilot-meta-edgecore-mesa-az,2023-07-17,3,62.31154825790479,0.1803999922951122,0.963411517280696,0.2202402694721235
pilot-meta-edgecore-mesa-az,2023-07-17,4,63.13163591040947,0.1775968426849238,0.96353572173083,0.2211564120982172
pilot-meta-edgecore-mesa-az,2023-08-02,0,57.66045387435379,0.0884596857886457,0.9615315380796834,0.2794681452785783
pilot-meta-edgecore-mesa-az,2023-08-02,1,60.79784624908759,0.1518746959491108,0.9598550320298757,0.2583965605039887
pilot-meta-edgecore-mesa-az,2023-08-02,2,59.617993969612016,0.1504664748753635,0.9606842013556888,0.2416449504100656
pilot-meta-edgecore-mesa-az,2023-08-02,3,57.28169342983304,0.1767954998398974,0.963212690818342,0.2289897957543575
pilot-meta-edgecore-mesa-az,2023-08-02,4,57.01915948713526,0.179472789844462,0.9635714883085936,0.2204612992276142
pilot-meta-edgecore-mesa-az,2023-08-18,2,46.89430309029226,0.1490807505666464,0.9610281718990996,0.2349069083176714
pilot-meta-edgecore-mesa-az,2023-08-18,3,51.623955448447155,0.168952856689591,0.964428517404463,0.2009824272497307
pilot-meta-edgecore-mesa-az,2023-08-18,4,52.65607003051542,0.1845264510942433,0.9664285773127308,0.2174328957056664
pilot-meta-edgecore-mesa-az,2023-09-03,0,53.5327360677702,0.0751097275795818,0.9614892752275118,0.268048079249546
pilot-meta-edgecore-mesa-az,2023-09-03,1,56.831122069824794,0.1357686201045014,0.959854637804361,0.2421486419075992
pilot-meta-edgecore-mesa-az,2023-09-03,2,57.11835339130168,0.144446216825215,0.9607138258109018,0.2242234837264083
pilot-meta-edgecore-mesa-az,2023-09-03,3,56.27700021439433,0.1820396188659663,0.963411446300678,0.2059964621950306
pilot-meta-edgecore-mesa-az,2023-09-03,4,56.98283136599926,0.1794614596752946,0.963544079620544,0.2052917482572982
pilot-meta-edgecore-mesa-az,2023-09-19,0,47.14506285785252,0.0780829865907241,0.9614884533584668,0.2687193808701425
pilot-meta-edgecore-mesa-az,2023-09-19,1,51.10230617901547,0.1285164726292041,0.9598550320298757,0.2413817021769459
pilot-meta-edgecore-mesa-az,2023-09-19,2,50.63021946741231,0.1388609782730206,0.9607138258109018,0.2248764529660218
pilot-meta-edgecore-mesa-az,2023-09-19,3,49.41586230039432,0.1727265473684067,0.9634062445295382,0.205339445387702
pilot-meta-edgecore-mesa-az,2023-09-19,4,50.05939320309069,0.1714076084358617,0.9635340926322594,0.2057258196339518
pilot-meta-edgecore-mesa-az,2023-10-05,0,41.90225269899908,0.0795569314789911,0.9614978474970624,0.2572278386680043
pilot-meta-edgecore-mesa-az,2023-10-05,1,45.88562913019324,0.1261888321811995,0.9598550320298757,0.2392484308264656
pilot-meta-edgecore-mesa-az,2023-10-05,2,45.495701920665674,0.1353916368877943,0.960713825810902,0.2217821554458988
pilot-meta-edgecore-mesa-az,2023-10-05,3,44.47504673816362,0.1684722063946126,0.9634043362826512,0.2021727171055656
pilot-meta-edgecore-mesa-az,2023-10-05,4,45.21430076391412,0.1627068236056457,0.9634987718201892,0.2030422188218576
pilot-meta-edgecore-mesa-az,2023-10-21,0,42.47262586375668,0.0834481528323698,0.9614457285147548,0.255433429163049
pilot-meta-edgecore-mesa-az,2023-10-21,1,45.130384425122536,0.1278092206324279,0.959854637804361,0.2365701253264733
pilot-meta-edgecore-mesa-az,2023-10-21,2,44.35930223632393,0.1391906601102669,0.960713825810902,0.2155158155741558
pilot-meta-edgecore-mesa-az,2023-10-21,3,43.284010514627305,0.176485348189856,0.963409566547012,0.1957793418022436
pilot-meta-edgecore-mesa-az,2023-10-21,4,43.89241496331477,0.1726009297348227,0.963543284879298,0.1964657378563429
pilot-meta-edgecore-mesa-az,2023-11-06,0,35.68505578523645,0.0829650380693664,0.9615236817140548,0.2408656631458387
pilot-meta-edgecore-mesa-az,2023-11-06,1,38.252338256424565,0.1274516520341889,0.959854657759898,0.2301595447374843
pilot-meta-edgecore-mesa-az,2023-11-06,2,37.65920751050521,0.1408328132215876,0.960713825810902,0.2110713183696364
pilot-meta-edgecore-mesa-az,2023-11-06,3,36.726721482561494,0.1789453155777077,0.9634017343438182,0.1911797881390108
pilot-meta-edgecore-mesa-az,2023-11-06,4,37.22846457915522,0.1747881695595555,0.9635156733647848,0.1927480411136568
pilot-meta-edgecore-mesa-az,2023-11-22,0,23.60204380411416,0.0775298687143564,0.9614727788627164,0.2117335364614356
pilot-meta-edgecore-mesa-az,2023-11-22,1,25.660390271034657,0.123645801760485,0.9598546577598984,0.2024210656667667
pilot-meta-edgecore-mesa-az,2023-11-22,2,25.44530289821964,0.1390924349804095,0.9607135852151346,0.1935649755568567
pilot-meta-edgecore-mesa-az,2023-11-22,3,25.05303842840091,0.1781971877620232,0.9634041995775016,0.1803140795651009
pilot-meta-edgecore-mesa-az,2023-11-22,4,25.70047304650716,0.1746012207822013,0.9635314058874432,0.1826829856194266
pilot-meta-edgecore-mesa-az,2023-12-08,0,22.634282897200386,0.0762261559273763,0.9615083807757232,0.226508051189155
pilot-meta-edgecore-mesa-az,2023-12-08,1,24.57141676916028,0.1232075875507332,0.9598550350893452,0.2105118997000291
pilot-meta-edgecore-mesa-az,2023-12-08,2,24.32797447752698,0.1386919847896567,0.9607138258109018,0.1978514902974557
pilot-meta-edgecore-mesa-az,2023-12-08,3,23.864349398293,0.1796397810472835,0.9634059826882864,0.1789837910281076
pilot-meta-edgecore-mesa-az,2023-12-08,4,24.181882654591966,0.1755515660275782,0.9635469448842212,0.1799801886076124
pilot-meta-edgecore-mesa-az,2023-12-24,0,7.468835480000034,0.1394756101923846,0.9586,0.130445935
pilot-meta-edgecore-mesa-az,2023-12-24,1,11.238464702540782,0.1814660099623513,0.9599193557639272,0.175823738207722
pilot-meta-edgecore-mesa-az,2023-12-24,2,10.992628788105907,0.1794808751072568,0.9613648619785772,0.1954597810887187
pilot-meta-edgecore-mesa-az,2023-12-24,3,11.874800611518944,0.3128964896869056,0.9631118556080488,0.1135020539764927
pilot-meta-edgecore-mesa-az,2023-12-24,4,11.274937170272816,0.212782113148657,0.962606879192804,0.1766973146659129
pilot-meta-edgecore-mesa-az,2024-01-09,0,12.083121025028236,0.0831944239298056,0.961564261583231,0.2011803850186203
pilot-meta-edgecore-mesa-az,2024-01-09,1,13.157534663918026,0.1463592934570245,0.9598550320298757,0.1897513096611437
pilot-meta-edgecore-mesa-az,2024-01-09,2,13.262715489264608,0.1494386757378895,0.960713825810902,0.1830751704859901
pilot-meta-edgecore-mesa-az,2024-01-09,3,13.4393006913539,0.1775221573372731,0.9634028076433374,0.1678813753201887
pilot-meta-edgecore-mesa-az,2024-01-09,4,13.689135983392053,0.1804032212895678,0.9635421466336604,0.1660682304558773
pilot-meta-edgecore-mesa-az,2024-01-25,0,15.96455897029737,0.1300050299110363,0.9615545853319084,0.1352195203217888
pilot-meta-edgecore-mesa-az,2024-01-25,1,16.056711608966506,0.1734092925920226,0.9598651401397368,0.1297969536815481
pilot-meta-edgecore-mesa-az,2024-01-25,2,15.230132614003924,0.1678948262420128,0.9609699983333376,0.1465255147691464
pilot-meta-edgecore-mesa-az,2024-01-25,3,15.92486367018853,0.1896473407242191,0.9643106553831552,0.143749185750562
pilot-meta-edgecore-mesa-az,2024-01-25,4,16.312826597824937,0.2059153024670617,0.9635338431184182,0.152657590108036
pilot-meta-edgecore-mesa-az,2024-03-13,0,33.50096708550744,0.0899414945046683,0.9614662923761677,0.2376147110005529
pilot-meta-edgecore-mesa-az,2024-03-13,1,34.60666159576707,0.2094706557404189,0.959854637804361,0.2113679644680499
pilot-meta-edgecore-mesa-az,2024-03-13,2,34.38313299751537,0.1962598728819147,0.9607138258109016,0.2021719310640298
pilot-meta-edgecore-mesa-az,2024-03-13,3,33.925396242880595,0.2086253025295602,0.9634118553464904,0.1879936997247098
pilot-meta-edgecore-mesa-az,2024-03-13,4,34.291957964972156,0.2165784366127862,0.9635368979371344,0.1869367772156442
pilot-meta-edgecore-mesa-az,2024-03-29,0,37.19216480723927,0.0880962251568154,0.9614465513550876,0.2443317070558321
pilot-meta-edgecore-mesa-az,2024-03-29,1,38.21837670991614,0.1867681067062088,0.9598546378043612,0.2150522733067542
pilot-meta-edgecore-mesa-az,2024-03-29,2,38.155562594962795,0.1796265282701959,0.9607138258109018,0.2070612123397926
pilot-meta-edgecore-mesa-az,2024-03-29,3,37.83677434510949,0.2034149572473894,0.9634130983247262,0.1928923652877888
pilot-meta-edgecore-mesa-az,2024-03-29,4,38.13899920355059,0.2053822503233378,0.9635319269351522,0.1920519160534026
pilot-meta-edgecore-mesa-az,2024-04-14,0,42.34428479073572,0.0857358253311718,0.9614897613261848,0.2555787396718465
pilot-meta-edgecore-mesa-az,2024-04-14,1,43.68189234393974,0.1623531824616937,0.959854637804361,0.226959407830143
pilot-meta-edgecore-mesa-az,2024-04-14,2,43.071725370482746,0.1637256048814748,0.9607138258109016,0.2155411588886956
pilot-meta-edgecore-mesa-az,2024-04-14,3,42.547273945071446,0.1913809918125191,0.9634077607073864,0.2004654057532158
pilot-meta-edgecore-mesa-az,2024-04-14,4,43.206857132756824,0.1914397399675887,0.9635202076039612,0.199485925400154
pilot-meta-edgecore-mesa-az,2024-04-30,0,48.68123803239272,0.0716292525129128,0.9614465513550876,0.2676108620100169
pilot-meta-edgecore-mesa-az,2024-04-30,1,50.16128904644495,0.1337119581553061,0.9598546378043612,0.2382615061959324
pilot-meta-edgecore-mesa-az,2024-04-30,2,49.61942865163854,0.1440899775518069,0.960713825810902,0.2257118024477666
pilot-meta-edgecore-mesa-az,2024-04-30,3,48.632624339646355,0.1731428131058391,0.9633988523977288,0.2091644279758704
pilot-meta-edgecore-mesa-az,2024-04-30,4,49.165666695361665,0.170027949529211,0.9635008582174036,0.2093019164057676
pilot-meta-edgecore-mesa-az,2024-05-16,0,50.691170915424465,0.0813316824944267,0.9614465513550876,0.2744058084507397
pilot-meta-edgecore-mesa-az,2024-05-16,1,52.90754864970361,0.138448908509801,0.959854637804361,0.2425032648875388
pilot-meta-edgecore-mesa-az,2024-05-16,2,52.72777108162526,0.1509019518000008,0.960713825810902,0.2313764064224773
pilot-meta-edgecore-mesa-az,2024-05-16,3,51.67755010575357,0.1796234291517163,0.9633977531043556,0.2143527955532846
pilot-meta-edgecore-mesa-az,2024-05-16,4,52.40542197402837,0.1753321425960356,0.9635002744624364,0.2151527592364273
pilot-meta-edgecore-mesa-az,2024-06-01,0,55.32511754542515,0.0859501682702263,0.9614465513550876,0.28136869603136
pilot-meta-edgecore-mesa-az,2024-06-01,1,57.23108052099906,0.136742345570504,0.959854637804361,0.2516021141510792
pilot-meta-edgecore-mesa-az,2024-06-01,2,56.80821613307615,0.1449772610179519,0.9607138258109018,0.2367700646115651
pilot-meta-edgecore-mesa-az,2024-06-01,3,55.75908077153673,0.1740642035000913,0.9634057214669168,0.218125961656843
pilot-meta-edgecore-mesa-az,2024-06-01,4,56.48705681061964,0.1674941243120788,0.9635095612833472,0.2192914518539637
pilot-meta-edgecore-mesa-az,2024-06-17,0,53.97372852161465,0.0816697240133089,0.9614465513550876,0.2817485173994669
pilot-meta-edgecore-mesa-az,2024-06-17,1,56.14886466883909,0.1348536841989935,0.959854637804361,0.2541504238801348
pilot-meta-edgecore-mesa-az,2024-06-17,2,55.81665455109444,0.1443603709512517,0.9607138258109018,0.2376739518261631
pilot-meta-edgecore-mesa-az,2024-06-17,3,54.87996343588027,0.1748612247698138,0.9634005216838306,0.218567785396299
pilot-meta-edgecore-mesa-az,2024-06-17,4,55.498764306486976,0.1657177599099552,0.963483093471878,0.2202581767837584
pilot-meta-edgecore-mesa-az,2024-07-03,0,59.22146833582177,0.0818647794580764,0.9614465513550876,0.2743297374507581
pilot-meta-edgecore-mesa-az,2024-07-03,1,61.85635856631179,0.1394265561857094,0.959854637804361,0.2443072267334385
pilot-meta-edgecore-mesa-az,2024-07-03,2,61.08295253199228,0.1504598436648275,0.960713825810902,0.2303322268813274
pilot-meta-edgecore-mesa-az,2024-07-03,3,59.71947934235351,0.1832419678306241,0.963407445243705,0.2132340111302833
pilot-meta-edgecore-mesa-az,2024-07-03,4,60.55735730734756,0.1733697156282149,0.9635047721640588,0.2153895492333769
pilot-meta-edgecore-mesa-az,2024-07-19,0,58.87397267123912,0.0907941643439483,0.9614465513550876,0.266227159709353
pilot-meta-edgecore-mesa-az,2024-07-19,1,60.397081525826614,0.1396874502296891,0.9598546378043612,0.2408547124035307
pilot-meta-edgecore-mesa-az,2024-07-19,2,59.92665582424202,0.1507211640333327,0.960713825810902,0.2271642915688149
pilot-meta-edgecore-mesa-az,2024-07-19,3,58.78048195489552,0.1817038107284959,0.9634072996960314,0.2103826498697029
pilot-meta-edgecore-mesa-az,2024-07-19,4,59.63473834430695,0.1732121630993689,0.96351089620286,0.2132503651718557
pilot-meta-edgecore-mesa-az,2024-08-04,0,62.58121906395971,0.083432462197452,0.9614465513550876,0.2707982129741003
pilot-meta-edgecore-mesa-az,2024-08-04,1,63.97237885515109,0.1345998382679709,0.959854637804361,0.2390204264707291
pilot-meta-edgecore-mesa-az,2024-08-04,2,62.75545813328245,0.1486422444577342,0.9607138258109018,0.2268581051150039
pilot-meta-edgecore-mesa-az,2024-08-04,3,60.99180704922601,0.1829670106345877,0.963414857931989,0.2156706480122633
pilot-meta-edgecore-mesa-az,2024-08-04,4,61.35582830384314,0.1719439073487209,0.9636214561643064,0.2195808691781187
pilot-meta-edgecore-mesa-az,2024-08-20,0,52.834693402043655,0.0851624811054918,0.9614465513550876,0.2848444200270634
pilot-meta-edgecore-mesa-az,2024-08-20,1,53.58753408123522,0.1300243783827493,0.959854637804361,0.2311197631303359
pilot-meta-edgecore-mesa-az,2024-08-20,2,51.13694573697771,0.144201396850117,0.960636152773248,0.2141889751172809
pilot-meta-edgecore-mesa-az,2024-08-20,3,52.12570982884692,0.1814860430493805,0.9634771510282756,0.2055458874746943
pilot-meta-edgecore-mesa-az,2024-08-20,4,53.91144093759256,0.173463573388942,0.9635444276601426,0.2114061889923293
pilot-meta-edgecore-mesa-az,2024-09-05,0,57.08772583928188,0.0811816063929242,0.9614465513550876,0.2541750059643111
pilot-meta-edgecore-mesa-az,2024-09-05,1,58.188194760543944,0.1286839751458278,0.959854637804361,0.237015901535411
pilot-meta-edgecore-mesa-az,2024-09-05,2,57.883038123691506,0.1418176204060227,0.9607138258109018,0.2221531279760604
pilot-meta-edgecore-mesa-az,2024-09-05,3,56.61021203325448,0.1766836191099868,0.963410085744539,0.2039781412812305
pilot-meta-edgecore-mesa-az,2024-09-05,4,57.27746036922408,0.169053951536402,0.963507406262256,0.2074188411218003
pilot-meta-edgecore-mesa-az,2024-09-21,0,45.16479124787399,0.0822299252033111,0.9614465513550876,0.2545696403188998
pilot-meta-edgecore-mesa-az,2024-09-21,1,45.9890602749755,0.1303152126980921,0.959854637804361,0.2348950245405877
pilot-meta-edgecore-mesa-az,2024-09-21,2,45.15094493131517,0.1407723689306111,0.9607138258109016,0.2190601599650644
pilot-meta-edgecore-mesa-az,2024-09-21,3,44.1433031626289,0.1737590064338795,0.9633994325738268,0.2006338529086999
pilot-meta-edgecore-mesa-az,2024-09-21,4,44.73856860648817,0.1683319043162688,0.9634900443889972,0.2044031353827387
pilot-meta-edgecore-mesa-az,2024-10-07,0,50.0125019747367,0.0772453891935817,0.9614465513550876,0.2534386379476978
pilot-meta-edgecore-mesa-az,2024-10-07,1,50.952703092215394,0.1230006932796375,0.959854637804361,0.2319140416850485
pilot-meta-edgecore-mesa-az,2024-10-07,2,50.67007089597509,0.1374666098909707,0.9607138258109018,0.2159854908040948
pilot-meta-edgecore-mesa-az,2024-10-07,3,49.758397449615934,0.1685261427196891,0.963404122222528,0.1970427634586958
pilot-meta-edgecore-mesa-az,2024-10-07,4,50.415328409139136,0.1595241357754029,0.9634809299329884,0.201858873296495
pilot-meta-edgecore-mesa-az,2024-10-23,0,37.783124850741224,0.0770493207892542,0.9614465513550876,0.2512920700920166
pilot-meta-edgecore-mesa-az,2024-10-23,1,38.2700914481801,0.1248605963106248,0.9598544517433674,0.2242346381056273
pilot-meta-edgecore-mesa-az,2024-10-23,2,38.45392830265971,0.141076461977403,0.9607135548506384,0.2093024804034723
pilot-meta-edgecore-mesa-az,2024-10-23,3,38.08643354795438,0.1754434362549737,0.9634109027322764,0.1899499964627225
pilot-meta-edgecore-mesa-az,2024-10-23,4,38.688674619768825,0.1684020837379048,0.9635132879009164,0.1936222505546838
pilot-meta-edgecore-mesa-az,2024-11-08,0,26.962707689639448,0.078463957701968,0.9614465513550876,0.2439264642653673
pilot-meta-edgecore-mesa-az,2024-11-08,1,27.861336985976266,0.1224026657283058,0.9598546378043612,0.2178919034324981
pilot-meta-edgecore-mesa-az,2024-11-08,2,27.469668538502617,0.1408930843387899,0.960713825810902,0.2044821776214152
pilot-meta-edgecore-mesa-az,2024-11-08,3,26.882693467862495,0.1766014985426017,0.9634100055470536,0.1845805683548863
pilot-meta-edgecore-mesa-az,2024-11-08,4,27.319868619458216,0.1696226959448778,0.9635135289171384,0.1885360452196916
pilot-meta-edgecore-mesa-az,2024-11-24,0,16.339349089424964,0.0832097412829387,0.9614465513550876,0.2625413178255344
pilot-meta-edgecore-mesa-az,2024-11-24,1,16.50702473600968,0.1153440833179659,0.9598500056308548,0.233791710421538
pilot-meta-edgecore-mesa-az,2024-11-24,2,16.446531991467033,0.1332020833631614,0.960747735015062,0.2193495895368602
pilot-meta-edgecore-mesa-az,2024-11-24,3,16.890473105528198,0.1629044582528556,0.963360095088134,0.2043385738672804
pilot-meta-edgecore-mesa-az,2024-11-24,4,17.78253001949953,0.1586261486117685,0.9634868577525956,0.2007450367673708
pilot-meta-edgecore-mesa-az,2024-12-10,0,19.96047415491754,0.0767883330141627,0.9614465513550876,0.2478376667138503
pilot-meta-edgecore-mesa-az,2024-12-10,1,20.812059551576393,0.1179260765332918,0.9598546378043612,0.2110987776848483
pilot-meta-edgecore-mesa-az,2024-12-10,2,20.79484065257667,0.1378030661041604,0.9607138258109018,0.1968411897013874
pilot-meta-edgecore-mesa-az,2024-12-10,3,20.550867499517363,0.1716556191282145,0.9634036840202654,0.1786732129668416
pilot-meta-edgecore-mesa-az,2024-12-10,4,20.907454413052836,0.1672511809464319,0.9635085155136576,0.1830224395875413
pilot-meta-edgecore-mesa-az,2024-12-26,0,13.476281222543427,0.082087455468312,0.9614465513550876,0.2328639777066911
pilot-meta-edgecore-mesa-az,2024-12-26,1,14.473198843451804,0.1155465015628736,0.9598546378043612,0.2010223616331825
pilot-meta-edgecore-mesa-az,2024-12-26,2,13.697600616198354,0.131037776928965,0.9607138258109018,0.1842901837464234
pilot-meta-edgecore-mesa-az,2024-12-26,3,12.636677155244517,0.15881289163,0.963647098204047,0.1645822722780226
pilot-meta-edgecore-mesa-az,2024-12-26,4,12.237099541722293,0.1648981752930542,0.9640169227292352,0.165607407355231
pilot-meta-edgecore-mesa-az,2025-01-11,0,17.682929665621856,0.0720147103232507,0.9614465513550876,0.2539635962506207
pilot-meta-edgecore-mesa-az,2025-01-11,1,18.94295706259308,0.1116632054843158,0.9598507754912268,0.2164567970836137
pilot-meta-edgecore-mesa-az,2025-01-11,2,18.62644261987579,0.1287056190928275,0.9607137079581196,0.1988041244095692
pilot-meta-edgecore-mesa-az,2025-01-11,3,18.201520167552893,0.1593452534389859,0.9633911602418216,0.1801073565798856
pilot-meta-edgecore-mesa-az,2025-01-11,4,18.592611023963055,0.1562092613123998,0.9634832648189304,0.1846532926174399
pilot-meta-edgecore-mesa-az,2025-01-27,3,16.4435181566789,0.1463004706805336,0.9597888662484542,0.1435192311670635
pilot-meta-edgecore-mesa-az,2025-01-27,4,18.230860085498257,0.1360685878557098,0.9622610405659204,0.2137359906607066
pilot-meta-edgecore-mesa-az,2025-02-28,0,32.81365273214766,0.0687121433725334,0.9614465513550876,0.2739732469069902
pilot-meta-edgecore-mesa-az,2025-02-28,1,34.75438279991196,0.1051482948851509,0.959854637804361,0.225594883409618
pilot-meta-edgecore-mesa-az,2025-02-28,2,34.43621278426094,0.118230065955529,0.9607138258109018,0.2092628109303975
pilot-meta-edgecore-mesa-az,2025-02-28,3,33.62432444748074,0.142923050815809,0.9633967450887464,0.1923077410575853
pilot-meta-edgecore-mesa-az,2025-02-28,4,34.1602077389148,0.1419636510741887,0.963501845416062,0.1970119008617533
pilot-meta-edgecore-mesa-az,2025-03-16,0,19.091770733554075,0.0753134418694893,0.9614465513550876,0.2741139663408161
pilot-meta-edgecore-mesa-az,2025-03-16,1,19.873141339393424,0.1046861409787199,0.9598546378043612,0.2258512007881019
pilot-meta-edgecore-mesa-az,2025-03-16,2,20.4960586232959,0.1182094663808233,0.960713825810902,0.2132855291992264
pilot-meta-edgecore-mesa-az,2025-03-16,3,20.389244139834616,0.1436033070036157,0.963394771778006,0.2003090683258641
pilot-meta-edgecore-mesa-az,2025-03-16,4,19.75878524047777,0.1422764066142396,0.9634863322933296,0.2015281469304
pilot-meta-edgecore-mesa-az,2025-04-01,0,24.465699321365708,0.0804922823132261,0.9614465513550876,0.2889978878416088
pilot-meta-edgecore-mesa-az,2025-04-01,1,24.64187008739196,0.1092971674883822,0.959854637804361,0.2464929327061183
pilot-meta-edgecore-mesa-az,2025-04-01,2,23.859181300458648,0.1219363608649969,0.960713825810902,0.2333259019681534
pilot-meta-edgecore-mesa-az,2025-04-01,3,23.43069518455323,0.1509227789805264,0.9633996523579892,0.2156211174061645
pilot-meta-edgecore-mesa-az,2025-04-01,4,23.64493736419215,0.1475493557840881,0.9635023827784868,0.2177270422643618
pilot-meta-edgecore-mesa-az,2025-04-17,0,40.69043224392683,0.0718569055210758,0.9614465513550876,0.30249083167483
pilot-meta-edgecore-mesa-az,2025-04-17,1,42.92230967048112,0.1119021084295203,0.959854637804361,0.2482238468100145
pilot-meta-edgecore-mesa-az,2025-04-17,2,42.79648464438414,0.1288995800021698,0.9607138258109018,0.2302678264265577
pilot-meta-edgecore-mesa-az,2025-04-17,3,42.03392968293781,0.1632360597885883,0.963404103070066,0.2104008728873104
pilot-meta-edgecore-mesa-az,2025-04-17,4,42.571991010541296,0.1583549715386259,0.9635127292707788,0.2142176119071823
pilot-meta-edgecore-mesa-az,2025-05-03,0,47.490903955369006,0.0704402597054456,0.9614465513550876,0.3061035535829701
pilot-meta-edgecore-mesa-az,2025-05-03,1,49.571665674127935,0.1116908941428287,0.9598546378043612,0.2541909208937663
pilot-meta-edgecore-mesa-az,2025-05-03,2,49.07487246619263,0.1282176041078869,0.9607138258109018,0.2342982882453683
pilot-meta-edgecore-mesa-az,2025-05-03,3,48.27696500266149,0.1597255714682262,0.9634029529150384,0.2144657388968852
pilot-meta-edgecore-mesa-az,2025-05-03,4,48.8196772922151,0.1542798656902474,0.9635110986389868,0.2180710325880381
pilot-meta-edgecore-mesa-az,2025-05-19,0,47.903679507225384,0.0693960596943554,0.9614465513550876,0.3091642965014188
pilot-meta-edgecore-mesa-az,2025-05-19,1,49.599173569717706,0.1136119980741501,0.959854637804361,0.2568607239113142
pilot-meta-edgecore-mesa-az,2025-05-19,2,49.5039786906184,0.12931063900426,0.9607138258109018,0.237985390095624
pilot-meta-edgecore-mesa-az,2025-05-19,3,48.76311966468147,0.1590249988521009,0.9634058937976804,0.2186185796906631
pilot-meta-edgecore-mesa-az,2025-05-19,4,49.6356856664034,0.1519382752294181,0.9635072198260216,0.223249591878574
pilot-meta-edgecore-mesa-az,2025-06-04,0,46.238584757562094,0.0854538947184981,0.9614465513550876,0.3007632824273955
pilot-meta-edgecore-mesa-az,2025-06-04,1,46.95387961863764,0.1289764717238271,0.9598546378043612,0.2489901229217848
pilot-meta-edgecore-mesa-az,2025-06-04,2,47.92802266852551,0.1430406852814434,0.9607138258109018,0.2319678096875325
pilot-meta-edgecore-mesa-az,2025-06-04,3,48.22379334552695,0.1710908924868857,0.9634087081609228,0.2114348751153195
pilot-meta-edgecore-mesa-az,2025-06-04,4,48.85011919861079,0.1599873116824226,0.9634835192429984,0.2208910071926504
pilot-meta-edgecore-mesa-az,2025-06-20,0,55.897917340875736,0.068238868943586,0.9614465513550876,0.3148365264094589
pilot-meta-edgecore-mesa-az,2025-06-20,1,57.87369707235393,0.1132413326733195,0.959854637804361,0.2624090795479234
pilot-meta-edgecore-mesa-az,2025-06-20,2,57.59199143027251,0.1296589717988085,0.9607138258109018,0.2411675636713781
pilot-meta-edgecore-mesa-az,2025-06-20,3,56.554722275900296,0.1594629683745894,0.9634036409272256,0.2205478642651999
pilot-meta-edgecore-mesa-az,2025-06-20,4,57.21336634549208,0.1487026530937114,0.963498111584256,0.2248834774346393
pilot-meta-edgecore-mesa-az,2025-07-06,0,58.51113231831495,0.0685450447578032,0.9614465513550876,0.3134527098731893
pilot-meta-edgecore-mesa-az,2025-07-06,1,60.7766225116329,0.1145648073997396,0.959854637804361,0.2570772734950473
pilot-meta-edgecore-mesa-az,2025-07-06,2,60.182459587391165,0.1318405966624682,0.9607138258109018,0.2374224992274437
pilot-meta-edgecore-mesa-az,2025-07-06,3,59.177131046990034,0.1639606967003535,0.9634049376510232,0.2167834901931763
pilot-meta-edgecore-mesa-az,2025-07-06,4,59.99342036354196,0.1530114753697596,0.9634973800802912,0.2218451472105674
pilot-meta-edgecore-mesa-az,2025-07-22,0,54.67497696664866,0.0716989901542152,0.9614465513550876,0.3221897643390765
pilot-meta-edgecore-mesa-az,2025-07-22,1,56.260243166715114,0.1191665551578925,0.9598546378043612,0.2675997601233797
pilot-meta-edgecore-mesa-az,2025-07-22,2,54.40333608556529,0.1313322791805763,0.960813055074914,0.2523316301478689
pilot-meta-edgecore-mesa-az,2025-07-22,3,53.27780294070292,0.166869420501542,0.9633901193799436,0.2240454338091724
pilot-meta-edgecore-mesa-az,2025-07-22,4,52.814045066169385,0.1566965737751515,0.9635988395835045,0.2308491196212468
pilot-meta-edgecore-mesa-az,2025-08-07,0,62.30929011359145,0.071805289510096,0.9614465513550876,0.3026188561441097
pilot-meta-edgecore-mesa-az,2025-08-07,1,64.47460257504953,0.1160524202578505,0.9598546378043612,0.2516255858867419
pilot-meta-edgecore-mesa-az,2025-08-07,2,63.85279327942565,0.1317491367755899,0.9607138258109018,0.2321050793018785
pilot-meta-edgecore-mesa-az,2025-08-07,3,62.607739835315705,0.1630108667881957,0.9634046966998028,0.2111795302308751
pilot-meta-edgecore-mesa-az,2025-08-07,4,63.387184464365525,0.1546103239572741,0.9635077066977172,0.2172977468666456
pilot-meta-edgecore-mesa-az,2025-08-23,0,55.184787027146584,0.0754178330230738,0.9614465513550876,0.304082351056818
pilot-meta-edgecore-mesa-az,2025-08-23,1,55.290994125999646,0.12227326954128,0.9598546378043612,0.2454196496371894
pilot-meta-edgecore-mesa-az,2025-08-23,2,56.0037333291963,0.137654961481477,0.9607138258109018,0.2258023475264782
pilot-meta-edgecore-mesa-az,2025-08-23,3,55.95218867357249,0.1721433333518889,0.9634409602310584,0.2065288797510766
pilot-meta-edgecore-mesa-az,2025-08-23,4,56.41744037956639,0.1614827051465677,0.9635220979924806,0.2119536472447789
pilot-meta-edgecore-mesa-az,2025-09-08,0,51.554936397720816,0.0727612417681207,0.9614465513550876,0.2960267461364361
pilot-meta-edgecore-mesa-az,2025-09-08,1,53.417179250488466,0.1181375834756717,0.9598546378043612,0.2418621794160924
pilot-meta-edgecore-mesa-az,2025-09-08,2,53.101766873990925,0.1381938010942418,0.960713825810902,0.2225354420059129
pilot-meta-edgecore-mesa-az,2025-09-08,3,52.10924801405256,0.1753391448664532,0.9634011862107938,0.2023839385544983
pilot-meta-edgecore-mesa-az,2025-09-08,4,52.776285458305615,0.166258327726056,0.9634903811277834,0.2076279063113466
pilot-meta-edgecore-mesa-az,2025-09-24,0,52.9270954124318,0.0732512840204565,0.9614465513550876,0.294334465501175
pilot-meta-edgecore-mesa-az,2025-09-24,1,54.83641502929681,0.1171337039349509,0.959854637804361,0.2440379188278016
pilot-meta-edgecore-mesa-az,2025-09-24,2,54.600343069047184,0.1352828802605568,0.9607138258109018,0.2223840650780053
pilot-meta-edgecore-mesa-az,2025-09-24,3,53.68209861071775,0.169718927632948,0.963404298651477,0.2003874837952395
pilot-meta-edgecore-mesa-az,2025-09-24,4,54.40232239258183,0.1619676011080176,0.9635038001349404,0.2056633968445635
pilot-meta-edgecore-mesa-az,2025-10-10,0,6.883706382424636,0.1157963028063529,0.9607596314907876,0.315834780984087
pilot-meta-edgecore-mesa-az,2025-10-10,1,9.818290649984569,0.139998903711263,0.958288747451029,0.2602193416945251
pilot-meta-edgecore-mesa-az,2025-10-10,2,5.892185703829341,0.1658870622750493,0.9603344745286274,0.2384720072113421
pilot-meta-edgecore-mesa-az,2025-10-10,3,18.824475283038648,0.1760960064496428,0.9624852037699982,0.2514109442625823
pilot-meta-edgecore-mesa-az,2025-10-10,4,27.507126184962395,0.1679712278181843,0.962657173529798,0.2618262049589942
pilot-meta-edgecore-mesa-az,2025-10-26,0,35.993278247334544,0.0743195644093559,0.9614465513550876,0.2894608844806204
pilot-meta-edgecore-mesa-az,2025-10-26,1,37.2662221950478,0.1320473726134237,0.9598546378043612,0.2337988995816763
pilot-meta-edgecore-mesa-az,2025-10-26,2,37.27160953878431,0.1502081349025883,0.9607138258109018,0.210203529549728
pilot-meta-edgecore-mesa-az,2025-10-26,3,36.77106244443999,0.1897902071608584,0.9634120606421188,0.1863803875480781
pilot-meta-edgecore-mesa-az,2025-10-26,4,36.931549382244505,0.1913883014804105,0.963514573706146,0.1917387937087377
pilot-meta-edgecore-mesa-az,2025-11-11,0,30.929415328490197,0.0728243018712371,0.9614465513550876,0.2821001291536307
pilot-meta-edgecore-mesa-az,2025-11-11,1,32.036877448154534,0.1430301001783142,0.959854637804361,0.2267094219231093
pilot-meta-edgecore-mesa-az,2025-11-11,2,32.01683479196045,0.1636961822911863,0.9607138258109018,0.205523986807009
pilot-meta-edgecore-mesa-az,2025-11-11,3,31.575027054943053,0.1993666681667615,0.9634139044253648,0.1831315733873132
pilot-meta-edgecore-mesa-az,2025-11-11,4,31.90330557675155,0.2052938071887932,0.9635189290247108,0.1888106413002255
pilot-meta-edgecore-mesa-az,2025-12-13,0,22.242709111154365,0.0998046114311621,0.9614465513550876,0.2709007044264763
pilot-meta-edgecore-mesa-az,2025-12-13,1,22.852351214348868,0.2254029488581362,0.959854637804361,0.2108636504352761
pilot-meta-edgecore-mesa-az,2025-12-13,2,23.02431071881916,0.2264769949928538,0.9607138258109016,0.1909295175072
pilot-meta-edgecore-mesa-az,2025-12-13,3,23.015424215241705,0.2407874135550767,0.9634138608041368,0.170596532660638
pilot-meta-edgecore-mesa-az,2025-12-13,4,23.08503386536816,0.2573732419236881,0.9635210597118508,0.1755728184513516
pilot-meta-edgecore-mesa-az,2025-12-29,0,21.350637334964567,0.1100966865457501,0.9614465513550876,0.2703293040387143
pilot-meta-edgecore-mesa-az,2025-12-29,1,22.52104256584253,0.2185833411817948,0.959854637804361,0.210336405223211
pilot-meta-edgecore-mesa-az,2025-12-29,2,22.449901184973477,0.2236451706474387,0.9607138258109018,0.1921751173063076
pilot-meta-edgecore-mesa-az,2025-12-29,3,22.08578145111811,0.2363441092779793,0.9634123356758912,0.173131812785887
pilot-meta-edgecore-mesa-az,2025-12-29,4,21.865368915448855,0.2508374577205887,0.9635148108012966,0.1788674825268819
pilot-meta-edgecore-mesa-az,2026-01-14,0,13.559226490831012,0.1505585160966489,0.9592947577513582,0.2380316329075066
pilot-meta-edgecore-mesa-az,2026-01-14,1,14.359709462883368,0.2436423777605779,0.9598575509649336,0.2425684532924708
pilot-meta-edgecore-mesa-az,2026-01-14,2,16.197549365689383,0.235096447276832,0.9601562410720496,0.2088102188522759
pilot-meta-edgecore-mesa-az,2026-01-14,3,17.618795388596,0.2379772378346819,0.9624042591248442,0.1982939960027765
pilot-meta-edgecore-mesa-az,2026-01-14,4,18.789622081278033,0.2473106221658527,0.9631485548924476,0.1991040331871059
pilot-meta-edgecore-mesa-az,2026-01-30,0,22.86049402480076,0.1066351247913355,0.9614465513550876,0.2646090846002348
pilot-meta-edgecore-mesa-az,2026-01-30,1,24.13105963255112,0.1964905294551881,0.9598546378043612,0.21053434892569
pilot-meta-edgecore-mesa-az,2026-01-30,2,24.02568616559839,0.2009078353860125,0.9607166997056088,0.1903571471684363
pilot-meta-edgecore-mesa-az,2026-01-30,3,23.833812179012515,0.2122458658893418,0.963398727780467,0.1725892470716832
pilot-meta-edgecore-mesa-az,2026-01-30,4,24.127033596797844,0.2226624620432183,0.9634879515374416,0.1766413466596147
pilot-meta-edgecore-mesa-az,2026-02-15,3,18.60626596078503,0.2293248804422031,0.9625843949707612,0.2022473550574092
pilot-meta-edgecore-mesa-az,2026-02-15,4,20.772170102974503,0.1902941450384516,0.962282464583559,0.2096743577784569
pilot-meta-edgecore-mesa-az,2026-03-03,0,36.17400520452861,0.0854989308156659,0.9614465513550876,0.2803705514293035
pilot-meta-edgecore-mesa-az,2026-03-03,1,37.71898895145076,0.147665288449129,0.959854637804361,0.2246338165435894
pilot-meta-edgecore-mesa-az,2026-03-03,2,37.43849852608018,0.1589275274682004,0.9607166997056088,0.2050255219006454
pilot-meta-edgecore-mesa-az,2026-03-03,3,36.87000405842704,0.1836389696974843,0.9634019169710556,0.1847375080739432
pilot-meta-edgecore-mesa-az,2026-03-03,4,37.20394305132277,0.1851821253915289,0.963505902567102,0.1892593866188961
pilot-meta-edgecore-mesa-az,2026-03-19,0,44.069707103166685,0.0761270417934231,0.9614465513550876,0.2900312474042939
pilot-meta-edgecore-mesa-az,2026-03-19,1,46.028970141396854,0.1329665506708595,0.9598546378043612,0.2309899870069449
pilot-meta-edgecore-mesa-az,2026-03-19,2,45.67255028745012,0.1484706444838162,0.960713825810902,0.2111700115963826
pilot-meta-edgecore-mesa-az,2026-03-19,3,44.92242484084753,0.177635977272176,0.9634026255983564,0.190492174612037
pilot-meta-edgecore-mesa-az,2026-03-19,4,45.38688985044081,0.1759772461892837,0.9635085388527844,0.1948762871212637
pilot-meta-edgecore-mesa-az,2026-04-04,0,31.70034854945097,0.0831002771225249,0.9614465513550876,0.2735748491797367
pilot-meta-edgecore-mesa-az,2026-04-04,1,35.50621967532702,0.1266271681225045,0.959854637804361,0.2314509402310249
pilot-meta-edgecore-mesa-az,2026-04-04,2,37.67013448078179,0.1430287626249139,0.9607138258109016,0.2176590918367794
pilot-meta-edgecore-mesa-az,2026-04-04,3,39.215381737126265,0.1724132157306026,0.9634036028844746,0.1906672484478333
pilot-meta-edgecore-mesa-az,2026-04-04,4,39.96577241294068,0.1687319731240235,0.9635043009797556,0.1985172826145863
pilot-meta-edgecore-mesa-az,2026-04-20,0,48.13799445342341,0.077365329734656,0.9614465513550876,0.293117683799464
pilot-meta-edgecore-mesa-az,2026-04-20,1,49.855639098841486,0.1251007670062146,0.9598546378043612,0.241818810542303
pilot-meta-edgecore-mesa-az,2026-04-20,2,49.45305772004087,0.1434357913274902,0.9607138258109018,0.2231970494653424
pilot-meta-edgecore-mesa-az,2026-04-20,3,48.7559086999434,0.1721810159685301,0.9634037114932856,0.202525249692977
pilot-meta-edgecore-mesa-az,2026-04-20,4,49.400998001761394,0.168050478960785,0.9635058961832176,0.2075779175952844
pilot-meta-edgecore-mesa-az,2026-05-06,0,45.43767893869471,0.073372084308911,0.9614465513550876,0.3059527506998392
pilot-meta-edgecore-mesa-az,2026-05-06,1,47.168516191475085,0.1230320076906514,0.959854637804361,0.2457623892617416
pilot-meta-edgecore-mesa-az,2026-05-06,2,46.54660755345434,0.1420749082296583,0.9607138258109018,0.2279720945587595
pilot-meta-edgecore-mesa-az,2026-05-06,3,45.68021868428402,0.1712597577820456,0.9634029899366928,0.2068788993108248
pilot-meta-edgecore-mesa-az,2026-05-06,4,46.22446927205498,0.1661233724888707,0.9635018871032792,0.2113767668425387
pilot-meta-edgecore-mesa-az,2026-05-22,0,53.04357816674213,0.0716956862716397,0.9614465513550876,0.3114265304604607
pilot-meta-edgecore-mesa-az,2026-05-22,1,54.71580657509064,0.1202980893853966,0.9598546378043612,0.2536980716979631
pilot-meta-edgecore-mesa-az,2026-05-22,2,54.428023472341586,0.1380615226934088,0.9607138258109018,0.2357283236821077
pilot-meta-edgecore-mesa-az,2026-05-22,3,53.68133964540209,0.1665247960985383,0.9634024463820896,0.2148345073586515
pilot-meta-edgecore-mesa-az,2026-05-22,4,54.33699368433747,0.1596178082920505,0.9634960649017156,0.2198890490938192
pilot-meta-edgecore-mesa-az,2026-06-07,4,35.62447642137145,0.163282372057576,0.966145533415786,0.1949906582785718
pilot-meta-edgecore-mesa-az,2026-06-23,0,57.258696311422966,0.0786444772132206,0.9614465513550876,0.3084558408194885
pilot-meta-edgecore-mesa-az,2026-06-23,1,59.069299786728344,0.1303137802366677,0.9598546378043612,0.2527861163398318
pilot-meta-edgecore-mesa-az,2026-06-23,2,58.63399551497368,0.1444835434156247,0.960713825810902,0.2356118858460619
pilot-meta-edgecore-mesa-az,2026-06-23,3,57.7653620778607,0.1695967779920469,0.9634046393942004,0.2151644595384478
pilot-meta-edgecore-mesa-az,2026-06-23,4,58.43351464989575,0.162405776584325,0.9634987049552288,0.2205709870594994
pilot-meta-edgecore-mesa-az,2026-07-09,0,59.12901062941733,0.0786752178274313,0.9614465513550876,0.3060731446514579
pilot-meta-edgecore-mesa-az,2026-07-09,1,60.8499473890363,0.1266811215841699,0.959854637804361,0.2539475568470535
pilot-meta-edgecore-mesa-az,2026-07-09,2,60.23120420859747,0.1437369410912932,0.9607138258109018,0.2333674016152672
pilot-meta-edgecore-mesa-az,2026-07-09,3,59.61657762579145,0.1704571255944667,0.9634043094695828,0.2133958272833709
pilot-meta-edgecore-mesa-az,2026-07-09,4,60.33427563549495,0.1631134082471403,0.9635040710348876,0.2195109535896646
pilot-meta-edgecore-mesa-az,2026-07-25,0,60.70253127487522,0.0757886614067758,0.9614465513550876,0.3076196419217454
pilot-meta-edgecore-mesa-az,2026-07-25,1,62.40013610838603,0.1238270743848401,0.959854637804361,0.2516974416058127
pilot-meta-edgecore-mesa-az,2026-07-25,2,62.13528352807328,0.1448784040276432,0.9607138258109018,0.2301511467745724
pilot-meta-edgecore-mesa-az,2026-07-25,3,61.27780684391176,0.1773695376877715,0.9634073180343758,0.2081854517483772
pilot-meta-edgecore-mesa-az,2026-07-25,4,61.81358752200252,0.1689265883231166,0.9635087295479196,0.2127129562854695
pilot-meta-edgecore-mesa-az,2026-08-10,0,57.5846577292886,0.083490392290686,0.9614465513550876,0.2895460982633811
pilot-meta-edgecore-mesa-az,2026-08-10,1,59.309439818562055,0.1266374543774207,0.959854637804361,0.2452326660890159
pilot-meta-edgecore-mesa-az,2026-08-10,2,58.866366347982904,0.1445400643647919,0.9607138258109016,0.2265893708068022
pilot-meta-edgecore-mesa-az,2026-08-10,3,57.887034773040526,0.1729319671884664,0.9634067679944288,0.2072092042015132
pilot-meta-edgecore-mesa-az,2026-08-10,4,58.4847452782444,0.1664921378955253,0.9635077820632774,0.2126605212564985
pilot-meta-edgecore-mesa-az,2026-08-26,0,56.05600526841145,0.0726915605611025,0.9614465513550876,0.3040487841315538
pilot-meta-edgecore-mesa-az,2026-08-26,1,57.55970465713691,0.1229383153037774,0.959854637804361,0.2530343718486471
pilot-meta-edgecore-mesa-az,2026-08-26,2,57.51027750514923,0.1412353805034462,0.9607138258109018,0.2319869622823705
pilot-meta-edgecore-mesa-az,2026-08-26,3,55.9638395213582,0.1712839381050889,0.9634047534534602,0.2105957346920583
pilot-meta-edgecore-mesa-az,2026-08-26,4,55.92806131820353,0.1666081564251992,0.963498195324759,0.2159712702871811
pilot-meta-edgecore-mesa-az,2026-09-11,0,55.13574232625906,0.0727846189597715,0.9614465513550876,0.2930565150768969
pilot-meta-edgecore-mesa-az,2026-09-11,1,56.563700244559165,0.1222047173675503,0.9598546378043612,0.242252676234782
pilot-meta-edgecore-mesa-az,2026-09-11,2,56.56081077163494,0.1447474380251906,0.960713825810902,0.2210066513332549
pilot-meta-edgecore-mesa-az,2026-09-11,3,55.74500390355798,0.1781734014138435,0.9634039684508868,0.199241784798815
pilot-meta-edgecore-mesa-az,2026-09-11,4,56.336543735541184,0.1732221355332391,0.9635009258865872,0.2053458554551655
pilot-meta-edgecore-mesa-az,2026-09-27,4,24.87748848165227,0.3644098369313689,0.9624498150431564,0.2551802645406905
pilot-meta-edgecore-mesa-az,2021-11-15,0,30.383968083244316,0.118501501238751,0.9613822970320516,0.2181289788685963
pilot-meta-edgecore-mesa-az,2021-11-15,1,32.5931015464114,0.1394421388759651,0.9596976671321898,0.2173005048220825
pilot-meta-edgecore-mesa-az,2021-11-15,2,32.62166839288329,0.1513529030363313,0.960563224410232,0.2002473463755198
pilot-meta-edgecore-mesa-az,2021-11-15,3,31.47904361001622,0.1882355543848389,0.9633088366332908,0.1804084194843862
pilot-meta-edgecore-mesa-az,2021-11-15,4,31.654030163047373,0.1934372833087023,0.9634861213109044,0.1811099885245999
pilot-meta-edgecore-mesa-az,2021-11-20,0,21.09941126227685,0.1164755783274059,0.9613090453652235,0.249246181524064
pilot-meta-edgecore-mesa-az,2021-11-20,1,22.730344692530913,0.131177584793437,0.9596629298558288,0.2474657723003004
pilot-meta-edgecore-mesa-az,2021-11-20,2,23.920107499294687,0.1428466887345564,0.9604729159863152,0.2279274293383784
pilot-meta-edgecore-mesa-az,2021-11-20,3,24.95892471808571,0.1808492330893689,0.9630810843883492,0.2008713922683373
pilot-meta-edgecore-mesa-az,2021-11-20,4,26.671104932126102,0.1840907179407451,0.9631295039919116,0.188160726101176
pilot-meta-edgecore-mesa-az,2021-12-09,0,24.774872451405106,0.1229388117862258,0.9613387043825612,0.241566960123972
pilot-meta-edgecore-mesa-az,2021-12-09,1,26.289923501835663,0.1404355678633705,0.9596972707814704,0.2407456622605688
pilot-meta-edgecore-mesa-az,2021-12-09,2,25.67115609748285,0.1509804449283228,0.9604107198618436,0.2047684292075349
pilot-meta-edgecore-mesa-az,2021-12-09,3,25.670598150027526,0.1823968089403365,0.9629454061581376,0.1931307744212465
pilot-meta-edgecore-mesa-az,2021-12-09,4,25.715870605780967,0.1905688190577929,0.9638674113838112,0.2013588559441633
pilot-meta-edgecore-mesa-az,2022-01-10,0,21.172259136995088,0.1093990680314389,0.9614158589846972,0.194978061423497
pilot-meta-edgecore-mesa-az,2022-01-10,1,22.61157562463995,0.134661189181443,0.95969766713219,0.2039118104746379
pilot-meta-edgecore-mesa-az,2022-01-10,2,22.79204909413732,0.1476133159838344,0.9605660667164024,0.1851420869531461
pilot-meta-edgecore-mesa-az,2022-01-10,3,22.77702169009422,0.1771227868442257,0.9633234827304966,0.1657385113382804
pilot-meta-edgecore-mesa-az,2022-01-10,4,22.736894646088516,0.1879386662023,0.9635169379734264,0.1633657159940068
pilot-meta-edgecore-mesa-az,2022-01-26,0,21.00984676714849,0.1117947671461527,0.9613401691418616,0.207523248096653
pilot-meta-edgecore-mesa-az,2022-01-26,1,22.16784229204916,0.1475466717127583,0.9596972707814704,0.2068396279678639
pilot-meta-edgecore-mesa-az,2022-01-26,2,22.05033934220784,0.1566590735272993,0.9605631663405152,0.1882464948080659
pilot-meta-edgecore-mesa-az,2022-01-26,3,21.82277355159659,0.1784530014848676,0.9633215203168868,0.1697839355478634
pilot-meta-edgecore-mesa-az,2022-01-26,4,21.882811438629194,0.1914653417060477,0.963519287334167,0.1679436667152223
pilot-meta-edgecore-mesa-az,2022-02-11,0,28.71035202988428,0.1189376026788206,0.9614158589846972,0.2101569901028785
pilot-meta-edgecore-mesa-az,2022-02-11,1,30.688154439272235,0.1610647475905144,0.9596967718105728,0.2073924827111288
pilot-meta-edgecore-mesa-az,2022-02-11,2,30.26317434370061,0.165007552977397,0.960568061468251,0.1928972393523072
pilot-meta-edgecore-mesa-az,2022-02-11,3,29.49357205406278,0.1788211655393294,0.96332596568307,0.1755013161612008
pilot-meta-edgecore-mesa-az,2022-02-11,4,29.46478532207843,0.19329431167124,0.9635207444254232,0.1727938704385407
pilot-meta-edgecore-mesa-az,2022-02-27,0,18.51595557010263,0.1169822510875412,0.9612968521579972,0.2383551933047901
pilot-meta-edgecore-mesa-az,2022-02-27,1,19.133657283520417,0.160804880933339,0.9596972707814704,0.2164451663892692
pilot-meta-edgecore-mesa-az,2022-02-27,2,19.117784556299775,0.1635714074873703,0.9605621922544768,0.2072449209079363
pilot-meta-edgecore-mesa-az,2022-02-27,3,18.72877653863086,0.1721436094069358,0.9632857786540242,0.1950347831854094
pilot-meta-edgecore-mesa-az,2022-02-27,4,18.31449643814148,0.1849795060440186,0.9634862247306584,0.1907013386009172
pilot-meta-edgecore-mesa-az,2022-03-31,0,36.480436186964,0.112164392611386,0.9612968521579972,0.2376824564460742
pilot-meta-edgecore-mesa-az,2022-03-31,1,38.9077163795088,0.1495759315011008,0.9596972707814704,0.2236272605622459
pilot-meta-edgecore-mesa-az,2022-03-31,2,39.03557341197346,0.1563020525594022,0.9605660667164022,0.2090211288127468
pilot-meta-edgecore-mesa-az,2022-03-31,3,38.745397541235505,0.1851319224931486,0.9633052002384432,0.1927445468642799
pilot-meta-edgecore-mesa-az,2022-03-31,4,38.831694391151366,0.1955789705372119,0.9635471768584364,0.1886662504492022
pilot-meta-edgecore-mesa-az,2022-04-16,0,45.92244811385597,0.1085100687137591,0.9613822970320516,0.2500712674347845
pilot-meta-edgecore-mesa-az,2022-04-16,1,48.22841450449821,0.1396333991821185,0.9596976671321898,0.2351694287270553
pilot-meta-edgecore-mesa-az,2022-04-16,2,47.41221449259481,0.1481216401207331,0.9605627283538638,0.2175936080598241
pilot-meta-edgecore-mesa-az,2022-04-16,3,46.19668400455604,0.1806469340148593,0.9633054868630426,0.1994992184763816
pilot-meta-edgecore-mesa-az,2022-04-16,4,46.51342368493797,0.1842413666690477,0.963496685522484,0.1954190018121169
pilot-meta-edgecore-mesa-az,2022-05-02,0,46.76090553182658,0.1120621371017185,0.9613401691418616,0.2350444930505196
pilot-meta-edgecore-mesa-az,2022-05-02,1,51.136188503418595,0.1350554950314993,0.9596972707814704,0.2399648602085965
pilot-meta-edgecore-mesa-az,2022-05-02,2,50.296972590119466,0.1446816356316897,0.9605627283538638,0.2219506949418823
pilot-meta-edgecore-mesa-az,2022-05-02,3,49.01748115497144,0.1753433193865815,0.9633037341781796,0.2054190650682262
pilot-meta-edgecore-mesa-az,2022-05-02,4,49.34196890424801,0.1830561991538819,0.9635562182970834,0.2025813785611687
pilot-meta-edgecore-mesa-az,2022-05-18,0,51.99442955274336,0.1059839460512519,0.9613401691418616,0.2448311998566684
pilot-meta-edgecore-mesa-az,2022-05-18,1,57.61475905125058,0.1340534884091365,0.9596972707814704,0.2449667933727877
pilot-meta-edgecore-mesa-az,2022-05-18,2,56.73266114828091,0.1421321889388463,0.9605627283538638,0.2249241335543639
pilot-meta-edgecore-mesa-az,2022-05-18,3,55.3950166066114,0.1742396812306784,0.963305546031456,0.2083836992761193
pilot-meta-edgecore-mesa-az,2022-05-18,4,56.10409438852793,0.1749905452700817,0.9634773391001924,0.2058650231777719
pilot-meta-edgecore-mesa-az,2022-06-03,0,52.82060486278714,0.1036308300233996,0.9612968521579972,0.2579743123088386
pilot-meta-edgecore-mesa-az,2022-06-03,1,57.27063047213504,0.1340176920129989,0.9596972707814704,0.2499462320196354
pilot-meta-edgecore-mesa-az,2022-06-03,2,56.861044141053235,0.1424889266268172,0.9605660667164024,0.2272753436452017
pilot-meta-edgecore-mesa-az,2022-06-03,3,55.50054947144739,0.1735128244978317,0.9633056431322312,0.2109002161758326
pilot-meta-edgecore-mesa-az,2022-06-03,4,56.065688683262024,0.1735689002278261,0.963521423729618,0.209502981725019
pilot-meta-edgecore-mesa-az,2022-06-19,0,48.0253177675964,0.1034061068143544,0.961273502807026,0.2660309692736171
pilot-meta-edgecore-mesa-az,2022-06-19,1,52.71209571671042,0.1386085913754226,0.9596972707814704,0.247971804815946
pilot-meta-edgecore-mesa-az,2022-06-19,2,52.79081295864468,0.1495026892392032,0.960562728353864,0.2234547436963831
pilot-meta-edgecore-mesa-az,2022-06-19,3,51.15387242716304,0.1824042157048914,0.9633054557716286,0.2092250538123936
pilot-meta-edgecore-mesa-az,2022-06-19,4,49.62664145800259,0.1848186205605735,0.9633844536885242,0.2111047198081321
pilot-meta-edgecore-mesa-az,2022-07-05,0,51.37965314238467,0.1014181256888921,0.9613822970320516,0.2543235223480387
pilot-meta-edgecore-mesa-az,2022-07-05,1,55.42386058907411,0.1375609015571929,0.9596976671321898,0.2403950403144735
pilot-meta-edgecore-mesa-az,2022-07-05,2,54.78917639574659,0.1461055765511289,0.960562728353864,0.2183493811818695
pilot-meta-edgecore-mesa-az,2022-07-05,3,53.80794130152238,0.1787910911900234,0.9633031352221818,0.2043312857847001
pilot-meta-edgecore-mesa-az,2022-07-05,4,54.50034372941146,0.1770577435031435,0.9634516435959828,0.2027926279265695
pilot-meta-edgecore-mesa-az,2022-07-21,0,18.783321268970862,0.1201205124330647,0.9599777521016032,0.2295493254366972
pilot-meta-edgecore-mesa-az,2022-07-21,1,25.413460945768858,0.1387711007272198,0.9590529297753771,0.2075744307049718
pilot-meta-edgecore-mesa-az,2022-07-21,2,32.459090672569175,0.1429419341296196,0.9601137945947156,0.2281006714426894
pilot-meta-edgecore-mesa-az,2022-07-21,3,38.72928957736155,0.1747626890882379,0.9627334117468112,0.2196311350836423
pilot-meta-edgecore-mesa-az,2022-07-21,4,44.146314979256545,0.1680989105312833,0.9618213407299632,0.229171314142706
pilot-meta-edgecore-mesa-az,2022-08-06,0,65.42976088676811,0.0990759542328967,0.9612968521579972,0.2416365876264125
pilot-meta-edgecore-mesa-az,2022-08-06,1,70.5174641987841,0.1316357340720585,0.9596972707814704,0.2385501491768666
pilot-meta-edgecore-mesa-az,2022-08-06,2,70.41087844902006,0.1428603173645445,0.9605660667164024,0.2152175191531993
pilot-meta-edgecore-mesa-az,2022-08-06,3,69.08166015985854,0.1815522510198143,0.9633134262347368,0.200085655790639
pilot-meta-edgecore-mesa-az,2022-08-06,4,69.9870156767029,0.1775543597751958,0.963460440152364,0.1979241048149528
pilot-meta-edgecore-mesa-az,2022-08-22,0,54.03376823533207,0.0961010839976588,0.9613820439167662,0.232215859176059
pilot-meta-edgecore-mesa-az,2022-08-22,1,57.950182165458735,0.1347712414646107,0.9596976671321898,0.2329364432495483
pilot-meta-edgecore-mesa-az,2022-08-22,2,58.07665504984461,0.1457583671990942,0.960562728353864,0.210608593739574
pilot-meta-edgecore-mesa-az,2022-08-22,3,57.44260048075149,0.187644901850316,0.963319836969499,0.1951459543015022
pilot-meta-edgecore-mesa-az,2022-08-22,4,58.16982103884733,0.1883658660273466,0.963511432743842,0.1932951996379758
pilot-meta-edgecore-mesa-az,2022-09-07,0,53.768992580877104,0.1000836558332318,0.9613389800481869,0.2363887110267944
pilot-meta-edgecore-mesa-az,2022-09-07,1,56.86168752014128,0.1339979288512783,0.9596976671321898,0.2391556708614176
pilot-meta-edgecore-mesa-az,2022-09-07,2,56.97224559865107,0.1424107830120954,0.960562728353864,0.2161706511250823
pilot-meta-edgecore-mesa-az,2022-09-07,3,55.43222919708208,0.1779250947800296,0.9633111437800758,0.1987757254166636
pilot-meta-edgecore-mesa-az,2022-09-07,4,56.162449329506615,0.1766713400903536,0.9634518031752574,0.1973143353090058
pilot-meta-edgecore-mesa-az,2022-09-23,0,48.354908379490425,0.1034144625193577,0.9613401691418616,0.2189833057274146
pilot-meta-edgecore-mesa-az,2022-09-23,1,50.78332817411852,0.1380712277763941,0.9596972707814704,0.2276107681274741
pilot-meta-edgecore-mesa-az,2022-09-23,2,50.16151883058493,0.1553146819696457,0.9605627283538638,0.2103673985242818
pilot-meta-edgecore-mesa-az,2022-09-23,3,48.743967417780425,0.1914923928809671,0.9633152058406764,0.1888641669608431
pilot-meta-edgecore-mesa-az,2022-09-23,4,48.41801791275648,0.1975584227458824,0.9635198975435462,0.1879045376837437
pilot-meta-edgecore-mesa-az,2022-10-09,0,42.42663604581954,0.0934914866358172,0.9612736403890764,0.2203333117589815
pilot-meta-edgecore-mesa-az,2022-10-09,1,44.471695900208985,0.1300595957223723,0.9596976671321898,0.2299294054593973
pilot-meta-edgecore-mesa-az,2022-10-09,2,44.410091693610624,0.1452025801335823,0.9605694050789408,0.202343156935992
pilot-meta-edgecore-mesa-az,2022-10-09,3,43.61683118910459,0.1805193947045024,0.963302754946458,0.1869948414206515
pilot-meta-edgecore-mesa-az,2022-10-09,4,43.77992855382983,0.1817527678751522,0.9634441297499238,0.1868289070018879
pilot-meta-edgecore-mesa-az,2022-10-25,0,29.922743605355457,0.0934257090419919,0.9612614563007604,0.2157309628149218
pilot-meta-edgecore-mesa-az,2022-10-25,1,32.5848491031678,0.1287782107116765,0.959697360089134,0.2351825196683545
pilot-meta-edgecore-mesa-az,2022-10-25,2,32.429603938004504,0.1438670616922233,0.960571586874398,0.2068424452331057
pilot-meta-edgecore-mesa-az,2022-10-25,3,31.720267476616893,0.1827794522348147,0.9633087909635184,0.1886305040330078
pilot-meta-edgecore-mesa-az,2022-10-25,4,32.070782994165995,0.1870775620633349,0.9634874660947644,0.1869476389435493
pilot-meta-edgecore-mesa-az,2022-11-10,0,24.214781582250403,0.1000214994177559,0.9612796607826644,0.1898347315174318
pilot-meta-edgecore-mesa-az,2022-11-10,1,25.57595590231777,0.1297351123127728,0.9596972707814704,0.2172523166253491
pilot-meta-edgecore-mesa-az,2022-11-10,2,25.84947898032732,0.1469409202075421,0.9605660667164024,0.192969793315342
pilot-meta-edgecore-mesa-az,2022-11-10,3,25.5591260990222,0.1844383386691754,0.9633570827970545,0.1805210882125138
pilot-meta-edgecore-mesa-az,2022-11-10,4,25.5570706898453,0.1938555841107284,0.963500686010488,0.1775833047748309
pilot-meta-edgecore-mesa-az,2022-11-26,0,23.380731065223365,0.087653051556663,0.9612442120294568,0.2213622568704792
pilot-meta-edgecore-mesa-az,2022-11-26,1,25.184319583007163,0.1185131882656642,0.9595850594972304,0.2294055480711449
pilot-meta-edgecore-mesa-az,2022-11-26,2,24.5927792119848,0.1370538383396819,0.960562561297559,0.1989076205327274
pilot-meta-edgecore-mesa-az,2022-11-26,3,23.798957747387327,0.1757040983218816,0.9633007597991134,0.1808876352102422
pilot-meta-edgecore-mesa-az,2022-11-26,4,24.019429068683543,0.1819176903925114,0.963416568440146,0.1804105566713885
pilot-meta-edgecore-mesa-az,2023-01-13,0,20.926985925562654,0.0932781766270152,0.96133976920514,0.1165069096262363
pilot-meta-edgecore-mesa-az,2023-01-13,1,21.66718369801603,0.1319699902624535,0.9596976671321898,0.1612067979371776
pilot-meta-edgecore-mesa-az,2023-01-13,2,22.253438861717253,0.1498132508040412,0.9605658151296602,0.170028842995806
pilot-meta-edgecore-mesa-az,2023-01-13,3,22.38393702357271,0.1863986855735996,0.9632901478934396,0.1626261086236345
pilot-meta-edgecore-mesa-az,2023-01-13,4,21.869899623497417,0.2076176433511687,0.9635386425605804,0.1639449121436459
pilot-meta-edgecore-mesa-az,2023-01-29,0,20.361697748811523,0.1013462676388866,0.9613266278234976,0.1914193642226993
pilot-meta-edgecore-mesa-az,2023-01-29,1,20.60082174150458,0.1641903357990723,0.9596969599319692,0.2155269878376626
pilot-meta-edgecore-mesa-az,2023-01-29,2,20.698909079986173,0.1630918702467839,0.9605626630696338,0.1906917767390926
pilot-meta-edgecore-mesa-az,2023-01-29,3,20.647209481539868,0.1900525592504058,0.96329314835982,0.1733266340350171
pilot-meta-edgecore-mesa-az,2023-01-29,4,20.564562364688047,0.2145455190290875,0.9635126022006402,0.1732557703605584
pilot-meta-edgecore-mesa-az,2023-03-02,3,17.684429658541,0.2366577062896976,0.962794501417544,0.1772637374490762
pilot-meta-edgecore-mesa-az,2023-03-02,4,16.57220945602367,0.2221328679291471,0.9650252267256412,0.1686968524204156
pilot-meta-edgecore-mesa-az,2023-04-03,0,37.6696430570722,0.1122565306714284,0.9607443958273894,0.2259116271396393
pilot-meta-edgecore-mesa-az,2023-04-03,1,40.11803523796794,0.2099943049215049,0.9596972707814704,0.2181639009974346
pilot-meta-edgecore-mesa-az,2023-04-03,2,39.93701778641333,0.1839701722525883,0.960562728353864,0.2036830307698326
pilot-meta-edgecore-mesa-az,2023-04-03,3,39.194440360071695,0.2012215932236468,0.9633033817756352,0.1870644621354056
pilot-meta-edgecore-mesa-az,2023-04-03,4,39.12611522409658,0.2211078928146944,0.9635649205492344,0.1850900462094274
pilot-meta-edgecore-mesa-az,2023-04-19,0,39.61903246474419,0.0960057606449235,0.9612966663410728,0.2473312830169801
pilot-meta-edgecore-mesa-az,2023-04-19,1,42.79381988249989,0.165461362535288,0.9596972707814704,0.2290202901618875
pilot-meta-edgecore-mesa-az,2023-04-19,2,42.775907477360114,0.1588911266596529,0.960575984432904,0.2162148779924967
pilot-meta-edgecore-mesa-az,2023-04-19,3,41.84688315094976,0.1870617518603064,0.963304578914909,0.1965673741307784
pilot-meta-edgecore-mesa-az,2023-04-19,4,42.098472951009086,0.1997930927582602,0.9635656023963712,0.1947139563654622
pilot-meta-edgecore-mesa-az,2023-05-05,0,42.81140335089723,0.0933076130156646,0.9612810770599888,0.2583606135402009
pilot-meta-edgecore-mesa-az,2023-05-05,1,45.70421578335801,0.1542171372269106,0.9596972707814704,0.237168658864154
pilot-meta-edgecore-mesa-az,2023-05-05,2,45.727532728829935,0.153568250038962,0.9605775306837276,0.221315642854014
pilot-meta-edgecore-mesa-az,2023-05-05,3,44.683843985325105,0.1825297142615449,0.9633046931121544,0.2019068434349445
pilot-meta-edgecore-mesa-az,2023-05-05,4,45.009274392991344,0.188807895536611,0.9634927880293616,0.1998969822508414
pilot-meta-edgecore-mesa-az,2023-05-21,0,55.32416495363853,0.087372182610155,0.9613389800481869,0.2828497833937446
pilot-meta-edgecore-mesa-az,2023-05-21,1,58.44444038784658,0.1529256793087381,0.9596976671321898,0.2403445526760769
pilot-meta-edgecore-mesa-az,2023-05-21,2,57.77975081520564,0.1530309035931907,0.960562728353864,0.2200276097438768
pilot-meta-edgecore-mesa-az,2023-05-21,3,56.4328595950825,0.1842228271646389,0.9633019073120216,0.2023550407760743
pilot-meta-edgecore-mesa-az,2023-05-21,4,56.76743370741582,0.1918874408487632,0.963530596399518,0.2010145033162858
pilot-meta-edgecore-mesa-az,2023-06-06,0,50.48378981863571,0.0852249623058319,0.9612968521579972,0.2956216029068694
pilot-meta-edgecore-mesa-az,2023-06-06,1,54.646381605791525,0.150338891964511,0.9596972707814704,0.249222930103972
pilot-meta-edgecore-mesa-az,2023-06-06,2,54.45121937998246,0.1490694375887408,0.960562728353864,0.2274069675892756
pilot-meta-edgecore-mesa-az,2023-06-06,3,53.27780483145019,0.1785467880662807,0.9633007217729728,0.2077422487275692
pilot-meta-edgecore-mesa-az,2023-06-06,4,53.87695225796462,0.1844532962211591,0.9635214465151783,0.2064500198241138
pilot-meta-edgecore-mesa-az,2023-06-22,0,53.060814122436064,0.0862425250142484,0.9612968521579972,0.2846910435505103
pilot-meta-edgecore-mesa-az,2023-06-22,1,56.962233811629375,0.1487352471348198,0.9596972707814704,0.2505720087588045
pilot-meta-edgecore-mesa-az,2023-06-22,2,56.59609318468613,0.147770396246515,0.9605627283538638,0.2270429645439639
pilot-meta-edgecore-mesa-az,2023-06-22,3,55.31843953246294,0.1795940101062802,0.9633024620986884,0.2075924764935059
pilot-meta-edgecore-mesa-az,2023-06-22,4,55.9407179958866,0.1846643473427249,0.963538540925966,0.2072422415524648
pilot-meta-edgecore-mesa-az,2023-07-08,0,60.49114372298083,0.0847410103556643,0.9613389800481869,0.2810767591853955
pilot-meta-edgecore-mesa-az,2023-07-08,1,63.888362329623504,0.1468031251855983,0.9596976671321898,0.2509818537721895
pilot-meta-edgecore-mesa-az,2023-07-08,2,63.7412459035847,0.1474115949233781,0.960562728353864,0.2283271635894456
pilot-meta-edgecore-mesa-az,2023-07-08,3,62.27622069548209,0.1766087866927755,0.9633018724705468,0.20860613652644
pilot-meta-edgecore-mesa-az,2023-07-08,4,63.14711119948591,0.1760725376481649,0.9634535249046456,0.2079611537883968
pilot-meta-edgecore-mesa-az,2023-07-24,0,62.23575845211288,0.0952020870615665,0.9612968521579972,0.2649411339151287
pilot-meta-edgecore-mesa-az,2023-07-24,1,65.42076671878922,0.1493142031048801,0.9596972707814704,0.2457500315673385
pilot-meta-edgecore-mesa-az,2023-07-24,2,65.00808905113577,0.1507834006203375,0.960562728353864,0.2237205545116525
pilot-meta-edgecore-mesa-az,2023-07-24,3,63.61176827610127,0.1782507342952926,0.9633055664395912,0.2050127420656471
pilot-meta-edgecore-mesa-az,2023-07-24,4,64.44000630097925,0.1763006623901522,0.9634496468506042,0.2054889191782284
pilot-meta-edgecore-mesa-az,2023-08-09,0,54.048814114400535,0.0853881234616197,0.9613401691418616,0.2571257535453071
pilot-meta-edgecore-mesa-az,2023-08-09,1,56.8265500348295,0.1491877442060706,0.9596972707814704,0.234834713915967
pilot-meta-edgecore-mesa-az,2023-08-09,2,56.88936498269938,0.1525281661140997,0.960562728353864,0.2165355130643817
pilot-meta-edgecore-mesa-az,2023-08-09,3,56.18395429592275,0.1828608548975796,0.9633085385346748,0.1996161709367898
pilot-meta-edgecore-mesa-az,2023-08-09,4,57.238702902342936,0.1830489784844565,0.9634597734515308,0.1987358418603007
pilot-meta-edgecore-mesa-az,2023-08-25,0,59.45958809201775,0.0863052654636601,0.9613389800481869,0.2535354106479558
pilot-meta-edgecore-mesa-az,2023-08-25,1,63.52773245421142,0.1439591952501631,0.9596976671321898,0.2276333836216074
pilot-meta-edgecore-mesa-az,2023-08-25,2,62.814223792019256,0.1484906840365789,0.9605627283538636,0.2124686695712676
pilot-meta-edgecore-mesa-az,2023-08-25,3,61.21791504452504,0.1817342999418409,0.96330787164815,0.1952581571567303
pilot-meta-edgecore-mesa-az,2023-08-25,4,62.055649074076854,0.1792138026458134,0.9634510927604346,0.1939851440719898
pilot-meta-edgecore-mesa-az,2023-09-10,0,56.303092643614264,0.0884318424723699,0.9613822970320516,0.2920230840593478
pilot-meta-edgecore-mesa-az,2023-09-10,1,59.60126717104295,0.138450827761841,0.9596976671321898,0.2620017623109858
pilot-meta-edgecore-mesa-az,2023-09-10,2,58.01657375401715,0.1491229649620788,0.9606841248576672,0.2360717629328365
pilot-meta-edgecore-mesa-az,2023-09-10,3,53.30343522736557,0.1882007356153387,0.9641998566643398,0.2014480595992533
pilot-meta-edgecore-mesa-az,2023-09-10,4,48.54154693697662,0.1816966053447745,0.96401742123759,0.2054034805589604
pilot-meta-edgecore-mesa-az,2023-09-26,0,47.98616885644779,0.0863627474359092,0.9612968521579972,0.2484749532413958
pilot-meta-edgecore-mesa-az,2023-09-26,1,52.31724200545495,0.1310618514523933,0.9596972707814704,0.2289803574834803
pilot-meta-edgecore-mesa-az,2023-09-26,2,51.5819315650736,0.1395651435019668,0.9605627283538636,0.2123403330592056
pilot-meta-edgecore-mesa-az,2023-09-26,3,50.31404763361064,0.1716395212177784,0.9632983837833322,0.1926463798847016
pilot-meta-edgecore-mesa-az,2023-09-26,4,51.077233412054134,0.1696310751453448,0.9634247257429258,0.1929579566014697
pilot-meta-edgecore-mesa-az,2023-10-12,0,40.86394598663705,0.081378093686897,0.9612963834327336,0.2470376715531814
pilot-meta-edgecore-mesa-az,2023-10-12,1,44.12731901187147,0.1282419762353783,0.9596972707814704,0.2284920839656136
pilot-meta-edgecore-mesa-az,2023-10-12,2,43.50643505254376,0.1371366054362408,0.960562728353864,0.211303607538131
pilot-meta-edgecore-mesa-az,2023-10-12,3,42.369940953048655,0.1707249685407798,0.9633002545014532,0.1916292332813029
pilot-meta-edgecore-mesa-az,2023-10-12,4,42.90715320168089,0.1657354068613326,0.963422226568419,0.1920187263960596
pilot-meta-edgecore-mesa-az,2023-10-28,0,37.72697098126241,0.0826570596662494,0.9613803971833764,0.2413010641460418
pilot-meta-edgecore-mesa-az,2023-10-28,1,40.751636196899575,0.130033387401667,0.9596977328670524,0.2255299738367696
pilot-meta-edgecore-mesa-az,2023-10-28,2,39.83193496923568,0.1409081985102334,0.9605627283538638,0.2059797970593504
pilot-meta-edgecore-mesa-az,2023-10-28,3,38.82494730051341,0.1788729408992037,0.9633049042806392,0.1857319914326462
pilot-meta-edgecore-mesa-az,2023-10-28,4,39.368667159791926,0.1756800667338219,0.9634575207735664,0.1869488576380551
pilot-meta-edgecore-mesa-az,2023-11-13,0,32.3196163793243,0.083003998893139,0.9614206421889124,0.232023771008874
pilot-meta-edgecore-mesa-az,2023-11-13,1,34.81594345096859,0.1274862615005315,0.959697340280142,0.2214699119490781
pilot-meta-edgecore-mesa-az,2023-11-13,2,34.453071345299904,0.1388436642048097,0.9605630234191992,0.2031083889241663
pilot-meta-edgecore-mesa-az,2023-11-13,3,33.73125505426922,0.1776947530159918,0.9633023811443586,0.1823130478178913
pilot-meta-edgecore-mesa-az,2023-11-13,4,34.163482430143205,0.1746279561167221,0.9634193829266134,0.1835936681001304
pilot-meta-edgecore-mesa-az,2023-11-29,0,26.143277702039633,0.0820059127564834,0.9614110604217396,0.2205265547048611
pilot-meta-edgecore-mesa-az,2023-11-29,1,28.514151092717128,0.1271521484520403,0.9596977367704962,0.2095005460971625
pilot-meta-edgecore-mesa-az,2023-11-29,2,27.815024013456696,0.1409768990896323,0.9605627283538638,0.1943588860049233
pilot-meta-edgecore-mesa-az,2023-11-29,3,27.08322721055301,0.1806840111516538,0.9633017911691732,0.176026252815328
pilot-meta-edgecore-mesa-az,2023-11-29,4,27.447781622353972,0.1778031936716964,0.9634593816937626,0.1767144663795802
pilot-meta-edgecore-mesa-az,2023-12-15,0,21.310972614374357,0.0841632640361242,0.9613980570035262,0.215198923565036
pilot-meta-edgecore-mesa-az,2023-12-15,1,23.267744097926585,0.1233972553511019,0.959697073951954,0.2018613992284973
pilot-meta-edgecore-mesa-az,2023-12-15,2,22.913230269762067,0.1352834509588175,0.9605869491311272,0.1896146506017975
pilot-meta-edgecore-mesa-az,2023-12-15,3,22.301892048379408,0.1752755242115037,0.963327114299546,0.1698016300236302
pilot-meta-edgecore-mesa-az,2023-12-15,4,22.79989751533294,0.1718881402154121,0.9634507778919472,0.1716230337948608
pilot-meta-edgecore-mesa-az,2023-12-31,0,18.83927811633632,0.0758455981738737,0.961387223893227,0.2151910282820284
pilot-meta-edgecore-mesa-az,2023-12-31,1,20.328775281345457,0.1371810766745235,0.9596972962386632,0.199335740662709
pilot-meta-edgecore-mesa-az,2023-12-31,2,20.215264573181223,0.1433741231873844,0.9605474340555862,0.1873689501679627
pilot-meta-edgecore-mesa-az,2023-12-31,3,19.96725284713134,0.1747337193261322,0.963297757605146,0.169141140970887
pilot-meta-edgecore-mesa-az,2023-12-31,4,20.186684275720545,0.1756890937050167,0.9634364240347908,0.1686403165489254
pilot-meta-edgecore-mesa-az,2024-01-16,0,18.782259844853417,0.0810032741423246,0.9615388962329968,0.2099757920709033
pilot-meta-edgecore-mesa-az,2024-01-16,1,20.61461265815191,0.1389484717551679,0.9596968636724544,0.1964820877687653
pilot-meta-edgecore-mesa-az,2024-01-16,2,20.31519718958297,0.1400117697125395,0.9605507828515788,0.186038421885525
pilot-meta-edgecore-mesa-az,2024-01-16,3,19.984083130119085,0.1668986982643227,0.9632984817145134,0.1690193116583087
pilot-meta-edgecore-mesa-az,2024-01-16,4,20.373287599055136,0.1720166931652553,0.9634469908978492,0.1681214926170796
pilot-meta-edgecore-mesa-az,2024-02-01,0,13.491514337572788,0.1573533378674519,0.9614864838359432,0.1207260812410925
pilot-meta-edgecore-mesa-az,2024-02-01,1,12.707837069543649,0.1886291987141053,0.960232451496347,0.1422966873464741
pilot-meta-edgecore-mesa-az,2024-02-01,2,16.01531409872525,0.2008502543169301,0.9605375772941056,0.1363117294907178
pilot-meta-edgecore-mesa-az,2024-02-01,3,15.664180349715055,0.2152239615939857,0.9641934079583256,0.1314395548555901
pilot-meta-edgecore-mesa-az,2024-02-01,4,14.446573973636104,0.2290275514795382,0.9627633254999882,0.1312555319388057
pilot-meta-edgecore-mesa-az,2024-02-17,0,25.02056068053953,0.0888136074309127,0.96142537115813,0.2150678986883541
pilot-meta-edgecore-mesa-az,2024-02-17,1,25.756817224483388,0.194256227569832,0.9596970700613732,0.1942317154088054
pilot-meta-edgecore-mesa-az,2024-02-17,2,26.125477675353743,0.1830097417971884,0.9606018577659944,0.1866231037100241
pilot-meta-edgecore-mesa-az,2024-02-17,3,26.21445373602362,0.1993811407383876,0.9632994479801924,0.171237655218655
pilot-meta-edgecore-mesa-az,2024-02-17,4,26.407323848894848,0.2096777327508885,0.9634354046152476,0.1702837934291365
pilot-meta-edgecore-mesa-az,2024-03-04,3,21.843530879892796,0.105096576579106,0.9619241286863272,0.3213959031277926
pilot-meta-edgecore-mesa-az,2024-03-04,4,25.30252493273632,0.245311704856503,0.9614762618542134,0.1929615484456652
pilot-meta-edgecore-mesa-az,2024-03-20,0,34.847425868704775,0.0864726060466004,0.9614363854156948,0.2301497002666217
pilot-meta-edgecore-mesa-az,2024-03-20,1,35.54133579905702,0.2033900804618512,0.959691265783976,0.2010592173624066
pilot-meta-edgecore-mesa-az,2024-03-20,2,35.34708263161951,0.1912848655964259,0.9605624755504728,0.1939883186436721
pilot-meta-edgecore-mesa-az,2024-03-20,3,34.97917784680351,0.2078496682203768,0.9632973489156402,0.1796034533477053
pilot-meta-edgecore-mesa-az,2024-03-20,4,35.10950280924776,0.2145056474116602,0.9634264511571344,0.1779898373718037
pilot-meta-edgecore-mesa-az,2024-04-05,0,34.31375379511707,0.0978493631641505,0.9613562322354164,0.2338294618398189
pilot-meta-edgecore-mesa-az,2024-04-05,1,35.0926040556063,0.1801693162637024,0.9596972923447846,0.2074956016874795
pilot-meta-edgecore-mesa-az,2024-04-05,2,35.061130713659324,0.1761401668639939,0.9605627283538638,0.1993145822151689
pilot-meta-edgecore-mesa-az,2024-04-05,3,34.6230850051536,0.2006084124875919,0.9633050403126246,0.1854730325798131
pilot-meta-edgecore-mesa-az,2024-04-05,4,34.81575790298451,0.2022404693631931,0.9634419518135344,0.1843533255376367
pilot-meta-edgecore-mesa-az,2024-04-21,0,48.75548258108699,0.0882961827315527,0.9612968521579972,0.2490052260601194
pilot-meta-edgecore-mesa-az,2024-04-21,1,50.55487539847221,0.1544117607477471,0.9596972707814704,0.217287699157121
pilot-meta-edgecore-mesa-az,2024-04-21,2,49.514352163949766,0.1591932438050616,0.960562728353864,0.2062789412229051
pilot-meta-edgecore-mesa-az,2024-04-21,3,48.49906749146894,0.1870257147589637,0.963301467923079,0.1905954756879643
pilot-meta-edgecore-mesa-az,2024-04-21,4,49.11557514008383,0.1860466711795793,0.963427329814541,0.190110655010351
pilot-meta-edgecore-mesa-az,2024-05-07,0,46.49759600997587,0.0817080019662987,0.9613069799007417,0.2613609377504637
pilot-meta-edgecore-mesa-az,2024-05-07,1,48.97724224488826,0.1374344794739463,0.9596972707814704,0.2277428142853202
pilot-meta-edgecore-mesa-az,2024-05-07,2,48.439830686573565,0.1494409333703735,0.9605627283538638,0.2151766279942873
pilot-meta-edgecore-mesa-az,2024-05-07,3,47.38917845236823,0.1775617125933654,0.963294249017888,0.1976161322827043
pilot-meta-edgecore-mesa-az,2024-05-07,4,48.08401941583698,0.1749557412371897,0.9634182394387256,0.1978577753224152
pilot-meta-edgecore-mesa-az,2024-05-23,0,49.627953795923375,0.0808985789504282,0.9612968521579972,0.2766496525703164
pilot-meta-edgecore-mesa-az,2024-05-23,1,52.12580074228609,0.1393849532774213,0.9596972707814704,0.2310128864779852
pilot-meta-edgecore-mesa-az,2024-05-23,2,51.83897242683334,0.1478834852720211,0.9605627283538638,0.2192271100131856
pilot-meta-edgecore-mesa-az,2024-05-23,3,50.76028940705643,0.1751386017292502,0.963297188589662,0.2011884574780039
pilot-meta-edgecore-mesa-az,2024-05-23,4,51.55377178841649,0.1711996790333506,0.9634228879250394,0.2016560490310518
pilot-meta-edgecore-mesa-az,2024-06-08,0,39.987777427744,0.0990531738606326,0.9604557009037248,0.3043151363545924
pilot-meta-edgecore-mesa-az,2024-06-08,1,43.04293753986098,0.1318655994936981,0.959585644755553,0.2683085424378201
pilot-meta-edgecore-mesa-az,2024-06-08,2,46.09947324505113,0.1498446483096558,0.959591979503412,0.2421207402080225
pilot-meta-edgecore-mesa-az,2024-06-08,3,49.465857153783496,0.1741776681688186,0.9617415577019331,0.2329504492019514
pilot-meta-edgecore-mesa-az,2024-06-08,4,51.74283802215083,0.1695186447496737,0.9626975043706176,0.2226209833486749
pilot-meta-edgecore-mesa-az,2024-06-24,0,60.02119192969064,0.0861124275830304,0.9612968521579972,0.2770739599780261
pilot-meta-edgecore-mesa-az,2024-06-24,1,61.87606159721817,0.143738706753966,0.9596972707814704,0.2358291619347259
pilot-meta-edgecore-mesa-az,2024-06-24,2,61.491945287834696,0.1536348238561514,0.9605627283538636,0.21960799296707
pilot-meta-edgecore-mesa-az,2024-06-24,3,60.34615246078557,0.1849240100146732,0.9633016335615198,0.1992614899763838
pilot-meta-edgecore-mesa-az,2024-06-24,4,61.32763070986998,0.1753305336321175,0.9634124905580927,0.2011282743309705
pilot-meta-edgecore-mesa-az,2024-07-10,0,60.46791411007553,0.0940630212991328,0.9612968521579972,0.270619569612292
pilot-meta-edgecore-mesa-az,2024-07-10,1,62.68959142472115,0.1422071307892182,0.9596972707814704,0.2292770806454854
pilot-meta-edgecore-mesa-az,2024-07-10,2,62.214683499698495,0.1496535264361097,0.9605627283538638,0.2155949690257018
pilot-meta-edgecore-mesa-az,2024-07-10,3,61.00556404517485,0.1783797891477404,0.9633033331907512,0.1983884639646544
pilot-meta-edgecore-mesa-az,2024-07-10,4,62.01001133923219,0.1698731220355083,0.963414338858051,0.2007962278813324
pilot-meta-edgecore-mesa-az,2024-07-26,0,50.48753163204949,0.0959764776008242,0.9612968521579972,0.2480020433583469
pilot-meta-edgecore-mesa-az,2024-07-26,1,49.70812646987718,0.1446710587718661,0.9596972707814704,0.2175294875665455
pilot-meta-edgecore-mesa-az,2024-07-26,2,50.304134506710184,0.1560078754322183,0.9605627283538636,0.2045262693945259
pilot-meta-edgecore-mesa-az,2024-07-26,3,50.3658086405448,0.1874859527752011,0.9633038101670908,0.1873474650256096
pilot-meta-edgecore-mesa-az,2024-07-26,4,50.698342707039494,0.1805481271321043,0.963423866471971,0.189753553258801
pilot-meta-edgecore-mesa-az,2024-08-11,0,63.84462047700938,0.0868487567248576,0.9612968521579972,0.2594614209280945
pilot-meta-edgecore-mesa-az,2024-08-11,1,65.63571098399125,0.1373676640518825,0.9596972707814704,0.2350829713665564
pilot-meta-edgecore-mesa-az,2024-08-11,2,64.19988117570658,0.1491594434256819,0.9605627283538638,0.2182811835448911
pilot-meta-edgecore-mesa-az,2024-08-11,3,62.48405596090777,0.1835114328337039,0.9633065869015408,0.1998120236918908
pilot-meta-edgecore-mesa-az,2024-08-11,4,63.3750824595092,0.1765573157066231,0.9634224189460786,0.2053314066428858
pilot-meta-edgecore-mesa-az,2024-08-27,0,44.38442811427549,0.098355235722481,0.962357254226495,0.1843228592173123
pilot-meta-edgecore-mesa-az,2024-08-27,1,49.004081845444865,0.1175846999705332,0.9606316131746716,0.2649822154642762
pilot-meta-edgecore-mesa-az,2024-08-27,2,47.62887336522837,0.1396768049718353,0.9602608618648844,0.2496596991383689
pilot-meta-edgecore-mesa-az,2024-08-27,3,46.017955387567696,0.1828165948498102,0.963787713897438,0.2434399123076385
pilot-meta-edgecore-mesa-az,2024-08-27,4,46.37062951583341,0.1626448155321711,0.9630584598524818,0.2574019925081978
pilot-meta-edgecore-mesa-az,2024-09-12,0,51.17289928734446,0.0826592693474971,0.9612968521579972,0.2433155505376424
pilot-meta-edgecore-mesa-az,2024-09-12,1,52.04627106587068,0.1322987053944511,0.9596972707814704,0.2235716695991597
pilot-meta-edgecore-mesa-az,2024-09-12,2,51.77984510006174,0.1418919492701758,0.960562728353864,0.2092574257884168
pilot-meta-edgecore-mesa-az,2024-09-12,3,50.79196853305635,0.172339762159241,0.9632998283039756,0.1914415644432163
pilot-meta-edgecore-mesa-az,2024-09-12,4,51.542021098394656,0.1660234754754519,0.9634096529791336,0.1953149480427299
pilot-meta-edgecore-mesa-az,2024-09-28,0,52.76602391872913,0.0824184984890243,0.9612968521579972,0.2411675876343879
pilot-meta-edgecore-mesa-az,2024-09-28,1,53.97551699428441,0.1276411101292573,0.9596972707814704,0.2243492725279501
pilot-meta-edgecore-mesa-az,2024-09-28,2,53.36615719717361,0.1381392283538615,0.9605627283538638,0.2082812385842791
pilot-meta-edgecore-mesa-az,2024-09-28,3,52.44061007025932,0.1672599643090967,0.96329371865475,0.1894352029740023
pilot-meta-edgecore-mesa-az,2024-09-28,4,53.07341940549286,0.1632832963929298,0.9634024011622708,0.1933192265524193
pilot-meta-edgecore-mesa-az,2024-10-14,0,45.213183956687075,0.0837105194902805,0.9612968521579972,0.242854969538469
pilot-meta-edgecore-mesa-az,2024-10-14,1,46.56669214475315,0.1289042961984881,0.9597266765178386,0.2223323394452516
pilot-meta-edgecore-mesa-az,2024-10-14,2,44.85791024569255,0.1406875163561344,0.960619913702181,0.2088248549278477
pilot-meta-edgecore-mesa-az,2024-10-14,3,44.60707989639076,0.1696450669602556,0.9638020335634492,0.182240615748314
pilot-meta-edgecore-mesa-az,2024-10-14,4,45.44303722898958,0.1609958978614348,0.9635751528435544,0.1860418589062162
pilot-meta-edgecore-mesa-az,2024-10-30,0,32.83806514600249,0.0829363900770008,0.9612968521579972,0.233403638656563
pilot-meta-edgecore-mesa-az,2024-10-30,1,33.95533203958946,0.1259572507790801,0.9597537933394292,0.209361269587051
pilot-meta-edgecore-mesa-az,2024-10-30,2,33.42550340314588,0.1405894164749223,0.9605116953101512,0.2012084245385481
pilot-meta-edgecore-mesa-az,2024-10-30,3,32.6905362713357,0.1753183699936223,0.9633047493538586,0.1809625706164387
pilot-meta-edgecore-mesa-az,2024-10-30,4,33.32045015714416,0.1684926298459517,0.96341833040128,0.1850325814639478
pilot-meta-edgecore-mesa-az,2024-11-15,0,29.7525216590767,0.0776424324497092,0.9612968521579972,0.2306099786485048
pilot-meta-edgecore-mesa-az,2024-11-15,1,30.98896474160452,0.121668273139589,0.9597029773072544,0.2036406323206351
pilot-meta-edgecore-mesa-az,2024-11-15,2,30.47692441178344,0.1388428626196699,0.960565813797554,0.1948991097480401
pilot-meta-edgecore-mesa-az,2024-11-15,3,29.737039523763833,0.1724675035265607,0.9633015712194274,0.1753414095146519
pilot-meta-edgecore-mesa-az,2024-11-15,4,30.27209322346548,0.1670068782771564,0.963413872297572,0.1794458516024473
pilot-meta-edgecore-mesa-az,2024-12-01,0,27.23706807153258,0.0780558714681448,0.961290337582758,0.2332618082773889
pilot-meta-edgecore-mesa-az,2024-12-01,1,28.388905196057294,0.1190208164184637,0.9596954465012616,0.2060312540844728
pilot-meta-edgecore-mesa-az,2024-12-01,2,27.787669212493903,0.1393594750467015,0.9605610894653358,0.1905923173283355
pilot-meta-edgecore-mesa-az,2024-12-01,3,27.078828671853017,0.1731240684432006,0.9633026164417792,0.171881811172283
pilot-meta-edgecore-mesa-az,2024-12-01,4,27.556891911576145,0.1685189097888938,0.9634116896854996,0.1758941470898803
pilot-meta-edgecore-mesa-az,2024-12-17,0,20.50300361693801,0.0762939999905057,0.9612968521579972,0.2324288390059503
pilot-meta-edgecore-mesa-az,2024-12-17,1,21.592375866073485,0.1155615247840734,0.9596972707814704,0.2029610220819722
pilot-meta-edgecore-mesa-az,2024-12-17,2,20.97923405161574,0.1344780723529787,0.9605627283538638,0.1903074988691869
pilot-meta-edgecore-mesa-az,2024-12-17,3,19.954371174500405,0.1649342623615114,0.9632944704716812,0.1737708553326387
pilot-meta-edgecore-mesa-az,2024-12-17,4,19.742110088473,0.160947674872106,0.9634156899649544,0.1766574062461539
pilot-meta-edgecore-mesa-az,2025-01-02,0,22.224715283394858,0.0781821993697272,0.961490476682548,0.2274667845622484
pilot-meta-edgecore-mesa-az,2025-01-02,1,23.590187778012343,0.1169972368048073,0.9597946397382509,0.1930344526260645
pilot-meta-edgecore-mesa-az,2025-01-02,2,23.009502279238458,0.1320980740457894,0.9606071691033146,0.182723126029309
pilot-meta-edgecore-mesa-az,2025-01-02,3,22.377065080192256,0.1637289287976555,0.9632924607682098,0.1645636996176556
pilot-meta-edgecore-mesa-az,2025-01-02,4,22.835609076689895,0.1614985089666815,0.9633969473903812,0.1698127786761788
pilot-meta-edgecore-mesa-az,2025-01-18,0,20.207749677110428,0.0773855375104153,0.9614280995908796,0.2352514956921379
pilot-meta-edgecore-mesa-az,2025-01-18,1,21.62553485991028,0.1160895144713075,0.9596914458345986,0.2021292684431515
pilot-meta-edgecore-mesa-az,2025-01-18,2,21.17885806180981,0.1269592010308959,0.9604045763031532,0.187723251577724
pilot-meta-edgecore-mesa-az,2025-01-18,3,20.55131910082484,0.1553365533364773,0.963326744953662,0.1690534759040451
pilot-meta-edgecore-mesa-az,2025-01-18,4,20.990335171505503,0.1540719826862328,0.9633892753820374,0.1746187768958671
pilot-meta-edgecore-mesa-az,2025-02-03,0,25.851326825188796,0.0768435269694989,0.9612968521579972,0.244659940084836
pilot-meta-edgecore-mesa-az,2025-02-03,1,27.453967613404565,0.1113642807578188,0.9596932195788652,0.2054961876020422
pilot-meta-edgecore-mesa-az,2025-02-03,2,26.681326848321543,0.1243856804027236,0.9605619077132476,0.1915510535073082
pilot-meta-edgecore-mesa-az,2025-02-03,3,25.91637738130309,0.1489297297248545,0.9632824580185216,0.1775279132412454
pilot-meta-edgecore-mesa-az,2025-02-03,4,26.44642320232391,0.1487551639274449,0.9634011342505412,0.1826423401637049
pilot-meta-edgecore-mesa-az,2025-02-19,0,29.131023091349473,0.0747540778973829,0.9612968521579972,0.2504585026656772
pilot-meta-edgecore-mesa-az,2025-02-19,1,31.14473759273763,0.1093874857234452,0.959694368001073,0.2088627758626955
pilot-meta-edgecore-mesa-az,2025-02-19,2,30.533809691923025,0.121897524394678,0.960564012848553,0.1931665162928677
pilot-meta-edgecore-mesa-az,2025-02-19,3,29.975082938116564,0.1468295865582634,0.9632844416168248,0.1764208458332185
pilot-meta-edgecore-mesa-az,2025-02-19,4,30.62327266887348,0.1466512472471304,0.963396256525395,0.1794586487450911
pilot-meta-edgecore-mesa-az,2025-03-23,0,39.2521469430631,0.0728614188806149,0.9612968521579972,0.2799534056727373
pilot-meta-edgecore-mesa-az,2025-03-23,1,41.52356057752392,0.1102388850249296,0.9596941171275452,0.2307916423089941
pilot-meta-edgecore-mesa-az,2025-03-23,2,41.077404652500086,0.1253752752682737,0.9605648273261302,0.2120620451628627
pilot-meta-edgecore-mesa-az,2025-03-23,3,40.06728376667347,0.156364379570133,0.963293055641036,0.1918743097929572
pilot-meta-edgecore-mesa-az,2025-03-23,4,40.223067826056635,0.1543162095204137,0.963411640778261,0.1950687243957861
pilot-meta-edgecore-mesa-az,2025-04-08,0,42.915290340994154,0.0747920314163709,0.9612968521579972,0.2774316536904717
pilot-meta-edgecore-mesa-az,2025-04-08,1,45.34247029353051,0.113890795635435,0.9596972707814704,0.230908102793043
pilot-meta-edgecore-mesa-az,2025-04-08,2,44.84941568334598,0.1282250241650137,0.960562728353864,0.2138822141381635
pilot-meta-edgecore-mesa-az,2025-04-08,3,43.90010828973746,0.1610145086363914,0.963295558960748,0.1943456231309383
pilot-meta-edgecore-mesa-az,2025-04-08,4,44.6816390638675,0.1582798405629571,0.9634149189076866,0.1977628206111223
pilot-meta-edgecore-mesa-az,2025-04-24,0,45.51405301165171,0.0697119782457873,0.9612968521579972,0.291616539435898
pilot-meta-edgecore-mesa-az,2025-04-24,1,47.93013941913804,0.111745379596585,0.9596972707814704,0.2389867351524721
pilot-meta-edgecore-mesa-az,2025-04-24,2,46.78685286213161,0.1263001278799629,0.9605627283538636,0.2231082213505367
pilot-meta-edgecore-mesa-az,2025-04-24,3,44.55688714114543,0.157875138076355,0.9632917347604804,0.2033126257753404
pilot-meta-edgecore-mesa-az,2025-04-24,4,45.07580223585902,0.1542886960194903,0.9634000025714048,0.2049546303375389
pilot-meta-edgecore-mesa-az,2025-05-10,0,49.29734337958704,0.0744017792860613,0.9612968521579972,0.2862353243074474
pilot-meta-edgecore-mesa-az,2025-05-10,1,51.20223122269451,0.1160123418321104,0.9596972707814704,0.2422186848354445
pilot-meta-edgecore-mesa-az,2025-05-10,2,50.734166461693256,0.1311573314070892,0.9605627283538638,0.2231991291727293
pilot-meta-edgecore-mesa-az,2025-05-10,3,50.0713472869865,0.1614205245168783,0.9632915204681624,0.2027153012511049
pilot-meta-edgecore-mesa-az,2025-05-10,4,50.644032258183536,0.1561951106807171,0.9634062063328792,0.2067808484185457
pilot-meta-edgecore-mesa-az,2025-05-26,0,52.699287793887144,0.0712250423615487,0.9612968521579972,0.2936545451052808
pilot-meta-edgecore-mesa-az,2025-05-26,1,55.08824972140234,0.1186607872702661,0.9596972707814704,0.247934473501408
pilot-meta-edgecore-mesa-az,2025-05-26,2,54.377787985414805,0.1323348796049434,0.9605627283538638,0.2275799980736632
pilot-meta-edgecore-mesa-az,2025-05-26,3,53.32200669495904,0.1607296123793122,0.9632941714283384,0.2066585489344617
pilot-meta-edgecore-mesa-az,2025-05-26,4,54.25307198686452,0.1524492169218323,0.9634020117452704,0.2109862791430208
pilot-meta-edgecore-mesa-az,2025-06-11,0,56.36444378246583,0.0766855568825134,0.9612968521579972,0.2944337192235825
pilot-meta-edgecore-mesa-az,2025-06-11,1,58.32379474199644,0.1222409705692523,0.9596972707814704,0.2485587808728216
pilot-meta-edgecore-mesa-az,2025-06-11,2,57.96016067905272,0.1357911708704581,0.9605627283538638,0.2268160640235286
pilot-meta-edgecore-mesa-az,2025-06-11,3,56.52760035457376,0.1642952199723998,0.9632978494461968,0.2057423068034651
pilot-meta-edgecore-mesa-az,2025-06-11,4,57.49903794944571,0.1536351446247202,0.9633997712069028,0.2074590667738151
pilot-meta-edgecore-mesa-az,2025-06-27,0,56.7284749373883,0.0698968115039464,0.9612968521579972,0.2965075077766429
pilot-meta-edgecore-mesa-az,2025-06-27,1,58.70666918973624,0.115897270642961,0.9596972707814704,0.2500446212211996
pilot-meta-edgecore-mesa-az,2025-06-27,2,58.13872859028586,0.1317717087392637,0.9605627283538638,0.2274415024207731
pilot-meta-edgecore-mesa-az,2025-06-27,3,57.18389851996231,0.1618325583853044,0.9632869609264968,0.2048678119295734
pilot-meta-edgecore-mesa-az,2025-06-27,4,58.18407733049087,0.151235219241615,0.9633779552656536,0.2095269501164073
pilot-meta-edgecore-mesa-az,2025-07-13,0,57.51778684748385,0.0854535095092646,0.9612968521579972,0.2821082148460805
pilot-meta-edgecore-mesa-az,2025-07-13,1,59.73206200558907,0.1239808737261214,0.9596972707814704,0.2434320704545131
pilot-meta-edgecore-mesa-az,2025-07-13,2,58.938399756891904,0.1353193777975545,0.960562728353864,0.2227777614333615
pilot-meta-edgecore-mesa-az,2025-07-13,3,57.81230815626959,0.1622422548518094,0.9632978677707424,0.2036990782951643
pilot-meta-edgecore-mesa-az,2025-07-13,4,58.47635562398017,0.1527238132127577,0.9635629636908164,0.2078269361928665
pilot-meta-edgecore-mesa-az,2025-07-29,0,56.75203351170013,0.0723171839604971,0.9612968521579972,0.2865692752428507
pilot-meta-edgecore-mesa-az,2025-07-29,1,58.197151082259445,0.1186357021056386,0.9596972707814704,0.2408786428018817
pilot-meta-edgecore-mesa-az,2025-07-29,2,57.580902316129254,0.1332108517554892,0.9605627283538638,0.2207323886014415
pilot-meta-edgecore-mesa-az,2025-07-29,3,56.63868364024732,0.1633599248623289,0.9632836939138532,0.2003185118086855
pilot-meta-edgecore-mesa-az,2025-07-29,4,57.343240007378434,0.1550473920899706,0.9633793605329036,0.2051460311909434
pilot-meta-edgecore-mesa-az,2025-08-30,0,53.05714517460416,0.0673204825574002,0.9612968521579972,0.2890924747122335
pilot-meta-edgecore-mesa-az,2025-08-30,1,54.42670728261601,0.1180351628580819,0.9596972707814704,0.23796615370279
pilot-meta-edgecore-mesa-az,2025-08-30,2,54.393508818515095,0.1367559600744287,0.960562728353864,0.2163953644029174
pilot-meta-edgecore-mesa-az,2025-08-30,3,53.897441381569415,0.1730966678353128,0.9633032149919106,0.1939427390693648
pilot-meta-edgecore-mesa-az,2025-08-30,4,54.57259706786055,0.1639080930060872,0.9634067592844832,0.1993079601827601
pilot-meta-edgecore-mesa-az,2025-09-15,0,50.70096183300625,0.0737384289580211,0.9612968521579972,0.2779183330406479
pilot-meta-edgecore-mesa-az,2025-09-15,1,52.78937193128805,0.1170028837981554,0.9596972707814704,0.2342319463706926
pilot-meta-edgecore-mesa-az,2025-09-15,2,52.18710521797385,0.1332428386654554,0.9605627283538638,0.2140507681427977
pilot-meta-edgecore-mesa-az,2025-09-15,3,51.05443854594677,0.1680205761110115,0.9633017785158532,0.1931424410469789
pilot-meta-edgecore-mesa-az,2025-09-15,4,51.80889783951475,0.1600385830968654,0.963407091317945,0.1987841017996873
pilot-meta-edgecore-mesa-az,2025-10-01,0,44.751060535800946,0.0701863564607603,0.9612968521579972,0.2822323155892756
pilot-meta-edgecore-mesa-az,2025-10-01,1,46.380120090915426,0.1170649075360492,0.9596972707814704,0.231364653769609
pilot-meta-edgecore-mesa-az,2025-10-01,2,46.30701080208553,0.1357849609106504,0.9605627283538638,0.2103156523159994
pilot-meta-edgecore-mesa-az,2025-10-01,3,45.624937747472536,0.1695103387250058,0.9632991093277216,0.1877284787899684
pilot-meta-edgecore-mesa-az,2025-10-01,4,46.19810265120695,0.1604665795712047,0.9633921889369258,0.1925168139559084
pilot-meta-edgecore-mesa-az,2025-11-02,0,34.99743713421306,0.0723878567189829,0.9612968521579972,0.2738915108799567
pilot-meta-edgecore-mesa-az,2025-11-02,1,36.2429403935909,0.1424186423455995,0.9597399078605956,0.2198164815921434
pilot-meta-edgecore-mesa-az,2025-11-02,2,36.08135054797152,0.1568339348309252,0.9605661226100852,0.2010356585897732
pilot-meta-edgecore-mesa-az,2025-11-02,3,35.53423234410652,0.1947176256184149,0.9633110177273524,0.1772559341630874
pilot-meta-edgecore-mesa-az,2025-11-02,4,35.83367458126501,0.2006319791291505,0.963419791622319,0.1831722689251976
pilot-meta-edgecore-mesa-az,2025-12-04,0,19.24402911191828,0.1018684181393784,0.9612963834327336,0.2600469431419571
pilot-meta-edgecore-mesa-az,2025-12-04,1,20.113516870400375,0.204182247092013,0.9596992071237485,0.2019879391368501
pilot-meta-edgecore-mesa-az,2025-12-04,2,20.437552401648304,0.2092572372068898,0.9605649830897436,0.1887594308892776
pilot-meta-edgecore-mesa-az,2025-12-04,3,20.576156623031995,0.2334468429668585,0.96331432246403,0.1666488983983774
pilot-meta-edgecore-mesa-az,2025-12-04,4,20.79304049846041,0.2492061665523964,0.9633983358431312,0.1717004309847807
pilot-meta-edgecore-mesa-az,2025-12-20,0,23.185450200961352,0.1006361365582448,0.9612963834327336,0.2469064629719959
pilot-meta-edgecore-mesa-az,2025-12-20,1,24.05777030504524,0.2214307698083317,0.9597112741283628,0.1996999670869115
pilot-meta-edgecore-mesa-az,2025-12-20,2,24.09452055106283,0.2189415601829855,0.9605675644150928,0.1826424604003994
pilot-meta-edgecore-mesa-az,2025-12-20,3,23.887318107133535,0.2309149659123849,0.9633065480820074,0.1651318557081578
pilot-meta-edgecore-mesa-az,2025-12-20,4,23.963719795437644,0.2475928011222967,0.9633897958169454,0.1714320144110434
pilot-meta-edgecore-mesa-az,2026-01-05,4,14.270144063977716,0.2155677859222476,0.9625149515343274,0.1004330612627442
pilot-meta-edgecore-mesa-az,2026-02-06,0,28.41180064835767,0.1053191485274026,0.9612968521579972,0.2500706519248101
pilot-meta-edgecore-mesa-az,2026-02-06,1,29.688879477225463,0.1867843591826146,0.9596913329485056,0.2051786646599848
pilot-meta-edgecore-mesa-az,2026-02-06,2,29.4621640431842,0.1889505837483547,0.9605622401356856,0.1859012068955867
pilot-meta-edgecore-mesa-az,2026-02-06,3,29.161977820389986,0.2025642418575449,0.963291929676981,0.1681445676428073
pilot-meta-edgecore-mesa-az,2026-02-06,4,29.55140927524307,0.2118923814690151,0.9633982568546472,0.1722884948653337
pilot-meta-edgecore-mesa-az,2026-02-22,0,31.023724935219235,0.0976064241758669,0.9612968521579972,0.2596381934244152
pilot-meta-edgecore-mesa-az,2026-02-22,1,32.60172104196211,0.162550834717161,0.9596972707814704,0.2118913742957812
pilot-meta-edgecore-mesa-az,2026-02-22,2,32.31259097533753,0.1692953384672202,0.960562728353864,0.1935391884162928
pilot-meta-edgecore-mesa-az,2026-02-22,3,31.53456853926025,0.1890399609140962,0.9632952495432938,0.1731196854647259
pilot-meta-edgecore-mesa-az,2026-02-22,4,31.56162298758669,0.194108799960863,0.9634075939515786,0.1780094860751752
pilot-meta-edgecore-mesa-az,2026-03-26,0,46.30059736832986,0.0782908708573407,0.9612968521579972,0.2717894617049676
pilot-meta-edgecore-mesa-az,2026-03-26,1,48.15448345725979,0.1326283286147251,0.9596972707814704,0.2200427230881884
pilot-meta-edgecore-mesa-az,2026-03-26,2,47.75026528466612,0.1474297367494123,0.9605627283538638,0.202445583241066
pilot-meta-edgecore-mesa-az,2026-03-26,3,46.826843060896366,0.1755283112762123,0.9632893760409358,0.1818237580108504
pilot-meta-edgecore-mesa-az,2026-03-26,4,47.381265923017,0.1736107632887468,0.9633907673037142,0.1863639417752188
pilot-meta-edgecore-mesa-az,2026-04-11,0,47.20357796738508,0.0807123950093434,0.9612968521579972,0.2723060553537337
pilot-meta-edgecore-mesa-az,2026-04-11,1,49.14423935196509,0.1320768490967428,0.9596972707814704,0.2231127552788307
pilot-meta-edgecore-mesa-az,2026-04-11,2,48.36435326395811,0.1479034640055879,0.960562728353864,0.2058741497215564
pilot-meta-edgecore-mesa-az,2026-04-11,3,47.34260487258606,0.1769843902256558,0.9632990392722098,0.1853897331282386
pilot-meta-edgecore-mesa-az,2026-04-11,4,47.99507096689712,0.1742616687178168,0.9634137561745044,0.1898754753529491
pilot-meta-edgecore-mesa-az,2026-04-27,0,44.680032953516346,0.0769220602345001,0.9612968521579972,0.2788276706611855
pilot-meta-edgecore-mesa-az,2026-04-27,1,46.295622938105325,0.1248656015766686,0.9596972707814704,0.2331128185214381
pilot-meta-edgecore-mesa-az,2026-04-27,2,45.61103052800291,0.1411839026953439,0.9605627283538638,0.2155721639608468
pilot-meta-edgecore-mesa-az,2026-04-27,3,44.65303360475853,0.1687630421465319,0.963294813297994,0.1945914683269697
pilot-meta-edgecore-mesa-az,2026-04-27,4,45.36936662432693,0.164889704025263,0.9634044909695184,0.1993833654815139
pilot-meta-edgecore-mesa-az,2026-05-13,2,33.42072200000004,0.1874349384083549,0.9594,0.173506205
pilot-meta-edgecore-mesa-az,2026-05-13,3,38.980602854928,0.1253500777421052,0.9602185678911404,0.2525235234425481
pilot-meta-edgecore-mesa-az,2026-05-13,4,41.59340661215979,0.1352286228767829,0.95995515998032,0.2719300425095134
pilot-meta-edgecore-mesa-az,2026-05-29,0,49.5885477747643,0.0761038600731458,0.9612968521579972,0.2927409798394427
pilot-meta-edgecore-mesa-az,2026-05-29,1,50.983311965644056,0.1283007983876023,0.9596972707814704,0.2431195096828322
pilot-meta-edgecore-mesa-az,2026-05-29,2,50.360926320810584,0.1436701841960054,0.9605627283538638,0.2228098536910214
pilot-meta-edgecore-mesa-az,2026-05-29,3,49.3212804535581,0.1710619118223062,0.9632957425373734,0.2007223114921487
pilot-meta-edgecore-mesa-az,2026-05-29,4,50.148726305893376,0.1637777370537778,0.9633965340860112,0.2055049118251103
pilot-meta-edgecore-mesa-az,2026-06-14,0,52.94141416198,0.0848663636522896,0.9616742117094532,0.2450006113619837
pilot-meta-edgecore-mesa-az,2026-06-14,1,55.3087441218924,0.1432432384453834,0.9602449391598892,0.2351008010619458
pilot-meta-edgecore-mesa-az,2026-06-14,2,55.92045181798007,0.1489345772631688,0.9609382047985936,0.2204164488314755
pilot-meta-edgecore-mesa-az,2026-06-14,3,57.56744197595582,0.17574050586194,0.9646490348898512,0.1948016111133196
pilot-meta-edgecore-mesa-az,2026-06-14,4,56.84296319739525,0.1666702620695025,0.9645001378674812,0.2099965027938612
pilot-meta-edgecore-mesa-az,2026-06-30,0,53.54304308915417,0.0761315639168356,0.9612968521579972,0.2964946473746352
pilot-meta-edgecore-mesa-az,2026-06-30,1,55.268828648178086,0.1298999430965769,0.9596972707814704,0.2446595953521201
pilot-meta-edgecore-mesa-az,2026-06-30,2,54.84704692207632,0.1438587643027977,0.9605627283538636,0.2228457578756918
pilot-meta-edgecore-mesa-az,2026-06-30,3,54.46175299862862,0.1689466838724272,0.9632947278984348,0.2007988415461887
pilot-meta-edgecore-mesa-az,2026-06-30,4,55.250746356337814,0.1621081069042529,0.9633938504077936,0.2060656469031759
pilot-meta-edgecore-mesa-az,2026-08-01,0,60.32958155017664,0.0755503838519655,0.9612968521579972,0.2908976573183116
pilot-meta-edgecore-mesa-az,2026-08-01,1,62.23857364065664,0.1240005472109224,0.9596972707814704,0.2413024006174291
pilot-meta-edgecore-mesa-az,2026-08-01,2,61.62594853214064,0.1435343390062536,0.960562728353864,0.2196067564269236
pilot-meta-edgecore-mesa-az,2026-08-01,3,60.696827243793265,0.1744765719625017,0.963302017687054,0.1978168496390412
pilot-meta-edgecore-mesa-az,2026-08-01,4,61.39185166640661,0.1673036389146938,0.9634087583512756,0.2034349325860724
pilot-meta-edgecore-mesa-az,2026-08-17,0,58.95090659968005,0.0717659238409159,0.9612968521579972,0.2840131315962932
pilot-meta-edgecore-mesa-az,2026-08-17,1,61.234824374354325,0.1221460350093862,0.9596972707814704,0.2334736075312481
pilot-meta-edgecore-mesa-az,2026-08-17,2,60.66089171875926,0.1433214737772374,0.9605627283538636,0.2117952685770615
pilot-meta-edgecore-mesa-az,2026-08-17,3,59.900594068254485,0.1743870742835491,0.9633002746198172,0.1910221898132294
pilot-meta-edgecore-mesa-az,2026-08-17,4,60.78391099469953,0.1661547227985779,0.9634004491576594,0.1963003516437867
pilot-meta-edgecore-mesa-az,2026-09-02,0,50.51528102804507,0.0721696123744658,0.9612968521579972,0.280729894340841
pilot-meta-edgecore-mesa-az,2026-09-02,1,51.49196213492243,0.1244653476582745,0.9596972707814704,0.2318683268294484
pilot-meta-edgecore-mesa-az,2026-09-02,2,50.5833993273141,0.1444902467197605,0.960562728353864,0.2118311144889142
pilot-meta-edgecore-mesa-az,2026-09-02,3,49.639167958625855,0.1763381503299814,0.963406837139154,0.1907929634491711
pilot-meta-edgecore-mesa-az,2026-09-02,4,50.1424576155744,0.1720015829351295,0.9634433135259932,0.196396704778641
pilot-meta-edgecore-mesa-az,2026-09-18,0,46.11842114724415,0.0744017305696846,0.9612968521579972,0.2704398031524369
pilot-meta-edgecore-mesa-az,2026-09-18,1,46.346475158990664,0.1265501268817513,0.9596972707814704,0.217546188317923
pilot-meta-edgecore-mesa-az,2026-09-18,2,47.13228364633071,0.1464086493953096,0.960562728353864,0.2008986636413303
pilot-meta-edgecore-mesa-az,2026-09-18,3,47.51720702646253,0.1804046893718137,0.9632935389003378,0.1798110131102334
pilot-meta-edgecore-mesa-az,2026-09-18,4,47.42746245334181,0.1741060506081411,0.9634363495479789,0.1836336420823798
