site_id,date,ring,lst_c,ndvi,emissivity,albedo
pilot-meta-social-circle-ga,2013-05-21,1,33.4876351045021,0.5338520512061774,0.9789989958158996,0.2337349913933054
pilot-meta-social-circle-ga,2013-05-21,2,30.252216435050247,0.7827299960487285,0.9851685483900464,0.2075177155557127
pilot-meta-social-circle-ga,2013-05-21,3,31.999217445429565,0.7574845150550912,0.9842479071747432,0.2074774046337875
pilot-meta-social-circle-ga,2013-05-21,4,32.25598043672871,0.7439192317448107,0.983927003743229,0.2097718738681463
pilot-meta-social-circle-ga,2013-04-10,0,30.29619644610184,0.5804746044473724,0.9828248076643252,0.1074621091863927
pilot-meta-social-circle-ga,2013-04-10,1,31.363798511481345,0.5010970507684629,0.9812619048557352,0.1321940816637326
pilot-meta-social-circle-ga,2013-04-10,2,31.74033031361801,0.5711321846675159,0.9819076245405431,0.1266903460462069
pilot-meta-social-circle-ga,2013-04-10,3,31.72701448938772,0.5779321504534045,0.9816797906762288,0.137549537512112
pilot-meta-social-circle-ga,2013-04-10,4,31.667545335700748,0.5919029463739571,0.9815232427067528,0.1501887860581469
pilot-meta-social-circle-ga,2013-04-26,0,23.347494914940896,0.7761421996698263,0.9855351751482316,0.1289202466613164
pilot-meta-social-circle-ga,2013-04-26,1,24.917269518296894,0.6645865485226032,0.9837017122997,0.1541378521520192
pilot-meta-social-circle-ga,2013-04-26,2,24.400165616659528,0.7848679327122946,0.9854066380826886,0.153107677162778
pilot-meta-social-circle-ga,2013-04-26,3,25.530962314627953,0.7490730870199928,0.9846022123459583,0.1581364578305977
pilot-meta-social-circle-ga,2013-04-26,4,26.269989076432864,0.7305483949133075,0.983849478027346,0.1669312112126018
pilot-meta-social-circle-ga,2013-05-12,0,23.360142778334637,0.819460108435235,0.985856481846666,0.1552288745465775
pilot-meta-social-circle-ga,2013-05-12,1,25.68986688385486,0.6458923393072464,0.9830156180626092,0.1805488665201076
pilot-meta-social-circle-ga,2013-05-12,2,23.983893367949133,0.8123895611370722,0.9854005792250532,0.1815047303621401
pilot-meta-social-circle-ga,2013-05-12,3,25.2202630022806,0.7817059553224598,0.9849533561426108,0.1824709577689651
pilot-meta-social-circle-ga,2013-05-12,4,25.919141422835,0.7503659319078589,0.9835779722935658,0.189629945371675
pilot-meta-social-circle-ga,2013-05-28,0,29.0140042802868,0.8178725036638776,0.9857607871667096,0.1537816974421172
pilot-meta-social-circle-ga,2013-05-28,1,31.31812704569892,0.7048113741617861,0.9839796527807282,0.1801749455911046
pilot-meta-social-circle-ga,2013-05-28,2,29.510545165473538,0.8199969701559885,0.9855374786160082,0.1838310040574789
pilot-meta-social-circle-ga,2013-05-28,3,30.13534952933526,0.7550909228446784,0.9841959379869224,0.1800173406070563
pilot-meta-social-circle-ga,2013-05-28,4,28.67946748875807,0.7128244136907558,0.98293422566353,0.1808135177519109
pilot-meta-social-circle-ga,2013-06-13,0,32.16575121601216,0.8183940970186314,0.9860741160743514,0.1381255302078181
pilot-meta-social-circle-ga,2013-06-13,1,33.23685642686817,0.7046902018348886,0.9842412829894708,0.1589061436807397
pilot-meta-social-circle-ga,2013-06-13,2,32.536572358675826,0.8291336682646868,0.9861026057112589,0.1671745337187355
pilot-meta-social-circle-ga,2013-06-13,3,33.72310285858333,0.7788523621717119,0.9850405579122296,0.1667978520543186
pilot-meta-social-circle-ga,2013-06-13,4,34.407070482120346,0.7394163537712356,0.983880254410592,0.1725175927360754
pilot-meta-social-circle-ga,2013-06-29,0,26.830452085046556,0.8051855029948093,0.9854769120375868,0.1463298572987183
pilot-meta-social-circle-ga,2013-06-29,1,27.66155155400648,0.7491561394522385,0.9845933757454386,0.1610265959140598
pilot-meta-social-circle-ga,2013-06-29,2,26.38549915468054,0.8235162092855042,0.9855366111533712,0.1821707966631692
pilot-meta-social-circle-ga,2013-06-29,3,27.554251566899907,0.7975317099021071,0.98494417806751,0.1787867003509736
pilot-meta-social-circle-ga,2013-06-29,4,28.78950114240444,0.7544180140030725,0.9835674611390728,0.1900940950924076
pilot-meta-social-circle-ga,2013-07-15,0,26.70207857353988,0.8636254163114275,0.9856725152355956,0.1601159449172725
pilot-meta-social-circle-ga,2013-07-15,1,28.779475679296244,0.718668823433247,0.983780856937822,0.1862319782052147
pilot-meta-social-circle-ga,2013-07-15,2,27.53186979202265,0.8809535615976161,0.9857914858556912,0.1800750573980837
pilot-meta-social-circle-ga,2013-07-15,3,27.8380586590718,0.842263828591724,0.9849340530476092,0.1834238329161135
pilot-meta-social-circle-ga,2013-07-15,4,29.21906556988895,0.8398720500681414,0.9850866744324774,0.1972873518050448
pilot-meta-social-circle-ga,2013-09-01,1,26.392885526963507,0.8325798724012453,0.9849556606457932,0.1520614903011859
pilot-meta-social-circle-ga,2013-09-01,2,28.010165002526826,0.8372213577105675,0.9849233623041396,0.1442148794764068
pilot-meta-social-circle-ga,2013-09-01,3,29.84783781512628,0.8034125343271707,0.9844481159182426,0.1520509990202148
pilot-meta-social-circle-ga,2013-09-01,4,30.89487412612289,0.7615105900584352,0.9830695424446422,0.1705565105615923
pilot-meta-social-circle-ga,2013-09-17,1,17.68171193242545,0.8105270742424,0.9808584676566394,0.0832918732616237
pilot-meta-social-circle-ga,2013-09-17,2,18.052777279522445,0.7927994170167201,0.9804949831162568,0.0940507235859865
pilot-meta-social-circle-ga,2013-09-17,3,21.36139811535716,0.7190947783490196,0.9766357142857142,0.1116247660714285
pilot-meta-social-circle-ga,2013-09-17,4,20.562415595000008,0.7772565462397019,0.9799000000000002,0.1112755910416666
pilot-meta-social-circle-ga,2013-10-03,0,26.69205280211098,0.8024459034619545,0.9847184064784852,0.100178057177076
pilot-meta-social-circle-ga,2013-10-03,1,27.839094515944897,0.6912631947679729,0.9830312320982096,0.1238071577256554
pilot-meta-social-circle-ga,2013-10-03,2,27.11730904291728,0.8056108739470397,0.9844577864242002,0.1216134709340914
pilot-meta-social-circle-ga,2013-10-03,3,28.34390694596544,0.7611805725954752,0.9835651281784796,0.1271115952055563
pilot-meta-social-circle-ga,2013-10-03,4,29.27981988747128,0.7124073330788463,0.982515675003547,0.1385315161100246
pilot-meta-social-circle-ga,2013-11-04,0,15.52293098073772,0.7402133874286928,0.984474767651232,0.0892737030538629
pilot-meta-social-circle-ga,2013-11-04,1,16.208256736765193,0.6227253188178429,0.9826425347052496,0.1103660917694675
pilot-meta-social-circle-ga,2013-11-04,2,16.302505343477076,0.7123465687799198,0.9838103157688122,0.1091713298985124
pilot-meta-social-circle-ga,2013-11-04,3,17.14135676088664,0.6821348067103903,0.9830889803640545,0.1160372380881962
pilot-meta-social-circle-ga,2013-11-04,4,17.88076949625206,0.6417386142779978,0.9821635683839476,0.1285663744290069
pilot-meta-social-circle-ga,2013-11-20,0,10.310392896938811,0.543598252605035,0.9812351517069076,0.1108121753875044
pilot-meta-social-circle-ga,2013-11-20,1,10.832869851837655,0.4432410357947273,0.979306850251702,0.1368151201177321
pilot-meta-social-circle-ga,2013-11-20,2,10.608309244634178,0.5380210487686731,0.9803646809145627,0.129466763850994
pilot-meta-social-circle-ga,2013-11-20,3,10.931846932975656,0.5439796565748496,0.980296963992261,0.1297439113896939
pilot-meta-social-circle-ga,2013-11-20,4,11.16889576824569,0.4729194429483437,0.9793691870478546,0.1522394516407595
pilot-meta-social-circle-ga,2014-01-07,0,-4.885120658792771,0.6641088402963337,0.9831811547415512,0.0798219299224176
pilot-meta-social-circle-ga,2014-01-07,1,-4.028422538054869,0.5477308997313042,0.9813352798638958,0.1001249738616884
pilot-meta-social-circle-ga,2014-01-07,2,-3.678716806729952,0.5728249078206905,0.981429206574746,0.0969495193945624
pilot-meta-social-circle-ga,2014-01-07,3,-2.9418321725448333,0.5448365221733396,0.98072163936918,0.1069849429945848
pilot-meta-social-circle-ga,2014-01-07,4,-2.2018971931102125,0.5001944754887907,0.9798019793703184,0.121616820777336
pilot-meta-social-circle-ga,2014-01-23,0,3.774990082198106,0.6331884197022366,0.9831838888181575,0.0860244643378968
pilot-meta-social-circle-ga,2014-01-23,1,4.231555413856209,0.5219875541095864,0.9813078678826256,0.1055530722779807
pilot-meta-social-circle-ga,2014-01-23,2,4.741741874057028,0.5462224731829366,0.9813679525550872,0.1035583947475026
pilot-meta-social-circle-ga,2014-01-23,3,5.3486425966225575,0.5159174222396251,0.9805400687797796,0.112011747153754
pilot-meta-social-circle-ga,2014-01-23,4,5.291980413818034,0.4667021830284455,0.9795059546112218,0.1278815433203032
pilot-meta-social-circle-ga,2014-02-08,0,12.282240785742363,0.5943289916781068,0.9824792095594912,0.0887785576699078
pilot-meta-social-circle-ga,2014-02-08,1,12.73975345922808,0.5031770177777424,0.9809235468405904,0.1047722495351158
pilot-meta-social-circle-ga,2014-02-08,2,13.871233661559629,0.5255669439856232,0.981022652612516,0.1123551949836555
pilot-meta-social-circle-ga,2014-02-08,3,14.623983606536951,0.5064021510475134,0.9804340676451349,0.1224749098291164
pilot-meta-social-circle-ga,2014-02-08,4,15.151015233592446,0.4648186080921722,0.97948849283645,0.1359751423969673
pilot-meta-social-circle-ga,2014-02-24,0,18.553952983195146,0.6262339486615507,0.9831499304317776,0.0943894721340622
pilot-meta-social-circle-ga,2014-02-24,1,19.27249329862938,0.5306834364302473,0.9814953170083426,0.1110386205728906
pilot-meta-social-circle-ga,2014-02-24,2,19.982761127750752,0.5428473089536092,0.9813790617946972,0.1133881703167283
pilot-meta-social-circle-ga,2014-02-24,3,20.655000595560043,0.5194963311327254,0.9806982799917836,0.1244335946580931
pilot-meta-social-circle-ga,2014-02-24,4,21.108874796875828,0.4853342647052021,0.9798873870476082,0.1387655523707198
pilot-meta-social-circle-ga,2014-03-12,4,19.644882320368954,0.6164582737130859,0.9785771820736032,0.0717522937510363
pilot-meta-social-circle-ga,2014-04-13,0,28.061243172273297,0.6879611380023495,0.9839480343566972,0.1181233556814844
pilot-meta-social-circle-ga,2014-04-13,1,29.411420378145543,0.5863514178160915,0.9823304855333632,0.1413663548913998
pilot-meta-social-circle-ga,2014-04-13,2,29.736082333135332,0.650724515178934,0.9830634271033288,0.1368700862507627
pilot-meta-social-circle-ga,2014-04-13,3,30.254735730121013,0.6447999371139445,0.98269677484554,0.1476158918511548
pilot-meta-social-circle-ga,2014-04-13,4,30.209968791968233,0.6393269748811052,0.9822197024114452,0.1597449197924724
pilot-meta-social-circle-ga,2014-05-31,0,31.990635567710353,0.8304912820353919,0.9860653895820464,0.1461792595551612
pilot-meta-social-circle-ga,2014-05-31,1,34.284862002054446,0.6971325832413895,0.9839629553170024,0.1750734752767575
pilot-meta-social-circle-ga,2014-05-31,2,32.947802927916506,0.8289065216046836,0.985872553455702,0.1760105592630886
pilot-meta-social-circle-ga,2014-05-31,3,34.81812536774613,0.7721322680821113,0.9846954594142244,0.1757403639169906
pilot-meta-social-circle-ga,2014-05-31,4,35.8409295282662,0.7286642541656326,0.9835561398541082,0.1792257601693709
pilot-meta-social-circle-ga,2014-06-16,0,32.73453230441438,0.8105055815574066,0.984432439304462,0.1459812893306242
pilot-meta-social-circle-ga,2014-06-16,1,35.896436286358224,0.6377604826005562,0.9818170754455412,0.1790355060207815
pilot-meta-social-circle-ga,2014-06-16,2,33.85780362333915,0.8122450196875264,0.9839114100098644,0.168491742745527
pilot-meta-social-circle-ga,2014-06-16,3,35.97479656492945,0.7636934240825725,0.9830618520191758,0.1689649084786596
pilot-meta-social-circle-ga,2014-06-16,4,37.33934450872344,0.7154238344776807,0.9819862481226092,0.1739742104345465
pilot-meta-social-circle-ga,2014-07-02,0,29.612350270926772,0.7218218210277824,0.9843681688713614,0.1517644074604763
pilot-meta-social-circle-ga,2014-07-02,1,32.37090401962214,0.6397755186687124,0.9830584501340074,0.1742522853361969
pilot-meta-social-circle-ga,2014-07-02,2,30.934149960200635,0.7924899912703678,0.9852899507378234,0.1605518017142346
pilot-meta-social-circle-ga,2014-07-02,3,31.765350137893492,0.741629502056069,0.9842109211197088,0.1639610721700688
pilot-meta-social-circle-ga,2014-07-02,4,32.62192701750808,0.6967967641918703,0.9829865403261666,0.1734169940508071
pilot-meta-social-circle-ga,2014-08-03,0,26.092039391752387,0.8167725035679871,0.9856530117055592,0.1322803526003605
pilot-meta-social-circle-ga,2014-08-03,1,28.207357056800756,0.6726398328984963,0.9832672310675652,0.1685127687224382
pilot-meta-social-circle-ga,2014-08-03,2,25.508457037109636,0.7990619988716247,0.9849080650364168,0.1491328905070989
pilot-meta-social-circle-ga,2014-08-03,3,26.832477160474888,0.7706345559636659,0.9840414386902416,0.1473371042908809
pilot-meta-social-circle-ga,2014-08-03,4,29.50184983568696,0.7455894054053925,0.9834861603501456,0.1650212032587903
pilot-meta-social-circle-ga,2014-09-20,0,24.692228527065826,0.7616127142351551,0.9832614083807664,0.1088929109629743
pilot-meta-social-circle-ga,2014-09-20,1,26.065400676505924,0.6732297525994072,0.982724645693418,0.1464226628458557
pilot-meta-social-circle-ga,2014-09-20,2,25.35302642683427,0.7815248651267629,0.9837341521670356,0.1342651521066203
pilot-meta-social-circle-ga,2014-09-20,3,25.87614889756857,0.7645813286189804,0.9835390804885404,0.1417021463903617
pilot-meta-social-circle-ga,2014-09-20,4,27.791974264995897,0.6744499666883265,0.9817138762967396,0.1647393723226899
pilot-meta-social-circle-ga,2014-10-06,0,22.962288126607955,0.7873569876712383,0.9847983235422504,0.1052051920070771
pilot-meta-social-circle-ga,2014-10-06,1,24.12270821732953,0.6722683006392763,0.9830359510336618,0.1360953435468656
pilot-meta-social-circle-ga,2014-10-06,2,23.678575746783174,0.779669784409643,0.9843474943069196,0.1265838124850212
pilot-meta-social-circle-ga,2014-10-06,3,24.846550491837743,0.7297618605900701,0.9833539571757912,0.1359238159233438
pilot-meta-social-circle-ga,2014-10-06,4,25.831241708720786,0.6756592061819309,0.9824233178478272,0.1485747434665589
pilot-meta-social-circle-ga,2014-10-22,0,17.849278958785096,0.7719272762858852,0.9839854115892488,0.0967830404974582
pilot-meta-social-circle-ga,2014-10-22,1,19.134872193338676,0.6502021823464776,0.9820986639564266,0.1271891401011901
pilot-meta-social-circle-ga,2014-10-22,2,18.59686533441739,0.7666155435626304,0.9833465620027196,0.1150916119687574
pilot-meta-social-circle-ga,2014-10-22,3,19.77626653281204,0.7222170471351087,0.9824293309998392,0.1217087093729071
pilot-meta-social-circle-ga,2014-10-22,4,20.85280071832163,0.678550425375016,0.9814852866686,0.1350226916793477
pilot-meta-social-circle-ga,2014-11-07,0,14.31370860282107,0.741083216203275,0.9846700561092734,0.0933628626510267
pilot-meta-social-circle-ga,2014-11-07,1,15.5422522696343,0.6160057884807815,0.9826797353796416,0.1243213585032915
pilot-meta-social-circle-ga,2014-11-07,2,15.133747483920962,0.7121441833065141,0.9839147300895114,0.1110552175126924
pilot-meta-social-circle-ga,2014-11-07,3,16.305930886035554,0.678021727333302,0.9831357058652233,0.1191997889112846
pilot-meta-social-circle-ga,2014-11-07,4,17.65346139424237,0.6318840489216387,0.9821096324785028,0.1333681215011525
pilot-meta-social-circle-ga,2014-12-09,0,12.084527768101657,0.6381985761050885,0.9828477160707132,0.0832370338106561
pilot-meta-social-circle-ga,2014-12-09,1,12.513024279969578,0.5414928302071069,0.9812853391959584,0.1075295160663739
pilot-meta-social-circle-ga,2014-12-09,2,12.824898170226476,0.5810557415143905,0.9814865494609972,0.0989536714933144
pilot-meta-social-circle-ga,2014-12-09,3,13.29836847085406,0.5563243378885593,0.9808310702607128,0.1087684679494073
pilot-meta-social-circle-ga,2014-12-09,4,13.642314748594371,0.5265673988544385,0.9801757815221954,0.1228246756867089
pilot-meta-social-circle-ga,2014-12-25,0,10.042857024627692,0.6435008847132642,0.9819237681965778,0.0763514752404774
pilot-meta-social-circle-ga,2014-12-25,1,10.535536731912863,0.5703049947865937,0.9806306496833728,0.0910618656609022
pilot-meta-social-circle-ga,2014-12-25,2,10.655103559550124,0.590553771963371,0.9804343713039748,0.0902139498436451
pilot-meta-social-circle-ga,2014-12-25,3,11.137452325324588,0.5661554477989871,0.9797898329868452,0.0997833191655084
pilot-meta-social-circle-ga,2014-12-25,4,11.508049677955446,0.5410062880897991,0.979296460506983,0.112804279725872
pilot-meta-social-circle-ga,2015-01-10,0,4.2908643682128575,0.6215338497435344,0.9824517303565709,0.0788641892115691
pilot-meta-social-circle-ga,2015-01-10,1,4.880410190084998,0.5428413219238547,0.9810755341180084,0.0982665389003691
pilot-meta-social-circle-ga,2015-01-10,2,5.115171970783152,0.5604959487830046,0.9810006262640852,0.0963392197361067
pilot-meta-social-circle-ga,2015-01-10,3,5.710008777342083,0.538556023682011,0.9803823141934576,0.1063179514348811
pilot-meta-social-circle-ga,2015-01-10,4,6.217065729550173,0.5156489843835307,0.9798710620444948,0.1207096666897249
pilot-meta-social-circle-ga,2015-02-27,0,10.33374101834084,0.5855182245257128,0.9824661671092356,0.0894721755382441
pilot-meta-social-circle-ga,2015-02-27,1,11.510851448967502,0.4823033081876376,0.9806470510279732,0.1169788120592842
pilot-meta-social-circle-ga,2015-02-27,2,11.469385490890076,0.5251591590178721,0.9809829397161024,0.1119553008292121
pilot-meta-social-circle-ga,2015-02-27,3,12.082324247192997,0.5108496630121485,0.9803778875943656,0.1199820234281612
pilot-meta-social-circle-ga,2015-02-27,4,12.752296883774706,0.5016072375640784,0.9799650732365048,0.1325528654627937
pilot-meta-social-circle-ga,2015-03-15,0,10.037649005722994,0.4921520784305352,0.9814982903495671,0.1136877310778982
pilot-meta-social-circle-ga,2015-03-15,1,10.6383363533571,0.4229993667451612,0.9799488350101568,0.1349845467338728
pilot-meta-social-circle-ga,2015-03-15,2,10.279404223814373,0.4610770170676769,0.9799618712559672,0.1286683105688781
pilot-meta-social-circle-ga,2015-03-15,3,10.75989464003465,0.4610819475516964,0.9795758022900466,0.1360894227335755
pilot-meta-social-circle-ga,2015-03-15,4,11.345419791840392,0.4823836166959268,0.9795886970544466,0.1436536322877316
pilot-meta-social-circle-ga,2015-03-31,0,25.5521028018124,0.582303708452763,0.982568460132405,0.1035967852994275
pilot-meta-social-circle-ga,2015-03-31,1,26.49511625153673,0.4868015591032124,0.9808538346838658,0.1321429490319701
pilot-meta-social-circle-ga,2015-03-31,2,26.769644175488015,0.550823178714997,0.9814627485326304,0.1223567952337025
pilot-meta-social-circle-ga,2015-03-31,3,26.912372285363404,0.5638278976392427,0.9813284160212736,0.1317421818431588
pilot-meta-social-circle-ga,2015-03-31,4,26.866313534587704,0.5806063036815964,0.98124224005868,0.144829487327658
pilot-meta-social-circle-ga,2015-05-02,0,25.1042415978258,0.7970139949448605,0.9854086959657964,0.1349613329688975
pilot-meta-social-circle-ga,2015-05-02,1,27.5680656232723,0.6360130429502652,0.9828068481781504,0.1723346964607578
pilot-meta-social-circle-ga,2015-05-02,2,25.848008325901215,0.8172257296059207,0.9856282901035558,0.1608003304597271
pilot-meta-social-circle-ga,2015-05-02,3,27.140026547078175,0.7745700584682433,0.9847380446216634,0.1630790975744041
pilot-meta-social-circle-ga,2015-05-02,4,27.928766702820976,0.7502974412982899,0.983924641819608,0.1718221362604848
pilot-meta-social-circle-ga,2015-05-18,1,25.44416104203033,0.7549020277788948,0.984319276864387,0.190634222241906
pilot-meta-social-circle-ga,2015-05-18,2,26.11615069744959,0.7362060599598581,0.9833103810993306,0.20241212364229
pilot-meta-social-circle-ga,2015-05-18,3,30.5106473874591,0.7104971352955475,0.9826348502732348,0.2010509364340187
pilot-meta-social-circle-ga,2015-05-18,4,32.02748593232854,0.7209051319719574,0.9826804278269768,0.2055455538166835
pilot-meta-social-circle-ga,2015-06-03,0,24.22665623211187,0.8343258254331891,0.9852938953256096,0.1663853847676787
pilot-meta-social-circle-ga,2015-06-03,1,26.691088184470335,0.7520223716706075,0.9837285860804098,0.2026577474777076
pilot-meta-social-circle-ga,2015-06-03,2,26.281814757779344,0.8270067914201328,0.9848607390307458,0.2009729948482979
pilot-meta-social-circle-ga,2015-06-03,3,27.207080560433333,0.7863827306290779,0.9843368324288584,0.1976261455074388
pilot-meta-social-circle-ga,2015-06-03,4,28.346984726889417,0.7338091662853847,0.9833620175964172,0.2058087069585087
pilot-meta-social-circle-ga,2015-06-19,0,31.169332505420396,0.8276364867746728,0.984708304081335,0.1367355781511673
pilot-meta-social-circle-ga,2015-06-19,1,32.12359415198897,0.725664367831095,0.983175873913827,0.1613583970302446
pilot-meta-social-circle-ga,2015-06-19,2,30.407318788862305,0.8307590139774642,0.9843196490277007,0.165592619521218
pilot-meta-social-circle-ga,2015-06-19,3,31.0722286203512,0.7785827131559448,0.9831472974376376,0.1703624624838889
pilot-meta-social-circle-ga,2015-06-19,4,32.35131114041118,0.7473666340240858,0.9823756732403416,0.1768865889282974
pilot-meta-social-circle-ga,2015-07-05,0,26.282545629969924,0.8070572989417013,0.9845200512251756,0.1670512506501088
pilot-meta-social-circle-ga,2015-07-05,1,31.53628046360613,0.4347059907877712,0.979275768123047,0.2508599888639469
pilot-meta-social-circle-ga,2015-07-05,2,26.003137723502697,0.8069763102654878,0.9839773270653388,0.1901027341944436
pilot-meta-social-circle-ga,2015-07-05,3,26.707935192544355,0.8004967093045208,0.9837229218889796,0.1999025862507286
pilot-meta-social-circle-ga,2015-07-05,4,28.14358897817705,0.7317565952906426,0.9810893684313324,0.2186123763327773
pilot-meta-social-circle-ga,2015-07-21,0,32.19858550254677,0.7827349696727149,0.98528796581645,0.1531602931950909
pilot-meta-social-circle-ga,2015-07-21,1,35.91979399815493,0.707188367360784,0.9838978540097504,0.17492257252597
pilot-meta-social-circle-ga,2015-07-21,2,34.59518227730504,0.8295897057115854,0.9855999922471392,0.1645661405695218
pilot-meta-social-circle-ga,2015-07-21,3,36.07922362584847,0.7844423824846453,0.984765289566068,0.1661194354762512
pilot-meta-social-circle-ga,2015-07-21,4,37.947549504549926,0.7313735391364674,0.9836266563226412,0.1826443460832063
pilot-meta-social-circle-ga,2015-08-06,1,30.64220031612087,0.7710860594177247,0.9839222231198,0.1398694772372162
pilot-meta-social-circle-ga,2015-08-06,2,34.4102946924482,0.7988704764980944,0.984458767016497,0.1688823317918835
pilot-meta-social-circle-ga,2015-08-06,3,36.75157332992321,0.7054344920695402,0.9827838475587526,0.1828653808344308
pilot-meta-social-circle-ga,2015-08-06,4,37.15910978918809,0.6614077443515713,0.9814723055854526,0.1962517329983212
pilot-meta-social-circle-ga,2015-09-07,1,23.207992559091352,0.7709457775128137,0.9825502107728338,0.213553780479313
pilot-meta-social-circle-ga,2015-09-07,2,23.65293651580892,0.7702890987527966,0.982557347839798,0.1598680108203248
pilot-meta-social-circle-ga,2015-09-07,3,26.5517947087141,0.7491771579609415,0.9820090877994112,0.1716294353898358
pilot-meta-social-circle-ga,2015-09-07,4,27.594222691878876,0.7625393674438554,0.9817512169292472,0.1512148539955782
pilot-meta-social-circle-ga,2015-10-09,0,7.344942076896574,0.7047690200066963,0.9822275862068962,0.0996538331896552
pilot-meta-social-circle-ga,2015-10-09,1,7.354901480000024,0.7442430956714412,0.9799,0.1089168175
pilot-meta-social-circle-ga,2015-10-09,2,7.439713448791226,0.7811093909038082,0.9806483516483516,0.1483235892032967
pilot-meta-social-circle-ga,2015-10-09,3,8.373203128266654,0.7221430777706315,0.9800524391535914,0.1347420709053521
pilot-meta-social-circle-ga,2015-10-09,4,8.932047263444803,0.6866453584043487,0.9778797806678038,0.1220255528035841
pilot-meta-social-circle-ga,2015-11-26,0,16.64926407182008,0.6746234921045293,0.9834028793724688,0.0809186650027559
pilot-meta-social-circle-ga,2015-11-26,1,17.28710619204137,0.5762065299474277,0.9817958147935488,0.1066540239568094
pilot-meta-social-circle-ga,2015-11-26,2,17.245075735950227,0.6329509245041314,0.9823026761481964,0.097516337779919
pilot-meta-social-circle-ga,2015-11-26,3,17.505535137686547,0.6236119109052681,0.9819514738975847,0.1078983777951874
pilot-meta-social-circle-ga,2015-11-26,4,17.823200262769596,0.6136367838637019,0.9816033418331684,0.1242503166468949
pilot-meta-social-circle-ga,2015-12-12,0,18.69819525717751,0.6502841666842819,0.9829710316197257,0.0797235903813441
pilot-meta-social-circle-ga,2015-12-12,1,19.367067403041567,0.555944407294531,0.98144064696277,0.1060741490168202
pilot-meta-social-circle-ga,2015-12-12,2,19.257532012377823,0.6091814368278762,0.9817815598499738,0.0948036123709941
pilot-meta-social-circle-ga,2015-12-12,3,19.50253221984987,0.5991088003010556,0.9813487285233852,0.1044679836506022
pilot-meta-social-circle-ga,2015-12-12,4,19.55269459161518,0.5894238617731494,0.980997943159108,0.1181263466936758
pilot-meta-social-circle-ga,2016-01-13,0,7.670567442831844,0.6551901692551859,0.9825747893565796,0.0797348647918756
pilot-meta-social-circle-ga,2016-01-13,1,8.092752480393814,0.5682307980623517,0.9811051424357302,0.1004409448302833
pilot-meta-social-circle-ga,2016-01-13,2,8.175251509641852,0.5907098988705463,0.9810460165216004,0.0945772030799526
pilot-meta-social-circle-ga,2016-01-13,3,8.707728440251092,0.585091455023446,0.9806799129306444,0.1057607632704567
pilot-meta-social-circle-ga,2016-01-13,4,9.115953281989526,0.5762982061800989,0.9803921860005512,0.121360229015295
pilot-meta-social-circle-ga,2016-01-29,0,11.62636443326326,0.6422754629225479,0.9833232189625692,0.0832694857265331
pilot-meta-social-circle-ga,2016-01-29,1,11.978682925121916,0.5496138464443053,0.9817078952066204,0.1044182784389422
pilot-meta-social-circle-ga,2016-01-29,2,12.091037298244151,0.5764083171892664,0.9818645218179342,0.0981911210391402
pilot-meta-social-circle-ga,2016-01-29,3,12.438904023291888,0.5679515568231404,0.9814763414596084,0.1093675148229669
pilot-meta-social-circle-ga,2016-01-29,4,12.704004503324528,0.5549355077284958,0.9810854671592714,0.1252436973594739
pilot-meta-social-circle-ga,2016-02-14,0,3.91462223242426,0.5785824609521636,0.9823009075697484,0.0879768049657386
pilot-meta-social-circle-ga,2016-02-14,1,4.735312096202435,0.490143008677549,0.9807740317632576,0.1140955995579086
pilot-meta-social-circle-ga,2016-02-14,2,4.552861403730637,0.520624684866209,0.9808219217570546,0.1056128471050009
pilot-meta-social-circle-ga,2016-02-14,3,5.264668623388821,0.5151042122190752,0.9805097899498738,0.1198156902560954
pilot-meta-social-circle-ga,2016-02-14,4,5.358552839651824,0.503379033204865,0.9800040256672752,0.1371974216973671
pilot-meta-social-circle-ga,2016-03-01,0,22.380420420784976,0.6040077840220622,0.9826075133680108,0.0946270420772253
pilot-meta-social-circle-ga,2016-03-01,1,23.221857375558617,0.5136513703313904,0.9810580027507232,0.1219623739188083
pilot-meta-social-circle-ga,2016-03-01,2,23.395005223280908,0.5434722755226076,0.9810892250840312,0.1110075691933097
pilot-meta-social-circle-ga,2016-03-01,3,23.671317464528503,0.5445325731424332,0.9808558945564572,0.1234500431254104
pilot-meta-social-circle-ga,2016-03-01,4,23.676203652799032,0.5384725409945466,0.9805235271810132,0.1388495506820376
pilot-meta-social-circle-ga,2016-03-17,0,28.027780323175133,0.6106142012635457,0.983146309701357,0.1057598075648733
pilot-meta-social-circle-ga,2016-03-17,1,29.100091884663872,0.5220091250821577,0.9815400840613796,0.1354592348053714
pilot-meta-social-circle-ga,2016-03-17,2,28.904825911815283,0.5595030643941902,0.9817302935578852,0.1209527346405855
pilot-meta-social-circle-ga,2016-03-17,3,29.05923672698098,0.5760433249898543,0.9817146736784416,0.1334200941867159
pilot-meta-social-circle-ga,2016-03-17,4,28.9541599376116,0.588498761947335,0.9815302430685114,0.1461255740407094
pilot-meta-social-circle-ga,2016-04-02,0,19.463783226623,0.7041550350543141,0.9842841270779514,0.105140253900481
pilot-meta-social-circle-ga,2016-04-02,1,20.813146575958985,0.6193780160666836,0.9827700916702544,0.1285138757710162
pilot-meta-social-circle-ga,2016-04-02,2,20.55226623840431,0.6895300263523483,0.9835582592495355,0.1222103220563543
pilot-meta-social-circle-ga,2016-04-02,3,21.05846745185532,0.6994381995011955,0.98351587943958,0.1326075949511964
pilot-meta-social-circle-ga,2016-04-02,4,21.311852520844443,0.7039845665891741,0.9832072124550578,0.1452185001327534
pilot-meta-social-circle-ga,2016-04-18,0,25.82844731298191,0.8036741891974224,0.9857265964315598,0.1268607221861244
pilot-meta-social-circle-ga,2016-04-18,1,27.708450255554,0.7011224888049645,0.9840323169474796,0.1528005770318628
pilot-meta-social-circle-ga,2016-04-18,2,26.63473992672946,0.796754930747087,0.985350104670242,0.1475760153256041
pilot-meta-social-circle-ga,2016-04-18,3,27.574826239890307,0.7686663274202237,0.9847498542243376,0.1556446345146036
pilot-meta-social-circle-ga,2016-04-18,4,28.195743083488928,0.7515553942468712,0.9840343679702342,0.1659934163167166
pilot-meta-social-circle-ga,2016-05-04,1,8.288339770815934,0.7634836406220753,0.984131625084289,0.2139104951758822
pilot-meta-social-circle-ga,2016-05-04,2,22.74428071692993,0.8449934420356104,0.985556097884687,0.1969409006010417
pilot-meta-social-circle-ga,2016-05-04,3,25.3207507631764,0.7673635026523362,0.9838616257236712,0.197522918318823
pilot-meta-social-circle-ga,2016-05-04,4,24.62235246398349,0.7425409717842472,0.9830748412923304,0.1863127539225999
pilot-meta-social-circle-ga,2016-06-21,0,33.88554152812748,0.8374481716782257,0.986065541904624,0.1453534121099403
pilot-meta-social-circle-ga,2016-06-21,1,35.816560628399834,0.7203579510149163,0.9841794554350416,0.1716921758534217
pilot-meta-social-circle-ga,2016-06-21,2,34.51449640401546,0.822855537646652,0.9855729168633506,0.169022536770531
pilot-meta-social-circle-ga,2016-06-21,3,36.79027565989535,0.7683786897472611,0.9845549812308416,0.1711148440332795
pilot-meta-social-circle-ga,2016-06-21,4,39.09292092282623,0.7016440485529999,0.9830809734472976,0.177546912541525
pilot-meta-social-circle-ga,2016-07-07,0,31.016666815596366,0.806592306808336,0.9854990688862924,0.162530897247857
pilot-meta-social-circle-ga,2016-07-07,1,32.81331804815931,0.6959566225317919,0.9836994567617464,0.1977686816791701
pilot-meta-social-circle-ga,2016-07-07,2,31.710416775814995,0.8191183559946643,0.985309444672794,0.1883274795578512
pilot-meta-social-circle-ga,2016-07-07,3,31.19810487003014,0.7682791734351055,0.9840977704536644,0.1885116492200161
pilot-meta-social-circle-ga,2016-07-07,4,33.67111553841088,0.7198510593347938,0.9828042346637212,0.1919740795029549
pilot-meta-social-circle-ga,2016-07-23,0,20.70748279931525,0.7996478831308833,0.9851711341674296,0.1577336987353269
pilot-meta-social-circle-ga,2016-07-23,1,20.88955684365574,0.8198309689653333,0.9851095751829184,0.1556788740881957
pilot-meta-social-circle-ga,2016-07-23,2,21.948673972623396,0.8118085994202571,0.9851056941706708,0.1733400820588467
pilot-meta-social-circle-ga,2016-07-23,3,23.419865876460378,0.7673655157862395,0.9838653331354696,0.1733564811069554
pilot-meta-social-circle-ga,2016-07-23,4,24.379200216478974,0.7370541773529923,0.9828753861346928,0.1839881780272545
pilot-meta-social-circle-ga,2016-09-09,0,26.901992925108733,0.7208928204691636,0.982941719948849,0.149465667627078
pilot-meta-social-circle-ga,2016-09-09,1,32.18969527262858,0.4686140378649716,0.9802990448226712,0.2407567102193618
pilot-meta-social-circle-ga,2016-09-09,2,30.57864991103679,0.8203291152893111,0.9847902067053036,0.1354175524577581
pilot-meta-social-circle-ga,2016-09-09,3,32.591909603635955,0.7629050101191881,0.9836573730092693,0.1415176113202786
pilot-meta-social-circle-ga,2016-09-09,4,36.22399761165386,0.6901106772119567,0.9822801716651012,0.1585591279334362
pilot-meta-social-circle-ga,2016-09-25,0,31.50265883285886,0.8159887288774517,0.9843644456367536,0.1072895194265963
pilot-meta-social-circle-ga,2016-09-25,1,33.15426654139121,0.7128020274518372,0.9827774046768823,0.1328850978737896
pilot-meta-social-circle-ga,2016-09-25,2,32.24747802824284,0.8099044548126227,0.983756146369352,0.1231936195529964
pilot-meta-social-circle-ga,2016-09-25,3,33.883078405924216,0.7478501740131991,0.9826666055622664,0.1293704748947921
pilot-meta-social-circle-ga,2016-09-25,4,35.57178420719906,0.6865359045686017,0.9814806899465328,0.1404155309017413
pilot-meta-social-circle-ga,2016-10-11,0,21.814687818358777,0.8032864849523964,0.9844566844603668,0.1052409522925685
pilot-meta-social-circle-ga,2016-10-11,1,23.300835904793058,0.6903626517751574,0.9826885206045868,0.1323810761083037
pilot-meta-social-circle-ga,2016-10-11,2,22.661760240077513,0.7854111001405689,0.983665158392126,0.1205475343732678
pilot-meta-social-circle-ga,2016-10-11,3,24.460456635244753,0.7199462178886658,0.9824952997979652,0.1284155520752457
pilot-meta-social-circle-ga,2016-10-11,4,26.267748509844573,0.6518188400630435,0.981191683531642,0.1416815242308782
pilot-meta-social-circle-ga,2016-10-27,0,22.694078462008815,0.7689392850009884,0.9846733803790324,0.1139537597234433
pilot-meta-social-circle-ga,2016-10-27,1,23.827926605087796,0.6562979918670235,0.983049872430023,0.1445318001744928
pilot-meta-social-circle-ga,2016-10-27,2,23.6145927469564,0.7130674636547324,0.983436060970696,0.1322553296131454
pilot-meta-social-circle-ga,2016-10-27,3,25.272928226553987,0.64272418019392,0.9822418503725734,0.1420590090560699
pilot-meta-social-circle-ga,2016-10-27,4,27.14832058399621,0.5897983415625736,0.9812193210372134,0.157136093923239
pilot-meta-social-circle-ga,2016-11-12,3,2.1552385550000253,0.587070935972429,0.98145,0.09143274375
pilot-meta-social-circle-ga,2016-12-30,0,9.0792371177822,0.6302948506268818,0.9826298943290528,0.0797872147000721
pilot-meta-social-circle-ga,2016-12-30,1,9.75772024969856,0.5385899581512158,0.9810086890032178,0.1024766969467507
pilot-meta-social-circle-ga,2016-12-30,2,9.777440834418272,0.5584263949943261,0.980892796679048,0.0916911653724404
pilot-meta-social-circle-ga,2016-12-30,3,10.276124757228947,0.5289286661017901,0.9801312766316448,0.1003048658512932
pilot-meta-social-circle-ga,2016-12-30,4,10.718982834597552,0.4998473959455315,0.9794741881874126,0.1117870084819018
pilot-meta-social-circle-ga,2017-01-15,0,19.558990053235135,0.604180050172153,0.9823571623440392,0.0825306569872866
pilot-meta-social-circle-ga,2017-01-15,1,19.462235899398443,0.5155154244632588,0.9808013226101764,0.1075760551442617
pilot-meta-social-circle-ga,2017-01-15,2,19.22654691637288,0.5408674383141616,0.9806514679122996,0.0940761376144588
pilot-meta-social-circle-ga,2017-01-15,3,19.37200530282718,0.5174891169614397,0.979914865958404,0.1027668121663372
pilot-meta-social-circle-ga,2017-01-15,4,19.646927633325703,0.4943530529236022,0.9793776579261828,0.1143386399778507
pilot-meta-social-circle-ga,2017-01-31,0,16.79524986984549,0.5895395260064239,0.9823199951802388,0.0806685256676161
pilot-meta-social-circle-ga,2017-01-31,1,17.26098793417725,0.5140817994876202,0.9808959230351058,0.1052647450074168
pilot-meta-social-circle-ga,2017-01-31,2,17.38693642654585,0.5357512229415009,0.980844234769592,0.0965009179869625
pilot-meta-social-circle-ga,2017-01-31,3,17.732628591097768,0.5186584537406997,0.9802904199437008,0.1067995488900106
pilot-meta-social-circle-ga,2017-01-31,4,17.968811151288676,0.5089844412956117,0.9799433282851778,0.1207830557065581
pilot-meta-social-circle-ga,2017-02-16,0,13.329423763763463,0.5934350833396332,0.9825477856389346,0.0856343700191653
pilot-meta-social-circle-ga,2017-02-16,1,14.016638081093474,0.5192129487229249,0.981163285922619,0.1097487885517252
pilot-meta-social-circle-ga,2017-02-16,2,14.177879579755308,0.5422355030936721,0.9811231777552952,0.1013916769873356
pilot-meta-social-circle-ga,2017-02-16,3,14.632286691104246,0.5325945975012822,0.9806383829602336,0.1120751420754609
pilot-meta-social-circle-ga,2017-02-16,4,15.0053120899952,0.5379978596618644,0.9804638380953816,0.1259727781409414
pilot-meta-social-circle-ga,2017-03-04,0,15.104331808652953,0.5820631446069803,0.98254777972791,0.0934032206205895
pilot-meta-social-circle-ga,2017-03-04,1,16.469033086829224,0.5037929069514814,0.9810454122433134,0.1209429858462863
pilot-meta-social-circle-ga,2017-03-04,2,16.431686717436744,0.5357916907346036,0.9811488097525032,0.1105949816342823
pilot-meta-social-circle-ga,2017-03-04,3,17.11156443104229,0.5399672847193572,0.980911799939674,0.1220366030095912
pilot-meta-social-circle-ga,2017-03-04,4,17.62439347667047,0.5599203059984416,0.9809402370659864,0.137037114765834
pilot-meta-social-circle-ga,2017-03-20,0,21.42918413997065,0.5781457142498588,0.9822704285038728,0.1010332196306745
pilot-meta-social-circle-ga,2017-03-20,1,22.79204345194455,0.50578737477079,0.9809374068595054,0.1269885343028976
pilot-meta-social-circle-ga,2017-03-20,2,22.81638535750212,0.5359357066137137,0.9809944126360594,0.1197461941155167
pilot-meta-social-circle-ga,2017-03-20,3,23.134426753986784,0.5416720755657218,0.98071865648039,0.1307009444106988
pilot-meta-social-circle-ga,2017-03-20,4,23.278957169913713,0.5638362242151713,0.9807056198725737,0.1481165513416197
pilot-meta-social-circle-ga,2017-04-21,0,30.10036024659522,0.7919730953464091,0.9852438995302836,0.1309902724438094
pilot-meta-social-circle-ga,2017-04-21,1,32.59329945873516,0.642984308066807,0.982942207991966,0.1645286016571593
pilot-meta-social-circle-ga,2017-04-21,2,30.568967293454175,0.7894019518967571,0.985052452946546,0.151524456275902
pilot-meta-social-circle-ga,2017-04-21,3,31.353885957495592,0.7620778861618637,0.9845046437973006,0.161031520507416
pilot-meta-social-circle-ga,2017-04-21,4,31.8865323329675,0.7389133026848629,0.983543716453627,0.1686512753954198
pilot-meta-social-circle-ga,2017-05-07,0,21.79298132122551,0.832956807803241,0.9857467743988962,0.1365231561666203
pilot-meta-social-circle-ga,2017-05-07,1,23.82530777499843,0.7311237373559881,0.9840434209010626,0.1611819993020828
pilot-meta-social-circle-ga,2017-05-07,2,23.08296976371638,0.8324778470731946,0.98537295222376,0.161514661976047
pilot-meta-social-circle-ga,2017-05-07,3,24.35954062254343,0.7883319511565817,0.9844623463449492,0.1627803777337458
pilot-meta-social-circle-ga,2017-05-07,4,25.446714423166664,0.749886629889358,0.9834225531302137,0.1677532888499352
pilot-meta-social-circle-ga,2017-06-08,0,25.115664027482,0.8227292854891423,0.984280635209823,0.17138489133076
pilot-meta-social-circle-ga,2017-06-08,1,32.48724745264714,0.5235514737806223,0.9801946882084775,0.2530819847265531
pilot-meta-social-circle-ga,2017-06-08,2,25.538202963071072,0.8544177509054186,0.9847128451782512,0.2018756836923554
pilot-meta-social-circle-ga,2017-06-08,3,27.898677098292115,0.7570251849140988,0.9823250342403176,0.1942498916580627
pilot-meta-social-circle-ga,2017-06-08,4,28.038197902575547,0.7560420692921774,0.982525422055546,0.1990919913038576
pilot-meta-social-circle-ga,2017-07-10,0,31.129412784058488,0.822738032225523,0.9855643828943416,0.1503088170147886
pilot-meta-social-circle-ga,2017-07-10,1,33.51134500162798,0.7508118700559686,0.9841912736515124,0.1674909413619846
pilot-meta-social-circle-ga,2017-07-10,2,32.12431350292475,0.85597101756111,0.9859444263378306,0.1716774916786395
pilot-meta-social-circle-ga,2017-07-10,3,32.44892969499999,0.8171740681217633,0.9851986887196224,0.1770339416699162
pilot-meta-social-circle-ga,2017-07-10,4,33.42084465689833,0.7852337869541964,0.9842881612615084,0.1903654822238211
pilot-meta-social-circle-ga,2017-07-26,0,29.49181636006065,0.8205401555530639,0.9852351718282086,0.1349566504046112
pilot-meta-social-circle-ga,2017-07-26,1,31.030961869941063,0.7122606614331731,0.9834321368039276,0.1539715341170946
pilot-meta-social-circle-ga,2017-07-26,2,30.142224885297136,0.8205143261916087,0.9848884800494035,0.1550526488319766
pilot-meta-social-circle-ga,2017-07-26,3,31.152817420550196,0.7824660954329957,0.9841205544990704,0.1579763480698093
pilot-meta-social-circle-ga,2017-07-26,4,31.696639087999515,0.7494776865769408,0.9830948961869418,0.1669402741676926
pilot-meta-social-circle-ga,2017-08-11,4,24.668227640627094,0.8088704880057329,0.9821151796846864,0.0846090348783716
pilot-meta-social-circle-ga,2017-08-27,0,22.477477389060056,0.7546493755266938,0.9844645839395828,0.1381069802876045
pilot-meta-social-circle-ga,2017-08-27,1,24.316894621436298,0.6937335360320765,0.9834353275040046,0.1520403972303182
pilot-meta-social-circle-ga,2017-08-27,2,23.899946599889137,0.7714201092949907,0.9843423249491086,0.1494009819685685
pilot-meta-social-circle-ga,2017-08-27,3,24.877482183726286,0.7664152886091998,0.984261151817678,0.1551713722772211
pilot-meta-social-circle-ga,2017-08-27,4,27.311927577954368,0.7327466402499548,0.9832302148160148,0.1596449538157537
pilot-meta-social-circle-ga,2017-09-28,0,30.38925603788618,0.811124754162444,0.9854491956458488,0.1039562424504494
pilot-meta-social-circle-ga,2017-09-28,1,31.90545246560971,0.7159610471211044,0.983937966460327,0.1302315229551834
pilot-meta-social-circle-ga,2017-09-28,2,30.849082493192327,0.8069976583800283,0.9851181136546436,0.1217483222089891
pilot-meta-social-circle-ga,2017-09-28,3,31.918699603069108,0.7704591917366744,0.984374061852755,0.1284102757255893
pilot-meta-social-circle-ga,2017-09-28,4,33.07349852927948,0.7284178419130555,0.9833417129287164,0.1396929249091696
pilot-meta-social-circle-ga,2017-10-30,0,13.980852484701533,0.7950427428866985,0.9852472786548344,0.0928530508150167
pilot-meta-social-circle-ga,2017-10-30,1,14.91092163467704,0.6979369210884386,0.9836693817580062,0.1172407987753076
pilot-meta-social-circle-ga,2017-10-30,2,14.668967375467457,0.774257545878353,0.9846494060201888,0.1099002377927371
pilot-meta-social-circle-ga,2017-10-30,3,15.385575365164504,0.7434945711319556,0.9839623610337004,0.1167598127440186
pilot-meta-social-circle-ga,2017-10-30,4,16.129427458647687,0.7059352633314426,0.983050513892153,0.1287066911439472
pilot-meta-social-circle-ga,2017-11-15,0,9.991931185404232,0.7001105991316824,0.983704492379326,0.0876053464718794
pilot-meta-social-circle-ga,2017-11-15,1,10.874640638441123,0.6166548817244212,0.9823723619034922,0.1110603823493458
pilot-meta-social-circle-ga,2017-11-15,2,10.093653823503642,0.6642431848324637,0.9827276608718386,0.1055538979128964
pilot-meta-social-circle-ga,2017-11-15,3,9.39000240904168,0.6428827277646625,0.982025914525437,0.1156451284473678
pilot-meta-social-circle-ga,2017-11-15,4,9.132443591308355,0.6203995317740759,0.981214222822072,0.1237005677034435
pilot-meta-social-circle-ga,2018-01-02,0,-0.944214732425319,0.6547331962303613,0.9829795578552984,0.082789998096934
pilot-meta-social-circle-ga,2018-01-02,1,-0.0532733397141581,0.5599915035881218,0.9814057035546568,0.1080636515040084
pilot-meta-social-circle-ga,2018-01-02,2,-0.143320409852495,0.582311777569794,0.9813594987725648,0.0973645863733532
pilot-meta-social-circle-ga,2018-01-02,3,0.4847850246985731,0.5677279255811134,0.9808627903474554,0.1069461894262008
pilot-meta-social-circle-ga,2018-01-02,4,1.0784055209066252,0.545738576786113,0.980313186271542,0.1204811469971408
pilot-meta-social-circle-ga,2018-01-18,0,0.4903381837764515,0.5948513821408682,0.9821967428860148,0.0898952700733475
pilot-meta-social-circle-ga,2018-01-18,1,1.330818906601864,0.5063565184395591,0.9807631288891632,0.1165206601416311
pilot-meta-social-circle-ga,2018-01-18,2,1.19688321123517,0.5238739832259529,0.9804002948918182,0.1082613259880117
pilot-meta-social-circle-ga,2018-01-18,3,1.873359945053576,0.4944663205486191,0.9797004155925404,0.1197454820469298
pilot-meta-social-circle-ga,2018-01-18,4,2.4600860203359884,0.4681370853711166,0.979231249795776,0.1360475796516253
pilot-meta-social-circle-ga,2018-03-07,0,12.038989048499902,0.5759331371245469,0.982618034083883,0.0980960504553081
pilot-meta-social-circle-ga,2018-03-07,1,12.98224453468996,0.5070092733458572,0.9813540214123404,0.1224078095936306
pilot-meta-social-circle-ga,2018-03-07,2,12.372777680317077,0.5817370613220617,0.9819302408998885,0.1110414721282637
pilot-meta-social-circle-ga,2018-03-07,3,12.901160528183963,0.5925442512470144,0.9818140039746074,0.120082720029095
pilot-meta-social-circle-ga,2018-03-07,4,13.292822489048683,0.5930738424821118,0.9814945036592124,0.1323127741968902
pilot-meta-social-circle-ga,2018-03-23,0,19.979679500400515,0.5061167807438965,0.9819063725401032,0.1182867931138484
pilot-meta-social-circle-ga,2018-03-23,1,20.6786286704627,0.4678922929589499,0.980896505374714,0.1401942630262892
pilot-meta-social-circle-ga,2018-03-23,2,19.786841561752695,0.5654692198015017,0.9816470903566622,0.1252005843886991
pilot-meta-social-circle-ga,2018-03-23,3,20.241254084394185,0.5796900484348856,0.981573710962588,0.1362931578337519
pilot-meta-social-circle-ga,2018-03-23,4,20.74604016922393,0.5806331436360669,0.9812446710331678,0.1505077126123058
pilot-meta-social-circle-ga,2018-04-24,0,26.013696077898235,0.347874248319215,0.9809275734878136,0.1920859813785614
pilot-meta-social-circle-ga,2018-04-24,1,21.968932490508134,0.6230425109202661,0.982929823419318,0.1480683219270427
pilot-meta-social-circle-ga,2018-04-24,2,21.62793113711551,0.8183806879881148,0.9849009044992784,0.1614826455786996
pilot-meta-social-circle-ga,2018-04-24,3,23.01378852081831,0.8228399063306049,0.9849072615365754,0.1705900108150522
pilot-meta-social-circle-ga,2018-04-24,4,24.364620422326556,0.7714408066433699,0.983493114022015,0.177387403478598
pilot-meta-social-circle-ga,2018-05-10,0,38.61273680074068,0.4694664280543789,0.9821179192888012,0.1697335284745099
pilot-meta-social-circle-ga,2018-05-10,1,35.88695563858219,0.5813182137435173,0.9827977871669008,0.1883282740207618
pilot-meta-social-circle-ga,2018-05-10,2,32.55252199401318,0.8249803452538315,0.985932336398614,0.1673916368333655
pilot-meta-social-circle-ga,2018-05-10,3,34.017000518685094,0.7784072203596163,0.984993321999732,0.1681846680329987
pilot-meta-social-circle-ga,2018-05-10,4,35.28794359544428,0.7242411458197696,0.9837840226269604,0.1733879153588705
pilot-meta-social-circle-ga,2018-05-26,4,22.234397045000037,0.7693587832023684,0.984475,0.204398336875
pilot-meta-social-circle-ga,2018-06-11,0,37.489950575011726,0.4683765108974722,0.9823312620493998,0.1911604572480311
pilot-meta-social-circle-ga,2018-06-11,1,33.85478946995696,0.6376252035330044,0.9835253789279708,0.178933372532224
pilot-meta-social-circle-ga,2018-06-11,2,30.5386993341539,0.840203346455582,0.9860278902532932,0.1663000923580423
pilot-meta-social-circle-ga,2018-06-11,3,31.88277456838501,0.7959631404255165,0.985162683087542,0.1685305328892962
pilot-meta-social-circle-ga,2018-06-11,4,32.8046910041689,0.7649071683206391,0.9841565424232498,0.1737977723659761
pilot-meta-social-circle-ga,2018-06-27,0,34.392996847348975,0.463082591107065,0.9819464733657952,0.159812546068446
pilot-meta-social-circle-ga,2018-06-27,1,32.97088250453137,0.626239811164027,0.9831087790089124,0.1703357547685885
pilot-meta-social-circle-ga,2018-06-27,2,30.457007009877064,0.8452215803531089,0.9857372336023704,0.1680863622263907
pilot-meta-social-circle-ga,2018-06-27,3,31.5936347606324,0.8054139632883829,0.984785879556824,0.1685622519636378
pilot-meta-social-circle-ga,2018-06-27,4,32.38324481499235,0.778949996190525,0.9839028948655636,0.1751580405317408
pilot-meta-social-circle-ga,2018-07-13,0,31.27875905611679,0.4002166716505363,0.9798258765353322,0.2393172674883553
pilot-meta-social-circle-ga,2018-07-13,1,31.59391091254577,0.4570610083077209,0.9786270823137906,0.2506955778971322
pilot-meta-social-circle-ga,2018-07-13,2,27.704476530909115,0.7971504847280614,0.9827529411764704,0.1966939158823529
pilot-meta-social-circle-ga,2018-07-13,3,26.917647167804898,0.687728026937666,0.9836975609756096,0.2234131969512195
pilot-meta-social-circle-ga,2018-07-13,4,27.119050467666725,0.7719660179689392,0.9825922130828224,0.1966106240929455
pilot-meta-social-circle-ga,2018-07-29,0,34.12558050250018,0.418307798640329,0.981445624931796,0.2020012518940857
pilot-meta-social-circle-ga,2018-07-29,1,30.68515769933926,0.6336848602788003,0.9832624302237596,0.1784473994529513
pilot-meta-social-circle-ga,2018-07-29,2,29.11622785730297,0.8332606024578734,0.9856991726537252,0.1562898700499419
pilot-meta-social-circle-ga,2018-07-29,3,31.181574690697342,0.802630610795906,0.9850730817508572,0.1601611288427477
pilot-meta-social-circle-ga,2018-07-29,4,31.915451717300325,0.7711557446641657,0.9840632844064322,0.1640354535058034
pilot-meta-social-circle-ga,2018-08-14,0,36.268642613128385,0.4494461595935629,0.9818729143174126,0.1765515266198371
pilot-meta-social-circle-ga,2018-08-14,1,33.78204857651875,0.6554327665227856,0.983383722390112,0.1581547249529833
pilot-meta-social-circle-ga,2018-08-14,2,31.32131319325243,0.8259080000214561,0.9852902830018132,0.1412679416421596
pilot-meta-social-circle-ga,2018-08-14,3,32.324185488597756,0.8005631957097956,0.984789881126805,0.1475442854915348
pilot-meta-social-circle-ga,2018-08-14,4,33.16388948035765,0.7701814304368997,0.9839036169247058,0.1563452134676744
pilot-meta-social-circle-ga,2018-08-30,0,30.96198504755671,0.4237559257986658,0.9814180473169816,0.1942334990802545
pilot-meta-social-circle-ga,2018-08-30,1,27.41996527127753,0.6738699208703794,0.9834054265928532,0.157642879209415
pilot-meta-social-circle-ga,2018-08-30,2,24.032006079549685,0.822811028971773,0.9846575997533242,0.1366865224909834
pilot-meta-social-circle-ga,2018-08-30,3,25.827652089816244,0.7998347208524934,0.9844393146076472,0.146366045956326
pilot-meta-social-circle-ga,2018-08-30,4,29.565233585231397,0.7734607257288019,0.983313769580949,0.1537844387185118
pilot-meta-social-circle-ga,2018-09-15,0,39.63190959369379,0.4078684225413331,0.9808190016732744,0.1917488777075603
pilot-meta-social-circle-ga,2018-09-15,1,36.61378241131388,0.6437869512825568,0.9823690821622916,0.158400060469237
pilot-meta-social-circle-ga,2018-09-15,2,34.133829955783526,0.8279874526436964,0.9840711987853648,0.1302753476858999
pilot-meta-social-circle-ga,2018-09-15,3,34.950063805316695,0.7732421681663335,0.9829305000286866,0.1417782434710739
pilot-meta-social-circle-ga,2018-09-15,4,36.20312687061854,0.7296203173132959,0.982206819519846,0.1529211472616909
pilot-meta-social-circle-ga,2018-10-01,2,10.533282575630938,0.7405373416163453,0.9830500253099002,0.1230664181288332
pilot-meta-social-circle-ga,2018-10-01,3,13.427274304173311,0.6681551661442322,0.9808939254968968,0.1318119629055312
pilot-meta-social-circle-ga,2018-10-01,4,12.917545688148731,0.6482689417692077,0.9802277751045636,0.1485790394228375
pilot-meta-social-circle-ga,2018-11-18,0,17.400808673699412,0.3439372349663396,0.980358415301292,0.1266961481122472
pilot-meta-social-circle-ga,2018-11-18,1,16.837946409162512,0.5600547321840895,0.9818475614235748,0.1181179857974198
pilot-meta-social-circle-ga,2018-11-18,2,16.384527105470774,0.7102192912055251,0.9833732306521202,0.101729508464759
pilot-meta-social-circle-ga,2018-11-18,3,16.90032216768755,0.6880103064570815,0.9828370140273504,0.1097623402093534
pilot-meta-social-circle-ga,2018-11-18,4,17.397057806407474,0.6650039713309756,0.9822179721809652,0.1231496121171297
pilot-meta-social-circle-ga,2018-12-04,0,11.747908984350303,0.2983712535244422,0.979824724537636,0.1250110604196396
pilot-meta-social-circle-ga,2018-12-04,1,11.166948279544057,0.5063435169957918,0.981127429237901,0.1143508206177877
pilot-meta-social-circle-ga,2018-12-04,2,10.79532951404522,0.6280750111544392,0.9822300392423464,0.0986902867251522
pilot-meta-social-circle-ga,2018-12-04,3,11.366606288665457,0.6097745673644915,0.9817139677397796,0.1080737734661454
pilot-meta-social-circle-ga,2018-12-04,4,11.852012885279764,0.5887952560562992,0.981142412522398,0.1222905459903258
pilot-meta-social-circle-ga,2019-01-05,0,12.890016194369853,0.2811441095723739,0.979684462521578,0.1172905280234158
pilot-meta-social-circle-ga,2019-01-05,1,12.70939601456848,0.4900843542925491,0.9808439168010672,0.1073580053402002
pilot-meta-social-circle-ga,2019-01-05,2,12.706038202310106,0.6021420201916172,0.9815906137583086,0.0916285981009815
pilot-meta-social-circle-ga,2019-01-05,3,13.034545059535724,0.5895413855436228,0.9811591431397466,0.1009004725441468
pilot-meta-social-circle-ga,2019-01-05,4,13.208809371724094,0.565765452892455,0.980581278642908,0.1135339110434609
pilot-meta-social-circle-ga,2019-01-21,0,4.59278169448904,0.2901351156376334,0.9796368276012604,0.1184251460743827
pilot-meta-social-circle-ga,2019-01-21,1,4.612279768473646,0.4805600215273218,0.9807733991048484,0.1141387322263716
pilot-meta-social-circle-ga,2019-01-21,2,4.443622858814683,0.5871221960116122,0.9815592321657371,0.0982265479851789
pilot-meta-social-circle-ga,2019-01-21,3,5.183868541008508,0.5730610473401392,0.9810884726297714,0.1089651346490841
pilot-meta-social-circle-ga,2019-01-21,4,5.833023971254555,0.5526642452826912,0.9805284292621812,0.1224780003424177
pilot-meta-social-circle-ga,2019-03-26,1,22.418783256102127,0.4407120455649735,0.9776927899913216,0.1945716513350629
pilot-meta-social-circle-ga,2019-03-26,2,19.5799327963458,0.6350916094954685,0.9797635004326856,0.1140456584864476
pilot-meta-social-circle-ga,2019-03-26,3,20.720706749381172,0.609410475464123,0.9804910545950932,0.1695581004202907
pilot-meta-social-circle-ga,2019-03-26,4,20.06918231019467,0.575462623337127,0.9792625931185144,0.1690277192965046
pilot-meta-social-circle-ga,2019-04-11,0,27.954013720476528,0.3655528733514622,0.9808453425666556,0.1631609839517931
pilot-meta-social-circle-ga,2019-04-11,1,28.20895096000471,0.5617779405835748,0.9822895852406066,0.1524795550529399
pilot-meta-social-circle-ga,2019-04-11,2,26.953597313841207,0.727874301952517,0.984117282658156,0.1365117169395471
pilot-meta-social-circle-ga,2019-04-11,3,27.267677562130167,0.7228146602521187,0.9838146441526858,0.1457097449318551
pilot-meta-social-circle-ga,2019-04-11,4,27.173434875520705,0.7092030328669371,0.9831352320660542,0.1561775257063423
pilot-meta-social-circle-ga,2019-04-27,0,28.406079549336976,0.4039957776011713,0.9812433901094896,0.2051861382834154
pilot-meta-social-circle-ga,2019-04-27,1,27.06221920415501,0.6259312125698674,0.9828732196008814,0.1733268999023847
pilot-meta-social-circle-ga,2019-04-27,2,24.292433049562103,0.8360430338745068,0.9853324256860174,0.1607683827820497
pilot-meta-social-circle-ga,2019-04-27,3,25.6479376310959,0.7914148842216814,0.984443808064432,0.1649407640543215
pilot-meta-social-circle-ga,2019-04-27,4,26.43209741531987,0.7599338728365005,0.9834937661405996,0.1714713107398738
pilot-meta-social-circle-ga,2019-05-13,0,26.677635878223327,0.4184817758038425,0.9814794369066244,0.1703270766187342
pilot-meta-social-circle-ga,2019-05-13,1,26.5965681726445,0.6444140877766028,0.9833230237910198,0.1694840636929817
pilot-meta-social-circle-ga,2019-05-13,2,24.486336448780865,0.8507316354580537,0.9858379536389408,0.1644601905661419
pilot-meta-social-circle-ga,2019-05-13,3,25.828424137948563,0.7947544801577112,0.9847434779847004,0.162935576750032
pilot-meta-social-circle-ga,2019-05-13,4,26.456031969851747,0.7618303668228377,0.9837941690364786,0.1666866642411929
pilot-meta-social-circle-ga,2019-05-29,0,41.78891355438837,0.4061782745902417,0.9816769606416637,0.2277704371384953
pilot-meta-social-circle-ga,2019-05-29,1,39.80798816322979,0.6194763692589599,0.983441847137428,0.1828426204575025
pilot-meta-social-circle-ga,2019-05-29,2,36.5197585151377,0.8230980901932183,0.9860710293603314,0.1682840918974517
pilot-meta-social-circle-ga,2019-05-29,3,39.12183803063522,0.7522381675410281,0.984753958579342,0.1705081281349944
pilot-meta-social-circle-ga,2019-05-29,4,40.984890125821686,0.6898575612302014,0.983284057108448,0.1773413043196433
pilot-meta-social-circle-ga,2019-06-14,0,32.86293844502303,0.404262252418417,0.981032126423193,0.2006708692451277
pilot-meta-social-circle-ga,2019-06-14,1,31.901059063736092,0.624872863887153,0.9825350009700562,0.180609403227771
pilot-meta-social-circle-ga,2019-06-14,2,28.640712201469753,0.8369325007915114,0.9848512712935236,0.1652175149012635
pilot-meta-social-circle-ga,2019-06-14,3,30.537131450432415,0.7734958772370378,0.9836792526691882,0.1670767234762236
pilot-meta-social-circle-ga,2019-06-14,4,31.770892631726102,0.7229062212307114,0.9824924791676326,0.1712860932322213
pilot-meta-social-circle-ga,2019-06-30,0,25.89719676539478,0.442059795522111,0.9824454955613798,0.238981974827687
pilot-meta-social-circle-ga,2019-06-30,1,23.1729581178911,0.759426017751825,0.984488881089908,0.1762348158516284
pilot-meta-social-circle-ga,2019-06-30,2,23.698085607315782,0.8107675651184645,0.9849992499874825,0.1826977560744225
pilot-meta-social-circle-ga,2019-06-30,3,27.13421134215582,0.7929055799314292,0.9844624431662656,0.1835502155381517
pilot-meta-social-circle-ga,2019-06-30,4,30.030957552678625,0.7465803496165624,0.9831335154358192,0.1885806685584087
pilot-meta-social-circle-ga,2019-07-16,0,40.4109623399311,0.4123604835150592,0.9816739660252448,0.2187395316596793
pilot-meta-social-circle-ga,2019-07-16,1,37.55952982349017,0.6327117631613685,0.983515385839615,0.178324608141174
pilot-meta-social-circle-ga,2019-07-16,2,34.01522886655377,0.8303833797662111,0.9859740704240324,0.1588146705331636
pilot-meta-social-circle-ga,2019-07-16,3,35.305533401527185,0.8004397463751232,0.9853516587063832,0.1640157591210397
pilot-meta-social-circle-ga,2019-07-16,4,36.56434550625725,0.7639811660292274,0.9842506679846784,0.1730605234488274
pilot-meta-social-circle-ga,2019-08-01,0,37.82737254917357,0.4432627198192803,0.9818482885307916,0.197479044928704
pilot-meta-social-circle-ga,2019-08-01,1,36.27283742099141,0.6520617092506003,0.9834226906613972,0.1683211315601868
pilot-meta-social-circle-ga,2019-08-01,2,33.14176487478015,0.8360143819927556,0.9855572067120764,0.1506701568577007
pilot-meta-social-circle-ga,2019-08-01,3,34.193389016056315,0.8110068642310657,0.9850557427861888,0.1560025848883792
pilot-meta-social-circle-ga,2019-08-01,4,35.60631424540035,0.775200777323012,0.9840428333028556,0.1640693940145818
pilot-meta-social-circle-ga,2019-08-17,0,42.02280547635079,0.4163143881804483,0.9813488109745035,0.21057042828869
pilot-meta-social-circle-ga,2019-08-17,1,40.002289277455546,0.6262923334062032,0.9827976091160991,0.1685928225027131
pilot-meta-social-circle-ga,2019-08-17,2,36.481420871495544,0.820207922894422,0.984992666892176,0.1456694638659212
pilot-meta-social-circle-ga,2019-08-17,3,38.09405061009566,0.7899406888543519,0.9843691381145028,0.149027019347406
pilot-meta-social-circle-ga,2019-08-17,4,39.58532897318765,0.7418600800084653,0.983176003905396,0.1598411360190244
pilot-meta-social-circle-ga,2019-09-02,0,36.76952880456945,0.4150276667271854,0.9814711541959178,0.2099849430382103
pilot-meta-social-circle-ga,2019-09-02,1,35.13444903711361,0.6247136397418211,0.982911656582132,0.1595674512618985
pilot-meta-social-circle-ga,2019-09-02,2,32.19118143256029,0.8089984748565477,0.9850750161883634,0.1395524095261765
pilot-meta-social-circle-ga,2019-09-02,3,33.72351188644992,0.7762608062013541,0.98439147500923,0.1433263257534542
pilot-meta-social-circle-ga,2019-09-02,4,35.55349102796624,0.7156103009131615,0.9830263591809212,0.154327462896585
pilot-meta-social-circle-ga,2019-09-18,1,26.589809030000023,0.9205073978003764,0.98425,0.1164963537499999
pilot-meta-social-circle-ga,2019-09-18,4,29.075650234947545,0.774876180941123,0.9825837989313004,0.1723441697099368
pilot-meta-social-circle-ga,2019-10-04,0,43.169853003074536,0.3959933976663718,0.9813892860390668,0.1924437640262155
pilot-meta-social-circle-ga,2019-10-04,1,41.41005085723253,0.5842126222556788,0.9826462608903906,0.1507361445107288
pilot-meta-social-circle-ga,2019-10-04,2,38.89145756227681,0.7777961987424394,0.9848968252236128,0.1257463471791058
pilot-meta-social-circle-ga,2019-10-04,3,40.742066656577585,0.7276534327443817,0.9839475938165833,0.1329721340001216
pilot-meta-social-circle-ga,2019-10-04,4,42.48576275107868,0.6619537914255851,0.9825495432887204,0.1442591345802664
pilot-meta-social-circle-ga,2019-10-20,0,25.02193545921541,0.3974640536066967,0.9813758374426907,0.137074114963312
pilot-meta-social-circle-ga,2019-10-20,1,24.85621737697311,0.5909418601706979,0.9828013271573132,0.1329287843651365
pilot-meta-social-circle-ga,2019-10-20,2,23.756002661125677,0.7853964571084406,0.9851979628991786,0.1138495051692362
pilot-meta-social-circle-ga,2019-10-20,3,24.56696150006485,0.740302040702765,0.9842881396414448,0.1193454336577466
pilot-meta-social-circle-ga,2019-10-20,4,25.199187821012433,0.6800466399338322,0.9829324321735828,0.1287210539356375
pilot-meta-social-circle-ga,2019-11-05,1,19.41453054500002,0.612726719733354,0.979325,0.168553434375
pilot-meta-social-circle-ga,2019-11-05,2,17.138662869985364,0.5723672906306074,0.978857986079311,0.1647458931139091
pilot-meta-social-circle-ga,2019-11-05,3,17.16103451040014,0.5925663345649067,0.978980234238399,0.1681818833779966
pilot-meta-social-circle-ga,2019-11-05,4,18.011269404666468,0.5231930140708685,0.9782155038973956,0.1925136174522693
pilot-meta-social-circle-ga,2019-11-21,0,18.43533801614012,0.339705553854406,0.9804465656942272,0.1402455829726432
pilot-meta-social-circle-ga,2019-11-21,1,18.183607334470057,0.5124305838045065,0.9814271814125228,0.1293456686070987
pilot-meta-social-circle-ga,2019-11-21,2,17.32264443934617,0.6682739701682407,0.9830428957037298,0.1057867091234355
pilot-meta-social-circle-ga,2019-11-21,3,17.9180388703047,0.651653188676952,0.9825592578706134,0.1142117264001784
pilot-meta-social-circle-ga,2019-11-21,4,18.379718625247833,0.6231239550592153,0.9817818227871618,0.1266058677946776
pilot-meta-social-circle-ga,2020-01-08,0,12.072697352990362,0.297757001359926,0.9797373907664116,0.1342667952595258
pilot-meta-social-circle-ga,2020-01-08,1,12.28257206358825,0.4868093979588469,0.9807946173234948,0.1210425310655489
pilot-meta-social-circle-ga,2020-01-08,2,12.131757090219386,0.585929380561025,0.9814805991549976,0.0998630580952961
pilot-meta-social-circle-ga,2020-01-08,3,12.539101330454308,0.5819488315612433,0.9811268669766622,0.109051045865472
pilot-meta-social-circle-ga,2020-01-08,4,12.834881544759796,0.5769919193991613,0.9807915279984912,0.1221326468587166
pilot-meta-social-circle-ga,2020-03-28,0,27.870068400411327,0.650061727320442,0.979891825192802,0.1263845760514139
pilot-meta-social-circle-ga,2020-03-28,1,27.727256999208095,0.4523010621060568,0.980043497537492,0.1910812643003187
pilot-meta-social-circle-ga,2020-03-28,2,25.66326915968966,0.6146802990663661,0.9818781651837868,0.1447222175584851
pilot-meta-social-circle-ga,2020-03-28,3,25.828117482469956,0.6131696531988622,0.9815792795691056,0.1527651883054634
pilot-meta-social-circle-ga,2020-03-28,4,26.80513436917096,0.6480810141828535,0.9818853288987316,0.1677925684847417
pilot-meta-social-circle-ga,2020-04-13,0,26.032223545809348,0.3929974031894398,0.981266192530984,0.1610650644878506
pilot-meta-social-circle-ga,2020-04-13,1,25.987172133789397,0.6084328361493254,0.9831137087620402,0.1620940275055144
pilot-meta-social-circle-ga,2020-04-13,2,24.37433732370193,0.8016272144250419,0.9854268147909384,0.1433768594793382
pilot-meta-social-circle-ga,2020-04-13,3,25.126195549233223,0.7774998708537062,0.9848460143474584,0.1482416507189186
pilot-meta-social-circle-ga,2020-04-13,4,25.46006582245092,0.7650314227901353,0.984186310036417,0.1577819142331385
pilot-meta-social-circle-ga,2020-05-15,2,18.410542754657985,0.7782723833238018,0.9838938130831714,0.2297351899431126
pilot-meta-social-circle-ga,2020-05-15,3,21.36156750792446,0.7417028181938883,0.9832184872912504,0.2140352538815775
pilot-meta-social-circle-ga,2020-05-15,4,23.863734978977117,0.7427636484205453,0.9838947321784726,0.2165193715417736
pilot-meta-social-circle-ga,2020-05-31,0,33.427547460317385,0.4107893473851313,0.9814496538429844,0.1970325905121498
pilot-meta-social-circle-ga,2020-05-31,1,33.14573564388116,0.6197860059267227,0.9830682462953076,0.1865825238253277
pilot-meta-social-circle-ga,2020-05-31,2,30.470835962644212,0.8134789801413496,0.9854772914258269,0.165642264261298
pilot-meta-social-circle-ga,2020-05-31,3,31.553874340622077,0.7836210447316754,0.9847595442440908,0.1656691483821
pilot-meta-social-circle-ga,2020-05-31,4,32.72140908409244,0.7392972741908869,0.9835651654308688,0.1702924372993735
pilot-meta-social-circle-ga,2020-07-02,0,33.34346530414997,0.4791894764380242,0.9823832424174984,0.1833409505240387
pilot-meta-social-circle-ga,2020-07-02,1,34.37595551538512,0.6184226285647796,0.9831897808295588,0.1870388932879617
pilot-meta-social-circle-ga,2020-07-02,2,30.824833231510777,0.8069664987753853,0.9854105807313503,0.1640343192076574
pilot-meta-social-circle-ga,2020-07-02,3,31.366164065101675,0.7958756629600223,0.9850215471080934,0.1667378713490848
pilot-meta-social-circle-ga,2020-07-02,4,32.528525560461205,0.7618259745799782,0.9839353679489836,0.1746961819057589
pilot-meta-social-circle-ga,2020-07-18,0,40.51647993762579,0.4348570616162678,0.9817521361536514,0.1878827263253425
pilot-meta-social-circle-ga,2020-07-18,1,40.01459957575582,0.617142555377823,0.9831557274204424,0.1808013709008103
pilot-meta-social-circle-ga,2020-07-18,2,36.33846060815787,0.8167949218918054,0.9854880240569114,0.1561912156867287
pilot-meta-social-circle-ga,2020-07-18,3,37.17374259289717,0.8029094905376725,0.9851063487667594,0.1602278458084811
pilot-meta-social-circle-ga,2020-07-18,4,39.13176223684055,0.7443095345433565,0.9836643186132336,0.1690291461245635
pilot-meta-social-circle-ga,2020-08-03,0,32.42609780657228,0.5287481090298454,0.9819958183571496,0.1878612747597235
pilot-meta-social-circle-ga,2020-08-03,1,33.49594517612403,0.645899181383084,0.9827898916659716,0.1771106545049506
pilot-meta-social-circle-ga,2020-08-03,2,29.929807756450593,0.7938683064255598,0.9845865442882468,0.1638602555839604
pilot-meta-social-circle-ga,2020-08-03,3,31.379774910210205,0.7969743861718197,0.9843087391789224,0.1631334244391347
pilot-meta-social-circle-ga,2020-08-03,4,32.87613000710855,0.7619293988394393,0.9833591491268164,0.1781558709270328
pilot-meta-social-circle-ga,2020-09-04,0,35.39012057009533,0.4267379128970953,0.981721625463058,0.1834485873309999
pilot-meta-social-circle-ga,2020-09-04,1,34.1529559604447,0.6262880963943779,0.9832984755010694,0.1721070843769619
pilot-meta-social-circle-ga,2020-09-04,2,32.08767872747223,0.8089501447800495,0.9851697282769002,0.1413288318668119
pilot-meta-social-circle-ga,2020-09-04,3,32.223387423984576,0.7997211614216825,0.9846731355388324,0.1432759102954732
pilot-meta-social-circle-ga,2020-09-04,4,33.58170952609218,0.7443746005856394,0.9832730746214752,0.1602750579464422
pilot-meta-social-circle-ga,2020-09-20,0,22.22689731727897,0.4363829347278816,0.9816585732119254,0.1589260682343211
pilot-meta-social-circle-ga,2020-09-20,1,22.398188042632707,0.6184577995882633,0.9830535878415672,0.1583755940479054
pilot-meta-social-circle-ga,2020-09-20,2,19.93334371869141,0.8078681154014106,0.9851831260199398,0.1283805791260819
pilot-meta-social-circle-ga,2020-09-20,3,20.712764293002778,0.7772786744437736,0.9844963145579454,0.1329316024984643
pilot-meta-social-circle-ga,2020-09-20,4,20.99920844911127,0.7414845653687426,0.983506095381431,0.1429641474718216
pilot-meta-social-circle-ga,2020-10-06,0,28.525603152578825,0.409830404822427,0.9812306909534038,0.185371754780337
pilot-meta-social-circle-ga,2020-10-06,1,27.627628481884653,0.6092434064017294,0.9825400831519526,0.1533732407699667
pilot-meta-social-circle-ga,2020-10-06,2,25.045547457110366,0.8028667062684585,0.9845711244255424,0.1204571678109122
pilot-meta-social-circle-ga,2020-10-06,3,25.764345721734227,0.7774966932129966,0.983905060315194,0.1186877805596146
pilot-meta-social-circle-ga,2020-10-06,4,26.51923616047657,0.7450782953366374,0.9830531636673224,0.1331291730530523
pilot-meta-social-circle-ga,2020-10-22,0,28.8050256883897,0.3653963568979693,0.9795795696379466,0.1702413309000913
pilot-meta-social-circle-ga,2020-10-22,1,30.277973001773873,0.4384749290894514,0.9794799111137754,0.2010104721174953
pilot-meta-social-circle-ga,2020-10-22,2,25.40225396895078,0.7203501520393853,0.982441584473808,0.1408995502337541
pilot-meta-social-circle-ga,2020-10-22,3,25.500847913569952,0.7197095037465379,0.982143440377137,0.1354174761253387
pilot-meta-social-circle-ga,2020-10-22,4,25.713465837048204,0.6573831812376956,0.9790685568501576,0.1486509293877865
pilot-meta-social-circle-ga,2020-11-23,0,17.467814620117792,0.3299557423102306,0.9803168141391736,0.1582195962257306
pilot-meta-social-circle-ga,2020-11-23,1,17.031959630529705,0.4988236495766704,0.9811988505800916,0.1324628545490863
pilot-meta-social-circle-ga,2020-11-23,2,15.798352228482754,0.6514130581439936,0.982648163141291,0.1034666664705084
pilot-meta-social-circle-ga,2020-11-23,3,16.190424142371125,0.6611658729155644,0.982516307525454,0.1107920857086006
pilot-meta-social-circle-ga,2020-11-23,4,16.489621815600806,0.66097437063891,0.9822027633172488,0.1244208797771975
pilot-meta-social-circle-ga,2020-12-09,4,8.342998961738031,0.5291038828291871,0.9812920142078512,0.1221925414925898
pilot-meta-social-circle-ga,2020-12-25,0,2.0754115061402625,0.2877735970583343,0.9797359760931876,0.1209366003256222
pilot-meta-social-circle-ga,2020-12-25,1,2.0665036304317317,0.4641303900849313,0.980727808354145,0.1197121469717757
pilot-meta-social-circle-ga,2020-12-25,2,1.5179046179629707,0.5803521709315902,0.9814865366917168,0.0952833105978373
pilot-meta-social-circle-ga,2020-12-25,3,1.980889231194615,0.5863509760000619,0.9812966843418808,0.1039179339785336
pilot-meta-social-circle-ga,2020-12-25,4,2.25323441276358,0.5822023524969724,0.9810106291261252,0.1179379694351253
pilot-meta-social-circle-ga,2021-01-10,0,6.195892297049264,0.2921457169541722,0.979797810892996,0.1189337758295256
pilot-meta-social-circle-ga,2021-01-10,1,6.6293096162931695,0.4503538844068456,0.9801326734357534,0.1153197438142513
pilot-meta-social-circle-ga,2021-01-10,2,6.099467089334982,0.5466192274993253,0.9807177670001076,0.0955220639566674
pilot-meta-social-circle-ga,2021-01-10,3,6.37684573270393,0.5504809043002931,0.9804782094576902,0.107657719426006
pilot-meta-social-circle-ga,2021-01-10,4,6.540830124274258,0.5389485880845467,0.9800616472565388,0.1238226264594279
pilot-meta-social-circle-ga,2021-01-26,0,1.2902598222221746,0.1603763771510099,0.9778741500851308,0.387316980263815
pilot-meta-social-circle-ga,2021-01-26,1,2.070764080443649,0.3036634419060987,0.97732103747231,0.300078199660838
pilot-meta-social-circle-ga,2021-01-26,2,3.9182241903442354,0.2052702393733769,0.976115894865899,0.4206463116680324
pilot-meta-social-circle-ga,2021-01-26,3,5.108750558541108,0.2362024621937182,0.9756662665988504,0.4083657204427111
pilot-meta-social-circle-ga,2021-01-26,4,7.2144570384287325,0.3177445319778584,0.9759763964684076,0.3190333601285322
pilot-meta-social-circle-ga,2021-06-03,0,28.87566737761814,0.4438319460476512,0.9817720285729872,0.1990344815878263
pilot-meta-social-circle-ga,2021-06-03,1,26.58910348662987,0.590955405998385,0.982706565912248,0.1800515381975572
pilot-meta-social-circle-ga,2021-06-03,2,23.4137827683082,0.7621545664744047,0.9845833016386132,0.1771514759347168
pilot-meta-social-circle-ga,2021-06-03,3,23.954534431702115,0.727852657413762,0.983793067539233,0.1797364434327627
pilot-meta-social-circle-ga,2021-06-03,4,24.323054291555167,0.6926029179495876,0.9827458230103552,0.1780495114901154
pilot-meta-social-circle-ga,2021-07-05,0,38.551567230701565,0.4478215315820676,0.9819214906696734,0.2268760722400059
pilot-meta-social-circle-ga,2021-07-05,1,36.52119503811932,0.6120462890973253,0.9829567686280736,0.1981331534097169
pilot-meta-social-circle-ga,2021-07-05,2,32.268110136713666,0.8056723722624741,0.9849702698424704,0.1731919405015723
pilot-meta-social-circle-ga,2021-07-05,3,32.84996658564882,0.7933824144161509,0.9846238166804626,0.1773967322469222
pilot-meta-social-circle-ga,2021-07-05,4,33.50843500042335,0.7632431142708526,0.9836608784735577,0.1848608529751877
pilot-meta-social-circle-ga,2021-09-07,0,17.99081747813838,0.3988010422411649,0.982310355029586,0.1935753366727355
pilot-meta-social-circle-ga,2021-09-07,1,25.505451420514685,0.7192615844154442,0.9820853190941844,0.1701970020252187
pilot-meta-social-circle-ga,2021-09-07,2,27.341261878262095,0.7834485627121532,0.9836584678385376,0.1612685485512267
pilot-meta-social-circle-ga,2021-09-07,3,28.917862832122815,0.7973792898557731,0.984062131136698,0.1634084140190377
pilot-meta-social-circle-ga,2021-09-07,4,28.02550505209041,0.7840595245019489,0.984101545296784,0.1690530101426529
pilot-meta-social-circle-ga,2021-10-09,1,25.552270552404305,0.5516848344953051,0.9814434593752916,0.098751072003313
pilot-meta-social-circle-ga,2021-10-09,2,24.345460220831125,0.7791238277126796,0.9838741994931378,0.1263380467247872
pilot-meta-social-circle-ga,2021-10-09,3,24.768443922149384,0.776571027362879,0.983684681586727,0.1352459252980915
pilot-meta-social-circle-ga,2021-10-09,4,25.32651934895173,0.7532710350860321,0.9830238734184032,0.1528492892706957
pilot-meta-social-circle-ga,2021-11-10,0,22.36462107683717,0.3641334235952295,0.980704116801863,0.1657830197901129
pilot-meta-social-circle-ga,2021-11-10,1,21.88416041197275,0.5498371806075198,0.9818894250298608,0.1345283682807546
pilot-meta-social-circle-ga,2021-11-10,2,20.687692917291,0.6900572701676385,0.9832159859596008,0.1085778204491081
pilot-meta-social-circle-ga,2021-11-10,3,21.052454434105087,0.690030096522006,0.982996290405526,0.1148163878479343
pilot-meta-social-circle-ga,2021-11-10,4,21.28210857662658,0.6812455765083175,0.982455966857356,0.1240127154893085
pilot-meta-social-circle-ga,2021-11-26,0,12.459377120042928,0.3723561402127526,0.9805132362920514,0.1489131641669774
pilot-meta-social-circle-ga,2021-11-26,1,11.82287962881544,0.4939534810858665,0.9811196122045954,0.1295294930729081
pilot-meta-social-circle-ga,2021-11-26,2,10.742070894449956,0.6096491956375516,0.982052815782406,0.1045634315817079
pilot-meta-social-circle-ga,2021-11-26,3,11.216543913593163,0.6142540008092362,0.9818581433889642,0.1118192061633968
pilot-meta-social-circle-ga,2021-11-26,4,11.50903798694249,0.6144855304272138,0.9815307870831378,0.1231956762586385
pilot-meta-social-circle-ga,2021-12-12,0,13.244213113841475,0.3152108653374059,0.9799762279924,0.1378339227050663
pilot-meta-social-circle-ga,2021-12-12,1,12.836678651852871,0.4794491849429194,0.9806415255978056,0.1175578301293864
pilot-meta-social-circle-ga,2021-12-12,2,11.979872638411797,0.5814471533196042,0.9812427852329308,0.092379736599321
pilot-meta-social-circle-ga,2021-12-12,3,12.346994771647989,0.5898138190483128,0.9810678893517712,0.1005042448811328
pilot-meta-social-circle-ga,2021-12-12,4,12.669853380158983,0.5903641505143643,0.9807954977751876,0.1119210085554186
pilot-meta-social-circle-ga,2022-01-13,0,9.052098729740008,0.37535117332677,0.9808031617673192,0.131683717197086
pilot-meta-social-circle-ga,2022-01-13,1,9.990713261473172,0.472602437259687,0.9806018658603756,0.1180013472154845
pilot-meta-social-circle-ga,2022-01-13,2,10.1995610176257,0.5321810502646565,0.9808168909023558,0.1053607483815537
pilot-meta-social-circle-ga,2022-01-13,3,11.221485199936147,0.5538449529765198,0.9807698472444288,0.112076250162445
pilot-meta-social-circle-ga,2022-01-13,4,11.86149665053965,0.5681430169599266,0.9807676164292544,0.1221966055599439
pilot-meta-social-circle-ga,2022-01-29,0,5.4423659873672445,0.2849350941724689,0.979748049772562,0.1684520616617771
pilot-meta-social-circle-ga,2022-01-29,1,4.972365778950544,0.4269479848613852,0.9802695024904368,0.1327410878992415
pilot-meta-social-circle-ga,2022-01-29,2,3.860180292252633,0.5288181625720316,0.9809619746533126,0.1048246300246392
pilot-meta-social-circle-ga,2022-01-29,3,4.303178443861152,0.5386737364590426,0.9807695310119712,0.1142516225467458
pilot-meta-social-circle-ga,2022-01-29,4,4.7365253254918205,0.5442309442153458,0.9805510057391336,0.1259149957819232
pilot-meta-social-circle-ga,2022-02-14,0,13.245305391397377,0.2804824199530629,0.9796762717798542,0.1759768853440505
pilot-meta-social-circle-ga,2022-02-14,1,12.917645552841403,0.4146271988774727,0.980207675716476,0.1393536983752515
pilot-meta-social-circle-ga,2022-02-14,2,11.63083231144103,0.5174286002277223,0.9809532460152044,0.1106431890226443
pilot-meta-social-circle-ga,2022-02-14,3,12.040123514961437,0.5267184724309525,0.9807549106238534,0.120499546881478
pilot-meta-social-circle-ga,2022-02-14,4,12.390815965950074,0.5311818576252252,0.9804966422971044,0.1324962249074564
pilot-meta-social-circle-ga,2022-03-02,0,24.727717432346765,0.2856125478634388,0.9797373349459814,0.1776156207471989
pilot-meta-social-circle-ga,2022-03-02,1,24.65788629968905,0.421422011896396,0.9802775826214531,0.142423215372884
pilot-meta-social-circle-ga,2022-03-02,2,23.33180834370624,0.5218126001551696,0.981029291297316,0.1148970806218714
pilot-meta-social-circle-ga,2022-03-02,3,23.48532264351189,0.5415781691759572,0.980954132442008,0.1237622583820861
pilot-meta-social-circle-ga,2022-03-02,4,23.62073395849579,0.5537802776374695,0.9807468867569976,0.1340401838158447
pilot-meta-social-circle-ga,2022-04-03,0,26.5248685771511,0.3092683303239954,0.9797744811938458,0.2027740123936469
pilot-meta-social-circle-ga,2022-04-03,1,25.668781888938963,0.4658424980351777,0.9803981400699642,0.1593268773439499
pilot-meta-social-circle-ga,2022-04-03,2,23.97898238481465,0.5805466984931481,0.981192883276807,0.1342816125765087
pilot-meta-social-circle-ga,2022-04-03,3,23.851166471108083,0.6132212398682417,0.981240614909276,0.1417070818623791
pilot-meta-social-circle-ga,2022-04-03,4,23.96467661967118,0.6258930010925972,0.9809644427840384,0.1492473765983935
pilot-meta-social-circle-ga,2022-04-19,0,23.85458384413318,0.3879792561747776,0.981222696973554,0.2067226626000441
pilot-meta-social-circle-ga,2022-04-19,1,21.857579270400155,0.5776933149373819,0.9826445572302496,0.1675315932103346
pilot-meta-social-circle-ga,2022-04-19,2,18.58873913524291,0.7388770067426614,0.984527286106213,0.1492292166833514
pilot-meta-social-circle-ga,2022-04-19,3,19.31915600304084,0.7420188769853577,0.9843581254890464,0.15478296180263
pilot-meta-social-circle-ga,2022-04-19,4,20.06712917180021,0.740573330604579,0.983815956929909,0.1602363940661004
pilot-meta-social-circle-ga,2022-05-05,0,33.77456558586444,0.4275609491927896,0.9814618766141632,0.2171139875951899
pilot-meta-social-circle-ga,2022-05-05,1,31.32044965141123,0.616706505419338,0.982780010488726,0.1799843586708231
pilot-meta-social-circle-ga,2022-05-05,2,27.48170738761618,0.7757251345494653,0.9845133709274728,0.1706112549211229
pilot-meta-social-circle-ga,2022-05-05,3,28.130831864252407,0.7606338528761264,0.9839957825846428,0.1698243497751994
pilot-meta-social-circle-ga,2022-05-05,4,28.76744300884956,0.744036067469034,0.9831620132543032,0.1710219206733076
pilot-meta-social-circle-ga,2022-06-06,0,34.52370281267117,0.3899207855659918,0.9818091295305128,0.2929582214871463
pilot-meta-social-circle-ga,2022-06-06,1,32.66449026989731,0.6398451609285853,0.9836437123521988,0.2064625959205935
pilot-meta-social-circle-ga,2022-06-06,2,30.266918574431127,0.7816673174772302,0.984869415033677,0.2004908582019038
pilot-meta-social-circle-ga,2022-06-06,3,30.92848791446159,0.7514622448407836,0.9844946718076696,0.2010310300429151
pilot-meta-social-circle-ga,2022-06-06,4,32.32787552631292,0.7396139289499,0.9840007297225596,0.197575820110999
pilot-meta-social-circle-ga,2022-06-22,0,42.244987919635584,0.4058785173457531,0.9814928799425272,0.2259770783475726
pilot-meta-social-circle-ga,2022-06-22,1,40.32657039946642,0.5924725544751055,0.9829062705000048,0.1840513588546751
pilot-meta-social-circle-ga,2022-06-22,2,37.16547984704199,0.7708057716201525,0.9850440158363684,0.171614773724779
pilot-meta-social-circle-ga,2022-06-22,3,38.84248425950021,0.7236317627168637,0.9840882358411626,0.173405860026262
pilot-meta-social-circle-ga,2022-06-22,4,40.322999094014754,0.6833793346303314,0.9829443742348052,0.1752442601301124
pilot-meta-social-circle-ga,2022-07-08,0,40.199925601365614,0.4401475152192673,0.981693123321484,0.2039843205809182
pilot-meta-social-circle-ga,2022-07-08,1,37.18280715012765,0.6405867304125954,0.9832788927482488,0.1648989373478174
pilot-meta-social-circle-ga,2022-07-08,2,34.43896844478208,0.7666237452381225,0.9845555471796672,0.1669023590996323
pilot-meta-social-circle-ga,2022-07-08,3,35.39411370425871,0.7261973425519934,0.983822526912461,0.1700055023508161
pilot-meta-social-circle-ga,2022-07-08,4,36.07554101682045,0.7238119262374965,0.9832778729351832,0.1669385449520945
pilot-meta-social-circle-ga,2022-07-24,0,32.422096860782176,0.6209514679780156,0.9840945623786244,0.2008981818012121
pilot-meta-social-circle-ga,2022-07-24,1,32.59298605701638,0.821955964033532,0.9854943947762608,0.1742924337731405
pilot-meta-social-circle-ga,2022-07-24,2,32.79592172808443,0.8346834395914777,0.9851518587993924,0.1739086075201337
pilot-meta-social-circle-ga,2022-07-24,3,33.913134161494575,0.7997679665519529,0.9845906821132672,0.1788498387599139
pilot-meta-social-circle-ga,2022-07-24,4,33.64165180535585,0.7910370393138795,0.9835063874103818,0.189521003737151
pilot-meta-social-circle-ga,2022-09-26,0,32.49228994643351,0.439596522723148,0.9817501495944124,0.1991598505487242
pilot-meta-social-circle-ga,2022-09-26,1,30.837917502491457,0.6116691212105768,0.9829717360660616,0.1475864612624516
pilot-meta-social-circle-ga,2022-09-26,2,28.13995279934131,0.7739630185927712,0.9848070336888504,0.1268458421077727
pilot-meta-social-circle-ga,2022-09-26,3,28.994709145457655,0.7537472639267722,0.9843506118093812,0.1320195987401931
pilot-meta-social-circle-ga,2022-09-26,4,30.12492839318792,0.7260480521197501,0.9834585616042284,0.1387127269893091
pilot-meta-social-circle-ga,2022-10-28,0,22.723382223813783,0.3750017092273789,0.9810738455312644,0.1973487214207488
pilot-meta-social-circle-ga,2022-10-28,1,22.103044894048228,0.5291246543328205,0.9819077575649168,0.1444703455430379
pilot-meta-social-circle-ga,2022-10-28,2,20.032238764044205,0.6775476237413405,0.9834479095315668,0.1229540922845423
pilot-meta-social-circle-ga,2022-10-28,3,20.93042692790016,0.659146386043479,0.9829625021782132,0.1293900046502303
pilot-meta-social-circle-ga,2022-10-28,4,21.887841253697214,0.6241754435779883,0.9819971723531016,0.1382409799587619
pilot-meta-social-circle-ga,2022-11-13,0,12.927751925121118,0.3571277499778096,0.9799446914444728,0.1701437143041144
pilot-meta-social-circle-ga,2022-11-13,1,12.26857012608375,0.4913671780363931,0.9803260681221536,0.1255141695359193
pilot-meta-social-circle-ga,2022-11-13,2,10.799605665003186,0.6253900140670093,0.9813012319286404,0.1020775083880728
pilot-meta-social-circle-ga,2022-11-13,3,11.41647077733177,0.6217751885182414,0.9808726928374149,0.1080104969166628
pilot-meta-social-circle-ga,2022-11-13,4,12.081394836707195,0.6041694631062094,0.9802542671498718,0.1162396507149598
pilot-meta-social-circle-ga,2022-11-29,0,18.077502401336936,0.3429910163683062,0.9802190692631868,0.1564724237603324
pilot-meta-social-circle-ga,2022-11-29,1,18.229973448054057,0.4553713705615027,0.9805343038727464,0.1245118684649092
pilot-meta-social-circle-ga,2022-11-29,2,17.26930921524542,0.5762204519075407,0.9815845716993812,0.1006845817264157
pilot-meta-social-circle-ga,2022-11-29,3,17.67806600866855,0.5731038675326742,0.9811691677470424,0.1086488063731545
pilot-meta-social-circle-ga,2022-11-29,4,18.016817223413938,0.5547867963634118,0.9805720898308364,0.1182821884911051
pilot-meta-social-circle-ga,2022-12-15,0,11.489929094380033,0.5072133031578081,0.9786628195345288,0.0844173407740366
pilot-meta-social-circle-ga,2022-12-15,1,12.033121737989983,0.585827762148831,0.9812585634713245,0.1030579630179651
pilot-meta-social-circle-ga,2022-12-15,2,13.110421503554468,0.592581703387937,0.980630817853557,0.0946264406172098
pilot-meta-social-circle-ga,2022-12-15,3,13.267594012039456,0.6087972807403149,0.9802823468543946,0.0961931922111207
pilot-meta-social-circle-ga,2022-12-15,4,13.358823878554729,0.5921002303590807,0.979795465452649,0.101989163151366
pilot-meta-social-circle-ga,2023-03-05,0,22.98716633513841,0.2956357071139232,0.9798830173458885,0.1966152407161679
pilot-meta-social-circle-ga,2023-03-05,1,22.99755299498898,0.4157524138947162,0.9802479183213184,0.142732457372756
pilot-meta-social-circle-ga,2023-03-05,2,21.85766748808027,0.5100330651835776,0.980918228774256,0.1187429980427495
pilot-meta-social-circle-ga,2023-03-05,3,21.939756543075852,0.5257451478832926,0.9807977572772644,0.1277192255582691
pilot-meta-social-circle-ga,2023-03-05,4,22.077556218092504,0.5462372700507259,0.980715338343578,0.1357251854974612
pilot-meta-social-circle-ga,2023-04-06,1,23.869504545525885,0.501810733739072,0.9795915508220072,0.1877432469815629
pilot-meta-social-circle-ga,2023-04-06,2,28.449510521741203,0.6113977268158001,0.9820911021416824,0.1634372197051993
pilot-meta-social-circle-ga,2023-04-06,3,29.02850320061649,0.6009504883406729,0.981608580761963,0.1692816634324814
pilot-meta-social-circle-ga,2023-04-06,4,28.137175876228376,0.6412385079701096,0.981154392792372,0.1690558646926751
pilot-meta-social-circle-ga,2023-05-08,0,29.078426876694397,0.4430056257926516,0.982139094487226,0.2511130292658963
pilot-meta-social-circle-ga,2023-05-08,1,27.0318238464173,0.6041931750585897,0.9831062917118656,0.2006381383809182
pilot-meta-social-circle-ga,2023-05-08,2,23.47660223431983,0.7530697570239377,0.984692916902556,0.1903115059322312
pilot-meta-social-circle-ga,2023-05-08,3,23.077257816684003,0.7138182497006157,0.9836338476872064,0.1984738929743675
pilot-meta-social-circle-ga,2023-05-08,4,24.355855250615157,0.7195113340093618,0.9834674659103284,0.198351644323147
pilot-meta-social-circle-ga,2023-05-24,0,29.993361160941394,0.4660315380326965,0.9822815607835284,0.2166735710915051
pilot-meta-social-circle-ga,2023-05-24,1,28.42823245722919,0.6401686283355335,0.9836294098121124,0.1730936052568754
pilot-meta-social-circle-ga,2023-05-24,2,25.697184021582423,0.7766100257356799,0.9853370446654902,0.1661953597031126
pilot-meta-social-circle-ga,2023-05-24,3,26.26546137043664,0.7399874519371971,0.9845935941519336,0.1653787063080151
pilot-meta-social-circle-ga,2023-05-24,4,26.82836011883311,0.7338967921870694,0.9839358348808976,0.1671740819336129
pilot-meta-social-circle-ga,2023-06-09,0,35.90619154689426,0.4578538018875543,0.9821156355716422,0.2233029028991305
pilot-meta-social-circle-ga,2023-06-09,1,33.50754704702711,0.6213380769705801,0.98326393697064,0.1777947409327805
pilot-meta-social-circle-ga,2023-06-09,2,30.2968678061676,0.7568111849723073,0.9847804755988536,0.170606945110261
pilot-meta-social-circle-ga,2023-06-09,3,31.145347528778384,0.7201528611272969,0.9840586903875572,0.1730862720916641
pilot-meta-social-circle-ga,2023-06-09,4,31.966407183892137,0.7023890105720207,0.983253248498729,0.1736513216643481
pilot-meta-social-circle-ga,2023-06-25,0,41.197851504070954,0.4795467270909895,0.9824656901349522,0.2212282960632686
pilot-meta-social-circle-ga,2023-06-25,1,38.79162193701226,0.641503330843938,0.9836331155760624,0.1750156549747067
pilot-meta-social-circle-ga,2023-06-25,2,35.62434521202527,0.7711902936122902,0.9851545262444736,0.168065528351995
pilot-meta-social-circle-ga,2023-06-25,3,36.10565919777011,0.7411812077548801,0.9845440335179838,0.1701036392479685
pilot-meta-social-circle-ga,2023-06-25,4,36.43698682405967,0.7323207613003248,0.983853341036485,0.1708003596635526
pilot-meta-social-circle-ga,2023-07-11,0,38.15055718195244,0.4982756353881037,0.9824414740278646,0.225195535219822
pilot-meta-social-circle-ga,2023-07-11,1,35.988297327337264,0.6603762733085787,0.9835127056063168,0.1761043700850505
pilot-meta-social-circle-ga,2023-07-11,2,32.596922287953916,0.7628756064312727,0.9845259245396748,0.1661046656403547
pilot-meta-social-circle-ga,2023-07-11,3,32.80240435389155,0.7567637060618971,0.9842485155046594,0.1688045613588369
pilot-meta-social-circle-ga,2023-07-11,4,33.353428678818894,0.7621376722577797,0.9836859436930194,0.173910443361752
pilot-meta-social-circle-ga,2023-07-27,0,42.287931155287794,0.4825918141796435,0.9823103211050882,0.2180285123518265
pilot-meta-social-circle-ga,2023-07-27,1,40.08692646446749,0.6496446880858542,0.9834492994379762,0.1691614258188863
pilot-meta-social-circle-ga,2023-07-27,2,36.899698547587384,0.769900799845044,0.984739319499228,0.1586370600342223
pilot-meta-social-circle-ga,2023-07-27,3,37.397327035916746,0.7545092889800179,0.9844092067310628,0.1630121157942816
pilot-meta-social-circle-ga,2023-07-27,4,37.67858961985286,0.7417833816989378,0.9836393464112128,0.1675960712123404
pilot-meta-social-circle-ga,2023-08-12,0,36.75402510353618,0.4801363561267702,0.9820503111462718,0.2457367614429005
pilot-meta-social-circle-ga,2023-08-12,1,35.407043445217305,0.6084540606010914,0.9819088710256226,0.1871039200670993
pilot-meta-social-circle-ga,2023-08-12,2,32.385468067295236,0.7325384431429213,0.9834332781072052,0.1752943210535642
pilot-meta-social-circle-ga,2023-08-12,3,32.7994187411078,0.7557873961517811,0.9837015418979717,0.1721470444246723
pilot-meta-social-circle-ga,2023-08-12,4,33.319830440408204,0.7423738701723719,0.9832855869004136,0.1757253725786021
pilot-meta-social-circle-ga,2023-08-28,0,29.748848507802396,0.7822884736252577,0.984848381601363,0.1872510825042589
pilot-meta-social-circle-ga,2023-08-28,1,27.988657662210976,0.8124287402457652,0.9837650731818012,0.1534726046852426
pilot-meta-social-circle-ga,2023-08-28,2,27.45677101874532,0.8330316345740882,0.98370066973828,0.1642678036704982
pilot-meta-social-circle-ga,2023-08-28,3,27.95830460463077,0.8261270880274424,0.9835633023812732,0.1683273337741953
pilot-meta-social-circle-ga,2023-08-28,4,28.96402403781019,0.7814307030110869,0.9826949180757992,0.1836841039982871
pilot-meta-social-circle-ga,2023-09-13,0,18.308449655194828,0.6653684247861393,0.9834857142857142,0.1673499997619047
pilot-meta-social-circle-ga,2023-09-13,1,14.979610675586471,0.782373596759137,0.984240563280935,0.1588900005756247
pilot-meta-social-circle-ga,2023-09-13,2,19.39008690673193,0.7809965561048444,0.983647574609338,0.1500814030705304
pilot-meta-social-circle-ga,2023-09-13,3,24.020203702016783,0.7651350167344267,0.983122799699462,0.1550803056900598
pilot-meta-social-circle-ga,2023-09-13,4,25.492710806213815,0.7397578010490978,0.9820254310779214,0.1581477752461142
pilot-meta-social-circle-ga,2023-09-29,0,29.89782752680786,0.4733664338750604,0.982114542941326,0.1926287902292451
pilot-meta-social-circle-ga,2023-09-29,1,28.423476637144756,0.6295440490560854,0.9830348353027484,0.1423802726552581
pilot-meta-social-circle-ga,2023-09-29,2,26.329527558986367,0.7601780141157769,0.984407332183756,0.1266373589089466
pilot-meta-social-circle-ga,2023-09-29,3,27.077134765334268,0.7363138371373259,0.9838728238160868,0.1326964360549982
pilot-meta-social-circle-ga,2023-09-29,4,27.63106982841779,0.7216715859366152,0.9831556563157792,0.1370975165426223
pilot-meta-social-circle-ga,2023-10-15,3,20.48682225377052,0.7238495622267844,0.9826999999999996,0.1609203676844262
pilot-meta-social-circle-ga,2023-10-15,4,19.40484357322388,0.7258001874323667,0.9837124998619952,0.1213584112017765
pilot-meta-social-circle-ga,2023-12-18,0,13.00093177470042,0.3182867885492133,0.9800015268028374,0.1647947731627395
pilot-meta-social-circle-ga,2023-12-18,1,12.784069825706904,0.4380847801208472,0.9801615630272708,0.1176571213582641
pilot-meta-social-circle-ga,2023-12-18,2,12.08442555994032,0.5329206126129483,0.9807328372777414,0.0981933586210017
pilot-meta-social-circle-ga,2023-12-18,3,12.183200329659185,0.5360086343180096,0.9804631057710456,0.1075690937520881
pilot-meta-social-circle-ga,2023-12-18,4,12.36569719450285,0.5354754809655048,0.980096535230817,0.1147858137782684
pilot-meta-social-circle-ga,2024-01-19,0,9.682449722481271,0.3211688903727001,0.9799176977330232,0.1581745220974353
pilot-meta-social-circle-ga,2024-01-19,1,9.464783958648006,0.417034744573846,0.9799483081384632,0.1251684762138279
pilot-meta-social-circle-ga,2024-01-19,2,8.896324587143887,0.4932699114190132,0.9803273356407334,0.1039598151348259
pilot-meta-social-circle-ga,2024-01-19,3,9.022811439305068,0.5007295272110547,0.9800352985961938,0.112444989004982
pilot-meta-social-circle-ga,2024-01-19,4,9.29655523302334,0.4973739972389535,0.9797714364332462,0.1223318083914896
pilot-meta-social-circle-ga,2024-02-20,0,16.733935289564116,0.2885817123705152,0.9798501232221446,0.2046279441086852
pilot-meta-social-circle-ga,2024-02-20,1,16.377580339256742,0.3959561937024674,0.9797431236699616,0.1445644238680929
pilot-meta-social-circle-ga,2024-02-20,2,15.802032156352237,0.4724125362706167,0.9801518229871784,0.1240496152702138
pilot-meta-social-circle-ga,2024-02-20,3,15.608577741225702,0.4872977608305838,0.9799044955715231,0.1353907661825243
pilot-meta-social-circle-ga,2024-02-20,4,15.58400912894942,0.5062237096871071,0.9800381994314544,0.1345573547078985
pilot-meta-social-circle-ga,2024-03-07,0,25.7562108526894,0.3198281384901653,0.9801270952311664,0.1777353433106287
pilot-meta-social-circle-ga,2024-03-07,1,25.60080403948015,0.4213887574111251,0.980157033660928,0.1316235683154915
pilot-meta-social-circle-ga,2024-03-07,2,24.450543628115284,0.507788793139689,0.980672694270818,0.1104179464003714
pilot-meta-social-circle-ga,2024-03-07,3,24.379552225337388,0.5305971600335159,0.980719824619719,0.1185419516258512
pilot-meta-social-circle-ga,2024-03-07,4,24.521011703247147,0.5462702772878474,0.9806952567793934,0.1260998218112562
pilot-meta-social-circle-ga,2024-03-23,2,19.077372433254062,0.6398144468144178,0.9816906186186186,0.1436468195628872
pilot-meta-social-circle-ga,2024-03-23,3,21.167713734690825,0.5528945307893248,0.9805163427527984,0.1456179366412845
pilot-meta-social-circle-ga,2024-03-23,4,21.382891054969143,0.5773658434522358,0.980699237003706,0.1606132711747417
pilot-meta-social-circle-ga,2024-04-08,0,30.895613193626613,0.3873438482517068,0.9812155187152168,0.2082698542878122
pilot-meta-social-circle-ga,2024-04-08,1,29.607354953903673,0.5175443223234593,0.981716091555058,0.1576818718571564
pilot-meta-social-circle-ga,2024-04-08,2,27.335389742216837,0.6416687757368937,0.9829662984972708,0.1387876731956743
pilot-meta-social-circle-ga,2024-04-08,3,27.209147255667137,0.657165552008058,0.9829877745543478,0.1475782209523183
pilot-meta-social-circle-ga,2024-04-08,4,27.217836307479583,0.6731164030379534,0.9827733579339878,0.1539453558678595
pilot-meta-social-circle-ga,2024-04-24,1,22.478490742607573,0.5830978258799818,0.9818916522290814,0.1989913718147435
pilot-meta-social-circle-ga,2024-04-24,2,25.191160018963544,0.5400796039287515,0.9807541363791964,0.1790385796381611
pilot-meta-social-circle-ga,2024-04-24,3,24.4888269258327,0.7168723888361698,0.9835574249958152,0.1783741167289679
pilot-meta-social-circle-ga,2024-04-24,4,24.501466380103977,0.6991859768359181,0.982823846263874,0.1828929493814794
pilot-meta-social-circle-ga,2024-05-26,3,13.52268086480247,0.3074834074248953,0.9773524371472552,0.2070822431118522
pilot-meta-social-circle-ga,2024-05-26,4,11.86595946286533,0.2679633200182194,0.978225744934446,0.2277236481219706
pilot-meta-social-circle-ga,2024-06-11,0,38.13997081272561,0.4674582756607028,0.9822431068349636,0.228391430501937
pilot-meta-social-circle-ga,2024-06-11,1,35.51110332848766,0.6384338150401951,0.98346368430147,0.1821492463385668
pilot-meta-social-circle-ga,2024-06-11,2,32.00185724646881,0.7906315351900999,0.98528341712636,0.1720254040300647
pilot-meta-social-circle-ga,2024-06-11,3,33.031678813896804,0.7477389563570476,0.9844182532383468,0.173427644149926
pilot-meta-social-circle-ga,2024-06-11,4,33.74428737061643,0.7273640666836506,0.9835467526691226,0.1757324029562863
pilot-meta-social-circle-ga,2024-07-13,0,42.15282324085752,0.4660615797902742,0.9820673829616974,0.2202836335931303
pilot-meta-social-circle-ga,2024-07-13,1,40.06736033133301,0.6269165112060172,0.9830186358290036,0.1755371346975549
pilot-meta-social-circle-ga,2024-07-13,2,36.44684409300335,0.763891305834905,0.984512703081487,0.1664581975413599
pilot-meta-social-circle-ga,2024-07-13,3,37.66995232942613,0.7232563454515203,0.9836806597171832,0.1672654989619968
pilot-meta-social-circle-ga,2024-07-13,4,38.26065807712378,0.6880252414659773,0.9825927521118986,0.1725684423984272
pilot-meta-social-circle-ga,2024-07-29,0,32.69567081147465,0.5263060096054739,0.9825397014574516,0.2675680191987835
pilot-meta-social-circle-ga,2024-07-29,1,31.300352994767685,0.6207186542501777,0.9830566677488742,0.214594682471034
pilot-meta-social-circle-ga,2024-07-29,2,28.580456010761775,0.7945352710011434,0.9837526478119514,0.1768849727259834
pilot-meta-social-circle-ga,2024-07-29,3,30.7429329603294,0.6609647436919037,0.9819329992724284,0.1754346961848817
pilot-meta-social-circle-ga,2024-07-29,4,29.96551436790513,0.7333574061369345,0.9830921459719836,0.1955114242090677
pilot-meta-social-circle-ga,2024-08-14,0,35.53859298357466,0.4611470919327406,0.9818313538132738,0.2369034673539223
pilot-meta-social-circle-ga,2024-08-14,1,32.930410991228584,0.6530798767825807,0.9827332890752049,0.1694024945325299
pilot-meta-social-circle-ga,2024-08-14,2,29.699436681780796,0.8113466724105135,0.9846581900290244,0.1487429997074367
pilot-meta-social-circle-ga,2024-08-14,3,31.19673498320248,0.7764646587055126,0.9841349402477384,0.1557903045789176
pilot-meta-social-circle-ga,2024-08-14,4,32.21056551782671,0.7430872861657754,0.9829003430890734,0.1739819889649159
pilot-meta-social-circle-ga,2024-08-30,0,42.09834990699242,0.4960460082902149,0.9823224723545896,0.2040832099050746
pilot-meta-social-circle-ga,2024-08-30,1,39.754194540360125,0.6407971171599305,0.98303609849702,0.1603129327590237
pilot-meta-social-circle-ga,2024-08-30,2,36.63886483487269,0.7665781103827801,0.984258624323447,0.1454224158582427
pilot-meta-social-circle-ga,2024-08-30,3,37.19245411310675,0.739030024200805,0.9836558884979202,0.1492996374046071
pilot-meta-social-circle-ga,2024-08-30,4,37.92709976258413,0.7117933341228952,0.9826382015690064,0.153667266555374
pilot-meta-social-circle-ga,2024-10-17,0,22.071017824407708,0.473558062171261,0.9819983226328622,0.1866664234947109
pilot-meta-social-circle-ga,2024-10-17,1,20.344174447773984,0.6153526730882143,0.982654833605152,0.1402519032083565
pilot-meta-social-circle-ga,2024-10-17,2,18.14498632288193,0.7524570389546156,0.9840592646901094,0.1227527676208057
pilot-meta-social-circle-ga,2024-10-17,3,19.035014052860586,0.7214967816299719,0.983385272236153,0.1288254228100313
pilot-meta-social-circle-ga,2024-10-17,4,20.116479955025003,0.6980819064284037,0.9825835187204072,0.137344312030836
pilot-meta-social-circle-ga,2024-11-02,0,23.741144707516455,0.4221609558293351,0.9814427062493164,0.179646093681467
pilot-meta-social-circle-ga,2024-11-02,1,21.626498517968436,0.5236842289400081,0.981631804182152,0.1405324999727968
pilot-meta-social-circle-ga,2024-11-02,2,18.94806925508761,0.6407142127476594,0.9825693488483298,0.1246549503438591
pilot-meta-social-circle-ga,2024-11-02,3,19.824572388986272,0.615548489594603,0.981922287167274,0.1297927894561892
pilot-meta-social-circle-ga,2024-11-02,4,21.12172630175925,0.6067939139344647,0.9812739030007088,0.1373634534392126
pilot-meta-social-circle-ga,2024-11-18,0,22.359469102664068,0.4204947060266891,0.9814351674184252,0.1627733862413833
pilot-meta-social-circle-ga,2024-11-18,1,22.015996868252053,0.5357569196955853,0.9816849617131184,0.1225162777585806
pilot-meta-social-circle-ga,2024-11-18,2,20.909716093977742,0.6505840181336777,0.9827477444838788,0.1046472633117203
pilot-meta-social-circle-ga,2024-11-18,3,20.918702688951186,0.6368472731317953,0.9822435245671628,0.1117132896313718
pilot-meta-social-circle-ga,2024-11-18,4,20.98952025682433,0.6385380871684501,0.9818865242741308,0.1185452444888747
pilot-meta-social-circle-ga,2024-12-04,0,6.975836978924731,0.4036437678161152,0.9808956032924055,0.1433771973579349
pilot-meta-social-circle-ga,2024-12-04,1,6.49784276586789,0.4842475274874454,0.980704307828244,0.118936598591927
pilot-meta-social-circle-ga,2024-12-04,2,6.243643066846676,0.5631086009612803,0.981281422653218,0.1039246167368436
pilot-meta-social-circle-ga,2024-12-04,3,6.852456169566867,0.565370335688821,0.9809531480182828,0.110492978793954
pilot-meta-social-circle-ga,2024-12-04,4,7.317607080426719,0.5720162366501484,0.980709796715327,0.1197787054501653
pilot-meta-social-circle-ga,2024-12-20,0,12.481882122660087,0.35144927076179,0.980420072437762,0.1476428982149213
pilot-meta-social-circle-ga,2024-12-20,1,12.1848290431992,0.4539750166389794,0.9804888132153616,0.1159347467746956
pilot-meta-social-circle-ga,2024-12-20,2,11.464320080370024,0.5407724102685669,0.981036881861378,0.0965210956743836
pilot-meta-social-circle-ga,2024-12-20,3,11.73554534149828,0.535161015594163,0.980609393873606,0.1053012661489977
pilot-meta-social-circle-ga,2024-12-20,4,11.945476710332368,0.5426335090741474,0.9804041578205144,0.1151858822390564
pilot-meta-social-circle-ga,2025-01-05,2,9.534094916930597,0.4511060687362734,0.9787910052910058,0.1710437822359676
pilot-meta-social-circle-ga,2025-01-05,3,10.492917020868516,0.4523508410448145,0.9779051539675022,0.1560000697907443
pilot-meta-social-circle-ga,2025-01-05,4,9.934990980430417,0.4811383302352363,0.9782939309829544,0.1627664986876417
pilot-meta-social-circle-ga,2025-02-06,3,18.34858962918991,0.5482173851042551,0.9785750326177204,0.1393640609711184
pilot-meta-social-circle-ga,2025-02-06,4,19.215429481939623,0.5356640831048538,0.980259952634744,0.1341236860542519
pilot-meta-social-circle-ga,2025-02-22,0,15.271207953648227,0.3184871474070166,0.9801558287257636,0.175790856420226
pilot-meta-social-circle-ga,2025-02-22,1,14.547156057778995,0.4062018724440558,0.9799791046993144,0.1352381713945649
pilot-meta-social-circle-ga,2025-02-22,2,13.346607177923676,0.4827981401935446,0.9803690078677998,0.1128175315281967
pilot-meta-social-circle-ga,2025-02-22,3,13.674265749443215,0.4880826151742896,0.9800848413770208,0.1208800374913369
pilot-meta-social-circle-ga,2025-02-22,4,14.102969933923823,0.5012800642178881,0.9799425763703108,0.1301460267489511
pilot-meta-social-circle-ga,2025-03-26,0,28.665448252997983,0.326975307365638,0.9804359699538028,0.2016346928207981
pilot-meta-social-circle-ga,2025-03-26,1,27.62537879499617,0.4074832537995247,0.9802318019085834,0.1587672363048119
pilot-meta-social-circle-ga,2025-03-26,2,26.39390092993588,0.489658520691143,0.9807139240981232,0.1363775035388647
pilot-meta-social-circle-ga,2025-03-26,3,26.175722165083307,0.5138249180876677,0.9807196765666064,0.1448757904637908
pilot-meta-social-circle-ga,2025-03-26,4,26.17496551540995,0.5399545477960233,0.9806879612515448,0.1529359839483991
pilot-meta-social-circle-ga,2025-04-11,0,24.59906567189448,0.4469495045992321,0.9817364874856817,0.1988808128491591
pilot-meta-social-circle-ga,2025-04-11,1,23.814098851395578,0.5808885822821537,0.9824766342524708,0.1594376243805618
pilot-meta-social-circle-ga,2025-04-11,2,21.682277215539894,0.6976684060909462,0.9836389080844472,0.1447275270742219
pilot-meta-social-circle-ga,2025-04-11,3,21.448488959710872,0.6916346317692711,0.9832928906061026,0.1521631429191349
pilot-meta-social-circle-ga,2025-04-11,4,22.270383672974138,0.7010953240758414,0.9827543285488908,0.1568275890780431
pilot-meta-social-circle-ga,2025-05-13,0,28.366463004079648,0.6632926906880982,0.9826917053170576,0.1459459509339866
pilot-meta-social-circle-ga,2025-05-13,1,31.698912743065677,0.4981516028289696,0.9803165894138396,0.21212627227453
pilot-meta-social-circle-ga,2025-05-13,2,25.64404050184544,0.8126569852749268,0.9836959392130582,0.1392912320256577
pilot-meta-social-circle-ga,2025-05-13,3,26.94986701556344,0.7841289859703888,0.9843104937989604,0.1661446869605638
pilot-meta-social-circle-ga,2025-05-13,4,27.496839627833616,0.7733785615299943,0.9842163156717292,0.1734571619753898
pilot-meta-social-circle-ga,2025-06-14,3,19.36924178000004,0.7508481307085721,0.9821,0.1852828325
pilot-meta-social-circle-ga,2025-06-14,4,19.148231951518575,0.7798184426218117,0.9844044446371516,0.1981183591206949
pilot-meta-social-circle-ga,2025-06-30,0,38.353251603634455,0.5773831923226661,0.9830268375593272,0.2143829431520358
pilot-meta-social-circle-ga,2025-06-30,1,35.16645858879349,0.7390120699748293,0.9842373272426216,0.1732006137682293
pilot-meta-social-circle-ga,2025-06-30,2,33.75482673477274,0.7858099099550976,0.9847687689674768,0.1765854024811446
pilot-meta-social-circle-ga,2025-06-30,3,34.384236326974865,0.7680565335267682,0.9841524477223212,0.173934672280639
pilot-meta-social-circle-ga,2025-06-30,4,35.26541772338919,0.7466085145220828,0.98326777468554,0.1818519666456196
pilot-meta-social-circle-ga,2025-07-16,0,31.011108084567397,0.5571395014158339,0.982806031774934,0.2408635029227589
pilot-meta-social-circle-ga,2025-07-16,1,27.447867941567452,0.6934393783944779,0.9835684211353324,0.1971393569171423
pilot-meta-social-circle-ga,2025-07-16,2,27.133265704454892,0.7813149766800405,0.9842424192982194,0.1797729140496475
pilot-meta-social-circle-ga,2025-07-16,3,29.48878055947895,0.7354416177543845,0.9836519003460732,0.1840930755732775
pilot-meta-social-circle-ga,2025-07-16,4,28.315257221622723,0.7431031638478007,0.9831879323301076,0.1994552452281175
pilot-meta-social-circle-ga,2025-08-01,0,36.78348555897362,0.5797372417030453,0.98333923829617,0.1875289801033518
pilot-meta-social-circle-ga,2025-08-01,1,34.96699901368321,0.6875674237108431,0.9837976213834408,0.1597193921194814
pilot-meta-social-circle-ga,2025-08-01,2,32.69349311193397,0.7951459481542177,0.9850254192204057,0.1471635212530729
pilot-meta-social-circle-ga,2025-08-01,3,33.24846303331699,0.7855596772610454,0.984700071108776,0.1500665475912576
pilot-meta-social-circle-ga,2025-08-01,4,33.64166050345465,0.7683401266901101,0.9838910148178291,0.1545165232225245
pilot-meta-social-circle-ga,2025-08-17,0,36.14602900964807,0.6004334941708496,0.9835280623658658,0.1868891381326502
pilot-meta-social-circle-ga,2025-08-17,1,34.144525481824196,0.6799001653887932,0.9835137650889132,0.1553982307966429
pilot-meta-social-circle-ga,2025-08-17,2,31.554002339050516,0.7851161894249888,0.98465065329373,0.142014182803924
pilot-meta-social-circle-ga,2025-08-17,3,31.88549105225751,0.7825068287793531,0.9844383509405276,0.1459995328274978
pilot-meta-social-circle-ga,2025-08-17,4,32.26252448026573,0.7668363990286533,0.983672563718891,0.1523748705170608
pilot-meta-social-circle-ga,2025-09-02,1,26.616574064703023,0.5859318227155673,0.97980013490863,0.1251644726489104
pilot-meta-social-circle-ga,2025-09-02,2,22.234622368243286,0.7857159481913233,0.9839370714090474,0.1052325753606907
pilot-meta-social-circle-ga,2025-09-02,3,22.83354839195847,0.7947828123230207,0.9843643048403644,0.122063937239831
pilot-meta-social-circle-ga,2025-09-02,4,25.43733174480777,0.7605611831377469,0.9827500386963058,0.1263971649321236
pilot-meta-social-circle-ga,2025-09-18,0,36.50442886633269,0.5135665058298746,0.9824173816082288,0.1782932909405778
pilot-meta-social-circle-ga,2025-09-18,1,33.39336152686376,0.6445994562150963,0.9828107794304508,0.1416892388284373
pilot-meta-social-circle-ga,2025-09-18,2,31.198947432674128,0.7507172669342266,0.984211779797678,0.128897726402858
pilot-meta-social-circle-ga,2025-09-18,3,31.834019765606943,0.7382386275099923,0.9838044473435288,0.132408057932053
pilot-meta-social-circle-ga,2025-09-18,4,32.79136350184737,0.6976271940566727,0.9826485650351692,0.1397766335802171
pilot-meta-social-circle-ga,2025-10-20,0,25.428083683542212,0.4689253777642918,0.9816542377505362,0.1571648354685873
pilot-meta-social-circle-ga,2025-10-20,1,23.29071847627721,0.5781753895777454,0.9819236535931452,0.1303369941780111
pilot-meta-social-circle-ga,2025-10-20,2,21.466941730434048,0.7019186810278402,0.9831313021986932,0.1138263807890103
pilot-meta-social-circle-ga,2025-10-20,3,22.163194992873823,0.6848439124816177,0.9826272543214192,0.1178665222848754
pilot-meta-social-circle-ga,2025-10-20,4,23.02396091446873,0.6523403336619581,0.9816952460268892,0.1248347204014583
pilot-meta-social-circle-ga,2025-11-05,0,20.1654777759162,0.4191712064186992,0.9812278778808456,0.1474624546279828
pilot-meta-social-circle-ga,2025-11-05,1,19.469955426431003,0.5236041015633984,0.9814025524869412,0.1226519411583396
pilot-meta-social-circle-ga,2025-11-05,2,18.463829365974416,0.631080714688452,0.982345471537425,0.1042760286680536
pilot-meta-social-circle-ga,2025-11-05,3,18.513305345602603,0.6190917738768662,0.9817644870751402,0.1081339843092456
pilot-meta-social-circle-ga,2025-11-05,4,18.54026101340275,0.591112630874654,0.9809018312301268,0.117656434922438
pilot-meta-social-circle-ga,2025-11-21,3,-19.230458079999977,0.1423799582463465,0.9801,0.1935996025
pilot-meta-social-circle-ga,2025-11-21,4,-24.02594013999999,0.5110759061484255,0.9839,0.0783381375
pilot-meta-social-circle-ga,2026-01-08,2,2.368010300000037,0.6313837783663827,0.9783,0.080083865
pilot-meta-social-circle-ga,2026-01-08,3,7.725756649999994,0.5209533045155137,0.98095,0.1153787125
pilot-meta-social-circle-ga,2026-02-09,0,14.712433703148587,0.3267603879269761,0.9799490942490264,0.140100356528989
pilot-meta-social-circle-ga,2026-02-09,1,13.42728004584512,0.3964217079143943,0.9794955380473988,0.1212667225874035
pilot-meta-social-circle-ga,2026-02-09,2,12.552578960638211,0.4685715524033064,0.9798027942855336,0.1104673393290308
pilot-meta-social-circle-ga,2026-02-09,3,12.761180602360808,0.4671921602033473,0.979465304107851,0.1226357370463022
pilot-meta-social-circle-ga,2026-02-09,4,12.852087193407584,0.4769253374849096,0.9791122522543632,0.1251566967787503
pilot-meta-social-circle-ga,2026-03-13,0,21.867439522492734,0.378296673203771,0.9807742611218208,0.1636349760957098
pilot-meta-social-circle-ga,2026-03-13,1,20.278537295148695,0.4420145379235603,0.9804184139287851,0.1349241465506609
pilot-meta-social-circle-ga,2026-03-13,2,19.04390249809968,0.507364119195035,0.9808295393309544,0.1174226072122837
pilot-meta-social-circle-ga,2026-03-13,3,19.06884620803662,0.5353952057986049,0.9808589360170968,0.1229728658623945
pilot-meta-social-circle-ga,2026-03-13,4,19.15688504520563,0.5621097634271575,0.9808529432018936,0.1306670905539723
pilot-meta-social-circle-ga,2026-03-29,2,17.143468145449543,0.5727303559864465,0.9816242116263882,0.1397914789991509
pilot-meta-social-circle-ga,2026-03-29,3,20.595256645891137,0.4160258684623371,0.9782993146470582,0.1986206907599194
pilot-meta-social-circle-ga,2026-03-29,4,20.85241354638407,0.3411376824920989,0.978899747508305,0.1992440946799667
pilot-meta-social-circle-ga,2026-04-14,0,35.59495170726333,0.4716403895187909,0.982067733985669,0.1878596128611863
pilot-meta-social-circle-ga,2026-04-14,1,32.830803731776285,0.5933964339457912,0.9826377850296176,0.1639502702240368
pilot-meta-social-circle-ga,2026-04-14,2,30.49648934901741,0.7266751708446216,0.9841567462275262,0.1526038691453923
pilot-meta-social-circle-ga,2026-04-14,3,31.22027029768634,0.7113861139770217,0.9836862398149444,0.1557877798070525
pilot-meta-social-circle-ga,2026-04-14,4,31.760912032998508,0.7061422729691532,0.983107875613912,0.1587325344766947
pilot-meta-social-circle-ga,2026-05-16,0,27.132405915503227,0.4907198727419145,0.981539272332689,0.1959597660580087
pilot-meta-social-circle-ga,2026-05-16,1,23.776059612954803,0.6446579055965901,0.9823889549145358,0.1720504697419727
pilot-meta-social-circle-ga,2026-05-16,2,21.97709571092303,0.7503450037754188,0.983192561716056,0.1687529134327349
pilot-meta-social-circle-ga,2026-05-16,3,23.189237041813342,0.7041782434451924,0.9821466256086596,0.1666533820315076
pilot-meta-social-circle-ga,2026-05-16,4,24.06952429551082,0.6672979778247708,0.9811699156280214,0.1680664920892439
pilot-meta-social-circle-ga,2026-06-01,0,29.26632653091024,0.5500773568749229,0.9830075308343932,0.1917021421760193
pilot-meta-social-circle-ga,2026-06-01,1,26.820178096927098,0.6374798605803543,0.9833368609640104,0.1893113999610878
pilot-meta-social-circle-ga,2026-06-01,2,23.6038157013653,0.7705422443770276,0.98475934282742,0.1781630413012629
pilot-meta-social-circle-ga,2026-06-01,3,23.73191097616419,0.7377101318992274,0.983952862546558,0.1759317896526415
pilot-meta-social-circle-ga,2026-06-01,4,25.662190195632327,0.7102296276898724,0.9829324142830792,0.1728383878445754
pilot-meta-social-circle-ga,2026-06-17,1,14.786642250070386,0.7969248393760152,0.984165728643216,0.2178293817386934
pilot-meta-social-circle-ga,2026-06-17,2,17.005537246032926,0.7699276703954495,0.9837111420941008,0.2130012025304374
pilot-meta-social-circle-ga,2026-06-17,3,17.919093046931515,0.766185248136647,0.9833551851326052,0.2074503338605046
pilot-meta-social-circle-ga,2026-06-17,4,18.54654804131049,0.7397996806359206,0.983465691128149,0.2078611605949396
pilot-meta-social-circle-ga,2026-07-03,0,37.71531611252294,0.7109283127814239,0.9847340111557196,0.1766870950474654
pilot-meta-social-circle-ga,2026-07-03,1,37.39255275219271,0.6698790430784413,0.9838564887610288,0.1746838248911639
pilot-meta-social-circle-ga,2026-07-03,2,35.07044907602786,0.7722573952302166,0.9845897873906776,0.1700527304306471
pilot-meta-social-circle-ga,2026-07-03,3,35.751823667694964,0.7746711539511392,0.984328211733152,0.1686886141831181
pilot-meta-social-circle-ga,2026-07-03,4,36.606265154103205,0.7571933701312265,0.98357107012167,0.1700692862001235
pilot-meta-social-circle-ga,2026-07-19,0,39.916780971260344,0.5905511821197372,0.9833217866756392,0.1976412102838769
pilot-meta-social-circle-ga,2026-07-19,1,37.39887802396215,0.6746863563169401,0.9835350793323608,0.1722422463842467
pilot-meta-social-circle-ga,2026-07-19,2,34.599849093282316,0.7944978354953074,0.9848716981446656,0.1607002380332559
pilot-meta-social-circle-ga,2026-07-19,3,35.04132107491831,0.7782539435908146,0.984352190965202,0.1635893671974864
pilot-meta-social-circle-ga,2026-07-19,4,35.2497443950489,0.7689800240887226,0.983668603511535,0.169536933467666
pilot-meta-social-circle-ga,2026-08-04,0,34.07914398507563,0.738771038588587,0.981307550153177,0.1884447425395296
pilot-meta-social-circle-ga,2026-08-04,1,33.46922734711104,0.6173750469361492,0.9806852407674173,0.1921090415066149
pilot-meta-social-circle-ga,2026-08-04,2,30.362906467891992,0.835459816747176,0.983639913943578,0.1808205199761861
pilot-meta-social-circle-ga,2026-08-04,3,31.36866295144081,0.7700033928750623,0.9826550863834712,0.1868360846279883
pilot-meta-social-circle-ga,2026-08-04,4,32.056774667939195,0.7714887816342936,0.9823408292247648,0.1858167518486479
pilot-meta-social-circle-ga,2026-08-20,0,41.67115906028498,0.5786352414787965,0.9833391823687748,0.1904216362839541
pilot-meta-social-circle-ga,2026-08-20,1,38.94514634245071,0.6587811397230201,0.9834280400632968,0.1632865517010665
pilot-meta-social-circle-ga,2026-08-20,2,36.46294846550483,0.7731684318914973,0.9847015050160242,0.1475515992009468
pilot-meta-social-circle-ga,2026-08-20,3,37.051248881048025,0.7443638701242281,0.984002904327679,0.1514536396260639
pilot-meta-social-circle-ga,2026-08-20,4,36.95861601326208,0.7204678704791723,0.9832317821169648,0.1588822795155839
pilot-meta-social-circle-ga,2026-09-05,0,45.5779700941703,0.5196314580599579,0.9822020156596694,0.1775423230082896
pilot-meta-social-circle-ga,2026-09-05,1,42.7245944684788,0.6268639686264342,0.9824739937188914,0.1515669872089986
pilot-meta-social-circle-ga,2026-09-05,2,40.19495708749543,0.7524542336784834,0.9837441781178716,0.1385252396756671
pilot-meta-social-circle-ga,2026-09-05,3,41.20893893330591,0.7131143845301832,0.982910385816224,0.1437106274348318
pilot-meta-social-circle-ga,2026-09-05,4,42.15262843243775,0.6750887660059633,0.9818423280859582,0.1478647611614482
pilot-meta-social-circle-ga,2026-09-21,0,37.99695387031382,0.5101823196140983,0.9823828862173084,0.1679305127379868
pilot-meta-social-circle-ga,2026-09-21,1,35.444532874174236,0.6206225325732075,0.9826874554336976,0.1412187843699813
pilot-meta-social-circle-ga,2026-09-21,2,33.44417289557051,0.7428169136443008,0.9839886467308848,0.1296074348298541
pilot-meta-social-circle-ga,2026-09-21,3,34.366912707593805,0.7074962858287377,0.983218278921048,0.1340175165190289
pilot-meta-social-circle-ga,2026-09-21,4,34.9882648952885,0.6732184117625237,0.9822131089303656,0.1377405421253895
pilot-meta-social-circle-ga,2013-04-17,4,28.402449241892658,0.6343483147289499,0.9803514809710326,0.1653822557786299
pilot-meta-social-circle-ga,2013-06-04,4,27.813295479300116,0.6896699620431512,0.9813016006380214,0.1892558689336268
pilot-meta-social-circle-ga,2013-06-20,4,30.0887842207389,0.6124098769619838,0.9764356175138696,0.2409304193996678
pilot-meta-social-circle-ga,2013-07-06,1,16.19825177112415,0.8655060361724259,0.9857036872788878,0.16588428541812
pilot-meta-social-circle-ga,2013-07-06,2,18.875914217028186,0.8310976226689094,0.9838966306603956,0.141082930410036
pilot-meta-social-circle-ga,2013-07-06,3,22.54072070764955,0.7770011347034138,0.9836083232303156,0.1703977688792214
pilot-meta-social-circle-ga,2013-07-06,4,24.011712796364893,0.7507172314079608,0.9831618250613692,0.1969032945257229
pilot-meta-social-circle-ga,2013-07-22,0,24.3402924514162,0.8282019246231926,0.985562483566096,0.1433355078297944
pilot-meta-social-circle-ga,2013-07-22,1,25.93402458356155,0.7777472460974946,0.984340201961811,0.1501654141524017
pilot-meta-social-circle-ga,2013-07-22,2,26.511565953738927,0.8510878549637678,0.985393734360264,0.1549785988744394
pilot-meta-social-circle-ga,2013-07-22,3,27.50688787390621,0.822328680172323,0.9845110733093124,0.1541531494036616
pilot-meta-social-circle-ga,2013-07-22,4,27.612737172442113,0.8107560779079447,0.984308389518077,0.1695220605127289
pilot-meta-social-circle-ga,2013-08-23,0,29.713323745454986,0.832427695558224,0.985618328678765,0.1211991295549579
pilot-meta-social-circle-ga,2013-08-23,1,30.398203767313017,0.8316423370439002,0.9854507066660732,0.1232317337513773
pilot-meta-social-circle-ga,2013-08-23,2,30.502331765031222,0.8437538472253814,0.9853688349721956,0.1399006664498419
pilot-meta-social-circle-ga,2013-08-23,3,31.593855387641497,0.8085463755445388,0.9846124246887756,0.1464910841523738
pilot-meta-social-circle-ga,2013-08-23,4,31.912557640656917,0.7792114781725084,0.983715647547078,0.1517862723054247
pilot-meta-social-circle-ga,2013-09-08,0,30.382483200983625,0.8104157684490186,0.9848966059647796,0.1031217551724506
pilot-meta-social-circle-ga,2013-09-08,1,32.11340419203114,0.702643754517886,0.9834072991240874,0.1276696680921466
pilot-meta-social-circle-ga,2013-09-08,2,31.11295366463712,0.827331527433927,0.9850195583452775,0.1204826180407245
pilot-meta-social-circle-ga,2013-09-08,3,32.5977716574391,0.793604212470556,0.9843663857225092,0.1254809774415879
pilot-meta-social-circle-ga,2013-09-08,4,33.562554996464065,0.7576759452311873,0.983429895439665,0.1344908187460744
pilot-meta-social-circle-ga,2013-10-10,0,23.524923071127297,0.8126719897896301,0.9844225237627894,0.0897750700443792
pilot-meta-social-circle-ga,2013-10-10,1,24.53875029655396,0.6943644438529829,0.9826217191314824,0.112105083536392
pilot-meta-social-circle-ga,2013-10-10,2,24.0863109618994,0.8133075012879458,0.9840178485876592,0.109930906108805
pilot-meta-social-circle-ga,2013-10-10,3,25.19535339537061,0.7741676449901385,0.9832263360896136,0.1151756427668137
pilot-meta-social-circle-ga,2013-10-10,4,26.099610815259343,0.729083395902406,0.9822513626586192,0.1251973243377678
pilot-meta-social-circle-ga,2013-10-26,0,13.692054615910829,0.7845572101152412,0.983970113861476,0.0867232313923156
pilot-meta-social-circle-ga,2013-10-26,1,14.975289010482758,0.6640432120432134,0.9821414914627952,0.1116821575564975
pilot-meta-social-circle-ga,2013-10-26,2,14.63182875393536,0.775367360469258,0.9833890652951957,0.1066739527031622
pilot-meta-social-circle-ga,2013-10-26,3,15.794298265754232,0.7435451702948384,0.9827316835174588,0.1112122230397683
pilot-meta-social-circle-ga,2013-10-26,4,17.116756417910153,0.6898752179274996,0.9815975252448504,0.1225178015500188
pilot-meta-social-circle-ga,2013-11-11,0,16.097582523253937,0.7215903495547322,0.984172775930066,0.0848162025843396
pilot-meta-social-circle-ga,2013-11-11,1,16.96266981603702,0.6041918894673679,0.9822991097093337,0.1083876890814281
pilot-meta-social-circle-ga,2013-11-11,2,16.886437964289566,0.688972002522471,0.983368379756412,0.1038260528959355
pilot-meta-social-circle-ga,2013-11-11,3,17.840051988651453,0.66484057044067,0.982717445729104,0.1105486269993343
pilot-meta-social-circle-ga,2013-11-11,4,18.62456626944667,0.6269754387675506,0.9818827330013896,0.1216606051531644
pilot-meta-social-circle-ga,2013-11-27,0,4.0612899673120335,0.6342817041782819,0.9824499474634264,0.097137502409004
pilot-meta-social-circle-ga,2013-11-27,1,4.6416971310502575,0.5992636633706856,0.9813054466446391,0.1081402328640651
pilot-meta-social-circle-ga,2013-11-27,2,5.155960674770975,0.6543821795624986,0.9817796485720978,0.1053080526969517
pilot-meta-social-circle-ga,2013-11-27,3,5.580030636653489,0.5973953033504532,0.9800871212460718,0.1111312609115608
pilot-meta-social-circle-ga,2013-11-27,4,5.753338320666019,0.5830652457882888,0.9800656002095662,0.1162717735223052
pilot-meta-social-circle-ga,2013-12-13,0,8.463812293406594,0.6610651605041383,0.9827837449793708,0.0771867205148983
pilot-meta-social-circle-ga,2013-12-13,1,8.758159800314164,0.546223560183004,0.9809122527527694,0.0922101365688693
pilot-meta-social-circle-ga,2013-12-13,2,9.285688411195204,0.5893238236256795,0.9812384632044342,0.092482636198548
pilot-meta-social-circle-ga,2013-12-13,3,10.158417578720451,0.5663317343874763,0.9805441929949686,0.0995935364393385
pilot-meta-social-circle-ga,2013-12-13,4,10.597534343809611,0.5307910103419248,0.979852785788892,0.1084426212703864
pilot-meta-social-circle-ga,2013-12-29,3,7.175610794545466,0.5419009875467597,0.9775363636363636,0.08088892125
pilot-meta-social-circle-ga,2013-12-29,4,7.51564189996992,0.5961050191354468,0.9778855488893794,0.0497529024844062
pilot-meta-social-circle-ga,2014-01-14,0,13.107460184390476,0.6719196355574863,0.9834988654744394,0.0709324066821034
pilot-meta-social-circle-ga,2014-01-14,1,13.373344968092509,0.5554669254950464,0.9815982555559652,0.0850144405510591
pilot-meta-social-circle-ga,2014-01-14,2,13.820217738561771,0.5895265769251827,0.9818613559635212,0.0857507721812352
pilot-meta-social-circle-ga,2014-01-14,3,14.131512449910534,0.566792120959062,0.981327638857028,0.0930491473962808
pilot-meta-social-circle-ga,2014-01-14,4,14.25027807939519,0.5235367037786822,0.9804326021281706,0.1065280310322248
pilot-meta-social-circle-ga,2014-01-30,0,0.6919647215359223,0.5553375414599854,0.9811305813023644,0.0938703029513112
pilot-meta-social-circle-ga,2014-01-30,1,1.2144200617178678,0.4545004269698978,0.9795041747079424,0.1130708186276402
pilot-meta-social-circle-ga,2014-01-30,2,1.3585834411899198,0.4611723973242138,0.9791063487813084,0.1161268749062875
pilot-meta-social-circle-ga,2014-01-30,3,2.1642791742711447,0.4434808274309332,0.9784458891464692,0.1241890327527567
pilot-meta-social-circle-ga,2014-01-30,4,2.360681195677921,0.3979178666340625,0.9782085964875528,0.1437639499821978
pilot-meta-social-circle-ga,2014-02-15,0,6.486830423038302,0.6241677744526869,0.9821314086836402,0.0793238685546954
pilot-meta-social-circle-ga,2014-02-15,1,7.268455168931467,0.5141847244950406,0.9803401647467698,0.0952094720154167
pilot-meta-social-circle-ga,2014-02-15,2,7.794893146977349,0.547314906903335,0.9803970087280632,0.0959017394020996
pilot-meta-social-circle-ga,2014-02-15,3,8.516269436122736,0.5251527003694009,0.9797322230096788,0.1040554627611431
pilot-meta-social-circle-ga,2014-02-15,4,8.847497524853814,0.4903588929311924,0.9791268675900504,0.1163232881807222
pilot-meta-social-circle-ga,2014-04-20,0,21.379993152228288,0.7536539175287342,0.9839634839196376,0.1051338281738323
pilot-meta-social-circle-ga,2014-04-20,1,22.34675780489152,0.6538644407930327,0.9823437987213736,0.1186731725834399
pilot-meta-social-circle-ga,2014-04-20,2,22.827492500996776,0.7184153154787905,0.9829686158340012,0.1243164136657419
pilot-meta-social-circle-ga,2014-04-20,3,23.32796890590595,0.7060892519322076,0.982464580546736,0.1320831141117792
pilot-meta-social-circle-ga,2014-04-20,4,23.464721639346564,0.6932661103744171,0.981968043384916,0.1420738909456576
pilot-meta-social-circle-ga,2014-05-06,0,29.734540042918873,0.8272819481477796,0.9855377042327772,0.1264784376132708
pilot-meta-social-circle-ga,2014-05-06,1,31.43297989727163,0.690928262253138,0.9834333331818184,0.1543832994723689
pilot-meta-social-circle-ga,2014-05-06,2,30.581631184590712,0.8207088157470369,0.9852098186427553,0.1490760207181793
pilot-meta-social-circle-ga,2014-05-06,3,32.334432268806886,0.7681665258574151,0.98417104335677,0.1508555273935013
pilot-meta-social-circle-ga,2014-05-06,4,33.265811316703704,0.7339892740020306,0.9832555940650858,0.1579833663338646
pilot-meta-social-circle-ga,2014-05-22,0,29.36136076778533,0.8257158750033332,0.9850213301710212,0.1295890983621281
pilot-meta-social-circle-ga,2014-05-22,1,30.9724852963346,0.6968039606123928,0.983046906181278,0.158585794800436
pilot-meta-social-circle-ga,2014-05-22,2,30.228660243436597,0.8287888818668847,0.9846944743608218,0.1540301865972981
pilot-meta-social-circle-ga,2014-05-22,3,31.644957967519105,0.7774537143207839,0.9837862462415397,0.1528649655216472
pilot-meta-social-circle-ga,2014-05-22,4,32.704093322230754,0.7247586588411062,0.9824109496007524,0.1582239380241768
pilot-meta-social-circle-ga,2014-06-23,0,26.290769751650927,0.8588965597481711,0.9845383680015324,0.1657625204057854
pilot-meta-social-circle-ga,2014-06-23,1,26.824535543747185,0.841505556577282,0.9842412192252756,0.1670252265782287
pilot-meta-social-circle-ga,2014-06-23,2,28.79243309286391,0.7880289889058202,0.983167638284649,0.1747208125307127
pilot-meta-social-circle-ga,2014-06-23,3,29.625827056729378,0.7595867360681292,0.983031024637272,0.1911130939678818
pilot-meta-social-circle-ga,2014-06-23,4,31.674099711879823,0.7272595586015463,0.9813906253894028,0.1894686655942233
pilot-meta-social-circle-ga,2014-07-09,0,23.164180576369617,0.8076042685003713,0.9843059266125076,0.1084322460820817
pilot-meta-social-circle-ga,2014-07-09,1,22.96738910592975,0.6969794828274044,0.9826846774685508,0.1311110524875435
pilot-meta-social-circle-ga,2014-07-09,2,20.673970173224685,0.8013196179417036,0.983702788716967,0.1258875812885857
pilot-meta-social-circle-ga,2014-07-09,3,20.932041646062594,0.7751470175925776,0.9830630740633004,0.1261662977228582
pilot-meta-social-circle-ga,2014-07-09,4,23.926234241283808,0.7106459311124431,0.9826674038363497,0.1457962532947235
pilot-meta-social-circle-ga,2014-07-25,0,29.06308471127276,0.8062019570720241,0.9847788649001266,0.1303458222409373
pilot-meta-social-circle-ga,2014-07-25,1,29.26505427626238,0.7587413672552644,0.9840801511003274,0.144886433241635
pilot-meta-social-circle-ga,2014-07-25,2,29.008998498729895,0.8410944635532253,0.984924145357868,0.1445775840538724
pilot-meta-social-circle-ga,2014-07-25,3,30.239649319491424,0.8064987193719222,0.9842859982271752,0.1503515944664549
pilot-meta-social-circle-ga,2014-07-25,4,31.274457285158046,0.7580210777517168,0.9829886948488172,0.1640919076508273
pilot-meta-social-circle-ga,2014-08-26,0,27.076742738556607,0.789203252273216,0.9843828772265492,0.1214563310026124
pilot-meta-social-circle-ga,2014-08-26,1,29.037501028999127,0.7181630925487944,0.9830284119450572,0.1421909127296688
pilot-meta-social-circle-ga,2014-08-26,2,28.952263490111072,0.7981719165035299,0.9838729416330272,0.1388751975261261
pilot-meta-social-circle-ga,2014-08-26,3,30.099408429600658,0.7601679744697776,0.9829415249602912,0.1436447004623729
pilot-meta-social-circle-ga,2014-08-26,4,31.19392166583925,0.7255036623802462,0.9822852407107152,0.1567781200583609
pilot-meta-social-circle-ga,2014-09-11,0,22.132769551814587,0.7786024254125954,0.9843237404954616,0.1113477867960511
pilot-meta-social-circle-ga,2014-09-11,1,23.088865505268537,0.732683276505819,0.9831290258416496,0.1316273917190557
pilot-meta-social-circle-ga,2014-09-11,2,23.840419445073167,0.7027378132084541,0.9829901725065064,0.1770221096291786
pilot-meta-social-circle-ga,2014-09-11,3,24.521866751165906,0.7400203306804489,0.9830700662595212,0.1394906183686732
pilot-meta-social-circle-ga,2014-09-11,4,24.11939763706036,0.6935757126349095,0.9819655057751612,0.1611521473099796
pilot-meta-social-circle-ga,2014-09-27,2,16.081499777879863,0.7348733672433487,0.9819949653786312,0.1527089500656203
pilot-meta-social-circle-ga,2014-09-27,3,17.494005617397036,0.7348171389734399,0.9822810689876168,0.1530512918357386
pilot-meta-social-circle-ga,2014-09-27,4,21.01122232132144,0.6611009972668028,0.980919454702628,0.1721473971282152
pilot-meta-social-circle-ga,2014-10-13,0,20.55758259672905,0.6730078178681422,0.9808306709511552,0.0488791698630141
pilot-meta-social-circle-ga,2014-10-13,1,21.14778415106989,0.6348033919919611,0.9802284143904064,0.0830991246115995
pilot-meta-social-circle-ga,2014-10-13,2,21.483215392995263,0.6912274486226139,0.981440503182839,0.1375792704714627
pilot-meta-social-circle-ga,2014-10-13,3,22.501997029440194,0.6628962278284565,0.9801164761404768,0.121619284814333
pilot-meta-social-circle-ga,2014-10-13,4,22.289547587846215,0.6509774990693095,0.9800216371703684,0.1386751080637707
pilot-meta-social-circle-ga,2014-11-14,3,3.530137100000019,0.5075933514467076,0.9685350000000004,0.14639054775
pilot-meta-social-circle-ga,2014-11-14,4,3.0374247028873387,0.4409832541766871,0.9739595070422536,0.198902153100352
pilot-meta-social-circle-ga,2014-11-30,2,12.456042761568185,0.4503717217204411,0.9822403498190592,0.1032983801583232
pilot-meta-social-circle-ga,2014-11-30,3,15.16247768564709,0.496476953441895,0.9799108034204784,0.1272215202391161
pilot-meta-social-circle-ga,2014-11-30,4,16.34125940992449,0.4979895897229095,0.9799716091072864,0.1332285721937368
pilot-meta-social-circle-ga,2014-12-16,0,17.040483979053775,0.6572337421052029,0.9827509305199648,0.0753128526033886
pilot-meta-social-circle-ga,2014-12-16,1,17.54845093712247,0.5417253231472854,0.981155722209095,0.1011668345231999
pilot-meta-social-circle-ga,2014-12-16,2,17.424836480414562,0.5993623215592152,0.9814469577105738,0.094111709081162
pilot-meta-social-circle-ga,2014-12-16,3,17.623394165572147,0.5778113160943783,0.980876584495587,0.1046632746362603
pilot-meta-social-circle-ga,2014-12-16,4,17.344539313537016,0.5247245780086494,0.9796033355606024,0.1369806240376
pilot-meta-social-circle-ga,2015-01-01,0,0.7156347147933353,0.572028684200087,0.9808337437919484,0.0877044229734548
pilot-meta-social-circle-ga,2015-01-01,1,1.2057220346722624,0.5514786950479307,0.9798507981767228,0.1012451824104888
pilot-meta-social-circle-ga,2015-01-01,2,2.210686338880723,0.549218228149246,0.979034321202928,0.1018640984017671
pilot-meta-social-circle-ga,2015-01-01,3,2.7649082840874812,0.5063037058793438,0.9783613347439928,0.105906450171795
pilot-meta-social-circle-ga,2015-01-01,4,4.058702382365352,0.4873513073916462,0.978347262425186,0.122186832695557
pilot-meta-social-circle-ga,2015-01-17,0,7.773383325170901,0.5950097290684,0.9822971615889275,0.0790103689544185
pilot-meta-social-circle-ga,2015-01-17,1,8.079754264650035,0.530182659508949,0.9811231855074696,0.0936694279977167
pilot-meta-social-circle-ga,2015-01-17,2,8.190955845306771,0.545594733980943,0.9810077946167114,0.0926490056223924
pilot-meta-social-circle-ga,2015-01-17,3,8.605715411200823,0.5256895379200445,0.9803136363102132,0.1014370745011857
pilot-meta-social-circle-ga,2015-01-17,4,8.935521004223514,0.5056979315942497,0.9799437398341992,0.1138434643444148
pilot-meta-social-circle-ga,2015-02-18,0,2.5341772916540495,0.5712300845645891,0.9814503212609158,0.0758241725595316
pilot-meta-social-circle-ga,2015-02-18,1,2.288381466987349,0.4741869356446122,0.9797539889509552,0.1027300230581861
pilot-meta-social-circle-ga,2015-02-18,2,3.011981360721135,0.4761870734085768,0.9796895533067346,0.1094617298020943
pilot-meta-social-circle-ga,2015-02-18,3,3.9700400689381343,0.4932512998088687,0.979612011979578,0.1067077899050435
pilot-meta-social-circle-ga,2015-02-18,4,4.362654763986766,0.4773124851657371,0.9796072488909208,0.1244961233918105
pilot-meta-social-circle-ga,2015-04-07,2,20.297746913000022,0.571269444277597,0.9789566666666664,0.1621772188333334
pilot-meta-social-circle-ga,2015-04-07,3,18.883502077946428,0.489104531053135,0.9769099154384238,0.1828986447460413
pilot-meta-social-circle-ga,2015-04-07,4,22.316916169352865,0.5138609986255759,0.9763280584100223,0.1940606083262409
pilot-meta-social-circle-ga,2015-04-23,0,14.766063132758054,0.7434770716251251,0.9842166562164928,0.1295943092422827
pilot-meta-social-circle-ga,2015-04-23,1,15.840610613414071,0.648408691811066,0.9826658003307842,0.1543502433003837
pilot-meta-social-circle-ga,2015-04-23,2,14.884165267020055,0.7508443684805508,0.9838234929584494,0.1492036053768659
pilot-meta-social-circle-ga,2015-04-23,3,15.201172856301888,0.7291941587170263,0.983209983048652,0.1541198748960301
pilot-meta-social-circle-ga,2015-04-23,4,14.95775526893656,0.7133860198378481,0.9825438891154812,0.16236817015497
pilot-meta-social-circle-ga,2015-05-09,0,16.55407209290034,0.7822839312134657,0.9851206045457042,0.134613651523054
pilot-meta-social-circle-ga,2015-05-09,1,19.200199795069732,0.7069640707386855,0.9838415540047112,0.1584911842531533
pilot-meta-social-circle-ga,2015-05-09,2,19.187578709943544,0.8006039894404955,0.9851147910254004,0.1572568729849226
pilot-meta-social-circle-ga,2015-05-09,3,19.414999396068072,0.7568412944146072,0.9841432774938544,0.153195394899871
pilot-meta-social-circle-ga,2015-05-09,4,20.8107204877964,0.7300715313214584,0.9830955813264703,0.1540850438274047
pilot-meta-social-circle-ga,2015-05-25,0,25.60737692694674,0.7546481389495381,0.9845337597284316,0.1648450983888319
pilot-meta-social-circle-ga,2015-05-25,1,28.243541890123417,0.6086270842329684,0.9821282724601386,0.2210227104367573
pilot-meta-social-circle-ga,2015-05-25,2,27.71693403699459,0.8110600982458129,0.9850085897610448,0.1762024125132949
pilot-meta-social-circle-ga,2015-05-25,3,29.02828141382428,0.7503400313276892,0.9836867347299496,0.174057724442905
pilot-meta-social-circle-ga,2015-05-25,4,28.883193484318056,0.7222611981832914,0.9826955138667708,0.177468810525113
pilot-meta-social-circle-ga,2015-06-26,0,29.400176238138044,0.8193756424911491,0.9845418020507036,0.1601438727359573
pilot-meta-social-circle-ga,2015-06-26,1,33.69087094971892,0.4609192116721303,0.9796653821261748,0.2370962799687306
pilot-meta-social-circle-ga,2015-06-26,2,30.89117138016254,0.8431849879348756,0.9852219044496154,0.1679185201392582
pilot-meta-social-circle-ga,2015-06-26,3,31.13963672249702,0.80167614922064,0.98417641174174,0.1629158139132257
pilot-meta-social-circle-ga,2015-06-26,4,31.560809128689716,0.7714406443997698,0.9833953967891738,0.1666827183038458
pilot-meta-social-circle-ga,2015-07-12,1,10.004816947411427,0.7477255301565382,0.9853694822888284,0.1300392348024523
pilot-meta-social-circle-ga,2015-07-12,2,12.18161803293216,0.7459597236499371,0.983516153768659,0.1364819736974881
pilot-meta-social-circle-ga,2015-07-12,3,16.331244449390272,0.7432028560979664,0.9835175646840448,0.1343050376738734
pilot-meta-social-circle-ga,2015-07-12,4,22.310159134779024,0.7393153850874966,0.9829818108746632,0.1316802430824873
pilot-meta-social-circle-ga,2015-07-28,0,34.2962871634952,0.8403402432807374,0.9853580225542072,0.1165141468165131
pilot-meta-social-circle-ga,2015-07-28,1,36.487786039540914,0.7201657170917796,0.9835040345201544,0.1447750382157379
pilot-meta-social-circle-ga,2015-07-28,2,35.25409018512754,0.8336533198957541,0.9849839995895856,0.135433375487096
pilot-meta-social-circle-ga,2015-07-28,3,36.940471513539705,0.7879548155125184,0.984159568464543,0.1389603116030919
pilot-meta-social-circle-ga,2015-07-28,4,38.20014583379272,0.7332536336902777,0.9828081067911708,0.1511543444185865
pilot-meta-social-circle-ga,2015-08-13,0,22.683396325478352,0.8049239696372473,0.9840112568090646,0.1263967131044275
pilot-meta-social-circle-ga,2015-08-13,1,23.973646260769556,0.7772395356963582,0.983515266812952,0.1401975992362916
pilot-meta-social-circle-ga,2015-08-13,2,24.532923477773853,0.8167067243918688,0.9836375077514304,0.1358294512701393
pilot-meta-social-circle-ga,2015-08-13,3,24.431616399119385,0.7823494424891837,0.9828670738658152,0.1424621017542096
pilot-meta-social-circle-ga,2015-08-13,4,25.86814615030753,0.7266556833211286,0.9816320528219314,0.1567045459098004
pilot-meta-social-circle-ga,2015-09-14,0,23.16151499847123,0.8386485434803872,0.985248597859078,0.0986628091379856
pilot-meta-social-circle-ga,2015-09-14,1,24.82373154232831,0.7165969066490132,0.9833495972749812,0.1280715482826026
pilot-meta-social-circle-ga,2015-09-14,2,23.803429828859738,0.8423585517914894,0.9849139761802234,0.1160093164414107
pilot-meta-social-circle-ga,2015-09-14,3,25.01978210420692,0.8086043779496785,0.9843117784132492,0.1218024006629016
pilot-meta-social-circle-ga,2015-09-14,4,26.312253455313325,0.7637923167648978,0.9831589322256864,0.1336196714793672
pilot-meta-social-circle-ga,2015-09-30,2,15.856466670000028,0.5763617512363998,0.9764111111111112,0.0841727697222222
pilot-meta-social-circle-ga,2015-09-30,3,19.046199673895632,0.6122206182366928,0.9737780295099944,0.0642121545045969
pilot-meta-social-circle-ga,2015-09-30,4,18.68040570806091,0.6570197140515277,0.9736597347910236,0.0457184383531134
pilot-meta-social-circle-ga,2015-10-16,0,24.512367356878897,0.7819446815659729,0.9837344583174308,0.0874072815668447
pilot-meta-social-circle-ga,2015-10-16,1,25.523830419438344,0.6662487705058044,0.9819472234843658,0.1128100545857528
pilot-meta-social-circle-ga,2015-10-16,2,24.919931921311143,0.777263081123203,0.983108227275638,0.1034782351729085
pilot-meta-social-circle-ga,2015-10-16,3,25.540356527502528,0.7534844976440831,0.98262202225212,0.1096467890928606
pilot-meta-social-circle-ga,2015-10-16,4,26.29817499313498,0.7138136712259096,0.9816925178578222,0.1233204935234306
pilot-meta-social-circle-ga,2015-11-17,0,19.893509211451715,0.6978668961119368,0.9835900305326868,0.0789144490893467
pilot-meta-social-circle-ga,2015-11-17,1,20.566068174791667,0.5926206437972829,0.981675200064421,0.1038111628829826
pilot-meta-social-circle-ga,2015-11-17,2,20.217224700493254,0.6656083111223104,0.9823628641864248,0.0914385333320507
pilot-meta-social-circle-ga,2015-11-17,3,19.55271155166317,0.6530660284878782,0.9822069592340628,0.1086225221853687
pilot-meta-social-circle-ga,2015-11-17,4,18.72508762539639,0.6225063569978265,0.9814133331961966,0.1288436499061768
pilot-meta-social-circle-ga,2015-12-19,0,7.883677181247513,0.6683338796213447,0.982292973847299,0.0735679617373984
pilot-meta-social-circle-ga,2015-12-19,1,8.532288118016771,0.5593857134934124,0.9805870172297846,0.0993603079970829
pilot-meta-social-circle-ga,2015-12-19,2,8.457547319962556,0.6117539372776218,0.9808017135819392,0.0867012320364763
pilot-meta-social-circle-ga,2015-12-19,3,8.969156911962738,0.6065196104832181,0.9804954201028514,0.096137693815859
pilot-meta-social-circle-ga,2015-12-19,4,9.466689066738647,0.591599194251033,0.9801044849698152,0.1101509195964305
pilot-meta-social-circle-ga,2016-01-04,0,8.468420063657405,0.6610543095123108,0.9822172859531462,0.0728245341169373
pilot-meta-social-circle-ga,2016-01-04,1,9.093345727661632,0.5559350357225001,0.9805535630335084,0.0989621009763884
pilot-meta-social-circle-ga,2016-01-04,2,9.084155745132056,0.601605780115471,0.9806763811920972,0.086039469922072
pilot-meta-social-circle-ga,2016-01-04,3,9.49932577679762,0.6029520453132974,0.9804808179548976,0.0964400814572874
pilot-meta-social-circle-ga,2016-01-04,4,9.860651741623752,0.5914784728251841,0.9801460479568652,0.1111237103961807
pilot-meta-social-circle-ga,2016-02-05,0,8.703920293656854,0.6442758167833741,0.9832835473347508,0.0783656631344051
pilot-meta-social-circle-ga,2016-02-05,1,9.71008293446078,0.5372345075522126,0.9814713654786344,0.104261684699217
pilot-meta-social-circle-ga,2016-02-05,2,9.696488333289102,0.5760719020557227,0.981715045484132,0.0919623265842179
pilot-meta-social-circle-ga,2016-02-05,3,10.17601592445012,0.5716812532605661,0.9814974705979564,0.1026454518974116
pilot-meta-social-circle-ga,2016-02-05,4,10.600761557676917,0.5565646589904122,0.9810323508044652,0.1170209905372247
pilot-meta-social-circle-ga,2016-03-08,0,11.790942990563895,0.5259311819955289,0.98177896554099,0.1078077101074635
pilot-meta-social-circle-ga,2016-03-08,1,12.369646519986132,0.4745625656486806,0.9804848826831536,0.128173320877536
pilot-meta-social-circle-ga,2016-03-08,2,13.693635761482469,0.5018353911483723,0.9803698754961911,0.120562338730916
pilot-meta-social-circle-ga,2016-03-08,3,16.47611754663098,0.516444203151147,0.980391161878828,0.1303966463103605
pilot-meta-social-circle-ga,2016-03-08,4,17.997104855474156,0.5171663100336026,0.980225045184232,0.1413538575934733
pilot-meta-social-circle-ga,2016-03-24,0,20.972488014410633,0.507147153713916,0.9821094669501844,0.1445817150385519
pilot-meta-social-circle-ga,2016-03-24,1,21.415393644164347,0.4498205379901202,0.9806506320314048,0.1666654389500637
pilot-meta-social-circle-ga,2016-03-24,2,21.33236002694051,0.4985140490202597,0.980613432762179,0.1422776726573999
pilot-meta-social-circle-ga,2016-03-24,3,20.837816872734024,0.5190763085377768,0.980515405036645,0.1414672687613951
pilot-meta-social-circle-ga,2016-03-24,4,19.937132358970636,0.5164108160657906,0.9798570869906134,0.1534376155095979
pilot-meta-social-circle-ga,2016-04-09,0,17.313385819757116,0.7586293065642821,0.984783222470606,0.1049305407774475
pilot-meta-social-circle-ga,2016-04-09,1,18.879852085495006,0.6629564114443912,0.9831547471268548,0.1336748646765249
pilot-meta-social-circle-ga,2016-04-09,2,18.374366337064657,0.7472736598674302,0.9841469249987964,0.12346445250083
pilot-meta-social-circle-ga,2016-04-09,3,19.016934784928925,0.7412739758708985,0.9838679730587364,0.1331841554438819
pilot-meta-social-circle-ga,2016-04-09,4,19.44073001856503,0.726802688767247,0.9832316096002705,0.1439666497981747
pilot-meta-social-circle-ga,2016-04-25,0,22.925584122675435,0.8139177416677705,0.9860072033513264,0.1201896219988688
pilot-meta-social-circle-ga,2016-04-25,1,24.954396923445454,0.7176123575298747,0.9844701460957348,0.1464820256632277
pilot-meta-social-circle-ga,2016-04-25,2,23.124981285516768,0.8147993531433091,0.9858465401811451,0.1451879321861271
pilot-meta-social-circle-ga,2016-04-25,3,22.521568936347844,0.7726557470983191,0.9848705065816914,0.1492353774234913
pilot-meta-social-circle-ga,2016-04-25,4,22.469802511938333,0.7416665474143638,0.9838395977942608,0.157371395883767
pilot-meta-social-circle-ga,2016-05-11,0,27.145658848510568,0.8151056206670455,0.985287784827778,0.1273241914599429
pilot-meta-social-circle-ga,2016-05-11,1,30.252854882832043,0.6757900251186447,0.9833199459017352,0.1542279591882196
pilot-meta-social-circle-ga,2016-05-11,2,28.709267986690787,0.7836799909687038,0.9848996777595254,0.174682401276867
pilot-meta-social-circle-ga,2016-05-11,3,29.13378255169132,0.7350126894333988,0.9836284544217022,0.1716411279019289
pilot-meta-social-circle-ga,2016-05-11,4,30.557778420116108,0.7016916170709335,0.9823637302140728,0.1753779172144937
pilot-meta-social-circle-ga,2016-05-27,4,24.77499383488813,0.6756935509509385,0.9786736637245322,0.1615375740849369
pilot-meta-social-circle-ga,2016-06-12,0,32.9795470459817,0.83507153939294,0.985411541537176,0.1264060885163477
pilot-meta-social-circle-ga,2016-06-12,1,35.39411381146591,0.7393921867704587,0.9839232076540472,0.1490157336013446
pilot-meta-social-circle-ga,2016-06-12,2,33.792658528885376,0.8306329765945615,0.9851295521705404,0.14687605790814
pilot-meta-social-circle-ga,2016-06-12,3,35.445358052307284,0.7877229862558839,0.9843672538638168,0.1481783288347336
pilot-meta-social-circle-ga,2016-06-12,4,37.54202244013957,0.727302917952813,0.982812470721521,0.1541197837646835
pilot-meta-social-circle-ga,2016-06-28,0,25.630874310698125,0.7044885939260294,0.982964571297832,0.1615526985766887
pilot-meta-social-circle-ga,2016-06-28,1,28.908371962433435,0.6525527812052793,0.9813261491804288,0.1660538196249089
pilot-meta-social-circle-ga,2016-06-28,2,28.220757351331734,0.770779992053029,0.9832942100806896,0.1618104380237971
pilot-meta-social-circle-ga,2016-06-28,3,30.845577278663608,0.7207802810644697,0.982451889210564,0.1757268017001981
pilot-meta-social-circle-ga,2016-06-28,4,35.357406071522696,0.6828455908172192,0.9821728999689406,0.1794174834397056
pilot-meta-social-circle-ga,2016-07-14,0,32.893786288436864,0.8448242830293731,0.9857059938571154,0.1199827654675091
pilot-meta-social-circle-ga,2016-07-14,1,35.02232575390771,0.7323649247080445,0.9838829478744484,0.1456502444504598
pilot-meta-social-circle-ga,2016-07-14,2,33.666553735875596,0.8340911019826873,0.9852460453398753,0.138999154839665
pilot-meta-social-circle-ga,2016-07-14,3,35.24559013448262,0.7840398587713329,0.984351219943059,0.1418231220231805
pilot-meta-social-circle-ga,2016-07-14,4,36.76180145768846,0.7354023158118581,0.9830863832462852,0.1503680938764308
pilot-meta-social-circle-ga,2016-07-30,0,27.186700756869232,0.8654005719912244,0.9854390918630148,0.0476395569552291
pilot-meta-social-circle-ga,2016-07-30,1,33.107721612944225,0.7102167219866775,0.9831545456384608,0.1573870003647921
pilot-meta-social-circle-ga,2016-07-30,2,31.690032144527308,0.8533769854714494,0.9850434582971208,0.1563833895119138
pilot-meta-social-circle-ga,2016-07-30,3,32.78974907241551,0.8114733119989117,0.9841516200589124,0.1584736765317642
pilot-meta-social-circle-ga,2016-07-30,4,34.06493741021259,0.7657269760301378,0.9826569847184796,0.1739608911116014
pilot-meta-social-circle-ga,2016-08-15,0,31.97457647023799,0.8625313571178491,0.9859020177925616,0.1105960647607025
pilot-meta-social-circle-ga,2016-08-15,1,34.3427959178949,0.7428113524556558,0.984003875496806,0.1412830866085619
pilot-meta-social-circle-ga,2016-08-15,2,32.45466193759069,0.8468747509854794,0.9853118361933662,0.1299305819207648
pilot-meta-social-circle-ga,2016-08-15,3,33.720186995089335,0.8098853867724012,0.9846734038368932,0.1364936352215155
pilot-meta-social-circle-ga,2016-08-15,4,34.98542343184658,0.7674344006182539,0.9835364430506568,0.149081415219695
pilot-meta-social-circle-ga,2016-08-31,0,27.86100465065894,0.859198235380766,0.9853627469421912,0.1103132545299239
pilot-meta-social-circle-ga,2016-08-31,1,29.7599679375499,0.7405908170948696,0.9834605774120738,0.1335837405874825
pilot-meta-social-circle-ga,2016-08-31,2,28.395229507247787,0.846350947336445,0.9849916818314076,0.1328015271473545
pilot-meta-social-circle-ga,2016-08-31,3,29.655473824328244,0.8032071761612624,0.9840469849241996,0.1353795641585523
pilot-meta-social-circle-ga,2016-08-31,4,31.20074169066945,0.7635918351189759,0.9828523893358032,0.1428751891224614
pilot-meta-social-circle-ga,2016-09-16,0,27.196576465150983,0.7945828311077243,0.9851231494290282,0.1234303099778595
pilot-meta-social-circle-ga,2016-09-16,1,31.354397252201995,0.6705843756818988,0.9830159643323284,0.1561985302904482
pilot-meta-social-circle-ga,2016-09-16,2,29.453570878143505,0.8114193792202746,0.9847904044855617,0.1254368529163084
pilot-meta-social-circle-ga,2016-09-16,3,30.56775563382025,0.7405364812299395,0.9833824727375612,0.1350318726634874
pilot-meta-social-circle-ga,2016-09-16,4,33.187949611511804,0.6598153635868778,0.9820861180891304,0.1589077656699881
pilot-meta-social-circle-ga,2016-10-02,0,27.00200071436924,0.8104684578254322,0.9843648319793534,0.1002440029192452
pilot-meta-social-circle-ga,2016-10-02,1,28.541084100777617,0.7040326622541728,0.9826951317072872,0.1255643661971829
pilot-meta-social-circle-ga,2016-10-02,2,27.406908031089895,0.7977702116410711,0.9836521974624888,0.1147601423905175
pilot-meta-social-circle-ga,2016-10-02,3,28.411507391374386,0.7375508681311171,0.9826301523353022,0.1218941130083533
pilot-meta-social-circle-ga,2016-10-02,4,28.38552633990006,0.6571795337889955,0.9809432429230736,0.1376700582187955
pilot-meta-social-circle-ga,2016-10-18,0,27.7261453182782,0.7862174489576148,0.9849087009068948,0.0967600546723075
pilot-meta-social-circle-ga,2016-10-18,1,29.310436848974152,0.67764540578217,0.9831334675245208,0.1217116101035928
pilot-meta-social-circle-ga,2016-10-18,2,28.5704189859922,0.7679331074369378,0.9841953716250345,0.1090985006221521
pilot-meta-social-circle-ga,2016-10-18,3,30.118861223791725,0.7100542048762907,0.9831632963235108,0.1165751969323667
pilot-meta-social-circle-ga,2016-10-18,4,31.813563572126533,0.6473359830705996,0.9818241349023394,0.128921835434646
pilot-meta-social-circle-ga,2016-11-03,0,26.20943334214004,0.7520664199218003,0.9849589794267872,0.0977199129117937
pilot-meta-social-circle-ga,2016-11-03,1,27.336975988795388,0.6396038637758379,0.9831575125861042,0.1224654493264881
pilot-meta-social-circle-ga,2016-11-03,2,27.01074813530957,0.7105941769174237,0.9839801806416708,0.1089867406459222
pilot-meta-social-circle-ga,2016-11-03,3,28.064066381844903,0.6662038235975093,0.983080820410376,0.1144977064000725
pilot-meta-social-circle-ga,2016-11-03,4,29.305278859788693,0.6087032550015208,0.9818115276575596,0.1270979948919629
pilot-meta-social-circle-ga,2016-11-19,0,18.14873198928905,0.7098880242241654,0.9842735401559372,0.0944035792714752
pilot-meta-social-circle-ga,2016-11-19,1,19.011650444273837,0.5945068406473303,0.98231233877368,0.1198476403435959
pilot-meta-social-circle-ga,2016-11-19,2,18.84890017691398,0.6487672971522085,0.9828363437628632,0.1062018114266507
pilot-meta-social-circle-ga,2016-11-19,3,19.62743839534551,0.6152146473917992,0.9820435730543108,0.1147340523225863
pilot-meta-social-circle-ga,2016-11-19,4,20.30442205185404,0.5669104852537218,0.9809876574767898,0.1270037254971599
pilot-meta-social-circle-ga,2016-12-21,0,10.30843776401943,0.6470463732029386,0.9830668216018758,0.0777158954892953
pilot-meta-social-circle-ga,2016-12-21,1,10.93650321290056,0.5451950952101248,0.9813011341124294,0.0991605804663938
pilot-meta-social-circle-ga,2016-12-21,2,10.84269165402826,0.577288756634995,0.9813992194607806,0.0869388035171571
pilot-meta-social-circle-ga,2016-12-21,3,11.511696428080558,0.5504497936394103,0.980752213615513,0.0937560859376201
pilot-meta-social-circle-ga,2016-12-21,4,12.04800416188824,0.5127350187186527,0.9799228704868967,0.1052871406982028
pilot-meta-social-circle-ga,2017-02-23,0,18.799594004062303,0.6029303209290097,0.9823057086614178,0.0994956578641732
pilot-meta-social-circle-ga,2017-02-23,1,21.02883631647964,0.5115142363275731,0.9807832199446532,0.1344103425689891
pilot-meta-social-circle-ga,2017-02-23,2,21.721131186488577,0.5551665251109139,0.9806908779211408,0.1097424969256269
pilot-meta-social-circle-ga,2017-02-23,3,21.89357400690389,0.5478446699455587,0.9798319544656112,0.1136243456250892
pilot-meta-social-circle-ga,2017-02-23,4,22.28129410141708,0.5547671103623576,0.9795594712348948,0.135511466601082
pilot-meta-social-circle-ga,2017-03-11,0,12.009764056920838,0.4353045689780367,0.9806809214272644,0.1301628947232145
pilot-meta-social-circle-ga,2017-03-11,1,12.829355117470357,0.4157840832242412,0.9799134580234043,0.1390874244510162
pilot-meta-social-circle-ga,2017-03-11,2,14.333222888693513,0.463111680545032,0.9800416977855628,0.1387783500346788
pilot-meta-social-circle-ga,2017-03-11,3,15.661978223565743,0.4924023286112339,0.9800047014431428,0.1452002099336446
pilot-meta-social-circle-ga,2017-03-11,4,16.000327804987815,0.5370915328563343,0.9802634036030012,0.1562060996926852
pilot-meta-social-circle-ga,2017-04-28,0,24.34515396857118,0.7196801351424241,0.9841032570374298,0.1530650906594282
pilot-meta-social-circle-ga,2017-04-28,1,27.20389717808835,0.7053944345518882,0.9833198982482714,0.1632001793285969
pilot-meta-social-circle-ga,2017-04-28,2,25.687007875027728,0.8104497954160924,0.984693258954121,0.1576278212156437
pilot-meta-social-circle-ga,2017-04-28,3,26.120166794025295,0.7709100588893556,0.9840931791574145,0.1679884307067065
pilot-meta-social-circle-ga,2017-04-28,4,27.544313858522855,0.7336614725622299,0.9826342884627068,0.1672828493753116
pilot-meta-social-circle-ga,2017-05-14,0,26.07785089348103,0.8458894602078482,0.9853490004180084,0.1246970287045872
pilot-meta-social-circle-ga,2017-05-14,1,28.523496941157475,0.7422389121164809,0.9836562971410924,0.1505109843548372
pilot-meta-social-circle-ga,2017-05-14,2,27.353219743453085,0.8432778320514159,0.9848878198626289,0.1479408954153563
pilot-meta-social-circle-ga,2017-05-14,3,28.73830582400431,0.8009627032687145,0.9841089158351004,0.147828378492981
pilot-meta-social-circle-ga,2017-05-14,4,30.543438998869146,0.7490863962960086,0.9827676599984424,0.1533984789651682
pilot-meta-social-circle-ga,2017-06-15,0,32.1590353401422,0.8529605920070065,0.9858186123600072,0.1423083183095243
pilot-meta-social-circle-ga,2017-06-15,1,35.739236323151864,0.6829625491881861,0.9831522555656416,0.1804355097779679
pilot-meta-social-circle-ga,2017-06-15,2,32.70263845137747,0.847505469447927,0.9854603124426692,0.1590558372866213
pilot-meta-social-circle-ga,2017-06-15,3,33.1751504712339,0.8210883183927723,0.9849735596743978,0.1587126226979317
pilot-meta-social-circle-ga,2017-06-15,4,35.0875967943482,0.7796981239729222,0.9838569567455584,0.1652545385107491
pilot-meta-social-circle-ga,2017-07-17,0,24.776780444861476,0.9060542244917168,0.9847817520291072,0.0616279531528127
pilot-meta-social-circle-ga,2017-07-17,1,31.76842333046589,0.6268846562759939,0.9803898174956748,0.1639939398359644
pilot-meta-social-circle-ga,2017-07-17,2,27.77691325721432,0.8601712865585582,0.9841263349413772,0.150773703007067
pilot-meta-social-circle-ga,2017-07-17,3,26.969638656580525,0.836401207982557,0.9838118258328572,0.1408510373373099
pilot-meta-social-circle-ga,2017-07-17,4,28.750065847985304,0.8135824622038873,0.9828567697750932,0.138079955809959
pilot-meta-social-circle-ga,2017-08-18,0,30.42120392265988,0.8465684079677278,0.985427427052276,0.1114568802054353
pilot-meta-social-circle-ga,2017-08-18,1,31.420075221792885,0.7844274598059251,0.984510819009942,0.1321791584940136
pilot-meta-social-circle-ga,2017-08-18,2,30.83544704620804,0.8525941545458939,0.9854337637020842,0.1334744943165969
pilot-meta-social-circle-ga,2017-08-18,3,31.17706765032084,0.8194718555427265,0.9845923908585402,0.1422750370617304
pilot-meta-social-circle-ga,2017-08-18,4,31.884640727177953,0.7853881020713404,0.9832770197062068,0.1539262483049453
pilot-meta-social-circle-ga,2017-09-03,0,26.76655114309992,0.8406323631078855,0.9848447199353004,0.0986591012400611
pilot-meta-social-circle-ga,2017-09-03,1,28.36479742541914,0.7420118977239626,0.9833381149924586,0.1271179775870652
pilot-meta-social-circle-ga,2017-09-03,2,27.392645149225594,0.839193337838318,0.9844708719845254,0.118230786408803
pilot-meta-social-circle-ga,2017-09-03,3,28.324409431076628,0.8098683937009753,0.9839030134568276,0.1233222822620907
pilot-meta-social-circle-ga,2017-09-03,4,29.633672824841092,0.7581708511431078,0.9826428666002388,0.1330078660077768
pilot-meta-social-circle-ga,2017-09-19,0,29.13539177131838,0.8207831635924893,0.985010435181654,0.0982710166302388
pilot-meta-social-circle-ga,2017-09-19,1,30.645457779569963,0.7307838263988854,0.9836105234062158,0.1235812859471117
pilot-meta-social-circle-ga,2017-09-19,2,29.521321958945585,0.8199692196836578,0.9846881473210962,0.1164002352762213
pilot-meta-social-circle-ga,2017-09-19,3,30.320010898947352,0.7931903002364976,0.9841626138945004,0.1216800158539927
pilot-meta-social-circle-ga,2017-09-19,4,31.313956197509295,0.7497073265657727,0.98302360671216,0.132455870252519
pilot-meta-social-circle-ga,2017-10-05,0,25.548328607938743,0.8035223825365105,0.9844260075578302,0.0998811037212569
pilot-meta-social-circle-ga,2017-10-05,1,27.34681898686738,0.7156636837084133,0.9829358375287002,0.1222635283955292
pilot-meta-social-circle-ga,2017-10-05,2,26.449728929946364,0.8032319815750546,0.9838889078105116,0.1128450368188936
pilot-meta-social-circle-ga,2017-10-05,3,27.56238541973091,0.7664020742220907,0.9831312320778824,0.1188036203944935
pilot-meta-social-circle-ga,2017-10-05,4,28.732685970276425,0.7207642984003004,0.9821100969216896,0.1296417773709048
pilot-meta-social-circle-ga,2017-10-21,0,18.26566606700022,0.7491348133421127,0.9843994893044736,0.1061462949132977
pilot-meta-social-circle-ga,2017-10-21,1,18.89538540052136,0.6636361731473674,0.9829720408268352,0.1294168456735155
pilot-meta-social-circle-ga,2017-10-21,2,17.74368398688459,0.740088471265231,0.9838266713008328,0.1182959332259599
pilot-meta-social-circle-ga,2017-10-21,3,18.78668824930079,0.7115994299229482,0.9831109322939132,0.1228933411015071
pilot-meta-social-circle-ga,2017-10-21,4,19.12657244541809,0.6767659516140361,0.9821644697189168,0.1287234125638176
pilot-meta-social-circle-ga,2017-11-06,0,18.966689472682575,0.7148185727832334,0.9848283829291696,0.1192299820921325
pilot-meta-social-circle-ga,2017-11-06,1,19.40278535112403,0.637944954144951,0.9833560528699362,0.1357886304980956
pilot-meta-social-circle-ga,2017-11-06,2,18.57483702665201,0.6618312551632775,0.9835875026223498,0.1358857627721986
pilot-meta-social-circle-ga,2017-11-06,3,19.26564536572296,0.6546770825042496,0.9830130467643284,0.1316476374833538
pilot-meta-social-circle-ga,2017-11-06,4,22.206054608760216,0.6618659463864214,0.982926960157757,0.1268943298507113
pilot-meta-social-circle-ga,2017-11-22,3,6.87393723714287,0.6056272906306077,0.9823142857142856,0.1854570017857142
pilot-meta-social-circle-ga,2017-11-22,4,5.99810651767444,0.6286484454736376,0.9818023255813956,0.1777595116860465
pilot-meta-social-circle-ga,2018-01-09,2,10.279017590000024,0.5075387757486186,0.97615,0.1360410575
pilot-meta-social-circle-ga,2018-01-09,3,10.11899505998088,0.6029193912451822,0.9754985892936454,0.0836313489853864
pilot-meta-social-circle-ga,2018-01-09,4,10.367796269320548,0.6140195214213263,0.9784940054615716,0.0789016745054047
pilot-meta-social-circle-ga,2018-01-25,0,11.218001349330464,0.634119922079776,0.9832497337477056,0.0801605492194287
pilot-meta-social-circle-ga,2018-01-25,1,12.12148046216764,0.525781803563989,0.9815082521522084,0.1077938026748954
pilot-meta-social-circle-ga,2018-01-25,2,11.733048897662574,0.5674236246432971,0.9816942538971142,0.0948369266939444
pilot-meta-social-circle-ga,2018-01-25,3,12.282502541905204,0.5533430648998129,0.9812335394873288,0.1031956508493909
pilot-meta-social-circle-ga,2018-01-25,4,12.809297493942347,0.5244730409100709,0.9804731612466524,0.1155815932542383
pilot-meta-social-circle-ga,2018-03-14,0,12.512867828503635,0.5498929477932719,0.982481379150536,0.0964197278178104
pilot-meta-social-circle-ga,2018-03-14,1,13.75861427233775,0.4798094899877567,0.9811277809078954,0.1200033634532231
pilot-meta-social-circle-ga,2018-03-14,2,13.017063091051032,0.5674693588757573,0.9818737316143,0.1077902592701357
pilot-meta-social-circle-ga,2018-03-14,3,13.276871964712802,0.5836113868210779,0.9818673776065812,0.1159467182913293
pilot-meta-social-circle-ga,2018-03-14,4,13.857042027570342,0.5722495576436399,0.9812721283282404,0.1272552434379333
pilot-meta-social-circle-ga,2018-05-01,0,32.7626955338477,0.4780756358893518,0.9823075209457852,0.1641344235338631
pilot-meta-social-circle-ga,2018-05-01,1,28.83240513969592,0.6219191528023362,0.9832199878228328,0.1608067553050844
pilot-meta-social-circle-ga,2018-05-01,2,26.305059938899507,0.8266099888078755,0.9857437108021888,0.1449130918292174
pilot-meta-social-circle-ga,2018-05-01,3,27.24857511610728,0.7911215967125793,0.9849965350782576,0.1484729766244379
pilot-meta-social-circle-ga,2018-05-01,4,28.466358776928644,0.7454899458448333,0.9838006542205356,0.1558131024204575
pilot-meta-social-circle-ga,2018-06-02,2,26.395644444914847,0.8425414178520432,0.9839435146717476,0.1620962569839227
pilot-meta-social-circle-ga,2018-06-02,3,27.25120727418231,0.8202354364773599,0.9836234586573066,0.1687763593535092
pilot-meta-social-circle-ga,2018-06-02,4,27.9141911339304,0.7743091428299975,0.9818005821716206,0.1795019599044698
pilot-meta-social-circle-ga,2018-06-18,0,35.367889616065156,0.5700951824707163,0.982229590419992,0.183462564423811
pilot-meta-social-circle-ga,2018-06-18,1,38.5188354457932,0.4996674770739701,0.9803154535597366,0.2129916830453855
pilot-meta-social-circle-ga,2018-06-18,2,31.804666837072716,0.8504326300065876,0.9841526491688012,0.1642615478771379
pilot-meta-social-circle-ga,2018-06-18,3,32.43758609120107,0.8374418422395064,0.9841061707218314,0.1630521409822283
pilot-meta-social-circle-ga,2018-06-18,4,33.7909249255257,0.7944039354339624,0.9824905713597604,0.1734223111283798
pilot-meta-social-circle-ga,2018-07-04,0,31.843544711340023,0.7004946375577263,0.9834669841782372,0.0907716481217037
pilot-meta-social-circle-ga,2018-07-04,1,34.316986284816934,0.7208413329429402,0.983660206375112,0.1823567489809696
pilot-meta-social-circle-ga,2018-07-04,2,32.85532814439057,0.8632794674202544,0.9857370766649248,0.1635469032764959
pilot-meta-social-circle-ga,2018-07-04,3,32.994361907940785,0.8426158472784622,0.9855036913144172,0.168850736272551
pilot-meta-social-circle-ga,2018-07-04,4,34.29330352255759,0.7859590033514243,0.983365142870668,0.1799538022288834
pilot-meta-social-circle-ga,2018-07-20,0,20.56247256200001,0.8242145847402196,0.9841200000000002,0.14709224875
pilot-meta-social-circle-ga,2018-07-20,1,20.530497917056444,0.8162559155420598,0.9846329470445182,0.1562189920677205
pilot-meta-social-circle-ga,2018-07-20,2,21.390494198473807,0.8177322173623672,0.9840438612711476,0.174346000526705
pilot-meta-social-circle-ga,2018-07-20,3,21.366200019004673,0.819335750031057,0.9834398166968744,0.1428122533660118
pilot-meta-social-circle-ga,2018-07-20,4,22.93270700028457,0.8275217213954016,0.983739803422916,0.1696283698058285
pilot-meta-social-circle-ga,2018-08-05,0,37.88926145660195,0.4077364376051434,0.981341985470099,0.1699747560919316
pilot-meta-social-circle-ga,2018-08-05,1,34.577028452599684,0.6933337294571684,0.9837983433873384,0.1502185462424858
pilot-meta-social-circle-ga,2018-08-05,2,32.71550064694944,0.8631739412749339,0.9852425772106196,0.1431201442389089
pilot-meta-social-circle-ga,2018-08-05,3,33.559609588845966,0.8228991294058501,0.9844467023831016,0.1497812351757199
pilot-meta-social-circle-ga,2018-08-05,4,34.114667640704184,0.7922231389315094,0.9829748787675944,0.1563588031609758
pilot-meta-social-circle-ga,2018-08-21,1,23.437141316000023,0.7978524466132356,0.98314,0.1461296543333333
pilot-meta-social-circle-ga,2018-08-21,2,26.37591531253751,0.7513914072311617,0.9819193156446714,0.1667354159584541
pilot-meta-social-circle-ga,2018-08-21,3,27.31572469437605,0.7678838611179098,0.9826808880178318,0.1632275902293427
pilot-meta-social-circle-ga,2018-08-21,4,27.253922951359677,0.7499537453100633,0.9822924393886776,0.1644845313983933
pilot-meta-social-circle-ga,2018-09-06,3,16.253556682134406,0.7516838054698832,0.9823613965744414,0.1185848844202899
pilot-meta-social-circle-ga,2018-09-06,4,5.413466120000028,0.5646850294669991,0.9797,0.1560332275
pilot-meta-social-circle-ga,2018-09-22,0,34.56968102022061,0.4012844607088517,0.980964448224893,0.193711468248264
pilot-meta-social-circle-ga,2018-09-22,1,31.68327995836411,0.6352126637825719,0.9826556986051176,0.1509983591347563
pilot-meta-social-circle-ga,2018-09-22,2,29.04211263513939,0.8050520105615904,0.9845905546379076,0.1226604350218549
pilot-meta-social-circle-ga,2018-09-22,3,30.20139689649912,0.7729555590803393,0.9838826174940496,0.1275548857196796
pilot-meta-social-circle-ga,2018-09-22,4,32.20957699926969,0.7106161978458913,0.9825253389206632,0.1373311325357626
pilot-meta-social-circle-ga,2018-10-08,0,13.16128830875125,0.1788450204776201,0.9793331536168426,0.2405192450848025
pilot-meta-social-circle-ga,2018-10-08,1,6.218800765577812,0.1566762190798175,0.9789902087368196,0.2659774779341511
pilot-meta-social-circle-ga,2018-10-08,4,18.67196570000001,0.7506957409459744,0.982925,0.162423670625
pilot-meta-social-circle-ga,2018-10-24,0,22.047465973493292,0.3830604022299336,0.980547177998292,0.1549887657299222
pilot-meta-social-circle-ga,2018-10-24,1,20.869215314888955,0.6033432050977089,0.981771401272174,0.1284536986633014
pilot-meta-social-circle-ga,2018-10-24,2,19.863787986192936,0.7910267312513208,0.9835953660102206,0.1039471386067106
pilot-meta-social-circle-ga,2018-10-24,3,20.81658369214865,0.7557284616101675,0.982901458289586,0.1103156318245897
pilot-meta-social-circle-ga,2018-10-24,4,21.57655157449392,0.7201044424314822,0.9820291781605824,0.121724764699491
pilot-meta-social-circle-ga,2018-11-25,3,3.403670360000035,0.8445237536584463,0.9753,0.0511094525
pilot-meta-social-circle-ga,2018-11-25,4,4.25231589714288,0.5528904780140305,0.9766714285714286,0.1381330767857143
pilot-meta-social-circle-ga,2018-12-11,0,9.575381944708871,0.3025884278450822,0.9794295185649652,0.1084663113963365
pilot-meta-social-circle-ga,2018-12-11,1,8.789860990264732,0.5109998074928505,0.9802694742808472,0.1003318454560115
pilot-meta-social-circle-ga,2018-12-11,2,8.369346197198352,0.6455125909031787,0.9811947090765444,0.0843297453760486
pilot-meta-social-circle-ga,2018-12-11,3,8.761706272283794,0.6329113028614345,0.9808153607539226,0.0920245885738555
pilot-meta-social-circle-ga,2018-12-11,4,9.178303054828165,0.606767171486302,0.980182821776406,0.1052581556817145
pilot-meta-social-circle-ga,2019-01-28,0,13.365675559153535,0.2974484745749314,0.9798327290405844,0.1230824453599858
pilot-meta-social-circle-ga,2019-01-28,1,12.939673649786595,0.4700074545460865,0.9806831733724528,0.113270716854772
pilot-meta-social-circle-ga,2019-01-28,2,12.91073256264873,0.581345731131329,0.9815104600938848,0.0950091573198299
pilot-meta-social-circle-ga,2019-01-28,3,13.36182242808731,0.575226852995039,0.9812526956583072,0.1046422170979462
pilot-meta-social-circle-ga,2019-01-28,4,13.749544339627365,0.5514930076916592,0.9805454156107508,0.1180691695212709
pilot-meta-social-circle-ga,2019-02-13,0,8.839422380030285,0.2820728016026083,0.9796362893699002,0.1320772814003464
pilot-meta-social-circle-ga,2019-02-13,1,8.540638142063724,0.4472124681784579,0.9803772121870484,0.1220021384324935
pilot-meta-social-circle-ga,2019-02-13,2,7.9446509167203,0.5390411109574147,0.9808902392086208,0.1064966423640635
pilot-meta-social-circle-ga,2019-02-13,3,7.666986878741404,0.5311235792980643,0.9804348594882109,0.1151250969118969
pilot-meta-social-circle-ga,2019-02-13,4,7.654762609568553,0.5157187193577677,0.9797118968530664,0.1238418735266634
pilot-meta-social-circle-ga,2019-03-17,0,14.616986264171835,0.2939526706781806,0.979821587062122,0.1764737960028992
pilot-meta-social-circle-ga,2019-03-17,1,12.664715509447662,0.4602940579703007,0.9803817131817868,0.150338112857422
pilot-meta-social-circle-ga,2019-03-17,2,11.598154124778878,0.5592199592310495,0.9810724948078048,0.1276869689814511
pilot-meta-social-circle-ga,2019-03-17,3,12.743073129961402,0.5729541637293202,0.9808445896487076,0.1325819912641606
pilot-meta-social-circle-ga,2019-03-17,4,14.266159960467114,0.5638071127888892,0.9799278380605692,0.1468161581297719
pilot-meta-social-circle-ga,2019-04-02,0,21.8405880036882,0.3047796013351406,0.9802951379423168,0.1824074681268512
pilot-meta-social-circle-ga,2019-04-02,1,20.70231754125322,0.4838903186960415,0.98138308249886,0.1415302621223221
pilot-meta-social-circle-ga,2019-04-02,2,19.40141839146295,0.608675608820523,0.9826190808067882,0.1185543861291003
pilot-meta-social-circle-ga,2019-04-02,3,20.030190825462295,0.6259073758426399,0.9826612153114788,0.1277660054040995
pilot-meta-social-circle-ga,2019-04-02,4,20.578790618025344,0.6206326458689518,0.9821155883009696,0.1386040842902114
pilot-meta-social-circle-ga,2019-04-18,3,11.337454487057547,0.7200038362275165,0.9816938225448164,0.1792361191084514
pilot-meta-social-circle-ga,2019-04-18,4,12.97113400842858,0.6763007362590585,0.9825746716825334,0.205928149797883
pilot-meta-social-circle-ga,2019-05-20,0,36.06700450657645,0.2224228972683557,0.977304980580306,0.2363428429987719
pilot-meta-social-circle-ga,2019-05-20,1,35.21340132784435,0.4532165401509728,0.9809374446864254,0.2044493759146638
pilot-meta-social-circle-ga,2019-05-20,2,30.319702894040688,0.8466896914131709,0.985363425420017,0.1678826437551714
pilot-meta-social-circle-ga,2019-05-20,3,31.685018543527185,0.8124261101419629,0.9847078080045756,0.1608626566920475
pilot-meta-social-circle-ga,2019-05-20,4,32.43785426516222,0.7711582107577772,0.9833006470775456,0.1701604882568938
pilot-meta-social-circle-ga,2019-06-21,0,35.83274253333332,0.4202207775211996,0.9811768651291298,0.1916428333152952
pilot-meta-social-circle-ga,2019-06-21,1,35.0415395962164,0.6437218577506784,0.9826461419276284,0.1658201058594825
pilot-meta-social-circle-ga,2019-06-21,2,31.686739336946143,0.8493441022838608,0.984845191153582,0.1452368719935028
pilot-meta-social-circle-ga,2019-06-21,3,32.70472525532268,0.8030245457997427,0.9839376919001998,0.1490728196007538
pilot-meta-social-circle-ga,2019-06-21,4,33.776886430456535,0.7665636201012557,0.9828954949596418,0.1561676824267753
pilot-meta-social-circle-ga,2019-08-08,0,38.98726352445158,0.4302753547720175,0.9814249890954708,0.194285570028102
pilot-meta-social-circle-ga,2019-08-08,1,36.73481766648634,0.6502848999434755,0.9829412597008425,0.1553524316239937
pilot-meta-social-circle-ga,2019-08-08,2,33.309651072229926,0.8466789881225951,0.9851221066078112,0.1311987368755554
pilot-meta-social-circle-ga,2019-08-08,3,34.38093834282772,0.8271420064205252,0.9847377102065564,0.1353599864530139
pilot-meta-social-circle-ga,2019-08-08,4,36.113908299366344,0.7765089266863645,0.9834118492911555,0.1444868696442
pilot-meta-social-circle-ga,2019-08-24,0,33.10712399022236,0.2672008707674774,0.9795562958303022,0.2711763459544997
pilot-meta-social-circle-ga,2019-08-24,1,30.480478392043764,0.6260882205765145,0.9825581693825014,0.1663766566126602
pilot-meta-social-circle-ga,2019-08-24,2,31.183323037912256,0.799681396556402,0.984157486999572,0.1432611152819108
pilot-meta-social-circle-ga,2019-08-24,3,32.44724402316225,0.758215211595523,0.9833619690418142,0.1503971419724745
pilot-meta-social-circle-ga,2019-08-24,4,34.36087805006993,0.721873505086988,0.9826164245992912,0.1557474741518876
pilot-meta-social-circle-ga,2019-09-09,0,40.22704265682731,0.4199489558203341,0.98093333969431,0.1927208708490992
pilot-meta-social-circle-ga,2019-09-09,1,38.15094108337844,0.615608787684469,0.98187134366878,0.1473923720449274
pilot-meta-social-circle-ga,2019-09-09,2,35.38784830539445,0.8024873728501388,0.9836429619903588,0.1229905831780307
pilot-meta-social-circle-ga,2019-09-09,3,36.84894823852386,0.7666664369169992,0.9830160066233218,0.1272615873516137
pilot-meta-social-circle-ga,2019-09-09,4,38.9201682179715,0.7006876901741356,0.9816302797647616,0.1385702046001934
pilot-meta-social-circle-ga,2019-09-25,0,35.98298441553029,0.4103388098698338,0.98095507651346,0.1868307491130414
pilot-meta-social-circle-ga,2019-09-25,1,33.98943514366535,0.6070072765066036,0.9819980770978356,0.1441344903866289
pilot-meta-social-circle-ga,2019-09-25,2,31.532351056562874,0.803852438892588,0.9839420890706704,0.1178340116779199
pilot-meta-social-circle-ga,2019-09-25,3,33.08515993837462,0.7603197443929717,0.9831609269315532,0.1234332676316122
pilot-meta-social-circle-ga,2019-09-25,4,34.5174596086843,0.7054580860560232,0.9819484271032018,0.1331056132750353
pilot-meta-social-circle-ga,2019-10-11,0,29.77511830698146,0.3808565462144602,0.9805642086036758,0.1947399020317188
pilot-meta-social-circle-ga,2019-10-11,1,27.946809945436343,0.5621253478942321,0.9812974092989012,0.1528300065090644
pilot-meta-social-circle-ga,2019-10-11,2,25.367188128970056,0.7717172124421249,0.983239174171054,0.1235761685224877
pilot-meta-social-circle-ga,2019-10-11,3,26.73881636892875,0.7182019355194589,0.9822643377881956,0.1292628845345956
pilot-meta-social-circle-ga,2019-10-11,4,27.238706969690245,0.6713276092016842,0.981584044635762,0.1405647242717793
pilot-meta-social-circle-ga,2019-10-27,0,24.004377886158636,0.4000332777557797,0.9807096904930668,0.1436625454986666
pilot-meta-social-circle-ga,2019-10-27,1,23.438221243460056,0.5823240835441323,0.9815465504080269,0.1289964096521329
pilot-meta-social-circle-ga,2019-10-27,2,21.791101805194582,0.7707637110656969,0.9833727250836825,0.1065335797039263
pilot-meta-social-circle-ga,2019-10-27,3,22.574377015085165,0.7469082572065,0.9828286043013328,0.1116514227880827
pilot-meta-social-circle-ga,2019-10-27,4,23.187824030264277,0.7063740178964014,0.9818264937193988,0.1207717647983793
pilot-meta-social-circle-ga,2019-11-28,0,15.793749567643564,0.3194166232683038,0.9801958217472708,0.1339373149773731
pilot-meta-social-circle-ga,2019-11-28,1,16.1120840507251,0.4822632668647628,0.9810034511065474,0.1235368364311619
pilot-meta-social-circle-ga,2019-11-28,2,15.640785988771698,0.6159350896908737,0.9822146174672562,0.097636859706974
pilot-meta-social-circle-ga,2019-11-28,3,15.983398815796356,0.6109196179067913,0.981942032759442,0.1046475873009146
pilot-meta-social-circle-ga,2019-11-28,4,16.15644409943033,0.5881720178795533,0.9811445697014716,0.1167048914451695
pilot-meta-social-circle-ga,2019-12-30,0,15.848584226458488,0.3034854098790776,0.9797527924686056,0.116908695431331
pilot-meta-social-circle-ga,2019-12-30,1,15.578306485897398,0.4784738855029418,0.9805727217789564,0.1124160752117827
pilot-meta-social-circle-ga,2019-12-30,2,15.122225418985272,0.6071488033747451,0.9815309108070402,0.0884856924224326
pilot-meta-social-circle-ga,2019-12-30,3,15.431957607508364,0.6082926742565025,0.9813329940418088,0.0957578679817192
pilot-meta-social-circle-ga,2019-12-30,4,15.61813984269583,0.5942561303060186,0.9807549002406862,0.1081485874347092
pilot-meta-social-circle-ga,2020-03-19,1,20.267554327837047,0.409589374266918,0.9797944054038548,0.1581848877288176
pilot-meta-social-circle-ga,2020-03-19,2,22.60124302529005,0.513130242277424,0.980109773721241,0.1317222652737537
pilot-meta-social-circle-ga,2020-03-19,3,22.025210598539303,0.5483077651908038,0.9799314402121292,0.1355646657324872
pilot-meta-social-circle-ga,2020-03-19,4,21.539488513107713,0.5528600136483616,0.9797251002708556,0.1446303058933661
pilot-meta-social-circle-ga,2020-04-20,2,17.916561458337156,0.8628264819172086,0.9833850796559568,0.1200440061086808
pilot-meta-social-circle-ga,2020-04-20,3,17.735843630419765,0.8326896495449244,0.9831219540040336,0.1425978905747327
pilot-meta-social-circle-ga,2020-04-20,4,17.809581723071112,0.7555507308728444,0.980756297089602,0.1823315850124278
pilot-meta-social-circle-ga,2020-05-06,0,28.551626391193288,0.412215199536287,0.981147006251932,0.203484483516609
pilot-meta-social-circle-ga,2020-05-06,1,27.36195651682521,0.621715777634879,0.9824971189788144,0.1757111928606692
pilot-meta-social-circle-ga,2020-05-06,2,24.413095175469746,0.8279335916321933,0.9847144074612362,0.1513513425988141
pilot-meta-social-circle-ga,2020-05-06,3,25.695086642778232,0.7757773280834483,0.983669274737994,0.1574720961167133
pilot-meta-social-circle-ga,2020-05-06,4,26.462680810558975,0.7589884269923353,0.983025302462007,0.1600537866162663
pilot-meta-social-circle-ga,2020-05-22,0,15.440473549157096,0.4689752917494159,0.982034428077601,0.1643404990115781
pilot-meta-social-circle-ga,2020-05-22,1,13.21923753724999,0.7333563205581128,0.9843669256979074,0.154013359226092
pilot-meta-social-circle-ga,2020-05-22,2,12.548467883580344,0.7872025691420598,0.9847102333366092,0.1634785641544361
pilot-meta-social-circle-ga,2020-05-22,3,13.25055642348721,0.7711784136465583,0.9841063470419036,0.1614360126414198
pilot-meta-social-circle-ga,2020-05-22,4,13.716438678387156,0.7471364354982176,0.98329721523276,0.1599277365236233
pilot-meta-social-circle-ga,2020-06-23,0,26.26197376689657,0.5509988965153891,0.9795937931034484,0.1066625694827586
pilot-meta-social-circle-ga,2020-06-23,1,25.39764330469661,0.5773561689492431,0.981117108101758,0.1848210397786727
pilot-meta-social-circle-ga,2020-06-23,2,23.588334461864207,0.8254498128901926,0.9841131126475404,0.1302955587551219
pilot-meta-social-circle-ga,2020-06-23,3,25.030840890193492,0.801196291093529,0.9844985776444836,0.160972995179851
pilot-meta-social-circle-ga,2020-06-23,4,24.324495679182245,0.7454287761416079,0.982052561201198,0.1851445153790752
pilot-meta-social-circle-ga,2020-07-09,0,34.36717332383495,0.5519982671019209,0.9820461887409128,0.1782054419287337
pilot-meta-social-circle-ga,2020-07-09,1,34.55551302555781,0.5732036908868346,0.9818520853371562,0.2026687883366514
pilot-meta-social-circle-ga,2020-07-09,2,30.58274535983796,0.8171083965274433,0.9842989895577958,0.1586403083204819
pilot-meta-social-circle-ga,2020-07-09,3,31.156018605095586,0.8133421819355705,0.9840665434983564,0.1628900148810861
pilot-meta-social-circle-ga,2020-07-09,4,31.660355750475414,0.78327675255697,0.983294083554876,0.1671006258553761
pilot-meta-social-circle-ga,2020-07-25,0,40.95623561556046,0.4319599540793034,0.9814771281177244,0.1904143881811368
pilot-meta-social-circle-ga,2020-07-25,1,39.97500685301901,0.5678349125195243,0.982081565142861,0.1796592211076501
pilot-meta-social-circle-ga,2020-07-25,2,34.533107764136886,0.8307444505410709,0.985010808860382,0.13851344846682
pilot-meta-social-circle-ga,2020-07-25,3,34.59283886163165,0.8276181211544248,0.9848261003985642,0.1424900134330151
pilot-meta-social-circle-ga,2020-07-25,4,35.803943844024076,0.7881811352496162,0.9835498909057132,0.1445280891515405
pilot-meta-social-circle-ga,2020-08-10,2,26.51840822127367,0.7838962174745686,0.9837090822874208,0.1488146450159409
pilot-meta-social-circle-ga,2020-08-10,3,30.35181371727477,0.8211444944695606,0.9847367118758488,0.1342756245981703
pilot-meta-social-circle-ga,2020-08-10,4,31.263015320112256,0.8055019739354494,0.983337867667693,0.1479396377318534
pilot-meta-social-circle-ga,2020-09-11,0,34.550944992742814,0.2006318536972476,0.980722860727729,0.3612670506813048
pilot-meta-social-circle-ga,2020-09-11,1,32.35393724913611,0.6913618350837034,0.9824418698236784,0.1186772481039964
pilot-meta-social-circle-ga,2020-09-11,2,30.596256984223576,0.8079524317857526,0.983683365032093,0.1459578371787144
pilot-meta-social-circle-ga,2020-09-11,3,32.70396866502886,0.7833879924825722,0.9836113319012032,0.1431200039447461
pilot-meta-social-circle-ga,2020-09-11,4,34.788469420637625,0.710661074518976,0.9816690233941748,0.1490450666017377
pilot-meta-social-circle-ga,2020-09-27,0,23.51340132653244,0.7672444179548094,0.9833255075311071,0.0697313738273575
pilot-meta-social-circle-ga,2020-09-27,1,23.356924754471475,0.8247750103697501,0.9831949847310312,0.0684764803827519
pilot-meta-social-circle-ga,2020-09-27,2,23.13128947407991,0.7997913046192304,0.9833218525434924,0.0887638148288572
pilot-meta-social-circle-ga,2020-09-27,3,17.66727802315181,0.7703791924534801,0.9818864278930272,0.0845106466866836
pilot-meta-social-circle-ga,2020-09-27,4,18.725621312256635,0.705175365217147,0.980084210798444,0.1012013911851864
pilot-meta-social-circle-ga,2020-10-13,0,29.277824117960332,0.4040053810242788,0.9806289428966068,0.1356737435708815
pilot-meta-social-circle-ga,2020-10-13,1,28.993591687776934,0.5908595323902158,0.9815505591804348,0.1296103768496687
pilot-meta-social-circle-ga,2020-10-13,2,26.858759548828232,0.7758821303587011,0.9832448749475172,0.1030630708183868
pilot-meta-social-circle-ga,2020-10-13,3,27.566129838574547,0.75548570366339,0.9827158428929812,0.107410756844075
pilot-meta-social-circle-ga,2020-10-13,4,28.08572155440814,0.7306442709074686,0.9819648497737437,0.1173647701934334
pilot-meta-social-circle-ga,2020-10-29,2,10.538787110000015,0.8325782143870802,0.98155,0.064675951875
pilot-meta-social-circle-ga,2020-10-29,3,18.237819542443415,0.6861619503660298,0.9789528471762086,0.0719386464358928
pilot-meta-social-circle-ga,2020-10-29,4,15.112631401907477,0.659611117603559,0.9784207690636544,0.0887855584594286
pilot-meta-social-circle-ga,2020-11-14,0,20.374101735837225,0.3443275871253307,0.9804340275884644,0.1278893280030624
pilot-meta-social-circle-ga,2020-11-14,1,20.487418349509923,0.5188703864457803,0.9814383847379494,0.1230246855564276
pilot-meta-social-circle-ga,2020-11-14,2,19.262157037848773,0.6810127819366447,0.983027127751208,0.0934332474348774
pilot-meta-social-circle-ga,2020-11-14,3,19.58566380879834,0.6920749750064952,0.9830367206799,0.0997306685965863
pilot-meta-social-circle-ga,2020-11-14,4,19.86762910109039,0.6825496505944005,0.9824269578627356,0.1121644409171917
pilot-meta-social-circle-ga,2021-01-17,0,8.526323437680755,0.2890809431419346,0.980179067548465,0.1385150929075123
pilot-meta-social-circle-ga,2021-01-17,1,8.790625493769515,0.4273810338004775,0.980540583419102,0.1352569217476492
pilot-meta-social-circle-ga,2021-01-17,2,8.295985287871504,0.5543340759422486,0.9815813428560964,0.1010252686641113
pilot-meta-social-circle-ga,2021-01-17,3,8.425812462630061,0.5679587706490931,0.981558131494144,0.1071872209483326
pilot-meta-social-circle-ga,2021-01-17,4,8.387345729723581,0.5500291693569571,0.9803959176220324,0.1082815930868779
pilot-meta-social-circle-ga,2021-02-02,0,8.511011119271318,0.2650980299165607,0.9795759541464464,0.1358830363904299
pilot-meta-social-circle-ga,2021-02-02,1,8.757735178410435,0.408382026670753,0.9800558715460144,0.1273554341097642
pilot-meta-social-circle-ga,2021-02-02,2,8.141095574081081,0.5356162576672382,0.9810408005677864,0.0963357817353442
pilot-meta-social-circle-ga,2021-02-02,3,8.36530352501765,0.5492596284836868,0.980967867812962,0.1044825357391632
pilot-meta-social-circle-ga,2021-02-02,4,8.55737246698614,0.538097760081285,0.9804431471351474,0.1165625175196623
pilot-meta-social-circle-ga,2021-03-22,0,23.33327594144379,0.2738991044107542,0.979783043603733,0.1704012474704199
pilot-meta-social-circle-ga,2021-03-22,1,24.111849759658593,0.4058954007162961,0.980264278033234,0.145679243385139
pilot-meta-social-circle-ga,2021-03-22,2,22.77593599497754,0.5320427917018988,0.9814338477486648,0.1154454540006714
pilot-meta-social-circle-ga,2021-03-22,3,22.578575323222974,0.5794548934280599,0.9818647790484424,0.1211195365771821
pilot-meta-social-circle-ga,2021-03-22,4,22.580281800558545,0.5816237852816547,0.981385661854479,0.1301853789586423
pilot-meta-social-circle-ga,2021-04-07,0,26.519891175316197,0.334439522713837,0.980391747256832,0.1779840323392586
pilot-meta-social-circle-ga,2021-04-07,1,26.624397071932563,0.4759412980205426,0.9809169353519562,0.149669925841936
pilot-meta-social-circle-ga,2021-04-07,2,24.248017313598524,0.6180367600795025,0.9821656484807612,0.1284972343398906
pilot-meta-social-circle-ga,2021-04-07,3,22.43808312932664,0.6549505446216615,0.9823606657355092,0.136489470663255
pilot-meta-social-circle-ga,2021-04-07,4,21.283275327228356,0.6557437705151811,0.9819834170456692,0.1469692129579141
pilot-meta-social-circle-ga,2021-05-09,0,31.032710257114953,0.4079531626742336,0.9815191174599716,0.205683647016043
pilot-meta-social-circle-ga,2021-05-09,1,30.807378243303503,0.6122515655541468,0.9830169429248248,0.1693281225774589
pilot-meta-social-circle-ga,2021-05-09,2,27.420860082571167,0.8123889164560312,0.985491296510628,0.151475375223277
pilot-meta-social-circle-ga,2021-05-09,3,27.80888783634188,0.7992454919741617,0.9851115710302067,0.1503870478849193
pilot-meta-social-circle-ga,2021-05-09,4,28.47991095472605,0.7660709123443753,0.9839692363811722,0.1545266328913306
pilot-meta-social-circle-ga,2021-05-25,0,37.099453532644034,0.4186751305241201,0.9817862568989228,0.2153899906489057
pilot-meta-social-circle-ga,2021-05-25,1,33.39179896686195,0.6806706656632593,0.983182173785954,0.1503766895498672
pilot-meta-social-circle-ga,2021-05-25,2,31.415483241884225,0.8005387241920697,0.9842903693772124,0.1425360126509913
pilot-meta-social-circle-ga,2021-05-25,3,31.609256036553344,0.7576451759580957,0.9831644861454238,0.1509109995337068
pilot-meta-social-circle-ga,2021-05-25,4,32.5413682701295,0.7212086521047586,0.9818130581525366,0.1550132487588899
pilot-meta-social-circle-ga,2021-06-26,0,30.82549690673515,0.5210622028044031,0.9810149803384736,0.2030168826438042
pilot-meta-social-circle-ga,2021-06-26,1,31.920739328557936,0.5413747208944888,0.981053057235858,0.2043268122536238
pilot-meta-social-circle-ga,2021-06-26,2,26.771834580348905,0.8193598662296004,0.9844368959814598,0.1739374415527754
pilot-meta-social-circle-ga,2021-06-26,3,28.76880068679663,0.7861362808303131,0.9837273112146936,0.1776605635368426
pilot-meta-social-circle-ga,2021-06-26,4,29.297863715711113,0.758862743808109,0.982506646086832,0.1802239232703661
pilot-meta-social-circle-ga,2021-07-12,3,16.252007540000022,0.8614921972038813,0.9845,0.21879315
pilot-meta-social-circle-ga,2021-07-12,4,17.403321776467326,0.7988388724329494,0.9839889547395276,0.19674823730694
pilot-meta-social-circle-ga,2021-07-28,0,34.12632494887215,0.5229975846374556,0.9821415011348392,0.1698936964733852
pilot-meta-social-circle-ga,2021-07-28,1,31.772142139510287,0.7714810109022828,0.9846403811864268,0.1459244603882194
pilot-meta-social-circle-ga,2021-07-28,2,30.22590150935601,0.8289627850920664,0.9852794619825088,0.1467755109575734
pilot-meta-social-circle-ga,2021-07-28,3,28.858402980854773,0.8227285067165698,0.9850169024360949,0.1450291521374477
pilot-meta-social-circle-ga,2021-07-28,4,28.829443414444743,0.8067155817276972,0.9842428433456962,0.1510454684174526
pilot-meta-social-circle-ga,2021-08-13,0,42.15658734750181,0.4287222141302874,0.9816006061101746,0.1844844516381105
pilot-meta-social-circle-ga,2021-08-13,1,39.151135699275656,0.6330072799282765,0.983086640706883,0.1555735703298399
pilot-meta-social-circle-ga,2021-08-13,2,34.61478113749079,0.8268562346341309,0.9853488208807104,0.1315983135741359
pilot-meta-social-circle-ga,2021-08-13,3,35.19743865633676,0.8130692288554822,0.9850187670734316,0.1351445706889508
pilot-meta-social-circle-ga,2021-08-13,4,35.59165172463657,0.7903061978104153,0.9840305745295604,0.1421002191491069
pilot-meta-social-circle-ga,2021-08-29,0,33.262759633002325,0.4008714058649218,0.98066375256185,0.2119596140398549
pilot-meta-social-circle-ga,2021-08-29,1,33.70214682438639,0.6093260869175188,0.9806226749764078,0.1687429874820502
pilot-meta-social-circle-ga,2021-08-29,2,28.585403798509542,0.7356624182456566,0.9824400631535511,0.1651775488757582
pilot-meta-social-circle-ga,2021-08-29,3,29.928781605248464,0.7823796490519204,0.9831214794276864,0.157623990970959
pilot-meta-social-circle-ga,2021-08-29,4,30.47629670009572,0.7564789535888844,0.9823015136140102,0.159167991996988
pilot-meta-social-circle-ga,2021-09-14,0,30.47022786832616,0.2653691904087129,0.9804516608810993,0.2605274844634239
pilot-meta-social-circle-ga,2021-09-14,1,26.024224332203204,0.7486495026903796,0.9837715844906324,0.1405361255190371
pilot-meta-social-circle-ga,2021-09-14,2,25.445907949822537,0.8097741888027669,0.9842089809515866,0.1329350969660743
pilot-meta-social-circle-ga,2021-09-14,3,26.83999942573985,0.7844792887803568,0.9837876921294456,0.1415444030661801
pilot-meta-social-circle-ga,2021-09-14,4,28.62916432379785,0.7556003192903784,0.9825810107656378,0.1457435280718996
pilot-meta-social-circle-ga,2021-10-16,0,21.215243154584552,0.5252162699592932,0.9809031323722148,0.1672686381339701
pilot-meta-social-circle-ga,2021-10-16,1,23.27360285342916,0.5107576366949024,0.9798362918890406,0.1590934596584413
pilot-meta-social-circle-ga,2021-10-16,2,21.159693390997106,0.6903480927445643,0.9813056269634246,0.1274183409944943
pilot-meta-social-circle-ga,2021-10-16,3,21.339994599699175,0.7028911125116731,0.981345035348094,0.1362581030253017
pilot-meta-social-circle-ga,2021-10-16,4,21.766632214471443,0.7211997785190801,0.9811477733288624,0.1329937268273145
pilot-meta-social-circle-ga,2021-11-01,0,21.086386031492864,0.3919558299517342,0.9805224129000616,0.149374824229561
pilot-meta-social-circle-ga,2021-11-01,1,20.380321668189787,0.590991185481525,0.9815465342020918,0.1247173207797741
pilot-meta-social-circle-ga,2021-11-01,2,18.735711310815297,0.7464831442942622,0.9828658735955084,0.09796681889978
pilot-meta-social-circle-ga,2021-11-01,3,19.20178136113065,0.7432251899095419,0.9825604525689426,0.10315363737172
pilot-meta-social-circle-ga,2021-11-01,4,19.616506349855996,0.7299215110025723,0.9819945555827858,0.1125784872814837
pilot-meta-social-circle-ga,2021-11-17,0,21.11740113242462,0.3478827127687681,0.9805454359994904,0.1536038776927945
pilot-meta-social-circle-ga,2021-11-17,1,20.993832097870193,0.5192757498898702,0.98148757232087,0.124964707793456
pilot-meta-social-circle-ga,2021-11-17,2,19.9664170064883,0.6468114172306278,0.9826200476971,0.099010151506116
pilot-meta-social-circle-ga,2021-11-17,3,20.222146146749346,0.6553594079280252,0.982551249913988,0.1044935993514094
pilot-meta-social-circle-ga,2021-11-17,4,20.474773834518448,0.6529405858796062,0.98205244904634,0.1155128598650871
pilot-meta-social-circle-ga,2021-12-03,0,21.18562104840469,0.3149909921579256,0.9801221998073544,0.1517755584800221
pilot-meta-social-circle-ga,2021-12-03,1,21.146331077502794,0.470748964498432,0.980889286666302,0.1281183352580681
pilot-meta-social-circle-ga,2021-12-03,2,20.211231184121853,0.5854361679628323,0.98180261663886,0.1023747026242092
pilot-meta-social-circle-ga,2021-12-03,3,20.57170370131807,0.591628743941546,0.9816426883239024,0.1082145934965662
pilot-meta-social-circle-ga,2021-12-03,4,20.68144470261636,0.5898012843160313,0.9812217622410436,0.1190335597570758
pilot-meta-social-circle-ga,2021-12-19,2,0.1718273052980766,0.5306099685744871,0.9771869673785996,0.0922267946813569
pilot-meta-social-circle-ga,2021-12-19,3,1.464881544405926,0.467765871289108,0.9762764974971856,0.0790964998613273
pilot-meta-social-circle-ga,2021-12-19,4,4.380792688295301,0.4835430782957708,0.9778512416490592,0.0647726936327926
pilot-meta-social-circle-ga,2022-01-04,0,8.795096979195161,0.3035941312173965,0.9795960298460916,0.1372492258422532
pilot-meta-social-circle-ga,2022-01-04,1,8.521264898426889,0.4586789981350202,0.9801245304822992,0.1107638571777101
pilot-meta-social-circle-ga,2022-01-04,2,7.644848213193544,0.564272707462405,0.980726192058236,0.086950404488764
pilot-meta-social-circle-ga,2022-01-04,3,7.958422465323874,0.5803850816029105,0.9806816283226616,0.0939557673759681
pilot-meta-social-circle-ga,2022-01-04,4,8.323713770422097,0.5863154094244047,0.9804459521526366,0.1037895412499323
pilot-meta-social-circle-ga,2022-02-05,0,8.503145085721075,0.2843981270318836,0.9798945877178624,0.1460830134619726
pilot-meta-social-circle-ga,2022-02-05,1,8.265231328975048,0.4318908332395034,0.9804434408377388,0.118409045908899
pilot-meta-social-circle-ga,2022-02-05,2,7.124094949305076,0.5416832510127242,0.981244499519359,0.0916142972138686
pilot-meta-social-circle-ga,2022-02-05,3,7.490445256297016,0.5533980544446963,0.9811813363279192,0.0997655838986037
pilot-meta-social-circle-ga,2022-02-05,4,7.7394375820479215,0.5548149909298753,0.9808514076949858,0.1104895083508917
pilot-meta-social-circle-ga,2022-02-21,0,16.06843954349412,0.293930723066628,0.9804042795739968,0.1775742913807408
pilot-meta-social-circle-ga,2022-02-21,1,15.64420066572477,0.4275014394846656,0.9813462358358954,0.1481689492654617
pilot-meta-social-circle-ga,2022-02-21,2,13.177418297457503,0.4957442495955207,0.9813622587791,0.1222081765957721
pilot-meta-social-circle-ga,2022-02-21,3,12.34696448969235,0.4975206921475966,0.9803621458120676,0.1213214409989973
pilot-meta-social-circle-ga,2022-02-21,4,11.735105461492353,0.4594475135318179,0.9793751859926756,0.158087503138292
pilot-meta-social-circle-ga,2022-03-25,3,-8.49602466631427,0.4637711335888284,0.976649,0.1261963473898964
pilot-meta-social-circle-ga,2022-03-25,4,-9.186020269470278,0.437600036527188,0.975108685395668,0.1280883290375453
pilot-meta-social-circle-ga,2022-04-10,0,25.60987967645854,0.3372690847423341,0.9806325273067624,0.1882404990118903
pilot-meta-social-circle-ga,2022-04-10,1,24.79042647186512,0.5054707245898626,0.9817228853528644,0.1473379663135665
pilot-meta-social-circle-ga,2022-04-10,2,22.376567382939548,0.6351454678331165,0.9830697291170016,0.124181744264784
pilot-meta-social-circle-ga,2022-04-10,3,22.472871215449345,0.6636803564903726,0.983252351786599,0.1311830763670161
pilot-meta-social-circle-ga,2022-04-10,4,22.85033446120522,0.6699194455994291,0.9829081713993107,0.1379559130725028
pilot-meta-social-circle-ga,2022-05-12,0,35.70080670042994,0.4185742275374464,0.9816069302837,0.210145699326645
pilot-meta-social-circle-ga,2022-05-12,1,33.04058034757357,0.623334771097225,0.9831692153904876,0.1675741858117811
pilot-meta-social-circle-ga,2022-05-12,2,28.905491614057635,0.8037112809397692,0.9853437540014152,0.1545365317263895
pilot-meta-social-circle-ga,2022-05-12,3,30.16898780654821,0.7775913654661744,0.9847224882351144,0.1539740472939063
pilot-meta-social-circle-ga,2022-05-12,4,31.212753985433466,0.7540518356238558,0.9838148030721766,0.1544695506706064
pilot-meta-social-circle-ga,2022-05-28,0,34.1971803774647,0.4229338537026972,0.9811813896007148,0.20749794108725
pilot-meta-social-circle-ga,2022-05-28,1,32.12689221935026,0.6269806412743368,0.9824766278632996,0.1649880399211361
pilot-meta-social-circle-ga,2022-05-28,2,28.363107252659823,0.8059962108362629,0.9843858233087254,0.1515996719561063
pilot-meta-social-circle-ga,2022-05-28,3,29.16345387186376,0.7760266163426481,0.9837556753730516,0.1493033721671417
pilot-meta-social-circle-ga,2022-05-28,4,30.41494457480439,0.7421018062115625,0.9826260889630738,0.1509155296781472
pilot-meta-social-circle-ga,2022-06-13,0,35.918950426610124,0.4883474648608288,0.9824654048719909,0.2141053175332355
pilot-meta-social-circle-ga,2022-06-13,1,34.868735082121184,0.6610593980926253,0.9835290919930844,0.178755140068217
pilot-meta-social-circle-ga,2022-06-13,2,34.83984078191015,0.8055777621950213,0.9854316419956493,0.1627226371878484
pilot-meta-social-circle-ga,2022-06-13,3,35.82835071704928,0.764070827798214,0.984517743924184,0.1631618400297495
pilot-meta-social-circle-ga,2022-06-13,4,36.14624771220484,0.737363679909459,0.983372317700574,0.1620438254870271
pilot-meta-social-circle-ga,2022-07-15,0,34.667856655834335,0.4416262866826324,0.9815477907953782,0.2332032298437495
pilot-meta-social-circle-ga,2022-07-15,1,32.619393702026876,0.6641880720124919,0.9828435303892904,0.1719649695626105
pilot-meta-social-circle-ga,2022-07-15,2,29.792810555596045,0.8180658894018789,0.9845772446816792,0.139667971872209
pilot-meta-social-circle-ga,2022-07-15,3,30.8575354252303,0.8143675472638802,0.984321418507873,0.1478491940960221
pilot-meta-social-circle-ga,2022-07-15,4,31.774815778058805,0.789882252807012,0.9836769391510444,0.1548089049468636
pilot-meta-social-circle-ga,2022-07-31,0,34.038024305423434,0.4391089568623463,0.981815896214138,0.220613173811863
pilot-meta-social-circle-ga,2022-07-31,1,33.32232554559645,0.6195957669559844,0.9828581111882316,0.1674747036070762
pilot-meta-social-circle-ga,2022-07-31,2,28.792051410399623,0.7687148039991425,0.9844436590913244,0.1495169823715467
pilot-meta-social-circle-ga,2022-07-31,3,29.21387751284778,0.776358675940503,0.9844566045484712,0.153740049749797
pilot-meta-social-circle-ga,2022-07-31,4,29.638858458711237,0.7883714354914163,0.984373360526345,0.1562509757268475
pilot-meta-social-circle-ga,2022-08-16,4,18.82919462000001,,0.9802,0.095490685
pilot-meta-social-circle-ga,2022-09-01,0,33.99807318043397,0.4793876746791854,0.9815736891845236,0.1907388016257859
pilot-meta-social-circle-ga,2022-09-01,1,32.08269731579706,0.6658814957126985,0.9826370298007432,0.1460017021371916
pilot-meta-social-circle-ga,2022-09-01,2,29.2524649479211,0.8135152477423748,0.9840136934354202,0.1259087396724603
pilot-meta-social-circle-ga,2022-09-01,3,29.732741897886065,0.8041194326154882,0.983736830754938,0.1298149975584185
pilot-meta-social-circle-ga,2022-09-01,4,30.24034725880806,0.794121897553644,0.9830918811114032,0.1348171568159915
pilot-meta-social-circle-ga,2022-09-17,0,31.147684722382596,0.4612465260604881,0.9819060067385906,0.1847500834411497
pilot-meta-social-circle-ga,2022-09-17,1,30.00996255391626,0.6001666008542587,0.982663658433346,0.1381232294103968
pilot-meta-social-circle-ga,2022-09-17,2,26.90756135788875,0.7873399695451142,0.9847572224310835,0.1225300002660035
pilot-meta-social-circle-ga,2022-09-17,3,27.52385239989809,0.7723443657544401,0.984375119073294,0.1266507731557256
pilot-meta-social-circle-ga,2022-09-17,4,28.096459912821707,0.7650921664120791,0.9838809225860788,0.1315216625020155
pilot-meta-social-circle-ga,2022-10-03,0,25.53851212131815,0.2798464040481627,0.9795376114965316,0.2544033150718749
pilot-meta-social-circle-ga,2022-10-03,1,21.7891112445267,0.7290528729904892,0.9823094167298088,0.1093800061250774
pilot-meta-social-circle-ga,2022-10-03,2,21.87204768161735,0.6266946406949645,0.9807873216108152,0.1298937084356854
pilot-meta-social-circle-ga,2022-10-03,3,20.189118123410275,0.6933440645186523,0.9805048140847248,0.114690799521956
pilot-meta-social-circle-ga,2022-10-03,4,22.82520318140199,0.765760235526818,0.9828693256162232,0.1177612905718698
pilot-meta-social-circle-ga,2022-10-19,0,18.21452362516252,0.4021902761646308,0.9808029487668788,0.1873361259321444
pilot-meta-social-circle-ga,2022-10-19,1,17.048788882482526,0.5716360761301833,0.9815313168305446,0.1358130742227437
pilot-meta-social-circle-ga,2022-10-19,2,14.76254178932188,0.7337057291045525,0.9829786376228536,0.1145203263860175
pilot-meta-social-circle-ga,2022-10-19,3,15.585321611608595,0.7135037309595181,0.982504616219636,0.1185405224676132
pilot-meta-social-circle-ga,2022-10-19,4,16.520816119027632,0.6773294551887833,0.9815346357427248,0.1248782839192644
pilot-meta-social-circle-ga,2022-11-04,0,23.831444387087725,0.3576984392938401,0.980692899333007,0.1742620561153063
pilot-meta-social-circle-ga,2022-11-04,1,23.437006740897292,0.5046214739615356,0.981288503329032,0.1256818468913762
pilot-meta-social-circle-ga,2022-11-04,2,21.983869059078685,0.6471108457217961,0.98270177425063,0.104542269023635
pilot-meta-social-circle-ga,2022-11-04,3,22.561681754818615,0.6329213024082686,0.9822245954908074,0.1095388538034343
pilot-meta-social-circle-ga,2022-11-04,4,23.00889873251694,0.6125027081854648,0.9815957991814208,0.1149182462405083
pilot-meta-social-circle-ga,2023-01-07,0,14.517723810862115,0.2861891113704653,0.9799548262994068,0.1564730492079906
pilot-meta-social-circle-ga,2023-01-07,1,14.802255520753985,0.4136145706489097,0.9804286907120312,0.1132134710267707
pilot-meta-social-circle-ga,2023-01-07,2,13.932413359306874,0.5208964283498713,0.98131759018189,0.0904548458948486
pilot-meta-social-circle-ga,2023-01-07,3,14.306047633701011,0.5080995515630797,0.9808598224948644,0.0985855055975407
pilot-meta-social-circle-ga,2023-01-07,4,14.521686259728073,0.4926307097025104,0.9803666832178504,0.1068024558593541
pilot-meta-social-circle-ga,2023-01-23,0,9.141971425669322,0.3223921977035266,0.9795077524226324,0.1367432925591985
pilot-meta-social-circle-ga,2023-01-23,1,9.131050414358628,0.4188100810753661,0.9807722225802504,0.1340454206042769
pilot-meta-social-circle-ga,2023-01-23,2,8.581304486228401,0.5437685184698487,0.9807144032705456,0.0998483479180389
pilot-meta-social-circle-ga,2023-01-23,3,8.297443744079798,0.5226236072527186,0.9795225994422012,0.1019733412666535
pilot-meta-social-circle-ga,2023-01-23,4,8.525840324853162,0.5088569307637105,0.9794463428483458,0.1045725746449664
pilot-meta-social-circle-ga,2023-02-24,0,24.90079518933211,0.3312336611525016,0.9792797457426908,0.15863198603381
pilot-meta-social-circle-ga,2023-02-24,1,25.688723068398996,0.4248657550769322,0.9794002087081896,0.1249168734260181
pilot-meta-social-circle-ga,2023-02-24,2,23.628724173195263,0.44742606594114,0.9792316565142832,0.1500062972805511
pilot-meta-social-circle-ga,2023-02-24,3,23.6320170484723,0.4741443525365367,0.979211166591884,0.1463875858269199
pilot-meta-social-circle-ga,2023-02-24,4,24.358654269774643,0.4908772828964574,0.978783082763574,0.1372097844868898
pilot-meta-social-circle-ga,2023-05-15,1,32.716826016344086,0.4196675248729472,0.979304699973092,0.1501822587142345
pilot-meta-social-circle-ga,2023-05-15,2,26.700725072527597,0.7687169774125128,0.9838993242444634,0.1758243782762651
pilot-meta-social-circle-ga,2023-05-15,3,25.506691914720953,0.717368464209627,0.9829704078954482,0.184011335938234
pilot-meta-social-circle-ga,2023-05-15,4,26.50571899290211,0.7019043774691041,0.981284212756075,0.184368661072137
pilot-meta-social-circle-ga,2023-06-16,0,30.91589547716623,0.468865585920346,0.9821562452897162,0.2011643115178905
pilot-meta-social-circle-ga,2023-06-16,1,28.148537702335332,0.6859491685847143,0.9838067071937726,0.1455760997906029
pilot-meta-social-circle-ga,2023-06-16,2,26.332046043853495,0.7521880386139173,0.9843029985290608,0.1482787943689155
pilot-meta-social-circle-ga,2023-06-16,3,27.7951087742882,0.7213935377646851,0.9837749186830178,0.1577511183343035
pilot-meta-social-circle-ga,2023-06-16,4,28.95102567259192,0.7119691308071476,0.9830329797315548,0.1619118766089866
pilot-meta-social-circle-ga,2023-07-02,0,34.87918639115018,0.507851648958406,0.9825808820856724,0.200745509849722
pilot-meta-social-circle-ga,2023-07-02,1,33.12238436837828,0.6644189668905366,0.9836724585461328,0.1606600887259258
pilot-meta-social-circle-ga,2023-07-02,2,29.467785842213345,0.7921435856798742,0.9851255631895628,0.1487426264884568
pilot-meta-social-circle-ga,2023-07-02,3,30.292109653494094,0.7659673578669128,0.9846290985844142,0.1515423929051686
pilot-meta-social-circle-ga,2023-07-02,4,31.000131000151452,0.7517871599612549,0.9837712166804256,0.1540537577361037
pilot-meta-social-circle-ga,2023-07-18,0,39.03743321617228,0.5304521753511552,0.982263777874708,0.186591020927635
pilot-meta-social-circle-ga,2023-07-18,1,36.33713458665817,0.6671805543294653,0.982914228052318,0.1528558544587143
pilot-meta-social-circle-ga,2023-07-18,2,33.537928652133566,0.7722819111231917,0.9839350038296202,0.1424580059953996
pilot-meta-social-circle-ga,2023-07-18,3,33.956261387748334,0.7501071680145286,0.983526455411747,0.1465979574989509
pilot-meta-social-circle-ga,2023-07-18,4,34.444635019821085,0.7386377890192624,0.9827129153643984,0.148714287421186
pilot-meta-social-circle-ga,2023-08-19,0,33.02591169556437,0.5404751331577261,0.9826381113352612,0.1862034767210758
pilot-meta-social-circle-ga,2023-08-19,1,31.14922994098255,0.6755994031146685,0.9831355091692268,0.1471336982564081
pilot-meta-social-circle-ga,2023-08-19,2,28.53080145036327,0.7768710261522038,0.9840043326060254,0.1333058056575824
pilot-meta-social-circle-ga,2023-08-19,3,28.819012365493226,0.7606612377412519,0.9836723858897176,0.1389920584717203
pilot-meta-social-circle-ga,2023-08-19,4,29.24462312516819,0.7434875460701866,0.9829320113750252,0.1418880813818649
pilot-meta-social-circle-ga,2023-09-04,0,35.24659796330576,0.4986593270590594,0.9818716323173958,0.1930882507713704
pilot-meta-social-circle-ga,2023-09-04,1,33.313537188129,0.6621297616714801,0.9826580049738588,0.1448662263317906
pilot-meta-social-circle-ga,2023-09-04,2,30.566776258534563,0.785083487126678,0.9837808488098986,0.1283165387652348
pilot-meta-social-circle-ga,2023-09-04,3,31.04724731522955,0.7622394658492883,0.9833334097261603,0.1338275368072057
pilot-meta-social-circle-ga,2023-09-04,4,31.72247155251705,0.7431969017964275,0.9824611381659792,0.1369782944233237
pilot-meta-social-circle-ga,2023-09-20,0,14.769072113738988,0.6561642538398094,0.9818979882237489,0.1615181028238469
pilot-meta-social-circle-ga,2023-09-20,1,14.821103796521864,0.706471425107585,0.9812426437916564,0.142196754130153
pilot-meta-social-circle-ga,2023-09-20,2,13.801463509721748,0.7486802886875848,0.9831327950529152,0.1467272168377617
pilot-meta-social-circle-ga,2023-09-20,3,16.56156854673085,0.6502488890771242,0.9815578102884246,0.1498142674038594
pilot-meta-social-circle-ga,2023-09-20,4,17.090783969621448,0.6669465821458243,0.9805426229006912,0.151163076545225
pilot-meta-social-circle-ga,2023-10-06,0,30.46444742680856,0.4632065948078097,0.9819214619341006,0.1831382044696988
pilot-meta-social-circle-ga,2023-10-06,1,28.402395386577044,0.609615690111178,0.9823805822625304,0.1314242450229458
pilot-meta-social-circle-ga,2023-10-06,2,26.139673239757425,0.733715416802548,0.983298694480342,0.1113138375077614
pilot-meta-social-circle-ga,2023-10-06,3,25.33730871148204,0.7175836275685117,0.9828970707659404,0.113191860052997
pilot-meta-social-circle-ga,2023-10-06,4,26.712138488632995,0.6593318731343051,0.9814983516779604,0.1280632083004224
pilot-meta-social-circle-ga,2023-10-22,0,26.21560884634293,0.4295677845110705,0.981515744325102,0.1789639889657282
pilot-meta-social-circle-ga,2023-10-22,1,25.328101918845253,0.5876398133921672,0.98228310841921,0.1284928198830295
pilot-meta-social-circle-ga,2023-10-22,2,23.572415707799315,0.7195008454922482,0.9835830477300324,0.1107385993049116
pilot-meta-social-circle-ga,2023-10-22,3,24.035331061205277,0.6914020150542851,0.98302748592773,0.1168739945567761
pilot-meta-social-circle-ga,2023-10-22,4,24.387364566377656,0.675356785585346,0.9822598849051716,0.1215487901726219
pilot-meta-social-circle-ga,2023-11-07,0,26.23563019527047,0.3811427227084785,0.9811727336750088,0.1774879910459715
pilot-meta-social-circle-ga,2023-11-07,1,25.517179104676032,0.5177860778400909,0.9816194245530488,0.1269704307203915
pilot-meta-social-circle-ga,2023-11-07,2,24.22389791016257,0.6447926526379114,0.9828335424009308,0.1085828309593058
pilot-meta-social-circle-ga,2023-11-07,3,24.577167638424985,0.621518063286419,0.9823622296326928,0.1164608327605871
pilot-meta-social-circle-ga,2023-11-07,4,24.947384929307063,0.6091195552810394,0.9816723389892732,0.1229136884564991
pilot-meta-social-circle-ga,2024-01-10,0,9.404223100779683,0.2959238178921269,0.9800376697017618,0.1526452337031557
pilot-meta-social-circle-ga,2024-01-10,1,9.342919799861894,0.4198075486152183,0.9801228715702484,0.1114502709482856
pilot-meta-social-circle-ga,2024-01-10,2,8.754464990529643,0.5136178491076681,0.980633678851426,0.0909199481497659
pilot-meta-social-circle-ga,2024-01-10,3,8.889204619945478,0.5141507776841817,0.9805245611661368,0.0988613146861921
pilot-meta-social-circle-ga,2024-01-10,4,9.044525510790493,0.506310708263744,0.9802732089492716,0.1059110317999421
pilot-meta-social-circle-ga,2024-01-26,3,6.5416295572715875,0.5469247941461138,0.9760800105284388,0.0788284603938084
pilot-meta-social-circle-ga,2024-01-26,4,7.982151310838403,0.5061966550752113,0.9767589198929216,0.0907223597105971
pilot-meta-social-circle-ga,2024-03-14,0,28.755446014876547,0.312931984712211,0.9801388823764616,0.1816125297027721
pilot-meta-social-circle-ga,2024-03-14,1,28.391671875052975,0.4136600899144695,0.9800571033484164,0.1336262565883517
pilot-meta-social-circle-ga,2024-03-14,2,27.14765050064929,0.4931130674038519,0.9805321086427756,0.1128493698552259
pilot-meta-social-circle-ga,2024-03-14,3,26.845853684188093,0.5249434655838029,0.98070049102135,0.1217180336948943
pilot-meta-social-circle-ga,2024-03-14,4,26.85885280647222,0.5361204402544919,0.9806068870620556,0.126014601895837
pilot-meta-social-circle-ga,2024-03-30,0,28.119399163512945,0.3409104912467685,0.9806568357777662,0.1910311381413453
pilot-meta-social-circle-ga,2024-03-30,1,27.72486312286458,0.4500305353662054,0.9807944363667204,0.1431655286916548
pilot-meta-social-circle-ga,2024-03-30,2,26.32644062715853,0.5480275742570874,0.981615846370084,0.1213975720785566
pilot-meta-social-circle-ga,2024-03-30,3,25.803312586440764,0.5798642685292278,0.981794398092544,0.1295566750264179
pilot-meta-social-circle-ga,2024-03-30,4,25.64920586817627,0.5927305469659068,0.981595402231832,0.1342327284091437
pilot-meta-social-circle-ga,2024-04-15,0,32.79347260707952,0.4362322745541334,0.9819432423713744,0.1974770721898004
pilot-meta-social-circle-ga,2024-04-15,1,31.345936890516448,0.5772986031566546,0.9826762293790856,0.1534209535518559
pilot-meta-social-circle-ga,2024-04-15,2,28.748590079718007,0.7201960412685559,0.9843194408311898,0.1369930255837424
pilot-meta-social-circle-ga,2024-04-15,3,28.870446966701387,0.7155712859349064,0.9840697194281098,0.142966681044025
pilot-meta-social-circle-ga,2024-04-15,4,28.885507079378428,0.7117890100655293,0.983520770499508,0.1466306588040019
pilot-meta-social-circle-ga,2024-05-01,0,35.24325984495098,0.4677129015988629,0.9817094365083692,0.2108567850460263
pilot-meta-social-circle-ga,2024-05-01,1,32.935598157546245,0.6352856725722377,0.9825438399277856,0.1629024038010107
pilot-meta-social-circle-ga,2024-05-01,2,29.68289300885604,0.788623776667243,0.9841345171712744,0.151907442857705
pilot-meta-social-circle-ga,2024-05-01,3,30.32877013300678,0.755518220925026,0.983394833828868,0.1531696582006914
pilot-meta-social-circle-ga,2024-05-01,4,30.471829264245155,0.7397925042828247,0.9826331188354216,0.1561851254071591
pilot-meta-social-circle-ga,2024-06-18,0,32.34234055696011,0.4489116900511652,0.9818287284408338,0.240086509733986
pilot-meta-social-circle-ga,2024-06-18,1,29.949892332368844,0.5937397726502956,0.9825400969000316,0.1926078307843063
pilot-meta-social-circle-ga,2024-06-18,2,27.15784922188635,0.7405331121607848,0.9837035021398822,0.1674925285030105
pilot-meta-social-circle-ga,2024-06-18,3,27.512092903985533,0.70773894815725,0.9834079652175364,0.1797585843933084
pilot-meta-social-circle-ga,2024-06-18,4,27.319228685683267,0.6902398575364966,0.982485312541332,0.1862903990263512
pilot-meta-social-circle-ga,2024-07-04,0,26.310511418475738,0.807938969440591,0.9842890288875232,0.1171568030969576
pilot-meta-social-circle-ga,2024-07-04,1,27.011592407599,0.7154748006971442,0.9826033078448028,0.1483329859439252
pilot-meta-social-circle-ga,2024-07-04,2,31.935324752757943,0.7617134121960183,0.9834692480530172,0.164658467514947
pilot-meta-social-circle-ga,2024-07-04,3,30.352531607421703,0.7673420071609788,0.9832056131420362,0.1649520261269846
pilot-meta-social-circle-ga,2024-07-04,4,28.4936051575932,0.7324437489140294,0.9820422579839754,0.1568159281979578
pilot-meta-social-circle-ga,2024-08-21,0,32.01799295840047,0.5289819587131779,0.9823766440117117,0.1911737780525821
pilot-meta-social-circle-ga,2024-08-21,1,29.17967515591769,0.6158245238217406,0.9820558281659176,0.1522759977105455
pilot-meta-social-circle-ga,2024-08-21,2,26.225944424154054,0.724754956473793,0.9832323663909032,0.1481992092052746
pilot-meta-social-circle-ga,2024-08-21,3,26.901062262650065,0.7171961838585549,0.9829252923619424,0.1462803444850407
pilot-meta-social-circle-ga,2024-08-21,4,28.277831267051663,0.6977188667941281,0.9822557206705864,0.1561023784511545
pilot-meta-social-circle-ga,2024-09-22,0,38.238147024082686,0.4771077292933702,0.9821514743834404,0.1776813239327986
pilot-meta-social-circle-ga,2024-09-22,1,36.22979492510215,0.6184739558720701,0.9827225941004348,0.1353855483492703
pilot-meta-social-circle-ga,2024-09-22,2,33.74604656553715,0.7587346688470255,0.9841639551106632,0.1192263650905246
pilot-meta-social-circle-ga,2024-09-22,3,34.4901833858216,0.7212286326056803,0.9835149967175132,0.123690797833786
pilot-meta-social-circle-ga,2024-09-22,4,35.47070799070384,0.6830491622691944,0.9824252694411996,0.1307686984759733
pilot-meta-social-circle-ga,2024-10-08,0,29.5870396024759,0.4882215428199857,0.982184462860985,0.1742421053426065
pilot-meta-social-circle-ga,2024-10-08,1,27.63946393054135,0.6232473813594336,0.9826628914414498,0.1333200597065969
pilot-meta-social-circle-ga,2024-10-08,2,25.30809004409892,0.7500461792420466,0.9839235174544152,0.1170564110585873
pilot-meta-social-circle-ga,2024-10-08,3,25.883116373346915,0.7226900359286541,0.9834025450882776,0.1217855622689297
pilot-meta-social-circle-ga,2024-10-08,4,26.60288140521247,0.6945064117418909,0.982422551996372,0.1289310176073198
pilot-meta-social-circle-ga,2024-10-24,0,30.13038065150403,0.4594459353577004,0.9813405966595796,0.1741832148723824
pilot-meta-social-circle-ga,2024-10-24,1,28.67286537080242,0.5950639841438866,0.981637224423403,0.1306686547767064
pilot-meta-social-circle-ga,2024-10-24,2,26.718157630483898,0.7270524335413056,0.9827593554342252,0.1133040735129537
pilot-meta-social-circle-ga,2024-10-24,3,27.386962357057765,0.6988834121455785,0.9821019949617222,0.119865401506457
pilot-meta-social-circle-ga,2024-10-24,4,28.016472008675255,0.6735601984842712,0.9813927082667976,0.1275766140208749
pilot-meta-social-circle-ga,2024-11-09,2,12.781008229999998,0.3633921031756186,0.976,0.12540379625
pilot-meta-social-circle-ga,2024-11-09,3,14.769507128505587,0.5925805077590761,0.9792510869030242,0.0751324250086896
pilot-meta-social-circle-ga,2024-11-09,4,19.75176885181838,0.6432692164616496,0.9800879247985128,0.0820854562465155
pilot-meta-social-circle-ga,2024-11-25,0,17.735323175349247,0.4023751843435794,0.9810529442233266,0.1628005031050571
pilot-meta-social-circle-ga,2024-11-25,1,17.07896299335512,0.509507301289648,0.9811334414774529,0.1228948033837195
pilot-meta-social-circle-ga,2024-11-25,2,15.784498713902844,0.6120664418519653,0.9818204563867374,0.1020438452732608
pilot-meta-social-circle-ga,2024-11-25,3,15.988482806661628,0.6059595917011311,0.981426547713843,0.1094753332537756
pilot-meta-social-circle-ga,2024-11-25,4,15.720045946754771,0.6006114365483042,0.9810268782144388,0.1150965054133892
pilot-meta-social-circle-ga,2024-12-11,0,10.393655485446011,0.3467032915445933,0.9803806580884362,0.1367272112103139
pilot-meta-social-circle-ga,2024-12-11,1,10.323360302733708,0.4750951726299124,0.9805812719991754,0.1035768395774529
pilot-meta-social-circle-ga,2024-12-11,2,9.72316735038525,0.5752297061050728,0.9811473424642416,0.0857965719545449
pilot-meta-social-circle-ga,2024-12-11,3,9.912837445902214,0.5679773615560366,0.9809723939270112,0.0905890418938641
pilot-meta-social-circle-ga,2024-12-11,4,9.814828877202435,0.5810585735971698,0.9804404035949152,0.0958245776988931
pilot-meta-social-circle-ga,2025-01-12,0,-5.985630579999963,0.0240418526238546,0.9904,0.3204844649999999
pilot-meta-social-circle-ga,2025-01-12,1,-5.002425153044568,0.0117786420333499,0.9901365180467095,0.3671415696107573
pilot-meta-social-circle-ga,2025-01-12,2,-2.1423079989116594,0.4934321164193254,0.9803476401776184,0.1007612725546057
pilot-meta-social-circle-ga,2025-01-12,3,0.413481152385097,0.449732718359606,0.9786599604407468,0.1119422580727352
pilot-meta-social-circle-ga,2025-01-12,4,1.4863348818995537,0.44502804088299,0.9794490421820132,0.1191425194984203
pilot-meta-social-circle-ga,2025-01-28,0,11.208008332431458,0.3357342670341124,0.9804306203769352,0.1391608198371137
pilot-meta-social-circle-ga,2025-01-28,1,10.623628585650424,0.4446025216122004,0.9804566592755476,0.1096488800349638
pilot-meta-social-circle-ga,2025-01-28,2,9.864176452645548,0.5278155165316895,0.9809806817299876,0.0900960078382014
pilot-meta-social-circle-ga,2025-01-28,3,10.212929111356228,0.5219631858391082,0.9805971653163744,0.0983658765253754
pilot-meta-social-circle-ga,2025-01-28,4,10.422167049633162,0.523158317662066,0.980385527584503,0.1061948454126737
pilot-meta-social-circle-ga,2025-03-01,0,24.848977660124604,0.3166746100582725,0.980286420224271,0.1699416222279547
pilot-meta-social-circle-ga,2025-03-01,1,23.994539723843733,0.4005590901656446,0.9800472943663918,0.1327144800101438
pilot-meta-social-circle-ga,2025-03-01,2,22.943039724692227,0.474956323225382,0.9804546073054068,0.1107688405620968
pilot-meta-social-circle-ga,2025-03-01,3,22.995969576558025,0.4821532503146421,0.9801934331244412,0.1190584630090786
pilot-meta-social-circle-ga,2025-03-01,4,23.03478124590831,0.4905965424164999,0.9800526975745838,0.1269967441964749
pilot-meta-social-circle-ga,2025-03-17,0,19.913820924045055,0.3427034266872378,0.980367055140577,0.176663979825982
pilot-meta-social-circle-ga,2025-03-17,1,19.298932573521675,0.4256614453829945,0.9801050097538506,0.1371235139884733
pilot-meta-social-circle-ga,2025-03-17,2,18.102534294205377,0.5039981202483607,0.980551405072827,0.1155449780441693
pilot-meta-social-circle-ga,2025-03-17,3,17.891267012831868,0.5238504283960568,0.980472284730762,0.1227446970417551
pilot-meta-social-circle-ga,2025-03-17,4,17.992673596120348,0.535417639541691,0.9802538799632008,0.1300106031856473
pilot-meta-social-circle-ga,2025-04-18,0,32.419829809223856,0.4741755805408465,0.9824181355978407,0.189509151457254
pilot-meta-social-circle-ga,2025-04-18,1,30.31861044277623,0.6023028107153179,0.982992645232426,0.1527624180639286
pilot-meta-social-circle-ga,2025-04-18,2,27.45153211746373,0.7358405604224282,0.984581241843352,0.1407911988064757
pilot-meta-social-circle-ga,2025-04-18,3,27.964124058503614,0.7178462786714042,0.984114425702368,0.1454427073386009
pilot-meta-social-circle-ga,2025-04-18,4,28.33836728822545,0.7064838952245622,0.9834546398438044,0.1493209542803082
pilot-meta-social-circle-ga,2025-05-04,0,24.272803401920996,0.5325618390002649,0.9823247601644586,0.1848279812701452
pilot-meta-social-circle-ga,2025-05-04,1,22.642252063824618,0.6715639795716646,0.9836248981045732,0.1751261836390323
pilot-meta-social-circle-ga,2025-05-04,2,21.090554349822856,0.7941160093417425,0.9848789914168202,0.1663245076588709
pilot-meta-social-circle-ga,2025-05-04,3,22.474624267223223,0.7528053485437517,0.9839574460738326,0.1615232473928662
pilot-meta-social-circle-ga,2025-05-04,4,22.101125353984752,0.7394148486742214,0.9834350654398488,0.167024174860298
pilot-meta-social-circle-ga,2025-05-20,0,36.38958557823729,0.5475313623334678,0.982915512603821,0.2050332982800601
pilot-meta-social-circle-ga,2025-05-20,1,33.941738978925336,0.6537985863936941,0.9832939743807072,0.1759163588510578
pilot-meta-social-circle-ga,2025-05-20,2,30.49802804802146,0.7529143356200096,0.9841648177884754,0.1718714254050086
pilot-meta-social-circle-ga,2025-05-20,3,30.797430248914747,0.7304570690618776,0.9836635573199508,0.1734844260153995
pilot-meta-social-circle-ga,2025-05-20,4,30.496326255643645,0.7301309784247094,0.9832854060795124,0.1651986168528264
pilot-meta-social-circle-ga,2025-06-05,1,22.06112242000003,0.8614812523644961,0.9849888888888888,0.1753061686111111
pilot-meta-social-circle-ga,2025-06-05,4,23.36931750838712,0.8944122738940747,0.9862129032258066,0.1616211112903226
pilot-meta-social-circle-ga,2025-06-21,0,28.06767008567232,0.7579629122336855,0.9836011259779194,0.1695027069891057
pilot-meta-social-circle-ga,2025-06-21,1,35.28822964173726,0.6081471692155119,0.9816627080457904,0.1915054069241089
pilot-meta-social-circle-ga,2025-06-21,2,30.964597813019225,0.8280004579331508,0.9849534691608282,0.1524922312424547
pilot-meta-social-circle-ga,2025-06-21,3,30.36598149579979,0.8109280172995535,0.984610148710622,0.1556965403282299
pilot-meta-social-circle-ga,2025-06-21,4,32.45483116620395,0.7400376289008286,0.982727644629118,0.1673702365674322
pilot-meta-social-circle-ga,2025-07-07,0,43.366175367574144,0.536004940794449,0.9821985356123816,0.1863765401211086
pilot-meta-social-circle-ga,2025-07-07,1,39.84344603895156,0.6603049913278971,0.9826047659075624,0.1579207691559852
pilot-meta-social-circle-ga,2025-07-07,2,36.427500692770735,0.7902458880504502,0.9838117624943614,0.1429274220754389
pilot-meta-social-circle-ga,2025-07-07,3,37.076291767330474,0.7641746037259753,0.9832787512593784,0.1458350344497379
pilot-meta-social-circle-ga,2025-07-07,4,37.545344192195515,0.745904819980595,0.9824607692476532,0.1490755692168929
pilot-meta-social-circle-ga,2025-08-08,3,23.907005132000016,0.8049419241719127,0.9807,0.142081548
pilot-meta-social-circle-ga,2025-08-08,4,24.410380245161303,0.7987625181441332,0.9815661290322582,0.1168609793548387
pilot-meta-social-circle-ga,2025-08-24,0,35.770651834359164,0.5884548547232155,0.983273874299357,0.1728559421672592
pilot-meta-social-circle-ga,2025-08-24,1,33.60098236316405,0.6396065759096519,0.9827588460277568,0.1485196858684798
pilot-meta-social-circle-ga,2025-08-24,2,30.55077996531679,0.7933700515422858,0.9847079592058272,0.125723907416113
pilot-meta-social-circle-ga,2025-08-24,3,30.86909557013699,0.7953756431630774,0.984665861366364,0.1270577357657296
pilot-meta-social-circle-ga,2025-08-24,4,31.236053455382695,0.7661686701066275,0.9835074698652608,0.1319237018059444
pilot-meta-social-circle-ga,2025-09-09,0,30.260362054446325,0.5541573417944422,0.9823132885338872,0.1685258247800804
pilot-meta-social-circle-ga,2025-09-09,1,27.944038413812457,0.6572049791058641,0.9824446358360136,0.1400546451485531
pilot-meta-social-circle-ga,2025-09-09,2,25.522716347814615,0.7724529762022385,0.9834815341290908,0.1226574559853003
pilot-meta-social-circle-ga,2025-09-09,3,26.015944473983936,0.7629469036476079,0.9831598127810252,0.1259099988285424
pilot-meta-social-circle-ga,2025-09-09,4,26.75609510282419,0.7320228084525812,0.9821887291806624,0.1314955317621459
pilot-meta-social-circle-ga,2025-09-25,1,31.74829201456881,0.6251354388442523,0.9796457208689928,0.1015016966803818
pilot-meta-social-circle-ga,2025-09-25,2,28.274719192456285,0.6422135322815786,0.9804772628452734,0.1208954071165342
pilot-meta-social-circle-ga,2025-09-25,3,24.90208372214308,0.6525294942519291,0.980802271770134,0.1323035492109251
pilot-meta-social-circle-ga,2025-09-25,4,26.97869510162792,0.6333756767296895,0.9787030481797134,0.1135214801004667
pilot-meta-social-circle-ga,2025-10-11,0,27.4283417765351,0.4887973915404774,0.982000346673211,0.1490783666837183
pilot-meta-social-circle-ga,2025-10-11,1,25.176287322845017,0.5988418197797936,0.9823312020258927,0.1253536811177019
pilot-meta-social-circle-ga,2025-10-11,2,23.218061637957273,0.7247776566125819,0.9836230873173346,0.1080355058380698
pilot-meta-social-circle-ga,2025-10-11,3,23.94104053526022,0.7089276692983375,0.9831525700282204,0.1111389405840896
pilot-meta-social-circle-ga,2025-10-11,4,24.61372392654173,0.6737237619543125,0.9822056389145046,0.1168887850318459
pilot-meta-social-circle-ga,2025-11-12,0,18.160223818176785,0.4090977693823991,0.9812241230939788,0.1465338613607037
pilot-meta-social-circle-ga,2025-11-12,1,17.032910888167613,0.5044146211151488,0.9811720532463352,0.1188558255327321
pilot-meta-social-circle-ga,2025-11-12,2,16.110024959505825,0.6069265449617175,0.9820489439663276,0.099261295861001
pilot-meta-social-circle-ga,2025-11-12,3,16.353421244828294,0.611667007598901,0.9818665384944728,0.1036981934919824
pilot-meta-social-circle-ga,2025-11-12,4,16.61712510749281,0.5919823154436686,0.9811357400998498,0.1109810579721364
pilot-meta-social-circle-ga,2025-11-28,0,11.210464442226732,0.3830266568504431,0.9805110022172542,0.1411948262511342
pilot-meta-social-circle-ga,2025-11-28,1,10.055592226013983,0.4718762463025925,0.9803323019089668,0.1157158433254878
pilot-meta-social-circle-ga,2025-11-28,2,8.938459283009227,0.5566127492036164,0.9808372671510632,0.0954655487791722
pilot-meta-social-circle-ga,2025-11-28,3,9.289125191351468,0.5662321515907062,0.9805801807872684,0.1004012620584813
pilot-meta-social-circle-ga,2025-11-28,4,9.512125832332275,0.5592621603844593,0.9801903985980186,0.1074449733023057
pilot-meta-social-circle-ga,2025-12-14,0,10.3238589368467,0.3659294637350868,0.9800128750704238,0.139766530723209
pilot-meta-social-circle-ga,2025-12-14,1,9.486520549832075,0.4600188357091028,0.9797139239260154,0.1122938951606394
pilot-meta-social-circle-ga,2025-12-14,2,8.525983454069046,0.5425447907603562,0.9800527728337844,0.0920572466866893
pilot-meta-social-circle-ga,2025-12-14,3,8.799440287175765,0.5493275799872049,0.9796947856047344,0.0976000587393797
pilot-meta-social-circle-ga,2025-12-14,4,8.914967833157132,0.5434203785671271,0.9793706529597648,0.1051651910111143
pilot-meta-social-circle-ga,2025-12-30,0,7.2991627290221635,0.3428954373523619,0.9802628264543912,0.1423338987085968
pilot-meta-social-circle-ga,2025-12-30,1,5.982843830348159,0.4327333431008528,0.9800273697012646,0.1140877113682465
pilot-meta-social-circle-ga,2025-12-30,2,5.195475788362466,0.5105146823699134,0.9804202932246908,0.0939586449575003
pilot-meta-social-circle-ga,2025-12-30,3,5.584799634491233,0.5162678294388988,0.9801042567294158,0.0995822071122
pilot-meta-social-circle-ga,2025-12-30,4,5.888847321377525,0.5120875403010219,0.9798068960036588,0.107053844865102
pilot-meta-social-circle-ga,2026-01-15,0,4.8625465746347185,0.3507681492472068,0.9802509296112518,0.1383633683335832
pilot-meta-social-circle-ga,2026-01-15,1,3.6856788562714433,0.436219066774851,0.9799270414932488,0.1108043676576138
pilot-meta-social-circle-ga,2026-01-15,2,2.833604214058426,0.5115560463579563,0.9802575279290028,0.0905656624995503
pilot-meta-social-circle-ga,2026-01-15,3,3.1240405336288095,0.5200077209608527,0.9799919002162488,0.0957698364335177
pilot-meta-social-circle-ga,2026-01-15,4,3.455980693502829,0.5213027835655129,0.979694670584309,0.1032306544305419
pilot-meta-social-circle-ga,2026-02-16,0,19.48467923544683,0.3602069379414677,0.980305700343492,0.138651601164354
pilot-meta-social-circle-ga,2026-02-16,1,18.38858990668692,0.4405752903021335,0.9799760527798468,0.1120827975417983
pilot-meta-social-circle-ga,2026-02-16,2,17.472808921970238,0.5146187519574384,0.980341811777832,0.0915060000789011
pilot-meta-social-circle-ga,2026-02-16,3,17.736311953200513,0.5214378166543101,0.9800208493663606,0.0975754158233808
pilot-meta-social-circle-ga,2026-02-16,4,17.86885699029587,0.5250846340495725,0.979842112502238,0.1047301715640662
pilot-meta-social-circle-ga,2026-03-04,0,21.05351902005697,0.2820455287142129,0.979266374488063,0.1896476289344221
pilot-meta-social-circle-ga,2026-03-04,1,20.115319279383872,0.3242144877059179,0.9774518069186964,0.1783407966630358
pilot-meta-social-circle-ga,2026-03-04,2,18.28054518979231,0.4310674067543061,0.9786348413159972,0.1423427978400492
pilot-meta-social-circle-ga,2026-03-04,3,18.80307310154341,0.416622759956357,0.9785796534768056,0.1461409696640911
pilot-meta-social-circle-ga,2026-03-04,4,19.453134027567824,0.458235562038936,0.9781898405396012,0.1520883745131835
pilot-meta-social-circle-ga,2026-03-20,0,27.795928464521864,0.377491841135929,0.9808426926012748,0.1570897300340821
pilot-meta-social-circle-ga,2026-03-20,1,26.619639606298513,0.4344668434668107,0.980464431005131,0.1337649694436783
pilot-meta-social-circle-ga,2026-03-20,2,25.45905644875816,0.5038071867145111,0.9808932164607628,0.1146072618529457
pilot-meta-social-circle-ga,2026-03-20,3,25.280279580152204,0.5329426601874132,0.9809465552118736,0.1203720864943482
pilot-meta-social-circle-ga,2026-03-20,4,25.1813252197873,0.5491793735866245,0.98089154015974,0.1267323056023853
pilot-meta-social-circle-ga,2026-04-21,0,31.52700688427843,0.4858273832267274,0.9822073887283502,0.1796825276555372
pilot-meta-social-circle-ga,2026-04-21,1,27.861655166558204,0.6088945446736649,0.982807910615947,0.1581993334033406
pilot-meta-social-circle-ga,2026-04-21,2,24.752096298837515,0.7469241137635404,0.9844156680300332,0.1478070485294969
pilot-meta-social-circle-ga,2026-04-21,3,25.988507863721424,0.7184830626926095,0.9837534088463744,0.1484951246575978
pilot-meta-social-circle-ga,2026-04-21,4,27.079996845981064,0.6986710298618163,0.9829520283801084,0.1512484037168303
pilot-meta-social-circle-ga,2026-06-24,0,9.806003748263873,0.747119535602782,0.9836901418501438,0.1671424330115742
pilot-meta-social-circle-ga,2026-06-24,1,12.10274569395185,0.7782111590907231,0.9835629556534008,0.1591549132803826
pilot-meta-social-circle-ga,2026-06-24,2,14.320155127881884,0.7807516033442439,0.9832092585306654,0.1678706360883733
pilot-meta-social-circle-ga,2026-06-24,3,18.046739596928347,0.721141453200056,0.98214333374556,0.1667317112867973
pilot-meta-social-circle-ga,2026-06-24,4,19.875151920253767,0.7181126315248132,0.9814568083932032,0.1668589122144501
pilot-meta-social-circle-ga,2026-07-10,2,19.017387829929323,0.7998430441540052,0.984305424750881,0.1359003495561324
pilot-meta-social-circle-ga,2026-07-10,3,21.638560370157226,0.7786896214367777,0.9832247507848708,0.1586416429597804
pilot-meta-social-circle-ga,2026-07-10,4,26.809328878827053,0.6036911554008757,0.9799267245883656,0.1575386640730245
pilot-meta-social-circle-ga,2026-07-26,0,36.61777179545766,0.5238161552762381,0.9826347933583962,0.2064846483060424
pilot-meta-social-circle-ga,2026-07-26,1,32.76879668758274,0.7206169519508547,0.9835721974165796,0.1511170296651344
pilot-meta-social-circle-ga,2026-07-26,2,31.14924219715606,0.7915257434798648,0.9846408911190688,0.1454205340687548
pilot-meta-social-circle-ga,2026-07-26,3,31.64099363595476,0.774729592438953,0.9842865852775766,0.1466727770010817
pilot-meta-social-circle-ga,2026-07-26,4,31.982297015242885,0.7634155712495034,0.9834243640136584,0.1495754622744322
pilot-meta-social-circle-ga,2026-08-11,0,40.35651060822556,0.6121622963857853,0.9834109613252632,0.1860810224719665
pilot-meta-social-circle-ga,2026-08-11,1,37.27958313409637,0.7075004305159276,0.9835699855403882,0.1522828357191329
pilot-meta-social-circle-ga,2026-08-11,2,35.19588837757243,0.7878037697898753,0.9841770207924968,0.1450763936600494
pilot-meta-social-circle-ga,2026-08-11,3,35.92810823553027,0.760837276207984,0.9836744241495592,0.1458627033403422
pilot-meta-social-circle-ga,2026-08-11,4,35.978554018317574,0.7676499815693031,0.983177032686668,0.1451658437789423
pilot-meta-social-circle-ga,2013-04-17,0,28.44437479329703,0.7328224386846611,0.9846331388692012,0.1079091748728259
pilot-meta-social-circle-ga,2013-04-17,1,29.70028701030542,0.6365817723260734,0.9830603059135,0.1274420721020534
pilot-meta-social-circle-ga,2013-04-17,2,29.467613689244654,0.726627004479468,0.9842905711346622,0.1282022374433812
pilot-meta-social-circle-ga,2013-04-17,3,29.83684853058614,0.7164785973912772,0.9838928233733154,0.1366564596670117
pilot-meta-social-circle-ga,2013-04-17,4,29.49129176944157,0.7140186555349848,0.983396028667674,0.1485214966591169
pilot-meta-social-circle-ga,2013-06-04,1,27.03936094205592,0.5823076610264802,0.9816906902452938,0.1739872877943525
pilot-meta-social-circle-ga,2013-06-04,2,25.64710082734172,0.7658463305229133,0.9849206017418844,0.1616097425195679
pilot-meta-social-circle-ga,2013-06-04,3,22.929219326600883,0.7450036928138534,0.9825633030374722,0.1571725686729845
pilot-meta-social-circle-ga,2013-06-04,4,24.151703022172324,0.720089142733028,0.9823434554277952,0.1574500261536555
pilot-meta-social-circle-ga,2013-06-20,0,24.60825920726045,0.8310459886580759,0.9852358823242908,0.1337714727462131
pilot-meta-social-circle-ga,2013-06-20,1,24.613591328522816,0.8432832976701935,0.985882055616517,0.1417465207450547
pilot-meta-social-circle-ga,2013-06-20,2,25.37594666961254,0.8414072002742503,0.9853472854820976,0.1697804105415713
pilot-meta-social-circle-ga,2013-06-20,3,26.06546255282027,0.8101215020306323,0.9844427992407772,0.1687375472474488
pilot-meta-social-circle-ga,2013-06-20,4,27.046135163138587,0.764190751409399,0.982877672049658,0.1736867555484741
pilot-meta-social-circle-ga,2013-07-06,1,16.471970310988667,0.8952743112958098,0.9860554458555848,0.1690199183574923
pilot-meta-social-circle-ga,2013-07-06,2,18.970807915165068,0.8385083695190721,0.9848769043002176,0.1680253723642828
pilot-meta-social-circle-ga,2013-07-06,3,23.893502479418466,0.7841072366591687,0.9836060353667938,0.1732414308474827
pilot-meta-social-circle-ga,2013-07-06,4,24.385022585949994,0.7858616367018006,0.9835022881139928,0.1854769152192659
pilot-meta-social-circle-ga,2013-07-22,0,24.213353136333915,0.8100621613750166,0.9852640701926414,0.1431679084734734
pilot-meta-social-circle-ga,2013-07-22,1,26.456280164592563,0.7228451649217431,0.9834580085874416,0.1496839191725378
pilot-meta-social-circle-ga,2013-07-22,2,26.673032066268004,0.8440032287368321,0.9852776425399018,0.1569962045870999
pilot-meta-social-circle-ga,2013-07-22,3,27.99450290484011,0.8166682641993501,0.984413833237538,0.1566085805419217
pilot-meta-social-circle-ga,2013-07-22,4,27.715344367939363,0.8138295443945488,0.9841562184826228,0.1711062239918222
pilot-meta-social-circle-ga,2013-08-23,0,29.70194823191972,0.8326454643901424,0.98541691278084,0.1199683462893537
pilot-meta-social-circle-ga,2013-08-23,1,30.377343643559428,0.8308083299633057,0.9852455256445232,0.1240968085831876
pilot-meta-social-circle-ga,2013-08-23,2,30.52878253982618,0.8365950405210129,0.9850001536415486,0.1407632371274628
pilot-meta-social-circle-ga,2013-08-23,3,31.722914669500483,0.8011303647862009,0.9842701269948214,0.1478900052773951
pilot-meta-social-circle-ga,2013-08-23,4,32.010404729483874,0.7743658573969441,0.983400262334542,0.1581491370412316
pilot-meta-social-circle-ga,2013-09-08,0,30.376716533905668,0.8087914717992816,0.9851968186039762,0.1030198155246821
pilot-meta-social-circle-ga,2013-09-08,1,32.211807531117444,0.6977534167239369,0.983642124988656,0.1280676951448945
pilot-meta-social-circle-ga,2013-09-08,2,31.10853694509977,0.8239058549179525,0.9853767507234952,0.12076814671737
pilot-meta-social-circle-ga,2013-09-08,3,32.63615478058044,0.7894942928970585,0.9847209433390854,0.1256297938817021
pilot-meta-social-circle-ga,2013-09-08,4,33.76795797856783,0.7530825523431971,0.983734150149316,0.1360700392243146
pilot-meta-social-circle-ga,2013-10-10,0,23.513069316517107,0.8107439330966989,0.984424776002762,0.0895935429545825
pilot-meta-social-circle-ga,2013-10-10,1,24.530890574661456,0.6945527072237886,0.982629762543539,0.1119206983648379
pilot-meta-social-circle-ga,2013-10-10,2,24.086240268278697,0.8143680447520262,0.9839992082539684,0.1093478654736335
pilot-meta-social-circle-ga,2013-10-10,3,25.261738931445784,0.771919858378729,0.98313632768439,0.1149549976377826
pilot-meta-social-circle-ga,2013-10-10,4,26.277703081464985,0.7287935384212963,0.9821812308090516,0.1259177062499551
pilot-meta-social-circle-ga,2013-10-26,0,13.61404552928934,0.7839747762003582,0.9852189720662278,0.0865217553170719
pilot-meta-social-circle-ga,2013-10-26,1,14.901121481918716,0.6639090418893964,0.9833228709044478,0.1115268061584206
pilot-meta-social-circle-ga,2013-10-26,2,14.54009104453577,0.7747602180321572,0.9849062131542948,0.1064068098341827
pilot-meta-social-circle-ga,2013-10-26,3,15.871864197331869,0.7368379500608839,0.9840842403597722,0.1115158969337029
pilot-meta-social-circle-ga,2013-10-26,4,17.24328789592271,0.6901260278362933,0.9830207673554412,0.123187159276966
pilot-meta-social-circle-ga,2013-11-11,0,16.090053412190183,0.7179779841934412,0.9842805535866836,0.0849422413328517
pilot-meta-social-circle-ga,2013-11-11,1,16.95478274170557,0.6037691759888449,0.982416750775866,0.1081200484550303
pilot-meta-social-circle-ga,2013-11-11,2,16.880563436321847,0.6876470333247716,0.9834796984985874,0.1037629340737977
pilot-meta-social-circle-ga,2013-11-11,3,17.86444065263168,0.6627991712407685,0.9828135404691684,0.1105916031610146
pilot-meta-social-circle-ga,2013-11-11,4,18.811293786645447,0.624285569252078,0.9819105673959562,0.1228270724727566
pilot-meta-social-circle-ga,2013-11-27,0,6.496889643051149,0.5043567026637034,0.9798499720592344,0.101282686235331
pilot-meta-social-circle-ga,2013-11-27,1,5.721928161928604,0.5284764691887742,0.9806315565436956,0.1168491517901314
pilot-meta-social-circle-ga,2013-11-27,2,5.278303970043635,0.6658262556102092,0.982105133537347,0.0994057647849492
pilot-meta-social-circle-ga,2013-11-27,3,5.641082316745423,0.6092489678352816,0.9812747901280732,0.1136493352202559
pilot-meta-social-circle-ga,2013-11-27,4,6.041895264604591,0.5790832310154518,0.9806367000922374,0.1242142192652516
pilot-meta-social-circle-ga,2013-12-13,0,8.470267600902371,0.6601511011349644,0.98267471920833,0.0771375701966676
pilot-meta-social-circle-ga,2013-12-13,1,8.772597794238704,0.5494356227778738,0.980874523508741,0.0916142943999552
pilot-meta-social-circle-ga,2013-12-13,2,9.295287468567516,0.5892832998736645,0.9810989627716286,0.0923234857999661
pilot-meta-social-circle-ga,2013-12-13,3,10.162068012338027,0.5672114453605561,0.9804016572607974,0.0992710911573745
pilot-meta-social-circle-ga,2013-12-13,4,10.655416187777984,0.5247604147510997,0.9795054413960594,0.110149686838265
pilot-meta-social-circle-ga,2014-01-14,0,13.107417399350116,0.6739102124924233,0.9834908170219738,0.0705848343700248
pilot-meta-social-circle-ga,2014-01-14,1,13.372496311310323,0.5617107414786554,0.9816274098227648,0.0837915932676502
pilot-meta-social-circle-ga,2014-01-14,2,13.822201002833074,0.5911866399770068,0.9818343419775778,0.0854449662333776
pilot-meta-social-circle-ga,2014-01-14,3,14.173415647684513,0.5644769176009782,0.981170543213971,0.0935349475716761
pilot-meta-social-circle-ga,2014-01-14,4,14.349227256820225,0.5194820177536347,0.9802725950362388,0.1075021975421815
pilot-meta-social-circle-ga,2014-01-30,0,0.6908335502949882,0.5537528978190376,0.9811299942751214,0.0940057124681383
pilot-meta-social-circle-ga,2014-01-30,1,1.2379436799537815,0.4531329833779461,0.9795278676068934,0.1137298702150753
pilot-meta-social-circle-ga,2014-01-30,2,1.3591869818529898,0.4581782800379874,0.9790789627975856,0.1164922437132749
pilot-meta-social-circle-ga,2014-01-30,3,2.164118431164263,0.4403790152709128,0.978442875089149,0.124665035827045
pilot-meta-social-circle-ga,2014-01-30,4,2.5236728705795297,0.3926680717759955,0.9779330723556756,0.1442542522239326
pilot-meta-social-circle-ga,2014-02-15,0,6.450573618880407,0.6219617248469245,0.9827662677425804,0.0795879453637001
pilot-meta-social-circle-ga,2014-02-15,1,7.235503169689652,0.5157363166631329,0.9809483608984064,0.0943538594498486
pilot-meta-social-circle-ga,2014-02-15,2,7.754848833015434,0.5469304368784638,0.9810811059771776,0.0959877116587765
pilot-meta-social-circle-ga,2014-02-15,3,8.501817780830594,0.5245764003626938,0.9804383163863468,0.1042588218999621
pilot-meta-social-circle-ga,2014-02-15,4,8.932569218706686,0.4867759332626343,0.9796265537158034,0.1165892476188345
pilot-meta-social-circle-ga,2014-04-04,0,14.985312107341352,0.495542442057286,0.9818127259567286,0.1271400901371874
pilot-meta-social-circle-ga,2014-04-04,1,15.968864625345558,0.4491988330797352,0.9806104865561566,0.1416636025395616
pilot-meta-social-circle-ga,2014-04-04,2,16.349863650651553,0.4770873969373222,0.9806087538297062,0.1406876803756708
pilot-meta-social-circle-ga,2014-04-04,3,18.058070696342625,0.4864172693136898,0.9802056505882484,0.1513854795990343
pilot-meta-social-circle-ga,2014-04-04,4,19.35675641241036,0.4895619342261055,0.9799626728120262,0.1597003997436767
pilot-meta-social-circle-ga,2014-04-20,0,21.375418158536093,0.7488429012402656,0.9839603552150924,0.105623642684082
pilot-meta-social-circle-ga,2014-04-20,1,22.37076769215601,0.6435365709337791,0.9822406486415066,0.1200707553751532
pilot-meta-social-circle-ga,2014-04-20,2,22.822222001136694,0.7150332278839613,0.9829485412795348,0.1245089451738444
pilot-meta-social-circle-ga,2014-04-20,3,23.319915921047745,0.7039700114658936,0.9824511895470424,0.1322888855048391
pilot-meta-social-circle-ga,2014-04-20,4,23.55780090844738,0.6934766536529506,0.9819132484265408,0.1428282275111395
pilot-meta-social-circle-ga,2014-05-06,0,29.73082449994142,0.8220134972173438,0.9856003793868048,0.1268274642797898
pilot-meta-social-circle-ga,2014-05-06,1,31.429522114124925,0.6881032046644561,0.9834894805582454,0.1544537128870547
pilot-meta-social-circle-ga,2014-05-06,2,30.578402250744364,0.8178007185776122,0.9852704843651718,0.1489750422944429
pilot-meta-social-circle-ga,2014-05-06,3,32.351628715874305,0.7655691436334329,0.98421989055764,0.150798069570784
pilot-meta-social-circle-ga,2014-05-06,4,33.386922626444914,0.7313059493340253,0.9832488787461956,0.1586970884792401
pilot-meta-social-circle-ga,2014-05-22,0,29.380236968507763,0.8211563868563682,0.9848788811042672,0.1298707495705886
pilot-meta-social-circle-ga,2014-05-22,1,30.984870078332,0.6936302657596904,0.9829198200900908,0.1584602731535675
pilot-meta-social-circle-ga,2014-05-22,2,30.238268045876815,0.8247514321187407,0.9845124719687736,0.1541772529383237
pilot-meta-social-circle-ga,2014-05-22,3,31.951280937086924,0.7627835407211171,0.9833333106949484,0.1538942927033266
pilot-meta-social-circle-ga,2014-05-22,4,32.8799537274549,0.7192328916787687,0.982221226935444,0.1590299615153304
pilot-meta-social-circle-ga,2014-06-23,0,26.171352635153752,0.833743694255026,0.9843276179260286,0.161584589547075
pilot-meta-social-circle-ga,2014-06-23,1,26.32049855850325,0.829347870468515,0.9844865314448924,0.1684491494275805
pilot-meta-social-circle-ga,2014-06-23,2,28.575113632344745,0.7428768205170063,0.9826060265115216,0.1773916344164327
pilot-meta-social-circle-ga,2014-06-23,3,28.896525420457923,0.7356217102219302,0.9826627773557794,0.1917510260401959
pilot-meta-social-circle-ga,2014-06-23,4,30.765598410905092,0.6916707053883422,0.981153230810048,0.1992143922352468
pilot-meta-social-circle-ga,2014-07-09,0,23.08886561879991,0.8132647680555573,0.9847610737940032,0.1078057457692439
pilot-meta-social-circle-ga,2014-07-09,1,21.01959935735939,0.8096801285240083,0.984671245001116,0.1170442476936171
pilot-meta-social-circle-ga,2014-07-09,2,21.100830665272493,0.813156073058623,0.9841379529965818,0.1192553269848769
pilot-meta-social-circle-ga,2014-07-09,3,21.273081068798536,0.7799012195868565,0.983527770344816,0.1229553182708802
pilot-meta-social-circle-ga,2014-07-09,4,27.476318523885347,0.6711416863895516,0.9822065993667924,0.1588482532052116
pilot-meta-social-circle-ga,2014-07-25,0,29.04297960303851,0.80387823182937,0.9850269529507124,0.1300754813964542
pilot-meta-social-circle-ga,2014-07-25,1,29.22281364663785,0.7587994341783968,0.984382932775947,0.1442204551166813
pilot-meta-social-circle-ga,2014-07-25,2,29.027187089995323,0.8362198574753403,0.9852488065645032,0.1441150907360965
pilot-meta-social-circle-ga,2014-07-25,3,30.38548843683019,0.7990818406215325,0.9845729060123602,0.1511414917720188
pilot-meta-social-circle-ga,2014-07-25,4,31.02136795833212,0.751061118709234,0.9831929134928512,0.165988123089369
pilot-meta-social-circle-ga,2014-08-10,1,6.767002040000023,-0.0003821139780380278,0.9761,0.92673841
pilot-meta-social-circle-ga,2014-08-10,2,6.467480556238392,-0.006116526765462,0.973715961457495,0.905110467860786
pilot-meta-social-circle-ga,2014-08-10,3,6.999065112350096,-0.0055338827771015,0.973737441901302,0.8820175600926696
pilot-meta-social-circle-ga,2014-08-10,4,6.903724031095013,-0.0063667946745581,0.9723414069652584,0.8970871952291012
pilot-meta-social-circle-ga,2014-08-26,0,27.15036536519201,0.7961024198917827,0.985250434052434,0.1186142444740588
pilot-meta-social-circle-ga,2014-08-26,1,28.809201783078517,0.7292412385111291,0.9840268065127424,0.1374896179846287
pilot-meta-social-circle-ga,2014-08-26,2,29.009931806908735,0.8013046193597979,0.9849516631095104,0.1374155202039279
pilot-meta-social-circle-ga,2014-08-26,3,30.841940742139307,0.7535905232796332,0.9838009415605,0.1435901565623593
pilot-meta-social-circle-ga,2014-08-26,4,32.59337564564109,0.707981500642352,0.982920917957362,0.1556276446150714
pilot-meta-social-circle-ga,2014-09-11,0,22.300816620969343,0.8469276227902279,0.9859418078490249,0.1319152485057903
pilot-meta-social-circle-ga,2014-09-11,1,23.710175678853684,0.7422508327360547,0.9833237717259432,0.1356137277271265
pilot-meta-social-circle-ga,2014-09-11,2,24.741967035404183,0.7522654334061696,0.9831753003285728,0.157187697856145
pilot-meta-social-circle-ga,2014-09-11,3,25.06008223527465,0.7347376926194253,0.9826382560435158,0.1429517666425497
pilot-meta-social-circle-ga,2014-09-11,4,25.673502809446983,0.701259643690567,0.982096770013935,0.1563909474774176
pilot-meta-social-circle-ga,2014-10-13,0,21.399545660000054,0.6588303985741065,0.9802,0.0652294925
pilot-meta-social-circle-ga,2014-10-13,1,20.31826459826807,0.7853883248970386,0.9815895378777616,0.0939145316902696
pilot-meta-social-circle-ga,2014-10-13,2,22.786359108382236,0.7544902555167117,0.9813791299555132,0.1254601490011023
pilot-meta-social-circle-ga,2014-10-13,3,23.138648897747995,0.7376219961299403,0.9811064343163544,0.1252944107975872
pilot-meta-social-circle-ga,2014-10-13,4,24.15354950523887,0.7212696608133293,0.9816376672903786,0.1314206201887601
pilot-meta-social-circle-ga,2014-11-30,3,15.8367328792151,0.5134322915217499,0.9802579319375582,0.1139349576787794
pilot-meta-social-circle-ga,2014-11-30,4,16.801058857194413,0.5093013871036508,0.9800654495504404,0.1381512046975889
pilot-meta-social-circle-ga,2014-12-16,0,17.036196902481088,0.6419994834688639,0.9827139923304812,0.0759001475734351
pilot-meta-social-circle-ga,2014-12-16,1,17.544598605999,0.5320643654009514,0.981101978638458,0.1017914523287304
pilot-meta-social-circle-ga,2014-12-16,2,17.423173639546707,0.5951061479365013,0.98138072821769,0.0944476715342014
pilot-meta-social-circle-ga,2014-12-16,3,17.77094938807022,0.5724148743253127,0.9807756908135564,0.1036070770161517
pilot-meta-social-circle-ga,2014-12-16,4,17.77527936391725,0.5366704276659648,0.9799592883349696,0.1253277452729633
pilot-meta-social-circle-ga,2015-01-01,0,0.6057802878576389,0.5262571474087758,0.9816845275739016,0.0917999199958842
pilot-meta-social-circle-ga,2015-01-01,1,0.9806925582224494,0.5040534211496747,0.9804953662983668,0.1024754680884368
pilot-meta-social-circle-ga,2015-01-01,2,1.9600774179611429,0.4971384432358269,0.97987417674213,0.105031034113995
pilot-meta-social-circle-ga,2015-01-01,3,2.6167324517163597,0.469273156816694,0.979161177114391,0.1114111594257306
pilot-meta-social-circle-ga,2015-01-01,4,3.685202091906116,0.4650908323712802,0.9791201979849424,0.1259931530706808
pilot-meta-social-circle-ga,2015-01-17,0,7.795953700368095,0.5844401050503296,0.982266166299132,0.0788814471795694
pilot-meta-social-circle-ga,2015-01-17,1,8.247206034734972,0.4694996907697936,0.9803195180853664,0.1086838241432515
pilot-meta-social-circle-ga,2015-01-17,2,8.226962717256654,0.543020926327736,0.9810596464247716,0.092591743876107
pilot-meta-social-circle-ga,2015-01-17,3,8.58232651045891,0.5195354972266857,0.9803038761218378,0.1018870166755267
pilot-meta-social-circle-ga,2015-01-17,4,8.568419612577296,0.5006820010055949,0.9799688642013163,0.1136593233855928
pilot-meta-social-circle-ga,2015-02-18,0,3.4135599094746083,0.5841828101224028,0.9807626226351266,0.0690334897375543
pilot-meta-social-circle-ga,2015-02-18,1,4.068009874387572,0.5168225829906827,0.9808710480349346,0.0881637104547398
pilot-meta-social-circle-ga,2015-02-18,2,4.649840535966656,0.5038758634075197,0.9803286795209208,0.0921330332403091
pilot-meta-social-circle-ga,2015-02-18,3,4.874585953126963,0.5551938830858314,0.9808680942918102,0.0949593820330354
pilot-meta-social-circle-ga,2015-02-18,4,4.907507437951669,0.504488216676575,0.9802546935484436,0.1115302781595231
pilot-meta-social-circle-ga,2015-04-07,4,23.995038989438203,0.6505935046294314,0.9801265917603,0.1464269544850187
pilot-meta-social-circle-ga,2015-04-23,0,14.708182630461716,0.7462190411296681,0.9843841788167252,0.1291743851142748
pilot-meta-social-circle-ga,2015-04-23,1,15.401275100554114,0.6915807719068908,0.983431355768556,0.1469606630594337
pilot-meta-social-circle-ga,2015-04-23,2,14.941795230693598,0.7542531316880805,0.98399670535173,0.1489970087837998
pilot-meta-social-circle-ga,2015-04-23,3,15.733240336366896,0.7293259511964675,0.983371609990668,0.1552878989030935
pilot-meta-social-circle-ga,2015-04-23,4,15.978536108444384,0.7303674442856273,0.9830694716474224,0.1621546198052871
pilot-meta-social-circle-ga,2015-05-09,0,19.307838738366225,0.7263577140062277,0.9839929430335662,0.1493377134700426
pilot-meta-social-circle-ga,2015-05-09,1,25.63807603002929,0.44779479870975,0.9798127183440332,0.2033827227732489
pilot-meta-social-circle-ga,2015-05-09,2,19.72098056588873,0.8043230617533337,0.9851373980842524,0.1516032990484846
pilot-meta-social-circle-ga,2015-05-09,3,17.9839930342098,0.7692617486813845,0.9843004973193494,0.1502345356394838
pilot-meta-social-circle-ga,2015-05-09,4,18.45001098303332,0.7363706264270596,0.983681720183286,0.156852108698596
pilot-meta-social-circle-ga,2015-06-26,0,30.146356644664227,0.8028530561822336,0.984227558672912,0.1593071396122856
pilot-meta-social-circle-ga,2015-06-26,1,33.100997341937585,0.4592813471673165,0.9796949051002484,0.2384261570665275
pilot-meta-social-circle-ga,2015-06-26,2,30.606466902050915,0.8353927444393221,0.9852681056214302,0.1697842292135896
pilot-meta-social-circle-ga,2015-06-26,3,30.97661753307919,0.7960616191010265,0.9841988410356188,0.1618941982819008
pilot-meta-social-circle-ga,2015-06-26,4,31.73129853141157,0.7653197450855179,0.9834747333592818,0.1706795448494831
pilot-meta-social-circle-ga,2015-07-12,3,7.589569895626302,0.5127644494017412,0.966000187230856,0.1474583044809024
pilot-meta-social-circle-ga,2015-07-12,4,9.398668545189029,0.5912728679993309,0.9806572439633638,0.1444943599652789
pilot-meta-social-circle-ga,2015-07-28,0,34.29914989423834,0.8401632633655575,0.985414002780658,0.1163898156083136
pilot-meta-social-circle-ga,2015-07-28,1,36.4883256579756,0.7172764768499947,0.9835571343971712,0.1450176470952567
pilot-meta-social-circle-ga,2015-07-28,2,35.25036373787219,0.830507788593523,0.9850407841587162,0.1355019094581204
pilot-meta-social-circle-ga,2015-07-28,3,37.32541465173528,0.7742624216733179,0.9839743484966604,0.1403523980854328
pilot-meta-social-circle-ga,2015-07-28,4,38.80854343486829,0.7198321304781414,0.982676357680863,0.1515881320379794
pilot-meta-social-circle-ga,2015-08-13,0,24.72367087243932,0.8137042464136385,0.9842838150289016,0.1249542466127167
pilot-meta-social-circle-ga,2015-08-13,1,24.34947912821759,0.8123620940045652,0.9843978827542734,0.136680879270227
pilot-meta-social-circle-ga,2015-08-13,2,25.40084914078201,0.8404479441183408,0.9843042219998812,0.1271193547536006
pilot-meta-social-circle-ga,2015-08-13,3,28.16982142094376,0.7805309956739173,0.983399467716456,0.1417976194497001
pilot-meta-social-circle-ga,2015-08-13,4,28.56810961664552,0.7016346859457465,0.9816853020843632,0.16305720245307
pilot-meta-social-circle-ga,2015-09-14,0,23.139088151888703,0.839169724971005,0.9856200779673968,0.0980534827017223
pilot-meta-social-circle-ga,2015-09-14,1,24.80145337736619,0.7173694678426297,0.9836967942543156,0.1275282252093139
pilot-meta-social-circle-ga,2015-09-14,2,23.773934662615545,0.8442579355208426,0.985349718296366,0.1152338818359017
pilot-meta-social-circle-ga,2015-09-14,3,25.10909769321472,0.8077428181246782,0.9846368947206486,0.1218024881393065
pilot-meta-social-circle-ga,2015-09-14,4,26.36741721007514,0.7690339871307994,0.9836612749379072,0.1351661755550004
pilot-meta-social-circle-ga,2015-09-30,3,20.604001505000017,0.6648106561871368,0.9748,0.03792874375
pilot-meta-social-circle-ga,2015-09-30,4,21.508922300000016,0.6672727389118659,0.97802,0.093421255
pilot-meta-social-circle-ga,2015-10-16,0,24.440545188980952,0.7803309737832728,0.9849802073678304,0.0874043469188112
pilot-meta-social-circle-ga,2015-10-16,1,25.45448956421421,0.6629730391548799,0.9831281607340656,0.113054347388204
pilot-meta-social-circle-ga,2015-10-16,2,24.82682615922677,0.7734330838670435,0.9846263840232976,0.1037306040041806
pilot-meta-social-circle-ga,2015-10-16,3,25.59382346262032,0.7424864779201702,0.9839701947606804,0.111197809435235
pilot-meta-social-circle-ga,2015-10-16,4,26.315560662895045,0.7131096032333996,0.983233168627636,0.1254192554738888
pilot-meta-social-circle-ga,2015-11-17,0,19.898116205204477,0.6971458871725684,0.9835977295858098,0.0788283577024495
pilot-meta-social-circle-ga,2015-11-17,1,20.569059983148257,0.5898097902487686,0.981685323785463,0.1036842288487766
pilot-meta-social-circle-ga,2015-11-17,2,20.21504891640955,0.6622718490875548,0.9823457515808796,0.0911952242923481
pilot-meta-social-circle-ga,2015-11-17,3,19.515517437350297,0.6430344336045996,0.9819244785883527,0.1099983669510584
pilot-meta-social-circle-ga,2015-11-17,4,18.39076154117312,0.6059784076752748,0.9810941314939128,0.1408926304957566
pilot-meta-social-circle-ga,2015-12-19,0,7.838672911826401,0.6708657723131066,0.983080250658069,0.0729411032208696
pilot-meta-social-circle-ga,2015-12-19,1,8.478946845311382,0.5752104621363264,0.981512413147382,0.0954407495744221
pilot-meta-social-circle-ga,2015-12-19,2,8.416242239767978,0.6121236035563613,0.9816676651796192,0.0864940347765755
pilot-meta-social-circle-ga,2015-12-19,3,8.981188947035319,0.6042373854409333,0.9813134809797652,0.0965714671297936
pilot-meta-social-circle-ga,2015-12-19,4,9.510471470224095,0.5943669978969731,0.9810203129938108,0.1115746375658747
pilot-meta-social-circle-ga,2016-01-04,0,8.433099157020909,0.6642939464307808,0.9828216754811624,0.0722596071482494
pilot-meta-social-circle-ga,2016-01-04,1,9.060521275558902,0.5576767367726598,0.9811329828771946,0.0985815609510612
pilot-meta-social-circle-ga,2016-01-04,2,9.043860643992057,0.6034149784400035,0.981347417341255,0.0856644396109135
pilot-meta-social-circle-ga,2016-01-04,3,9.526804853296316,0.6003385174790408,0.9810995224493998,0.0969701588187689
pilot-meta-social-circle-ga,2016-01-04,4,9.890898077951974,0.5957612948164671,0.980892744255064,0.1123446238720709
pilot-meta-social-circle-ga,2016-01-20,2,2.2166852327272863,0.636492791012047,0.9832727272727272,0.1070214575
pilot-meta-social-circle-ga,2016-01-20,3,5.565725691992948,0.5569597593693766,0.979712055974166,0.1124474438385168
pilot-meta-social-circle-ga,2016-01-20,4,1.079416760000015,0.6776526545549317,0.9835,0.0955019325
pilot-meta-social-circle-ga,2016-02-05,0,8.71097911093591,0.6496184022818502,0.9831479458590058,0.0775049019104737
pilot-meta-social-circle-ga,2016-02-05,1,9.717996103710986,0.5421846272346627,0.9813547107846694,0.1034167464827367
pilot-meta-social-circle-ga,2016-02-05,2,9.707270946772546,0.5807707369530353,0.9815461259456256,0.0912330159401889
pilot-meta-social-circle-ga,2016-02-05,3,10.24889916413446,0.5735472963859791,0.9812257072912698,0.1027736232856023
pilot-meta-social-circle-ga,2016-02-05,4,10.731920886949004,0.5628028464747344,0.9808654006142804,0.1182896959400618
pilot-meta-social-circle-ga,2016-03-08,0,11.794895618113644,0.5148099034687906,0.9817515360775037,0.1083790449098693
pilot-meta-social-circle-ga,2016-03-08,1,12.371845573592914,0.4641417524469146,0.980470329246202,0.128487592575987
pilot-meta-social-circle-ga,2016-03-08,2,13.699501116327392,0.49400844622166,0.980315659921944,0.121036568096182
pilot-meta-social-circle-ga,2016-03-08,3,16.630819436401055,0.5127355900981252,0.9803366385526232,0.1308237975313372
pilot-meta-social-circle-ga,2016-03-08,4,18.58749865256847,0.5230176001291282,0.9802290742723851,0.1429838677728649
pilot-meta-social-circle-ga,2016-03-24,0,20.992597185263087,0.4991856133683228,0.981894924849608,0.1453362480157046
pilot-meta-social-circle-ga,2016-03-24,1,21.435819069297125,0.4416907571706177,0.98043950567359,0.1678472498983647
pilot-meta-social-circle-ga,2016-03-24,2,21.500591995979025,0.4935896480525052,0.9803857910113704,0.142015098956935
pilot-meta-social-circle-ga,2016-03-24,3,21.366267620779592,0.5174642278580367,0.9802797034396992,0.1404847353292431
pilot-meta-social-circle-ga,2016-03-24,4,21.291176919584824,0.5290013170115165,0.9799480876674628,0.1577995472296937
pilot-meta-social-circle-ga,2016-04-09,0,17.31382028592363,0.7618978530105295,0.984792222797742,0.1041258503838396
pilot-meta-social-circle-ga,2016-04-09,1,18.880608111437844,0.6656628009991848,0.983165541944591,0.1329224947661611
pilot-meta-social-circle-ga,2016-04-09,2,18.374193888854805,0.7500731092419474,0.9841439416038475,0.1226598942676758
pilot-meta-social-circle-ga,2016-04-09,3,19.07301664293321,0.7415460510770707,0.9838210593423772,0.1328963026234753
pilot-meta-social-circle-ga,2016-04-09,4,19.524939868151513,0.7369876887767044,0.9833415414451162,0.1452788070805235
pilot-meta-social-circle-ga,2016-04-25,0,22.93227941464615,0.8112446670199168,0.985941937008161,0.1204771441432105
pilot-meta-social-circle-ga,2016-04-25,1,24.96020253383837,0.7132983870706403,0.9844053646183586,0.1471816868006345
pilot-meta-social-circle-ga,2016-04-25,2,23.130315841824675,0.8111515563832401,0.9857500001325104,0.1455856762082299
pilot-meta-social-circle-ga,2016-04-25,3,22.554961928736653,0.769772912279047,0.9847810721405736,0.1496095900789256
pilot-meta-social-circle-ga,2016-04-25,4,22.644169472359497,0.7418213937068923,0.9837673307639776,0.1579664266212149
pilot-meta-social-circle-ga,2016-05-11,0,27.519361180207305,0.8170445416514767,0.9850574214384322,0.1266548899078175
pilot-meta-social-circle-ga,2016-05-11,1,30.713105187898016,0.665802167652356,0.9830175115011976,0.1557050808798416
pilot-meta-social-circle-ga,2016-05-11,2,28.899096156674094,0.7933533144407517,0.9846957497333974,0.1741448209312356
pilot-meta-social-circle-ga,2016-05-11,3,29.88955095947478,0.7643702381208619,0.9839889623928106,0.166644233490391
pilot-meta-social-circle-ga,2016-05-11,4,31.385479374959555,0.7024852045723574,0.9820141459540852,0.1726574453018891
pilot-meta-social-circle-ga,2016-05-27,4,27.661358300000018,0.5092754164793003,0.9763,0.17618576375
pilot-meta-social-circle-ga,2016-06-12,0,33.00072828104656,0.8389165928770907,0.9852724383439668,0.1263233014692607
pilot-meta-social-circle-ga,2016-06-12,1,35.41059351525327,0.7384692181355363,0.9837847397660292,0.1492961428919789
pilot-meta-social-circle-ga,2016-06-12,2,33.80017546926979,0.828072539954142,0.9849428539355,0.1472796411511957
pilot-meta-social-circle-ga,2016-06-12,3,35.7994303214613,0.7776230729545235,0.983969576593731,0.1495792794702797
pilot-meta-social-circle-ga,2016-06-12,4,37.6172071520398,0.7253727760800541,0.9827445085116197,0.1558445265121303
pilot-meta-social-circle-ga,2016-06-28,1,28.568138442302462,0.7957699024667266,0.9837293116531162,0.1309844893971544
pilot-meta-social-circle-ga,2016-06-28,2,29.848762506714557,0.8201927020242302,0.9847987750777146,0.1626856125869611
pilot-meta-social-circle-ga,2016-06-28,3,33.907182020234806,0.7288816370847342,0.9829788563134924,0.1795138237098574
pilot-meta-social-circle-ga,2016-06-28,4,36.99079587172812,0.6848988892911256,0.9825767515337273,0.1847088632569595
pilot-meta-social-circle-ga,2016-07-14,0,32.91356689192142,0.8414112411648499,0.9855088676553452,0.1201033872123134
pilot-meta-social-circle-ga,2016-07-14,1,35.03944468373841,0.7289135092218655,0.9836938774892008,0.1458636488793103
pilot-meta-social-circle-ga,2016-07-14,2,33.68003841980521,0.8313104145329315,0.9849947162159106,0.1389837589413257
pilot-meta-social-circle-ga,2016-07-14,3,35.6083725890916,0.7750299031053256,0.9839217568982652,0.142491019138241
pilot-meta-social-circle-ga,2016-07-14,4,37.60481381277691,0.7183488232067203,0.9826271612805288,0.1509724085591199
pilot-meta-social-circle-ga,2016-07-30,0,27.058226600295516,0.8539222633140409,0.9851124843652272,0.055674237586382
pilot-meta-social-circle-ga,2016-07-30,1,33.739374010516116,0.6721008083471035,0.983111363912065,0.1679639944576048
pilot-meta-social-circle-ga,2016-07-30,2,31.70087594704053,0.852231529328784,0.9855876326655084,0.1551747718232733
pilot-meta-social-circle-ga,2016-07-30,3,33.02221126825288,0.8058696058219431,0.984522494153823,0.1617437526486536
pilot-meta-social-circle-ga,2016-07-30,4,34.18391455865894,0.7726433294841212,0.9834323741308868,0.1732623565679906
pilot-meta-social-circle-ga,2016-08-15,0,31.96495809809877,0.860027947007492,0.9860930492703072,0.110280330871624
pilot-meta-social-circle-ga,2016-08-15,1,34.36122303027117,0.741321714659288,0.9842019180169288,0.1411335218598052
pilot-meta-social-circle-ga,2016-08-15,2,32.45774149561333,0.8492332591810577,0.9856271563794048,0.1306298892067443
pilot-meta-social-circle-ga,2016-08-15,3,34.06339268359412,0.8052234832868104,0.9847028490367667,0.1366972033157283
pilot-meta-social-circle-ga,2016-08-15,4,35.52251086416078,0.7644006774737089,0.983773485327746,0.1496134831816923
pilot-meta-social-circle-ga,2016-08-31,0,27.83815902316967,0.8537045762405279,0.9858915308143892,0.1105479893274743
pilot-meta-social-circle-ga,2016-08-31,1,29.763284716440875,0.7327676003040601,0.9838991281184076,0.1335833423417582
pilot-meta-social-circle-ga,2016-08-31,2,28.352575929388102,0.8429649314812008,0.98558959897134,0.1328920662115451
pilot-meta-social-circle-ga,2016-08-31,3,29.61604598010352,0.798047811833376,0.984629121642044,0.135812504661919
pilot-meta-social-circle-ga,2016-08-31,4,30.917610286570586,0.7652201441444976,0.9836066949071,0.1470177024125914
pilot-meta-social-circle-ga,2016-09-16,0,29.28752357654693,0.7389539175241219,0.9820706106608053,0.0942744408150158
pilot-meta-social-circle-ga,2016-09-16,1,31.353448416926895,0.665191444307237,0.982528450079394,0.1433219308495492
pilot-meta-social-circle-ga,2016-09-16,2,29.6539947804088,0.8132142348605176,0.9844759356950392,0.1264905553072387
pilot-meta-social-circle-ga,2016-09-16,3,30.880173784932342,0.7552741203518476,0.983356511449539,0.1382162847124865
pilot-meta-social-circle-ga,2016-09-16,4,33.237452345698586,0.6790063963285783,0.9823451861131698,0.1562384555388422
pilot-meta-social-circle-ga,2016-10-02,0,26.931687188924823,0.8109613157821874,0.9854335805027002,0.0998709567734855
pilot-meta-social-circle-ga,2016-10-02,1,28.473554992820027,0.7037603939855085,0.9837270281650036,0.1252643221990201
pilot-meta-social-circle-ga,2016-10-02,2,27.329105538337497,0.7963639084457572,0.9849173207317276,0.1146668353575663
pilot-meta-social-circle-ga,2016-10-02,3,28.735265383945805,0.7288519315308661,0.983651018298706,0.122540609246753
pilot-meta-social-circle-ga,2016-10-02,4,29.606126245806536,0.6585919276605445,0.9821166967645124,0.1364568864212253
pilot-meta-social-circle-ga,2016-10-18,0,27.739464806061832,0.7811170145159769,0.9847628378132792,0.0971174186816762
pilot-meta-social-circle-ga,2016-10-18,1,29.322303748788286,0.6729135084234087,0.9829925258840558,0.122216476352813
pilot-meta-social-circle-ga,2016-10-18,2,28.581405479681266,0.7640750872147932,0.984005645885224,0.1093869070736764
pilot-meta-social-circle-ga,2016-10-18,3,30.26126006147012,0.7023314245421167,0.9828403204053916,0.1176362074589103
pilot-meta-social-circle-ga,2016-10-18,4,32.120487007452176,0.6373914351709621,0.9815217868406768,0.1303351862616848
pilot-meta-social-circle-ga,2016-11-03,0,26.2169078653937,0.7413404007787998,0.9848931137887798,0.097717558562215
pilot-meta-social-circle-ga,2016-11-03,1,27.34413276519167,0.6351739784218965,0.9830929439062668,0.1222531573692088
pilot-meta-social-circle-ga,2016-11-03,2,27.01613979857344,0.706332282217954,0.9838889232034363,0.1087922293611114
pilot-meta-social-circle-ga,2016-11-03,3,28.144495028177108,0.6599195784387999,0.9828818916113676,0.1148915109106523
pilot-meta-social-circle-ga,2016-11-03,4,29.52082737576527,0.6001984090657666,0.981606414432372,0.1282882621525499
pilot-meta-social-circle-ga,2016-11-19,0,18.156315470743422,0.706829549566175,0.9841527288588424,0.0945513175701298
pilot-meta-social-circle-ga,2016-11-19,1,19.01870194959681,0.5929446609028408,0.9822016284691306,0.1198791097016063
pilot-meta-social-circle-ga,2016-11-19,2,18.85847835501577,0.6486770472535532,0.9826876057974068,0.1060336495414637
pilot-meta-social-circle-ga,2016-11-19,3,19.696948657891745,0.6128557917900969,0.9818230745265484,0.1150461610734792
pilot-meta-social-circle-ga,2016-11-19,4,20.627564045093468,0.5610536256490672,0.9806883819792478,0.1278466021080948
pilot-meta-social-circle-ga,2016-12-21,0,10.31539523277822,0.6457973796914889,0.982954629427694,0.0776023348741548
pilot-meta-social-circle-ga,2016-12-21,1,10.94333511433216,0.5434448712609433,0.9812059968266096,0.0993674881109913
pilot-meta-social-circle-ga,2016-12-21,2,10.851000131840616,0.5754224322700555,0.9812596614634532,0.0870508014921811
pilot-meta-social-circle-ga,2016-12-21,3,11.592496739104792,0.5446231289813726,0.9804872035081604,0.0946306220552476
pilot-meta-social-circle-ga,2016-12-21,4,12.198370637096728,0.5060847868316973,0.9796516648974116,0.1054629268535001
pilot-meta-social-circle-ga,2017-02-23,0,19.127307726989756,0.5460664595859991,0.9808099794661193,0.1016405438921971
pilot-meta-social-circle-ga,2017-02-23,1,21.097009953235563,0.5102133099518474,0.9811517550306794,0.1309941399422561
pilot-meta-social-circle-ga,2017-02-23,2,21.786400070206508,0.5582518740369918,0.9812936248441866,0.1073665088532132
pilot-meta-social-circle-ga,2017-02-23,3,22.03908091815802,0.5524273704219332,0.9802389124676664,0.1131694666119351
pilot-meta-social-circle-ga,2017-02-23,4,22.51968141314672,0.5558221183415132,0.9802694540849906,0.1415155436214629
pilot-meta-social-circle-ga,2017-03-11,0,11.926394458158796,0.4335861513851118,0.9808385924976804,0.129605629052794
pilot-meta-social-circle-ga,2017-03-11,1,12.860333661834318,0.4197544619339,0.9798728219290972,0.1351229852010708
pilot-meta-social-circle-ga,2017-03-11,2,13.923013835430886,0.457463135923343,0.9800138022988384,0.1405857646475539
pilot-meta-social-circle-ga,2017-03-11,3,14.713510757338147,0.4757235784925787,0.9797335320860752,0.1501130141233978
pilot-meta-social-circle-ga,2017-03-11,4,16.108822526321546,0.5358070856951143,0.9801955749011948,0.1545676203938995
pilot-meta-social-circle-ga,2017-04-28,0,24.400311133521505,0.7664279399043137,0.9848305494018608,0.1323567032431324
pilot-meta-social-circle-ga,2017-04-28,1,27.5201563237933,0.6995780541580958,0.9837667086910984,0.1705816084466003
pilot-meta-social-circle-ga,2017-04-28,2,26.07932662091118,0.8299439876580256,0.9854942196502752,0.1515857095942585
pilot-meta-social-circle-ga,2017-04-28,3,27.04939919208049,0.7888988072588118,0.984991482804798,0.1623272163076658
pilot-meta-social-circle-ga,2017-04-28,4,27.96528511367934,0.7464267387448602,0.9832062333272258,0.1648828969047833
pilot-meta-social-circle-ga,2017-05-14,0,26.029388317105138,0.8472533575401227,0.9862542541300942,0.1238776338080097
pilot-meta-social-circle-ga,2017-05-14,1,28.473586395540956,0.7432500189727991,0.9845296026365687,0.1497220531318306
pilot-meta-social-circle-ga,2017-05-14,2,27.284436195001977,0.8458443242305632,0.9859677985166856,0.1469951301515087
pilot-meta-social-circle-ga,2017-05-14,3,28.95370903580825,0.7944702537861552,0.9849438932560856,0.1477226465072552
pilot-meta-social-circle-ga,2017-05-14,4,30.59311581366942,0.7516518821320278,0.9838001649691794,0.1527528942710818
pilot-meta-social-circle-ga,2017-06-15,0,32.15423670007089,0.8515471888595183,0.9857681282240244,0.1411370025130911
pilot-meta-social-circle-ga,2017-06-15,1,35.70657420300385,0.6812321976816824,0.983155231538262,0.1805344854236317
pilot-meta-social-circle-ga,2017-06-15,2,32.753140868318866,0.8431484377193025,0.9853763249962466,0.1592150736941973
pilot-meta-social-circle-ga,2017-06-15,3,33.23821195282735,0.818816562797062,0.9849389153562186,0.1597307765382551
pilot-meta-social-circle-ga,2017-06-15,4,35.235264778932056,0.7731534923494426,0.983773525444445,0.1673393764629668
pilot-meta-social-circle-ga,2017-07-17,0,24.974540775608386,0.8880238872502818,0.9850546621406596,0.0580422836406067
pilot-meta-social-circle-ga,2017-07-17,1,30.765314146411765,0.6513168316497523,0.9812552993275976,0.1539342345638691
pilot-meta-social-circle-ga,2017-07-17,2,27.705206735731057,0.8486954382693587,0.9844643365417032,0.1540160666764118
pilot-meta-social-circle-ga,2017-07-17,3,26.87347121712877,0.8281530459370132,0.9841953460265392,0.149413204742031
pilot-meta-social-circle-ga,2017-07-17,4,28.465633387432476,0.797735001437175,0.9829414152999022,0.1417232036005009
pilot-meta-social-circle-ga,2017-08-18,0,30.437884198713537,0.8443737471418795,0.9854102782049372,0.1100779018984652
pilot-meta-social-circle-ga,2017-08-18,1,31.407399993987536,0.7840796673563891,0.9844794627972134,0.1315485884748753
pilot-meta-social-circle-ga,2017-08-18,2,30.898320236557677,0.8479885299355785,0.9852836762214272,0.1333270941890692
pilot-meta-social-circle-ga,2017-08-18,3,31.293554166096847,0.8180375690279089,0.9842753508049228,0.1392396985910009
pilot-meta-social-circle-ga,2017-08-18,4,32.1414731895652,0.7851753607465506,0.9832930751539634,0.1569520824471157
pilot-meta-social-circle-ga,2017-09-03,0,26.72369505318528,0.8357530431677908,0.9856369522745048,0.0988460800609177
pilot-meta-social-circle-ga,2017-09-03,1,28.320470481344877,0.7395227453473443,0.9841180331146282,0.1271941883337913
pilot-meta-social-circle-ga,2017-09-03,2,27.327759014316744,0.8396478440241011,0.9854317870206172,0.1177275863158828
pilot-meta-social-circle-ga,2017-09-03,3,28.44579111816809,0.8047591916375275,0.9847280682260636,0.1237083115501921
pilot-meta-social-circle-ga,2017-09-03,4,29.73637151112693,0.7605319799004991,0.983606607226352,0.1338659143921549
pilot-meta-social-circle-ga,2017-09-19,0,29.12691721180774,0.8182172528652012,0.9851048257092496,0.0983521603720262
pilot-meta-social-circle-ga,2017-09-19,1,30.63821405811956,0.7273010163610814,0.98370706775595,0.123828393244761
pilot-meta-social-circle-ga,2017-09-19,2,29.51734933669791,0.8168452985160768,0.9847869908236616,0.1165321057596467
pilot-meta-social-circle-ga,2017-09-19,3,30.50819936406213,0.7833764153848959,0.9840840493310956,0.1226173479533866
pilot-meta-social-circle-ga,2017-09-19,4,31.44722196776539,0.7473384846318939,0.9831598651047864,0.132360909298363
pilot-meta-social-circle-ga,2017-10-05,0,25.554391408478264,0.8027934069710465,0.9845665870343716,0.098973670194949
pilot-meta-social-circle-ga,2017-10-05,1,27.36929354966665,0.7122922954805493,0.9829932181962128,0.1228919155754966
pilot-meta-social-circle-ga,2017-10-05,2,26.443624052753805,0.8034516249030809,0.9840037312332026,0.1123730163433022
pilot-meta-social-circle-ga,2017-10-05,3,27.642258786609524,0.764618249308208,0.9831903940592008,0.1188583726603754
pilot-meta-social-circle-ga,2017-10-05,4,29.003963616109942,0.7177310841685544,0.9821485542643033,0.1312394885862658
pilot-meta-social-circle-ga,2017-10-21,0,18.25090333342544,0.7495530316036797,0.9846344792177822,0.1060109389323328
pilot-meta-social-circle-ga,2017-10-21,1,18.880540579539577,0.6632482599542233,0.9832042130883372,0.1294082359603604
pilot-meta-social-circle-ga,2017-10-21,2,17.72652924314079,0.7393446716015044,0.9840961085864218,0.1181842699202234
pilot-meta-social-circle-ga,2017-10-21,3,18.819410060937724,0.7107903497412298,0.9833744266205714,0.1225276598065656
pilot-meta-social-circle-ga,2017-10-21,4,19.943334133787697,0.6745165999962117,0.982389160190319,0.1296393119202402
pilot-meta-social-circle-ga,2017-11-06,0,19.394222564928217,0.7066799104178778,0.9832895650051128,0.1173687120880351
pilot-meta-social-circle-ga,2017-11-06,1,19.09941609489995,0.6540774012807976,0.9823236942553958,0.1357987960470909
pilot-meta-social-circle-ga,2017-11-06,2,18.477907049610952,0.6582046047291636,0.981914818285162,0.13524200143951
pilot-meta-social-circle-ga,2017-11-06,3,17.995645897585195,0.6374693663122025,0.9811112758202616,0.1326043973051563
pilot-meta-social-circle-ga,2017-11-06,4,20.855362617846772,0.6428770830992778,0.981020517860145,0.137607138974227
pilot-meta-social-circle-ga,2017-11-22,2,5.923632522827943,0.5140295599847713,0.9803493923340608,0.127929586199412
pilot-meta-social-circle-ga,2017-11-22,3,5.68722837751314,0.5334653587965152,0.9806340032329124,0.1387227168796636
pilot-meta-social-circle-ga,2017-11-22,4,4.774764451830106,0.5593388439786121,0.980614610577455,0.1543323445223255
pilot-meta-social-circle-ga,2018-01-09,3,10.657821764460092,0.6549950290203117,0.9793754240387051,0.1120139062541841
pilot-meta-social-circle-ga,2018-01-09,4,10.76403740225501,0.6297957289033134,0.9801920674531152,0.1219354962528088
pilot-meta-social-circle-ga,2018-01-25,0,11.216762617585198,0.6394585134659467,0.98324974328917,0.079340167006854
pilot-meta-social-circle-ga,2018-01-25,1,12.121986472010809,0.5291839678758086,0.981514427761155,0.1071804824692265
pilot-meta-social-circle-ga,2018-01-25,2,11.734456447147828,0.5704776417060601,0.9816784148496333,0.0943030534899795
pilot-meta-social-circle-ga,2018-01-25,3,12.351488511030432,0.5520273997095768,0.9810903525914207,0.1038304210401
pilot-meta-social-circle-ga,2018-01-25,4,12.937843110058648,0.5258128884075806,0.9804326987676014,0.1175162423425661
pilot-meta-social-circle-ga,2018-03-14,0,12.5157647251592,0.5511321946204653,0.9824834373807312,0.0960682728086549
pilot-meta-social-circle-ga,2018-03-14,1,13.761327926096952,0.4819241892077761,0.9811320294372448,0.1195934176411126
pilot-meta-social-circle-ga,2018-03-14,2,13.016738557535056,0.570627930243286,0.9818647864591452,0.107079463876309
pilot-meta-social-circle-ga,2018-03-14,3,13.434674811039214,0.5811935017032809,0.981725188067892,0.1170103138226282
pilot-meta-social-circle-ga,2018-03-14,4,13.970978696744773,0.5801643158563186,0.9813587247356412,0.1292959764639252
pilot-meta-social-circle-ga,2018-05-01,0,32.80437493420807,0.4767752561647679,0.9816965805208762,0.1638881762699915
pilot-meta-social-circle-ga,2018-05-01,1,28.902164451709087,0.6187642277475672,0.9823755349472624,0.1610376382382408
pilot-meta-social-circle-ga,2018-05-01,2,26.37677442690595,0.823579782690424,0.9845359011695574,0.1448771008028479
pilot-meta-social-circle-ga,2018-05-01,3,27.373887500011392,0.7877977881624583,0.9837550292390884,0.1484523072277503
pilot-meta-social-circle-ga,2018-05-01,4,28.70831302538165,0.7419222300271253,0.9826237182164164,0.157050076074189
pilot-meta-social-circle-ga,2018-06-02,1,25.008974780000017,0.6566371293166967,0.9803333333333334,0.1904498991666667
pilot-meta-social-circle-ga,2018-06-02,2,26.24310150591229,0.8313708459331357,0.9841040181491956,0.1672659656005033
pilot-meta-social-circle-ga,2018-06-02,3,28.524652878250336,0.7937078554060304,0.9832793786690006,0.165538955622247
pilot-meta-social-circle-ga,2018-06-02,4,28.644129427188258,0.7767863255891513,0.9828038433632774,0.1742488534668743
pilot-meta-social-circle-ga,2018-06-18,0,34.368994428085784,0.607213050955467,0.9827408465779124,0.1780420279697305
pilot-meta-social-circle-ga,2018-06-18,1,38.06860568061472,0.509534780818845,0.9809365482978958,0.2110295976041415
pilot-meta-social-circle-ga,2018-06-18,2,31.612834814518976,0.8405878292425272,0.9844719454543448,0.1638559371815774
pilot-meta-social-circle-ga,2018-06-18,3,32.99886990456654,0.8119793273290034,0.9841286535962028,0.1659603646680725
pilot-meta-social-circle-ga,2018-06-18,4,34.04560964931409,0.7743712466577478,0.9828601214630822,0.1779435709557244
pilot-meta-social-circle-ga,2018-07-04,0,30.810871935473006,0.8248395585159823,0.984091049312362,0.0957164912193222
pilot-meta-social-circle-ga,2018-07-04,1,34.53086333743742,0.7013258109378798,0.9831133010681602,0.1884219560526617
pilot-meta-social-circle-ga,2018-07-04,2,32.8870149553158,0.8569509986700931,0.985257720750534,0.164540895155789
pilot-meta-social-circle-ga,2018-07-04,3,33.04819978091324,0.8329463999506257,0.9848712872495106,0.1683351012517851
pilot-meta-social-circle-ga,2018-07-04,4,34.283473070259156,0.7778775191261736,0.982817060444511,0.1813197038116236
pilot-meta-social-circle-ga,2018-07-20,0,20.93650808424492,0.782396748740434,0.9849872894397536,0.15177412700235
pilot-meta-social-circle-ga,2018-07-20,1,20.817361533837403,0.7503439105381153,0.9847521112700398,0.1613229850972756
pilot-meta-social-circle-ga,2018-07-20,2,20.685535600799525,0.8175902969167516,0.9848661623361892,0.1715577996160659
pilot-meta-social-circle-ga,2018-07-20,3,20.129936514759915,0.8061754740787849,0.9837204276704132,0.1649566448931737
pilot-meta-social-circle-ga,2018-07-20,4,21.177377612326215,0.7742445664851367,0.983423869426426,0.1869308411100852
pilot-meta-social-circle-ga,2018-08-05,0,38.85644777098451,0.3697224327542906,0.9810941466649316,0.1713715310460858
pilot-meta-social-circle-ga,2018-08-05,1,35.03877778124257,0.6775123999396785,0.9838522197002304,0.1360896372403037
pilot-meta-social-circle-ga,2018-08-05,2,32.83497554505015,0.8645750678700708,0.985608391317916,0.1376277758166917
pilot-meta-social-circle-ga,2018-08-05,3,34.32667654205114,0.8286575946771819,0.9847795667638468,0.1495304845423679
pilot-meta-social-circle-ga,2018-08-05,4,35.1785388909844,0.7926474532277019,0.9835103633369142,0.1614295103428859
pilot-meta-social-circle-ga,2018-08-21,2,26.171641267368443,0.7897383247767644,0.981384210526316,0.1719723119298245
pilot-meta-social-circle-ga,2018-08-21,3,28.613672564321657,0.7594821367795376,0.9818891135894324,0.1687313416416092
pilot-meta-social-circle-ga,2018-08-21,4,28.162622751229794,0.7701070754823804,0.9827812470566756,0.1657274898378076
pilot-meta-social-circle-ga,2018-09-06,1,8.785586994285739,0.6794489202354013,0.9818857142857144,0.145832515
pilot-meta-social-circle-ga,2018-09-06,2,11.188222016549384,0.7279707338702837,0.981154152024262,0.1486213053855967
pilot-meta-social-circle-ga,2018-09-06,3,12.290741345386046,0.6998631050219748,0.9819725778546714,0.140838268103644
pilot-meta-social-circle-ga,2018-09-06,4,19.07738731584908,0.6392892660966496,0.9813556543385504,0.1709589704976071
pilot-meta-social-circle-ga,2018-09-22,0,34.60661174668435,0.4031076989800899,0.981026840756431,0.1923557030254728
pilot-meta-social-circle-ga,2018-09-22,1,31.87129059532353,0.627846796715432,0.9826145869857424,0.1519501159281167
pilot-meta-social-circle-ga,2018-09-22,2,29.141832034233506,0.8044176494784832,0.9845979535501164,0.1226257048932357
pilot-meta-social-circle-ga,2018-09-22,3,31.005605031805864,0.7526306956038685,0.9834129721703176,0.1252574697502563
pilot-meta-social-circle-ga,2018-09-22,4,32.69516998831935,0.6998894369436615,0.982419931813878,0.139753523438182
pilot-meta-social-circle-ga,2018-10-24,0,22.047700258472823,0.3853605599695566,0.9805456618141508,0.1539287149909923
pilot-meta-social-circle-ga,2018-10-24,1,20.853302768794595,0.6016558968489566,0.9817450609068716,0.1283525369301723
pilot-meta-social-circle-ga,2018-10-24,2,19.86600007226232,0.7930518437796625,0.9835767059414235,0.1033151776500675
pilot-meta-social-circle-ga,2018-10-24,3,20.93285479136502,0.7531673448065077,0.9827593193609868,0.1103366839348197
pilot-meta-social-circle-ga,2018-10-24,4,21.845657686233825,0.7148850607366279,0.981888480128856,0.1224498471354132
pilot-meta-social-circle-ga,2018-12-11,0,9.57701499790282,0.3029020842010778,0.97943060664188,0.1083896622970551
pilot-meta-social-circle-ga,2018-12-11,1,8.785091488885861,0.5142346930290201,0.980316418090714,0.0996449614050761
pilot-meta-social-circle-ga,2018-12-11,2,8.363591934116627,0.6423666736738808,0.9811655526679643,0.0843451547530663
pilot-meta-social-circle-ga,2018-12-11,3,8.879331218314888,0.6226201574721839,0.980605437786576,0.0935891314583914
pilot-meta-social-circle-ga,2018-12-11,4,9.305099263847662,0.5990659493872353,0.980074930241058,0.1068549291281325
pilot-meta-social-circle-ga,2019-01-28,0,13.365333823541468,0.2979770743057696,0.979865543953122,0.1228142744852435
pilot-meta-social-circle-ga,2019-01-28,1,12.954609780570571,0.4753354687302339,0.9807984339922567,0.1121407211978368
pilot-meta-social-circle-ga,2019-01-28,2,12.906791338435882,0.5780638218055405,0.9815619824848169,0.0952567517101358
pilot-meta-social-circle-ga,2019-01-28,3,13.466017118812175,0.5632725721498023,0.981082305438492,0.106384339703892
pilot-meta-social-circle-ga,2019-01-28,4,13.850899350231598,0.5450621793916502,0.9805536568237684,0.1199016715241494
pilot-meta-social-circle-ga,2019-02-13,0,8.82919536459396,0.2823505304554944,0.9797734046285708,0.1316094038182404
pilot-meta-social-circle-ga,2019-02-13,1,8.521592400839527,0.451883323897327,0.9806573973102454,0.1213235218200791
pilot-meta-social-circle-ga,2019-02-13,2,7.930307605264736,0.5363378997729484,0.9811203772189088,0.1070389390118946
pilot-meta-social-circle-ga,2019-02-13,3,7.795841267762839,0.5221617412834914,0.9805278831976628,0.1169807095108026
pilot-meta-social-circle-ga,2019-02-13,4,7.815691633326144,0.5118978104948094,0.9799710589123356,0.1257701909503745
pilot-meta-social-circle-ga,2019-03-17,0,15.233728523259382,0.3104716719931503,0.9797092814617968,0.1752431268839225
pilot-meta-social-circle-ga,2019-03-17,1,12.714004851767756,0.4536586570346488,0.980795098698656,0.1503079259955598
pilot-meta-social-circle-ga,2019-03-17,2,11.126301533841966,0.5560832517503459,0.9815367268985918,0.1286643542730478
pilot-meta-social-circle-ga,2019-03-17,3,12.161918267442294,0.563444872346809,0.9812377437126004,0.1329949404581214
pilot-meta-social-circle-ga,2019-03-17,4,13.04344658087386,0.556564096928261,0.980483422841128,0.1467891962922193
pilot-meta-social-circle-ga,2019-04-02,0,21.84399700078133,0.3041745710517717,0.9802431614961046,0.1823315743323814
pilot-meta-social-circle-ga,2019-04-02,1,20.710178365932578,0.4831385627210025,0.9813087603967966,0.1411195550262504
pilot-meta-social-circle-ga,2019-04-02,2,19.409183851733136,0.6066418969861226,0.9824914651807058,0.11869791698487
pilot-meta-social-circle-ga,2019-04-02,3,20.237110911617435,0.6181893966819597,0.9823789008626757,0.1290113229914816
pilot-meta-social-circle-ga,2019-04-02,4,20.869055063061456,0.6224038094331661,0.9820405621892672,0.1410608749853768
pilot-meta-social-circle-ga,2019-04-18,3,14.989942828430127,0.777242152068273,0.9847117208655845,0.1347261931983152
pilot-meta-social-circle-ga,2019-04-18,4,14.405388220901166,0.7768691902785031,0.9834941851878316,0.1896075320811
pilot-meta-social-circle-ga,2019-05-20,0,34.9405237493611,0.3267067407558237,0.9791644702404776,0.2051716543111279
pilot-meta-social-circle-ga,2019-05-20,1,34.99968129536111,0.4537522281095451,0.981269032967562,0.2069193541957321
pilot-meta-social-circle-ga,2019-05-20,2,30.284302652199845,0.8429437240893509,0.9858862417685956,0.167391918975233
pilot-meta-social-circle-ga,2019-05-20,3,32.00842358679409,0.8000817798309261,0.9849975661470236,0.1615561952335588
pilot-meta-social-circle-ga,2019-05-20,4,33.03535493705338,0.759102274394711,0.983688370553422,0.1681359980575103
pilot-meta-social-circle-ga,2019-06-21,0,35.84149675636721,0.4201572440755975,0.9812561106264668,0.1912033106411865
pilot-meta-social-circle-ga,2019-06-21,1,35.04232498520457,0.6406228440528423,0.9827656988543784,0.1662639156910693
pilot-meta-social-circle-ga,2019-06-21,2,31.68571425579421,0.8486929579108397,0.9850150831872452,0.1451212861591866
pilot-meta-social-circle-ga,2019-06-21,3,32.95181182534987,0.7974758579495859,0.9839442989192356,0.1497898908235021
pilot-meta-social-circle-ga,2019-06-21,4,33.93275394074124,0.760865047444259,0.9829658846656716,0.1581415112118578
pilot-meta-social-circle-ga,2019-08-08,0,38.990542628957584,0.4338955534744361,0.9814222961307112,0.1923050265512493
pilot-meta-social-circle-ga,2019-08-08,1,36.73624180007162,0.6496388970241713,0.9829364385113574,0.1551733512685041
pilot-meta-social-circle-ga,2019-08-08,2,33.304891237407524,0.8468259957945292,0.9851014779738806,0.1303499564430915
pilot-meta-social-circle-ga,2019-08-08,3,34.620224793948076,0.8217733833766634,0.9845348430758524,0.1354956628794343
pilot-meta-social-circle-ga,2019-08-08,4,36.14099247490823,0.7809244562168103,0.983481547556954,0.1448223530269298
pilot-meta-social-circle-ga,2019-08-24,0,34.528483570812654,0.2534304290162339,0.9796343314992776,0.2622084311011309
pilot-meta-social-circle-ga,2019-08-24,1,30.752139899726153,0.6734997336624634,0.983384276805553,0.156384221313007
pilot-meta-social-circle-ga,2019-08-24,2,31.26984420447305,0.8054639039066753,0.9843317892838134,0.1406439947107198
pilot-meta-social-circle-ga,2019-08-24,3,33.07300088212049,0.7575490018955746,0.9832992009992731,0.1510833320317598
pilot-meta-social-circle-ga,2019-08-24,4,34.96046934204445,0.7207486840799715,0.9827076245949408,0.1561801522160768
pilot-meta-social-circle-ga,2019-09-09,0,40.20266746802827,0.4186814935477521,0.9814231153335864,0.1929368051284352
pilot-meta-social-circle-ga,2019-09-09,1,38.11468042464218,0.6120741588810303,0.9826065936945284,0.1477928231659919
pilot-meta-social-circle-ga,2019-09-09,2,35.32194680055202,0.7984791640109675,0.9846514520202698,0.1233029011200716
pilot-meta-social-circle-ga,2019-09-09,3,37.035145154536345,0.7539039105373001,0.983793724108513,0.1288095914877833
pilot-meta-social-circle-ga,2019-09-09,4,39.06525348640402,0.690219320778966,0.9824650788291628,0.1398096925865349
pilot-meta-social-circle-ga,2019-09-25,0,35.979291655004396,0.4098386690235371,0.9809545958053928,0.1867237364494164
pilot-meta-social-circle-ga,2019-09-25,1,33.98471371402547,0.6051940564666014,0.9819984680091842,0.144005196778654
pilot-meta-social-circle-ga,2019-09-25,2,31.535966523840564,0.8025723285857117,0.9839260019210588,0.1175863147334113
pilot-meta-social-circle-ga,2019-09-25,3,33.321583418146936,0.7524874296277616,0.9829689539937538,0.1240096763991378
pilot-meta-social-circle-ga,2019-09-25,4,34.98397382703314,0.693766256684899,0.9817634582569794,0.1336046516609856
pilot-meta-social-circle-ga,2019-10-11,0,30.128261024097476,0.350672961514062,0.980819301649374,0.200615975606408
pilot-meta-social-circle-ga,2019-10-11,1,28.02341133897002,0.5652181076498695,0.982169557350512,0.1499334267781338
pilot-meta-social-circle-ga,2019-10-11,2,25.35045941550554,0.7742044278216486,0.9846741054199168,0.1219940379876567
pilot-meta-social-circle-ga,2019-10-11,3,27.050558256449197,0.7133119749442001,0.983640407293488,0.1357627148708237
pilot-meta-social-circle-ga,2019-10-11,4,28.116412732918608,0.6654115772121574,0.9825133930096188,0.1429649706013838
pilot-meta-social-circle-ga,2019-10-27,0,23.984601242813937,0.3999493067777172,0.9809960561946848,0.1433867991414046
pilot-meta-social-circle-ga,2019-10-27,1,23.409929265890742,0.5801526241455299,0.9819818526865488,0.1292767132786117
pilot-meta-social-circle-ga,2019-10-27,2,21.755734645222123,0.7708352460120044,0.9839698350516466,0.1061735113019984
pilot-meta-social-circle-ga,2019-10-27,3,22.641627811854843,0.742369861290776,0.9832968080324412,0.1118167620820968
pilot-meta-social-circle-ga,2019-10-27,4,23.397698498050108,0.699721039630484,0.9822667047551832,0.1211184846966
pilot-meta-social-circle-ga,2019-11-28,0,15.816573158119288,0.3208701561639716,0.9798063641568068,0.1334405466848408
pilot-meta-social-circle-ga,2019-11-28,1,16.157085325338073,0.4847230679691218,0.9804268280984112,0.1226874933102368
pilot-meta-social-circle-ga,2019-11-28,2,15.69111367394638,0.6158043332781121,0.9813732721350616,0.0975178959809537
pilot-meta-social-circle-ga,2019-11-28,3,16.186161517987898,0.6049400888320512,0.9808932299250136,0.1060596190895257
pilot-meta-social-circle-ga,2019-11-28,4,16.409467811440802,0.5869211713369961,0.9802759343585375,0.1168668427142109
pilot-meta-social-circle-ga,2019-12-30,0,15.866631018596602,0.3072319897551007,0.9794600376206318,0.1163162395292422
pilot-meta-social-circle-ga,2019-12-30,1,15.609561554578429,0.4800990397530787,0.9801023308941298,0.1121971340310579
pilot-meta-social-circle-ga,2019-12-30,2,15.16143930423703,0.6102849317978849,0.9808752051963272,0.0880721060292452
pilot-meta-social-circle-ga,2019-12-30,3,15.588078874741568,0.6053755532045024,0.9804739773061518,0.0967621766858908
pilot-meta-social-circle-ga,2019-12-30,4,15.7983927903525,0.5968095054585092,0.9800809087053292,0.1094250059950763
pilot-meta-social-circle-ga,2020-03-19,2,23.71907804731502,0.5288291551817036,0.9808658116965552,0.1359339950882749
pilot-meta-social-circle-ga,2020-03-19,3,23.80658374901841,0.5757197633347582,0.9803067628126824,0.1267091971682234
pilot-meta-social-circle-ga,2020-03-19,4,23.99041359998172,0.6105171009816065,0.9805440053336004,0.1395502530313084
pilot-meta-social-circle-ga,2020-04-20,2,18.380611604129744,0.829037052907754,0.9838198249871312,0.1248733675615854
pilot-meta-social-circle-ga,2020-04-20,3,17.94677239905126,0.8659772986706039,0.9850132916714762,0.1359298958289362
pilot-meta-social-circle-ga,2020-04-20,4,18.84046390238898,0.7957248129313381,0.984160338995101,0.1800704953560028
pilot-meta-social-circle-ga,2020-05-06,0,28.57094657580578,0.4129966883893438,0.9813317365980146,0.2034676163350404
pilot-meta-social-circle-ga,2020-05-06,1,27.355801008887457,0.6190593186724248,0.9827602107983008,0.1760797449505718
pilot-meta-social-circle-ga,2020-05-06,2,24.376464632278203,0.8288144084884422,0.9850767976043344,0.1497207866744709
pilot-meta-social-circle-ga,2020-05-06,3,25.81901740270212,0.7811267379393595,0.9840934111095272,0.1564948258368788
pilot-meta-social-circle-ga,2020-05-06,4,26.751585390234993,0.7544715689656838,0.9832358124313696,0.1608872712263251
pilot-meta-social-circle-ga,2020-05-22,0,15.499388948397463,0.4744292819440362,0.9819650566869788,0.1641853979362391
pilot-meta-social-circle-ga,2020-05-22,1,14.019786048754252,0.6911718835012314,0.98340645497771,0.1534993886049095
pilot-meta-social-circle-ga,2020-05-22,2,12.665241344555248,0.7685227740917951,0.9841768888141884,0.162852935390882
pilot-meta-social-circle-ga,2020-05-22,3,13.057414931722397,0.7527927959575956,0.98361269971851,0.1612833871298655
pilot-meta-social-circle-ga,2020-05-22,4,13.427896285231004,0.7296033997878495,0.9829957338654648,0.1598148429014973
pilot-meta-social-circle-ga,2020-06-23,1,24.573739758192144,0.596513296789843,0.9806910556804432,0.1961521603415182
pilot-meta-social-circle-ga,2020-06-23,2,23.94852958339833,0.8390866406402552,0.984308747963186,0.1270073048041458
pilot-meta-social-circle-ga,2020-06-23,3,25.94153109635555,0.7917585274961124,0.9842894405312296,0.1628063878401779
pilot-meta-social-circle-ga,2020-06-23,4,26.811808446372545,0.7512112574586508,0.9829269914151744,0.1860917619116638
pilot-meta-social-circle-ga,2020-07-09,0,34.10363132920274,0.54655356446048,0.981736110219502,0.172878303681123
pilot-meta-social-circle-ga,2020-07-09,1,34.61192488183478,0.5606404892666526,0.9815719921289864,0.2051168330787288
pilot-meta-social-circle-ga,2020-07-09,2,30.54465273325822,0.8086657846613184,0.9838971741934158,0.1600354023385236
pilot-meta-social-circle-ga,2020-07-09,3,31.557576097297652,0.7922011975767483,0.9833471175086366,0.1650703366738825
pilot-meta-social-circle-ga,2020-07-09,4,32.16040838907604,0.7621095738013794,0.9827517327947984,0.1700668828577562
pilot-meta-social-circle-ga,2020-07-25,0,40.96676483024003,0.4243990304797434,0.9817517985808628,0.1944995741796801
pilot-meta-social-circle-ga,2020-07-25,1,39.97808981718844,0.5613371242310903,0.9824795354146056,0.1807214691125748
pilot-meta-social-circle-ga,2020-07-25,2,34.495522378097355,0.8236036920238305,0.9856039392912206,0.13941371452756
pilot-meta-social-circle-ga,2020-07-25,3,34.82863356072418,0.8152798827983937,0.985264745829634,0.1441883020317684
pilot-meta-social-circle-ga,2020-07-25,4,36.13581928509247,0.780135125794115,0.9842161330885923,0.1481759551472804
pilot-meta-social-circle-ga,2020-08-10,0,26.360801690000017,0.2962741639821051,0.9824,0.1452836975
pilot-meta-social-circle-ga,2020-08-10,2,21.924279560987426,0.8356483993628105,0.9822337366892546,0.1122882718441432
pilot-meta-social-circle-ga,2020-08-10,3,30.838422586211102,0.8046041284936464,0.9844618637060228,0.147955779774426
pilot-meta-social-circle-ga,2020-08-10,4,31.64303722532472,0.7957328947911978,0.9837959692397408,0.1580915045221366
pilot-meta-social-circle-ga,2020-09-11,0,34.20951650040702,0.2198299421543793,0.9806273960612696,0.336155434631291
pilot-meta-social-circle-ga,2020-09-11,1,32.18795095022957,0.691845216698324,0.9823338962761662,0.1173582276732977
pilot-meta-social-circle-ga,2020-09-11,2,30.648895740735085,0.8205835607009803,0.983999985929918,0.135044918228
pilot-meta-social-circle-ga,2020-09-11,3,33.155628807195306,0.7792607831994229,0.9835886803765408,0.1446103926431431
pilot-meta-social-circle-ga,2020-09-11,4,36.16771003952284,0.6854049865841616,0.9819480312210084,0.1736535816225853
pilot-meta-social-circle-ga,2020-09-27,1,25.18823734774852,0.555693831437967,0.9789980819737368,0.0999092508420215
pilot-meta-social-circle-ga,2020-09-27,2,23.0703407781087,0.8095433166432389,0.9827805725440848,0.0751916291397894
pilot-meta-social-circle-ga,2020-09-27,3,23.22164502481936,0.7732171882494132,0.9817883014984627,0.0820183445947631
pilot-meta-social-circle-ga,2020-09-27,4,24.986688079973685,0.6662557822697153,0.9783143501789578,0.1166143787561177
pilot-meta-social-circle-ga,2020-10-13,0,29.247575901993127,0.4023891286227367,0.9810769837159016,0.1359602936955795
pilot-meta-social-circle-ga,2020-10-13,1,28.950780968122658,0.5876120469951466,0.982236577700636,0.1299355758907204
pilot-meta-social-circle-ga,2020-10-13,2,26.80341252858045,0.7723699725783052,0.984186336853254,0.1032836394687158
pilot-meta-social-circle-ga,2020-10-13,3,27.591863549030823,0.7492233590437765,0.9835682126944808,0.1083155834176999
pilot-meta-social-circle-ga,2020-10-13,4,28.130295833604585,0.7260775416312116,0.9828636896853143,0.1189370417492222
pilot-meta-social-circle-ga,2020-10-29,2,12.514949657886705,0.8923765882744957,0.9807543644716692,0.061336464643951
pilot-meta-social-circle-ga,2020-10-29,3,19.82433368633571,0.6486178394392054,0.9798402429878504,0.0849413164166791
pilot-meta-social-circle-ga,2020-11-14,0,20.37016719924073,0.3458897528155936,0.9804723722576286,0.1272411769682653
pilot-meta-social-circle-ga,2020-11-14,1,20.482506229068232,0.5191123178535066,0.9814951107353532,0.1226697082606398
pilot-meta-social-circle-ga,2020-11-14,2,19.25941234764165,0.6815748706129534,0.983085875440447,0.0929543952360627
pilot-meta-social-circle-ga,2020-11-14,3,19.67824613790478,0.6894935912352841,0.9829636618483616,0.1006080286432836
pilot-meta-social-circle-ga,2020-11-14,4,19.992045219684737,0.6858562126683706,0.9825822460430792,0.1130322822917952
pilot-meta-social-circle-ga,2021-01-17,0,8.602567067823745,0.2777643411715377,0.9797348599676504,0.1436816437425029
pilot-meta-social-circle-ga,2021-01-17,1,8.821782751698825,0.4207616872480527,0.9802697323143272,0.1357028582373778
pilot-meta-social-circle-ga,2021-01-17,2,8.314318112827273,0.549499226432217,0.9812604411697377,0.1016275170087186
pilot-meta-social-circle-ga,2021-01-17,3,8.55131159751091,0.5579058849465033,0.9810349995105736,0.1098770072317476
pilot-meta-social-circle-ga,2021-01-17,4,8.46471739632849,0.54683700896338,0.9799800698813852,0.1082021287377936
pilot-meta-social-circle-ga,2021-02-02,0,8.513496145434067,0.2708499628964229,0.9795483723620328,0.1340756684563171
pilot-meta-social-circle-ga,2021-02-02,1,8.759304988317476,0.410761531403898,0.9800090538158148,0.1269576572554078
pilot-meta-social-circle-ga,2021-02-02,2,8.143726474161518,0.538083097809928,0.9809654963119596,0.0960826758427196
pilot-meta-social-circle-ga,2021-02-02,3,8.45348854983036,0.5481540831720727,0.9807751425038428,0.1054635709852677
pilot-meta-social-circle-ga,2021-02-02,4,8.639901097308543,0.5406340219693941,0.9803041806835712,0.1181784760861504
pilot-meta-social-circle-ga,2021-03-22,0,23.34390580252766,0.2717365985849971,0.9797599228624376,0.1723373879582507
pilot-meta-social-circle-ga,2021-03-22,1,24.11710080607522,0.4032930198194995,0.9802216049326612,0.1459898829200251
pilot-meta-social-circle-ga,2021-03-22,2,22.77884978652868,0.5300060709353795,0.9813613748182244,0.1155022800710714
pilot-meta-social-circle-ga,2021-03-22,3,22.60160861605523,0.5734342931227887,0.9816641454135252,0.1223838076321469
pilot-meta-social-circle-ga,2021-03-22,4,22.694353158308346,0.5865902297574869,0.9814180177534044,0.1327215679657284
pilot-meta-social-circle-ga,2021-04-07,0,26.585069805431296,0.3338464059055768,0.9803926512531088,0.1764506265308411
pilot-meta-social-circle-ga,2021-04-07,1,26.694988391954848,0.4698447118059528,0.9808711040676168,0.150836776692458
pilot-meta-social-circle-ga,2021-04-07,2,24.29484288861792,0.6150169593893905,0.9821029669360378,0.1290160893129162
pilot-meta-social-circle-ga,2021-04-07,3,23.067259654793496,0.6495930496060401,0.9823717528279596,0.136648160843845
pilot-meta-social-circle-ga,2021-04-07,4,22.59556160904002,0.6634350325759348,0.9821118753329888,0.1485429049294596
pilot-meta-social-circle-ga,2021-04-23,4,18.29525703776792,0.6251560121143742,0.9719154735437971,0.211616331443234
pilot-meta-social-circle-ga,2021-05-09,0,31.080563436482304,0.4644812495211909,0.9820403948707308,0.1967715163370305
pilot-meta-social-circle-ga,2021-05-09,1,30.80718557161394,0.6089661963032525,0.9830030317212234,0.1696863567159016
pilot-meta-social-circle-ga,2021-05-09,2,27.42099635168151,0.8097438401896943,0.9854577295380073,0.1513461819631503
pilot-meta-social-circle-ga,2021-05-09,3,27.928567858192583,0.7938576479935224,0.9849473766312566,0.1509077450819114
pilot-meta-social-circle-ga,2021-05-09,4,28.692762631955883,0.7616858562914838,0.9839057212525992,0.1552016339691518
pilot-meta-social-circle-ga,2021-05-25,1,31.29092646496871,0.7549267776137923,0.9847816986518048,0.1423829574642098
pilot-meta-social-circle-ga,2021-05-25,2,31.453220986163338,0.7938737937016414,0.9851219125526106,0.1448153897476568
pilot-meta-social-circle-ga,2021-05-25,3,31.412583284690008,0.7499088770455083,0.9838903057850602,0.1521296402397841
pilot-meta-social-circle-ga,2021-05-25,4,32.670354071534405,0.7088028587939508,0.9825403470431796,0.1584088156738921
pilot-meta-social-circle-ga,2021-06-10,1,33.6527488713535,0.3480587142001869,0.9773009988120928,0.2727596850016364
pilot-meta-social-circle-ga,2021-06-10,2,26.073682514091185,0.7723822471825933,0.9844528248234716,0.184181624816773
pilot-meta-social-circle-ga,2021-06-10,3,26.957140971578504,0.7795665225532471,0.9843011508592954,0.1786202605886435
pilot-meta-social-circle-ga,2021-06-10,4,28.062056867667724,0.7453626482401524,0.9835523653903708,0.1805154872459766
pilot-meta-social-circle-ga,2021-06-26,0,30.875217390670123,0.4943055908969218,0.9810397823431176,0.2065973876755434
pilot-meta-social-circle-ga,2021-06-26,1,31.725845352230717,0.5393648179210799,0.9811760280717332,0.2051156281438885
pilot-meta-social-circle-ga,2021-06-26,2,26.67895764943485,0.8146602327700035,0.9845571529787612,0.1742757596002953
pilot-meta-social-circle-ga,2021-06-26,3,28.810312039400777,0.7759604263038241,0.9837983849993306,0.1776247311702181
pilot-meta-social-circle-ga,2021-06-26,4,29.32849608093862,0.7506344971734115,0.9827458801236872,0.1828786772726957
pilot-meta-social-circle-ga,2021-07-12,3,9.975687186031433,0.7799475301646589,0.9833008695796616,0.2194338824504579
pilot-meta-social-circle-ga,2021-07-12,4,15.363231743565407,0.7530883334666251,0.9825342874687628,0.1999139610118508
pilot-meta-social-circle-ga,2021-07-28,0,33.79957349647455,0.5274476085769578,0.9821554434913038,0.1700518938743027
pilot-meta-social-circle-ga,2021-07-28,1,32.309113799382736,0.6431932804252922,0.9829676691024704,0.1689421409451721
pilot-meta-social-circle-ga,2021-07-28,2,29.9235628567768,0.804967355577516,0.9849938402856552,0.1477413201029008
pilot-meta-social-circle-ga,2021-07-28,3,29.333934327040257,0.7957015540525264,0.9844895728907782,0.1473144181010307
pilot-meta-social-circle-ga,2021-07-28,4,29.553343111614716,0.7841645548095335,0.983968210739,0.1569645440312299
pilot-meta-social-circle-ga,2021-08-13,0,42.17350219190091,0.4261035976850888,0.981556583610492,0.1850679114699424
pilot-meta-social-circle-ga,2021-08-13,1,39.16670888115889,0.6284615922660063,0.9830184653738276,0.1562467080872303
pilot-meta-social-circle-ga,2021-08-13,2,34.616433654581144,0.8223345346943095,0.9852410573247276,0.1319035798930072
pilot-meta-social-circle-ga,2021-08-13,3,35.52785495774523,0.8031960663053097,0.9847402193323208,0.1358385794248999
pilot-meta-social-circle-ga,2021-08-13,4,36.35423011523672,0.7800802399984612,0.9838941059533686,0.1432005950911466
pilot-meta-social-circle-ga,2021-08-29,0,33.44446830583133,0.4000827146469271,0.9812319468775385,0.2100452518492304
pilot-meta-social-circle-ga,2021-08-29,1,35.36840443199358,0.5393802532972635,0.9809533245667778,0.1941743415474214
pilot-meta-social-circle-ga,2021-08-29,2,28.451483823188532,0.7254678082947217,0.9833730000167018,0.1744102011517863
pilot-meta-social-circle-ga,2021-08-29,3,30.232981276247592,0.7768415930177991,0.9842052537354168,0.1578922182739419
pilot-meta-social-circle-ga,2021-08-29,4,30.50643839928435,0.7467585508819679,0.983253178418396,0.1656770453924504
pilot-meta-social-circle-ga,2021-09-14,0,30.515379577534684,0.2732363517695436,0.9798302566761729,0.2429014513123864
pilot-meta-social-circle-ga,2021-09-14,1,25.519710543547852,0.7255184310316378,0.9836525454923738,0.1477280781644677
pilot-meta-social-circle-ga,2021-09-14,2,25.26878249591684,0.8064291878968644,0.9845523015592712,0.135986496957379
pilot-meta-social-circle-ga,2021-09-14,3,26.496026329704403,0.7758440361332969,0.9837662190749328,0.1446871120956901
pilot-meta-social-circle-ga,2021-09-14,4,27.958540325761017,0.7482937268773062,0.9826612925404552,0.1476180452218876
pilot-meta-social-circle-ga,2021-10-16,0,22.27112409834263,0.5000788031741433,0.9813083275301764,0.1674264474545903
pilot-meta-social-circle-ga,2021-10-16,1,23.621666190845612,0.4847713582564797,0.9802279257048224,0.1709873908833966
pilot-meta-social-circle-ga,2021-10-16,2,21.51349781702762,0.6857492553789706,0.9818547107279684,0.1288345453465433
pilot-meta-social-circle-ga,2021-10-16,3,21.76837753552507,0.7106895184263241,0.982137449564206,0.1345446754961608
pilot-meta-social-circle-ga,2021-10-16,4,22.337924768002612,0.7264168228405068,0.9823351281587928,0.145235067306709
pilot-meta-social-circle-ga,2021-11-01,0,21.089491060736982,0.3917263877677504,0.9805329462342096,0.1500337405590624
pilot-meta-social-circle-ga,2021-11-01,1,20.38362091073684,0.5914144161952718,0.9815468407517124,0.1242413683040831
pilot-meta-social-circle-ga,2021-11-01,2,18.735205728742756,0.7471582641825484,0.982851453353208,0.0974633666894468
pilot-meta-social-circle-ga,2021-11-01,3,19.257710820091955,0.7419498672096996,0.9824883933482348,0.1033033896490157
pilot-meta-social-circle-ga,2021-11-01,4,19.79313816844187,0.7279973493296735,0.9819238343899758,0.1141438268227747
pilot-meta-social-circle-ga,2021-11-17,0,21.120386520610456,0.3510612473565473,0.9806129171304636,0.1527849781996571
pilot-meta-social-circle-ga,2021-11-17,1,20.989430602216174,0.5183325433592039,0.9815641747393408,0.1248630208056884
pilot-meta-social-circle-ga,2021-11-17,2,19.961555443147024,0.6453297755694475,0.9827028951053914,0.0990492726408763
pilot-meta-social-circle-ga,2021-11-17,3,20.31694948137836,0.649926459314331,0.982499245580743,0.1056079463427509
pilot-meta-social-circle-ga,2021-11-17,4,20.60181502319007,0.6489237358376073,0.9821340246029364,0.1174879755551071
pilot-meta-social-circle-ga,2021-12-03,0,21.211326642072773,0.314891808315472,0.979811482982763,0.1520304343626409
pilot-meta-social-circle-ga,2021-12-03,1,21.17782516454076,0.4686944604756391,0.9803939530664036,0.1283424308567108
pilot-meta-social-circle-ga,2021-12-03,2,20.25276325927578,0.5840850467457049,0.981135679797189,0.1024013449994188
pilot-meta-social-circle-ga,2021-12-03,3,20.70387983641154,0.5881969808005177,0.9808241317323648,0.1091512758104242
pilot-meta-social-circle-ga,2021-12-03,4,20.909434889929464,0.5850426018632203,0.980446187285646,0.1213243605421797
pilot-meta-social-circle-ga,2022-01-04,0,8.861963863861558,0.3641726923884957,0.979582563154652,0.1249652463029712
pilot-meta-social-circle-ga,2022-01-04,1,8.56077511042617,0.4596506664861792,0.9798592913277164,0.1101958774580677
pilot-meta-social-circle-ga,2022-01-04,2,7.6621281019297,0.5654421452098596,0.9803376929622296,0.0866811051758545
pilot-meta-social-circle-ga,2022-01-04,3,8.073111338316867,0.577658208680457,0.9800670976272704,0.0947646999057904
pilot-meta-social-circle-ga,2022-01-04,4,8.519671650146103,0.589107989763783,0.9799669563341128,0.1055388083814326
pilot-meta-social-circle-ga,2022-02-05,0,8.504346310543832,0.2853321818825526,0.9798324226586068,0.1478163041874433
pilot-meta-social-circle-ga,2022-02-05,1,8.270846747385564,0.4345393404021484,0.9803476451415511,0.1180484303125738
pilot-meta-social-circle-ga,2022-02-05,2,7.133101727853754,0.5443848475626523,0.9811006604067576,0.09115820197312
pilot-meta-social-circle-ga,2022-02-05,3,7.579552423968932,0.554213577180553,0.9809316973104528,0.100152094998386
pilot-meta-social-circle-ga,2022-02-05,4,7.912170816961059,0.5583873487756442,0.9807064914973896,0.1126153747452663
pilot-meta-social-circle-ga,2022-04-10,0,25.61364642171477,0.3373090062060617,0.9806241935190744,0.1878716292235293
pilot-meta-social-circle-ga,2022-04-10,1,24.793998047339752,0.5038648784466947,0.981712112344982,0.1476118305722134
pilot-meta-social-circle-ga,2022-04-10,2,22.392005736314324,0.6350473436416173,0.9830499321928172,0.1238865896157239
pilot-meta-social-circle-ga,2022-04-10,3,22.479356888657698,0.6635272258063226,0.983203730861843,0.1310479778546042
pilot-meta-social-circle-ga,2022-04-10,4,22.86522688389881,0.6738035152730564,0.9829079190057848,0.1381794858358509
pilot-meta-social-circle-ga,2022-05-12,0,35.72939522955074,0.41791625921025,0.9811542509496032,0.2101835418989445
pilot-meta-social-circle-ga,2022-05-12,1,33.08259564148147,0.6226319580405308,0.9824692828906804,0.1673762231579879
pilot-meta-social-circle-ga,2022-05-12,2,28.96439933634857,0.804845573014354,0.9843635564059016,0.1538938728327348
pilot-meta-social-circle-ga,2022-05-12,3,30.329172067160293,0.7757691683381349,0.9836699227988428,0.1538536455222973
pilot-meta-social-circle-ga,2022-05-12,4,31.548147405366677,0.7485061912211479,0.982742366244798,0.155268496353665
pilot-meta-social-circle-ga,2022-05-28,0,34.19033436723029,0.4224054596410435,0.9813580084691874,0.2075987916938599
pilot-meta-social-circle-ga,2022-05-28,1,32.10858388428476,0.6268563327159643,0.9827577665800334,0.1645911214795219
pilot-meta-social-circle-ga,2022-05-28,2,28.340053877611943,0.8074207550153333,0.9847594811700932,0.1510460553322261
pilot-meta-social-circle-ga,2022-05-28,3,29.43116674405328,0.7716713788525473,0.9839447371272751,0.1490685654536857
pilot-meta-social-circle-ga,2022-05-28,4,30.72537554859423,0.7386029554151049,0.9829118699123996,0.1514034334473756
pilot-meta-social-circle-ga,2022-06-13,0,37.74530753784263,0.3560265293035478,0.9812857691638456,0.2587243903725355
pilot-meta-social-circle-ga,2022-06-13,1,35.018884731682526,0.6666240380673982,0.9835284737115212,0.1772024005643032
pilot-meta-social-circle-ga,2022-06-13,2,34.89360218605995,0.8024036679667791,0.9850944582097536,0.1626904576408561
pilot-meta-social-circle-ga,2022-06-13,3,35.87389854532038,0.7634052475370456,0.9842060171860548,0.162039482831734
pilot-meta-social-circle-ga,2022-06-13,4,36.70345449641172,0.7277940422073935,0.982944199450137,0.1640887626600578
pilot-meta-social-circle-ga,2022-07-15,0,34.66229699790848,0.4380113375991138,0.9815045094188674,0.2337039162675078
pilot-meta-social-circle-ga,2022-07-15,1,32.71263748935388,0.6440083986711098,0.9826453611923002,0.1746527026976518
pilot-meta-social-circle-ga,2022-07-15,2,29.664013477086343,0.8084900471128468,0.9843546358567636,0.1523120947320826
pilot-meta-social-circle-ga,2022-07-15,3,30.77716657784177,0.8080355209836011,0.9842835001652378,0.1505553606996478
pilot-meta-social-circle-ga,2022-07-15,4,31.581013278083837,0.787991778989463,0.9835310572410868,0.1563134976038283
pilot-meta-social-circle-ga,2022-07-31,0,34.75098003595742,0.417206964630176,0.9814914418336402,0.2236486962205313
pilot-meta-social-circle-ga,2022-07-31,1,33.33885587129958,0.6184041668854131,0.9830428526252916,0.1687654066827923
pilot-meta-social-circle-ga,2022-07-31,2,29.13791483373385,0.7762689210452024,0.9847131642048536,0.1489795345877877
pilot-meta-social-circle-ga,2022-07-31,3,29.454452662019616,0.7881112427720323,0.9848243397534578,0.1525717649687067
pilot-meta-social-circle-ga,2022-07-31,4,30.137358863233892,0.8012848528902541,0.984711766768945,0.1570761723335898
pilot-meta-social-circle-ga,2022-09-01,0,33.992018266372064,0.4775156952445019,0.9815754293659033,0.1905787332422238
pilot-meta-social-circle-ga,2022-09-01,1,32.08072995551852,0.6613242287826249,0.9826369528604232,0.1461817229077799
pilot-meta-social-circle-ga,2022-09-01,2,29.25600951064108,0.8084629450451108,0.983993255090106,0.1262260704445507
pilot-meta-social-circle-ga,2022-09-01,3,29.80779035971301,0.7989710432734174,0.9836515949305852,0.1305891897472167
pilot-meta-social-circle-ga,2022-09-01,4,30.36702943604632,0.7920467059385394,0.9830914739724852,0.1374096098799911
pilot-meta-social-circle-ga,2022-09-17,0,30.975002415893673,0.467972264902505,0.982041349980918,0.1835113776805934
pilot-meta-social-circle-ga,2022-09-17,1,30.08445269063001,0.5988716418705781,0.982720433698318,0.1377709958405178
pilot-meta-social-circle-ga,2022-09-17,2,26.935089476478964,0.7833620682784933,0.9846943717457884,0.1228380441795931
pilot-meta-social-circle-ga,2022-09-17,3,27.526302967936335,0.7689043677716632,0.9843057732335672,0.1268424365956434
pilot-meta-social-circle-ga,2022-09-17,4,28.19491924900209,0.7575506279748492,0.9836879379607056,0.1338164782225697
pilot-meta-social-circle-ga,2022-10-03,0,24.197722538537025,0.2988762100425403,0.9798179575444638,0.1720899002051062
pilot-meta-social-circle-ga,2022-10-03,1,23.414037051856813,0.6294403757209553,0.9808952660982064,0.1033901087253748
pilot-meta-social-circle-ga,2022-10-03,2,21.46252231955516,0.7383313025960624,0.9820675995748772,0.1323292515879472
pilot-meta-social-circle-ga,2022-10-03,3,18.91096417538463,0.8423636170822153,0.981153846153846,0.0865454723076923
pilot-meta-social-circle-ga,2022-10-03,4,23.881551013993608,0.7564418696124836,0.9825439814788908,0.1260828702227298
pilot-meta-social-circle-ga,2022-10-19,0,18.21239817927978,0.4022890168165446,0.980855568580411,0.1873422645527097
pilot-meta-social-circle-ga,2022-10-19,1,17.044452671977524,0.5724315021205038,0.9816075898293376,0.1349817631985325
pilot-meta-social-circle-ga,2022-10-19,2,14.756786001112095,0.7345156577081395,0.9830689338877684,0.1139536619382114
pilot-meta-social-circle-ga,2022-10-19,3,15.702771557380157,0.7118320559392755,0.9824897558014886,0.1189076473801804
pilot-meta-social-circle-ga,2022-10-19,4,16.864650930537067,0.6771508581326869,0.9815803849966686,0.1260865437740949
pilot-meta-social-circle-ga,2022-11-04,0,23.830733480930437,0.3580137043250913,0.9807222254100976,0.1737854937020338
pilot-meta-social-circle-ga,2022-11-04,1,23.434732155779,0.5023219985912852,0.981316190484844,0.1258270387020031
pilot-meta-social-circle-ga,2022-11-04,2,21.982594239429172,0.6449274507327176,0.9827248469386036,0.104557383416736
pilot-meta-social-circle-ga,2022-11-04,3,22.556058214882153,0.6316997712551303,0.982258495174893,0.1093845030248393
pilot-meta-social-circle-ga,2022-11-04,4,23.26025808704605,0.6070219891070434,0.9814730190058976,0.1159574592670619
pilot-meta-social-circle-ga,2023-01-07,0,14.646593466321844,0.3100644176361034,0.9797523233226432,0.1420281089054661
pilot-meta-social-circle-ga,2023-01-07,1,14.834348077944954,0.4117950402487679,0.979898465625554,0.113498587404581
pilot-meta-social-circle-ga,2023-01-07,2,13.980266628275468,0.5176938323037342,0.980581989859472,0.090785808777938
pilot-meta-social-circle-ga,2023-01-07,3,14.374089988269692,0.5055416402728419,0.9800811391719728,0.0992648543283939
pilot-meta-social-circle-ga,2023-01-07,4,14.669861182596405,0.4896375046470679,0.979546632086022,0.108508853466333
pilot-meta-social-circle-ga,2023-01-23,0,9.006024363313001,0.4432484113969898,0.9807818479693836,0.1028694167651256
pilot-meta-social-circle-ga,2023-01-23,1,9.364932536136816,0.4567388832740783,0.9814093571161766,0.1251068540665019
pilot-meta-social-circle-ga,2023-01-23,2,8.82083859941286,0.5591425665433062,0.9809562204931004,0.0958241604129249
pilot-meta-social-circle-ga,2023-01-23,3,8.96855108188062,0.5292867001941541,0.9797120116197228,0.0975139606106607
pilot-meta-social-circle-ga,2023-01-23,4,9.186914482222226,0.505888607089831,0.9792289341349216,0.108055532694439
pilot-meta-social-circle-ga,2023-02-24,0,25.42029603828861,0.3460298090100264,0.9800825179217284,0.162270354041887
pilot-meta-social-circle-ga,2023-02-24,1,26.102428575204183,0.4136513990017259,0.9799689310534556,0.1396126741178469
pilot-meta-social-circle-ga,2023-02-24,2,24.477224327163825,0.478296897877119,0.9800637136167352,0.1306433063141107
pilot-meta-social-circle-ga,2023-02-24,3,24.63673950641479,0.4945175923460622,0.9801322217041524,0.1319265606865553
pilot-meta-social-circle-ga,2023-02-24,4,24.50228643431489,0.4936677850316483,0.9796070628942533,0.1372511540898534
pilot-meta-social-circle-ga,2023-05-15,1,31.413951293194497,0.5595402268585259,0.9796264660493827,0.0886188016666666
pilot-meta-social-circle-ga,2023-05-15,2,27.230444393378097,0.7823225183694997,0.9845857187223014,0.1831545003660313
pilot-meta-social-circle-ga,2023-05-15,3,26.528985138819447,0.6836142387260905,0.9831386089728044,0.199768924223316
pilot-meta-social-circle-ga,2023-05-15,4,28.29205338407173,0.7576240817079951,0.9838151753981949,0.191019097062491
pilot-meta-social-circle-ga,2023-06-16,0,30.880167996024053,0.4670273743008762,0.9821650717611486,0.2006192477979529
pilot-meta-social-circle-ga,2023-06-16,1,27.93336803880022,0.6680147092973494,0.983750772585224,0.1501947807805018
pilot-meta-social-circle-ga,2023-06-16,2,26.224628835988018,0.7523593203413739,0.9843273333195296,0.1476803525639944
pilot-meta-social-circle-ga,2023-06-16,3,27.529484965715625,0.7241428829133056,0.9838186321178268,0.1564801009078772
pilot-meta-social-circle-ga,2023-06-16,4,28.580809836589093,0.7192305746342892,0.9833364387932388,0.1616144573520924
pilot-meta-social-circle-ga,2023-07-02,0,34.86924873855928,0.5012418506573092,0.9827042573105792,0.2027561638172898
pilot-meta-social-circle-ga,2023-07-02,1,33.108174740680234,0.6603266992296284,0.9838456295475068,0.1617456009702391
pilot-meta-social-circle-ga,2023-07-02,2,29.457368537769373,0.787665928587464,0.9853276966482908,0.1493171814315585
pilot-meta-social-circle-ga,2023-07-02,3,30.143643237217855,0.7618572875071384,0.984756378875698,0.1525802398433253
pilot-meta-social-circle-ga,2023-07-02,4,30.389305850207407,0.7544858947804688,0.9840615558736469,0.1561801551370339
pilot-meta-social-circle-ga,2023-07-18,0,39.046582117614705,0.5302584302778421,0.9823958658197494,0.1860196449949112
pilot-meta-social-circle-ga,2023-07-18,1,36.34205130746942,0.6650839377414132,0.9830873487698648,0.1529176968413763
pilot-meta-social-circle-ga,2023-07-18,2,33.528393519391486,0.7720770391992099,0.9841345733517904,0.1424351318369128
pilot-meta-social-circle-ga,2023-07-18,3,34.01498062515532,0.7520094483009575,0.9837070909957596,0.1466985150927303
pilot-meta-social-circle-ga,2023-07-18,4,34.363636760795615,0.7497679751448398,0.983177993672135,0.1501226766824924
pilot-meta-social-circle-ga,2023-08-03,3,18.407633914338025,0.8893929101941704,0.985086410118407,0.1861071469537136
pilot-meta-social-circle-ga,2023-08-03,4,25.24259936627571,0.821286518306815,0.984355266069151,0.177762576074144
pilot-meta-social-circle-ga,2023-08-19,0,33.022671664438136,0.5415581281196776,0.9828425353942896,0.1858860870988951
pilot-meta-social-circle-ga,2023-08-19,1,31.140104660225756,0.6742579998423125,0.9833998436960436,0.1471396285824769
pilot-meta-social-circle-ga,2023-08-19,2,28.50806766799061,0.7761019484892541,0.984310563971388,0.1333306080776798
pilot-meta-social-circle-ga,2023-08-19,3,28.867821382716865,0.7614487568321011,0.9839775340644296,0.1394698218098581
pilot-meta-social-circle-ga,2023-08-19,4,29.25808767419247,0.753624443978677,0.9834463424286554,0.1438393643815999
pilot-meta-social-circle-ga,2023-09-04,0,35.24647760611418,0.5002872329014075,0.9818709117096504,0.1917471836718001
pilot-meta-social-circle-ga,2023-09-04,1,33.31423230335392,0.6583109950851477,0.982658024360396,0.1457782294081842
pilot-meta-social-circle-ga,2023-09-04,2,30.566131468474396,0.7840614021717041,0.9837649881060128,0.1279906586652053
pilot-meta-social-circle-ga,2023-09-04,3,31.15844178923814,0.7616450922151875,0.9832205393700344,0.1335143155149117
pilot-meta-social-circle-ga,2023-09-04,4,31.711598492815973,0.7532961042033467,0.9826127763737886,0.137734470188745
pilot-meta-social-circle-ga,2023-09-20,3,18.657181961659596,0.58573341255759,0.9805085930738392,0.1594177049006968
pilot-meta-social-circle-ga,2023-09-20,4,18.464667276696588,0.6080240286278442,0.9804267743295876,0.1608990485107663
pilot-meta-social-circle-ga,2023-10-06,0,30.242824492671144,0.4707664783574322,0.982175613088922,0.1780625929941539
pilot-meta-social-circle-ga,2023-10-06,1,29.05243907266886,0.5683835395768863,0.982041679404324,0.134027684735491
pilot-meta-social-circle-ga,2023-10-06,2,26.22997996995584,0.7271877419868381,0.9837612335460936,0.1169801155187246
pilot-meta-social-circle-ga,2023-10-06,3,24.404163579632463,0.7158782310143076,0.9834286849192312,0.1263020155894701
pilot-meta-social-circle-ga,2023-10-06,4,25.826653998857676,0.6786864910631932,0.9825986102505364,0.1377308461455066
pilot-meta-social-circle-ga,2023-10-22,0,26.22023674342215,0.4340607032771153,0.9814092829362272,0.1774719709931323
pilot-meta-social-circle-ga,2023-10-22,1,25.33560600954246,0.5878966042271753,0.9821327344710804,0.1282649694700848
pilot-meta-social-circle-ga,2023-10-22,2,23.587379197764772,0.722143099969997,0.9833726347477006,0.1101228162878591
pilot-meta-social-circle-ga,2023-10-22,3,24.09172776780398,0.694432644849838,0.9827393285695788,0.1166656148883228
pilot-meta-social-circle-ga,2023-10-22,4,24.492079957729143,0.6839744138526512,0.9821330789395504,0.1217726912066853
pilot-meta-social-circle-ga,2023-11-07,0,26.28085072162535,0.3790965548387212,0.9804486819148356,0.1778018782556727
pilot-meta-social-circle-ga,2023-11-07,1,25.578670627969966,0.5137319351312615,0.9806218525653836,0.1274145208245905
pilot-meta-social-circle-ga,2023-11-07,2,24.30700050404137,0.6411008297357034,0.9815055959467724,0.1087410759584218
pilot-meta-social-circle-ga,2023-11-07,3,24.709893494191952,0.6199273009292396,0.9809160783580424,0.1166879009802958
pilot-meta-social-circle-ga,2023-11-07,4,25.190301582114717,0.6098543189545866,0.980370375217752,0.1237293481700714
pilot-meta-social-circle-ga,2024-01-10,0,9.405142365713722,0.2958500925333264,0.9799985410646476,0.1532256608018464
pilot-meta-social-circle-ga,2024-01-10,1,9.34603267611241,0.419457014284585,0.9800629199154252,0.1115866495888994
pilot-meta-social-circle-ga,2024-01-10,2,8.75960640241356,0.5132443634250584,0.9805453519941902,0.0908593909447379
pilot-meta-social-circle-ga,2024-01-10,3,8.923867550842184,0.5152081160600196,0.980393395441896,0.0991054952029901
pilot-meta-social-circle-ga,2024-01-10,4,9.176324806523128,0.5149767529706138,0.980204132554932,0.1077594577643971
pilot-meta-social-circle-ga,2024-01-26,3,6.508845598465276,0.5490177966091462,0.9761137887876076,0.0783345794454316
pilot-meta-social-circle-ga,2024-01-26,4,7.913050987936939,0.4985812636665003,0.97680586468018,0.0908215469594427
pilot-meta-social-circle-ga,2024-03-14,0,28.760316536523955,0.3119076158410059,0.9800897919960748,0.1822280584955724
pilot-meta-social-circle-ga,2024-03-14,1,28.398441459937807,0.4119974822113763,0.9799920804480688,0.1338519588992308
pilot-meta-social-circle-ga,2024-03-14,2,27.15348830723359,0.4916780238737188,0.9804396230195288,0.1129773661709192
pilot-meta-social-circle-ga,2024-03-14,3,26.852373319572827,0.523560590478327,0.9805756619384306,0.1217809611929501
pilot-meta-social-circle-ga,2024-03-14,4,26.855571245053415,0.5466435474749707,0.9805893993937012,0.1275925099121536
pilot-meta-social-circle-ga,2024-03-30,0,28.118789938704335,0.3423720439968997,0.9806547357468705,0.1905609010020922
pilot-meta-social-circle-ga,2024-03-30,1,27.72101971661595,0.4512823171712967,0.9807935217159508,0.1421586936691141
pilot-meta-social-circle-ga,2024-03-30,2,26.329342845708517,0.5477935478712269,0.9815977971713268,0.1211244743436188
pilot-meta-social-circle-ga,2024-03-30,3,25.830239829204313,0.5800687241616045,0.9817737016723452,0.1297762190747274
pilot-meta-social-circle-ga,2024-03-30,4,25.670203609218,0.6049330205876883,0.9817356172776917,0.1355945859853271
pilot-meta-social-circle-ga,2024-04-15,0,32.79659339917127,0.4357460316065161,0.9819227441251854,0.1980741923311385
pilot-meta-social-circle-ga,2024-04-15,1,31.349437217120546,0.5790746577090442,0.982643968969424,0.1519923597236692
pilot-meta-social-circle-ga,2024-04-15,2,28.751657762120573,0.719792989856027,0.9842624500186692,0.1365407705216671
pilot-meta-social-circle-ga,2024-04-15,3,28.8691801024435,0.7149676696737544,0.9839958766994298,0.1426358808638075
pilot-meta-social-circle-ga,2024-04-15,4,28.889323943745417,0.7199365473155684,0.983538657485768,0.1473636799878451
pilot-meta-social-circle-ga,2024-05-01,0,35.22019106746366,0.4708317443861905,0.9821233784053952,0.208705296502511
pilot-meta-social-circle-ga,2024-05-01,1,32.90222433345015,0.6359646504210579,0.98312470147762,0.1624290805032018
pilot-meta-social-circle-ga,2024-05-01,2,29.68273821776942,0.7892196718015252,0.9848735711003131,0.1517860210564258
pilot-meta-social-circle-ga,2024-05-01,3,30.285731654030897,0.7567832993960778,0.9841530198381858,0.1519837885288142
pilot-meta-social-circle-ga,2024-05-01,4,30.607099390874776,0.746649245060447,0.983408811090096,0.1557395650613375
pilot-meta-social-circle-ga,2024-06-18,0,32.34749367729326,0.4446890237610426,0.9817990035984964,0.2406665309838958
pilot-meta-social-circle-ga,2024-06-18,1,29.91478259420691,0.5919735707058401,0.9825423208877786,0.1940591476328294
pilot-meta-social-circle-ga,2024-06-18,2,27.09809923331309,0.7448689586556733,0.983833164220041,0.171580015526456
pilot-meta-social-circle-ga,2024-06-18,3,27.611745308964284,0.7093484891228263,0.9832319359311134,0.1772693453103084
pilot-meta-social-circle-ga,2024-06-18,4,27.50536014911198,0.6952157462843562,0.9825630164638705,0.1847579896522642
pilot-meta-social-circle-ga,2024-07-04,0,27.244064069807713,0.436545387499013,0.9823061740890688,0.250085984528087
pilot-meta-social-circle-ga,2024-07-04,1,26.017331426981592,0.658764533285098,0.9824289355322338,0.1663579627896245
pilot-meta-social-circle-ga,2024-07-04,2,31.011085827526877,0.7325405967849655,0.9838354133037698,0.1860548261724683
pilot-meta-social-circle-ga,2024-07-04,3,31.512479903263745,0.7360221139229748,0.9832025872883604,0.1804969100630469
pilot-meta-social-circle-ga,2024-07-04,4,32.07796790843033,0.6825980201377698,0.9821794246124068,0.1788370714355512
pilot-meta-social-circle-ga,2024-08-21,0,32.3815946575425,0.5117253923479088,0.982298870240364,0.1957147219707773
pilot-meta-social-circle-ga,2024-08-21,1,28.451037676497428,0.6327665663656714,0.9824576020644236,0.1486625326646054
pilot-meta-social-circle-ga,2024-08-21,2,26.633875234021957,0.7276775698924122,0.9835077052336352,0.1485895878407819
pilot-meta-social-circle-ga,2024-08-21,3,27.421738597537537,0.7132638873469503,0.9830083689312358,0.1498441112302987
pilot-meta-social-circle-ga,2024-08-21,4,28.49697948935757,0.7089914145611956,0.9826009081988982,0.1543680968784908
pilot-meta-social-circle-ga,2024-09-22,0,38.23547312212562,0.4769662779652576,0.9821718404121926,0.1771187780719991
pilot-meta-social-circle-ga,2024-09-22,1,36.224050230603986,0.6170038589514458,0.9827523195688924,0.1354369149067932
pilot-meta-social-circle-ga,2024-09-22,2,33.748707764697144,0.7557296480590899,0.9841837706071837,0.1194755444398713
pilot-meta-social-circle-ga,2024-09-22,3,34.52903038065454,0.719881076425363,0.9834634434800822,0.1238208468278384
pilot-meta-social-circle-ga,2024-09-22,4,35.68871324143351,0.6830452474540499,0.982461602751737,0.1306007986861709
pilot-meta-social-circle-ga,2024-10-08,0,29.585528009329927,0.4888789351595637,0.9821870372389724,0.1734903859589853
pilot-meta-social-circle-ga,2024-10-08,1,27.63705309095292,0.6218282365505028,0.9826667637508102,0.133285810436924
pilot-meta-social-circle-ga,2024-10-08,2,25.30790572698868,0.748168174221503,0.9839134364180324,0.1171341651259903
pilot-meta-social-circle-ga,2024-10-08,3,25.984054131195553,0.7230882769554368,0.9833220207834908,0.1218722180425043
pilot-meta-social-circle-ga,2024-10-08,4,26.742647163008275,0.7034237989573494,0.982609720400853,0.1292194247819689
pilot-meta-social-circle-ga,2024-10-24,0,30.08944648734368,0.4554400623209042,0.9818974774185348,0.1753657720597408
pilot-meta-social-circle-ga,2024-10-24,1,28.62038004020183,0.5918086707366775,0.9823795852189784,0.1314568124317003
pilot-meta-social-circle-ga,2024-10-24,2,26.65263811422397,0.7251857712653879,0.9837140168427748,0.1133455075014246
pilot-meta-social-circle-ga,2024-10-24,3,27.329715671624975,0.698637004612074,0.9830965178648372,0.1196861793802362
pilot-meta-social-circle-ga,2024-10-24,4,28.216409233667378,0.674857357435344,0.9823034665034373,0.1285492939758654
pilot-meta-social-circle-ga,2024-11-25,0,17.408051238521406,0.517350157544269,0.982093519339002,0.1298981358403784
pilot-meta-social-circle-ga,2024-11-25,1,17.19806683659719,0.554198937353065,0.9813260988982936,0.1153147593288552
pilot-meta-social-circle-ga,2024-11-25,2,16.371758519092246,0.6123657433637074,0.9809213715092164,0.1017929111410011
pilot-meta-social-circle-ga,2024-11-25,3,16.31489344865967,0.6010660400379852,0.9802878142839536,0.1100751042058942
pilot-meta-social-circle-ga,2024-11-25,4,16.34384299160744,0.6114251684901439,0.9800883973391014,0.1163587009821671
pilot-meta-social-circle-ga,2024-12-11,0,10.47226225313007,0.3393810670153748,0.9803969032366358,0.1388285581153662
pilot-meta-social-circle-ga,2024-12-11,1,10.33508797345639,0.4729636597182719,0.980555101588273,0.1041484540745943
pilot-meta-social-circle-ga,2024-12-11,2,9.736342499474222,0.5730369999199179,0.9810942245962424,0.0856695780161543
pilot-meta-social-circle-ga,2024-12-11,3,9.913555547349084,0.56957029536094,0.9808187098795194,0.0911201639981631
pilot-meta-social-circle-ga,2024-12-11,4,9.982580069990576,0.586977875344926,0.9805223064453036,0.0977701471572387
pilot-meta-social-circle-ga,2025-01-12,1,-5.164718764823864,0.0180065626711779,0.9896794029850752,0.3806825543674129
pilot-meta-social-circle-ga,2025-01-12,2,-2.068521880079014,0.4718780508960316,0.9802513678497372,0.0996653161594706
pilot-meta-social-circle-ga,2025-01-12,3,0.7869652922925688,0.460040921241757,0.9793362779802538,0.1112742432448588
pilot-meta-social-circle-ga,2025-01-12,4,2.072801443544711,0.4391115048744611,0.9789898965089244,0.1203427765740259
pilot-meta-social-circle-ga,2025-01-28,0,11.194512657249362,0.3382316629669338,0.9805014480308244,0.1386016272682788
pilot-meta-social-circle-ga,2025-01-28,1,10.609385065170589,0.4441044243931955,0.9805528104420738,0.1099821042133306
pilot-meta-social-circle-ga,2025-01-28,2,9.850974394378486,0.5274642430096076,0.981085978803228,0.0901997882631403
pilot-meta-social-circle-ga,2025-01-28,3,10.19233803724479,0.5232159510027775,0.980731207424605,0.0982772490451098
pilot-meta-social-circle-ga,2025-01-28,4,10.493439609506948,0.5267204050264098,0.9804480187628812,0.1075044727328339
pilot-meta-social-circle-ga,2025-03-01,0,24.8567731255357,0.3219496116014074,0.9801425940061422,0.1683201208657232
pilot-meta-social-circle-ga,2025-03-01,1,24.005347023952822,0.3996874502139728,0.9798699067608616,0.1329957932739614
pilot-meta-social-circle-ga,2025-03-01,2,22.958587187150236,0.4733671590364024,0.9802107697394694,0.1110639281715662
pilot-meta-social-circle-ga,2025-03-01,3,23.043903025360677,0.4816008566962674,0.979935679449736,0.119558608425907
pilot-meta-social-circle-ga,2025-03-01,4,23.170402611142613,0.4979629505939724,0.9798433209555356,0.1285055263792167
pilot-meta-social-circle-ga,2025-03-17,0,19.91585284850747,0.3530964424426456,0.98036262880977,0.1719072629422619
pilot-meta-social-circle-ga,2025-03-17,1,19.30202976911908,0.4280111107689219,0.9801008784524684,0.1362660846441006
pilot-meta-social-circle-ga,2025-03-17,2,18.102162140763305,0.5071922148747993,0.9805343117142212,0.1148477213644738
pilot-meta-social-circle-ga,2025-03-17,3,17.91639603112087,0.5269860524220341,0.9804262165610924,0.1226661482322957
pilot-meta-social-circle-ga,2025-03-17,4,18.073109294301325,0.5516418300536836,0.9803737670626406,0.130837949750462
pilot-meta-social-circle-ga,2025-04-18,0,32.42267155899082,0.476066157542405,0.9823474387983206,0.1877716191125643
pilot-meta-social-circle-ga,2025-04-18,1,30.322222237133015,0.5992092050712825,0.98289914199427,0.1539498423667819
pilot-meta-social-circle-ga,2025-04-18,2,27.46161987249372,0.7332207957981037,0.98444478665602,0.1408714114185314
pilot-meta-social-circle-ga,2025-04-18,3,27.95539736720799,0.7174568985462496,0.9839863818445204,0.1452831643639449
pilot-meta-social-circle-ga,2025-04-18,4,28.38497597005656,0.714240013753046,0.9834453901400306,0.150125546905698
pilot-meta-social-circle-ga,2025-05-04,0,25.190921272109428,0.5803595591226394,0.9836836560044896,0.1944642830601848
pilot-meta-social-circle-ga,2025-05-04,1,22.83888770244671,0.7001141387685448,0.9843233506156314,0.1693628963124541
pilot-meta-social-circle-ga,2025-05-04,2,21.329990058210033,0.8027875228116298,0.9848565897230536,0.1647183593590461
pilot-meta-social-circle-ga,2025-05-04,3,22.720922397410163,0.7607890427221966,0.984108156515087,0.1616382297502291
pilot-meta-social-circle-ga,2025-05-04,4,22.64760820377357,0.7518121179462884,0.9835605779282028,0.1676944068867144
pilot-meta-social-circle-ga,2025-05-20,0,36.38925298860965,0.5367608439836683,0.9829613747887256,0.2091544285543091
pilot-meta-social-circle-ga,2025-05-20,1,34.01296718022315,0.6511199598231721,0.9833605362890004,0.1756081906358536
pilot-meta-social-circle-ga,2025-05-20,2,30.815031336926204,0.7557967505524497,0.9843173939615166,0.1703183608873131
pilot-meta-social-circle-ga,2025-05-20,3,31.39585032493407,0.7337821508951,0.9837323454685742,0.1715684643425641
pilot-meta-social-circle-ga,2025-05-20,4,31.12188150315572,0.7521994620829818,0.983802557885366,0.1632408924710807
pilot-meta-social-circle-ga,2025-06-21,0,27.980788528640964,0.7693087550759435,0.9827579095845972,0.1627931353956555
pilot-meta-social-circle-ga,2025-06-21,1,35.06720629483015,0.613855844494644,0.9812840910593132,0.1911956491425668
pilot-meta-social-circle-ga,2025-06-21,2,31.012733924588613,0.8236832858224018,0.9842097434069674,0.1533925988290964
pilot-meta-social-circle-ga,2025-06-21,3,30.499031679547137,0.8104172493765569,0.9840528064955432,0.1560096058441074
pilot-meta-social-circle-ga,2025-06-21,4,32.61780991471557,0.7595269778512298,0.98255987620523,0.1669846078459152
pilot-meta-social-circle-ga,2025-07-07,0,43.336408828852306,0.5290966004659786,0.9827357445977136,0.1897806563041137
pilot-meta-social-circle-ga,2025-07-07,1,39.80415766300862,0.6602270136721775,0.9833058055106229,0.1564225247033993
pilot-meta-social-circle-ga,2025-07-07,2,36.35766828200848,0.7867143167977205,0.9846972663711232,0.1429297819908379
pilot-meta-social-circle-ga,2025-07-07,3,37.08680712348859,0.7613645360771877,0.9841074732647666,0.1456587767347341
pilot-meta-social-circle-ga,2025-07-07,4,37.71378515098311,0.7466971594779565,0.9833845421221424,0.1491638082296762
pilot-meta-social-circle-ga,2025-08-24,0,35.6740770783251,0.5915003309163913,0.9834702006745702,0.1685761867171511
pilot-meta-social-circle-ga,2025-08-24,1,33.618183631544305,0.6383249451215063,0.9829390180550268,0.1479114624367963
pilot-meta-social-circle-ga,2025-08-24,2,30.554940094318567,0.7891910798258541,0.9849239350111068,0.1259091981622938
pilot-meta-social-circle-ga,2025-08-24,3,30.92552836599093,0.7911042948169331,0.9847874737770832,0.1278305598163327
pilot-meta-social-circle-ga,2025-08-24,4,31.22194528333606,0.7737104298080136,0.983920417459698,0.1344110903561865
pilot-meta-social-circle-ga,2025-09-09,0,30.22165839634947,0.5527199310056529,0.9828304136452028,0.1686184696964111
pilot-meta-social-circle-ga,2025-09-09,1,27.899417699509677,0.655394124989023,0.9830901693595784,0.1395651124888565
pilot-meta-social-circle-ga,2025-09-09,2,25.47638349020065,0.7695132364732805,0.9842767048266118,0.1226124464980762
pilot-meta-social-circle-ga,2025-09-09,3,26.048042601798628,0.7610841286494864,0.9839233005122716,0.1260122307948775
pilot-meta-social-circle-ga,2025-09-09,4,26.871645653646425,0.736027972293088,0.9830656180278496,0.1324092512126079
pilot-meta-social-circle-ga,2025-09-25,2,26.730643067107437,0.646458472340258,0.981534729109274,0.1245494922929292
pilot-meta-social-circle-ga,2025-09-25,3,26.23001266448285,0.754580209222068,0.9835688743275932,0.1422637157079226
pilot-meta-social-circle-ga,2025-09-25,4,29.103065393893633,0.6123101612032084,0.9811461837171928,0.1579737861396123
pilot-meta-social-circle-ga,2025-10-11,0,27.429874583606704,0.4814635671152261,0.9819873493811684,0.1516082115424687
pilot-meta-social-circle-ga,2025-10-11,1,25.17873731488624,0.5996763518326115,0.9823136110151882,0.1243320046691974
pilot-meta-social-circle-ga,2025-10-11,2,23.219659703236335,0.7254727447729367,0.9835903806166506,0.1075325833992506
pilot-meta-social-circle-ga,2025-10-11,3,23.977392483047115,0.7100079298049249,0.9831082925404784,0.1105637832294298
pilot-meta-social-circle-ga,2025-10-11,4,24.939394715789433,0.6765340786033779,0.9821472588939276,0.1168153247681076
pilot-meta-social-circle-ga,2025-11-12,0,18.154309993803253,0.4079679059482656,0.9813578694364188,0.1466976613628958
pilot-meta-social-circle-ga,2025-11-12,1,17.025099039790888,0.5042190675559116,0.981355606614018,0.1187125055214945
pilot-meta-social-circle-ga,2025-11-12,2,16.09048059593714,0.6073729825575116,0.9822842852385094,0.0989172670952727
pilot-meta-social-circle-ga,2025-11-12,3,16.39670076138224,0.6108113922154305,0.9820265142387546,0.1038924802144498
pilot-meta-social-circle-ga,2025-11-12,4,16.816268260977314,0.5923819259637004,0.9813346399734444,0.1118410456724882
pilot-meta-social-circle-ga,2025-11-28,0,11.226975166001615,0.3790724082837426,0.9802006265561668,0.1428680139158285
pilot-meta-social-circle-ga,2025-11-28,1,10.077764701146016,0.4735098204849015,0.979937107138365,0.1152089921142102
pilot-meta-social-circle-ga,2025-11-28,2,8.970853897258303,0.5592913240238597,0.98032976676934,0.0949278028265944
pilot-meta-social-circle-ga,2025-11-28,3,9.328869484153302,0.5694984535402916,0.9800332821972207,0.0999357663450909
pilot-meta-social-circle-ga,2025-11-28,4,9.712766368028284,0.5641243610661201,0.9795951717339334,0.1081167693616135
pilot-meta-social-circle-ga,2025-12-14,0,10.325882257711152,0.3662695702868502,0.9800133694091552,0.1397706384360632
pilot-meta-social-circle-ga,2025-12-14,1,9.487959452946336,0.4607329491210594,0.9797113574816878,0.1118979968356096
pilot-meta-social-circle-ga,2025-12-14,2,8.526663407792574,0.542703838334882,0.9800418425623186,0.091930259631474
pilot-meta-social-circle-ga,2025-12-14,3,8.79569582141305,0.5509090633654959,0.979701681298026,0.0974210603134455
pilot-meta-social-circle-ga,2025-12-14,4,8.981289476181503,0.5463004280037668,0.979304133822012,0.1061799579259938
pilot-meta-social-circle-ga,2025-12-30,0,7.297233317827018,0.3448044214560392,0.9802520573214842,0.1419280304564454
pilot-meta-social-circle-ga,2025-12-30,1,5.981845787061959,0.4338689073244294,0.9800132313116806,0.1137376427695939
pilot-meta-social-circle-ga,2025-12-30,2,5.199291893653189,0.5102178454968618,0.98038809426444,0.0940473176935577
pilot-meta-social-circle-ga,2025-12-30,3,5.589076416981516,0.5183200191650872,0.9800895292269058,0.0993556298863467
pilot-meta-social-circle-ga,2025-12-30,4,6.0563779586818525,0.517486523898653,0.9797589399140568,0.1076787426629585
pilot-meta-social-circle-ga,2026-01-15,0,4.855784892084152,0.3551620836939826,0.980338796048924,0.137497525016016
pilot-meta-social-circle-ga,2026-01-15,1,3.6786006280922914,0.4407994027711545,0.9800412050247488,0.1099391747627838
pilot-meta-social-circle-ga,2026-01-15,2,2.819752659174963,0.5165221178921223,0.9804090749654408,0.0898391158069952
pilot-meta-social-circle-ga,2026-01-15,3,3.152900303089117,0.5248369191897241,0.9801052168898832,0.0955719236357828
pilot-meta-social-circle-ga,2026-01-15,4,3.610551398028209,0.531739646327716,0.979880141191896,0.1036204631930463
pilot-meta-social-circle-ga,2026-02-16,0,19.477553639338925,0.3646764780227271,0.9804045444632238,0.1364905177200381
pilot-meta-social-circle-ga,2026-02-16,1,18.38064734786248,0.4403047176185139,0.980095631213536,0.1119700911677661
pilot-meta-social-circle-ga,2026-02-16,2,17.462353673173997,0.5150090496413638,0.980487948534145,0.0913435548053557
pilot-meta-social-circle-ga,2026-02-16,3,17.719403366898874,0.5229434842075136,0.9801854526977808,0.0972128820955241
pilot-meta-social-circle-ga,2026-02-16,4,17.98310629227491,0.5307517158687854,0.9799811977678394,0.106189319100191
pilot-meta-social-circle-ga,2026-03-04,0,20.6113687237838,0.3270493688807636,0.9739348648648648,0.1613167364999999
pilot-meta-social-circle-ga,2026-03-04,1,22.19671591168908,0.3065576453726428,0.9770992812532712,0.155963943725969
pilot-meta-social-circle-ga,2026-03-04,2,20.150621056132557,0.4327117849080407,0.9801638085676035,0.1449089545490295
pilot-meta-social-circle-ga,2026-03-04,3,20.303675179530178,0.4444121995015036,0.9796058150552448,0.1393435809917083
pilot-meta-social-circle-ga,2026-03-04,4,21.05355668684729,0.4594466712286397,0.9787265467784024,0.1518770807207346
pilot-meta-social-circle-ga,2026-03-20,0,27.796356144095785,0.3687806874064336,0.9808458789960552,0.1618446649480218
pilot-meta-social-circle-ga,2026-03-20,1,26.622795719529822,0.4363788705320179,0.980465746411976,0.1320359960165436
pilot-meta-social-circle-ga,2026-03-20,2,25.45829990167345,0.5028887788028461,0.9808841981224125,0.1144843842604719
pilot-meta-social-circle-ga,2026-03-20,3,25.276941310858472,0.5315965324626802,0.9809208133866468,0.1203119919621095
pilot-meta-social-circle-ga,2026-03-20,4,25.18981770185069,0.5590160299232456,0.9809595404075576,0.1278071238972332
pilot-meta-social-circle-ga,2026-04-21,0,31.530486325271053,0.4771587347678314,0.9821810997219338,0.1837972064450547
pilot-meta-social-circle-ga,2026-04-21,1,27.86531670000884,0.6067945831473874,0.9827723572211826,0.1582575974529006
pilot-meta-social-circle-ga,2026-04-21,2,24.75420179059577,0.7454242653855987,0.9843547508737313,0.1475302941283647
pilot-meta-social-circle-ga,2026-04-21,3,25.993351229748416,0.7170555365213722,0.9836712154342548,0.1482675798184977
pilot-meta-social-circle-ga,2026-04-21,4,27.32421760526017,0.6982790175167325,0.982864152304328,0.150727985025807
pilot-meta-social-circle-ga,2026-06-24,0,11.105958458415849,0.5974029332820014,0.9836193069306928,0.1839286889356435
pilot-meta-social-circle-ga,2026-06-24,1,13.631306200669393,0.7935698763210502,0.983788953835518,0.1641101965839382
pilot-meta-social-circle-ga,2026-06-24,2,16.31280249645981,0.7672800364763591,0.9833480712954804,0.1682245624393396
pilot-meta-social-circle-ga,2026-06-24,3,19.122780949675946,0.7271172784260165,0.9822105999861904,0.1648724181575976
pilot-meta-social-circle-ga,2026-06-24,4,22.53804217733885,0.7449553827140445,0.98204470393957,0.1708968285750604
pilot-meta-social-circle-ga,2026-07-10,2,18.85146858162985,0.7962426336090906,0.9841819513488136,0.139843290990067
pilot-meta-social-circle-ga,2026-07-10,3,21.47248856726646,0.7778881914742241,0.9831091398465872,0.1616444012230185
pilot-meta-social-circle-ga,2026-07-10,4,26.918436318516523,0.5798109698234353,0.9794941435870512,0.1638124139879227
pilot-meta-social-circle-ga,2026-07-26,0,35.72733834275155,0.5416906305683794,0.982667659055466,0.1970450927525918
pilot-meta-social-circle-ga,2026-07-26,1,32.51616582186603,0.6925586076927238,0.9835221372166756,0.1538207313099093
pilot-meta-social-circle-ga,2026-07-26,2,31.019010659073448,0.7849463326654832,0.9848093152868092,0.1433878280235045
pilot-meta-social-circle-ga,2026-07-26,3,31.58112148134298,0.7683945577991429,0.984399558333543,0.1473036704588608
pilot-meta-social-circle-ga,2026-07-26,4,31.769075731372983,0.756710183766724,0.983581585698568,0.1534033576988094
pilot-meta-social-circle-ga,2026-08-11,0,40.357017816725666,0.6191071226771528,0.983432496410592,0.1824077911306522
pilot-meta-social-circle-ga,2026-08-11,1,37.32744358226693,0.698195856248417,0.9835218294267144,0.1531617510907962
pilot-meta-social-circle-ga,2026-08-11,2,35.1307692493194,0.78171047085137,0.9841759556104256,0.1450719978247187
pilot-meta-social-circle-ga,2026-08-11,3,35.871671399286825,0.7611124086676249,0.9836201619307956,0.1462338290318668
pilot-meta-social-circle-ga,2026-08-11,4,36.00569933892081,0.7715611125701413,0.9833711049178766,0.1478260554885008
pilot-meta-social-circle-ga,2021-11-17,3,20.080347624269784,0.6639804380659267,0.9830347942021236,0.1106793292986375
pilot-meta-social-circle-ga,2021-11-17,4,20.816228403152135,0.6352384809415123,0.9816774487713752,0.1316178000652678
pilot-meta-social-circle-ga,2021-11-17,0,21.254260943971648,0.3481081049218418,0.9809054084578888,0.1651008207014576
pilot-meta-social-circle-ga,2021-11-17,1,21.033500645527532,0.5205132710078494,0.981774299812798,0.134325826403377
pilot-meta-social-circle-ga,2021-11-17,2,20.003612843026552,0.6483397378184388,0.982880994006252,0.108238667523312
pilot-meta-social-circle-ga,2021-11-17,3,20.360071128749645,0.6524537634293188,0.9826753537746966,0.1151338195275411
pilot-meta-social-circle-ga,2021-11-17,4,20.65633501956615,0.6499063567861405,0.98228482335586,0.1273180288394558
pilot-meta-social-circle-ga,2021-11-22,1,14.881119665766114,0.4589709725643529,0.9756900444115468,0.13228791894245
pilot-meta-social-circle-ga,2021-11-22,2,14.218235918553036,0.6655802047927939,0.9811886105122952,0.1079029478769038
pilot-meta-social-circle-ga,2021-11-22,3,15.123518013649242,0.6410616625155431,0.9813249370659496,0.135483470248185
pilot-meta-social-circle-ga,2021-11-22,4,15.68356237637206,0.6635586755151944,0.9809233852993022,0.137639658163244
pilot-meta-social-circle-ga,2022-01-05,0,13.29274616507693,0.3698521831409826,0.9804228350413944,0.1311336058683774
pilot-meta-social-circle-ga,2022-01-05,1,13.32236545911752,0.4538831719045936,0.980559611613982,0.123354641440379
pilot-meta-social-circle-ga,2022-01-05,2,12.38736386947972,0.5538435941308597,0.9813965277444584,0.0968907297800161
pilot-meta-social-circle-ga,2022-01-05,3,12.808854961696555,0.5611858184936503,0.9811321328126466,0.1073210492473705
pilot-meta-social-circle-ga,2022-01-05,4,13.11682185854236,0.5779858594501557,0.9811300666767744,0.115417832304423
pilot-meta-social-circle-ga,2022-02-06,0,9.3391572227974,0.2806917876389824,0.9800527408872568,0.1649096461060737
pilot-meta-social-circle-ga,2022-02-06,1,9.076550837530704,0.4203633560016699,0.9805702838964602,0.1323852424190676
pilot-meta-social-circle-ga,2022-02-06,2,8.030057151447629,0.5277149011294084,0.981322116645548,0.1038698567932373
pilot-meta-social-circle-ga,2022-02-06,3,8.398433728782384,0.5374007604319466,0.9811321840344184,0.1134533603678459
pilot-meta-social-circle-ga,2022-02-06,4,8.846842252809102,0.5412333296678753,0.9808806060547072,0.1267154809076506
pilot-meta-social-circle-ga,2022-02-22,0,17.12398063751836,0.2410776837245797,0.9802797007920212,0.1661766108734233
pilot-meta-social-circle-ga,2022-02-22,1,20.055940231816944,0.5121897293103669,0.9815950429999568,0.1283976743510171
pilot-meta-social-circle-ga,2022-02-22,2,20.341760461613404,0.5032267061005766,0.9802788718418642,0.1226001254510531
pilot-meta-social-circle-ga,2022-02-22,3,20.86546460302944,0.5368660105432312,0.9801597771943938,0.1370358204058777
pilot-meta-social-circle-ga,2022-02-22,4,19.748818107433497,0.5661433785604432,0.981075179729638,0.1417543903327562
pilot-meta-social-circle-ga,2022-03-26,0,21.67819700208051,0.2839046702012989,0.9803258857444258,0.201514602043987
pilot-meta-social-circle-ga,2022-03-26,1,21.247320701676134,0.4246988578000182,0.980944280612833,0.1568931262881846
pilot-meta-social-circle-ga,2022-03-26,2,19.83858511590553,0.5278568160810667,0.981791929982642,0.1301440096815833
pilot-meta-social-circle-ga,2022-03-26,3,19.76872147493056,0.5594250224545558,0.9819332953729136,0.1384399142113843
pilot-meta-social-circle-ga,2022-03-26,4,19.98349620939304,0.5737826110711395,0.9816796912475694,0.1459160352268913
pilot-meta-social-circle-ga,2022-04-11,3,7.450361895714313,0.7647713771326983,0.9818857142857144,0.2158699019642857
pilot-meta-social-circle-ga,2022-04-11,4,6.061892997500025,0.7770867488048395,0.9786500000000004,0.2056147008333333
pilot-meta-social-circle-ga,2022-04-27,0,29.941038791873925,0.4086051294949808,0.981986482394238,0.2163595785566865
pilot-meta-social-circle-ga,2022-04-27,1,27.643122827899333,0.607710001131441,0.9835836483487844,0.1769123873399142
pilot-meta-social-circle-ga,2022-04-27,2,23.811698807363584,0.7787729932877081,0.9857382390997989,0.1645702259664341
pilot-meta-social-circle-ga,2022-04-27,3,24.651657388040046,0.7663267194441864,0.9853292605569606,0.1664488263713567
pilot-meta-social-circle-ga,2022-04-27,4,25.364453528975844,0.7527952526854904,0.9845397591074624,0.1700587976421199
pilot-meta-social-circle-ga,2022-05-29,0,33.3149172032286,0.4566991729392832,0.9824231196088462,0.2159028213523431
pilot-meta-social-circle-ga,2022-05-29,1,29.37037943707215,0.740986195421237,0.9849510767618262,0.1675268272280468
pilot-meta-social-circle-ga,2022-05-29,2,28.65973749454307,0.8118749689974697,0.9859176386104158,0.1856257688072889
pilot-meta-social-circle-ga,2022-05-29,3,29.96425990912246,0.7524216507129511,0.9846719271765036,0.1846491781154569
pilot-meta-social-circle-ga,2022-05-29,4,31.210203281079547,0.7131783689402525,0.983326136624193,0.1872854051215908
pilot-meta-social-circle-ga,2022-06-14,0,40.767899733711545,0.4338396274362569,0.9822218471499772,0.2157739435434434
pilot-meta-social-circle-ga,2022-06-14,1,38.41852222977288,0.6089087018692327,0.9834921007160238,0.1807503592409541
pilot-meta-social-circle-ga,2022-06-14,2,34.74717795509924,0.7614807424430096,0.9852995652662464,0.1711338088250155
pilot-meta-social-circle-ga,2022-06-14,3,36.58524794825185,0.7313782528409227,0.984612877202727,0.172178152378782
pilot-meta-social-circle-ga,2022-06-14,4,37.89439716835615,0.7064291931493003,0.9836138530446966,0.1742477197615429
pilot-meta-social-circle-ga,2022-06-30,0,37.814663143297985,0.4169241493164491,0.9818101237677774,0.2320398021618551
pilot-meta-social-circle-ga,2022-06-30,1,35.63505620045665,0.6108330748188503,0.9831177186717528,0.1851507104776605
pilot-meta-social-circle-ga,2022-06-30,2,32.157484888086685,0.7913730335792959,0.9852227213051,0.1754851559284648
pilot-meta-social-circle-ga,2022-06-30,3,32.7943769500976,0.7426137723457688,0.9843192028126408,0.1783348698894039
pilot-meta-social-circle-ga,2022-06-30,4,33.77118521998089,0.6986057535316246,0.98301344251235,0.1859790325221045
pilot-meta-social-circle-ga,2022-07-16,2,10.687548662272745,0.2086419655372115,0.9756272727272728,0.23974350625
pilot-meta-social-circle-ga,2022-07-16,3,13.715836700000011,0.1945639985049129,0.97705,0.2848967424999999
pilot-meta-social-circle-ga,2022-09-02,3,25.111657469466664,0.8183485346505138,0.9836475216759502,0.202779157458069
pilot-meta-social-circle-ga,2022-09-02,4,26.5724428746676,0.8354923900602498,0.983900044374722,0.1683885735878881
pilot-meta-social-circle-ga,2022-09-18,0,31.645196940396502,0.4587640269497695,0.9822330462696884,0.1968047997981611
pilot-meta-social-circle-ga,2022-09-18,1,29.845970528848397,0.6402069258622445,0.9834063835721096,0.1496685190793607
pilot-meta-social-circle-ga,2022-09-18,2,27.09845681080623,0.790934869026143,0.9850586176859129,0.1307774804682387
pilot-meta-social-circle-ga,2022-09-18,3,27.888587852965884,0.775003561346874,0.9846826877396596,0.1363611211310403
pilot-meta-social-circle-ga,2022-09-18,4,28.583003429491978,0.7619177490988948,0.9840049915835868,0.1439896667705917
pilot-meta-social-circle-ga,2022-10-04,0,26.972075128307704,0.3232680857273435,0.9799446153846152,0.2017805872307692
pilot-meta-social-circle-ga,2022-10-04,1,22.072349690396756,0.6184825168467291,0.9819905391658188,0.1903424843158698
pilot-meta-social-circle-ga,2022-10-04,2,23.69129080960031,0.6854888629395625,0.983344145399612,0.1651607275858465
pilot-meta-social-circle-ga,2022-10-04,3,23.655459001448477,0.6759235537104882,0.9826925854535548,0.1594460187493385
pilot-meta-social-circle-ga,2022-10-04,4,25.220410216225073,0.6946244913148285,0.9828554010243182,0.1606448082002758
pilot-meta-social-circle-ga,2022-10-20,0,12.84359954918289,0.4627028465107127,0.9820475567236564,0.1715496678954063
pilot-meta-social-circle-ga,2022-10-20,1,13.278941129047556,0.6165820702450551,0.9833930532340928,0.1390106682931435
pilot-meta-social-circle-ga,2022-10-20,2,13.422937519243252,0.6649752257818115,0.9834138479117775,0.1375158782572402
pilot-meta-social-circle-ga,2022-10-20,3,15.288244903788357,0.6578896922073851,0.9830329435718986,0.1413157451558054
pilot-meta-social-circle-ga,2022-10-20,4,16.732867919260116,0.6288966214233918,0.9821317741291208,0.1485869687990803
pilot-meta-social-circle-ga,2022-11-21,0,12.033658934451235,0.3525902131414742,0.9809005232228584,0.168506370762682
pilot-meta-social-circle-ga,2022-11-21,1,11.86237195094164,0.4798653738584533,0.9813348677275232,0.1278899101933928
pilot-meta-social-circle-ga,2022-11-21,2,10.838115143276584,0.610788347995337,0.982575699952501,0.1039950531391223
pilot-meta-social-circle-ga,2022-11-21,3,11.603327522434736,0.6047832990043006,0.9821781861169506,0.1105535815583516
pilot-meta-social-circle-ga,2022-11-21,4,12.257744694612072,0.5832041644733352,0.981472187203141,0.1193408740979153
pilot-meta-social-circle-ga,2022-12-23,0,-0.8837856232244197,0.3716166980986928,0.9806031032033874,0.1336690963547346
pilot-meta-social-circle-ga,2022-12-23,1,-1.3398665397815923,0.4520589603646167,0.9806787921860004,0.1097587833844585
pilot-meta-social-circle-ga,2022-12-23,2,-2.340039957866369,0.5427147931752804,0.9813493688786904,0.092392293286201
pilot-meta-social-circle-ga,2022-12-23,3,-1.888734550606988,0.5391509211695344,0.9809393298404284,0.1004017229661466
pilot-meta-social-circle-ga,2022-12-23,4,-1.4460333875828972,0.5335920955478134,0.9805682060693756,0.1083232407645203
pilot-meta-social-circle-ga,2023-01-08,4,8.469543729899936,0.4169272716243249,0.9744773756890494,0.1057368674632899
pilot-meta-social-circle-ga,2023-01-24,0,10.095517723319215,0.2935746765764462,0.980036689325652,0.15747385419904
pilot-meta-social-circle-ga,2023-01-24,1,9.983259112238608,0.4104327175031422,0.9804913762309988,0.122619021637278
pilot-meta-social-circle-ga,2023-01-24,2,8.955163946093766,0.5176954985468077,0.981152207937954,0.0977773993213216
pilot-meta-social-circle-ga,2023-01-24,3,9.554018976975495,0.5058735018012089,0.980650381090682,0.1065658864000626
pilot-meta-social-circle-ga,2023-01-24,4,10.03447927606438,0.4988378812311924,0.98021222970357,0.1164511680454809
pilot-meta-social-circle-ga,2023-03-13,0,18.51343130610865,0.3172587555468653,0.9805651108544609,0.1863160083257667
pilot-meta-social-circle-ga,2023-03-13,1,18.05546228031597,0.4485591649538138,0.981076478122216,0.1380414483634821
pilot-meta-social-circle-ga,2023-03-13,2,16.59589161178869,0.5501101467262025,0.981873598015493,0.1158240080899613
pilot-meta-social-circle-ga,2023-03-13,3,16.80563082893604,0.5679668221509048,0.981839379968038,0.1232377453074748
pilot-meta-social-circle-ga,2023-03-13,4,17.08530837817269,0.5928671385961292,0.9817818396783476,0.1321494999499771
pilot-meta-social-circle-ga,2023-03-29,0,21.28743234115166,0.3306209712608579,0.980817339311047,0.2002574407244986
pilot-meta-social-circle-ga,2023-03-29,1,20.563613340862393,0.4667201222704209,0.9814180292411137,0.1484544834715067
pilot-meta-social-circle-ga,2023-03-29,2,18.140714867282465,0.5783397721612193,0.9823925668057896,0.1283683577493168
pilot-meta-social-circle-ga,2023-03-29,3,17.619750949841322,0.5901581013002282,0.9822236073055692,0.1388278153934061
pilot-meta-social-circle-ga,2023-03-29,4,17.400241601860554,0.6139177851464459,0.9820699079516756,0.1466960783156229
pilot-meta-social-circle-ga,2023-04-30,2,14.170705658965758,0.7482241114969438,0.9841883353702162,0.2006200546932101
pilot-meta-social-circle-ga,2023-04-30,3,11.996096709893424,0.7858558278428082,0.9849961230920924,0.1821954221794658
pilot-meta-social-circle-ga,2023-04-30,4,12.490867769277733,0.8003932338666336,0.984732692250961,0.1627490745286699
pilot-meta-social-circle-ga,2023-05-16,3,20.847322074194636,0.746793619114719,0.9826352450557984,0.1697098222741731
pilot-meta-social-circle-ga,2023-05-16,4,27.026578802860637,0.7433900313092017,0.9839916752958768,0.220425215046647
pilot-meta-social-circle-ga,2023-06-17,0,29.7552521853135,0.4556061896818884,0.9823289886028652,0.2264500711663345
pilot-meta-social-circle-ga,2023-06-17,1,28.13057405877187,0.6804956595921255,0.983777649090275,0.1775599795320241
pilot-meta-social-circle-ga,2023-06-17,2,26.741862782099552,0.7295603354770743,0.9843297992061932,0.1800085113674761
pilot-meta-social-circle-ga,2023-06-17,3,28.209357254059395,0.695028813144301,0.983502190942334,0.1838846823060329
pilot-meta-social-circle-ga,2023-06-17,4,28.690833343887608,0.718802623908087,0.983749068753784,0.1831509581589538
pilot-meta-social-circle-ga,2023-07-03,0,22.974039504527425,0.5555120155474551,0.9830916200237968,0.2302126035025435
pilot-meta-social-circle-ga,2023-07-03,1,24.85061413433983,0.6116895518112471,0.9828150745580744,0.2204380816624688
pilot-meta-social-circle-ga,2023-07-03,2,27.375791137280043,0.7061629474279799,0.9837740470480028,0.2029399393640129
pilot-meta-social-circle-ga,2023-07-03,3,27.73788884920099,0.6971996176251277,0.983359254023294,0.196639749041902
pilot-meta-social-circle-ga,2023-07-03,4,28.91778717321422,0.7264327142947127,0.9836441664490818,0.1921055147801163
pilot-meta-social-circle-ga,2023-07-19,1,12.194529522433026,0.7071262316972864,0.9836016027325278,0.1672877726950867
pilot-meta-social-circle-ga,2023-07-19,2,15.927288014508806,0.6215784237417534,0.982531384728631,0.1788430181276863
pilot-meta-social-circle-ga,2023-07-19,3,15.546517439761908,0.6679141563450486,0.9824876551776816,0.1745219296784351
pilot-meta-social-circle-ga,2023-07-19,4,15.43373931290917,0.7016604365489857,0.9823986628143484,0.1722031398738149
pilot-meta-social-circle-ga,2023-08-04,0,30.64622665593234,0.4135972570504735,0.9817218945822724,0.2612441739268916
pilot-meta-social-circle-ga,2023-08-04,1,29.98796110467996,0.6118188718877469,0.9822416165639174,0.1891253835880393
pilot-meta-social-circle-ga,2023-08-04,2,29.947438010301585,0.7023815769159746,0.9838050632322136,0.1736908587698618
pilot-meta-social-circle-ga,2023-08-04,3,30.37096350239567,0.7033115142743683,0.9834991037162985,0.1779731035019987
pilot-meta-social-circle-ga,2023-08-04,4,31.085157826881815,0.7124702892303216,0.9832510515614512,0.1812577319788927
pilot-meta-social-circle-ga,2023-08-20,0,38.85730451008045,0.506074059299002,0.9829461237314026,0.2091554226936996
pilot-meta-social-circle-ga,2023-08-20,1,36.597098711154494,0.6596897062643147,0.9838428690303704,0.1623481961851198
pilot-meta-social-circle-ga,2023-08-20,2,33.59474262392624,0.7750002239827123,0.9850606818778548,0.1482306195441398
pilot-meta-social-circle-ga,2023-08-20,3,34.05140698016547,0.760175201047916,0.9846864164872334,0.1531908464016093
pilot-meta-social-circle-ga,2023-08-20,4,34.55890884749809,0.7527393901166789,0.984046138327185,0.1573682908070106
pilot-meta-social-circle-ga,2023-09-05,2,16.961976140782514,0.7566030166619538,0.9826202962962958,0.1576818446564787
pilot-meta-social-circle-ga,2023-09-05,3,18.281006360671565,0.7407234779500733,0.982503547862724,0.1645574878048882
pilot-meta-social-circle-ga,2023-09-05,4,20.28455354429106,0.7080795186015404,0.9808468742993282,0.174024679505745
pilot-meta-social-circle-ga,2023-09-21,0,23.876608059977784,0.4925997286312534,0.982342285087824,0.1866796104415143
pilot-meta-social-circle-ga,2023-09-21,1,24.326831282825644,0.5659058027462188,0.9818112749284228,0.1521019749141605
pilot-meta-social-circle-ga,2023-09-21,2,22.01217476708872,0.7630634561310157,0.9839498645701324,0.1408195033765049
pilot-meta-social-circle-ga,2023-09-21,3,22.335328244517186,0.7622406099170483,0.9842028418039768,0.1521338062636519
pilot-meta-social-circle-ga,2023-09-21,4,23.604201588425266,0.7322061927311851,0.9828388459283424,0.1534417079493518
pilot-meta-social-circle-ga,2023-10-07,0,27.02756588651567,0.4507264102042064,0.9822817422065386,0.1909103452568224
pilot-meta-social-circle-ga,2023-10-07,1,25.20024834610844,0.6078540730044321,0.9831626561941088,0.1398138029365347
pilot-meta-social-circle-ga,2023-10-07,2,22.86541907832997,0.7416828143229711,0.9845898551812516,0.1235119316435539
pilot-meta-social-circle-ga,2023-10-07,3,23.79270154602639,0.7108633403913447,0.983935787773351,0.1297139407791365
pilot-meta-social-circle-ga,2023-10-07,4,24.437596862191473,0.6956333414722037,0.9832220228549916,0.1348801126027027
pilot-meta-social-circle-ga,2023-10-23,0,12.971656296285245,0.3978671105725969,0.9814674461641988,0.1699671557919637
pilot-meta-social-circle-ga,2023-10-23,1,12.528492099527975,0.5158587327329163,0.981785066600379,0.1337250624929559
pilot-meta-social-circle-ga,2023-10-23,2,11.45503000829953,0.6310127616786169,0.982733850535615,0.1216983210447809
pilot-meta-social-circle-ga,2023-10-23,3,12.20766855392577,0.6077845784489433,0.982107595453995,0.1309237233430497
pilot-meta-social-circle-ga,2023-10-23,4,12.684588367316726,0.6018551036059012,0.9814681651193884,0.1357317614742463
pilot-meta-social-circle-ga,2023-11-08,0,26.421884545907048,0.3698024643875903,0.9814160438870904,0.1868100387073157
pilot-meta-social-circle-ga,2023-11-08,1,25.65624299172291,0.5056141646654417,0.9818673630517624,0.1332409741946108
pilot-meta-social-circle-ga,2023-11-08,2,24.386863912679313,0.6291692731716855,0.983041367025062,0.1148951415189699
pilot-meta-social-circle-ga,2023-11-08,3,24.834175174660892,0.6082132080039357,0.9825317089171348,0.1235850542433933
pilot-meta-social-circle-ga,2023-11-08,4,25.349219535272564,0.5990280923489489,0.9819359724026052,0.1308807578599501
pilot-meta-social-circle-ga,2023-11-24,0,17.701729186105286,0.3390974635765515,0.980795392583025,0.1736032047867599
pilot-meta-social-circle-ga,2023-11-24,1,17.471290429864535,0.4637427568362585,0.9810204883320504,0.1247327201732079
pilot-meta-social-circle-ga,2023-11-24,2,16.395372439298907,0.5707186537181942,0.9818411014540231,0.1039702201262434
pilot-meta-social-circle-ga,2023-11-24,3,16.527464069028962,0.5703251845213596,0.9815456046157908,0.1123918628374439
pilot-meta-social-circle-ga,2023-11-24,4,16.795930071427744,0.5723610547956994,0.981132632845136,0.1183519526602653
pilot-meta-social-circle-ga,2024-01-11,0,8.77209974018265,0.2929439121389097,0.979662008865745,0.1151403861384733
pilot-meta-social-circle-ga,2024-01-11,1,8.83839595436776,0.4059142709103452,0.979516223270422,0.0854132680491158
pilot-meta-social-circle-ga,2024-01-11,2,8.318185527240907,0.4855996184845199,0.979763989180458,0.0749706095382014
pilot-meta-social-circle-ga,2024-01-11,3,8.681095014064962,0.4955066469704379,0.9797864894832824,0.0832693025808102
pilot-meta-social-circle-ga,2024-01-11,4,9.12517457447956,0.4954420367016025,0.9797180579269524,0.0923555153557763
pilot-meta-social-circle-ga,2024-03-31,0,18.49194566981267,0.3452974549280074,0.9809303140118584,0.2067817647645704
pilot-meta-social-circle-ga,2024-03-31,1,17.97132651627753,0.4445472413599544,0.9808292214871556,0.160125377247093
pilot-meta-social-circle-ga,2024-03-31,2,16.86246525959774,0.5403365587065386,0.98140769709531,0.1404181569745871
pilot-meta-social-circle-ga,2024-03-31,3,16.596990582391758,0.5608779453135164,0.9814205910162368,0.1484746015002974
pilot-meta-social-circle-ga,2024-03-31,4,16.337332200119324,0.5802360849095287,0.9812312409678108,0.1538547550680634
pilot-meta-social-circle-ga,2024-05-02,0,35.92761657118086,0.457848749119096,0.9824694700083656,0.2321220646993901
pilot-meta-social-circle-ga,2024-05-02,1,33.52321654327933,0.6210777931516387,0.9834593332989772,0.1845637190196337
pilot-meta-social-circle-ga,2024-05-02,2,30.0929215427192,0.7689929324035,0.9850220023139084,0.1710894921501282
pilot-meta-social-circle-ga,2024-05-02,3,30.86062271320455,0.7450945346904359,0.984553693182189,0.1794619302281828
pilot-meta-social-circle-ga,2024-05-02,4,30.861601452151262,0.7270944064063465,0.9837500971525824,0.182460599678032
pilot-meta-social-circle-ga,2024-06-03,1,21.82163864609188,0.6836806563044814,0.9834699957339909,0.2054178373657391
pilot-meta-social-circle-ga,2024-06-03,2,20.20076353611553,0.7925154351252126,0.9852221466146156,0.2134544640800325
pilot-meta-social-circle-ga,2024-06-03,3,24.16952064581132,0.7027233909722931,0.9836983316203316,0.2113604395077261
pilot-meta-social-circle-ga,2024-06-03,4,25.569270669151596,0.6934440886277977,0.9835600853407503,0.1982646807779858
pilot-meta-social-circle-ga,2024-06-19,2,18.65528550955889,0.7567116307204198,0.984396953060056,0.2278838856197572
pilot-meta-social-circle-ga,2024-06-19,3,19.728526244037933,0.6878174324393597,0.98326934929217,0.1997127136175151
pilot-meta-social-circle-ga,2024-06-19,4,23.802481870450915,0.6172830586614222,0.981415733712768,0.16717096656414
pilot-meta-social-circle-ga,2024-07-05,1,42.109033242175144,0.5892966417470302,0.9822849993139524,0.1847816301083118
pilot-meta-social-circle-ga,2024-07-05,2,38.22212322991616,0.7855477322311382,0.9849916078918788,0.1920148958866977
pilot-meta-social-circle-ga,2024-07-05,3,38.554337220140674,0.7462027806099505,0.9841779338248876,0.1954177430706389
pilot-meta-social-circle-ga,2024-07-05,4,40.72942989552675,0.685499609636294,0.9828764470463028,0.1942747924087366
pilot-meta-social-circle-ga,2024-08-22,0,33.97204537160134,0.51383242594163,0.9828698564984903,0.2176100843012372
pilot-meta-social-circle-ga,2024-08-22,1,31.7268019891124,0.6072233510432568,0.98263340965071,0.17622573117418
pilot-meta-social-circle-ga,2024-08-22,2,28.21592937255156,0.7367872980732375,0.9839454833146982,0.1583784610912925
pilot-meta-social-circle-ga,2024-08-22,3,28.441607306092916,0.736979663605607,0.9839473257899384,0.1580935593345851
pilot-meta-social-circle-ga,2024-08-22,4,29.56165020926088,0.7139320038196868,0.98290493503089,0.1693987975300679
pilot-meta-social-circle-ga,2024-09-07,0,33.89758797849422,0.4889022796441405,0.9826939448364926,0.1964549666142631
pilot-meta-social-circle-ga,2024-09-07,1,31.76351812772202,0.6324004095201663,0.9834074818569316,0.150981868586792
pilot-meta-social-circle-ga,2024-09-07,2,29.40659252372507,0.7702609538699378,0.984962622625214,0.1347922597218782
pilot-meta-social-circle-ga,2024-09-07,3,30.045937903456057,0.7361983662173457,0.9842532533919692,0.1392296453564604
pilot-meta-social-circle-ga,2024-09-07,4,30.69229594571338,0.7058398793115683,0.9832975416604868,0.1460016960214765
pilot-meta-social-circle-ga,2024-09-23,0,39.77457192476757,0.4681921752423791,0.9825261717471168,0.1901420919988583
pilot-meta-social-circle-ga,2024-09-23,1,37.78572512352426,0.6101120252955806,0.983145454531676,0.1446748457861164
pilot-meta-social-circle-ga,2024-09-23,2,35.13677801728999,0.7501442956825425,0.9846538339621084,0.1292833200809089
pilot-meta-social-circle-ga,2024-09-23,3,36.06874267253875,0.7128752050764584,0.9839216440015394,0.1340655032279567
pilot-meta-social-circle-ga,2024-09-23,4,37.22986114371179,0.6753520608642475,0.9828886504858452,0.1409172196791093
pilot-meta-social-circle-ga,2024-10-09,0,29.474245550222356,0.4862135544433414,0.9827329894329048,0.1872696711736504
pilot-meta-social-circle-ga,2024-10-09,1,27.62145395938169,0.6216194277507444,0.9833724357186604,0.1427418115455487
pilot-meta-social-circle-ga,2024-10-09,2,25.228319565643744,0.7496161567746225,0.9847552845685534,0.1266716643994211
pilot-meta-social-circle-ga,2024-10-09,3,25.878427772533456,0.7235219045167188,0.9841708649860152,0.1318185408744694
pilot-meta-social-circle-ga,2024-10-09,4,26.599834256769288,0.7039049863327996,0.9833948019188252,0.1395741485177879
pilot-meta-social-circle-ga,2024-10-25,0,28.076579285054,0.4580572639363272,0.9824099487104876,0.1801505787479365
pilot-meta-social-circle-ga,2024-10-25,1,26.40839823863383,0.5817459832422521,0.9829634681609564,0.1381251988482127
pilot-meta-social-circle-ga,2024-10-25,2,24.350693569227957,0.7146006466726318,0.9844084355514292,0.1201789872066507
pilot-meta-social-circle-ga,2024-10-25,3,25.09806197120294,0.6896203466230756,0.9838281794905251,0.1270368682046761
pilot-meta-social-circle-ga,2024-10-25,4,26.111493023761053,0.6664940438907135,0.9830162479579212,0.1361323633603556
pilot-meta-social-circle-ga,2024-12-12,0,10.85552307568507,0.3553435836972828,0.9808791195300272,0.1518965967780755
pilot-meta-social-circle-ga,2024-12-12,1,10.355136815451308,0.4608191886763602,0.9809236086377464,0.1154252729139957
pilot-meta-social-circle-ga,2024-12-12,2,9.4468243899032,0.5585470368581419,0.9816225002380724,0.0960883604009303
pilot-meta-social-circle-ga,2024-12-12,3,9.716043388333548,0.5523627665708152,0.9812599530910652,0.1032314393270925
pilot-meta-social-circle-ga,2024-12-12,4,10.01871836201794,0.5576475298822722,0.9810138924785,0.1132297730250632
pilot-meta-social-circle-ga,2025-01-29,0,15.903872797259485,0.3166839190800892,0.9805691308064454,0.1663837147356864
pilot-meta-social-circle-ga,2025-01-29,1,15.666110753011468,0.4174802173412708,0.9805102767403968,0.1269173221627358
pilot-meta-social-circle-ga,2025-01-29,2,14.97741496676354,0.4995558388342096,0.9809954844777516,0.1049348811117597
pilot-meta-social-circle-ga,2025-01-29,3,15.085555881132256,0.4959646716129918,0.9806098255207876,0.1142278700554242
pilot-meta-social-circle-ga,2025-01-29,4,15.332037770339186,0.4990702691215218,0.9803034224284256,0.1243725260373233
pilot-meta-social-circle-ga,2025-02-14,0,13.255725217472277,0.3293416373620975,0.9806272111782034,0.1674951611355305
pilot-meta-social-circle-ga,2025-02-14,1,12.573968765656463,0.4199263471682886,0.9804483141651404,0.1287483151695887
pilot-meta-social-circle-ga,2025-02-14,2,11.576156503722878,0.5023570600518467,0.9809554019908509,0.1074006879894823
pilot-meta-social-circle-ga,2025-02-14,3,11.917218346659409,0.5041636632603539,0.9806302384692944,0.1139473032622619
pilot-meta-social-circle-ga,2025-02-14,4,12.24575845584382,0.5172875759904468,0.9804791907547564,0.1237958513568346
pilot-meta-social-circle-ga,2025-03-18,0,27.44376370403788,0.3389439611801612,0.9808348964206468,0.1899398493471046
pilot-meta-social-circle-ga,2025-03-18,1,26.512952004315903,0.4190724879972233,0.9806173518694782,0.1482341000054489
pilot-meta-social-circle-ga,2025-03-18,2,25.06765792004576,0.4974926238236464,0.9811331675659808,0.1262398543088532
pilot-meta-social-circle-ga,2025-03-18,3,24.96031279603045,0.5181491397424783,0.9810723492646932,0.1344715762356489
pilot-meta-social-circle-ga,2025-03-18,4,24.916718779923716,0.5422729684686841,0.980999541126834,0.1429814617536598
pilot-meta-social-circle-ga,2025-04-03,2,26.76963486000002,0.7030456141780907,0.9829166666666668,0.0778382929166666
pilot-meta-social-circle-ga,2025-04-03,3,28.569735787136143,0.6484940870795814,0.9799193063205888,0.1757581651300518
pilot-meta-social-circle-ga,2025-04-03,4,28.40046284400068,0.6831780193864861,0.9813051540603452,0.1956307709284625
pilot-meta-social-circle-ga,2025-04-19,0,31.706271807951524,0.4714794989636283,0.9826425784802296,0.2044041127627903
pilot-meta-social-circle-ga,2025-04-19,1,29.30860203601148,0.591833024938111,0.9831815565148349,0.1708091228417323
pilot-meta-social-circle-ga,2025-04-19,2,26.34629862715762,0.7220890048595126,0.9846560112168584,0.15872668010704
pilot-meta-social-circle-ga,2025-04-19,3,26.913680077755977,0.7061664705242569,0.9842069926155174,0.1619614475453014
pilot-meta-social-circle-ga,2025-04-19,4,27.686876174000023,0.7030611032906918,0.9835952058091356,0.164166215006855
pilot-meta-social-circle-ga,2025-05-05,0,29.028842188432908,0.5372488698115343,0.9831085376649144,0.2343208660484101
pilot-meta-social-circle-ga,2025-05-05,1,26.50713057277809,0.6375100731788079,0.9836620784153292,0.1975952052213301
pilot-meta-social-circle-ga,2025-05-05,2,22.528512827765127,0.804102008222959,0.985679613604556,0.185088768634198
pilot-meta-social-circle-ga,2025-05-05,3,23.780958429488436,0.7324613869142815,0.9843080909391,0.1828018715180942
pilot-meta-social-circle-ga,2025-05-05,4,24.069264882855247,0.7741291130438097,0.9844970411829302,0.1846158058732614
pilot-meta-social-circle-ga,2025-05-21,0,33.489166137822195,0.5362510414551114,0.9833831008329996,0.211644292693347
pilot-meta-social-circle-ga,2025-05-21,1,31.44184842263974,0.650382536877489,0.983851573618764,0.1768563631054019
pilot-meta-social-circle-ga,2025-05-21,2,28.955326720537503,0.7841607452364481,0.9855737369794692,0.1730975567012387
pilot-meta-social-circle-ga,2025-05-21,3,29.39509039704026,0.7729377163097534,0.9853323848744776,0.1747101207736473
pilot-meta-social-circle-ga,2025-05-21,4,29.641756962570422,0.7614269000314243,0.9845915753742354,0.1751988279857558
pilot-meta-social-circle-ga,2025-06-06,0,34.220517334700766,0.5204954052432567,0.9825116328737498,0.2222860877213436
pilot-meta-social-circle-ga,2025-06-06,1,33.874422704823864,0.6075986909692005,0.982550190490851,0.186156029752386
pilot-meta-social-circle-ga,2025-06-06,2,31.218536304280818,0.8042604991317259,0.9855905729581796,0.1786802475498971
pilot-meta-social-circle-ga,2025-06-06,3,31.942136151109803,0.7568225888330561,0.9847455346114664,0.1769011670635868
pilot-meta-social-circle-ga,2025-06-06,4,32.35309445743968,0.7396689025220686,0.9837576393084452,0.1810749531198348
pilot-meta-social-circle-ga,2025-06-22,0,28.82231132388132,0.5089628374408232,0.9824707388240476,0.2224390683453763
pilot-meta-social-circle-ga,2025-06-22,1,27.02013111800161,0.6616125704457536,0.9837872795596662,0.1839318058557998
pilot-meta-social-circle-ga,2025-06-22,2,25.751369532961743,0.7399415539012868,0.984659975912084,0.1803903445285037
pilot-meta-social-circle-ga,2025-06-22,3,26.412260711090372,0.7226627042420003,0.983894266968772,0.1771726079415424
pilot-meta-social-circle-ga,2025-06-22,4,25.79850671428428,0.7267435918411457,0.9835618384705712,0.1800621013753098
pilot-meta-social-circle-ga,2025-07-08,0,44.137997190405194,0.5365303454760443,0.9833377764541132,0.2031431142649983
pilot-meta-social-circle-ga,2025-07-08,1,40.75388611995712,0.6601224673904242,0.9839147804642944,0.1727278895915686
pilot-meta-social-circle-ga,2025-07-08,2,37.45015835413241,0.7805508959539947,0.985313459704378,0.1638780778487352
pilot-meta-social-circle-ga,2025-07-08,3,38.14763686373946,0.7465225280104305,0.9845616473130072,0.1683584803101284
pilot-meta-social-circle-ga,2025-07-08,4,38.81742345097214,0.7276660848699754,0.9836597550228076,0.172123270102756
pilot-meta-social-circle-ga,2025-07-24,0,34.80239876379238,0.4668794033241451,0.9820665540476418,0.2605173573040239
pilot-meta-social-circle-ga,2025-07-24,1,34.9611621039891,0.5178763144867025,0.9799692061430672,0.2337636058450114
pilot-meta-social-circle-ga,2025-07-24,2,30.287019676407898,0.786139421238515,0.9848083294999642,0.1952664450935394
pilot-meta-social-circle-ga,2025-07-24,3,31.942016366572915,0.7237865863423071,0.983597283313278,0.1993244732661995
pilot-meta-social-circle-ga,2025-07-24,4,32.81324095642043,0.7094920725904099,0.983026222855114,0.1996467403001105
pilot-meta-social-circle-ga,2025-08-09,0,32.43566689438544,0.5557234630246093,0.98251324769146,0.2362199194227354
pilot-meta-social-circle-ga,2025-08-09,1,31.997274940212577,0.543987015741689,0.9815176379280696,0.242665809585272
pilot-meta-social-circle-ga,2025-08-09,2,28.087442111644407,0.7577484698582285,0.9834342662889806,0.1738157634755497
pilot-meta-social-circle-ga,2025-08-09,3,27.928979888282335,0.7332024454830263,0.9831345960073744,0.1748335146714336
pilot-meta-social-circle-ga,2025-08-09,4,28.702747372676605,0.7312808264910567,0.98177664232451,0.1871516472487719
pilot-meta-social-circle-ga,2025-08-25,0,35.927952765792895,0.5895710277425339,0.983121246953548,0.1809687331529822
pilot-meta-social-circle-ga,2025-08-25,1,33.73519353785936,0.6738516037108603,0.9831556531505592,0.1552922258554375
pilot-meta-social-circle-ga,2025-08-25,2,30.935932765382457,0.7858788237949802,0.9842896955223088,0.1383185405779578
pilot-meta-social-circle-ga,2025-08-25,3,31.344350939842116,0.7818525720096978,0.9839677843995924,0.1407358239133431
pilot-meta-social-circle-ga,2025-08-25,4,31.75336539087967,0.7660450667381776,0.9832319766421644,0.1468100542785079
pilot-meta-social-circle-ga,2025-09-10,0,32.21694497392345,0.5452341072637307,0.9832744907424243,0.1824614679537269
pilot-meta-social-circle-ga,2025-09-10,1,29.518356599541814,0.6548590092246985,0.983653356089222,0.1491925817072165
pilot-meta-social-circle-ga,2025-09-10,2,26.93307097340455,0.7679277322700396,0.984992670998969,0.134472062109742
pilot-meta-social-circle-ga,2025-09-10,3,27.602051993357392,0.7578571009765701,0.9846174095293224,0.1377351643211665
pilot-meta-social-circle-ga,2025-09-10,4,28.56079819935833,0.7301197418060029,0.9836777915342008,0.1444571207059556
pilot-meta-social-circle-ga,2025-10-12,0,21.22987952867121,0.4377544245710436,0.981998827343494,0.1844683478352576
pilot-meta-social-circle-ga,2025-10-12,1,18.996161230359206,0.5380921425878438,0.9822713609730594,0.1566893212298302
pilot-meta-social-circle-ga,2025-10-12,2,18.53241443080231,0.6311080235402842,0.9829300076768472,0.1377592309064713
pilot-meta-social-circle-ga,2025-10-12,3,18.229733474974495,0.6225127541564358,0.9823545605906064,0.1322585066170277
pilot-meta-social-circle-ga,2025-10-12,4,19.29767021757267,0.5877113875292884,0.981536297547093,0.1429408504672479
pilot-meta-social-circle-ga,2025-11-13,0,21.72650077938429,0.4018197556318326,0.9815677162525916,0.155515434546238
pilot-meta-social-circle-ga,2025-11-13,1,20.605782026039627,0.4997119452264146,0.9815658072494036,0.1260636194541007
pilot-meta-social-circle-ga,2025-11-13,2,19.59042246262028,0.6028174050052906,0.9824670172608426,0.1058962345431372
pilot-meta-social-circle-ga,2025-11-13,3,19.791167966781412,0.6051118880921026,0.982190231584173,0.1114395404825319
pilot-meta-social-circle-ga,2025-11-13,4,20.164649519738084,0.5864274058151504,0.9814798563649864,0.1197674175050921
pilot-meta-social-circle-ga,2025-11-29,0,11.150735468172885,0.372081524621092,0.980994718271434,0.1484591373907484
pilot-meta-social-circle-ga,2025-11-29,1,10.07651734440703,0.4657640124013747,0.9808608085788536,0.1196799244371002
pilot-meta-social-circle-ga,2025-11-29,2,9.092644518300684,0.5495712110388541,0.9814556232546552,0.1010098016230015
pilot-meta-social-circle-ga,2025-11-29,3,9.359047948044664,0.5583885274713233,0.981242351888564,0.106988859558382
pilot-meta-social-circle-ga,2025-11-29,4,9.805680560222168,0.551689971334471,0.9807653803887454,0.1158663405042316
pilot-meta-social-circle-ga,2025-12-15,0,6.2429811615276005,0.3612763786294252,0.9807436047251812,0.1454298258613678
pilot-meta-social-circle-ga,2025-12-15,1,4.8677007357793105,0.4505968305272471,0.980588034212648,0.1183141048320945
pilot-meta-social-circle-ga,2025-12-15,2,3.813650359518128,0.530553078146658,0.9811138317070508,0.0989759838463835
pilot-meta-social-circle-ga,2025-12-15,3,4.195603711745541,0.5386014321500264,0.9808493797400324,0.1044732204987424
pilot-meta-social-circle-ga,2025-12-15,4,4.800501348945535,0.5322132103731403,0.980390925497214,0.1136734667259652
pilot-meta-social-circle-ga,2025-12-31,0,10.197916126005708,0.3440398221093073,0.980565087210359,0.1485438097605646
pilot-meta-social-circle-ga,2025-12-31,1,9.360306950635556,0.4350859552777087,0.980338729858742,0.1191168768927352
pilot-meta-social-circle-ga,2025-12-31,2,8.589439627229508,0.5103020205373692,0.9807230878043184,0.099232891709837
pilot-meta-social-circle-ga,2025-12-31,3,8.942731399105748,0.5174225477687756,0.9804270865632716,0.1051277774856564
pilot-meta-social-circle-ga,2025-12-31,4,9.369188955302622,0.5147416916229544,0.9800394770885053,0.1139920793059578
pilot-meta-social-circle-ga,2026-01-16,0,8.161632342867495,0.3478102287825144,0.9806410457058672,0.1477889499891895
pilot-meta-social-circle-ga,2026-01-16,1,7.275992340443455,0.4353275409081604,0.980387521030561,0.1179750974191682
pilot-meta-social-circle-ga,2026-01-16,2,6.449257860697664,0.5138397957600378,0.9808129338005864,0.0972767802473916
pilot-meta-social-circle-ga,2026-01-16,3,6.804979490312276,0.5179014671922242,0.9805048747720788,0.1037240595460295
pilot-meta-social-circle-ga,2026-01-16,4,7.260625420242197,0.5224731683955182,0.9802401338765452,0.1123698812195899
pilot-meta-social-circle-ga,2026-02-01,0,0.431014643798228,0.263249750712278,0.9802204467406174,0.1895853322775494
pilot-meta-social-circle-ga,2026-02-01,1,-0.2131739251832958,0.3633149680977354,0.9793965214886632,0.1496587458092617
pilot-meta-social-circle-ga,2026-02-01,2,-0.6943095755255058,0.4306736174173837,0.9790498412171292,0.1224868287593594
pilot-meta-social-circle-ga,2026-02-01,3,-0.612592366951751,0.4078915013035973,0.9790005411561674,0.1464499812710445
pilot-meta-social-circle-ga,2026-02-01,4,-0.3903426721622655,0.4040812534136302,0.9793867629534764,0.1657383417314132
pilot-meta-social-circle-ga,2026-02-17,0,20.60845880337939,0.3549695129321438,0.9802648221236032,0.1534421678402307
pilot-meta-social-circle-ga,2026-02-17,1,19.550591721263356,0.4221819382868103,0.9798200171038391,0.1275917383442217
pilot-meta-social-circle-ga,2026-02-17,2,18.713251383994,0.4935592933664947,0.9800719577886924,0.1065270855592993
pilot-meta-social-circle-ga,2026-02-17,3,18.928842466549455,0.5025182720489038,0.9797245391096258,0.1130621951946918
pilot-meta-social-circle-ga,2026-02-17,4,19.134655576875016,0.5112443665923773,0.9794795094835648,0.1222514879094188
pilot-meta-social-circle-ga,2026-03-21,0,32.02961811938007,0.3651144021488696,0.9811280560001449,0.1727647147584932
pilot-meta-social-circle-ga,2026-03-21,1,30.693463913790595,0.425488417517175,0.9806818075167192,0.1448595452380692
pilot-meta-social-circle-ga,2026-03-21,2,29.5285369122432,0.4922570032691788,0.981044267992202,0.1263210526251921
pilot-meta-social-circle-ga,2026-03-21,3,29.32258131399795,0.5223090238457562,0.981111862931616,0.1322418693327994
pilot-meta-social-circle-ga,2026-03-21,4,29.144631179311876,0.5490839658540101,0.9810981768278828,0.1396900141180818
pilot-meta-social-circle-ga,2026-04-22,0,36.02297627993051,0.4737672291187503,0.9827119761922088,0.193633633411889
pilot-meta-social-circle-ga,2026-04-22,1,32.63028815677309,0.6024601142321907,0.983390689739844,0.1687602308009702
pilot-meta-social-circle-ga,2026-04-22,2,29.830801249861523,0.7390759419762423,0.98506210145265,0.1608072010222419
pilot-meta-social-circle-ga,2026-04-22,3,31.058598929942537,0.7078014415418753,0.9843459322731763,0.1622541343752818
pilot-meta-social-circle-ga,2026-04-22,4,32.18280507685353,0.6863946822060901,0.9834797381538054,0.1650810576271415
pilot-meta-social-circle-ga,2026-05-08,0,13.19514358277432,0.6638695654530197,0.9840217021632474,0.2126465557915644
pilot-meta-social-circle-ga,2026-05-08,1,13.09078860671923,0.6166645830452048,0.9825544428917702,0.2182725960194858
pilot-meta-social-circle-ga,2026-05-08,2,12.341795652719764,0.7201481963745475,0.9838831089264992,0.205880282027386
pilot-meta-social-circle-ga,2026-05-08,3,14.622175429697643,0.6891781707006935,0.9830256850339836,0.2004028665620013
pilot-meta-social-circle-ga,2026-05-08,4,14.873994470934097,0.6572021815880905,0.9820119570135728,0.1994237925618686
pilot-meta-social-circle-ga,2026-07-11,2,31.1197296657898,0.804092757078,0.9832544754290172,0.1460321925026813
pilot-meta-social-circle-ga,2026-07-11,3,32.08784380462473,0.761915821920471,0.9828967642786348,0.2018557450382788
pilot-meta-social-circle-ga,2026-07-11,4,33.041901847861055,0.7867057994024198,0.984630874378368,0.1955725352816661
pilot-meta-social-circle-ga,2026-08-12,0,18.43949425794308,0.5965482532377973,0.983716841843639,0.1903811601241887
pilot-meta-social-circle-ga,2026-08-12,1,14.418846581691971,0.7109459030518831,0.9840534652453632,0.1599593477618149
pilot-meta-social-circle-ga,2026-08-12,2,11.904437405075424,0.7670508683711327,0.9843582893479196,0.1566466223902728
pilot-meta-social-circle-ga,2026-08-12,3,14.134404853242454,0.7368717325173225,0.9835707926828756,0.159362341708977
pilot-meta-social-circle-ga,2026-08-12,4,16.9454170782074,0.740033302993979,0.9831424232986375,0.1608320410876625
pilot-meta-social-circle-ga,2026-08-28,0,30.72218679461351,0.5420884998079556,0.9830532645943528,0.1655744506363324
pilot-meta-social-circle-ga,2026-08-28,1,32.68695439296982,0.5828583008967372,0.9826406271404412,0.1593152781408539
pilot-meta-social-circle-ga,2026-08-28,2,29.29329802756714,0.7564635174198058,0.9846770796681018,0.1335282450348154
pilot-meta-social-circle-ga,2026-08-28,3,30.723859929039183,0.7254398631746607,0.9839664126616716,0.141293931692541
pilot-meta-social-circle-ga,2026-08-28,4,33.64333943121549,0.6995517547462432,0.9829845785441766,0.1475873980902402
pilot-meta-social-circle-ga,2026-09-13,0,41.20265913986459,0.511432446848125,0.9829574187916036,0.1698415995016891
pilot-meta-social-circle-ga,2026-09-13,1,38.126258988762935,0.6178814053014028,0.9833245378594532,0.1465601801839051
pilot-meta-social-circle-ga,2026-09-13,2,35.88938251939856,0.7441750705015414,0.984827272954607,0.1340804923426631
pilot-meta-social-circle-ga,2026-09-13,3,36.675443618360674,0.7041665649446518,0.9839087164343118,0.138494613599065
pilot-meta-social-circle-ga,2026-09-13,4,36.88017484179794,0.6744482777576151,0.9829719196570956,0.1425388467540597
pilot-meta-social-circle-ga,2026-09-29,0,35.488235281730574,0.4808798515831224,0.9820617320213892,0.1710072663757489
pilot-meta-social-circle-ga,2026-09-29,1,32.75210899113018,0.6002503409054211,0.9823604406780692,0.1431569445485036
pilot-meta-social-circle-ga,2026-09-29,2,30.46790324052293,0.7333985021622179,0.9836909710396312,0.1283317204031318
pilot-meta-social-circle-ga,2026-09-29,3,31.78794370518175,0.6918906562582194,0.982822493015006,0.1337908435093553
pilot-meta-social-circle-ga,2026-09-29,4,33.00158375047471,0.6546097983282241,0.981803132278034,0.1378152407288121
pilot-meta-social-circle-ga,2022-01-12,0,10.230081427487908,0.3133404866764741,0.9798066585791408,0.1407648507286606
pilot-meta-social-circle-ga,2022-01-12,1,10.307943404520568,0.4504057128967293,0.9801189526120322,0.1184749967129746
pilot-meta-social-circle-ga,2022-01-12,2,9.370367250660584,0.5532892845608516,0.980688045702588,0.0917009872565887
pilot-meta-social-circle-ga,2022-01-12,3,9.814438051421222,0.5676018579103731,0.9805407422005528,0.0992874337819856
pilot-meta-social-circle-ga,2022-01-12,4,10.23308678747672,0.5714288545558842,0.9802401642162876,0.110256984201565
pilot-meta-social-circle-ga,2022-02-13,0,12.91536227959573,0.2807828921955961,0.979744047489232,0.1623639205016654
pilot-meta-social-circle-ga,2022-02-13,1,12.64892954525019,0.4225697824351404,0.9799759010196109,0.1304303114974623
pilot-meta-social-circle-ga,2022-02-13,2,11.537583555821367,0.5244229137011004,0.9805321536650652,0.1035339035899513
pilot-meta-social-circle-ga,2022-02-13,3,11.936496913075748,0.534425631580164,0.9802485609374312,0.1125251309212777
pilot-meta-social-circle-ga,2022-02-13,4,12.193420300033424,0.53606502774547,0.9800001966769628,0.1224864404418016
pilot-meta-social-circle-ga,2022-03-01,0,21.422344309359666,0.2887701597250898,0.980008028915182,0.1639000249204751
pilot-meta-social-circle-ga,2022-03-01,1,21.198905113283647,0.4265660210722008,0.9803838994808032,0.1320114982325299
pilot-meta-social-circle-ga,2022-03-01,2,19.79657003740017,0.5269809354834568,0.981091673112478,0.1053541437099322
pilot-meta-social-circle-ga,2022-03-01,3,19.94482700610604,0.5501088496108372,0.9811004949880152,0.1127712161097672
pilot-meta-social-circle-ga,2022-03-01,4,20.25050742190212,0.5568805374587195,0.9807261221913954,0.1223592753333798
pilot-meta-social-circle-ga,2022-04-02,2,-23.726863389999977,0.4326780370397469,0.97605,0.116944865
pilot-meta-social-circle-ga,2022-04-02,3,-12.248211073368664,0.489196261984976,0.977888435263877,0.1744654195418914
pilot-meta-social-circle-ga,2022-04-02,4,-0.4344882088223274,0.5480907518717789,0.98000473436904,0.1279622168894346
pilot-meta-social-circle-ga,2022-05-04,0,34.98376017817642,0.462856069793601,0.9825093635943288,0.1892455262518691
pilot-meta-social-circle-ga,2022-05-04,1,33.67506568791951,0.6151977316535315,0.9835692999704556,0.1645362874196363
pilot-meta-social-circle-ga,2022-05-04,2,30.07165277043096,0.7785966416705762,0.9855853069859424,0.1528322410508371
pilot-meta-social-circle-ga,2022-05-04,3,30.890718010163177,0.7793961994899501,0.9854330253265288,0.1520796199778014
pilot-meta-social-circle-ga,2022-05-04,4,31.55996253713715,0.7601697542788002,0.9845185278087872,0.1537988817096657
pilot-meta-social-circle-ga,2022-05-20,0,38.16148591640299,0.4192133361145235,0.9820185130461542,0.2204195803586642
pilot-meta-social-circle-ga,2022-05-20,1,35.92622655585218,0.6012273184471961,0.9831219442891348,0.1810129487682498
pilot-meta-social-circle-ga,2022-05-20,2,31.715847842365605,0.7691732011133642,0.9850030790304012,0.168742678915065
pilot-meta-social-circle-ga,2022-05-20,3,33.235681878011796,0.7482094410877346,0.9844899529680684,0.1662281949211251
pilot-meta-social-circle-ga,2022-05-20,4,34.50735245479312,0.7073795025577535,0.9832815203442712,0.1688347777347485
pilot-meta-social-circle-ga,2022-06-05,0,36.13186416491823,0.4275828788369309,0.9819541946095268,0.2109752166519568
pilot-meta-social-circle-ga,2022-06-05,1,33.5314025310861,0.6248386676965951,0.9833045194865006,0.1679350293453256
pilot-meta-social-circle-ga,2022-06-05,2,29.621965214011976,0.7958015382285765,0.9852894002501064,0.1554436834694155
pilot-meta-social-circle-ga,2022-06-05,3,30.278246576993823,0.7651666853596495,0.9846173268797658,0.1540300213247035
pilot-meta-social-circle-ga,2022-06-05,4,31.16000574331827,0.7426659280328233,0.9836683665354984,0.1557078100200845
pilot-meta-social-circle-ga,2022-06-21,0,36.78878205592176,0.415541550291038,0.9819946436035863,0.2070137006959022
pilot-meta-social-circle-ga,2022-06-21,1,34.8835555303366,0.5950545479868657,0.9832225947062644,0.1678196331655602
pilot-meta-social-circle-ga,2022-06-21,2,31.70496313905012,0.7634489896939255,0.9852052063207892,0.1537366151610743
pilot-meta-social-circle-ga,2022-06-21,3,33.1932397105249,0.7199646120555798,0.9842903567290964,0.155586956233236
pilot-meta-social-circle-ga,2022-06-21,4,34.417505815459336,0.6961349379728616,0.9834442156472084,0.156777372660991
pilot-meta-social-circle-ga,2022-07-07,0,36.71989350329026,0.4618801059930813,0.9818615213841124,0.2079284298847108
pilot-meta-social-circle-ga,2022-07-07,1,35.906744814882515,0.669851041069119,0.9834000736085302,0.1643387063551008
pilot-meta-social-circle-ga,2022-07-07,2,33.89692562254062,0.7782872946315502,0.984777088890045,0.1521054577295592
pilot-meta-social-circle-ga,2022-07-07,3,34.05146238425187,0.753263024571483,0.9841636227332063,0.1516921569116056
pilot-meta-social-circle-ga,2022-07-07,4,34.320056799944396,0.7461088788023994,0.983776228048424,0.1596257957002931
pilot-meta-social-circle-ga,2022-07-23,0,36.93418421238237,0.4748687420394208,0.9819885625102244,0.1981233306680048
pilot-meta-social-circle-ga,2022-07-23,1,34.897476992819584,0.6619674448690236,0.9830829032556206,0.154905977700304
pilot-meta-social-circle-ga,2022-07-23,2,31.792896594520972,0.8146726346238662,0.9846035603882336,0.136393550463644
pilot-meta-social-circle-ga,2022-07-23,3,32.28435089312627,0.8072917974014462,0.9843389148258463,0.1407796211937676
pilot-meta-social-circle-ga,2022-07-23,4,32.73870586741229,0.8005119146577087,0.983653693851799,0.1468414821690395
pilot-meta-social-circle-ga,2022-08-08,4,20.02182606650551,0.7367844313418141,0.9831897854075616,0.1737164256577743
pilot-meta-social-circle-ga,2022-08-24,0,26.75686920916776,0.495709695925122,0.9821142334779172,0.2707016650339537
pilot-meta-social-circle-ga,2022-08-24,1,24.144141021721065,0.6639036548889347,0.9824501209554,0.215348011995402
pilot-meta-social-circle-ga,2022-08-24,2,22.555693818088468,0.7881349127682362,0.9836712317277836,0.1593121477926988
pilot-meta-social-circle-ga,2022-08-24,3,25.652119600615173,0.8058711282612112,0.9837252828997232,0.1516782847951905
pilot-meta-social-circle-ga,2022-08-24,4,21.382076591794288,0.78937759689944,0.9837597820263412,0.1297415695109544
pilot-meta-social-circle-ga,2022-10-11,0,23.26332093908687,0.5250323752750022,0.9821117132572136,0.1847069284744781
pilot-meta-social-circle-ga,2022-10-11,1,23.663541596690248,0.5554040585774853,0.9815435221438336,0.1650389981593304
pilot-meta-social-circle-ga,2022-10-11,2,22.932976776412797,0.6520173438459581,0.9824835917753204,0.1477208061511235
pilot-meta-social-circle-ga,2022-10-11,3,24.13330110961848,0.6454247177387814,0.9821720622925504,0.1463671558376568
pilot-meta-social-circle-ga,2022-10-11,4,24.311023518805413,0.6334040572865444,0.9816041685410338,0.1446862037367668
pilot-meta-social-circle-ga,2022-10-27,0,23.69769945359089,0.381347725285479,0.981615591207314,0.1844199836148407
pilot-meta-social-circle-ga,2022-10-27,1,22.819496346925565,0.5358858576873331,0.982408631855716,0.135183695812239
pilot-meta-social-circle-ga,2022-10-27,2,20.843530607524997,0.6903742649238055,0.984115244329294,0.113586455704947
pilot-meta-social-circle-ga,2022-10-27,3,21.62666121296002,0.6700388123798015,0.9836006942651968,0.1189864791030348
pilot-meta-social-circle-ga,2022-10-27,4,22.354578916486258,0.6394543257295533,0.9827068383248015,0.1251876491438517
pilot-meta-social-circle-ga,2022-11-28,0,17.920348285900733,0.312318153594553,0.9804918352325392,0.1639435142162936
pilot-meta-social-circle-ga,2022-11-28,1,17.89388648974438,0.4540669724245258,0.9809235305610584,0.1193174800395226
pilot-meta-social-circle-ga,2022-11-28,2,16.89361927377855,0.5729631964594941,0.9819749295588978,0.0973628910543907
pilot-meta-social-circle-ga,2022-11-28,3,17.116883323904858,0.5744883782469983,0.9817285718169204,0.1017566417855187
pilot-meta-social-circle-ga,2022-11-28,4,17.36824846791217,0.559042917231933,0.9810903897240631,0.1109395130259529
pilot-meta-social-circle-ga,2022-12-30,0,16.16158284033834,0.3128473517567856,0.980466122348836,0.1345151156442645
pilot-meta-social-circle-ga,2022-12-30,1,15.911586778276034,0.4538325543969477,0.9809426506848902,0.1054740673590575
pilot-meta-social-circle-ga,2022-12-30,2,15.27431706431132,0.5542085163550413,0.9817594547810896,0.0901951640985199
pilot-meta-social-circle-ga,2022-12-30,3,15.452881543651548,0.5331778517361023,0.98101305428467,0.1001561498924579
pilot-meta-social-circle-ga,2022-12-30,4,15.469860984120208,0.5097973158719198,0.9802804106573528,0.1144769476978641
pilot-meta-social-circle-ga,2023-01-15,0,10.239042975490456,0.2784627516842918,0.9802828835214362,0.1663048400106546
pilot-meta-social-circle-ga,2023-01-15,1,10.300003837910548,0.41302665137962,0.980716091886128,0.1178242815635583
pilot-meta-social-circle-ga,2023-01-15,2,9.11543407733836,0.5162535707870927,0.981505416372774,0.0935347368867482
pilot-meta-social-circle-ga,2023-01-15,3,9.556861766077397,0.5056254347934979,0.9811172628478912,0.1015349217145553
pilot-meta-social-circle-ga,2023-01-15,4,9.957560164955805,0.4942079225917128,0.9805486534614029,0.11005679869049
pilot-meta-social-circle-ga,2023-03-04,0,23.711657828407148,0.2986692636695683,0.9803157670428728,0.1782068633316517
pilot-meta-social-circle-ga,2023-03-04,1,23.74571016429065,0.4294290876833173,0.980653566517026,0.1290023701502227
pilot-meta-social-circle-ga,2023-03-04,2,22.41949690590188,0.5271206348425569,0.9813866161905868,0.1052868623755164
pilot-meta-social-circle-ga,2023-03-04,3,22.52696562324757,0.5410475070565446,0.9812274574162908,0.1126853019330732
pilot-meta-social-circle-ga,2023-03-04,4,22.674981442865473,0.5599762043230291,0.981169699867585,0.1195965699664069
pilot-meta-social-circle-ga,2023-03-20,0,16.537137422884275,0.2947156441361362,0.9800371203860216,0.1922333625377116
pilot-meta-social-circle-ga,2023-03-20,1,16.365999287667716,0.4307698964725613,0.9802729168559868,0.1378246744451209
pilot-meta-social-circle-ga,2023-03-20,2,14.548104125298249,0.535368593320086,0.9809254206434784,0.1145567791455053
pilot-meta-social-circle-ga,2023-03-20,3,14.90862698245184,0.5493466297152713,0.9807435105995124,0.1237920321864283
pilot-meta-social-circle-ga,2023-03-20,4,15.188922503024727,0.5689094229578747,0.9806914726614642,0.1293029801066985
pilot-meta-social-circle-ga,2023-04-05,0,25.010031573439328,0.406739646879266,0.9816576451762106,0.2035052873944044
pilot-meta-social-circle-ga,2023-04-05,1,24.96033994277839,0.5676151994739483,0.9827938338670854,0.1587533691605263
pilot-meta-social-circle-ga,2023-04-05,2,24.750957011230117,0.6078990302507449,0.982447403706021,0.1472771023249423
pilot-meta-social-circle-ga,2023-04-05,3,24.804576678714557,0.6096407397835985,0.9820655663511904,0.1539783228606879
pilot-meta-social-circle-ga,2023-04-05,4,26.53939707442546,0.6431950338123331,0.9822245950500051,0.1506773645923835
pilot-meta-social-circle-ga,2023-04-21,0,20.225708012083587,0.4224821591323609,0.982007920778583,0.2078243378002041
pilot-meta-social-circle-ga,2023-04-21,1,18.42014145148944,0.578069389219709,0.982775030442922,0.1626079879735349
pilot-meta-social-circle-ga,2023-04-21,2,15.807714385622935,0.7156008776493079,0.9841973603899756,0.1528844106608513
pilot-meta-social-circle-ga,2023-04-21,3,16.078311366725025,0.6846579258075232,0.983497932076862,0.1590692528477626
pilot-meta-social-circle-ga,2023-04-21,4,16.566850715972194,0.6931746997688099,0.983167195228598,0.1588547499018544
pilot-meta-social-circle-ga,2023-05-07,1,27.656157684927933,0.6139988637769832,0.9832019327721824,0.138347642350519
pilot-meta-social-circle-ga,2023-05-07,2,24.758718797489884,0.6912193293940667,0.983210944798524,0.1844301507221916
pilot-meta-social-circle-ga,2023-05-07,3,25.55996366927921,0.6773423206481581,0.983003442529895,0.1861779486436698
pilot-meta-social-circle-ga,2023-05-07,4,25.622042334378232,0.7829064865428631,0.9841517511957903,0.1367217944174446
pilot-meta-social-circle-ga,2023-06-08,0,35.19639211969123,0.5457940435444986,0.9815247286956176,0.1438507206057846
pilot-meta-social-circle-ga,2023-06-08,1,35.935505163209164,0.4470491335539771,0.980366069378037,0.1886543989182956
pilot-meta-social-circle-ga,2023-06-08,2,29.981452912052617,0.7681106325734833,0.984863308329286,0.1733881509471619
pilot-meta-social-circle-ga,2023-06-08,3,30.285079248712663,0.7735365762326446,0.9846946492562316,0.1778858801349644
pilot-meta-social-circle-ga,2023-06-08,4,32.15345517019319,0.7208283957189152,0.9829490656175404,0.1677235110725497
pilot-meta-social-circle-ga,2023-06-24,0,31.292346455287447,0.4879200487794498,0.9824297997929052,0.2182370760312217
pilot-meta-social-circle-ga,2023-06-24,1,29.23950726676765,0.6164157163103142,0.9826722574215874,0.1730868629273533
pilot-meta-social-circle-ga,2023-06-24,2,24.93874638870646,0.7276700815351921,0.983446498838036,0.1572280853846573
pilot-meta-social-circle-ga,2023-06-24,3,20.683456371974348,0.5875277609865072,0.981708669755858,0.1691046978317985
pilot-meta-social-circle-ga,2023-06-24,4,26.038314949856645,0.6597047335588936,0.9824400951038976,0.1795474518907789
pilot-meta-social-circle-ga,2023-07-10,0,23.13374204955106,0.732857214520015,0.9842074829931972,0.1322261775442177
pilot-meta-social-circle-ga,2023-07-10,1,26.21365910244258,0.854212532530855,0.9849710325251329,0.1367329822610585
pilot-meta-social-circle-ga,2023-07-10,2,25.0522120366648,0.879163540024925,0.9853084937891,0.168884982257074
pilot-meta-social-circle-ga,2023-07-10,3,24.548182292259817,0.8396940442089974,0.9849160986279064,0.1991872377937785
pilot-meta-social-circle-ga,2023-07-10,4,24.66820110258579,0.8654779290450224,0.9844655484141244,0.1612431743169076
pilot-meta-social-circle-ga,2023-07-26,0,39.38911045385316,0.496893051109831,0.9826658052087326,0.1974903787162526
pilot-meta-social-circle-ga,2023-07-26,1,37.49269256486633,0.658633234397556,0.9835943963819896,0.153507771885954
pilot-meta-social-circle-ga,2023-07-26,2,34.670450106954185,0.7852602536802186,0.984969714351264,0.1409769044713971
pilot-meta-social-circle-ga,2023-07-26,3,34.942523565445654,0.7622746122526752,0.9845677068615268,0.1463531834951624
pilot-meta-social-circle-ga,2023-07-26,4,35.440347663792075,0.7446734316986503,0.9838066427393288,0.1485431349365191
pilot-meta-social-circle-ga,2023-08-27,0,42.61962362460196,0.4930100515169037,0.9826883898551524,0.1939074647342364
pilot-meta-social-circle-ga,2023-08-27,1,40.129175017368574,0.6537670657740067,0.9835812382241942,0.1467114710151956
pilot-meta-social-circle-ga,2023-08-27,2,36.97062941161496,0.7789389345452848,0.9848794706372058,0.1312328536933673
pilot-meta-social-circle-ga,2023-08-27,3,37.68414005315168,0.7574552259878357,0.9844605861860464,0.136555578586351
pilot-meta-social-circle-ga,2023-08-27,4,38.408643635275375,0.7394995133236857,0.983595426422901,0.1389801128370236
pilot-meta-social-circle-ga,2023-09-12,0,38.46695266095964,0.4948965332617717,0.982817749395709,0.1857219667816526
pilot-meta-social-circle-ga,2023-09-12,1,36.40149436490792,0.6554908193053967,0.9837298876792512,0.1397633021126214
pilot-meta-social-circle-ga,2023-09-12,2,33.49715057928876,0.7804858591079571,0.9850754673069656,0.1240318932528126
pilot-meta-social-circle-ga,2023-09-12,3,33.960563045253195,0.7574670398057517,0.98458812641002,0.130020505629403
pilot-meta-social-circle-ga,2023-09-12,4,34.53482226758341,0.7430703292979102,0.9838942441984816,0.1327829332822099
pilot-meta-social-circle-ga,2023-10-14,0,21.929173616723673,0.4250736407789883,0.9811447063884112,0.1470859457688022
pilot-meta-social-circle-ga,2023-10-14,1,22.998203821627012,0.4971597597751525,0.9811432954057024,0.1122044818827606
pilot-meta-social-circle-ga,2023-10-14,2,21.326109522042454,0.7373941236412754,0.9834425355294673,0.1059503594292444
pilot-meta-social-circle-ga,2023-10-14,3,21.032963096874948,0.6616481846705415,0.9820289911856532,0.1233294774715699
pilot-meta-social-circle-ga,2023-10-14,4,21.309914487830827,0.6761925645240859,0.9818760125564266,0.1112795215831751
pilot-meta-social-circle-ga,2023-10-30,0,30.129379108840833,0.4026951383517513,0.9818350530687158,0.1786464565271455
pilot-meta-social-circle-ga,2023-10-30,1,29.042814655649813,0.5466321102143518,0.9823959491224568,0.12711386176252
pilot-meta-social-circle-ga,2023-10-30,2,27.487988787155764,0.6742417208564487,0.9836674561789084,0.1086229158642977
pilot-meta-social-circle-ga,2023-10-30,3,27.769019724785053,0.6553985848325913,0.9832685822502076,0.115381645174101
pilot-meta-social-circle-ga,2023-10-30,4,28.176589116043193,0.645334714360309,0.9825506540320426,0.1204027310342173
pilot-meta-social-circle-ga,2024-01-02,0,10.439356524299388,0.3047998639012023,0.9798910146665936,0.1604606828960276
pilot-meta-social-circle-ga,2024-01-02,1,10.362362295801072,0.4264623273645247,0.9797600382884112,0.1129927029688625
pilot-meta-social-circle-ga,2024-01-02,2,9.4330809996425,0.5163841412543607,0.9801456079713768,0.0920816328162706
pilot-meta-social-circle-ga,2024-01-02,3,9.75812265564682,0.5217929610924691,0.9798285324420172,0.1014194978979154
pilot-meta-social-circle-ga,2024-01-02,4,10.08174850292504,0.5206304060443846,0.9795336642986442,0.106569381759623
pilot-meta-social-circle-ga,2024-01-18,0,7.318260806285943,0.2961199120888477,0.979828577594825,0.1602928824128888
pilot-meta-social-circle-ga,2024-01-18,1,7.508639702321228,0.4152796043387293,0.9796990944366688,0.1162030148207199
pilot-meta-social-circle-ga,2024-01-18,2,6.6304936055624335,0.4994443511496506,0.9800428009681806,0.0947665856341607
pilot-meta-social-circle-ga,2024-01-18,3,6.831622867590427,0.5037319110211669,0.9797231956009252,0.1038374465276194
pilot-meta-social-circle-ga,2024-01-18,4,7.164068809081833,0.4968504958692163,0.9795496817232576,0.1094629090926247
pilot-meta-social-circle-ga,2024-02-03,0,15.835378526693216,0.2855024930409229,0.9802652777020529,0.1704423600477527
pilot-meta-social-circle-ga,2024-02-03,1,15.753794369424872,0.3993305945650781,0.9802589780871536,0.1216247058705008
pilot-meta-social-circle-ga,2024-02-03,2,14.89341357089094,0.4827478430279598,0.9807866509468444,0.0997536232535046
pilot-meta-social-circle-ga,2024-02-03,3,14.875695354768247,0.4932638852231388,0.9806379699585608,0.1091990398769097
pilot-meta-social-circle-ga,2024-02-03,4,15.132929349087942,0.4866012421105585,0.9803863179937738,0.1144889949603519
pilot-meta-social-circle-ga,2024-02-19,0,15.267070240193316,0.2893724346450445,0.980229662141287,0.1814349467487346
pilot-meta-social-circle-ga,2024-02-19,1,15.160525794075182,0.3973411482912619,0.9801399712533992,0.1296710202679506
pilot-meta-social-circle-ga,2024-02-19,2,13.870043337592737,0.4751422514271972,0.98052704412393,0.1080546079709056
pilot-meta-social-circle-ga,2024-02-19,3,13.304983528804938,0.4891367415573448,0.9802811947471204,0.1142882150194332
pilot-meta-social-circle-ga,2024-02-19,4,12.761835502462883,0.4872192110751543,0.9798793641289844,0.1177936810672007
pilot-meta-social-circle-ga,2024-04-07,0,22.71678919670334,0.3751436623890694,0.9813616301364873,0.2000552213033413
pilot-meta-social-circle-ga,2024-04-07,1,21.22819974152816,0.5017031307567135,0.981638655392184,0.1518311018252204
pilot-meta-social-circle-ga,2024-04-07,2,18.654832550332664,0.6167277884595035,0.9826966872545444,0.1334576684352238
pilot-meta-social-circle-ga,2024-04-07,3,18.751072050043067,0.6373928993891578,0.9827393058158288,0.1376916288248596
pilot-meta-social-circle-ga,2024-04-07,4,20.090831319800085,0.6508983983121229,0.9825184347839344,0.1406120022702418
pilot-meta-social-circle-ga,2024-04-23,0,27.253346830547468,0.4649056230730139,0.982530482707232,0.2012044784553556
pilot-meta-social-circle-ga,2024-04-23,1,25.684431875708285,0.6190757179384323,0.9833642050308076,0.1561352634189559
pilot-meta-social-circle-ga,2024-04-23,2,22.850676936831515,0.7683499704264029,0.9851563119521743,0.1439776121716245
pilot-meta-social-circle-ga,2024-04-23,3,23.35955068549185,0.7445567102577666,0.9846495604223778,0.1455060317054415
pilot-meta-social-circle-ga,2024-04-23,4,23.67784650312443,0.7347124758195452,0.9838759088067116,0.1481327206448426
pilot-meta-social-circle-ga,2024-06-10,3,-18.43064139999997,0.5552638635121908,0.97915,0.16462855875
pilot-meta-social-circle-ga,2024-06-10,4,23.78394855448277,0.7850069663982486,0.9829513409961688,0.1119032573898466
pilot-meta-social-circle-ga,2024-06-26,2,32.11682029624968,0.8171597536309506,0.9856893003198892,0.1808660193009916
pilot-meta-social-circle-ga,2024-06-26,3,32.23756981303352,0.7202350264865391,0.982846189926137,0.1533557944599156
pilot-meta-social-circle-ga,2024-06-26,4,34.47110168616318,0.6789720818940846,0.9820992517582788,0.1603039789745036
pilot-meta-social-circle-ga,2024-07-12,0,41.15609095329124,0.4753478567769539,0.9824391363611584,0.2182574744332826
pilot-meta-social-circle-ga,2024-07-12,1,38.36067354809054,0.633484070385579,0.9831495252258572,0.171540536872304
pilot-meta-social-circle-ga,2024-07-12,2,34.36982266316592,0.7781653026244859,0.9846597373854762,0.1577098767643924
pilot-meta-social-circle-ga,2024-07-12,3,35.47494249342032,0.7291195367999217,0.9837392706820908,0.15797475123375
pilot-meta-social-circle-ga,2024-07-12,4,35.83545208465869,0.7208667603563815,0.9834201901620148,0.1646447829855605
pilot-meta-social-circle-ga,2024-08-13,0,39.02193589995008,0.5153545267714599,0.9829682005706722,0.1993540452689102
pilot-meta-social-circle-ga,2024-08-13,1,35.99789959602624,0.6683741307202792,0.9837666266819344,0.1537814793903691
pilot-meta-social-circle-ga,2024-08-13,2,32.233890037729246,0.7950624635177079,0.9851203833713624,0.1384700524027157
pilot-meta-social-circle-ga,2024-08-13,3,32.13993896704586,0.7600670324354846,0.9844166062495332,0.1433406450097607
pilot-meta-social-circle-ga,2024-08-13,4,33.0534397001809,0.7346207413440413,0.9833998019586592,0.1454111332271783
pilot-meta-social-circle-ga,2024-08-29,0,36.06865197844226,0.6799784277625005,0.9813228139881378,0.1243658375446989
pilot-meta-social-circle-ga,2024-08-29,1,38.292482313857455,0.5710261302268163,0.9799464210022182,0.1458646380083067
pilot-meta-social-circle-ga,2024-08-29,2,35.471766463530486,0.806143499775325,0.9844680958253136,0.1404138722079368
pilot-meta-social-circle-ga,2024-08-29,3,36.57468502098677,0.7786493198201689,0.9838679258689064,0.147940692222869
pilot-meta-social-circle-ga,2024-08-29,4,36.52397389424774,0.7684164091863541,0.9836069997274876,0.1458857745347882
pilot-meta-social-circle-ga,2024-10-16,0,21.542446095172284,0.4756551717370129,0.9820606105628557,0.1787680468033025
pilot-meta-social-circle-ga,2024-10-16,1,19.720418594874165,0.6176322445176197,0.9824642044249772,0.1342354239601734
pilot-meta-social-circle-ga,2024-10-16,2,17.317012778471746,0.7541381848629093,0.9836933526196464,0.1161323132117245
pilot-meta-social-circle-ga,2024-10-16,3,18.26035448576638,0.7230759915492749,0.983006734559596,0.12180632540626
pilot-meta-social-circle-ga,2024-10-16,4,19.06407937250735,0.6989111924852074,0.98226955825985,0.1289407307738752
pilot-meta-social-circle-ga,2024-11-17,0,14.955021174669875,0.3924202789538924,0.9812652731584972,0.1708896131533859
pilot-meta-social-circle-ga,2024-11-17,1,14.575345895725462,0.5059247944635701,0.9812523885023836,0.1318412809007285
pilot-meta-social-circle-ga,2024-11-17,2,13.938634721641776,0.6113705141135842,0.9819995358569302,0.1112957654882941
pilot-meta-social-circle-ga,2024-11-17,3,14.240626962541691,0.595321503420653,0.981441100154491,0.1153993395393862
pilot-meta-social-circle-ga,2024-11-17,4,14.460579790685,0.5917890737046226,0.9810188468650176,0.116800937668999
pilot-meta-social-circle-ga,2024-12-03,0,9.489017755030554,0.3773896924810312,0.9813341538992784,0.157665950288141
pilot-meta-social-circle-ga,2024-12-03,1,8.670031613422523,0.4870060220627354,0.9813213789583364,0.1177833404453716
pilot-meta-social-circle-ga,2024-12-03,2,7.422479055688957,0.5832931384086402,0.982093560172814,0.1001265546927422
pilot-meta-social-circle-ga,2024-12-03,3,7.8940919054374525,0.5830208681364724,0.9817998521516498,0.1066319775283381
pilot-meta-social-circle-ga,2024-12-03,4,8.251256063720474,0.5853558365460118,0.9815176349491468,0.1146275310579254
pilot-meta-social-circle-ga,2024-12-19,0,12.818138777063028,0.3334348238589381,0.9803059796479292,0.1393646205016986
pilot-meta-social-circle-ga,2024-12-19,1,12.410719992544362,0.4336389597942744,0.9799525059665876,0.1177629879318846
pilot-meta-social-circle-ga,2024-12-19,2,11.8837379277721,0.5327980385003591,0.9806948335940509,0.0949518358542732
pilot-meta-social-circle-ga,2024-12-19,3,12.066684720517904,0.513554197972127,0.9801656889450756,0.1087762851794412
pilot-meta-social-circle-ga,2024-12-19,4,12.38320027947935,0.525087992194177,0.9798119802131904,0.1138263971375689
pilot-meta-social-circle-ga,2025-01-04,0,9.30912807618752,0.3287140010303009,0.9805818753066892,0.1546647805601294
pilot-meta-social-circle-ga,2025-01-04,1,8.779821230781899,0.4329776840260663,0.98046194165258,0.1157567685379559
pilot-meta-social-circle-ga,2025-01-04,2,7.99144476589797,0.517747641006782,0.9809599205073696,0.0938859088776531
pilot-meta-social-circle-ga,2025-01-04,3,8.244289046164251,0.5172056988258464,0.9807000449529818,0.1024541237575908
pilot-meta-social-circle-ga,2025-01-04,4,8.424353966009395,0.5200920193127282,0.980371787724282,0.1115915430380116
pilot-meta-social-circle-ga,2025-01-20,0,2.665744531530748,0.3254000259511011,0.9806795885357036,0.1547293164566409
pilot-meta-social-circle-ga,2025-01-20,1,2.202303002542591,0.4265752550470245,0.9805888156340308,0.1192032005815392
pilot-meta-social-circle-ga,2025-01-20,2,1.2535706190067863,0.5091816432708612,0.9811067917816236,0.0973347316719009
pilot-meta-social-circle-ga,2025-01-20,3,1.5984153514488046,0.5069289225545522,0.9807327322874064,0.1057758984876192
pilot-meta-social-circle-ga,2025-01-20,4,1.9267917877132965,0.5087804890973323,0.9805085805861752,0.1132508048675429
pilot-meta-social-circle-ga,2025-02-05,0,22.35880097144678,0.3208937508122806,0.980702160460172,0.1638845136142725
pilot-meta-social-circle-ga,2025-02-05,1,20.093394201119963,0.403750748063748,0.9804021333782308,0.129596364150581
pilot-meta-social-circle-ga,2025-02-05,2,18.896394615260636,0.4690491801997271,0.9805184035379838,0.1125923748129324
pilot-meta-social-circle-ga,2025-02-05,3,19.35030510765463,0.4786219651917067,0.9803272279036174,0.1162647637827034
pilot-meta-social-circle-ga,2025-02-05,4,18.90170598325896,0.4764830426985866,0.9799182413637768,0.1218409252337843
pilot-meta-social-circle-ga,2025-02-21,0,10.38485366308409,0.3240726768094729,0.9802366146884032,0.1636837697357127
pilot-meta-social-circle-ga,2025-02-21,1,9.445388058677787,0.4136753781531163,0.9798918007063958,0.1263256367491616
pilot-meta-social-circle-ga,2025-02-21,2,7.891674966828405,0.4915373608845921,0.9802134075860311,0.1041475507718251
pilot-meta-social-circle-ga,2025-02-21,3,8.388057129646972,0.4968106541664244,0.9798858181537128,0.1117364745028982
pilot-meta-social-circle-ga,2025-02-21,4,8.956819639355645,0.5031592119612365,0.9797103178453108,0.1194174692321409
pilot-meta-social-circle-ga,2025-03-25,0,26.601452897198097,0.3368904575980196,0.980527549388438,0.184554181438501
pilot-meta-social-circle-ga,2025-03-25,1,25.717557578964772,0.4196085095768182,0.9801750787578066,0.1452751965279924
pilot-meta-social-circle-ga,2025-03-25,2,24.279127652090143,0.5021048882477555,0.9806075967032304,0.1234718939561783
pilot-meta-social-circle-ga,2025-03-25,3,24.298728951346806,0.5237898459415852,0.9805203034210772,0.1313886399772141
pilot-meta-social-circle-ga,2025-03-25,4,24.318499764664764,0.5350857172761039,0.980245510897787,0.1379562116155359
pilot-meta-social-circle-ga,2025-04-10,0,28.50196193566767,0.4485346871671444,0.9824706536357524,0.1834766381077798
pilot-meta-social-circle-ga,2025-04-10,1,26.967938268095732,0.5683255871178516,0.9828873046957832,0.1472298022121388
pilot-meta-social-circle-ga,2025-04-10,2,24.616383624447856,0.6897817208080094,0.9842604988318028,0.1317893780328762
pilot-meta-social-circle-ga,2025-04-10,3,24.727284845416715,0.691753048179834,0.9840839820929416,0.136590127991006
pilot-meta-social-circle-ga,2025-04-10,4,24.952045016783583,0.6868330889587573,0.983546868678866,0.1419061061052972
pilot-meta-social-circle-ga,2025-04-26,0,26.358343135017357,0.6908903525453312,0.9853143271717876,0.1853166607611901
pilot-meta-social-circle-ga,2025-04-26,1,27.142825875100904,0.6059808517210782,0.9837277947965044,0.2180832319887541
pilot-meta-social-circle-ga,2025-04-26,2,25.56269504681512,0.722953173295764,0.984443408320168,0.1654826481250251
pilot-meta-social-circle-ga,2025-04-26,3,25.390857977240096,0.7249433038905502,0.9838479911924012,0.1751156619233065
pilot-meta-social-circle-ga,2025-04-26,4,25.577397994954367,0.7328014298654938,0.9839535935282762,0.1704642375197661
pilot-meta-social-circle-ga,2025-05-12,0,25.05610620058411,0.5715404863700505,0.9832781399462904,0.147869246574293
pilot-meta-social-circle-ga,2025-05-12,1,23.825577476895756,0.6925119703407758,0.9837245322997896,0.1369981764878182
pilot-meta-social-circle-ga,2025-05-12,2,22.006752850361057,0.7943430363379984,0.9848299786952078,0.1436518155903846
pilot-meta-social-circle-ga,2025-05-12,3,22.19283989314396,0.7757489823965183,0.9841051798384076,0.139523374425822
pilot-meta-social-circle-ga,2025-05-12,4,22.905034395568546,0.7761848505703625,0.9837247447986346,0.1400546371397828
pilot-meta-social-circle-ga,2025-06-29,0,40.805503300874705,0.57240498796491,0.9831319370899516,0.1921934556375094
pilot-meta-social-circle-ga,2025-06-29,1,39.21960306209073,0.6151726260999825,0.9826776786996716,0.1732766633792039
pilot-meta-social-circle-ga,2025-06-29,2,34.55169398437229,0.7765229610060301,0.9843986790961844,0.1533035637290399
pilot-meta-social-circle-ga,2025-06-29,3,34.78100607589201,0.7624004802284763,0.9841233080531208,0.1531850065760784
pilot-meta-social-circle-ga,2025-06-29,4,35.5027240572043,0.7444758207933534,0.9832084633275396,0.1576746910486268
pilot-meta-social-circle-ga,2025-07-15,0,39.71088678759668,0.5576394918774084,0.9828758128419018,0.183603937685786
pilot-meta-social-circle-ga,2025-07-15,1,37.3324062488269,0.672323561226302,0.9831650307761282,0.1551522472087929
pilot-meta-social-circle-ga,2025-07-15,2,34.519678103489824,0.7938769807750784,0.98434263309318,0.1403654372561942
pilot-meta-social-circle-ga,2025-07-15,3,34.97536617758237,0.77859142251163,0.983947582799722,0.1420285522021286
pilot-meta-social-circle-ga,2025-07-15,4,35.315471201763394,0.7589346659846536,0.9830846467154934,0.1461009837972526
pilot-meta-social-circle-ga,2025-07-31,0,37.4454686181036,0.553304755519897,0.9831491332455592,0.1850530101142521
pilot-meta-social-circle-ga,2025-07-31,1,35.684567692294806,0.67613960119908,0.9839502342760604,0.1730986566916618
pilot-meta-social-circle-ga,2025-07-31,2,34.02695466207908,0.7435651441433586,0.9843838445679542,0.1643880319210525
pilot-meta-social-circle-ga,2025-07-31,3,34.25879442054274,0.7218205250385615,0.9838224580313856,0.1664061463543132
pilot-meta-social-circle-ga,2025-07-31,4,33.97776519376779,0.7261641438922347,0.9830846877783326,0.16852672282063
pilot-meta-social-circle-ga,2025-08-16,0,38.34679078973099,0.6010355499383506,0.9834532781745824,0.1807016401662146
pilot-meta-social-circle-ga,2025-08-16,1,36.15364320252735,0.6842774301820191,0.9832997205612408,0.1495143745322126
pilot-meta-social-circle-ga,2025-08-16,2,33.14894633755918,0.7940691419999306,0.9843968545949752,0.1337993527801941
pilot-meta-social-circle-ga,2025-08-16,3,32.932989358111755,0.7902930865147771,0.9840348541224344,0.1359746385098015
pilot-meta-social-circle-ga,2025-08-16,4,33.09779299560797,0.7810962218171432,0.9836491625991056,0.1343701157250448
pilot-meta-social-circle-ga,2025-09-01,0,31.992256196236916,0.5713531027648161,0.9837343274630624,0.1867597553533408
pilot-meta-social-circle-ga,2025-09-01,1,29.311908614678725,0.6686152215479639,0.983971998115872,0.1556518400558688
pilot-meta-social-circle-ga,2025-09-01,2,25.96388811653032,0.7700246161558085,0.9849824539218508,0.141220733092952
pilot-meta-social-circle-ga,2025-09-01,3,26.738940333318,0.7586920451409473,0.9847036914946342,0.1428368319255345
pilot-meta-social-circle-ga,2025-09-01,4,27.78006640397503,0.7314093228795867,0.9838806656515808,0.14650250664272
pilot-meta-social-circle-ga,2025-09-17,0,34.211164625194726,0.537765321501159,0.98314024998637,0.1604971318026536
pilot-meta-social-circle-ga,2025-09-17,1,31.533009903548297,0.6475463269692997,0.9834224605150768,0.1337992216019566
pilot-meta-social-circle-ga,2025-09-17,2,29.083240220645852,0.7635941156043494,0.9846516841072644,0.117449428699423
pilot-meta-social-circle-ga,2025-09-17,3,29.65871150158141,0.7538165395798594,0.9843455646303412,0.1197214780145081
pilot-meta-social-circle-ga,2025-09-17,4,30.274976022929724,0.7170089226961875,0.983226340232481,0.1258278526488772
pilot-meta-social-circle-ga,2025-10-03,0,28.78752411052402,0.4929295083657694,0.9820263117241896,0.156999893643172
pilot-meta-social-circle-ga,2025-10-03,1,26.332693210757,0.6110639333322968,0.9822209229203388,0.129632160283566
pilot-meta-social-circle-ga,2025-10-03,2,24.265361864349305,0.7400291321322605,0.9833841325947436,0.1118573466649696
pilot-meta-social-circle-ga,2025-10-03,3,25.011230720762743,0.7229180879516072,0.9829483248104272,0.114901273519808
pilot-meta-social-circle-ga,2025-10-03,4,25.94291100241752,0.6816251110972313,0.981849917608292,0.121109894838738
pilot-meta-social-circle-ga,2025-11-04,0,22.189005223184154,0.4376792431657323,0.9818949262126762,0.151652166089601
pilot-meta-social-circle-ga,2025-11-04,1,20.56179688995667,0.5467487316521357,0.9819534093043268,0.1214565375003672
pilot-meta-social-circle-ga,2025-11-04,2,19.09721509933536,0.6650859810651071,0.9830754385327234,0.1011902178638501
pilot-meta-social-circle-ga,2025-11-04,3,19.440900810610184,0.6587878734105068,0.9827837836552036,0.1058855766229685
pilot-meta-social-circle-ga,2025-11-04,4,19.86248460729469,0.6307439620563892,0.9818829047363268,0.1127326694280511
pilot-meta-social-circle-ga,2025-12-22,0,14.049085838430036,0.3291000434509101,0.9804314841066448,0.1491856136111264
pilot-meta-social-circle-ga,2025-12-22,1,13.228942036057877,0.4212120691459771,0.9801495482028072,0.1199496213403974
pilot-meta-social-circle-ga,2025-12-22,2,12.573182831162187,0.4963258601718344,0.9805456863812332,0.0999447141323259
pilot-meta-social-circle-ga,2025-12-22,3,12.69075726795881,0.5033126114805067,0.9802289118510984,0.1060076666106207
pilot-meta-social-circle-ga,2025-12-22,4,13.079139091143894,0.5006308079247558,0.979977109184255,0.1127949583369447
pilot-meta-social-circle-ga,2026-01-07,4,10.325160859999984,,0.97665,-0.03659671
pilot-meta-social-circle-ga,2026-02-08,0,13.818717048939272,0.3332617960178662,0.9803130350035422,0.1484470569209806
pilot-meta-social-circle-ga,2026-02-08,1,12.348320921238187,0.4128401610916423,0.9798685464034926,0.120307593421648
pilot-meta-social-circle-ga,2026-02-08,2,11.442196976058892,0.4830690077947732,0.9801292599226684,0.0992666238136739
pilot-meta-social-circle-ga,2026-02-08,3,11.858354440373471,0.488782315643858,0.9797441920092286,0.1051586582883141
pilot-meta-social-circle-ga,2026-02-08,4,12.170675544239351,0.4906346609033102,0.9795065883961012,0.1125918457037529
pilot-meta-social-circle-ga,2026-02-24,0,12.9993932169939,0.3462679654603063,0.9810041141886128,0.1548130278569304
pilot-meta-social-circle-ga,2026-02-24,1,11.205522252678175,0.4162386265799534,0.9806440503020036,0.1264345875320635
pilot-meta-social-circle-ga,2026-02-24,2,9.900079847827588,0.4848977763099986,0.9810558044275268,0.1050043775798825
pilot-meta-social-circle-ga,2026-02-24,3,10.256982379875868,0.4948845359376936,0.980796838434292,0.1105512076542867
pilot-meta-social-circle-ga,2026-02-24,4,10.198228576371877,0.5010028762607659,0.9805633091214068,0.1174541479426102
pilot-meta-social-circle-ga,2026-03-12,0,17.768110912527973,0.3761572071880263,0.9805640904712588,0.1518632368030018
pilot-meta-social-circle-ga,2026-03-12,1,16.926438589135323,0.4398035588428086,0.980159517629311,0.132149042661321
pilot-meta-social-circle-ga,2026-03-12,2,16.54780139021411,0.5086773078265859,0.9804489728741336,0.1111074897735293
pilot-meta-social-circle-ga,2026-03-12,3,16.63277600731711,0.5352699738690225,0.9801886912784218,0.1132788648403698
pilot-meta-social-circle-ga,2026-03-12,4,16.730842760578906,0.5541220543129474,0.9803209655211692,0.1193413768050993
pilot-meta-social-circle-ga,2026-03-28,0,27.280175690938055,0.3877408273253065,0.9815231789433506,0.173619536211073
pilot-meta-social-circle-ga,2026-03-28,1,25.28955026440288,0.4692632762331034,0.9813476810369376,0.1431037679400326
pilot-meta-social-circle-ga,2026-03-28,2,23.44012048659769,0.5572510453600984,0.9820964704982628,0.122753596421156
pilot-meta-social-circle-ga,2026-03-28,3,23.308448958366803,0.5834532403324063,0.982150191478446,0.1289291589254424
pilot-meta-social-circle-ga,2026-03-28,4,23.26648056452617,0.5979576885851204,0.9820122891211625,0.1346764610207756
pilot-meta-social-circle-ga,2026-04-13,0,14.641890472277847,0.3963111617821366,0.9815526908414692,0.1676383958598326
pilot-meta-social-circle-ga,2026-04-13,1,12.614180468405872,0.5775950097490472,0.9820354649236852,0.151626850765677
pilot-meta-social-circle-ga,2026-04-13,2,10.550930646554164,0.7063863982848558,0.9837779604381108,0.1514560364550545
pilot-meta-social-circle-ga,2026-04-13,3,9.255391023819216,0.6899145759903232,0.9825139787111636,0.1604091977414015
pilot-meta-social-circle-ga,2026-04-13,4,14.5269960683563,0.6947287972415153,0.9827110958962524,0.1687829138525052
pilot-meta-social-circle-ga,2026-04-29,0,28.65434150135603,0.5029459975318644,0.9831036271195682,0.178995390656237
pilot-meta-social-circle-ga,2026-04-29,1,25.82878428236705,0.6284448144224477,0.9837110154910552,0.1548583494161471
pilot-meta-social-circle-ga,2026-04-29,2,22.742686342401285,0.7522428930050755,0.9852146289012268,0.1503210410202173
pilot-meta-social-circle-ga,2026-04-29,3,22.505259457763213,0.7181198381901828,0.9842607049319858,0.1467445058236014
pilot-meta-social-circle-ga,2026-04-29,4,24.02695231215771,0.7030029836736529,0.9835228465347428,0.1462019622182626
pilot-meta-social-circle-ga,2026-05-15,0,33.24168612730879,0.499510216258292,0.9823188898278912,0.1864141022003297
pilot-meta-social-circle-ga,2026-05-15,1,29.114434840310444,0.6308983707786728,0.9828656406947648,0.1650875372212579
pilot-meta-social-circle-ga,2026-05-15,2,25.99118091618404,0.7709673325189159,0.984309427843092,0.1555051155408763
pilot-meta-social-circle-ga,2026-05-15,3,27.50259882761347,0.7358595086281527,0.9835133661340308,0.1536490982240997
pilot-meta-social-circle-ga,2026-05-15,4,28.48356535504227,0.7095336761079625,0.9826683476714844,0.153570620659291
pilot-meta-social-circle-ga,2026-07-02,0,42.12525327671742,0.5692536347596973,0.98317488822856,0.1930757817947951
pilot-meta-social-circle-ga,2026-07-02,1,38.795775707857366,0.6688902460978428,0.9832545672488172,0.1686797702428535
pilot-meta-social-circle-ga,2026-07-02,2,35.471296007820364,0.7959817573095153,0.984604911468433,0.1568933553158649
pilot-meta-social-circle-ga,2026-07-02,3,36.19321074942522,0.7832182157417207,0.9841970371534556,0.1590124073877832
pilot-meta-social-circle-ga,2026-07-02,4,36.828739113583026,0.76936840845373,0.9831848526486656,0.1597315214288032
pilot-meta-social-circle-ga,2026-07-18,0,39.02307885843083,0.6010056563668179,0.983482107027971,0.177731556472339
pilot-meta-social-circle-ga,2026-07-18,1,36.43187346898545,0.6823053093595909,0.983563611166646,0.1546400112501703
pilot-meta-social-circle-ga,2026-07-18,2,33.33746596503602,0.7970291386053511,0.9847305898317278,0.142546191089395
pilot-meta-social-circle-ga,2026-07-18,3,33.88095719878024,0.7751838607259979,0.9842164434506752,0.1446964479594531
pilot-meta-social-circle-ga,2026-07-18,4,33.83951173718196,0.7540663955035846,0.9833320376730308,0.148848195149104
pilot-meta-social-circle-ga,2026-08-03,0,37.92000830397636,0.6218458093548325,0.9836946358795424,0.1937920093659469
pilot-meta-social-circle-ga,2026-08-03,1,34.50457690485073,0.6898406124845168,0.9834645778405902,0.1710442634638462
pilot-meta-social-circle-ga,2026-08-03,2,31.843581121957612,0.7988562525181104,0.984543614581914,0.1542686345144715
pilot-meta-social-circle-ga,2026-08-03,3,32.87068633743839,0.7681911379231688,0.9837174223478184,0.1505352632728127
pilot-meta-social-circle-ga,2026-08-03,4,32.423541222870846,0.7678723083249414,0.9837843535062416,0.1577778502344436
pilot-meta-social-circle-ga,2026-08-19,0,36.95344401865171,0.5763783654227075,0.9837246660487452,0.1783397622102574
pilot-meta-social-circle-ga,2026-08-19,1,34.69511131174775,0.6558311487802985,0.9837162278948048,0.1517302985651691
pilot-meta-social-circle-ga,2026-08-19,2,32.11283128207289,0.7709929338508166,0.985061974685478,0.1363720867284735
pilot-meta-social-circle-ga,2026-08-19,3,33.05913215591711,0.7482771696890144,0.9845950260479884,0.1396729787275421
pilot-meta-social-circle-ga,2026-08-19,4,33.789001668269215,0.7366189318046312,0.9837876152073364,0.1420843155950327
pilot-meta-social-circle-ga,2026-09-04,0,43.06514040260627,0.4593892203019283,0.981766934185806,0.19586121633367
pilot-meta-social-circle-ga,2026-09-04,1,38.64188170520459,0.6559770007635003,0.9823864091969478,0.1455025070504259
pilot-meta-social-circle-ga,2026-09-04,2,36.23085704389998,0.7516831919622116,0.983559604011174,0.1355893456515614
pilot-meta-social-circle-ga,2026-09-04,3,36.99243903742499,0.7206862075261088,0.9828870727101604,0.140209513593369
pilot-meta-social-circle-ga,2026-09-04,4,38.13645692412485,0.6828904213668666,0.9818127013344984,0.1376258747033877
pilot-meta-social-circle-ga,2026-09-20,3,24.173905564405,0.6684542342149827,0.9812233279854996,0.1169831252549508
pilot-meta-social-circle-ga,2026-09-20,4,28.589488141178222,0.6347836836075218,0.9821470856965112,0.1624329784308614
pilot-meta-social-circle-ga,2022-01-12,0,10.314355646319814,0.3470227867080271,0.9804130273832792,0.1404096784019501
pilot-meta-social-circle-ga,2022-01-12,1,10.271618863776954,0.4508003042097397,0.9807423063864352,0.1183891642494149
pilot-meta-social-circle-ga,2022-01-12,2,9.324219360725651,0.555026253953446,0.9814815057924456,0.0912583321774007
pilot-meta-social-circle-ga,2022-01-12,3,9.83988250970907,0.5663732646610603,0.9813211933731943,0.0999122822040894
pilot-meta-social-circle-ga,2022-01-12,4,10.33688988966523,0.5749549323930414,0.9811614215646044,0.1123764977207538
pilot-meta-social-circle-ga,2022-02-13,0,12.887677283559276,0.2816378482354582,0.980186005397743,0.1621406106726505
pilot-meta-social-circle-ga,2022-02-13,1,12.609734947792214,0.4221622976031174,0.9806529881015114,0.1304332341635769
pilot-meta-social-circle-ga,2022-02-13,2,11.48620882394572,0.5234972772928136,0.981402905100654,0.1036274076984004
pilot-meta-social-circle-ga,2022-02-13,3,11.917202367014587,0.5334053695915584,0.9812112532082256,0.1129574602534046
pilot-meta-social-circle-ga,2022-02-13,4,12.279912852751773,0.5380689280118686,0.9809385581123428,0.1252068861487223
pilot-meta-social-circle-ga,2022-03-01,0,21.408297724369465,0.2950147878395966,0.980212603820222,0.1603759278688073
pilot-meta-social-circle-ga,2022-03-01,1,21.179340612434466,0.427411711799002,0.9807025905260413,0.1319762662065544
pilot-meta-social-circle-ga,2022-03-01,2,19.77092724384975,0.529137603706267,0.981491505010317,0.1047415697377123
pilot-meta-social-circle-ga,2022-03-01,3,20.05274291188576,0.5484139503406251,0.9814130552706104,0.1134709225116559
pilot-meta-social-circle-ga,2022-03-01,4,20.349439997233304,0.5606604158453057,0.9812050885808012,0.1240930028439692
pilot-meta-social-circle-ga,2022-05-04,0,34.99436701802401,0.45872167294978,0.9824934171178582,0.1898256039297642
pilot-meta-social-circle-ga,2022-05-04,1,33.856576539733034,0.6060122688951693,0.983494243051247,0.1663053078271902
pilot-meta-social-circle-ga,2022-05-04,2,30.141879260297586,0.7787511984762084,0.9855827805325134,0.1526695861214746
pilot-meta-social-circle-ga,2022-05-04,3,30.912086315050196,0.780091526760313,0.9854443599943014,0.1522409217300243
pilot-meta-social-circle-ga,2022-05-04,4,31.747923101952864,0.753471709330877,0.9843674893218848,0.1554377269780653
pilot-meta-social-circle-ga,2022-05-20,0,38.138033035703195,0.4217279378388222,0.9822166734139678,0.2195735546054426
pilot-meta-social-circle-ga,2022-05-20,1,35.8198396301386,0.5966994696164887,0.9833928012341976,0.1805587091184763
pilot-meta-social-circle-ga,2022-05-20,2,31.69130539743611,0.7642138546110414,0.985313058023567,0.1692356893775319
pilot-meta-social-circle-ga,2022-05-20,3,33.09868483631379,0.745322805434016,0.9847844101245772,0.1637923378744845
pilot-meta-social-circle-ga,2022-05-20,4,33.95616273415033,0.6954089076826755,0.9833986973460872,0.1694070597163428
pilot-meta-social-circle-ga,2022-06-05,0,36.14690239998694,0.4250722363966039,0.9818540251349452,0.2116053245737806
pilot-meta-social-circle-ga,2022-06-05,1,33.54773243778588,0.6202215748078844,0.9831506152196444,0.1687218148722229
pilot-meta-social-circle-ga,2022-06-05,2,29.631773067441667,0.7926485415849536,0.985066992307808,0.1556116196380825
pilot-meta-social-circle-ga,2022-06-05,3,30.514877461966236,0.7598386923029837,0.984288941190482,0.1549039713246318
pilot-meta-social-circle-ga,2022-06-05,4,31.780501094135133,0.7338561614672175,0.9833733528335036,0.1567664322379112
pilot-meta-social-circle-ga,2022-06-21,0,36.77691609476287,0.4144467918977568,0.9821328040092322,0.2069957207397932
pilot-meta-social-circle-ga,2022-06-21,1,34.8665431243749,0.5921287862372472,0.983430940762012,0.168278908722219
pilot-meta-social-circle-ga,2022-06-21,2,31.680888825593705,0.7621432924987349,0.9854770389107256,0.1537884369854399
pilot-meta-social-circle-ga,2022-06-21,3,33.159097550614426,0.7187274171267681,0.9845566648856608,0.1555761713303691
pilot-meta-social-circle-ga,2022-06-21,4,34.730389639396485,0.6820159989381147,0.9834283619953376,0.157943089305491
pilot-meta-social-circle-ga,2022-07-07,0,36.63477797341716,0.4407555687017985,0.981966523116172,0.2107454077108146
pilot-meta-social-circle-ga,2022-07-07,1,35.8261066603985,0.6632357579357241,0.983587986533093,0.1652666182508488
pilot-meta-social-circle-ga,2022-07-07,2,33.853218829765055,0.7736378439809375,0.9849931580034872,0.1528001678980808
pilot-meta-social-circle-ga,2022-07-07,3,34.09345646942505,0.7479394941071216,0.9843531046580536,0.1521842789599415
pilot-meta-social-circle-ga,2022-07-07,4,34.52305718029199,0.7364875753556629,0.9838918549013144,0.1588854517152003
pilot-meta-social-circle-ga,2022-07-23,0,36.905163577649006,0.4730816968991036,0.982421412409357,0.1980362758874814
pilot-meta-social-circle-ga,2022-07-23,1,34.852131677508225,0.6591793973885238,0.9837198754414992,0.1550530067090785
pilot-meta-social-circle-ga,2022-07-23,2,31.738426644099786,0.8098193771253958,0.9854100880984016,0.1366789325023776
pilot-meta-social-circle-ga,2022-07-23,3,32.378213134186,0.8000925296261504,0.9850717952325484,0.1418703899067568
pilot-meta-social-circle-ga,2022-07-23,4,32.946121666789644,0.7984756906850866,0.9845068154814344,0.1497431717460125
pilot-meta-social-circle-ga,2022-08-08,3,15.189121396461513,0.6553610010545388,0.9826656837484494,0.2452750099210325
pilot-meta-social-circle-ga,2022-08-08,4,17.695556440622966,0.7102746185951002,0.9828986689573768,0.2020042107309234
pilot-meta-social-circle-ga,2022-09-25,3,-17.241170439999962,0.6994592565657515,0.9804,0.1348367225
pilot-meta-social-circle-ga,2022-09-25,4,11.940339474309196,0.5524720044182847,0.9806585108500896,0.209554575705007
pilot-meta-social-circle-ga,2022-10-11,0,26.03975690692841,0.4552588170602478,0.980415847825631,0.0956191574138329
pilot-meta-social-circle-ga,2022-10-11,1,26.243196069247933,0.5001854326390401,0.9801918100213994,0.1476388553054081
pilot-meta-social-circle-ga,2022-10-11,2,23.712774697570996,0.7000852800182911,0.9834544919923008,0.1306669578923848
pilot-meta-social-circle-ga,2022-10-11,3,25.32109092726651,0.6611329550242588,0.9829505135286992,0.1486697224528372
pilot-meta-social-circle-ga,2022-10-11,4,25.700973361921363,0.6400454688010846,0.9819641813536713,0.1463510236128916
pilot-meta-social-circle-ga,2022-10-27,0,23.738530219276225,0.3789923055943603,0.98090624602439,0.1848217511399666
pilot-meta-social-circle-ga,2022-10-27,1,22.880756361864496,0.533932341714766,0.9813770931401956,0.135315778648444
pilot-meta-social-circle-ga,2022-10-27,2,20.93376058619606,0.6876383048190594,0.9826860724039496,0.1136951835596346
pilot-meta-social-circle-ga,2022-10-27,3,21.78860422470982,0.6668878180640165,0.9820965286256056,0.1194244233919647
pilot-meta-social-circle-ga,2022-10-27,4,22.808361405376928,0.6337326554856211,0.9812220000894918,0.1272748158363044
pilot-meta-social-circle-ga,2022-11-12,0,25.28791839641897,0.3689192412940398,0.981023377496682,0.174824570859243
pilot-meta-social-circle-ga,2022-11-12,1,24.56586005252411,0.5153503439384437,0.9814549724033956,0.1317261791540729
pilot-meta-social-circle-ga,2022-11-12,2,23.18817969040299,0.6419164325401201,0.9824573255489936,0.1100837312067247
pilot-meta-social-circle-ga,2022-11-12,3,23.095826390236695,0.6296154131549736,0.9819285856621146,0.1084324657332177
pilot-meta-social-circle-ga,2022-11-12,4,23.61141880918989,0.6233665656395849,0.9817182073109736,0.1123145295591737
pilot-meta-social-circle-ga,2022-11-28,0,17.959939671849227,0.3146306718030197,0.980013426263907,0.1631544251795364
pilot-meta-social-circle-ga,2022-11-28,1,17.934862954764714,0.4531136739574698,0.980208894585883,0.1193597195139031
pilot-meta-social-circle-ga,2022-11-28,2,16.959919762071387,0.5737516718633484,0.9809952238633154,0.0967891519055253
pilot-meta-social-circle-ga,2022-11-28,3,17.227799508104024,0.5732139327816314,0.9805728775530176,0.102471928621574
pilot-meta-social-circle-ga,2022-11-28,4,17.56578549765704,0.5587730872024876,0.9800175607692272,0.1119485492463059
pilot-meta-social-circle-ga,2022-12-30,0,16.1732536479947,0.3291677969030562,0.98050245443722,0.1270906890555333
pilot-meta-social-circle-ga,2022-12-30,1,15.885547827613507,0.4631167573598355,0.9809524506502384,0.1060830446024779
pilot-meta-social-circle-ga,2022-12-30,2,15.290023838356458,0.5552321426110863,0.9815801243343826,0.089927774750867
pilot-meta-social-circle-ga,2022-12-30,3,15.481287313462296,0.5320609067447123,0.9808277691042456,0.0997437893167562
pilot-meta-social-circle-ga,2022-12-30,4,15.333877054011808,0.5104103591286837,0.9801400408261252,0.1111547329113071
pilot-meta-social-circle-ga,2023-01-15,0,10.27463088167256,0.287752126311666,0.9801356846014714,0.16334285848554
pilot-meta-social-circle-ga,2023-01-15,1,10.35658534799565,0.4140705511876903,0.9805380661147384,0.1179876249911016
pilot-meta-social-circle-ga,2023-01-15,2,9.133743667836407,0.5187682050837674,0.9811866825492386,0.0930556999869211
pilot-meta-social-circle-ga,2023-01-15,3,9.655218478425578,0.507337937005045,0.9806998146384008,0.1017641001066955
pilot-meta-social-circle-ga,2023-01-15,4,10.191382277794483,0.497204068302244,0.9802015827038028,0.1112163827354817
pilot-meta-social-circle-ga,2023-03-04,0,23.703826845977055,0.2991450956762677,0.9804279487668804,0.1779979574796563
pilot-meta-social-circle-ga,2023-03-04,1,23.735222406131665,0.4309475612601427,0.9808253466858108,0.1286972788098938
pilot-meta-social-circle-ga,2023-03-04,2,22.406857809712452,0.5293374749543663,0.9815926652181138,0.1046702233888298
pilot-meta-social-circle-ga,2023-03-04,3,22.52131967273318,0.544510956795008,0.9814773482165888,0.1120768959744929
pilot-meta-social-circle-ga,2023-03-04,4,22.763894754443655,0.569296202861622,0.98143543235831,0.1205216729553843
pilot-meta-social-circle-ga,2023-03-20,0,16.534900534007168,0.2952178172400836,0.9800375188557516,0.1922192917662273
pilot-meta-social-circle-ga,2023-03-20,1,16.36315621286928,0.4321216370368959,0.9802738913323992,0.1370971690540315
pilot-meta-social-circle-ga,2023-03-20,2,14.549836419236378,0.5372056401043405,0.9809125092238526,0.1139193581135804
pilot-meta-social-circle-ga,2023-03-20,3,14.904665808211323,0.551590970441244,0.980729721144448,0.1230064756422148
pilot-meta-social-circle-ga,2023-03-20,4,15.368445542023524,0.5760825337352318,0.9806426694730764,0.1305905780321651
pilot-meta-social-circle-ga,2023-04-05,0,25.233608019827305,0.4956820381277178,0.9827716385549214,0.1706316674346365
pilot-meta-social-circle-ga,2023-04-05,1,24.872679166070455,0.5809905665588795,0.9830198016107344,0.1542993288562547
pilot-meta-social-circle-ga,2023-04-05,2,25.01953244113372,0.6095384575719057,0.9824934863394452,0.1468006213425217
pilot-meta-social-circle-ga,2023-04-05,3,25.542236993218264,0.6115879489154572,0.9819264733547376,0.1531435201781817
pilot-meta-social-circle-ga,2023-04-05,4,27.501480488990055,0.66327665978008,0.9823902318390014,0.1516561806199939
pilot-meta-social-circle-ga,2023-04-21,0,20.22273091871357,0.4227592967335903,0.9821394998455202,0.2071284305840738
pilot-meta-social-circle-ga,2023-04-21,1,18.41184927984644,0.5765605347464782,0.9829647269527392,0.1630606023845402
pilot-meta-social-circle-ga,2023-04-21,2,15.795816696379054,0.7147135291666791,0.9844205957644944,0.1527157398929791
pilot-meta-social-circle-ga,2023-04-21,3,16.03951212686891,0.6826337229417142,0.9837072118469862,0.1590754857880344
pilot-meta-social-circle-ga,2023-04-21,4,16.050864909272995,0.6933353919847661,0.9833477049647188,0.1605344026511226
pilot-meta-social-circle-ga,2023-05-07,1,24.078407002600866,0.8373839850173284,0.9858417619907688,0.1227530336810154
pilot-meta-social-circle-ga,2023-05-07,2,26.724118811551048,0.6839752886193283,0.983416105575909,0.1856902489927545
pilot-meta-social-circle-ga,2023-05-07,3,26.51817438348649,0.7220745216282178,0.9840118194345868,0.1904668853298386
pilot-meta-social-circle-ga,2023-05-07,4,27.218344359061728,0.7586878648078064,0.9842728846711818,0.1811701477829379
pilot-meta-social-circle-ga,2023-06-08,0,35.75597006279037,0.3936982051988783,0.9814735318241472,0.2149357852402702
pilot-meta-social-circle-ga,2023-06-08,1,36.920901447644034,0.4640145245311206,0.9810066104492602,0.191434814768426
pilot-meta-social-circle-ga,2023-06-08,2,30.166926627244248,0.7885975681859032,0.9853570931121406,0.165604620355082
pilot-meta-social-circle-ga,2023-06-08,3,30.594018233564103,0.7890849340340531,0.9852850939498864,0.1749291743746949
pilot-meta-social-circle-ga,2023-06-08,4,32.415223754056385,0.7312121386549267,0.9831390073304866,0.1591936423982317
pilot-meta-social-circle-ga,2023-06-24,0,31.22907430409601,0.4937844621826532,0.9825948989513484,0.2163085476131688
pilot-meta-social-circle-ga,2023-06-24,1,28.37237421609037,0.6351444586609801,0.9831189306904508,0.1705906865068008
pilot-meta-social-circle-ga,2023-06-24,2,24.09748871072504,0.721829565889267,0.983598026870189,0.1615588698110347
pilot-meta-social-circle-ga,2023-06-24,3,20.322282528489563,0.6293728807530697,0.9824325434011112,0.1618107986608059
pilot-meta-social-circle-ga,2023-06-24,4,25.18018846118876,0.6635501594936597,0.982523005493312,0.181904610303391
pilot-meta-social-circle-ga,2023-07-10,0,28.07662385803578,0.5269507115040183,0.9821223854671778,0.1942891787669175
pilot-meta-social-circle-ga,2023-07-10,1,26.50467129745881,0.803018833952555,0.9844307729927488,0.1392286677061094
pilot-meta-social-circle-ga,2023-07-10,2,24.78028109109321,0.8710504977232139,0.9852194931306494,0.1678384031826073
pilot-meta-social-circle-ga,2023-07-10,3,24.86773516645077,0.8099851875000004,0.9838463041132908,0.1956699111991861
pilot-meta-social-circle-ga,2023-07-10,4,24.546772654960616,0.8590339761941977,0.9841012755962418,0.1588424737317062
pilot-meta-social-circle-ga,2023-07-26,0,39.37682560307777,0.4939956510894926,0.9828500517965216,0.1977801715414121
pilot-meta-social-circle-ga,2023-07-26,1,37.47644432284239,0.6530579866709746,0.9838513861374149,0.1548921444227657
pilot-meta-social-circle-ga,2023-07-26,2,34.65212414456468,0.7816353061012853,0.9852804653552402,0.141415756411369
pilot-meta-social-circle-ga,2023-07-26,3,34.98324629095336,0.7622634178472887,0.9848494130512588,0.1464730632777336
pilot-meta-social-circle-ga,2023-07-26,4,35.41547510261465,0.7545471049526408,0.9843354703527504,0.1500196084032992
pilot-meta-social-circle-ga,2023-08-27,0,42.63331184023066,0.491356258432169,0.9826323187576108,0.1940988987841223
pilot-meta-social-circle-ga,2023-08-27,1,40.14398873588621,0.6515548488382452,0.9835063866523708,0.1469025576511352
pilot-meta-social-circle-ga,2023-08-27,2,36.989195125127495,0.7762241826260139,0.984765947196988,0.1312442490932931
pilot-meta-social-circle-ga,2023-08-27,3,37.76252860013157,0.7555880122325047,0.9842839889213864,0.1367238879559372
pilot-meta-social-circle-ga,2023-08-27,4,38.48645717214883,0.745877753717733,0.9836271332061174,0.1402165158050849
pilot-meta-social-circle-ga,2023-09-12,0,38.47732150289546,0.4909567875478222,0.9827712706504564,0.1861028187930161
pilot-meta-social-circle-ga,2023-09-12,1,36.412017879511644,0.6502440177912947,0.9836642203279966,0.1404492357724701
pilot-meta-social-circle-ga,2023-09-12,2,33.5054642464073,0.7747161096462821,0.9849788755025524,0.1247708255035101
pilot-meta-social-circle-ga,2023-09-12,3,33.963098182986094,0.7529749872325762,0.9844923851000424,0.1306325456115142
pilot-meta-social-circle-ga,2023-09-12,4,34.550527844842954,0.743508223726926,0.9838706522580518,0.1344023556876434
pilot-meta-social-circle-ga,2023-10-14,0,22.186164321843968,0.3765860570169751,0.9799144781480742,0.1390523185005487
pilot-meta-social-circle-ga,2023-10-14,1,23.37927031110054,0.4916838704551137,0.981230336737528,0.105023131214658
pilot-meta-social-circle-ga,2023-10-14,2,21.57214063240366,0.7495726708859544,0.9840306715888107,0.1062517363020317
pilot-meta-social-circle-ga,2023-10-14,3,21.56914100928763,0.6941841493646896,0.983061378824876,0.1211676753601595
pilot-meta-social-circle-ga,2023-10-14,4,21.590006509236403,0.6773462912129599,0.9824562090183836,0.1184159247370936
pilot-meta-social-circle-ga,2023-10-30,0,30.15882703489918,0.4030728546594908,0.9813082492775762,0.1782710840717066
pilot-meta-social-circle-ga,2023-10-30,1,29.08675828049007,0.5460002566730269,0.9816648128290406,0.1267597121886833
pilot-meta-social-circle-ga,2023-10-30,2,27.54784097928863,0.6731515177293942,0.982697241155802,0.1085061942727282
pilot-meta-social-circle-ga,2023-10-30,3,27.852934344464707,0.6568533666383644,0.9821989800836508,0.1152534512596025
pilot-meta-social-circle-ga,2023-10-30,4,28.284812076247057,0.6522574053568849,0.9816770972336268,0.1207178700501118
pilot-meta-social-circle-ga,2024-01-02,0,10.433551251112847,0.3086019129557426,0.9803267891660594,0.1597611548929278
pilot-meta-social-circle-ga,2024-01-02,1,10.326592370584526,0.4286738690256155,0.980365123165094,0.1127945414729829
pilot-meta-social-circle-ga,2024-01-02,2,9.388692875770284,0.5200594233195583,0.9809106333790436,0.0916266293996514
pilot-meta-social-circle-ga,2024-01-02,3,9.72891133229176,0.5263534021620454,0.9806838314331112,0.1010499111451207
pilot-meta-social-circle-ga,2024-01-02,4,10.190052523005487,0.5290306669460595,0.9803749013743396,0.107645965966232
pilot-meta-social-circle-ga,2024-01-18,0,7.27195117687211,0.3017238424107836,0.9803232815289444,0.158288210763688
pilot-meta-social-circle-ga,2024-01-18,1,7.459656219828224,0.4156615828192783,0.9803934786843332,0.1167790338005375
pilot-meta-social-circle-ga,2024-01-18,2,6.538148084565145,0.5025354269704734,0.980924494269916,0.0941231848207255
pilot-meta-social-circle-ga,2024-01-18,3,6.752262946896541,0.507890154630767,0.9807203204010364,0.1031529614434121
pilot-meta-social-circle-ga,2024-01-18,4,7.289690677515757,0.5040677673279914,0.98046178858707,0.1112589872433154
pilot-meta-social-circle-ga,2024-02-03,0,15.837835552756136,0.2857739711653206,0.9802302905148772,0.1699875911014825
pilot-meta-social-circle-ga,2024-02-03,1,15.758461370723715,0.398473668343093,0.980210297016501,0.1216887495680699
pilot-meta-social-circle-ga,2024-02-03,2,14.897632027784908,0.4825381680869494,0.980709646413765,0.0997531852485488
pilot-meta-social-circle-ga,2024-02-03,3,14.881795818592916,0.4930066974724368,0.9805359005287716,0.1092952534763921
pilot-meta-social-circle-ga,2024-02-03,4,15.195265483216522,0.4929258054411304,0.9803043247304056,0.116181209699195
pilot-meta-social-circle-ga,2024-02-19,0,15.272909810681506,0.292956651401845,0.9802710142139276,0.1803812759727927
pilot-meta-social-circle-ga,2024-02-19,1,15.15799666241884,0.3992402733186911,0.9801965745298828,0.1294382306007337
pilot-meta-social-circle-ga,2024-02-19,2,13.86236555840469,0.4761927744446739,0.980587479662401,0.1076189699657261
pilot-meta-social-circle-ga,2024-02-19,3,13.339736952544492,0.4928131880891868,0.9803764878359416,0.113956276656745
pilot-meta-social-circle-ga,2024-02-19,4,13.221544746161271,0.5015449865425441,0.9801434706065748,0.1192075512378366
pilot-meta-social-circle-ga,2024-04-07,0,22.7100157579729,0.3746524559106608,0.981497846809516,0.199867361127926
pilot-meta-social-circle-ga,2024-04-07,1,21.219180265059386,0.4985857696750322,0.9818233797095662,0.1527863801820062
pilot-meta-social-circle-ga,2024-04-07,2,18.64283503491808,0.614871584716436,0.98291902308826,0.1336138235817953
pilot-meta-social-circle-ga,2024-04-07,3,18.738909937293126,0.6349365452745602,0.9829686303865608,0.1378166597543543
pilot-meta-social-circle-ga,2024-04-07,4,19.80437345006229,0.6557196358818592,0.9828228974425638,0.1413874302958106
pilot-meta-social-circle-ga,2024-04-23,0,27.254777310711273,0.4612300152704298,0.9825496228849762,0.2016787548722466
pilot-meta-social-circle-ga,2024-04-23,1,25.686152725144943,0.6156735255703591,0.983389908398612,0.1569905289409459
pilot-meta-social-circle-ga,2024-04-23,2,22.84764821226268,0.7687796735307728,0.9851791514516623,0.1434019203853098
pilot-meta-social-circle-ga,2024-04-23,3,23.433236594527248,0.7452249818654685,0.984593380101356,0.1456782449405113
pilot-meta-social-circle-ga,2024-04-23,4,23.78537266753021,0.7436681383696853,0.9840547271891608,0.1492424868445531
pilot-meta-social-circle-ga,2024-06-10,4,7.819538000132543,0.7584153719853505,0.9832611346903416,0.1244241388749458
pilot-meta-social-circle-ga,2024-06-26,2,32.72613784828981,0.8114428221641448,0.985309232535916,0.1810080909082096
pilot-meta-social-circle-ga,2024-06-26,3,33.30571254795215,0.7168854239621961,0.983365473068702,0.1555044799872752
pilot-meta-social-circle-ga,2024-06-26,4,34.44643834739081,0.6667723369085744,0.9818290550082188,0.1633330273895251
pilot-meta-social-circle-ga,2024-07-12,0,41.1692371111892,0.4739070375341473,0.9822842538574786,0.2181390865990471
pilot-meta-social-circle-ga,2024-07-12,1,38.38070059491051,0.6307190719515752,0.9829324595385348,0.1716057957518205
pilot-meta-social-circle-ga,2024-07-12,2,34.54084007241529,0.7712993564563969,0.9842838102136704,0.1580073481781581
pilot-meta-social-circle-ga,2024-07-12,3,35.48274716053495,0.7289225424900597,0.9834708648244598,0.1588007559456881
pilot-meta-social-circle-ga,2024-07-12,4,36.104300599870626,0.7164022338395796,0.9829522488734146,0.164549791476078
pilot-meta-social-circle-ga,2024-07-28,2,24.39550683572655,0.8453734245957601,0.9849796436182678,0.1791177432408812
pilot-meta-social-circle-ga,2024-07-28,3,26.02767244852676,0.7830156200164031,0.983471127158078,0.1461845239895602
pilot-meta-social-circle-ga,2024-07-28,4,27.172454459127465,0.7432247848422016,0.9829003597063908,0.158244962685531
pilot-meta-social-circle-ga,2024-08-13,0,39.04363928333679,0.5148402587398773,0.9827350130854384,0.1986674675574175
pilot-meta-social-circle-ga,2024-08-13,1,36.023455276331326,0.6628309928919336,0.9834536448204626,0.1555741346028901
pilot-meta-social-circle-ga,2024-08-13,2,32.25221443681212,0.7926943994509313,0.9847142309568024,0.1383996091755477
pilot-meta-social-circle-ga,2024-08-13,3,32.37139826333045,0.7593181674099536,0.98396480628247,0.1435389193258656
pilot-meta-social-circle-ga,2024-08-13,4,33.7746626718798,0.7360844776924451,0.983110442221374,0.1484594973279309
pilot-meta-social-circle-ga,2024-08-29,0,36.18536761053,0.6002719289915054,0.9809710541516248,0.1278934292323105
pilot-meta-social-circle-ga,2024-08-29,1,38.19490558971713,0.5623463306069709,0.9799638226406012,0.1479731130950845
pilot-meta-social-circle-ga,2024-08-29,2,35.486944276205485,0.8017815989304439,0.9844691449659158,0.1430445735750548
pilot-meta-social-circle-ga,2024-08-29,3,36.55343562826586,0.777660196345735,0.9838191470264328,0.1476356662563581
pilot-meta-social-circle-ga,2024-08-29,4,37.35521380232117,0.7510591543966665,0.983167478718734,0.1502144835605567
pilot-meta-social-circle-ga,2024-09-30,3,25.615198707598896,0.8774175451895306,0.9801954830343635,0.0156608824724443
pilot-meta-social-circle-ga,2024-09-30,4,28.055457529672385,0.7292505326334155,0.9818453324729622,0.1159633161619756
pilot-meta-social-circle-ga,2024-10-16,0,21.52652954767461,0.4762737602199569,0.982333593224652,0.1785015338696658
pilot-meta-social-circle-ga,2024-10-16,1,19.700491891127676,0.6201598453396766,0.982827543877188,0.13312398757471
pilot-meta-social-circle-ga,2024-10-16,2,17.28753486634717,0.7564670989381095,0.9841495793091968,0.1153784227152874
pilot-meta-social-circle-ga,2024-10-16,3,18.220700163152436,0.7270049524943298,0.983483939222424,0.1208205997258982
pilot-meta-social-circle-ga,2024-10-16,4,19.292598577961943,0.7059376798268491,0.9827081388189792,0.1289684534927914
pilot-meta-social-circle-ga,2024-11-17,0,14.967301115849834,0.4267719260099878,0.9816296191730958,0.156633499404618
pilot-meta-social-circle-ga,2024-11-17,1,14.569576489198472,0.5142964434742062,0.981563348965262,0.1302020187880047
pilot-meta-social-circle-ga,2024-11-17,2,13.949447454896232,0.6093313681720703,0.9822247101558268,0.110876974363311
pilot-meta-social-circle-ga,2024-11-17,3,14.241558535592697,0.5912986586210238,0.9816192192631302,0.1152590065645156
pilot-meta-social-circle-ga,2024-11-17,4,14.670539322442508,0.5926724112438256,0.9811921502288112,0.1178806205108527
pilot-meta-social-circle-ga,2024-12-03,0,9.483219209551573,0.378212330764508,0.9814182887156282,0.1575950289920124
pilot-meta-social-circle-ga,2024-12-03,1,8.663625955323242,0.4866742162465453,0.9814279005591794,0.1179445915236946
pilot-meta-social-circle-ga,2024-12-03,2,7.421518480837963,0.5848594929229834,0.9822008794441603,0.0998685950606162
pilot-meta-social-circle-ga,2024-12-03,3,7.88206871110295,0.5833718977419052,0.9819227489425948,0.1064606786103382
pilot-meta-social-circle-ga,2024-12-03,4,8.390804144719949,0.5907869309079279,0.981656935609632,0.1156348198068789
pilot-meta-social-circle-ga,2024-12-19,0,12.832968748832789,0.3445680722132574,0.98008895078476,0.1372703286448364
pilot-meta-social-circle-ga,2024-12-19,1,12.453776270850597,0.4325096177928475,0.9795920265529228,0.1168945739391304
pilot-meta-social-circle-ga,2024-12-19,2,11.915981974811904,0.5294559978872857,0.9801747657530184,0.0954766171705841
pilot-meta-social-circle-ga,2024-12-19,3,12.160885868857374,0.5201297771170073,0.979650082219356,0.108380820911423
pilot-meta-social-circle-ga,2024-12-19,4,12.376709647985544,0.5216735389345237,0.9791519724782818,0.117466422692994
pilot-meta-social-circle-ga,2025-01-04,0,9.315607020282712,0.3258591645999436,0.9804496628682544,0.1556901464643763
pilot-meta-social-circle-ga,2025-01-04,1,8.787797452663892,0.4333624750607058,0.9802914635975616,0.1155305017570346
pilot-meta-social-circle-ga,2025-01-04,2,8.005723950778805,0.5182905540575565,0.9807325760485018,0.0935785305260991
pilot-meta-social-circle-ga,2025-01-04,3,8.303204967363135,0.5178949341614366,0.9803685138481744,0.102580913928645
pilot-meta-social-circle-ga,2025-01-04,4,8.576074772172339,0.5257032579081252,0.98016992472805,0.1125604759694278
pilot-meta-social-circle-ga,2025-01-20,0,2.734303280182405,0.326426592701302,0.9802661773258444,0.1542933521263721
pilot-meta-social-circle-ga,2025-01-20,1,2.2787118277771405,0.4274873079071118,0.9800323815755188,0.1189575152880263
pilot-meta-social-circle-ga,2025-01-20,2,1.3374761421994328,0.5111004706980858,0.980391382454756,0.0968261912945892
pilot-meta-social-circle-ga,2025-01-20,3,1.6799050708703327,0.5092128122364945,0.9799674246561578,0.1051555725136487
pilot-meta-social-circle-ga,2025-01-20,4,2.1573611200076903,0.514283497463488,0.979689940004994,0.1146653986164894
pilot-meta-social-circle-ga,2025-02-05,0,22.36424478157491,0.3180052521426961,0.9805978863384393,0.1636024237031447
pilot-meta-social-circle-ga,2025-02-05,1,20.097112263496644,0.3993935419731454,0.9802676183934792,0.1300281689526418
pilot-meta-social-circle-ga,2025-02-05,2,18.900457197857072,0.4651858187179845,0.9803697251959445,0.1127270204529419
pilot-meta-social-circle-ga,2025-02-05,3,19.504984394044477,0.4745875474926858,0.980106485561366,0.1155273215747999
pilot-meta-social-circle-ga,2025-02-05,4,19.49313902620878,0.4791604159486801,0.9797990051826164,0.1202353436901093
pilot-meta-social-circle-ga,2025-02-21,0,10.383632837382944,0.3290237585239138,0.9802372108027548,0.1620386432660397
pilot-meta-social-circle-ga,2025-02-21,1,9.444894369181506,0.4148351869082163,0.9798911644341848,0.1259593048915752
pilot-meta-social-circle-ga,2025-02-21,2,7.893333036864647,0.4928585521697116,0.9801989748418491,0.1037775389755119
pilot-meta-social-circle-ga,2025-02-21,3,8.388572143004753,0.4978569676234026,0.9798571807636564,0.1113363002462873
pilot-meta-social-circle-ga,2025-02-21,4,9.123260902473692,0.5112588307508095,0.9796721666444076,0.1203081388935164
pilot-meta-social-circle-ga,2025-03-25,0,26.600399375758148,0.3379824818370595,0.9805284299293032,0.1835917797636332
pilot-meta-social-circle-ga,2025-03-25,1,25.716162140612308,0.4206338572667924,0.9801755240423338,0.1442061028192833
pilot-meta-social-circle-ga,2025-03-25,2,24.276825389863973,0.5007677579250008,0.9805939462398706,0.1234505921074751
pilot-meta-social-circle-ga,2025-03-25,3,24.33688000105415,0.5233718069073113,0.9804662768716772,0.1319661674613126
pilot-meta-social-circle-ga,2025-03-25,4,24.309322226542086,0.5485226442229717,0.980369340723785,0.1395320807755871
pilot-meta-social-circle-ga,2025-04-10,0,28.507989501469723,0.4504492112212105,0.9824445418279614,0.1816435464257678
pilot-meta-social-circle-ga,2025-04-10,1,26.975578074871542,0.5681815761056809,0.9828519092710056,0.1466630850265543
pilot-meta-social-circle-ga,2025-04-10,2,24.61906511495975,0.6886325242170963,0.9842030295871148,0.1316632996184875
pilot-meta-social-circle-ga,2025-04-10,3,24.73411090861005,0.6908570831376338,0.9840012563099304,0.1364540868222724
pilot-meta-social-circle-ga,2025-04-10,4,24.91419898599013,0.6970010238463319,0.9836015207593996,0.1426024198309536
pilot-meta-social-circle-ga,2025-04-26,0,26.860773057831057,0.6621649655866683,0.9848204956088829,0.1650176645890668
pilot-meta-social-circle-ga,2025-04-26,1,27.371692983053123,0.6331119144126567,0.9839273106149784,0.2012364844896133
pilot-meta-social-circle-ga,2025-04-26,2,25.685105046440437,0.7299270843000555,0.9846494479963032,0.160604662981058
pilot-meta-social-circle-ga,2025-04-26,3,25.629354171476145,0.7333503379826881,0.98422636617418,0.1739997937278478
pilot-meta-social-circle-ga,2025-04-26,4,26.017714341001582,0.7456133773672886,0.9843392228007248,0.1753974028134208
pilot-meta-social-circle-ga,2025-05-12,0,25.11327254891812,0.5705237369563779,0.9831256035478358,0.1477003779987183
pilot-meta-social-circle-ga,2025-05-12,1,23.7166083162021,0.7062563737120806,0.98368918130569,0.135048410817425
pilot-meta-social-circle-ga,2025-05-12,2,22.088867233174263,0.7965869007497496,0.9846221066051896,0.1425237423677987
pilot-meta-social-circle-ga,2025-05-12,3,22.313257499948364,0.7764349001105666,0.983922237560191,0.1388734865823452
pilot-meta-social-circle-ga,2025-05-12,4,22.95665748507247,0.7750637794732225,0.9833249468180064,0.1403676901997855
pilot-meta-social-circle-ga,2025-05-28,4,22.208134042240868,0.7459049527291673,0.983052286585366,0.1946741666768293
pilot-meta-social-circle-ga,2025-06-13,1,17.761063370000045,0.7636905565537081,0.9815,0.09652645875
pilot-meta-social-circle-ga,2025-06-13,2,19.5551625924309,0.8540963605308564,0.9857074511126096,0.1617008392026298
pilot-meta-social-circle-ga,2025-06-13,3,22.62373403204737,0.8011902967223611,0.9839712836462524,0.146402554783915
pilot-meta-social-circle-ga,2025-06-13,4,21.706024142561738,0.801550837766413,0.9839044420718432,0.1608399010897615
pilot-meta-social-circle-ga,2025-06-29,0,40.70089494024251,0.5781816588636347,0.9828581792318644,0.1889945565290103
pilot-meta-social-circle-ga,2025-06-29,1,39.049909770727815,0.6145404237352927,0.982323007582188,0.1735820535564246
pilot-meta-social-circle-ga,2025-06-29,2,34.57852410444933,0.7701123764425506,0.9838267356159622,0.1538390767856882
pilot-meta-social-circle-ga,2025-06-29,3,34.93139339210658,0.7593054952611021,0.9834851022034238,0.1534816818588716
pilot-meta-social-circle-ga,2025-06-29,4,35.52323266402564,0.7501165028740001,0.9827580983109866,0.1601820677437781
pilot-meta-social-circle-ga,2025-07-15,0,39.72675455548936,0.555653392752338,0.9828770000726972,0.1826781734886663
pilot-meta-social-circle-ga,2025-07-15,1,37.34826327175664,0.6698885799852655,0.9831614391171858,0.1549375447465259
pilot-meta-social-circle-ga,2025-07-15,2,34.52297471734267,0.7910603592720595,0.9843288016202374,0.1403378994269802
pilot-meta-social-circle-ga,2025-07-15,3,35.09058133568123,0.7782501210303427,0.9838714707738506,0.1419143745536258
pilot-meta-social-circle-ga,2025-07-15,4,35.62233869200513,0.7608428840280242,0.9831350575980442,0.1462160410624559
pilot-meta-social-circle-ga,2025-07-31,0,37.75124544028439,0.5796644839836873,0.9832302425565768,0.1884795691048851
pilot-meta-social-circle-ga,2025-07-31,1,36.683907222465685,0.7055381755167969,0.9847883111513998,0.1743093600491842
pilot-meta-social-circle-ga,2025-07-31,2,34.413834457048196,0.7522802759648725,0.9845023520537052,0.163487756510117
pilot-meta-social-circle-ga,2025-07-31,3,35.29260612485909,0.7400983728568438,0.9842397890223584,0.1641785372385856
pilot-meta-social-circle-ga,2025-07-31,4,35.26938977498027,0.7544019901838245,0.9835206592125422,0.1658951047214222
pilot-meta-social-circle-ga,2025-08-16,0,38.323745571193214,0.6013377074382649,0.9838764657506872,0.1789489446175009
pilot-meta-social-circle-ga,2025-08-16,1,36.12629643339917,0.6813728707825889,0.9838128558489792,0.1494302420686798
pilot-meta-social-circle-ga,2025-08-16,2,33.11833124711941,0.7905600328939335,0.9850171787535515,0.1338641067418858
pilot-meta-social-circle-ga,2025-08-16,3,32.88818787986246,0.7867605262628852,0.9846685755814264,0.1361316036210889
pilot-meta-social-circle-ga,2025-08-16,4,33.287220130466324,0.7835861763404962,0.9843270864447085,0.1372619451857157
pilot-meta-social-circle-ga,2025-09-01,0,32.00225345281511,0.5727354057317715,0.9835747728222752,0.1848066627171705
pilot-meta-social-circle-ga,2025-09-01,1,29.323529868183556,0.6698514415995088,0.983773604169318,0.1541124906505014
pilot-meta-social-circle-ga,2025-09-01,2,26.203039232624345,0.7709632553228741,0.9847989054650856,0.1397657810721214
pilot-meta-social-circle-ga,2025-09-01,3,26.844869141843844,0.7599507706486449,0.9844071700006743,0.1427047140487923
pilot-meta-social-circle-ga,2025-09-01,4,27.52147943156182,0.7431334715837256,0.983731694274108,0.150800053795534
pilot-meta-social-circle-ga,2025-09-17,0,34.203951735180524,0.5346157266993509,0.9832677462152202,0.160609625903645
pilot-meta-social-circle-ga,2025-09-17,1,31.52354925146408,0.6452013108709732,0.9835866640313092,0.1339596402451184
pilot-meta-social-circle-ga,2025-09-17,2,29.071395541905993,0.7620497980829949,0.9848458620894652,0.1174360922606477
pilot-meta-social-circle-ga,2025-09-17,3,29.751202301735116,0.751157689816135,0.9844562677136108,0.1202497068250613
pilot-meta-social-circle-ga,2025-09-17,4,30.565666258358323,0.7172275396261615,0.9834643241002876,0.1273972167287344
pilot-meta-social-circle-ga,2025-10-03,0,28.776880512532337,0.4925664483750765,0.982174951383968,0.1557686653055805
pilot-meta-social-circle-ga,2025-10-03,1,26.31939370286792,0.6114347061953627,0.9824158397096866,0.1285392168713574
pilot-meta-social-circle-ga,2025-10-03,2,24.251674528306697,0.7395319175371242,0.9836229329965198,0.1115069731719563
pilot-meta-social-circle-ga,2025-10-03,3,25.07368436658888,0.7228045088023829,0.9831063766798572,0.1146159664424359
pilot-meta-social-circle-ga,2025-10-03,4,26.13852485923925,0.6863082848401494,0.9821083546692272,0.1210929539508631
pilot-meta-social-circle-ga,2025-11-04,0,22.180478234527865,0.4428368628824636,0.9819940620286074,0.1484874339292156
pilot-meta-social-circle-ga,2025-11-04,1,20.552800367603396,0.5453342079662556,0.9820830143642127,0.1214116887639719
pilot-meta-social-circle-ga,2025-11-04,2,19.088515734424863,0.6643992510299663,0.9832387659963564,0.1011184212268425
pilot-meta-social-circle-ga,2025-11-04,3,19.478279322307408,0.6584434237022991,0.982868625003052,0.1059327811619164
pilot-meta-social-circle-ga,2025-11-04,4,20.01326568362286,0.6313137673287141,0.9820076005047416,0.1132192260456726
pilot-meta-social-circle-ga,2025-12-22,0,14.04573913570057,0.3282461137820878,0.980507428685798,0.149210459952499
pilot-meta-social-circle-ga,2025-12-22,1,13.231665195963156,0.4250817615194961,0.9803489523744738,0.1191866046235211
pilot-meta-social-circle-ga,2025-12-22,2,12.563494829238754,0.5010935704370895,0.980794114788986,0.0987999191950899
pilot-meta-social-circle-ga,2025-12-22,3,12.670746531862418,0.5061975443064956,0.9803828982902631,0.1053444657882131
pilot-meta-social-circle-ga,2025-12-22,4,13.045201463134733,0.5021053155200877,0.9800038952012908,0.1142016739106389
pilot-meta-social-circle-ga,2026-02-08,0,13.803444078522192,0.3327108305836712,0.9805476019119264,0.1482209748042864
pilot-meta-social-circle-ga,2026-02-08,1,12.333372189476927,0.4128721583471834,0.9801777048588016,0.1202049536157969
pilot-meta-social-circle-ga,2026-02-08,2,11.421165531922751,0.4840303125467817,0.9804896689342746,0.0989081503261173
pilot-meta-social-circle-ga,2026-02-08,3,11.833615497023043,0.491375626293165,0.980158055467124,0.1046585408742565
pilot-meta-social-circle-ga,2026-02-08,4,12.30525305705345,0.4957606692952604,0.9798720633404416,0.1139031017342272
pilot-meta-social-circle-ga,2026-02-24,0,13.010106032018172,0.3441201684933317,0.980829045580938,0.156509869236967
pilot-meta-social-circle-ga,2026-02-24,1,11.220091624273756,0.4176663492025406,0.9804215860004968,0.1259429512554411
pilot-meta-social-circle-ga,2026-02-24,2,9.916938639993973,0.4875048328220112,0.9807723244725648,0.1043758817918826
pilot-meta-social-circle-ga,2026-02-24,3,10.257333602619196,0.4981331926106946,0.9804951749836568,0.1100468079921542
pilot-meta-social-circle-ga,2026-02-24,4,10.438812322923573,0.5077741996328979,0.9802415089718658,0.1183233344890902
pilot-meta-social-circle-ga,2026-03-12,0,17.7245624348678,0.3694477682910363,0.980997401995529,0.1550268337999222
pilot-meta-social-circle-ga,2026-03-12,1,17.00741342266566,0.4425464456088157,0.9807902086855708,0.1311786979096581
pilot-meta-social-circle-ga,2026-03-12,2,16.58197111739866,0.5097083581491322,0.9812074722566584,0.111829935400669
pilot-meta-social-circle-ga,2026-03-12,3,16.695346314653044,0.5341722148560322,0.9811489983518964,0.1147393088420928
pilot-meta-social-circle-ga,2026-03-12,4,16.792550221652675,0.5657977383101522,0.9811501105330108,0.1212463046895625
pilot-meta-social-circle-ga,2026-03-28,0,27.27001948521734,0.3908832463059846,0.9815575327590264,0.1709351460395429
pilot-meta-social-circle-ga,2026-03-28,1,25.27992688348078,0.4679069867322973,0.9813902393328614,0.1431396426407947
pilot-meta-social-circle-ga,2026-03-28,2,23.43557908591482,0.5569295077757016,0.9821366540880808,0.1223466382056643
pilot-meta-social-circle-ga,2026-03-28,3,23.28207278039778,0.5836351714476492,0.9822028288209284,0.1285414532154751
pilot-meta-social-circle-ga,2026-03-28,4,23.35167420209774,0.6081372914086504,0.9821445333493406,0.1355331935206847
pilot-meta-social-circle-ga,2026-04-13,0,11.787095348658736,0.4450261283826008,0.9817355087246732,0.1551233989310049
pilot-meta-social-circle-ga,2026-04-13,1,10.537019110378225,0.5706626724295203,0.9819357361168574,0.1471253579639778
pilot-meta-social-circle-ga,2026-04-13,2,11.229053732391558,0.6327125563561591,0.9828634973388152,0.1564802293164502
pilot-meta-social-circle-ga,2026-04-13,3,11.579161258158573,0.6064910585747884,0.9820949413535556,0.1683122299028621
pilot-meta-social-circle-ga,2026-04-13,4,14.314463794136008,0.6426119287252824,0.9819732028652188,0.1766059135322217
pilot-meta-social-circle-ga,2026-04-29,0,28.654175625851128,0.5031648788529571,0.9830870222452428,0.1774719525266137
pilot-meta-social-circle-ga,2026-04-29,1,25.828600380247103,0.6254014977481597,0.9836890891659544,0.1557031950019771
pilot-meta-social-circle-ga,2026-04-29,2,22.745482045582552,0.7505817858481926,0.98517018715666,0.1502941548441344
pilot-meta-social-circle-ga,2026-04-29,3,22.51317923752347,0.7155267360836881,0.9842018296347752,0.1469916000619781
pilot-meta-social-circle-ga,2026-04-29,4,23.948257544261164,0.7000259062643697,0.98343716652164,0.1474464804018615
pilot-meta-social-circle-ga,2026-05-15,0,33.23811187590919,0.4945010934355967,0.9824896379695768,0.1877577427411606
pilot-meta-social-circle-ga,2026-05-15,1,29.10630135956891,0.6300079763047622,0.9830988772468712,0.1647476385575393
pilot-meta-social-circle-ga,2026-05-15,2,25.968818328041465,0.7716668512976043,0.98460234120006,0.1549554287178359
pilot-meta-social-circle-ga,2026-05-15,3,27.46871521813076,0.7370942876057525,0.9838060799316144,0.1529944428283731
pilot-meta-social-circle-ga,2026-05-15,4,28.93169707018673,0.7058096704481372,0.9827890623257262,0.1530785980161147
pilot-meta-social-circle-ga,2026-07-02,0,42.09947052997573,0.5715595709349673,0.983772062592008,0.1910697363027961
pilot-meta-social-circle-ga,2026-07-02,1,38.675190983567006,0.6676101509800584,0.9840375711680606,0.1694317360700575
pilot-meta-social-circle-ga,2026-07-02,2,35.26761731078444,0.7913030949467129,0.985557871181327,0.1580206757582024
pilot-meta-social-circle-ga,2026-07-02,3,35.97061738920366,0.7784314709712964,0.9851028170474956,0.1593375489465099
pilot-meta-social-circle-ga,2026-07-02,4,36.684748245828104,0.7680312199002033,0.984227117034193,0.1626266598637967
pilot-meta-social-circle-ga,2026-07-18,0,39.00667589704979,0.5920315916396875,0.983764864692948,0.1802891410321025
pilot-meta-social-circle-ga,2026-07-18,1,36.410124775848594,0.6774189119990959,0.983915992530127,0.1552176104377154
pilot-meta-social-circle-ga,2026-07-18,2,33.31854019514198,0.7940710676669334,0.985165422415205,0.142514786031379
pilot-meta-social-circle-ga,2026-07-18,3,33.905791239335805,0.7729696429450944,0.984617034292126,0.1453726470380901
pilot-meta-social-circle-ga,2026-07-18,4,33.944347247281264,0.7608548884772696,0.9838825297616436,0.1510802281709091
pilot-meta-social-circle-ga,2026-08-03,0,37.89329765764278,0.6265509589416597,0.9842309679588545,0.1898671107829554
pilot-meta-social-circle-ga,2026-08-03,1,34.572196651287804,0.6956130010745066,0.9842732078219104,0.1681846223358972
pilot-meta-social-circle-ga,2026-08-03,2,31.97452979866444,0.800647494216422,0.985444657037297,0.1520899933304736
pilot-meta-social-circle-ga,2026-08-03,3,33.0746833114271,0.7696099184476957,0.9846374558982584,0.1509402964267154
pilot-meta-social-circle-ga,2026-08-03,4,32.81687912362605,0.783356040620235,0.9847342743459804,0.1570284870735382
pilot-meta-social-circle-ga,2026-08-19,0,36.94831482998717,0.5745664863230265,0.9838961606964362,0.1767350132869552
pilot-meta-social-circle-ga,2026-08-19,1,34.68889570067933,0.6515126234798841,0.983920494901948,0.1521764445311942
pilot-meta-social-circle-ga,2026-08-19,2,32.09839011324714,0.7681729878471941,0.9853075290458922,0.1363020407160026
pilot-meta-social-circle-ga,2026-08-19,3,33.1112532296611,0.747236016690509,0.9847781361043836,0.1395749867342679
pilot-meta-social-circle-ga,2026-08-19,4,33.79030717004754,0.7403757233168551,0.9841553051537628,0.1433333296570363
pilot-meta-social-circle-ga,2026-09-04,0,43.04309478739621,0.4616960608466937,0.9818181754032266,0.1931213077637209
pilot-meta-social-circle-ga,2026-09-04,1,38.63273155905542,0.6539367767084321,0.9824609882756554,0.1456475549470662
pilot-meta-social-circle-ga,2026-09-04,2,36.205175348176795,0.7489170312993005,0.9836456685233144,0.1355500868265867
pilot-meta-social-circle-ga,2026-09-04,3,36.97603560625199,0.7197904568422338,0.9830056250809792,0.1423430438555364
pilot-meta-social-circle-ga,2026-09-04,4,38.23223297007929,0.6755100367367075,0.981935276964804,0.1430995592637027
pilot-meta-social-circle-ga,2026-09-20,3,27.742141030151977,0.5830192744045427,0.9807103357218496,0.1514938528717214
pilot-meta-social-circle-ga,2026-09-20,4,33.16896561625704,0.5363848060383312,0.9803982851401988,0.1780798369900005
