site_id,date,ring,lst_c,ndvi,emissivity,albedo
wh-google-omaha-ne-1,2013-04-04,0,25.918851266430888,0.2323884840162608,0.9658409427049984,0.1620284522947506
wh-google-omaha-ne-1,2013-04-04,1,24.24279452738476,0.2563384054602668,0.9710619193283624,0.1750568287560688
wh-google-omaha-ne-1,2013-04-04,2,24.513248525115056,0.2640480172654778,0.9710630337791616,0.17809628656099
wh-google-omaha-ne-1,2013-04-04,3,24.223391701657913,0.2840662065026713,0.9723168935654752,0.1748991282090192
wh-google-omaha-ne-1,2013-04-04,4,23.969765605399186,0.2526208297530956,0.9717717030569952,0.1720602051106713
wh-google-omaha-ne-1,2013-04-16,0,17.309758241477223,0.2602951553686678,0.966042138322508,0.1910078714884883
wh-google-omaha-ne-1,2013-04-16,1,15.617070106243316,0.3018845165729183,0.9706562483597372,0.1979996100704432
wh-google-omaha-ne-1,2013-04-16,2,15.907119599540769,0.2900912930220662,0.9688616374495292,0.1869866125508862
wh-google-omaha-ne-1,2013-04-16,3,17.308815654494747,0.3920771464586312,0.9731444785931176,0.1619034433443409
wh-google-omaha-ne-1,2013-04-16,4,18.210366299618837,0.3008709096211905,0.9706046349193134,0.1846864842142207
wh-google-omaha-ne-1,2013-05-18,0,39.81078037778469,0.449321332651682,0.9662638257498364,0.1816915769693708
wh-google-omaha-ne-1,2013-05-18,1,38.34928789298321,0.4121457463499353,0.9724244314269676,0.2047181638172401
wh-google-omaha-ne-1,2013-05-18,2,37.56155501914762,0.4060584394186872,0.9722815265252746,0.2060939173805707
wh-google-omaha-ne-1,2013-05-18,3,35.62542983177925,0.4170776935039457,0.9730082735630736,0.2014226542167737
wh-google-omaha-ne-1,2013-05-18,4,34.107832794376655,0.4347383310254146,0.9728219849087896,0.1999790947367971
wh-google-omaha-ne-1,2013-06-03,0,31.554219079962454,0.4814861673508948,0.9663345817387776,0.1726719257658627
wh-google-omaha-ne-1,2013-06-03,1,30.440099292260964,0.4073995099775639,0.9722342629653088,0.2014166447232718
wh-google-omaha-ne-1,2013-06-03,2,31.032248870270433,0.4235669989001343,0.972212670332442,0.1986971897761105
wh-google-omaha-ne-1,2013-06-03,3,30.502290249338017,0.4662092005866383,0.9735827872669442,0.195741989443171
wh-google-omaha-ne-1,2013-06-03,4,30.979263226970904,0.4666878748274789,0.9731441318629004,0.1889842280251491
wh-google-omaha-ne-1,2013-06-19,2,17.292586612076395,0.5218657140687355,0.970929348979051,0.1172152519606868
wh-google-omaha-ne-1,2013-06-19,3,24.67505507900754,0.4516885696364325,0.9733916166710218,0.1636806936672533
wh-google-omaha-ne-1,2013-06-19,4,28.249392082759528,0.4989718652633519,0.9746619511968722,0.189279612221281
wh-google-omaha-ne-1,2013-07-21,0,47.678281248283646,0.4609621906565334,0.9663323337010444,0.1762026197567199
wh-google-omaha-ne-1,2013-07-21,1,43.47884256467208,0.566262293296357,0.9747786641163028,0.203508432969015
wh-google-omaha-ne-1,2013-07-21,2,43.503942264922834,0.5621892742862241,0.9746016560422284,0.1957502124631856
wh-google-omaha-ne-1,2013-07-21,3,43.48015771820744,0.5552269740636033,0.9751543228719918,0.1944005715685224
wh-google-omaha-ne-1,2013-07-21,4,44.08494309339598,0.5301773357127499,0.9744559629752138,0.1880473058701689
wh-google-omaha-ne-1,2013-08-06,0,21.501240294012344,0.6011245563410026,0.9699078833148276,0.176696780924725
wh-google-omaha-ne-1,2013-08-06,1,19.842085036335956,0.7050198883620356,0.977821040579502,0.2117311537173284
wh-google-omaha-ne-1,2013-08-06,2,19.294432899959652,0.7268996212681251,0.9797132238862276,0.2088161148543893
wh-google-omaha-ne-1,2013-08-06,3,22.505277144960207,0.6713339073622946,0.9784060965393554,0.1978684981978898
wh-google-omaha-ne-1,2013-08-06,4,25.966071612832497,0.6671119617731709,0.9783686264159116,0.1872670990963616
wh-google-omaha-ne-1,2013-08-22,3,32.993789308156735,0.5961363231823875,0.9751910167868,0.1109794045401746
wh-google-omaha-ne-1,2013-08-22,4,35.32836338383379,0.4799529155031338,0.9709867683013632,0.1828248367643527
wh-google-omaha-ne-1,2013-09-07,2,24.59604054360666,0.5135079638434953,0.9692056044332732,0.2120256419028031
wh-google-omaha-ne-1,2013-09-07,3,28.93589435699247,0.6122052628452112,0.9779496282293624,0.2175186771734961
wh-google-omaha-ne-1,2013-09-07,4,30.23498757663254,0.6191519013945614,0.9778015930409764,0.1991981461143007
wh-google-omaha-ne-1,2013-09-23,0,30.77502310867009,0.452942725246175,0.9662069583849704,0.1497239666305878
wh-google-omaha-ne-1,2013-09-23,1,28.949841056854265,0.4984118178723699,0.9735091999254496,0.1679356444233284
wh-google-omaha-ne-1,2013-09-23,2,29.069645400572018,0.5175572151357182,0.9736537646622124,0.1678700541947795
wh-google-omaha-ne-1,2013-09-23,3,28.865845918113777,0.5298393857069974,0.9745045285582208,0.1676103636849497
wh-google-omaha-ne-1,2013-09-23,4,29.26520565781194,0.5081899581762277,0.9739092756920352,0.161510271168364
wh-google-omaha-ne-1,2013-10-09,0,27.34317659159631,0.4629373395409323,0.9661955901779984,0.1482538882577254
wh-google-omaha-ne-1,2013-10-09,1,25.88739042529963,0.4613017000625785,0.972755519011442,0.1634419243873586
wh-google-omaha-ne-1,2013-10-09,2,26.312401187033768,0.4627465956392047,0.9726993222657012,0.1633632903876097
wh-google-omaha-ne-1,2013-10-09,3,25.734548855665928,0.5019996647468458,0.973927973032325,0.1623342117218906
wh-google-omaha-ne-1,2013-10-09,4,26.34429608869336,0.4829989879814269,0.9733041505470996,0.1562755176223456
wh-google-omaha-ne-1,2013-10-25,0,16.021073064895475,0.4356038807280592,0.9661730689437568,0.1552240015517339
wh-google-omaha-ne-1,2013-10-25,1,14.798844788284429,0.4110061537879829,0.9723454790718248,0.1757163838719221
wh-google-omaha-ne-1,2013-10-25,2,14.97909612616422,0.4074498633638313,0.9721216797883032,0.1752454645215342
wh-google-omaha-ne-1,2013-10-25,3,14.567440328108384,0.4605576436524816,0.973712859992624,0.1706852211392331
wh-google-omaha-ne-1,2013-10-25,4,14.781340562520969,0.4463874862070234,0.9731311105610416,0.1620082493103698
wh-google-omaha-ne-1,2013-11-10,0,13.640609893944198,0.3871891172509507,0.9660683545108276,0.1452615086175043
wh-google-omaha-ne-1,2013-11-10,1,12.229726375133591,0.3672182712877412,0.971757863153664,0.1652965253674882
wh-google-omaha-ne-1,2013-11-10,2,12.493476636911415,0.3643521454348707,0.971593109600012,0.1660454252697586
wh-google-omaha-ne-1,2013-11-10,3,12.158180553355685,0.4102020489842458,0.9732499612484552,0.1625350142060321
wh-google-omaha-ne-1,2013-11-10,4,12.248687345492549,0.3863865486615406,0.9725580081868778,0.1549472412827063
wh-google-omaha-ne-1,2013-11-26,0,1.6270613480843743,0.2770166724246399,0.966258247746138,0.1713341608892528
wh-google-omaha-ne-1,2013-11-26,1,1.0311466830835605,0.2720775594611155,0.9713768260474358,0.2229625570161788
wh-google-omaha-ne-1,2013-11-26,2,2.4985164190571267,0.3092393593577052,0.9711386226144776,0.1786766865533781
wh-google-omaha-ne-1,2013-11-26,3,2.416208463613519,0.3452029503914042,0.9726307671466548,0.1686712976042493
wh-google-omaha-ne-1,2013-11-26,4,2.1746527368850543,0.3136867478410317,0.9718449956882352,0.1646802186009975
wh-google-omaha-ne-1,2013-12-12,0,-2.3344565970857047,0.1697021963620872,0.9799337350506908,0.3751250252221279
wh-google-omaha-ne-1,2013-12-12,1,-4.118566045804335,0.0606874149010856,0.9866216539587864,0.5401039741858379
wh-google-omaha-ne-1,2013-12-12,2,-3.8781459340109614,0.0709657863709321,0.9853754229178566,0.5156166822611417
wh-google-omaha-ne-1,2013-12-12,3,-3.7986736438644257,0.1046502198822031,0.9854145412046696,0.4606084962240742
wh-google-omaha-ne-1,2013-12-12,4,-3.652837592076329,0.1454682956628367,0.98405439337101,0.3860169141053889
wh-google-omaha-ne-1,2014-01-13,0,6.887364349367143,0.2459796606670477,0.9659079226079396,0.1469784005983267
wh-google-omaha-ne-1,2014-01-13,1,6.1807145667647845,0.2471867510319247,0.9709108630916136,0.1588353980769866
wh-google-omaha-ne-1,2014-01-13,2,6.157140007580901,0.2556835762289866,0.9710489155650376,0.166478441882008
wh-google-omaha-ne-1,2014-01-13,3,6.0175670935405705,0.2823245527291689,0.9724881291926014,0.161828224177263
wh-google-omaha-ne-1,2014-01-13,4,5.787326193770642,0.2661010912976502,0.9720222249410552,0.1485803617941772
wh-google-omaha-ne-1,2014-01-29,0,3.760504965873124,0.2189856759244708,0.9658788036967684,0.1531546358528283
wh-google-omaha-ne-1,2014-01-29,1,3.0374758329661815,0.2211952347874032,0.9707620721200436,0.1664781191840212
wh-google-omaha-ne-1,2014-01-29,2,2.7602864673894834,0.2263107293036299,0.970900844377733,0.1731215801375784
wh-google-omaha-ne-1,2014-01-29,3,2.2745506823060624,0.2494765419998909,0.972290127840055,0.1692824521663524
wh-google-omaha-ne-1,2014-01-29,4,1.7470021214907887,0.2345879054737976,0.9719932169302145,0.1567310660231205
wh-google-omaha-ne-1,2014-02-14,0,0.6566568225298782,0.2363620146384047,0.9666780507624344,0.166786692601824
wh-google-omaha-ne-1,2014-02-14,1,-0.0328128543110971,0.2394514042206544,0.9715782071961102,0.1828947261158511
wh-google-omaha-ne-1,2014-02-14,2,-0.0870895282174678,0.2255623153839546,0.9713149117555964,0.18016848974734
wh-google-omaha-ne-1,2014-02-14,3,-0.3328750101642813,0.2500663627188172,0.9724049136473149,0.1854998431798224
wh-google-omaha-ne-1,2014-02-14,4,-0.3847754102456467,0.2577670525142206,0.9726093183904302,0.1631207180395212
wh-google-omaha-ne-1,2014-03-18,0,20.145976580141394,0.1822356135271987,0.9658296189866558,0.1895910308196575
wh-google-omaha-ne-1,2014-03-18,1,19.1713284646435,0.1852067984363871,0.9705836840838904,0.2013214901461365
wh-google-omaha-ne-1,2014-03-18,2,18.967224609921654,0.1898264357740307,0.9707410635226597,0.2060055637300566
wh-google-omaha-ne-1,2014-03-18,3,17.993470928545225,0.2013371906051301,0.971913806274683,0.2053405024873501
wh-google-omaha-ne-1,2014-03-18,4,17.03882837739248,0.1899771671374561,0.9714579796657836,0.1980159691513571
wh-google-omaha-ne-1,2014-05-05,0,28.66216265878714,0.3463255150686221,0.9660399199204638,0.1812286059436355
wh-google-omaha-ne-1,2014-05-05,1,27.60345577992349,0.3268882654341098,0.971351913416558,0.2009855999080356
wh-google-omaha-ne-1,2014-05-05,2,26.892878093903704,0.3298717646278729,0.9713624347773196,0.203702907298591
wh-google-omaha-ne-1,2014-05-05,3,25.429580019814196,0.3308447971443876,0.9720298285141874,0.2056197614747555
wh-google-omaha-ne-1,2014-05-05,4,24.308001620326493,0.34669086277482,0.9726803358626148,0.197599617863626
wh-google-omaha-ne-1,2014-05-21,0,17.288354133382715,0.3688394870579916,0.9652964742292592,0.1668976814475064
wh-google-omaha-ne-1,2014-05-21,1,12.95159890797462,0.4664612459716886,0.9744364399840922,0.2007393961169204
wh-google-omaha-ne-1,2014-05-21,2,12.323130066801337,0.4871811719697571,0.9754234119143796,0.2002094587433238
wh-google-omaha-ne-1,2014-05-21,3,13.708572932123236,0.4559070259596608,0.9757765568316628,0.2024348153884063
wh-google-omaha-ne-1,2014-05-21,4,15.055563935953916,0.4303350387094568,0.9745768159866284,0.1991080191412156
wh-google-omaha-ne-1,2014-06-06,0,31.197800519568684,0.4556708812593418,0.965649922461292,0.1587674022257222
wh-google-omaha-ne-1,2014-06-06,1,26.610659285208698,0.4500640873837064,0.9731215475749708,0.1858634889227944
wh-google-omaha-ne-1,2014-06-06,2,26.104019737837778,0.4587425394252152,0.9741179510888616,0.1949838431625507
wh-google-omaha-ne-1,2014-06-06,3,26.199162190361108,0.4810817878036598,0.9739523547333232,0.1939485871179579
wh-google-omaha-ne-1,2014-06-06,4,26.946506854197555,0.4849541603296446,0.973875357597889,0.1888388894501971
wh-google-omaha-ne-1,2014-07-08,0,35.045226230356654,0.5115859669217662,0.9664085177568636,0.169263407901646
wh-google-omaha-ne-1,2014-07-08,1,31.53822436174734,0.6066568059574816,0.975098604222447,0.1941476954226344
wh-google-omaha-ne-1,2014-07-08,2,31.85369106946171,0.6047697230609045,0.9748267067317375,0.194105800345044
wh-google-omaha-ne-1,2014-07-08,3,32.45815422466137,0.5905411536160744,0.9753076922110336,0.1926851688894433
wh-google-omaha-ne-1,2014-07-08,4,33.548020096713635,0.5676012585725762,0.9747277131205558,0.1885935375478451
wh-google-omaha-ne-1,2014-07-24,0,38.17532436639307,0.5007876115300715,0.9663786413717002,0.1888636279579943
wh-google-omaha-ne-1,2014-07-24,1,34.575733169859134,0.5877062117726303,0.9750270252923122,0.2203156177165998
wh-google-omaha-ne-1,2014-07-24,2,34.288589316543266,0.5910155881454345,0.9748688138946168,0.2200080457968752
wh-google-omaha-ne-1,2014-07-24,3,33.812875140911444,0.5835757972626333,0.9754516713382628,0.2165022595091675
wh-google-omaha-ne-1,2014-07-24,4,34.437003386260734,0.5369830730754995,0.9741148506313716,0.201541842316459
wh-google-omaha-ne-1,2014-09-26,0,31.221285581989207,0.5287291891674492,0.9667580140820118,0.1315241349890593
wh-google-omaha-ne-1,2014-09-26,1,29.357169348340648,0.5317777264695901,0.9734271513137362,0.162602596410737
wh-google-omaha-ne-1,2014-09-26,2,29.97270506692521,0.5249052348695353,0.9732655069135044,0.1706831994627606
wh-google-omaha-ne-1,2014-09-26,3,29.83518315744678,0.5465810965508868,0.974310977083362,0.1719248963518144
wh-google-omaha-ne-1,2014-09-26,4,29.91984485738618,0.5043606550905477,0.9734325362304104,0.167047890316471
wh-google-omaha-ne-1,2014-10-12,0,4.759724981735378,0.4762730107343482,0.96540715835141,0.2480564901323848
wh-google-omaha-ne-1,2014-10-12,1,4.1763211017860264,0.5231038750169569,0.9753752318465708,0.2361919261693267
wh-google-omaha-ne-1,2014-10-12,2,5.784954877037134,0.4645800127216598,0.9743098964503348,0.2280286622126924
wh-google-omaha-ne-1,2014-10-12,3,6.361967575654248,0.4152220326367724,0.972862851078066,0.2132288160246578
wh-google-omaha-ne-1,2014-10-12,4,6.951396621076241,0.409560496775798,0.97323738684018,0.1962494542194359
wh-google-omaha-ne-1,2014-10-28,0,16.348969506080056,0.433736793555297,0.9661191541712618,0.1549095125720557
wh-google-omaha-ne-1,2014-10-28,1,14.419474679385951,0.3833255650797698,0.9717254297726996,0.1589210274279882
wh-google-omaha-ne-1,2014-10-28,2,14.751475296452222,0.3892207471624215,0.971657623679702,0.1603372774172172
wh-google-omaha-ne-1,2014-10-28,3,15.475724413250283,0.4231968778863502,0.973268634823936,0.1651055476368382
wh-google-omaha-ne-1,2014-10-28,4,15.93339732352585,0.4129638876552796,0.9724527981719638,0.1555243147995737
wh-google-omaha-ne-1,2014-11-13,0,-2.305710711670724,0.3061123851007233,0.9645005708482862,0.1936777496435155
wh-google-omaha-ne-1,2014-11-13,1,-2.858343760490844,0.2609083248174679,0.9740083742145228,0.2491927800074726
wh-google-omaha-ne-1,2014-11-13,2,-2.776051888515041,0.2755680126075935,0.9731514646955652,0.2118109787700514
wh-google-omaha-ne-1,2014-11-13,3,-2.1609821669194225,0.3038509489142959,0.972014221857806,0.1994031299819571
wh-google-omaha-ne-1,2014-11-13,4,-2.4863100540311547,0.3183551442431309,0.9721629660386708,0.208778943052057
wh-google-omaha-ne-1,2014-12-31,0,-7.236787505759442,0.2674266660587757,0.9692675609789329,0.2172390400984047
wh-google-omaha-ne-1,2014-12-31,1,-8.560135475090133,0.1665679072359211,0.9758099698039324,0.3020516594148113
wh-google-omaha-ne-1,2014-12-31,2,-8.422731883437386,0.1902100418261485,0.9740281019351726,0.2849598152324631
wh-google-omaha-ne-1,2014-12-31,3,-8.45848007375295,0.2277742281942226,0.9754082632634304,0.2611332447229618
wh-google-omaha-ne-1,2014-12-31,4,-8.472054923315415,0.2312622773475472,0.9739847921489496,0.2299166607974649
wh-google-omaha-ne-1,2015-01-16,0,9.441759198544691,0.210248880115855,0.9658462214171888,0.1438063174608568
wh-google-omaha-ne-1,2015-01-16,1,8.123872918416396,0.2157654021212948,0.9705474980247968,0.1609555228467432
wh-google-omaha-ne-1,2015-01-16,2,8.304885575689795,0.2319237320521115,0.9706886831017312,0.1543597866679285
wh-google-omaha-ne-1,2015-01-16,3,8.17786587833203,0.2557870017001093,0.9721710402190104,0.1467286013292195
wh-google-omaha-ne-1,2015-01-16,4,8.120317915535546,0.2423970241172617,0.971658268192306,0.1389172031336675
wh-google-omaha-ne-1,2015-03-05,0,6.791543678383165,0.1573532950115835,0.9658000308696604,0.1713042778277745
wh-google-omaha-ne-1,2015-03-05,1,5.127626862277288,0.1676003267750582,0.9703606221919852,0.1887696119885542
wh-google-omaha-ne-1,2015-03-05,2,5.268252893282363,0.1757426319669267,0.970492540325963,0.1868727527464881
wh-google-omaha-ne-1,2015-03-05,3,4.820123811010113,0.1830591342845539,0.971735873892182,0.18266303148745
wh-google-omaha-ne-1,2015-03-05,4,4.62108691329194,0.1737316441619267,0.9713289207220732,0.1749699068698761
wh-google-omaha-ne-1,2015-03-21,0,24.604950652415116,0.1943637344712714,0.965778105238308,0.1682019747718596
wh-google-omaha-ne-1,2015-03-21,1,22.74722978778844,0.205109576763016,0.9703602897002382,0.1892606135567348
wh-google-omaha-ne-1,2015-03-21,2,22.83130952278361,0.2160379080057982,0.9704959389757656,0.1842504785126574
wh-google-omaha-ne-1,2015-03-21,3,22.58656046900134,0.2395282169122872,0.971943726681874,0.1729956051654889
wh-google-omaha-ne-1,2015-03-21,4,22.60882579091161,0.2263791647106399,0.9714391184055348,0.1694276549988104
wh-google-omaha-ne-1,2015-04-22,0,24.41231823190001,0.3554938648390063,0.96602812725564,0.1654481036572036
wh-google-omaha-ne-1,2015-04-22,1,22.21977137801881,0.3460663845522609,0.9715918812334552,0.1906958708593487
wh-google-omaha-ne-1,2015-04-22,2,23.000518040339237,0.3515306547190069,0.9714819448042096,0.1867526832068027
wh-google-omaha-ne-1,2015-04-22,3,22.95322748285973,0.3944419265334201,0.9731124823959016,0.1777276986405139
wh-google-omaha-ne-1,2015-04-22,4,23.414501756536065,0.3830265926241473,0.9725216829688604,0.1759391798123113
wh-google-omaha-ne-1,2015-06-09,0,43.78239706739706,0.470887713252498,0.9663331739914,0.1697813297127415
wh-google-omaha-ne-1,2015-06-09,1,42.55397301067961,0.4319230065888245,0.9726828346859449,0.2033353842228757
wh-google-omaha-ne-1,2015-06-09,2,43.10255692674987,0.4308386981434692,0.9723055193338702,0.1961606867456454
wh-google-omaha-ne-1,2015-06-09,3,41.883056824446534,0.4904859024698413,0.9741337996866803,0.1888522816562258
wh-google-omaha-ne-1,2015-06-09,4,42.67654909756426,0.4804352773660101,0.9734286576610216,0.1873138436431654
wh-google-omaha-ne-1,2015-06-25,4,29.86063665963639,0.4949125159592181,0.9689509090909086,0.1871071694999999
wh-google-omaha-ne-1,2015-07-11,0,43.64251294190581,0.5860203816102262,0.9659442851820176,0.1877002809965451
wh-google-omaha-ne-1,2015-07-11,1,38.23144034433571,0.6018842496056055,0.9740852910068338,0.2230467015175892
wh-google-omaha-ne-1,2015-07-11,2,38.322589830295406,0.5811343817244737,0.9735706084897056,0.2162722998916093
wh-google-omaha-ne-1,2015-07-11,3,37.97050650796149,0.5951381265282064,0.9750746781615228,0.2078587544233103
wh-google-omaha-ne-1,2015-07-11,4,38.68503991833508,0.586820354083008,0.9751837740570488,0.2039003244336117
wh-google-omaha-ne-1,2015-08-12,0,37.414154582691395,0.5815373153805532,0.966354399607772,0.174632207437296
wh-google-omaha-ne-1,2015-08-12,1,34.18758846775461,0.6364147017256049,0.9753682059135532,0.2037326580001658
wh-google-omaha-ne-1,2015-08-12,2,34.78783151992102,0.6324647983962424,0.975125904746529,0.198897381446587
wh-google-omaha-ne-1,2015-08-12,3,35.09242106170174,0.6123320848141832,0.9757491556960992,0.18879584637096
wh-google-omaha-ne-1,2015-08-12,4,35.79751160734725,0.5829307005368901,0.974894496563296,0.1874993738779067
wh-google-omaha-ne-1,2015-09-13,0,29.58415351017311,0.5595124212329481,0.9662464810855204,0.1630016669070188
wh-google-omaha-ne-1,2015-09-13,1,27.311901936888024,0.5777426972952868,0.9741601746636186,0.1852917594698696
wh-google-omaha-ne-1,2015-09-13,2,27.603794523690805,0.6099013733725701,0.9744691875027484,0.1817532259346396
wh-google-omaha-ne-1,2015-09-13,3,28.02188788509295,0.5896450271135856,0.9750165153009688,0.1722228505037047
wh-google-omaha-ne-1,2015-09-13,4,28.676147785917625,0.5567092856844005,0.974227419712992,0.1698223496953138
wh-google-omaha-ne-1,2015-09-29,0,25.2556471578978,0.5333560464898022,0.9662602784625076,0.1522249992517056
wh-google-omaha-ne-1,2015-09-29,1,23.37986498088228,0.501628338429915,0.973211061845796,0.1637440353342925
wh-google-omaha-ne-1,2015-09-29,2,23.766478214933866,0.5234306234738411,0.9734788445188982,0.1583603864718928
wh-google-omaha-ne-1,2015-09-29,3,23.888646025157737,0.5332015306092345,0.97463549825904,0.1543328043006253
wh-google-omaha-ne-1,2015-09-29,4,24.395848942159436,0.5113194078425607,0.9736710137303636,0.1484653815849646
wh-google-omaha-ne-1,2015-12-02,0,5.188018342749682,0.3753875673847999,0.9688961512795032,0.146561758456846
wh-google-omaha-ne-1,2015-12-02,1,4.289024255018607,0.3058696476291619,0.9731354782913988,0.1762388027084209
wh-google-omaha-ne-1,2015-12-02,2,3.872170955994164,0.2869566298515759,0.9742836407377502,0.1932310370576514
wh-google-omaha-ne-1,2015-12-02,3,3.600289853335794,0.3183059815923773,0.9754735579095984,0.1877558521538426
wh-google-omaha-ne-1,2015-12-02,4,3.210296395016183,0.2988492759902277,0.97585274346512,0.180096987372191
wh-google-omaha-ne-1,2015-12-18,0,2.9900362524409454,0.3138598717263349,0.965816409495143,0.1482339614304683
wh-google-omaha-ne-1,2015-12-18,1,1.472889718040881,0.2752907508957039,0.9702154755977792,0.1698852581875917
wh-google-omaha-ne-1,2015-12-18,2,1.496797538928176,0.2953180330569409,0.9703244182534416,0.1576778135127391
wh-google-omaha-ne-1,2015-12-18,3,1.4568481641030255,0.3341992901570565,0.972147453683482,0.1523412973352726
wh-google-omaha-ne-1,2015-12-18,4,1.3761059910282454,0.3184775778834673,0.9715036493508522,0.1448124793683297
wh-google-omaha-ne-1,2016-01-03,0,-4.658432214236302,-0.0160415663113987,0.9890024339118468,0.6549517541512245
wh-google-omaha-ne-1,2016-01-03,1,-5.256302314129266,-0.0243118116489984,0.9888562751670632,0.6751818022924069
wh-google-omaha-ne-1,2016-01-03,2,-5.062374974014558,-0.0133142032452875,0.9885074482999452,0.6429279083622075
wh-google-omaha-ne-1,2016-01-03,3,-4.8748359910889585,0.0049348412861551,0.9890792403577502,0.5687256502916173
wh-google-omaha-ne-1,2016-01-03,4,-4.650355172157082,0.0279404009791234,0.9879425742325346,0.4961432779944381
wh-google-omaha-ne-1,2016-02-04,0,-4.962243309804276,-0.0326968327376582,0.9895857105242984,0.6980133752780194
wh-google-omaha-ne-1,2016-02-04,1,-5.20425024225847,-0.0393895420093512,0.989625953170373,0.6808371691329922
wh-google-omaha-ne-1,2016-02-04,2,-5.206612454315336,-0.0338583506174719,0.9895744704553606,0.6650616622759736
wh-google-omaha-ne-1,2016-02-04,3,-5.225717262897548,-0.0276215276950023,0.9897224769978206,0.6227367552234508
wh-google-omaha-ne-1,2016-02-04,4,-4.906917290126399,-0.0132403801523411,0.9892251862198028,0.5586131749082163
wh-google-omaha-ne-1,2016-02-20,0,16.96560317939423,0.2208209626419052,0.9658122071354294,0.1548437361301361
wh-google-omaha-ne-1,2016-02-20,1,15.01740194816542,0.2241497954988598,0.9704798733696416,0.1692303437559112
wh-google-omaha-ne-1,2016-02-20,2,15.441725353042749,0.2460976984257706,0.9706511586163894,0.1606882256227737
wh-google-omaha-ne-1,2016-02-20,3,15.486348319984383,0.2793181651468709,0.9723280647648518,0.1575705231299028
wh-google-omaha-ne-1,2016-02-20,4,15.842954918395304,0.2622766865249192,0.971714211094084,0.15306499514734
wh-google-omaha-ne-1,2016-03-07,2,19.44215954000003,0.0974734329680103,0.969,0.3082092991666667
wh-google-omaha-ne-1,2016-03-07,3,20.06784365403667,0.3170475374876168,0.9746488228650853,0.2189752710216159
wh-google-omaha-ne-1,2016-03-07,4,21.640124819877983,0.2494427367615045,0.9760684528051122,0.1744683975433564
wh-google-omaha-ne-1,2016-04-08,0,21.638683702747244,0.3565930654775889,0.9659668369037716,0.1753051905769106
wh-google-omaha-ne-1,2016-04-08,1,20.794081893177907,0.3157659355228213,0.971097500779635,0.1817595006681732
wh-google-omaha-ne-1,2016-04-08,2,20.78414621043636,0.3272168232004133,0.9711613330072856,0.1818379651059727
wh-google-omaha-ne-1,2016-04-08,3,20.095233444088368,0.3765924682759121,0.9730596826627262,0.1844963627511799
wh-google-omaha-ne-1,2016-04-08,4,20.374022025459816,0.3681378178410185,0.9724300314886524,0.1821057340185465
wh-google-omaha-ne-1,2016-05-10,0,33.579373857548326,0.5052863572350612,0.9662314666267166,0.1590883471043009
wh-google-omaha-ne-1,2016-05-10,1,30.894164268513407,0.434278250792722,0.972253144648853,0.1713682920135179
wh-google-omaha-ne-1,2016-05-10,2,31.4111380630984,0.4393940292102262,0.972181417292718,0.1733544436290149
wh-google-omaha-ne-1,2016-05-10,3,31.06478995238212,0.4952654619734794,0.974056629223324,0.1724206241025116
wh-google-omaha-ne-1,2016-05-10,4,31.73576915543359,0.4816850335642054,0.9732965464365096,0.1729519218390698
wh-google-omaha-ne-1,2016-05-26,0,43.52256338610892,0.46166377260891,0.9661963137991916,0.1731293034030055
wh-google-omaha-ne-1,2016-05-26,1,40.45876564183529,0.4073506782439192,0.9722847630447572,0.1953415019668827
wh-google-omaha-ne-1,2016-05-26,2,40.24582466012868,0.4279359837729059,0.9722231484791676,0.1907682044249872
wh-google-omaha-ne-1,2016-05-26,3,39.57413805805806,0.4878262657149238,0.9739425503274296,0.1837091719593519
wh-google-omaha-ne-1,2016-05-26,4,40.549274304010794,0.4760014255342888,0.9733020055092791,0.1841820656346172
wh-google-omaha-ne-1,2016-06-11,0,45.83141922348401,0.4456827059545283,0.966255290742278,0.1853535025523197
wh-google-omaha-ne-1,2016-06-11,1,44.83537603122793,0.429684028983929,0.9728932592941218,0.2122931314136394
wh-google-omaha-ne-1,2016-06-11,2,44.83445102724305,0.4301589520792435,0.9725686555640936,0.2094470370072951
wh-google-omaha-ne-1,2016-06-11,3,43.09128610438816,0.4805140389124724,0.9742136362342116,0.2004770037060756
wh-google-omaha-ne-1,2016-06-11,4,43.31865109686809,0.4887005449000176,0.9737965693945152,0.1948417369863807
wh-google-omaha-ne-1,2016-06-27,0,37.41789915099676,0.5230825572789817,0.9669626751279904,0.2103946298346822
wh-google-omaha-ne-1,2016-06-27,1,36.3294982962213,0.5250169148654782,0.9754157462701404,0.2339102690461103
wh-google-omaha-ne-1,2016-06-27,2,36.90453896966971,0.5113887774227038,0.9727172734622568,0.2198864753546212
wh-google-omaha-ne-1,2016-06-27,3,35.91258288103048,0.5560081619158773,0.9741731806862752,0.2184643086015408
wh-google-omaha-ne-1,2016-06-27,4,36.210485667316206,0.5789621556551365,0.9749692553193716,0.2116072117510774
wh-google-omaha-ne-1,2016-07-29,0,37.72105303090773,0.5617716188642754,0.965635616699536,0.2021563302740628
wh-google-omaha-ne-1,2016-07-29,1,33.19728260227286,0.6350607389634318,0.9751828499869388,0.2326388222164592
wh-google-omaha-ne-1,2016-07-29,2,33.52867118015733,0.6381453868211635,0.9765643240976848,0.2019911610516084
wh-google-omaha-ne-1,2016-07-29,3,34.960198983985485,0.5791030547666609,0.9745612436691315,0.1904456030172491
wh-google-omaha-ne-1,2016-07-29,4,35.21442059849129,0.5468653496226862,0.9738687760696996,0.1941117094636714
wh-google-omaha-ne-1,2016-08-14,4,11.776272735041813,0.8402154113527468,0.9853812751470136,0.2667922712821108
wh-google-omaha-ne-1,2016-10-17,3,-1.3448749865775014,0.5621146732038612,0.9788498453823654,0.2234411487854158
wh-google-omaha-ne-1,2016-10-17,4,4.6913186482708955,0.4630830289904699,0.9745286800078814,0.1894026390218817
wh-google-omaha-ne-1,2016-12-04,2,-1.050618700197452,-0.0117259704990558,0.9895168748597504,0.4742196544257237
wh-google-omaha-ne-1,2016-12-04,3,-0.9232972118878772,-0.0389046797179613,0.9900162281715238,0.3797985720448619
wh-google-omaha-ne-1,2016-12-04,4,-0.8929134500179259,-0.0403304624858352,0.9893232722864688,0.6356733644840478
wh-google-omaha-ne-1,2017-01-05,0,-9.604299591867594,0.2060192817662116,0.9699397300335032,0.3904790473853676
wh-google-omaha-ne-1,2017-01-05,1,-11.068510611721042,0.1368719148318479,0.977155403339844,0.4343030478066722
wh-google-omaha-ne-1,2017-01-05,2,-11.24689378597354,0.1521980183745178,0.9832162990677058,0.4151574343663257
wh-google-omaha-ne-1,2017-01-05,3,-11.556465089322996,0.1747500151155529,0.98324775537885,0.3999339042433563
wh-google-omaha-ne-1,2017-01-05,4,-11.837946841536708,0.1815320975408308,0.983753312433198,0.3598995890231698
wh-google-omaha-ne-1,2017-01-21,0,11.518273264035608,0.2681430772022674,0.9659231204688544,0.1257793885209231
wh-google-omaha-ne-1,2017-01-21,1,9.8154671013162,0.2760906186473663,0.9710710891451692,0.125746442865273
wh-google-omaha-ne-1,2017-01-21,2,9.773267292885071,0.2815623068680614,0.9709654661457652,0.1224293181041014
wh-google-omaha-ne-1,2017-01-21,3,9.261161009953272,0.3099976116904846,0.9727575607389318,0.1229896747459811
wh-google-omaha-ne-1,2017-01-21,4,8.860889595527528,0.2894382573661245,0.9720482343330584,0.1220571301321442
wh-google-omaha-ne-1,2017-02-22,0,24.89784550497907,0.2107363807535047,0.9658203689832516,0.1605611214016073
wh-google-omaha-ne-1,2017-02-22,1,22.599111867120165,0.2179862954422364,0.9704285031801352,0.1721766018013389
wh-google-omaha-ne-1,2017-02-22,2,22.62256019267216,0.2245898422496554,0.970388526056368,0.1667263580451233
wh-google-omaha-ne-1,2017-02-22,3,22.203233385194302,0.2553248456000042,0.972082728096741,0.1602310919561206
wh-google-omaha-ne-1,2017-02-22,4,22.284259999970576,0.2386993793229474,0.971502298792834,0.1567080114631499
wh-google-omaha-ne-1,2017-04-11,0,26.564847643349744,0.3277211336383374,0.9659658495285554,0.1604984975381104
wh-google-omaha-ne-1,2017-04-11,1,24.70412840886765,0.3154882464999785,0.9713019377410842,0.1812102107221661
wh-google-omaha-ne-1,2017-04-11,2,24.71939057067035,0.3075932247935092,0.971010667739717,0.1807544224016571
wh-google-omaha-ne-1,2017-04-11,3,24.08098470288874,0.3658163965618408,0.9730137783706612,0.1714624675186016
wh-google-omaha-ne-1,2017-04-11,4,24.216424674599917,0.3482683207891415,0.9723154405981372,0.1697566579007038
wh-google-omaha-ne-1,2017-04-27,0,23.719596387727982,0.4003024171909474,0.9655577359416184,0.1878853075791751
wh-google-omaha-ne-1,2017-04-27,1,22.016134345740824,0.3371701319298115,0.9715894612659224,0.1993924823790387
wh-google-omaha-ne-1,2017-04-27,2,22.227451835323745,0.3482827894388269,0.9725248064403031,0.2017691026972259
wh-google-omaha-ne-1,2017-04-27,3,21.270740357921916,0.4229116332666413,0.974253952416,0.1982357648298166
wh-google-omaha-ne-1,2017-04-27,4,21.010840977724264,0.4139263871167629,0.9731927164735088,0.2025652906192081
wh-google-omaha-ne-1,2017-05-13,0,34.994856314169,0.479377420263178,0.9662346153322336,0.16925412067297
wh-google-omaha-ne-1,2017-05-13,1,33.451271203369494,0.3872908432621265,0.971825820622387,0.1975552089992711
wh-google-omaha-ne-1,2017-05-13,2,33.62113334262635,0.4018409903921868,0.972053431851318,0.1948663678978116
wh-google-omaha-ne-1,2017-05-13,3,32.97895901414159,0.4802592062493428,0.9739125292429552,0.1869349165719148
wh-google-omaha-ne-1,2017-05-13,4,33.789902865369804,0.4547837085424255,0.973119915590662,0.1862984005091582
wh-google-omaha-ne-1,2017-05-29,0,29.99123430738684,0.4353802028721293,0.9685735593458272,0.2043427622592475
wh-google-omaha-ne-1,2017-05-29,1,30.839320810838817,0.329904584336227,0.9726831336389082,0.2438515112040072
wh-google-omaha-ne-1,2017-05-29,2,31.905403407955333,0.3675734971369221,0.9729750466592032,0.2254607961489331
wh-google-omaha-ne-1,2017-05-29,3,31.56647362616091,0.5175679416830756,0.974174595777438,0.2004972207040489
wh-google-omaha-ne-1,2017-05-29,4,32.82136432692852,0.4650580692749013,0.9730235935618842,0.2079666084068395
wh-google-omaha-ne-1,2017-06-14,0,35.72768105280976,0.4898328466238681,0.9662771346598196,0.1667824204747231
wh-google-omaha-ne-1,2017-06-14,1,32.789614605017164,0.4664441186769389,0.9730769506417016,0.1797354984114457
wh-google-omaha-ne-1,2017-06-14,2,33.21035781731458,0.4436578428074842,0.9725089151706816,0.1814886546468893
wh-google-omaha-ne-1,2017-06-14,3,33.17973581811592,0.5049088843502678,0.9743807492258768,0.1770748391613863
wh-google-omaha-ne-1,2017-06-14,4,33.86991096184579,0.4938272639519884,0.973625573100328,0.1794775330448226
wh-google-omaha-ne-1,2017-06-30,0,35.243880160604135,0.5165092617035407,0.9663100957413466,0.1653620816668708
wh-google-omaha-ne-1,2017-06-30,1,32.169258072349855,0.5189998571890582,0.9735837918286496,0.1916812207610344
wh-google-omaha-ne-1,2017-06-30,2,32.81279453777007,0.5100530901297667,0.9731853423257416,0.1858004878709848
wh-google-omaha-ne-1,2017-06-30,3,32.89639723271186,0.5542980215797625,0.974529304297156,0.1816297980426907
wh-google-omaha-ne-1,2017-06-30,4,33.680523292828184,0.5282398533153735,0.9738244857430658,0.1836400068477137
wh-google-omaha-ne-1,2017-07-16,0,44.65937735542123,0.5093716740357812,0.9663315047598277,0.1636332113653809
wh-google-omaha-ne-1,2017-07-16,1,41.222690512712305,0.5395776689541787,0.9743150456780286,0.1957836635151729
wh-google-omaha-ne-1,2017-07-16,2,41.85369630165948,0.5280506718719821,0.973886556624466,0.1936106172360437
wh-google-omaha-ne-1,2017-07-16,3,41.58533703155689,0.5458202864608579,0.9750424732949576,0.1813028575948217
wh-google-omaha-ne-1,2017-07-16,4,42.218105643302934,0.5319427337209635,0.9744107375654534,0.1826218160900242
wh-google-omaha-ne-1,2017-08-01,3,28.28902083042567,0.6795828290690623,0.9776184153852842,0.1858503340630459
wh-google-omaha-ne-1,2017-08-01,4,29.915355076161408,0.5950970216239578,0.9758082460490116,0.1871742592459841
wh-google-omaha-ne-1,2017-08-17,0,35.15775952814714,0.4727627832962111,0.9662726022671032,0.1567941525891358
wh-google-omaha-ne-1,2017-08-17,1,31.45023446051156,0.5307270774381028,0.9742347319470778,0.1931398470417189
wh-google-omaha-ne-1,2017-08-17,2,31.71004907220476,0.5431091505877588,0.9740686078107944,0.1889087966369091
wh-google-omaha-ne-1,2017-08-17,3,32.04792651700001,0.5456124902852736,0.9749548207693484,0.174976504317055
wh-google-omaha-ne-1,2017-08-17,4,32.470969853824656,0.5219296951923307,0.9742290463387848,0.1754398758814559
wh-google-omaha-ne-1,2017-09-02,0,37.09992925947538,0.4957867893904306,0.966266542280086,0.1559671751186552
wh-google-omaha-ne-1,2017-09-02,1,33.693303173913414,0.5400835461330582,0.9741649653991028,0.1878192407452813
wh-google-omaha-ne-1,2017-09-02,2,33.86020768387795,0.5381085208056239,0.9739141517430692,0.1843234276279805
wh-google-omaha-ne-1,2017-09-02,3,33.6348240031523,0.5482589838939629,0.9748067822155568,0.1718656046985108
wh-google-omaha-ne-1,2017-09-02,4,33.88804440139248,0.5293121710433386,0.974022658458506,0.1715691092017481
wh-google-omaha-ne-1,2017-10-20,0,15.531768652351168,0.4406219152880803,0.9660611899120218,0.1420910450519998
wh-google-omaha-ne-1,2017-10-20,1,15.114011074588786,0.3844297950928357,0.973177496731341,0.1701263281719367
wh-google-omaha-ne-1,2017-10-20,2,17.82201663778992,0.3806138199515978,0.972092623325901,0.172719416793507
wh-google-omaha-ne-1,2017-10-20,3,18.441836218762607,0.4383419006884365,0.9736704438716214,0.1636044410405281
wh-google-omaha-ne-1,2017-10-20,4,19.37779332447247,0.3995509123345479,0.9727072894250618,0.1614214305426167
wh-google-omaha-ne-1,2017-11-05,0,10.797649131810385,0.4396176359646356,0.9660529537272832,0.1104245889459033
wh-google-omaha-ne-1,2017-11-05,1,10.31880574309656,0.3679485926586661,0.9714573925465452,0.1668680111278623
wh-google-omaha-ne-1,2017-11-05,2,9.934402040250877,0.3531220101318849,0.9712608347248808,0.1684256524966358
wh-google-omaha-ne-1,2017-11-05,3,10.045534580302691,0.4005441424866084,0.9729438729992358,0.1686594712368175
wh-google-omaha-ne-1,2017-11-05,4,10.167973319475497,0.3729446000767175,0.9720400872211692,0.1656876880902163
wh-google-omaha-ne-1,2017-11-21,0,3.635424470345264,0.3821210571578775,0.9660098837394036,0.1486424135299912
wh-google-omaha-ne-1,2017-11-21,1,3.1899832980787264,0.3244103358291526,0.9713363679045324,0.1757165229603971
wh-google-omaha-ne-1,2017-11-21,2,3.284292092303847,0.3250438471106882,0.9712616365538332,0.1674921670886744
wh-google-omaha-ne-1,2017-11-21,3,3.566964802913106,0.368883197722581,0.973095987981546,0.1573166925668635
wh-google-omaha-ne-1,2017-11-21,4,3.6326886722447234,0.3434911315901302,0.9721748225836584,0.1508557944375102
wh-google-omaha-ne-1,2017-12-07,0,0.7087893354185986,0.3288019699226294,0.9659452916956058,0.1501620776568226
wh-google-omaha-ne-1,2017-12-07,1,-0.5464162226693354,0.2848613364005138,0.971028962713697,0.1762721835320549
wh-google-omaha-ne-1,2017-12-07,2,-0.5694186618438273,0.291725081474222,0.9711474185193786,0.1693943730516977
wh-google-omaha-ne-1,2017-12-07,3,-0.7123958131288849,0.3305824389487408,0.972791523395348,0.1578338167900825
wh-google-omaha-ne-1,2017-12-07,4,-0.9327658200718268,0.3083296909399364,0.971981204123734,0.1504452017931957
wh-google-omaha-ne-1,2018-01-08,0,3.62066096830859,0.2284116304379393,0.973204011930773,0.2132673464680158
wh-google-omaha-ne-1,2018-01-08,1,1.796322833599281,0.1723974403105513,0.9799676025867674,0.3056026568182732
wh-google-omaha-ne-1,2018-01-08,2,2.03157949965728,0.1830269907255853,0.9793616391915568,0.2775197488745435
wh-google-omaha-ne-1,2018-01-08,3,1.816784103017924,0.2369462650558031,0.9812802024125952,0.2560990049429197
wh-google-omaha-ne-1,2018-01-08,4,1.8456758468764625,0.2425193471095726,0.9806041841361884,0.2183403229938987
wh-google-omaha-ne-1,2018-01-24,0,-3.663454843702433,0.0180984687015787,0.9898925785701124,0.5609385512960818
wh-google-omaha-ne-1,2018-01-24,1,-4.215244005357044,-0.0008832871459982296,0.9898416144462712,0.6063455891793542
wh-google-omaha-ne-1,2018-01-24,2,-4.195146089962615,0.0044890286193256,0.9898777346126134,0.5951256337932487
wh-google-omaha-ne-1,2018-01-24,3,-4.182907651544225,0.0112785503544838,0.989950247788308,0.5673836610297784
wh-google-omaha-ne-1,2018-01-24,4,-3.799711457222675,0.0282521721199853,0.9898573622118788,0.5119285762579945
wh-google-omaha-ne-1,2018-02-25,0,7.255793377021005,0.2376304917692084,0.9687287455568124,0.1466804139120941
wh-google-omaha-ne-1,2018-02-25,1,4.214434168428357,0.1449481603617767,0.9763751598390464,0.2182924131209964
wh-google-omaha-ne-1,2018-02-25,2,4.369869756531238,0.1757891205708142,0.975566308324858,0.2045968587000167
wh-google-omaha-ne-1,2018-02-25,3,4.253911766575959,0.1781014971953663,0.9771302096100708,0.2208233044256208
wh-google-omaha-ne-1,2018-02-25,4,4.421669852869697,0.1624639434949325,0.9772374289939116,0.2061288048028375
wh-google-omaha-ne-1,2018-03-13,0,16.041197598147566,0.198314489493855,0.9658147448032274,0.1579161733333901
wh-google-omaha-ne-1,2018-03-13,1,13.977968365037306,0.1983899880473519,0.9701480968371174,0.1752611894962743
wh-google-omaha-ne-1,2018-03-13,2,14.115024449755063,0.2050334701048954,0.9702440615862984,0.1726823629521159
wh-google-omaha-ne-1,2018-03-13,3,13.93459754005205,0.2297174751957029,0.971892204668516,0.1660326251345835
wh-google-omaha-ne-1,2018-03-13,4,14.098736925624658,0.214753375802813,0.9713024335961372,0.1628345055979417
wh-google-omaha-ne-1,2018-03-29,4,1.845031402637709,0.2771680738540638,0.9726635502444444,0.1704391406865789
wh-google-omaha-ne-1,2018-04-30,0,16.854194694749175,0.3595831686381018,0.9674782880006632,0.1972221945988474
wh-google-omaha-ne-1,2018-04-30,1,19.364469106080573,0.2802243262081608,0.9743945072742684,0.1949988205239526
wh-google-omaha-ne-1,2018-04-30,2,20.16617295188467,0.2854770310881782,0.9734151173328708,0.2056601210960519
wh-google-omaha-ne-1,2018-04-30,3,21.37976546905412,0.3435541135820648,0.9741534047935988,0.1890233105445083
wh-google-omaha-ne-1,2018-04-30,4,22.47094805881484,0.3306113966381132,0.9723745023398788,0.1753548790769493
wh-google-omaha-ne-1,2018-05-16,0,40.78855021348492,0.4659516128807338,0.9662192485961094,0.1570740529398018
wh-google-omaha-ne-1,2018-05-16,1,39.62553352467896,0.4073181260391029,0.972157357892683,0.1890196404948277
wh-google-omaha-ne-1,2018-05-16,2,39.64387523051962,0.3967189777068042,0.972021544994114,0.1875559543648076
wh-google-omaha-ne-1,2018-05-16,3,38.32182560771975,0.4572938578722611,0.9737011165622728,0.1785397213974312
wh-google-omaha-ne-1,2018-05-16,4,38.65915902809597,0.4389204517838946,0.9730012603967612,0.1786251557855733
wh-google-omaha-ne-1,2018-06-01,0,48.202059836553865,0.4335259428603887,0.9662368756270392,0.1627221535190961
wh-google-omaha-ne-1,2018-06-01,1,46.86398563993632,0.3929470044160119,0.9724274632616092,0.1990239570134422
wh-google-omaha-ne-1,2018-06-01,2,46.08432312975221,0.383809922375111,0.9718007608742998,0.2006760828293463
wh-google-omaha-ne-1,2018-06-01,3,43.78230484410828,0.4536865199581986,0.973635211567937,0.1937501009116187
wh-google-omaha-ne-1,2018-06-01,4,44.953119829231674,0.4353456820728368,0.9729353943307416,0.1861476110869704
wh-google-omaha-ne-1,2018-07-03,0,38.83262703291973,0.551800030650303,0.9664081868159284,0.1678704739692938
wh-google-omaha-ne-1,2018-07-03,1,36.35027201237331,0.5665098742902345,0.9747095018166808,0.2064964236690079
wh-google-omaha-ne-1,2018-07-03,2,37.3661387501804,0.5354418614400159,0.9739928516850508,0.1982114347475371
wh-google-omaha-ne-1,2018-07-03,3,37.866500004948456,0.5534658258011197,0.974849437317515,0.1871931363826098
wh-google-omaha-ne-1,2018-07-03,4,38.6152216255851,0.5364425921375745,0.9742035502528236,0.1865221626151358
wh-google-omaha-ne-1,2018-07-19,0,38.12379967115287,0.5384864170866043,0.9664234536796168,0.1601612534637688
wh-google-omaha-ne-1,2018-07-19,1,34.512485621861714,0.5872916511463925,0.9749481623616694,0.2003814996050255
wh-google-omaha-ne-1,2018-07-19,2,35.12021790515137,0.566658022484231,0.9743103180672048,0.1877185365102165
wh-google-omaha-ne-1,2018-07-19,3,35.93209789728699,0.5715669892302224,0.9750884980512098,0.1802978488704965
wh-google-omaha-ne-1,2018-07-19,4,36.64521358562149,0.5418918762627534,0.9743486455568132,0.179563529748288
wh-google-omaha-ne-1,2018-09-21,1,4.1392545209380565,0.3693658644230304,0.9735932445473848,0.1887442361836518
wh-google-omaha-ne-1,2018-09-21,2,6.897419911978931,0.5047776022355787,0.9758901326293066,0.2052873599164043
wh-google-omaha-ne-1,2018-09-21,3,5.1291593980704455,0.4958082049009716,0.9762961336647336,0.1746880451829031
wh-google-omaha-ne-1,2018-09-21,4,9.853193941082283,0.493251895895951,0.9754673479627624,0.1393401181717464
wh-google-omaha-ne-1,2018-10-23,0,20.218117003249244,0.4542692613264699,0.966173591004216,0.1493278364197773
wh-google-omaha-ne-1,2018-10-23,1,18.367502554164545,0.3912928970503839,0.9719560955301968,0.1686982580780573
wh-google-omaha-ne-1,2018-10-23,2,18.30580025836713,0.3869529645312304,0.9717295348365416,0.1566380861902317
wh-google-omaha-ne-1,2018-10-23,3,18.094536025779036,0.4372491951065038,0.9736341029425812,0.1519803777673809
wh-google-omaha-ne-1,2018-10-23,4,18.287997759432272,0.4100940579377639,0.9727062040763712,0.1520685950945078
wh-google-omaha-ne-1,2018-12-10,0,-3.81488875029947,0.0086580353503513,0.9877387296226314,0.5703243187663901
wh-google-omaha-ne-1,2018-12-10,1,-4.702968561702079,0.0217667604251324,0.9855798807232364,0.5403632268784578
wh-google-omaha-ne-1,2018-12-10,2,-4.4878527135753385,0.032282920878848,0.9857883438578192,0.5095248929827615
wh-google-omaha-ne-1,2018-12-10,3,-4.313203529024007,0.0637902254987822,0.9865478322364906,0.4555901592332528
wh-google-omaha-ne-1,2018-12-10,4,-4.044931364921993,0.0887435398575532,0.9850578587045036,0.4025240137362678
wh-google-omaha-ne-1,2019-02-12,0,-8.278791231879508,-0.0237695559453915,0.9903836776662672,0.7399933108358648
wh-google-omaha-ne-1,2019-02-12,1,-8.348991758234089,-0.0284800051386464,0.9903996394930163,0.7318430838020414
wh-google-omaha-ne-1,2019-02-12,2,-8.185307577715289,-0.021561395293998,0.9903522151674669,0.7048337792607553
wh-google-omaha-ne-1,2019-02-12,3,-8.201312396713885,-0.0148616089115409,0.9902201016894692,0.6766573548016299
wh-google-omaha-ne-1,2019-02-12,4,-7.853133350794485,-0.0084639527921281,0.9902111491872556,0.6233106458615428
wh-google-omaha-ne-1,2019-03-16,0,16.397164641659643,0.194516325123373,0.9658293693055672,0.152541510648081
wh-google-omaha-ne-1,2019-03-16,1,13.103677992605297,0.2044823262322665,0.9702436594781342,0.1549161666545507
wh-google-omaha-ne-1,2019-03-16,2,13.534612237652926,0.2181085857315173,0.9703982053469112,0.1540089465344274
wh-google-omaha-ne-1,2019-03-16,3,13.933479486617705,0.2451992596743198,0.9722699475273392,0.1553415634582726
wh-google-omaha-ne-1,2019-03-16,4,14.30373856852808,0.2260192484784888,0.971574781326744,0.1570877083323144
wh-google-omaha-ne-1,2019-04-01,0,20.548223525387943,0.2158360145761176,0.9658078159260204,0.1688034494244396
wh-google-omaha-ne-1,2019-04-01,1,18.194725837450143,0.2169968322766485,0.9704314251514412,0.1829730335083742
wh-google-omaha-ne-1,2019-04-01,2,17.9747173206641,0.2292684020347551,0.9704950486541964,0.1793270063530284
wh-google-omaha-ne-1,2019-04-01,3,17.414325910697684,0.2718908547150962,0.9721178231253016,0.1725640954175819
wh-google-omaha-ne-1,2019-04-01,4,17.70668121763735,0.248302537730014,0.9714551960517532,0.1735283799436846
wh-google-omaha-ne-1,2019-06-04,0,31.565221620648565,0.4923152676926067,0.9658657982948908,0.180899789818564
wh-google-omaha-ne-1,2019-06-04,1,26.77495427001605,0.4084509424019593,0.9712809084575578,0.2252874591412408
wh-google-omaha-ne-1,2019-06-04,2,26.6067701596247,0.4188508638110432,0.9737889113749162,0.2399686639074252
wh-google-omaha-ne-1,2019-06-04,3,28.10506417502231,0.4300623031776889,0.973005749729106,0.2373835172892157
wh-google-omaha-ne-1,2019-06-04,4,30.36126666388173,0.4259509358902886,0.9719992503064117,0.2211006944676508
wh-google-omaha-ne-1,2019-07-06,0,40.824779121429195,0.575357453506893,0.9664068530649476,0.1716564797428738
wh-google-omaha-ne-1,2019-07-06,1,36.527912654651765,0.5756872834786383,0.9746238161317508,0.1983963480784622
wh-google-omaha-ne-1,2019-07-06,2,38.107586463296855,0.527840478291321,0.9737262805315886,0.1968516142421764
wh-google-omaha-ne-1,2019-07-06,3,38.405304353928734,0.5442633621506996,0.9747193644312812,0.1933001204789011
wh-google-omaha-ne-1,2019-07-06,4,39.077154198610515,0.5174406207930674,0.9739452066651002,0.1935528059308079
wh-google-omaha-ne-1,2019-07-22,0,29.85969351052785,0.5359842873708469,0.9679724306487189,0.1903366969968851
wh-google-omaha-ne-1,2019-07-22,1,31.32624438203829,0.5393323177043133,0.97522035339085,0.2080274029225347
wh-google-omaha-ne-1,2019-07-22,2,32.32864795673513,0.5609269230738897,0.9748320208712756,0.1896042629873203
wh-google-omaha-ne-1,2019-07-22,3,32.85905227214537,0.5502628987873189,0.9748525871987408,0.1793353691426386
wh-google-omaha-ne-1,2019-07-22,4,33.86656467038851,0.5239653504533425,0.9740560499902308,0.1825711582813804
wh-google-omaha-ne-1,2019-08-07,0,42.62002937162985,0.5236895949594653,0.9663556779749491,0.1617308372992677
wh-google-omaha-ne-1,2019-08-07,1,38.80567317373229,0.5498408576210602,0.974357712300306,0.1939067966478478
wh-google-omaha-ne-1,2019-08-07,2,39.56084107556316,0.5351985153955033,0.9737691019381688,0.1799593555110999
wh-google-omaha-ne-1,2019-08-07,3,39.697545244117904,0.5403495849281507,0.9748406745684056,0.1758653444642563
wh-google-omaha-ne-1,2019-08-07,4,40.477654814867975,0.5114394050320097,0.9738212015372724,0.1792222811416897
wh-google-omaha-ne-1,2019-08-23,0,29.596494873127124,0.5662288429125673,0.965353826727542,0.16087031978851
wh-google-omaha-ne-1,2019-08-23,1,26.29668854766871,0.5923061725434811,0.9741477800316338,0.1769535021442791
wh-google-omaha-ne-1,2019-08-23,2,27.873623416509293,0.5061861878078562,0.97090664931647,0.1802391353911684
wh-google-omaha-ne-1,2019-08-23,3,26.611606030938,0.5284985990491537,0.9726628615219184,0.1701254601863815
wh-google-omaha-ne-1,2019-08-23,4,27.647464422874176,0.5104670476955274,0.9725353999186896,0.1508446704877204
wh-google-omaha-ne-1,2019-09-24,0,33.44008876283737,0.5172561172732608,0.9661719667152394,0.1503061315733083
wh-google-omaha-ne-1,2019-09-24,1,30.72616690555741,0.4813628214505628,0.9722315657505828,0.1612407851018645
wh-google-omaha-ne-1,2019-09-24,2,31.099779958434635,0.4952308324526802,0.9726404998769784,0.1651630719634189
wh-google-omaha-ne-1,2019-09-24,3,31.254250983816103,0.522247547526844,0.9740184322592096,0.1627770421896883
wh-google-omaha-ne-1,2019-09-24,4,32.12571283607457,0.4916411406152026,0.97300387096647,0.1629941882180118
wh-google-omaha-ne-1,2019-10-26,0,16.698508472974556,0.4259499888895333,0.966174909320367,0.15052909693723
wh-google-omaha-ne-1,2019-10-26,1,14.72772247030858,0.3633219054317474,0.9716685904411284,0.1603974853352324
wh-google-omaha-ne-1,2019-10-26,2,15.137323289947073,0.3820860570016097,0.9719981946093132,0.1624248344169261
wh-google-omaha-ne-1,2019-10-26,3,15.260598177724022,0.4360232956661763,0.9738527155422264,0.159280016666942
wh-google-omaha-ne-1,2019-10-26,4,15.429081922896746,0.417100297414302,0.9729579186673136,0.1592694815208065
wh-google-omaha-ne-1,2019-11-11,0,-8.181130686145428,0.3181910372027463,0.971197281598513,0.3484525273091892
wh-google-omaha-ne-1,2019-11-11,1,-7.698492580044968,0.1856625683937201,0.9702168531396556,0.4359602397649485
wh-google-omaha-ne-1,2019-11-11,2,-7.9539665287329875,0.1823304265431632,0.9730621883668138,0.4011256018620143
wh-google-omaha-ne-1,2019-11-11,3,-7.127945828124894,0.2931023879604609,0.9788268239213426,0.3113906002034508
wh-google-omaha-ne-1,2019-11-11,4,-5.987134840658442,0.2711582190698608,0.973965799070652,0.280832181565376
wh-google-omaha-ne-1,2019-11-27,3,-2.0138913399999865,,0.9717,0.010120455
wh-google-omaha-ne-1,2019-11-27,4,-1.9184146479999773,0.4311415828698948,0.9753600000000002,0.1678272533333333
wh-google-omaha-ne-1,2019-12-13,0,4.182913703580717,0.2912098305952146,0.9659103281717428,0.1581080784427277
wh-google-omaha-ne-1,2019-12-13,1,2.76103674681542,0.2627598580431426,0.9708522397139316,0.1579430053290416
wh-google-omaha-ne-1,2019-12-13,2,2.78751551020238,0.2888601433716475,0.9709387246251556,0.1416053370588401
wh-google-omaha-ne-1,2019-12-13,3,2.757642505290685,0.3370807541037656,0.972930593171902,0.1429325164232732
wh-google-omaha-ne-1,2019-12-13,4,2.7218457787791333,0.3154139316171774,0.9720797471158196,0.1377864123329304
wh-google-omaha-ne-1,2020-01-14,0,0.0089025349340364,0.2120977855394974,0.9759738320599662,0.2168763677127394
wh-google-omaha-ne-1,2020-01-14,1,-1.4593813666952795,0.1570914623758611,0.9807706380781182,0.2676277097743302
wh-google-omaha-ne-1,2020-01-14,2,-1.55678086114113,0.1546662516101237,0.9818769527710608,0.2644228088143268
wh-google-omaha-ne-1,2020-01-14,3,-1.6334929652307582,0.1790370381925732,0.983069171473554,0.2544879989196147
wh-google-omaha-ne-1,2020-01-14,4,-1.4757382242812582,0.1949021519657172,0.9812870583649888,0.2230541983734288
wh-google-omaha-ne-1,2020-02-15,0,10.971643947226775,0.2007514573440552,0.9658133361479188,0.1590826225355114
wh-google-omaha-ne-1,2020-02-15,1,9.01852747353288,0.1947914549703492,0.9708555527734428,0.1759254991503749
wh-google-omaha-ne-1,2020-02-15,2,8.820786266035995,0.2046298158799814,0.9703864713714492,0.1718170443780813
wh-google-omaha-ne-1,2020-02-15,3,8.861239008159037,0.2250548335347404,0.9720821892382546,0.1689498344249309
wh-google-omaha-ne-1,2020-02-15,4,8.766961964128804,0.2123561049023777,0.9714026369107196,0.164511238246053
wh-google-omaha-ne-1,2020-03-02,0,13.055715136298293,0.1977220204639649,0.9657922555900575,0.153251105920652
wh-google-omaha-ne-1,2020-03-02,1,12.623191140934138,0.1935513823942309,0.9700013755857916,0.1838698483646626
wh-google-omaha-ne-1,2020-03-02,2,12.698661293380315,0.2135676489752539,0.9697787208199008,0.176047397289967
wh-google-omaha-ne-1,2020-03-02,3,12.357214099637222,0.2487704884210265,0.9720824261837852,0.1682727386059931
wh-google-omaha-ne-1,2020-03-02,4,12.16175063800448,0.2310418611926518,0.9718581864797368,0.1646911189143981
wh-google-omaha-ne-1,2020-04-19,0,27.452515557205142,0.3317348299059203,0.9659808730666716,0.1722944499126002
wh-google-omaha-ne-1,2020-04-19,1,25.59914428995174,0.2905314376958458,0.971082870739312,0.1999721749600102
wh-google-omaha-ne-1,2020-04-19,2,24.758929826793903,0.3051545364512806,0.9711260082573429,0.1901117531397857
wh-google-omaha-ne-1,2020-04-19,3,23.89765051886052,0.3502009005918399,0.9729332195896382,0.1819491480464485
wh-google-omaha-ne-1,2020-04-19,4,24.65170086601808,0.3370717911412363,0.9728008844919546,0.1799490517538239
wh-google-omaha-ne-1,2020-05-05,0,24.673584548633603,0.4518056826312424,0.9661970569409056,0.1715346779758241
wh-google-omaha-ne-1,2020-05-05,1,22.943077684991117,0.3736456204983245,0.971829197255148,0.1963392987337961
wh-google-omaha-ne-1,2020-05-05,2,22.190900265028574,0.3729631861358311,0.9728127808370136,0.1953001945380143
wh-google-omaha-ne-1,2020-05-05,3,22.710625885102107,0.4204298515116954,0.9729645707600882,0.1857228274276815
wh-google-omaha-ne-1,2020-05-05,4,23.45550508695368,0.420261274476278,0.9727658843389212,0.1822339229861471
wh-google-omaha-ne-1,2020-06-06,0,45.68577859242683,0.5251328603432611,0.9663622563906996,0.1739847390435172
wh-google-omaha-ne-1,2020-06-06,1,44.69278406843807,0.4282153424217003,0.972816664875965,0.2079132726464581
wh-google-omaha-ne-1,2020-06-06,2,43.40042377285449,0.4440355908532001,0.972636267926365,0.1971990947820119
wh-google-omaha-ne-1,2020-06-06,3,39.06230650722884,0.4940912235406806,0.9739727696282154,0.188214230664196
wh-google-omaha-ne-1,2020-06-06,4,40.456802745994054,0.4715670687165874,0.973246211057212,0.1945217232735241
wh-google-omaha-ne-1,2020-06-22,0,38.26307711079023,0.5361889417930304,0.9655584256699372,0.1679016017168077
wh-google-omaha-ne-1,2020-06-22,1,34.94392880012709,0.4828238449537316,0.9724230662514498,0.2178248899458539
wh-google-omaha-ne-1,2020-06-22,2,34.79273427527451,0.4848606378327543,0.9728814318346578,0.2119357073725244
wh-google-omaha-ne-1,2020-06-22,3,35.01258703651485,0.5276859110303523,0.9749112972495544,0.2054741974610735
wh-google-omaha-ne-1,2020-06-22,4,35.27632102499246,0.5144888452250624,0.973831744307592,0.2012816289795306
wh-google-omaha-ne-1,2020-07-08,0,43.0830141231027,0.5240139237569762,0.9663991124972184,0.168306319767842
wh-google-omaha-ne-1,2020-07-08,1,40.31679981165179,0.5222115237730126,0.974405516471178,0.2083131031661487
wh-google-omaha-ne-1,2020-07-08,2,41.02271705268511,0.4986849852607119,0.973592504554405,0.1977867108833781
wh-google-omaha-ne-1,2020-07-08,3,40.83688108011771,0.5283595947063765,0.9748450522230012,0.185076730536382
wh-google-omaha-ne-1,2020-07-08,4,41.796135028413225,0.4960189489446945,0.973859967377667,0.1864680048593693
wh-google-omaha-ne-1,2020-07-24,0,30.238010569744397,0.4920416059275133,0.967524292796284,0.2210499552346242
wh-google-omaha-ne-1,2020-07-24,1,31.34414269707587,0.5848272825073489,0.9750987236282782,0.2404118560525097
wh-google-omaha-ne-1,2020-07-24,2,33.72895385130926,0.5021111151897443,0.973588416337034,0.2304400337164215
wh-google-omaha-ne-1,2020-07-24,3,37.039897486163675,0.5119209155285738,0.974678906130942,0.2139321901522733
wh-google-omaha-ne-1,2020-07-24,4,38.94081816295889,0.496942444971563,0.9740172426428516,0.2101214821675823
wh-google-omaha-ne-1,2020-08-09,0,36.544701848346655,0.548195954223471,0.96635260646846,0.1597549399177634
wh-google-omaha-ne-1,2020-08-09,1,33.83327240470848,0.5917319587820793,0.9752141087698638,0.2006434895148452
wh-google-omaha-ne-1,2020-08-09,2,34.74159780466937,0.546832767352579,0.973938918838224,0.1842313268161615
wh-google-omaha-ne-1,2020-08-09,3,35.125965140256504,0.5703126110497995,0.9752386255034288,0.1758354871519272
wh-google-omaha-ne-1,2020-08-09,4,35.99185242025577,0.5295367668367481,0.9741158903192532,0.1748532651180996
wh-google-omaha-ne-1,2020-08-25,0,42.059469995238,0.4675624255255919,0.9662493024818292,0.1589675824199887
wh-google-omaha-ne-1,2020-08-25,1,38.967600625334306,0.5083653271739089,0.9740046882590002,0.1888392075139372
wh-google-omaha-ne-1,2020-08-25,2,39.18295465298884,0.4791059392262889,0.9731414202475764,0.1803438341537256
wh-google-omaha-ne-1,2020-08-25,3,38.82774355800431,0.5155805203580311,0.9746374108021196,0.1727984217359462
wh-google-omaha-ne-1,2020-08-25,4,39.63359668473023,0.4845977767371587,0.973625752577374,0.1725102499085353
wh-google-omaha-ne-1,2020-09-26,0,21.84029538303377,0.3848414087110896,0.966009881923542,0.1487782351774552
wh-google-omaha-ne-1,2020-09-26,1,20.88874126632354,0.3617321915812131,0.97176167010431,0.1738589523567504
wh-google-omaha-ne-1,2020-09-26,2,21.232974266079967,0.3622725755440312,0.9716063782273814,0.1689054773950117
wh-google-omaha-ne-1,2020-09-26,3,20.517352066405415,0.4141354374767732,0.9730712168752256,0.1650032285318634
wh-google-omaha-ne-1,2020-09-26,4,20.97905394368103,0.3964105485737905,0.972470075415654,0.1639697924644869
wh-google-omaha-ne-1,2020-10-12,0,24.964548945533107,0.3916089659945481,0.9660601395490293,0.1429215771144467
wh-google-omaha-ne-1,2020-10-12,1,23.0443987499591,0.3529374112963347,0.9716689124448123,0.1729185105907729
wh-google-omaha-ne-1,2020-10-12,2,22.752455897700912,0.3775579469420491,0.9716428895091178,0.159586694132903
wh-google-omaha-ne-1,2020-10-12,3,22.678897705795013,0.4378822468206975,0.9736383895155856,0.1558549433099201
wh-google-omaha-ne-1,2020-10-12,4,22.646310833180245,0.4168207626185928,0.9728115346376178,0.1541607707234824
wh-google-omaha-ne-1,2020-10-28,0,13.5357469501317,0.3447038685632457,0.9668429097380165,0.1437225090612899
wh-google-omaha-ne-1,2020-10-28,1,11.991355383000194,0.3161659111440237,0.9706942556799448,0.1654333137053945
wh-google-omaha-ne-1,2020-10-28,2,11.62042174406374,0.3397950757022324,0.9709808871876052,0.1591317433714414
wh-google-omaha-ne-1,2020-10-28,3,11.45981148831066,0.397047720087901,0.9727519835079144,0.1544795248583096
wh-google-omaha-ne-1,2020-10-28,4,11.23970314365956,0.3692698505705029,0.97198716848696,0.1548976926777329
wh-google-omaha-ne-1,2020-11-29,0,6.120630517382998,0.2961580632825492,0.96593761604496,0.1449269676991204
wh-google-omaha-ne-1,2020-11-29,1,5.089490383917207,0.2781054727656285,0.9707341614784556,0.1577637896929932
wh-google-omaha-ne-1,2020-11-29,2,5.209465899911671,0.293345229617769,0.9708039062743116,0.1547754756607246
wh-google-omaha-ne-1,2020-11-29,3,5.305606276826375,0.3466902643273347,0.9727869738707008,0.1463429714013819
wh-google-omaha-ne-1,2020-11-29,4,5.21996811138084,0.3162431151442856,0.9718744986007096,0.147959638179327
wh-google-omaha-ne-1,2020-12-31,0,-7.284038562681013,-0.0184016727198203,0.98975764092229,0.7164220857353332
wh-google-omaha-ne-1,2020-12-31,1,-7.407521593133948,-0.0271520295001773,0.9900411923955188,0.68987080916441
wh-google-omaha-ne-1,2020-12-31,2,-7.132474068727155,-0.0219848637117083,0.9899831948026409,0.6637420530788697
wh-google-omaha-ne-1,2020-12-31,3,-7.097661550172772,-0.0124134733109254,0.9899726417804352,0.6280438991383633
wh-google-omaha-ne-1,2020-12-31,4,-6.9781387244601625,-0.0034638713295129,0.9897195124593604,0.5717861929045066
wh-google-omaha-ne-1,2021-03-05,0,19.9246531866921,0.2028386401157697,0.965779192031994,0.145343244258674
wh-google-omaha-ne-1,2021-03-05,1,16.930166283270147,0.209050284831012,0.9702227517161433,0.154513002175344
wh-google-omaha-ne-1,2021-03-05,2,17.040009647424853,0.2189121970463928,0.9703481561673496,0.1563137238140102
wh-google-omaha-ne-1,2021-03-05,3,17.016291890921966,0.254354092799768,0.9722218179211872,0.1544075855887893
wh-google-omaha-ne-1,2021-03-05,4,17.07583379355421,0.2293426852380365,0.9714415953330516,0.1541252760679024
wh-google-omaha-ne-1,2021-03-21,0,22.630965146014976,0.2397983553638108,0.9658232348681892,0.1594028527254734
wh-google-omaha-ne-1,2021-03-21,1,20.95428985327508,0.2434879602288567,0.9709217790587296,0.1785366126356294
wh-google-omaha-ne-1,2021-03-21,2,20.81959835492126,0.2487903005899648,0.9707226334255872,0.1767549114797495
wh-google-omaha-ne-1,2021-03-21,3,20.81296033625193,0.2980259889609279,0.9726109145278438,0.1708867071512313
wh-google-omaha-ne-1,2021-03-21,4,21.121100356341444,0.2703613482513338,0.9717651191064628,0.1720663619515972
wh-google-omaha-ne-1,2021-04-22,0,25.952190254116488,0.4016595031529715,0.9662242672321087,0.1591243626095089
wh-google-omaha-ne-1,2021-04-22,1,23.96204286414106,0.3611159353744429,0.9727905045872344,0.1803302182364954
wh-google-omaha-ne-1,2021-04-22,2,23.557521206625488,0.3577998423892015,0.9720441551414716,0.1841192100170254
wh-google-omaha-ne-1,2021-04-22,3,23.039300935955357,0.4125115930927487,0.9736979694630646,0.1783274295200399
wh-google-omaha-ne-1,2021-04-22,4,23.33570342871154,0.3769662263876044,0.9726093875392244,0.1806203655083648
wh-google-omaha-ne-1,2021-06-09,0,41.12813476785464,0.4994485689825585,0.9662077371569726,0.1667393996405772
wh-google-omaha-ne-1,2021-06-09,1,38.623606843821214,0.433570280152211,0.9714707780915952,0.206321886321784
wh-google-omaha-ne-1,2021-06-09,2,38.68161031262068,0.4493736423561965,0.9722053214322752,0.1954668596084397
wh-google-omaha-ne-1,2021-06-09,3,37.692926788958395,0.490907517998955,0.9740333354711352,0.1865953448021195
wh-google-omaha-ne-1,2021-06-09,4,38.53844854598116,0.4550044473110505,0.9732415175019966,0.1895272793629016
wh-google-omaha-ne-1,2021-06-25,4,22.573391385714302,0.7232890869654414,0.9819142857142856,0.0964246046428571
wh-google-omaha-ne-1,2021-07-11,0,27.35558607090344,0.5759369257357505,0.966589444651708,0.1837885322131054
wh-google-omaha-ne-1,2021-07-11,1,25.469904143679862,0.6056246551579376,0.9756836996611472,0.209599543060596
wh-google-omaha-ne-1,2021-07-11,2,26.578826425154208,0.537630343955168,0.9742524721196626,0.2025247895088509
wh-google-omaha-ne-1,2021-07-11,3,27.24995131403237,0.5572681606598355,0.9762795197455372,0.1923402708080814
wh-google-omaha-ne-1,2021-07-11,4,27.14766922785622,0.5478601876918617,0.9755249684482576,0.1878890068256632
wh-google-omaha-ne-1,2021-07-27,0,42.56016653296663,0.5358149136946943,0.9663462123378762,0.1586173096328664
wh-google-omaha-ne-1,2021-07-27,1,39.38734187197569,0.5602848239955476,0.9743239391605292,0.1872280596393729
wh-google-omaha-ne-1,2021-07-27,2,40.41019054612376,0.5293387697166348,0.9736223917531032,0.1830866876831807
wh-google-omaha-ne-1,2021-07-27,3,40.4911995084363,0.546310842723557,0.9748776672272914,0.1781670950122266
wh-google-omaha-ne-1,2021-07-27,4,41.63407981846796,0.5085700785012663,0.973716819790438,0.1802692376744804
wh-google-omaha-ne-1,2021-08-12,0,37.230334043999896,0.5269997688987772,0.9662902256663066,0.1557797496547138
wh-google-omaha-ne-1,2021-08-12,1,34.373510603639986,0.5754124104827214,0.9746018938017932,0.1798939643607817
wh-google-omaha-ne-1,2021-08-12,2,35.61249884369846,0.5357918781746327,0.9737055272867996,0.1799317606062089
wh-google-omaha-ne-1,2021-08-12,3,35.95631541246559,0.548297020662265,0.9747311234634952,0.1769787221725982
wh-google-omaha-ne-1,2021-08-12,4,36.85420611093194,0.5121816252252608,0.9736214761299684,0.1787601578965473
wh-google-omaha-ne-1,2021-08-28,0,40.535058677686656,0.5321343287548255,0.9662521452145204,0.1585799811069498
wh-google-omaha-ne-1,2021-08-28,1,37.77972446072603,0.5550802082949503,0.9739962758590974,0.1829956736046898
wh-google-omaha-ne-1,2021-08-28,2,38.57527219281287,0.530773747398675,0.9732420328996833,0.1797122690229059
wh-google-omaha-ne-1,2021-08-28,3,38.77045541637844,0.5467955337980299,0.9744452086767325,0.1764706093466573
wh-google-omaha-ne-1,2021-08-28,4,39.81103589482283,0.509266206758429,0.973354365025466,0.1784119443565948
wh-google-omaha-ne-1,2021-09-13,0,26.137365278253945,0.5302985586553404,0.966514131311094,0.1643890027315075
wh-google-omaha-ne-1,2021-09-13,1,23.90691900129442,0.5413089268991004,0.9744959976129496,0.1791059160454263
wh-google-omaha-ne-1,2021-09-13,2,25.126475126124504,0.5259462613968484,0.9740820776311344,0.1772250963331357
wh-google-omaha-ne-1,2021-09-13,3,26.094032442067995,0.537327461952402,0.9748296543898848,0.1777570583159551
wh-google-omaha-ne-1,2021-09-13,4,27.888977233025543,0.5141085671844413,0.974028914135596,0.1775828474102273
wh-google-omaha-ne-1,2021-10-15,0,20.24051740799026,0.436057385332609,0.966199208283964,0.1481829228735001
wh-google-omaha-ne-1,2021-10-15,1,18.10890468489058,0.4014632857444386,0.972477716344905,0.1725534014776346
wh-google-omaha-ne-1,2021-10-15,2,18.355081742436987,0.4152907250857841,0.972718502510955,0.165662802645855
wh-google-omaha-ne-1,2021-10-15,3,18.298656177879423,0.4814765534220903,0.9745443955204324,0.1596387241769671
wh-google-omaha-ne-1,2021-10-15,4,18.465472791633076,0.4487707453838011,0.9736168771014396,0.1630111462772327
wh-google-omaha-ne-1,2021-12-02,0,19.84795265713976,0.3377017533545905,0.9659410439393308,0.1437582821172162
wh-google-omaha-ne-1,2021-12-02,1,18.03847806288764,0.3034293432866502,0.9711467894339764,0.1578780028474815
wh-google-omaha-ne-1,2021-12-02,2,18.082593207015197,0.3096608687187568,0.9711763851424662,0.1564013392802702
wh-google-omaha-ne-1,2021-12-02,3,18.048298498107048,0.3600242852798381,0.9730239702187958,0.1530535158048027
wh-google-omaha-ne-1,2021-12-02,4,18.120358046687144,0.3306408306011018,0.972036715921258,0.1497324368115238
wh-google-omaha-ne-1,2022-02-20,0,20.371355358630257,0.2146972055181379,0.9661196626334658,0.1678029472853159
wh-google-omaha-ne-1,2022-02-20,1,18.49766780696251,0.2100821685785818,0.971212613455077,0.1821861673757127
wh-google-omaha-ne-1,2022-02-20,2,18.197385245907505,0.2149032564107723,0.971231409028191,0.1770653794666133
wh-google-omaha-ne-1,2022-02-20,3,17.97952342126681,0.2397020962948881,0.972531964375598,0.1735013729840915
wh-google-omaha-ne-1,2022-02-20,4,17.819269152735284,0.2231180509782864,0.97186338178021,0.1686020425588617
wh-google-omaha-ne-1,2022-03-08,0,10.063884542412197,0.1647058149033434,0.9671732411880728,0.1730615059829978
wh-google-omaha-ne-1,2022-03-08,1,8.026735912760866,0.1532290234358796,0.9695437477849468,0.2009232717429231
wh-google-omaha-ne-1,2022-03-08,2,7.885688864634443,0.1585664125539216,0.970473271552184,0.2031326514375767
wh-google-omaha-ne-1,2022-03-08,3,8.044968766319098,0.1731717631793663,0.971841228164626,0.2046516415155133
wh-google-omaha-ne-1,2022-03-08,4,8.381157942548494,0.1615855387365785,0.970534161876446,0.2011593622086619
wh-google-omaha-ne-1,2022-04-09,0,25.07795730398655,0.2343573745411898,0.9658227137156618,0.1806198783852443
wh-google-omaha-ne-1,2022-04-09,1,23.058473739235826,0.22733132605761,0.9704885241161874,0.2006790367584251
wh-google-omaha-ne-1,2022-04-09,2,22.73412687967376,0.2329662730693823,0.9706372828254596,0.1911526413494743
wh-google-omaha-ne-1,2022-04-09,3,22.573076074796127,0.27819272453598,0.9723144683436518,0.1843324265744151
wh-google-omaha-ne-1,2022-04-09,4,22.712536673979145,0.2574275181715232,0.9715744209625368,0.1840954072932518
wh-google-omaha-ne-1,2022-04-25,0,22.68997849543057,0.3305391226644401,0.9659508981709708,0.1770880575034839
wh-google-omaha-ne-1,2022-04-25,1,21.765470178069165,0.302069872022765,0.9712412281170968,0.1983936550214762
wh-google-omaha-ne-1,2022-04-25,2,21.576737565908942,0.2967256535289828,0.9710431166369424,0.1917354638532049
wh-google-omaha-ne-1,2022-04-25,3,21.341908685858662,0.3549926192450848,0.9729522180616016,0.1843878210464489
wh-google-omaha-ne-1,2022-04-25,4,21.612151296634,0.3330765337361776,0.9720155154988998,0.184189591375377
wh-google-omaha-ne-1,2022-05-11,3,31.457237647542858,0.4719095416772593,0.9749507478072926,0.1586759677256516
wh-google-omaha-ne-1,2022-05-11,4,34.47279969075243,0.3713195193240073,0.9705104764569836,0.1751144114231849
wh-google-omaha-ne-1,2022-05-27,0,34.009137321582784,0.486878530399071,0.9662465115012177,0.1600065870733063
wh-google-omaha-ne-1,2022-05-27,1,31.213918083786016,0.4281461193095506,0.97251454931003,0.1823743153920586
wh-google-omaha-ne-1,2022-05-27,2,31.60983449979032,0.4261502481776419,0.972248554019389,0.1747809390356171
wh-google-omaha-ne-1,2022-05-27,3,31.82234426568384,0.4887130557954545,0.9740762389082998,0.1744786116895556
wh-google-omaha-ne-1,2022-05-27,4,32.44495542293473,0.4569934196170992,0.97304403097637,0.1773430716918465
wh-google-omaha-ne-1,2022-06-28,0,40.0523450051022,0.5088190865133202,0.966349222129914,0.1715579259327466
wh-google-omaha-ne-1,2022-06-28,1,37.27728149918205,0.5177073116833968,0.9742371228504084,0.2047745209978244
wh-google-omaha-ne-1,2022-06-28,2,37.9330814219126,0.4833522015306348,0.9732622812318495,0.1968480512362005
wh-google-omaha-ne-1,2022-06-28,3,38.034081303376375,0.5060881243471045,0.9744850581812216,0.1886504768035987
wh-google-omaha-ne-1,2022-06-28,4,38.64506560842541,0.4810707925991719,0.9735508814890682,0.1901370926940158
wh-google-omaha-ne-1,2022-07-14,0,38.76163428224522,0.4743380731796716,0.9663299789813902,0.1993609256062483
wh-google-omaha-ne-1,2022-07-14,1,36.6047351377265,0.5244007927237999,0.9742006623932932,0.2018083856516163
wh-google-omaha-ne-1,2022-07-14,2,37.343565628043635,0.4832429030241246,0.973319355188524,0.1895737495493074
wh-google-omaha-ne-1,2022-07-14,3,36.91131681762669,0.5112695375901621,0.9744994579311528,0.1901813669595204
wh-google-omaha-ne-1,2022-07-14,4,37.69117254075744,0.4740872692658678,0.9736494219011628,0.1893305501025163
wh-google-omaha-ne-1,2022-07-30,0,40.396471210910995,0.4215353499838772,0.9662749556248598,0.2079698190460706
wh-google-omaha-ne-1,2022-07-30,1,38.182363045682955,0.5059520200034845,0.9744340465800556,0.1890236051088183
wh-google-omaha-ne-1,2022-07-30,2,39.34008466398236,0.4557827473987415,0.9731680101520256,0.1860193882820573
wh-google-omaha-ne-1,2022-07-30,3,39.20637276112847,0.4726369260087128,0.9739044503562576,0.1821506262651434
wh-google-omaha-ne-1,2022-07-30,4,39.838293888499344,0.4393595383306014,0.9731519854987096,0.1852975274115091
wh-google-omaha-ne-1,2022-08-31,0,36.15633034482706,0.4583671389240659,0.9662935582278978,0.192763898136267
wh-google-omaha-ne-1,2022-08-31,1,34.97642338041516,0.4984336811358716,0.9736735029928684,0.1703725652290677
wh-google-omaha-ne-1,2022-08-31,2,35.843081498357044,0.4697288624151579,0.972978410143026,0.1703836591085315
wh-google-omaha-ne-1,2022-08-31,3,35.94756680068908,0.5073052688157058,0.9744673804006464,0.1682471005378648
wh-google-omaha-ne-1,2022-08-31,4,36.7268845495801,0.4735913805648388,0.9734570240104324,0.170168644520438
wh-google-omaha-ne-1,2022-09-16,0,35.81005992618224,0.4568888868846557,0.9662943295154814,0.1822763103626048
wh-google-omaha-ne-1,2022-09-16,1,34.45219624507913,0.4550620511338613,0.9730599296582044,0.1864640190900461
wh-google-omaha-ne-1,2022-09-16,2,34.35107902500786,0.444869614449264,0.9724212001601712,0.1730340245357862
wh-google-omaha-ne-1,2022-09-16,3,33.46073109047951,0.4916896723545386,0.9741597461683492,0.1667041101430303
wh-google-omaha-ne-1,2022-09-16,4,33.412388429405425,0.4607939406872732,0.9730211825305092,0.1702022329874231
wh-google-omaha-ne-1,2022-10-02,0,30.33593194329581,0.450240462564492,0.9662075798638998,0.1938634313730753
wh-google-omaha-ne-1,2022-10-02,1,29.87354933802594,0.4218749081785435,0.9725392953572816,0.179597987586653
wh-google-omaha-ne-1,2022-10-02,2,30.12643867542763,0.424135410641285,0.9723603665600808,0.1758149477746157
wh-google-omaha-ne-1,2022-10-02,3,29.729815620019014,0.4791042284370511,0.9741330332697832,0.1687185188147337
wh-google-omaha-ne-1,2022-10-02,4,30.13422485804466,0.447854094058026,0.9731509370980848,0.1673483638516769
wh-google-omaha-ne-1,2022-10-18,0,11.662654549433334,0.3976769051223635,0.9661337169342784,0.1915943610570818
wh-google-omaha-ne-1,2022-10-18,1,11.166778423443509,0.3776079482071072,0.9727556946577608,0.1713593612420664
wh-google-omaha-ne-1,2022-10-18,2,11.282633562407463,0.3791852701805316,0.9721593848161584,0.172674989511914
wh-google-omaha-ne-1,2022-10-18,3,11.138447763503573,0.4309423120548281,0.9738926083186183,0.1661109500334281
wh-google-omaha-ne-1,2022-10-18,4,11.160009164630408,0.4060235004083624,0.9729852620755896,0.1649273396091527
wh-google-omaha-ne-1,2022-11-19,2,-1.5624715917995222,0.1946988536161247,0.9582094589037063,0.1954626476932905
wh-google-omaha-ne-1,2022-11-19,3,-1.1069215986820793,0.3778664848638033,0.9728315841414136,0.1141966495472681
wh-google-omaha-ne-1,2022-11-19,4,-0.9970157781896318,0.263494443150407,0.9705696617428068,0.1512544535686322
wh-google-omaha-ne-1,2022-12-05,0,3.1134923461912036,0.2377864909817195,0.965839756946807,0.1935923919100149
wh-google-omaha-ne-1,2022-12-05,1,3.0685232796619006,0.2286886635407705,0.9708379672478674,0.1789536613890641
wh-google-omaha-ne-1,2022-12-05,2,2.71999790528785,0.242971042741917,0.970788385023448,0.1688338475897988
wh-google-omaha-ne-1,2022-12-05,3,2.451529442898327,0.2716608511098772,0.9720858159251546,0.1653711633192028
wh-google-omaha-ne-1,2022-12-05,4,2.1997923177244223,0.2508387396830657,0.971608435505464,0.159721135891855
wh-google-omaha-ne-1,2023-01-06,0,3.445398565306516,0.243013364033981,0.965942572441561,0.1855261275709661
wh-google-omaha-ne-1,2023-01-06,1,2.907872355406158,0.2396756183024858,0.9708355425831084,0.1557963341989957
wh-google-omaha-ne-1,2023-01-06,2,2.9883437771438235,0.2579639670084642,0.9709944200349424,0.1494425528453162
wh-google-omaha-ne-1,2023-01-06,3,3.0358533885511148,0.2881223752509243,0.9726579549245824,0.1490918423059875
wh-google-omaha-ne-1,2023-01-06,4,2.9777162090837623,0.26286790805168,0.9717254964809888,0.1414872993643619
wh-google-omaha-ne-1,2023-02-07,0,7.661244833362129,0.2090863295597147,0.965814120600504,0.1832896446512294
wh-google-omaha-ne-1,2023-02-07,1,6.917886331821713,0.2084150261705172,0.9704142937466218,0.1534607697073932
wh-google-omaha-ne-1,2023-02-07,2,7.097347291813997,0.2160379159992685,0.9704563595924188,0.1486234115480892
wh-google-omaha-ne-1,2023-02-07,3,7.293091471162633,0.2413305738247718,0.9721075548887032,0.1462233622772121
wh-google-omaha-ne-1,2023-02-07,4,7.427409154548819,0.2211283399730006,0.9714175386217406,0.1462019108947072
wh-google-omaha-ne-1,2023-02-23,0,-5.84053061729296,0.2166455499453066,0.9676535745125664,0.2075463825464716
wh-google-omaha-ne-1,2023-02-23,1,-6.0572637895785855,0.2456279055627782,0.972008632347948,0.1711323888537403
wh-google-omaha-ne-1,2023-02-23,2,-4.82188948720424,0.291864334387131,0.9703825267255216,0.140455565468019
wh-google-omaha-ne-1,2023-02-23,3,-4.478335427425064,0.2637354390976015,0.97295192892738,0.1457916814571638
wh-google-omaha-ne-1,2023-02-23,4,-4.9307197511806695,0.2540613859281445,0.9717185386444588,0.1531748621643714
wh-google-omaha-ne-1,2023-03-27,1,3.699823100703141,0.1686415970294801,0.97419453125,0.1417603457226562
wh-google-omaha-ne-1,2023-03-27,2,5.507014740150869,0.2142313235907003,0.965163977874404,0.1984350994341779
wh-google-omaha-ne-1,2023-03-27,3,5.266951827296396,0.2292076833489744,0.9692869731219164,0.1947083276572757
wh-google-omaha-ne-1,2023-03-27,4,6.26178438408907,0.2052162791219381,0.9734283930238792,0.1928104381255626
wh-google-omaha-ne-1,2023-04-12,0,34.19611915753879,0.2713109433873646,0.9658746514678964,0.2089755984153874
wh-google-omaha-ne-1,2023-04-12,1,35.09036649120867,0.2702789455430197,0.972218361316648,0.1801317122500362
wh-google-omaha-ne-1,2023-04-12,2,34.55802784948994,0.2650305945934788,0.9710075096104412,0.1793270221202604
wh-google-omaha-ne-1,2023-04-12,3,34.044776237301704,0.3041555648920782,0.9726712784506272,0.1749075320040383
wh-google-omaha-ne-1,2023-04-12,4,34.54590251895706,0.2794237032042057,0.9719446715855568,0.1761091097579042
wh-google-omaha-ne-1,2023-05-30,0,32.91868274699211,0.4037405918152234,0.9661254922621596,0.1661262807665683
wh-google-omaha-ne-1,2023-05-30,1,32.54782608345249,0.4056688036882942,0.9716710381034994,0.1603502053041476
wh-google-omaha-ne-1,2023-05-30,2,35.186217615405056,0.3870490161270569,0.9719132038484344,0.1782389358389923
wh-google-omaha-ne-1,2023-05-30,3,38.48504650512454,0.3951297304719758,0.9716813019196878,0.2092955474679015
wh-google-omaha-ne-1,2023-05-30,4,39.21033778858954,0.3817220543441231,0.9728073017432264,0.2204128014805288
wh-google-omaha-ne-1,2023-06-15,0,39.94502647612756,0.4455298822074623,0.9662293965435048,0.1936030315017292
wh-google-omaha-ne-1,2023-06-15,1,39.9549567164258,0.4298425400339207,0.9730609051329444,0.1930713165442833
wh-google-omaha-ne-1,2023-06-15,2,40.67503695368549,0.4257774206598665,0.9726098304429036,0.1865477293321232
wh-google-omaha-ne-1,2023-06-15,3,39.92566786063392,0.4635699128767993,0.9741457832271004,0.1824946375776648
wh-google-omaha-ne-1,2023-06-15,4,40.645731362522234,0.4436847553730387,0.9732039401972926,0.1837037340840792
wh-google-omaha-ne-1,2023-07-17,0,33.387791540862125,0.5464061146112892,0.9663265447315004,0.1969387881986758
wh-google-omaha-ne-1,2023-07-17,1,32.15473136046536,0.5791377066892158,0.9746072939652772,0.1977690049563656
wh-google-omaha-ne-1,2023-07-17,2,33.2883259199271,0.5543758182131983,0.9737573377073302,0.1856910074272353
wh-google-omaha-ne-1,2023-07-17,3,33.127650809677924,0.5666547095675653,0.9747101487630976,0.1813445570557638
wh-google-omaha-ne-1,2023-07-17,4,33.38451285742575,0.5386765438574163,0.97389124035533,0.1786107136959234
wh-google-omaha-ne-1,2023-08-18,0,33.48645769902682,0.528325695467539,0.9663811499856984,0.1960620205716786
wh-google-omaha-ne-1,2023-08-18,1,32.497349073388946,0.5724559950382472,0.974676340416922,0.1949076269624843
wh-google-omaha-ne-1,2023-08-18,2,32.845141615614864,0.5370985800601968,0.9737427778176284,0.1830490225295526
wh-google-omaha-ne-1,2023-08-18,3,32.72924735397738,0.5526825935587966,0.9749095182168044,0.1782616128149191
wh-google-omaha-ne-1,2023-08-18,4,33.49919034618463,0.5161195957998864,0.973820585754749,0.1793643001458554
wh-google-omaha-ne-1,2023-09-03,0,40.3033061965882,0.4427889285891421,0.9662477113323428,0.193849074307589
wh-google-omaha-ne-1,2023-09-03,1,39.049823492016,0.4760110797758187,0.9736177111052184,0.1858363701947255
wh-google-omaha-ne-1,2023-09-03,2,38.64466612531662,0.4754483840579759,0.9731457968185476,0.1791524035179239
wh-google-omaha-ne-1,2023-09-03,3,38.00632285993501,0.4954223998167768,0.9743608874904486,0.1749389252371241
wh-google-omaha-ne-1,2023-09-03,4,38.79445021293157,0.4633925162083655,0.9733550877290152,0.175670330139654
wh-google-omaha-ne-1,2023-09-19,4,19.366615251677704,0.5512341833591112,0.9662538385017956,0.1376433999696703
wh-google-omaha-ne-1,2023-10-05,0,26.334081570291016,0.3674959630374041,0.9661146994066656,0.1803320576078735
wh-google-omaha-ne-1,2023-10-05,1,26.03770592261788,0.3515469397389426,0.9718195796395592,0.1687413264695793
wh-google-omaha-ne-1,2023-10-05,2,25.640868919633427,0.404417183928045,0.9723102387138888,0.1576148464955869
wh-google-omaha-ne-1,2023-10-05,3,25.41322098512533,0.4501845791090353,0.9737933246012472,0.1545494172199334
wh-google-omaha-ne-1,2023-10-05,4,25.91623792797868,0.4217730852311453,0.97292715606697,0.1573773554929062
wh-google-omaha-ne-1,2023-10-21,0,25.212630730473013,0.3921995343494413,0.9661274703673928,0.1752292763469613
wh-google-omaha-ne-1,2023-10-21,1,24.760882139188617,0.3661753106249569,0.9718183716071928,0.1609973999404189
wh-google-omaha-ne-1,2023-10-21,2,24.15087066541986,0.40791595143961,0.972225463814336,0.1554379952510289
wh-google-omaha-ne-1,2023-10-21,3,23.820774059228704,0.4446202185829528,0.9737483110987326,0.1522180603574731
wh-google-omaha-ne-1,2023-10-21,4,24.0784277768467,0.4171476883997997,0.9728753659786532,0.1536469299682014
wh-google-omaha-ne-1,2023-11-22,0,11.048751198830688,0.3233644512500301,0.9659272324894096,0.1686427573712668
wh-google-omaha-ne-1,2023-11-22,1,10.197255063316534,0.2945980811386889,0.9710209856886306,0.1529619438593642
wh-google-omaha-ne-1,2023-11-22,2,10.132368858285815,0.3244207842910314,0.9714148435163212,0.1486661486406238
wh-google-omaha-ne-1,2023-11-22,3,10.178625910778182,0.3560930245218335,0.9730359111032276,0.1473080621814255
wh-google-omaha-ne-1,2023-11-22,4,10.19714313434292,0.3278240969654032,0.9721303835679364,0.1455548146028089
wh-google-omaha-ne-1,2023-12-08,0,5.688001041427042,0.2599412305029384,0.963807777685054,0.1302878058163647
wh-google-omaha-ne-1,2023-12-08,1,6.035565673796625,0.2576037029616376,0.9692258952464984,0.1168371471777586
wh-google-omaha-ne-1,2023-12-08,2,5.503478043936949,0.3016679589849929,0.9683487727734892,0.1363878369719912
wh-google-omaha-ne-1,2023-12-08,3,5.805304435765769,0.3542028841224593,0.973498899230256,0.1384178433073946
wh-google-omaha-ne-1,2023-12-08,4,6.626001588740948,0.2584808721819015,0.9698446685322336,0.1228461843291918
wh-google-omaha-ne-1,2024-02-26,0,24.39519557799859,0.218595585338076,0.9658212805462096,0.19269636808481
wh-google-omaha-ne-1,2024-02-26,1,23.687180223067095,0.2231209420092226,0.9707353602024176,0.167092168899526
wh-google-omaha-ne-1,2024-02-26,2,23.068791708876763,0.2355488800867083,0.9707164193006202,0.1621659070079935
wh-google-omaha-ne-1,2024-02-26,3,22.53731393800085,0.2677143763129881,0.9723389794234224,0.1580997129493562
wh-google-omaha-ne-1,2024-02-26,4,22.45088731230917,0.2422205700320776,0.9715774225204412,0.1579579301917519
wh-google-omaha-ne-1,2024-04-14,0,37.73965233821643,0.341025670878711,0.9659958857096153,0.2009859333258313
wh-google-omaha-ne-1,2024-04-14,1,38.01775510682075,0.315607676895357,0.9713195417334552,0.1834812468125098
wh-google-omaha-ne-1,2024-04-14,2,36.95998451437575,0.3285578397642372,0.9715132937011154,0.1770308338859165
wh-google-omaha-ne-1,2024-04-14,3,36.09180768726397,0.3698623632907204,0.9730360478270144,0.1738199906693346
wh-google-omaha-ne-1,2024-04-14,4,36.52953005407808,0.3408093678943388,0.972285297442346,0.1755913886128723
wh-google-omaha-ne-1,2024-04-30,0,26.108218350639948,0.4262883181791633,0.9661343937970132,0.2148244050372024
wh-google-omaha-ne-1,2024-04-30,1,24.458711062499475,0.3854744840665967,0.9724800433832086,0.1953348392661859
wh-google-omaha-ne-1,2024-04-30,2,23.990671689563232,0.4046239903517367,0.9735721418052058,0.1800904225802502
wh-google-omaha-ne-1,2024-04-30,3,24.22853002639836,0.4214765957517777,0.9731001731980696,0.1776406163703414
wh-google-omaha-ne-1,2024-04-30,4,25.132272753673583,0.4327100288334101,0.9736016808402468,0.1800686805884054
wh-google-omaha-ne-1,2024-05-16,0,30.20432128536459,0.4580348940511295,0.9661251771762932,0.1998416904499104
wh-google-omaha-ne-1,2024-05-16,1,29.16238018916001,0.4271851373480165,0.9716802857470764,0.1896338273931598
wh-google-omaha-ne-1,2024-05-16,2,29.26110478543978,0.4679139117809938,0.9726050302459164,0.1778108473625811
wh-google-omaha-ne-1,2024-05-16,3,29.824991930626155,0.5070327519836948,0.9741911317032086,0.1756408662146508
wh-google-omaha-ne-1,2024-05-16,4,30.853538358450997,0.4737375212666745,0.9733064832076436,0.1785780221400975
wh-google-omaha-ne-1,2024-06-01,0,28.156942665149945,0.3215279191559211,0.965523885730134,0.3680476846399252
wh-google-omaha-ne-1,2024-06-01,1,26.00925251392036,0.53043246005746,0.9755810308227896,0.2166661627395306
wh-google-omaha-ne-1,2024-06-01,2,26.8935276874262,0.479946490913445,0.9730998656867104,0.2247469155575484
wh-google-omaha-ne-1,2024-06-01,3,27.99878834464297,0.4871363322699673,0.973300039283913,0.2258124119932937
wh-google-omaha-ne-1,2024-06-01,4,27.333585824661363,0.4566506672787062,0.9725777250005652,0.2333095474735541
wh-google-omaha-ne-1,2024-06-17,0,22.584995840774685,0.4794349356930868,0.966284075794098,0.2033166432622191
wh-google-omaha-ne-1,2024-06-17,1,21.5302228117794,0.510953984292574,0.973802695773761,0.1977115193983159
wh-google-omaha-ne-1,2024-06-17,2,22.19701602986741,0.4869691302360257,0.9731579214237326,0.1919015692502752
wh-google-omaha-ne-1,2024-06-17,3,21.575107457170308,0.5032050493014353,0.9739886235669614,0.1879349666796106
wh-google-omaha-ne-1,2024-06-17,4,22.016956012171953,0.4769967517553045,0.9732277478885358,0.1878996582991935
wh-google-omaha-ne-1,2024-08-04,0,42.87724735159323,0.4871745520933337,0.9663387840984912,0.1945316665441411
wh-google-omaha-ne-1,2024-08-04,1,41.5387874862815,0.5099779442966251,0.9739095375240888,0.1886483532228327
wh-google-omaha-ne-1,2024-08-04,2,42.37555230746512,0.4832841516882369,0.9732533532861128,0.1794987346221845
wh-google-omaha-ne-1,2024-08-04,3,42.05659990453348,0.5175531598090986,0.974578886600759,0.1780754679939489
wh-google-omaha-ne-1,2024-08-04,4,42.85864566249436,0.4825354665907105,0.9735992787519516,0.1800741800357568
wh-google-omaha-ne-1,2024-09-05,0,29.123283811181135,0.5018396910850673,0.9662846811886056,0.1921099897733954
wh-google-omaha-ne-1,2024-09-05,1,27.299872482664743,0.5444941600431347,0.9747398080873536,0.1814610727366106
wh-google-omaha-ne-1,2024-09-05,2,28.450281677508528,0.4841460809678225,0.9722150699202669,0.1792614498485732
wh-google-omaha-ne-1,2024-09-05,3,29.045511758765823,0.505077671044055,0.9724310932920884,0.1819590275525251
wh-google-omaha-ne-1,2024-09-05,4,29.378737063265618,0.4858376029781575,0.9722578125383516,0.1654301244673492
wh-google-omaha-ne-1,2024-10-07,0,27.502521235889485,0.3784058340797927,0.966107134977596,0.184459399622482
wh-google-omaha-ne-1,2024-10-07,1,26.03955344586471,0.3799675025451724,0.9720785273565212,0.1693910357371278
wh-google-omaha-ne-1,2024-10-07,2,26.578974944516247,0.3856049166020072,0.9721065493173112,0.1700504704853297
wh-google-omaha-ne-1,2024-10-07,3,26.378183078012235,0.4335383396151014,0.9736429660086025,0.1682326953374838
wh-google-omaha-ne-1,2024-10-07,4,26.682659162227512,0.4007083334679674,0.9727289942595924,0.1683137952046456
wh-google-omaha-ne-1,2024-10-23,0,22.98020174023205,0.3403781841211746,0.9660273854758228,0.1816617071751195
wh-google-omaha-ne-1,2024-10-23,1,21.832586804093435,0.3442563545691831,0.9717376998019368,0.1635900434547503
wh-google-omaha-ne-1,2024-10-23,2,22.14863019705139,0.3588670966186451,0.971965992606326,0.1644481132005729
wh-google-omaha-ne-1,2024-10-23,3,22.147497557651818,0.3994459729354859,0.9733574307476246,0.1656737610249498
wh-google-omaha-ne-1,2024-10-23,4,22.247434018967937,0.3665209145952128,0.9725035534585198,0.1668246637693622
wh-google-omaha-ne-1,2024-11-24,0,13.420818985490392,0.2867750460224035,0.9658751689886989,0.1846041232886404
wh-google-omaha-ne-1,2024-11-24,1,12.851381480894934,0.278867707756382,0.9707861082391211,0.170102539411396
wh-google-omaha-ne-1,2024-11-24,2,12.373814059151426,0.3024576645908925,0.9710819976739906,0.1597424517388589
wh-google-omaha-ne-1,2024-11-24,3,12.504911003064848,0.3528471085839452,0.972511786779689,0.1570917946177962
wh-google-omaha-ne-1,2024-11-24,4,12.496801871810618,0.3158795452987065,0.9719297122610892,0.1571409276362153
wh-google-omaha-ne-1,2024-12-10,0,5.700600700908125,0.2754261336190505,0.9658817433187594,0.1720189360355861
wh-google-omaha-ne-1,2024-12-10,1,5.159360976904212,0.2700757780128948,0.9709863183378976,0.1584781286013036
wh-google-omaha-ne-1,2024-12-10,2,5.019349103844931,0.2881900968769196,0.9714901223761712,0.150405571086761
wh-google-omaha-ne-1,2024-12-10,3,5.060685517094377,0.3268752938236883,0.9729558026561372,0.1436840560595723
wh-google-omaha-ne-1,2024-12-10,4,4.920646371118968,0.2983772082683058,0.97200090513572,0.1490097073419488
wh-google-omaha-ne-1,2025-01-27,0,6.436028712048443,0.2014217589330703,0.9657927583404822,0.1802574337355353
wh-google-omaha-ne-1,2025-01-27,1,5.909073076880472,0.2003470122559871,0.9704095665911364,0.1629744697513548
wh-google-omaha-ne-1,2025-01-27,2,5.634100280366012,0.2075483143868094,0.9706312972459462,0.1574322638881744
wh-google-omaha-ne-1,2025-01-27,3,5.7122990946932495,0.2370430164886585,0.9722883291598226,0.1530578302898908
wh-google-omaha-ne-1,2025-01-27,4,5.373555782484038,0.2153749825886755,0.9716101602542724,0.1528091714471087
wh-google-omaha-ne-1,2025-02-28,0,18.925164390335148,0.1920899847936589,0.9658042232421304,0.1904795688480166
wh-google-omaha-ne-1,2025-02-28,1,18.238159890491502,0.188739838885212,0.9703259886859528,0.171499492855778
wh-google-omaha-ne-1,2025-02-28,2,18.07456462522125,0.1947793752148205,0.9704451349837822,0.1645501738858964
wh-google-omaha-ne-1,2025-02-28,3,18.143643583324724,0.2121439876050873,0.9718578810574748,0.1605634337510822
wh-google-omaha-ne-1,2025-02-28,4,18.209312301736365,0.1940141800421448,0.9712388722840212,0.1616242857275991
wh-google-omaha-ne-1,2025-03-16,0,13.96103799222931,0.1956669733271964,0.9657987956292168,0.2009074872772046
wh-google-omaha-ne-1,2025-03-16,1,13.768265601637834,0.1948743801818697,0.9703480739356488,0.1841975585154174
wh-google-omaha-ne-1,2025-03-16,2,13.480777564479066,0.1995960021653413,0.970418275466272,0.1758635940866268
wh-google-omaha-ne-1,2025-03-16,3,13.461477234008694,0.2321051230070745,0.9718395027259984,0.1715912906465894
wh-google-omaha-ne-1,2025-03-16,4,13.556827499796515,0.2033634206561019,0.971295117061529,0.1711334810729681
wh-google-omaha-ne-1,2025-05-03,0,28.29635265301783,0.4293393917848033,0.9661822081795508,0.2007840999795599
wh-google-omaha-ne-1,2025-05-03,1,27.453716583291794,0.3794708897356778,0.9718520037711316,0.1865285563039338
wh-google-omaha-ne-1,2025-05-03,2,27.674802948342656,0.4031704011716376,0.971973871431939,0.1758162164510574
wh-google-omaha-ne-1,2025-05-03,3,27.64882299135342,0.4554294722140922,0.97383014986356,0.1700104172615469
wh-google-omaha-ne-1,2025-05-03,4,28.36192570527916,0.4161920850678959,0.9727076872934772,0.1767530904387246
wh-google-omaha-ne-1,2025-06-20,0,41.73950497542488,0.4976126209449313,0.9663920955506812,0.2025483381925808
wh-google-omaha-ne-1,2025-06-20,1,41.35257586236412,0.4920725214682085,0.9737735202119784,0.1962112114668495
wh-google-omaha-ne-1,2025-06-20,2,41.89248861322676,0.4804155514022714,0.973167985845162,0.1871516575295655
wh-google-omaha-ne-1,2025-06-20,3,41.414877046572826,0.5209946936735057,0.9744022638197232,0.1831153557217376
wh-google-omaha-ne-1,2025-06-20,4,42.36460344460016,0.4784936857217242,0.9735404748734082,0.1866150901888296
wh-google-omaha-ne-1,2025-07-06,0,38.36950936594656,0.5508111967770027,0.9664518791906686,0.2215283521074444
wh-google-omaha-ne-1,2025-07-06,1,37.13842088473578,0.5884246383938392,0.9744418470027696,0.2066242996186517
wh-google-omaha-ne-1,2025-07-06,2,38.31046765873776,0.5360964131069439,0.973073166272435,0.1929244107438243
wh-google-omaha-ne-1,2025-07-06,3,38.76120704506686,0.5506665102192965,0.9739403201572,0.1922870783988268
wh-google-omaha-ne-1,2025-07-06,4,39.1695630259488,0.5076875901535176,0.9730117515989094,0.2010791404598159
wh-google-omaha-ne-1,2025-08-07,3,27.05176670453164,0.4306395051249667,0.9662882442037848,0.263353196689774
wh-google-omaha-ne-1,2025-08-07,4,28.03643043761617,0.6526689972946386,0.9776038690696138,0.2445205836077129
wh-google-omaha-ne-1,2025-08-23,2,21.65722073672847,0.4999304795224032,0.9695752310439902,0.1851779125071524
wh-google-omaha-ne-1,2025-08-23,3,23.970441964537464,0.5366268021560613,0.9739523134729784,0.1919339367752683
wh-google-omaha-ne-1,2025-08-23,4,26.021487536544992,0.5705000015323642,0.9761303915840228,0.2198302225423164
wh-google-omaha-ne-1,2025-09-08,2,23.540942122540994,0.5216925459385818,0.9782327221591224,0.2449680476099301
wh-google-omaha-ne-1,2025-09-08,3,22.50612986247735,0.4998186662644271,0.9755494814239006,0.246416653887577
wh-google-omaha-ne-1,2025-09-08,4,23.390251292441288,0.6074555797159393,0.9756658929996048,0.2019014731808722
wh-google-omaha-ne-1,2025-09-24,0,31.236200699664703,0.4772763389048246,0.9662692456453328,0.1809850254985449
wh-google-omaha-ne-1,2025-09-24,1,30.570454366483407,0.4542809822120986,0.9727619744945112,0.1625027314564466
wh-google-omaha-ne-1,2025-09-24,2,30.873034015032793,0.4693412260795297,0.9729812021419416,0.1576322111626365
wh-google-omaha-ne-1,2025-09-24,3,30.61768367523786,0.503119385370251,0.9742510182078662,0.1554621740221795
wh-google-omaha-ne-1,2025-09-24,4,30.959004945024123,0.4727476627868932,0.9733325778688297,0.1583545978811575
wh-google-omaha-ne-1,2025-10-10,0,27.58205757024199,0.474506753739038,0.9662697091442276,0.1815651606263931
wh-google-omaha-ne-1,2025-10-10,1,27.007312895289825,0.4306737138743921,0.9725002690005528,0.1640307420341505
wh-google-omaha-ne-1,2025-10-10,2,27.239516168942217,0.4548658851249672,0.972743748716838,0.1607266085361985
wh-google-omaha-ne-1,2025-10-10,3,26.95886357842461,0.4967956893885091,0.9743001215824618,0.1557872026101574
wh-google-omaha-ne-1,2025-10-10,4,27.381507465830413,0.4623841297295191,0.9733275723800272,0.1600972559294462
wh-google-omaha-ne-1,2025-10-26,0,21.88775990231086,0.4552812331433264,0.9662195377722076,0.2002707925634984
wh-google-omaha-ne-1,2025-10-26,1,21.55161168029969,0.3940294288633219,0.9722485631509744,0.1911892267490384
wh-google-omaha-ne-1,2025-10-26,2,20.95174722360628,0.4345723524671221,0.9725695354665076,0.1743913367281769
wh-google-omaha-ne-1,2025-10-26,3,20.372901945293385,0.4663305255266569,0.9736930490509668,0.1576576898520212
wh-google-omaha-ne-1,2025-10-26,4,19.84797224676633,0.4310152104042852,0.9729879346993916,0.1616572066872054
wh-google-omaha-ne-1,2025-11-11,0,15.37191540622876,0.4071449189792719,0.9660957454342388,0.1826248627958379
wh-google-omaha-ne-1,2025-11-11,1,14.879719028856334,0.3500888814668867,0.971604086256919,0.1641495552605198
wh-google-omaha-ne-1,2025-11-11,2,14.740838694717548,0.3775620890300467,0.971944596736014,0.1567505367209882
wh-google-omaha-ne-1,2025-11-11,3,14.496583746656324,0.4189403740280798,0.9735792605703898,0.1569309682344368
wh-google-omaha-ne-1,2025-11-11,4,14.262844695930378,0.3834873070472032,0.9726259419945432,0.1553149881017703
wh-google-omaha-ne-1,2025-12-29,0,-6.130091649944258,0.2111153296716333,0.9657074967904052,0.2293061602187645
wh-google-omaha-ne-1,2025-12-29,1,-6.187314425812406,0.1890678788878649,0.970079843918855,0.2081784055916372
wh-google-omaha-ne-1,2025-12-29,2,-6.306440203022848,0.2161781363374904,0.9702767658028426,0.1983308047079328
wh-google-omaha-ne-1,2025-12-29,3,-6.197455844143691,0.2310787303894683,0.971585275344744,0.1993508540739211
wh-google-omaha-ne-1,2025-12-29,4,-6.3968503826556375,0.2213165230315582,0.9711603275988052,0.1913684187564459
wh-google-omaha-ne-1,2026-01-14,0,1.4115541614686946,0.2464236166188156,0.9658508055619852,0.1879892425799658
wh-google-omaha-ne-1,2026-01-14,1,0.9993041302540424,0.2404973127593657,0.9706012778325966,0.1557975456962337
wh-google-omaha-ne-1,2026-01-14,2,1.29991903512418,0.2573990950202942,0.970898157660127,0.1502516177011142
wh-google-omaha-ne-1,2026-01-14,3,1.4729456963256495,0.295509748511395,0.97257620029627,0.149100143513727
wh-google-omaha-ne-1,2026-01-14,4,1.300542350910998,0.2674467558203269,0.9717273253736872,0.1486381762767728
wh-google-omaha-ne-1,2026-02-15,0,19.374557344880497,0.2202819697570352,0.9658671905429868,0.2011176512965598
wh-google-omaha-ne-1,2026-02-15,1,19.21038366728294,0.2138855640966432,0.9708068456144764,0.170652605411902
wh-google-omaha-ne-1,2026-02-15,2,18.839979908122142,0.2260887125407808,0.9709025037925566,0.1641700752461702
wh-google-omaha-ne-1,2026-02-15,3,18.36267619809091,0.2520733951189152,0.9723830039528932,0.163308700292787
wh-google-omaha-ne-1,2026-02-15,4,18.486156842437715,0.2300083781212897,0.9716548166032662,0.161243906300801
wh-google-omaha-ne-1,2026-03-19,0,28.48669426219978,0.2232068709364409,0.9660111321080536,0.220828795609498
wh-google-omaha-ne-1,2026-03-19,1,28.48578881286285,0.223071638433576,0.9706158760352772,0.1903478825362357
wh-google-omaha-ne-1,2026-03-19,2,28.26906402983281,0.2417955414801231,0.9708357592581306,0.1803104852534766
wh-google-omaha-ne-1,2026-03-19,3,27.73517590281791,0.2789329144671262,0.972113398103355,0.1768038775838667
wh-google-omaha-ne-1,2026-03-19,4,28.36327406560587,0.2519762137063668,0.9716714742611386,0.1773570918882063
wh-google-omaha-ne-1,2026-04-20,0,28.616748181884876,0.3808619242149726,0.9660791765971632,0.2096501483195668
wh-google-omaha-ne-1,2026-04-20,1,29.307766610682545,0.3335762586441877,0.9714672768460614,0.1926881896158729
wh-google-omaha-ne-1,2026-04-20,2,28.808660021511095,0.37198079521257,0.9719103078153688,0.1814846512479294
wh-google-omaha-ne-1,2026-04-20,3,28.153513571925004,0.4236576431947966,0.973517330611784,0.1753723835368804
wh-google-omaha-ne-1,2026-04-20,4,28.644838662713457,0.391167227489605,0.9726409129321592,0.1784098692696962
wh-google-omaha-ne-1,2026-05-06,1,17.999110981905446,0.3546013478589986,0.97422966546954,0.2304484174358206
wh-google-omaha-ne-1,2026-05-06,2,22.551765004271267,0.4132931004503186,0.9715044085956756,0.2097931648533586
wh-google-omaha-ne-1,2026-05-06,3,21.854864594922297,0.4922652479784449,0.9743543367584075,0.2044990376964418
wh-google-omaha-ne-1,2026-05-06,4,22.48843555883079,0.4387290194318092,0.97303861962941,0.2027614025100994
wh-google-omaha-ne-1,2026-07-09,0,32.49904500296398,0.5588025201189777,0.9635358294956032,0.2458840232759129
wh-google-omaha-ne-1,2026-07-09,1,32.42522259354369,0.6793325554336848,0.9750666380401374,0.2203737187044047
wh-google-omaha-ne-1,2026-07-09,2,34.943880829737914,0.5142609042230692,0.969748711501358,0.2039078080816133
wh-google-omaha-ne-1,2026-07-09,3,33.67816787326121,0.5842278194287039,0.9760581038674636,0.2038592916421487
wh-google-omaha-ne-1,2026-07-09,4,35.76098765685853,0.5026236696665588,0.9716977310188956,0.2027403419756981
wh-google-omaha-ne-1,2026-07-25,0,39.70169281270543,0.5080180207484841,0.9663605708163648,0.1926976239074071
wh-google-omaha-ne-1,2026-07-25,1,38.49302136472615,0.5273017070435845,0.9741035431682716,0.1852037663460869
wh-google-omaha-ne-1,2026-07-25,2,39.65904139103469,0.5091319990772131,0.9734907841679024,0.1773569823517128
wh-google-omaha-ne-1,2026-07-25,3,39.54973643853435,0.5305321353466824,0.9747086882715148,0.1748545996048537
wh-google-omaha-ne-1,2026-07-25,4,40.258852261137704,0.4935552766542668,0.9736853842999664,0.1771645865556676
wh-google-omaha-ne-1,2026-08-10,3,25.44771584326439,0.6400574169826291,0.9795645466155812,0.127608158385696
wh-google-omaha-ne-1,2026-08-10,4,31.089630481031477,0.5801168031840346,0.9760800592426108,0.1633689965808683
wh-google-omaha-ne-1,2026-08-26,0,31.935734450140146,0.5516821568205379,0.9664090271062852,0.1989616684553931
wh-google-omaha-ne-1,2026-08-26,1,31.188382552072365,0.5658045165909824,0.9749625322205852,0.1819950675061385
wh-google-omaha-ne-1,2026-08-26,2,32.6327365147,0.5399234567656808,0.9739827728068848,0.1784229231491189
wh-google-omaha-ne-1,2026-08-26,3,33.13812455273574,0.5613188104966982,0.9750226646496896,0.1761892484969262
wh-google-omaha-ne-1,2026-08-26,4,33.81970989936171,0.519364754282833,0.9738727093765266,0.1762238176998731
wh-google-omaha-ne-1,2026-09-11,0,33.48369022948973,0.5277813082227428,0.9664105778528316,0.1987105877570469
wh-google-omaha-ne-1,2026-09-11,1,32.85102323141094,0.4764332632367977,0.973434652004889,0.1800346124504854
wh-google-omaha-ne-1,2026-09-11,2,33.369911186351274,0.4927388610419033,0.9732925302355344,0.1750046515745129
wh-google-omaha-ne-1,2026-09-11,3,33.08871020633547,0.5332699982181287,0.9746895288145336,0.1731335363179774
wh-google-omaha-ne-1,2026-09-11,4,33.74880279822633,0.4897854122035851,0.97372983872361,0.1744838465657423
wh-google-omaha-ne-1,2013-04-04,1,23.529676722635003,0.3029262378583794,0.9765331173506124,0.1740596180555556
wh-google-omaha-ne-1,2013-04-04,2,25.17509272908885,0.2312511655666422,0.9749400741207006,0.1775880321628069
wh-google-omaha-ne-1,2013-04-04,3,25.053800292895197,0.2361108919710796,0.973438024359136,0.1746752068492501
wh-google-omaha-ne-1,2013-04-04,4,24.34165262683881,0.2510846419670852,0.9734667948233672,0.1687870739162192
wh-google-omaha-ne-1,2013-07-21,2,40.24988560134429,0.6830547670146377,0.9829384086402496,0.1972303743315447
wh-google-omaha-ne-1,2013-07-21,3,42.49883242873991,0.5903638803608567,0.9791886205128696,0.2002663469811831
wh-google-omaha-ne-1,2013-07-21,4,42.087285361379536,0.5961948296238085,0.9778156212065569,0.1901354455478356
wh-google-omaha-ne-1,2013-08-06,2,17.877039432514557,0.7432846210620447,0.9834142644794226,0.2062199840217864
wh-google-omaha-ne-1,2013-08-06,3,22.122314238017015,0.6521145436961165,0.9800174983240124,0.1969515714131135
wh-google-omaha-ne-1,2013-08-06,4,25.79578815026602,0.6883760935365166,0.9801696903948952,0.1855784995234314
wh-google-omaha-ne-1,2013-09-07,4,28.43186545850001,0.6567717897954063,0.982474375,0.2124567745390625
wh-google-omaha-ne-1,2013-09-23,2,27.74537805524808,0.6047217376957542,0.981573994908965,0.1750327172458775
wh-google-omaha-ne-1,2013-09-23,3,28.56916743089414,0.505065169739813,0.977554105230916,0.1704154464126582
wh-google-omaha-ne-1,2013-09-23,4,28.54617141025259,0.5250218076954168,0.9766912317286188,0.1599781443037532
wh-google-omaha-ne-1,2013-10-09,2,26.28638653628516,0.4413537071331766,0.9780173249689694,0.1565980093967929
wh-google-omaha-ne-1,2013-10-09,3,25.744329888280156,0.4210400384519392,0.9761061138525304,0.1646072484059699
wh-google-omaha-ne-1,2013-10-09,4,25.996210052216068,0.4593588126540692,0.9756106572637228,0.151946031609813
wh-google-omaha-ne-1,2013-10-25,2,14.453641856256974,0.3374340864823569,0.9765908975009008,0.1824483009827653
wh-google-omaha-ne-1,2013-10-25,3,14.588139774337687,0.3701824715441891,0.9755339253661942,0.1765805606228324
wh-google-omaha-ne-1,2013-10-25,4,14.625213069762296,0.413913045895613,0.9753025173481552,0.1654310646327104
wh-google-omaha-ne-1,2013-11-10,2,12.312021182458604,0.3153038740852864,0.9758604329819276,0.1804796335370231
wh-google-omaha-ne-1,2013-11-10,3,12.025513953384788,0.333780756484795,0.9745578877286024,0.1665709832971256
wh-google-omaha-ne-1,2013-11-10,4,12.204396869533756,0.3457127355840051,0.9737250862268756,0.1603660765119683
wh-google-omaha-ne-1,2013-11-26,2,1.751956714649692,0.2557764309214476,0.9733429691648868,0.1063890699759894
wh-google-omaha-ne-1,2013-11-26,3,2.725338274307132,0.2877819130073277,0.9742725859521404,0.1854256892468028
wh-google-omaha-ne-1,2013-11-26,4,2.6398206777516915,0.3048104076710332,0.9734297852871754,0.1713239531248004
wh-google-omaha-ne-1,2013-12-12,3,-4.304118995394018,0.0186737837402407,0.9901242671838486,0.6173118211494287
wh-google-omaha-ne-1,2013-12-12,4,-4.187650316402674,0.0197521342296942,0.98980487069494,0.6311632373429503
wh-google-omaha-ne-1,2013-12-28,3,10.264050427239209,0.251119176274758,0.9730216113803551,0.1739138202780438
wh-google-omaha-ne-1,2013-12-28,4,10.279798365986656,0.256116241117527,0.9728826797390724,0.1628206424299831
wh-google-omaha-ne-1,2014-01-13,2,6.2663356930682745,0.2314535472276904,0.9750215531118618,0.1932033943996005
wh-google-omaha-ne-1,2014-01-13,3,6.128857510337971,0.2406347183294009,0.9739136612630312,0.1724257876404012
wh-google-omaha-ne-1,2014-01-13,4,5.8919095545326,0.2483054850225881,0.9734691075466622,0.1605926957760842
wh-google-omaha-ne-1,2014-01-29,3,2.8760756757612818,0.2251641908055745,0.9736817682577884,0.1799273809578208
wh-google-omaha-ne-1,2014-01-29,4,2.514941417611808,0.2318327392764247,0.9738009577676752,0.1689593311217478
wh-google-omaha-ne-1,2014-02-14,3,1.0691626999999926,0.2335150784913707,0.9625,0.1173837925
wh-google-omaha-ne-1,2014-02-14,4,1.1349990829763363,0.202974701818762,0.9605163472378806,0.1559183417390078
wh-google-omaha-ne-1,2014-03-18,3,19.876988435106917,0.1925976298097307,0.973382643025614,0.2114479968999639
wh-google-omaha-ne-1,2014-03-18,4,18.39516969202927,0.1916181457039255,0.9725422752467484,0.202734107508156
wh-google-omaha-ne-1,2014-05-05,2,29.83896936437613,0.2557324834633021,0.9758215072875934,0.2152976346978315
wh-google-omaha-ne-1,2014-05-05,3,26.60510688418739,0.2852345307914614,0.9737735545852864,0.2128059925840902
wh-google-omaha-ne-1,2014-05-05,4,25.841752069341215,0.3253606363769848,0.9731518513681584,0.196080447789246
wh-google-omaha-ne-1,2014-05-21,2,13.615501593924456,0.4862574236514009,0.9796582776801406,0.201243402845123
wh-google-omaha-ne-1,2014-05-21,3,16.33175721458104,0.3793119283303346,0.9766042246559818,0.2065115613980035
wh-google-omaha-ne-1,2014-05-21,4,15.496873899240114,0.4717619470500054,0.9778893389210692,0.2028060874151949
wh-google-omaha-ne-1,2014-06-06,2,26.52521091450047,0.3727747322841838,0.977192075765263,0.2127810815933705
wh-google-omaha-ne-1,2014-06-06,3,25.140310694122224,0.4098566497792514,0.976646916642384,0.2023081204746579
wh-google-omaha-ne-1,2014-06-06,4,25.62550187539794,0.4701855359619079,0.976104981960207,0.1905672355415997
wh-google-omaha-ne-1,2014-07-08,2,27.997905715199902,0.7723893972514143,0.9845300705915724,0.1945784395956225
wh-google-omaha-ne-1,2014-07-08,3,29.992053011233313,0.6307343570363618,0.9798129211807988,0.1927704361787472
wh-google-omaha-ne-1,2014-07-08,4,30.866146965759413,0.6494700003226377,0.9787562474276256,0.1908391288015657
wh-google-omaha-ne-1,2014-07-24,1,30.176691808106703,0.7696948208750571,0.9847438557573251,0.2186201538174524
wh-google-omaha-ne-1,2014-07-24,2,30.10275789011799,0.7407667960468389,0.9839500951452084,0.234110525037455
wh-google-omaha-ne-1,2014-07-24,3,31.601404709032614,0.6666647270079079,0.9815539991252356,0.2310700646731598
wh-google-omaha-ne-1,2014-07-24,4,33.194003967020045,0.6098710523692837,0.9774205312613344,0.1860363597342626
wh-google-omaha-ne-1,2014-09-26,1,27.0878778052902,0.5246188524782971,0.9797036973344792,0.1387090911873925
wh-google-omaha-ne-1,2014-09-26,2,27.94485552494022,0.5535319893018211,0.9803180134191828,0.1625231966864862
wh-google-omaha-ne-1,2014-09-26,3,28.67339804950453,0.5363385319390939,0.9775344749759154,0.1677802566266799
wh-google-omaha-ne-1,2014-09-26,4,28.97343376629739,0.5203457446162807,0.9755206820160648,0.1649100105391858
wh-google-omaha-ne-1,2014-10-12,3,7.961785604756033,0.4316722928131408,0.9729865848297314,0.2228024203395218
wh-google-omaha-ne-1,2014-10-12,4,9.12994683246012,0.462581706255026,0.9770184387346522,0.1918221936111818
wh-google-omaha-ne-1,2014-10-28,2,15.152898072981774,0.3349617093679239,0.9763181393103174,0.1547291821029922
wh-google-omaha-ne-1,2014-10-28,3,15.255503856791812,0.352694079476114,0.975509463987156,0.1646608288395933
wh-google-omaha-ne-1,2014-10-28,4,14.981823737074976,0.3866458379125298,0.9738501041417856,0.1566980737747874
wh-google-omaha-ne-1,2014-11-13,2,-3.91089243999996,0.5041255925921316,0.9746666666666668,
wh-google-omaha-ne-1,2014-11-13,3,-1.581816892567648,0.2820986271900174,0.9715913483430308,0.1935710450590269
wh-google-omaha-ne-1,2014-11-13,4,-2.2235482071503765,0.4470370306728563,0.9766093270850617,0.1763812482270705
wh-google-omaha-ne-1,2014-12-31,2,-9.081751183722508,0.1000324532937871,0.9783853598387248,0.351861342528374
wh-google-omaha-ne-1,2014-12-31,3,-8.737050124684623,0.1555737840397388,0.977883114212253,0.3105376962982926
wh-google-omaha-ne-1,2014-12-31,4,-8.590102260004642,0.2170462013495985,0.976212107302176,0.268548697879386
wh-google-omaha-ne-1,2015-01-16,2,9.088964900599535,0.2084655373634406,0.9743397588604444,0.173166069188412
wh-google-omaha-ne-1,2015-01-16,3,8.178514213731807,0.2116769467473953,0.9739860906017938,0.154390960017464
wh-google-omaha-ne-1,2015-01-16,4,8.542226602237129,0.229696315408421,0.9732453484499438,0.1485149483634383
wh-google-omaha-ne-1,2015-03-05,2,4.634577119473399,0.1547571277447351,0.9743038993223622,0.213473294724395
wh-google-omaha-ne-1,2015-03-05,3,4.990130792164814,0.1626464956540309,0.9726729469267836,0.1972444427861586
wh-google-omaha-ne-1,2015-03-05,4,4.974735570340595,0.1720974361246567,0.9724969613114458,0.1916468670306118
wh-google-omaha-ne-1,2015-03-21,2,22.640089764408454,0.2193348783421418,0.9748001897854744,0.1872031216042379
wh-google-omaha-ne-1,2015-03-21,3,23.23945698844619,0.2090109664728409,0.973125556876199,0.1881505050837236
wh-google-omaha-ne-1,2015-03-21,4,22.589289387392785,0.2174127889796367,0.9732237028944613,0.1789738030489079
wh-google-omaha-ne-1,2015-04-22,3,22.997576839605948,0.3254586528520984,0.9737993485516152,0.1863852328979277
wh-google-omaha-ne-1,2015-04-22,4,23.46783072528012,0.337987794857976,0.9742563809641956,0.1834444911651734
wh-google-omaha-ne-1,2015-06-09,2,44.959109091847075,0.3573921177968742,0.9769899758829848,0.2005401960725396
wh-google-omaha-ne-1,2015-06-09,3,42.2023157965109,0.4014790347982371,0.976558305326777,0.1887678174342991
wh-google-omaha-ne-1,2015-06-09,4,42.34952845426128,0.4525876433953422,0.9752772361654428,0.1907575274891282
wh-google-omaha-ne-1,2015-07-11,2,34.922043193846115,0.696201128632785,0.9829591009954832,0.2193133439447659
wh-google-omaha-ne-1,2015-07-11,3,36.24542934162295,0.6082263768112603,0.9795626286688351,0.1981976210435687
wh-google-omaha-ne-1,2015-07-11,4,36.99681507919822,0.6320670913715684,0.9782819186454744,0.204632250683103
wh-google-omaha-ne-1,2015-08-12,1,29.7865551692219,0.8350372446816453,0.9855836371720764,0.186049941258337
wh-google-omaha-ne-1,2015-08-12,2,30.143927593882424,0.8065531964135733,0.9850051871464484,0.2135012262905749
wh-google-omaha-ne-1,2015-08-12,3,32.4687646448974,0.6655179594184378,0.9805121035215578,0.1906398374523521
wh-google-omaha-ne-1,2015-08-12,4,33.31101946604961,0.6671489638622288,0.9788018211703456,0.1936727349623957
wh-google-omaha-ne-1,2015-09-13,2,24.065966564271942,0.7863532204636883,0.9849469289655662,0.1996946971889411
wh-google-omaha-ne-1,2015-09-13,3,26.074437810072016,0.6271934461797611,0.9799177263771084,0.1777481397575881
wh-google-omaha-ne-1,2015-09-13,4,26.74274818497537,0.6237784888884085,0.9781483946680076,0.175013837541299
wh-google-omaha-ne-1,2015-09-29,2,21.622959876363655,0.7602278580333877,0.9853545454545456,0.235219905
wh-google-omaha-ne-1,2015-09-29,3,22.71923027863997,0.5292125984359066,0.9770379299591708,0.159463657956132
wh-google-omaha-ne-1,2015-09-29,4,24.174505062540916,0.4632996004312032,0.973325706520152,0.1597896825887529
wh-google-omaha-ne-1,2015-12-02,2,1.227932116883097,0.1268955656479531,0.986897494166492,0.3400158640153079
wh-google-omaha-ne-1,2015-12-02,3,2.3522762553510437,0.2088549969258976,0.9825377635679944,0.2592740031674788
wh-google-omaha-ne-1,2015-12-02,4,2.5411009606364066,0.2523352805037928,0.9804096137569484,0.2553207032867168
wh-google-omaha-ne-1,2015-12-18,2,1.2089654169713495,0.2475063001143063,0.9746025241944258,0.1721802082259417
wh-google-omaha-ne-1,2015-12-18,3,1.1620667568639722,0.256266344973652,0.974045041280613,0.1562869762277965
wh-google-omaha-ne-1,2015-12-18,4,1.230990500347191,0.2836987080315058,0.9732053853704722,0.1490614201374456
wh-google-omaha-ne-1,2016-01-03,2,-6.421699849075024,-0.0386496107583934,0.9903032519582052,0.7640187403192201
wh-google-omaha-ne-1,2016-01-03,3,-5.629657270651277,-0.0312401260754906,0.9901926435509149,0.6775271596608564
wh-google-omaha-ne-1,2016-01-03,4,-5.361492328835263,-0.0103694701054511,0.989890372075074,0.6389507621803229
wh-google-omaha-ne-1,2016-02-04,2,-6.6243779707456625,-0.0473207965083143,0.9904,0.7998994136384265
wh-google-omaha-ne-1,2016-02-04,3,-6.126783488883033,-0.0459269995718724,0.990300364719304,0.7420446321566251
wh-google-omaha-ne-1,2016-02-04,4,-5.848732498337193,-0.0362383880360653,0.9900449759770896,0.7005761298625077
wh-google-omaha-ne-1,2016-02-20,2,14.681636132829224,0.2238449270279368,0.9750197994296902,0.1729917591204109
wh-google-omaha-ne-1,2016-02-20,3,14.505166784554152,0.2228097472298003,0.974008427922863,0.1573229171408218
wh-google-omaha-ne-1,2016-02-20,4,15.196944590301484,0.2466593475078162,0.9730989072104992,0.1558947180951918
wh-google-omaha-ne-1,2016-03-07,3,20.724390901311153,0.2543839338661777,0.9724028919448376,0.2064873885673138
wh-google-omaha-ne-1,2016-03-07,4,21.656663139991544,0.2575440201795178,0.9759837799491664,0.1666823952644577
wh-google-omaha-ne-1,2016-04-08,2,20.2462190872017,0.2854120080725336,0.9753992433547312,0.2045033911405876
wh-google-omaha-ne-1,2016-04-08,3,19.97642445858078,0.3040680625202395,0.9743977324176258,0.1953079477640245
wh-google-omaha-ne-1,2016-04-08,4,20.082803125658568,0.3383518744299392,0.9749991847205062,0.1896736774785162
wh-google-omaha-ne-1,2016-05-10,2,29.999088029731496,0.3695379992378532,0.976672488873302,0.1854969705117344
wh-google-omaha-ne-1,2016-05-10,3,29.936315785402886,0.4224663094756423,0.9764030579333756,0.165145182606051
wh-google-omaha-ne-1,2016-05-10,4,30.26553748095363,0.4520870616449363,0.9751295238525372,0.1698009453661413
wh-google-omaha-ne-1,2016-05-26,2,39.27811114434159,0.363149845841119,0.977154655348652,0.2039341794298933
wh-google-omaha-ne-1,2016-05-26,3,38.344839691001376,0.4099445701376308,0.9764960081368168,0.1819898143920141
wh-google-omaha-ne-1,2016-05-26,4,39.127184652279425,0.4430205989186363,0.9751521908611804,0.1857593932173124
wh-google-omaha-ne-1,2016-06-11,2,46.287326453870975,0.3804831611119283,0.9778904838554908,0.2241171187342864
wh-google-omaha-ne-1,2016-06-11,3,43.45807282885889,0.4138639887201348,0.9769915875287828,0.2040134431881547
wh-google-omaha-ne-1,2016-06-11,4,42.70179941377957,0.4860866413031934,0.9761859713640432,0.200131423962679
wh-google-omaha-ne-1,2016-06-27,2,34.05557424105264,0.6167231600087815,0.9815105263157896,0.2437956685087719
wh-google-omaha-ne-1,2016-06-27,3,36.38006089883349,0.6195939207526439,0.9788787744780342,0.2496811620018298
wh-google-omaha-ne-1,2016-06-27,4,35.1359634571963,0.6356606236226995,0.9777413193352942,0.2217573017460847
wh-google-omaha-ne-1,2016-07-29,2,31.263998975311463,0.6985120796264626,0.9830590218882862,0.1936444893123636
wh-google-omaha-ne-1,2016-07-29,3,31.50993687396319,0.6558141922350179,0.9806035643775688,0.1876812894936234
wh-google-omaha-ne-1,2016-07-29,4,31.188176051653542,0.663653736894413,0.9792035631496132,0.195137979990866
wh-google-omaha-ne-1,2016-08-14,3,7.338019041233528,0.7750931918175588,0.9813616108177882,0.2459424432175356
wh-google-omaha-ne-1,2016-08-14,4,10.554046740709037,0.7418845577553117,0.9807882410955744,0.228054596467164
wh-google-omaha-ne-1,2016-09-15,2,23.980530717783,0.5974567784745779,0.97904996098992,0.2116145901295914
wh-google-omaha-ne-1,2016-09-15,3,21.328560008529056,0.6332046692065202,0.9776320995031488,0.1980752715780853
wh-google-omaha-ne-1,2016-09-15,4,23.265306435709675,0.6325315908123198,0.9756511054436848,0.1934434730608623
wh-google-omaha-ne-1,2016-10-17,4,6.204874998176788,0.4578760019110087,0.971259059955238,0.1887558584380564
wh-google-omaha-ne-1,2016-12-04,3,-0.4580893769441613,-0.0050607629414348,0.9900382239607666,0.3032350630282286
wh-google-omaha-ne-1,2016-12-04,4,-1.005235300114603,-0.0218541723284269,0.9904,0.4793049757344439
wh-google-omaha-ne-1,2017-01-05,2,-12.152157321781951,0.0907777808858913,0.9865639966030916,0.5334028273302039
wh-google-omaha-ne-1,2017-01-05,3,-12.02262377610754,0.1087659729588096,0.985349464517322,0.4781466383007643
wh-google-omaha-ne-1,2017-01-05,4,-12.295112145621388,0.1314984012734802,0.9850549104442606,0.440996803225648
wh-google-omaha-ne-1,2017-01-21,2,9.704135383117528,0.2730534205819781,0.9747352462489486,0.1131989475597847
wh-google-omaha-ne-1,2017-01-21,3,9.41333459375696,0.2852488228060781,0.9742630572031452,0.118188785768175
wh-google-omaha-ne-1,2017-01-21,4,9.345157679172749,0.2873451761465477,0.9734553571114573,0.1170680180456879
wh-google-omaha-ne-1,2017-02-22,2,23.519757063148585,0.2222392653586425,0.9741616465819698,0.1681370696194211
wh-google-omaha-ne-1,2017-02-22,3,22.68228990977793,0.2208801855349555,0.9733643069062472,0.168507212346181
wh-google-omaha-ne-1,2017-02-22,4,22.44712080506828,0.2290729965168426,0.9728134645241518,0.162064782089935
wh-google-omaha-ne-1,2017-04-11,2,25.893010968969513,0.272431731953405,0.975376596719684,0.2031695158130143
wh-google-omaha-ne-1,2017-04-11,3,25.180722819241655,0.2945564957204186,0.974013858582109,0.1829736507575097
wh-google-omaha-ne-1,2017-04-11,4,24.576141951320984,0.3182156476650578,0.9739520864030232,0.1741213454091594
wh-google-omaha-ne-1,2017-04-27,2,23.394279199570484,0.3119536828656595,0.9762206182595338,0.2158158346960585
wh-google-omaha-ne-1,2017-04-27,3,22.72093167558539,0.3416281678219365,0.9754724042137652,0.1919950204399454
wh-google-omaha-ne-1,2017-04-27,4,22.63652499518012,0.4109584152078246,0.9754623788368012,0.1991500691685147
wh-google-omaha-ne-1,2017-05-13,1,32.121874400000024,0.2494919112267295,0.9757,0.192208625
wh-google-omaha-ne-1,2017-05-13,2,33.05635640847654,0.33462104555868,0.976521359661902,0.2074730249222331
wh-google-omaha-ne-1,2017-05-13,3,32.86604138421139,0.3773486244139777,0.9759435355546228,0.19067078186662
wh-google-omaha-ne-1,2017-05-13,4,33.226324416185854,0.4171860772822869,0.9747379243189654,0.1919709328564642
wh-google-omaha-ne-1,2017-05-29,2,27.99510078467041,0.3130353506745134,0.9756211584247304,0.2028387086936498
wh-google-omaha-ne-1,2017-05-29,3,29.82703512564022,0.3956401909138652,0.976348257785286,0.2099810028372463
wh-google-omaha-ne-1,2017-05-29,4,32.920590064882745,0.4031827340721645,0.9749658211854696,0.228297272938171
wh-google-omaha-ne-1,2017-06-14,2,30.622898469762884,0.4404489711834288,0.9784574410522312,0.1790153339167842
wh-google-omaha-ne-1,2017-06-14,3,31.340143714645496,0.4505589537483996,0.977188508722135,0.1680315251312241
wh-google-omaha-ne-1,2017-06-14,4,31.781057799125065,0.5027903526049174,0.975998856480051,0.1779372378505251
wh-google-omaha-ne-1,2017-06-30,2,29.703102379994064,0.5672689705551216,0.9808808192360002,0.1775571063165988
wh-google-omaha-ne-1,2017-06-30,3,30.45218959798828,0.5508219245457293,0.978797681584564,0.1719688609308491
wh-google-omaha-ne-1,2017-06-30,4,31.221108174904767,0.5791080990152253,0.9774646280896166,0.1827960124555586
wh-google-omaha-ne-1,2017-07-16,1,35.83707648153205,0.7585413050668768,0.9847298050139276,0.2077291719968663
wh-google-omaha-ne-1,2017-07-16,2,38.17943301442287,0.6476890683594958,0.9823155200113526,0.1994537729323093
wh-google-omaha-ne-1,2017-07-16,3,39.18112730727283,0.5646343253734244,0.9792608161448012,0.1794820772631796
wh-google-omaha-ne-1,2017-07-16,4,39.17045802009414,0.6005457075871995,0.9779411814576188,0.1868491890546593
wh-google-omaha-ne-1,2017-08-01,3,26.270932257176725,0.7237800008550501,0.9815200246533132,0.1770862505818078
wh-google-omaha-ne-1,2017-08-01,4,23.418813999580472,0.7741070298704782,0.9803327552444528,0.1061729571130897
wh-google-omaha-ne-1,2017-08-17,2,28.963132269086735,0.6767118792542127,0.9827127113339004,0.2020247461530538
wh-google-omaha-ne-1,2017-08-17,3,30.56085572776694,0.5689902476639391,0.9790144617517568,0.1766333609530495
wh-google-omaha-ne-1,2017-08-17,4,30.482858421657916,0.6002628232392639,0.977963271374392,0.1794276301857642
wh-google-omaha-ne-1,2017-09-02,2,31.102461317561183,0.65122300617541,0.982126672454942,0.1960818180682668
wh-google-omaha-ne-1,2017-09-02,3,31.962947805729033,0.5802630443674117,0.9787942889892726,0.1737829879511697
wh-google-omaha-ne-1,2017-09-02,4,31.883619135695444,0.6015963453294979,0.9775518247630616,0.1748054663696708
wh-google-omaha-ne-1,2017-10-20,2,18.93321124493244,0.4609547450892541,0.9783057995495495,0.154967092965769
wh-google-omaha-ne-1,2017-10-20,3,19.743686724360053,0.3881389305777721,0.9750193510350346,0.1554581529230852
wh-google-omaha-ne-1,2017-10-20,4,20.763178778916306,0.3782485643535451,0.9739545917286012,0.1600668806127242
wh-google-omaha-ne-1,2017-11-05,2,9.070814630751547,0.3346433086201884,0.9760512799432576,0.1843175236352646
wh-google-omaha-ne-1,2017-11-05,3,9.165268539256603,0.3394332272503447,0.9745357847700232,0.1641684832304776
wh-google-omaha-ne-1,2017-11-05,4,9.73376807835292,0.3513334560994051,0.9738847226611324,0.1663684797893479
wh-google-omaha-ne-1,2017-11-21,2,2.2474161608737635,0.3137163956650952,0.9759664167517144,0.1759303311692211
wh-google-omaha-ne-1,2017-11-21,3,3.116577748277412,0.305969201622053,0.9751196531072156,0.1656157532336717
wh-google-omaha-ne-1,2017-11-21,4,3.4308033218101577,0.3291185521301623,0.9742813810159324,0.1565181248169402
wh-google-omaha-ne-1,2017-12-07,2,-0.633972295816843,0.2702986946059775,0.9754546692215766,0.1823878625762812
wh-google-omaha-ne-1,2017-12-07,3,-0.5741670550473297,0.267728928456008,0.9746983592113307,0.1673793047306413
wh-google-omaha-ne-1,2017-12-07,4,-0.7825309789038649,0.2906765181813164,0.9736353764249024,0.1585089298216192
wh-google-omaha-ne-1,2018-01-08,2,1.3357578483891128,0.1969368635075776,0.98470471515243,0.2895110958790247
wh-google-omaha-ne-1,2018-01-08,3,0.9898312795329572,0.1114635433981291,0.98671182662926,0.3505837272370068
wh-google-omaha-ne-1,2018-01-08,4,1.5376282043360436,0.2090147116870637,0.9833405850928908,0.2598000025338062
wh-google-omaha-ne-1,2018-01-24,2,-4.764392052549999,-0.0217278297964377,0.9903778368263012,0.756372609788019
wh-google-omaha-ne-1,2018-01-24,3,-4.291493249348343,-0.0192795326926868,0.9903300929966729,0.6905252045700243
wh-google-omaha-ne-1,2018-01-24,4,-4.123336363861298,-0.010548972891682,0.9903408609735564,0.6570328182199304
wh-google-omaha-ne-1,2018-02-25,2,2.3597598103838973,0.2769921368737483,0.984038283330303,0.2079449922811596
wh-google-omaha-ne-1,2018-02-25,3,3.106936616916161,0.2814543516242202,0.980511074372429,0.2384115085469149
wh-google-omaha-ne-1,2018-02-25,4,3.348819151075689,0.2978818089504125,0.9795283404310048,0.2123481241056267
wh-google-omaha-ne-1,2018-03-13,2,13.330081788982714,0.1993160613402958,0.974373950051998,0.1814409594406477
wh-google-omaha-ne-1,2018-03-13,3,13.427857337823578,0.1965589647293091,0.9735182469888484,0.1733228472847064
wh-google-omaha-ne-1,2018-03-13,4,13.784077268618097,0.2144659479345083,0.973087165888314,0.1657335947855278
wh-google-omaha-ne-1,2018-03-29,4,1.6607385708911857,0.276373712088036,0.9721007031331044,0.1643564521668652
wh-google-omaha-ne-1,2018-04-30,2,23.751143420000005,0.3100395467765016,0.9774,0.2220987599999999
wh-google-omaha-ne-1,2018-04-30,3,23.860972298840437,0.2868288376124303,0.9758836619880962,0.2038309258597336
wh-google-omaha-ne-1,2018-04-30,4,24.94829724031732,0.3085945686427721,0.9766446543859244,0.172150005665806
wh-google-omaha-ne-1,2018-05-16,3,39.99607128789445,0.3712436590933524,0.9751709162705604,0.1829048788362922
wh-google-omaha-ne-1,2018-05-16,4,39.16054112448527,0.3944530098640144,0.9745696377645716,0.1811939096024303
wh-google-omaha-ne-1,2018-06-01,2,47.12584609098526,0.3336864961779572,0.9765967403337732,0.2157203093743444
wh-google-omaha-ne-1,2018-06-01,3,44.06474844737205,0.3714612704267319,0.975696488183334,0.206599824926671
wh-google-omaha-ne-1,2018-06-01,4,44.93395375545896,0.4296484556547554,0.9748442583253446,0.1896713294273764
wh-google-omaha-ne-1,2018-07-03,2,34.11244032568145,0.6246877533770877,0.98187767873892,0.2004262358569508
wh-google-omaha-ne-1,2018-07-03,3,35.88537579622688,0.5787113113312546,0.9786809934065764,0.1945505384499701
wh-google-omaha-ne-1,2018-07-03,4,36.309429112410925,0.593084858803299,0.9773291483981872,0.1935488619246173
wh-google-omaha-ne-1,2018-07-19,1,30.375871680478237,0.8185312107163426,0.9855740294881,0.2048263424601027
wh-google-omaha-ne-1,2018-07-19,2,31.576728157346217,0.6728363056156041,0.9824812503872046,0.186012447749466
wh-google-omaha-ne-1,2018-07-19,3,33.39565931248152,0.5899584689720458,0.9791046174014908,0.1769878213444441
wh-google-omaha-ne-1,2018-07-19,4,34.168783764772094,0.5972672147050224,0.977708785447318,0.1807171950865047
wh-google-omaha-ne-1,2018-09-21,1,4.33622030689068,0.4669058132449832,0.9785987193610578,0.1835223276693749
wh-google-omaha-ne-1,2018-09-21,2,7.091261297179808,0.4357605460533462,0.9778781396895002,0.1934066102842775
wh-google-omaha-ne-1,2018-09-21,3,7.105245828526418,0.474177716685813,0.9773055374987214,0.1670160790877728
wh-google-omaha-ne-1,2018-09-21,4,9.095010742970135,0.4880818289820659,0.9752334572080285,0.1403311758827507
wh-google-omaha-ne-1,2018-10-23,2,17.073912090091994,0.3927382201128933,0.9769718917469518,0.1462883081286844
wh-google-omaha-ne-1,2018-10-23,3,17.83189536214487,0.3877586841822577,0.9760159256294284,0.1476731354408794
wh-google-omaha-ne-1,2018-10-23,4,17.87092617150931,0.3890614474494911,0.9745179085120038,0.1512525226701395
wh-google-omaha-ne-1,2018-12-10,2,-5.584671633293759,-0.0155455911714489,0.9900976385900258,0.6314798074259814
wh-google-omaha-ne-1,2018-12-10,3,-5.09923358072583,-0.0058030365784598,0.9897950149952508,0.5867876340652497
wh-google-omaha-ne-1,2018-12-10,4,-4.898509279910868,0.0199721792073337,0.9892988972547792,0.5526367226640411
wh-google-omaha-ne-1,2019-02-12,2,-8.864332532116412,-0.0334872748612618,0.9904,0.7778571335108942
wh-google-omaha-ne-1,2019-02-12,3,-8.725659984333042,-0.0322473198087966,0.9904,0.763341604781718
wh-google-omaha-ne-1,2019-02-12,4,-8.39488652036195,-0.0248711046369304,0.990357779369922,0.7132859824589385
wh-google-omaha-ne-1,2019-03-16,2,11.79878805004925,0.2246071928881885,0.9749449107397292,0.1552301523077882
wh-google-omaha-ne-1,2019-03-16,3,12.075008400429402,0.2089477323614045,0.974248456585352,0.1498263035924123
wh-google-omaha-ne-1,2019-03-16,4,13.02339856331437,0.2204817330426365,0.972854520944566,0.1553595129804198
wh-google-omaha-ne-1,2019-04-01,2,15.251333841201095,0.2095136649413223,0.973992946245256,0.194083034828089
wh-google-omaha-ne-1,2019-04-01,3,15.096238937888913,0.2157086416783587,0.9731698498398388,0.176343518789015
wh-google-omaha-ne-1,2019-04-01,4,15.578694369749249,0.224540181572548,0.9720922435324636,0.1800184412470397
wh-google-omaha-ne-1,2019-06-04,2,28.21370274871066,0.4365322538357254,0.9775290256539592,0.2056957095160722
wh-google-omaha-ne-1,2019-06-04,3,28.255008717902836,0.443588261018595,0.9756914185454792,0.19760885264968
wh-google-omaha-ne-1,2019-06-04,4,29.188859883000873,0.3908242979535189,0.9729923349239494,0.2145310812173547
wh-google-omaha-ne-1,2019-07-06,2,35.70369238522359,0.5963550556654643,0.981238153931596,0.1954531025128292
wh-google-omaha-ne-1,2019-07-06,3,36.934044674983824,0.5454059150266823,0.9784153083965778,0.1893140927651888
wh-google-omaha-ne-1,2019-07-06,4,37.6461084170201,0.5514270836307679,0.9769255757153784,0.195654068550609
wh-google-omaha-ne-1,2019-07-22,1,28.8021214859896,0.6730322403197682,0.982812210648148,0.1787277557949941
wh-google-omaha-ne-1,2019-07-22,2,29.37608347251072,0.6405940145323594,0.98187200806663,0.1831324584874232
wh-google-omaha-ne-1,2019-07-22,3,31.085212101504844,0.5404115389185515,0.9784292907060186,0.1739142037256218
wh-google-omaha-ne-1,2019-07-22,4,31.821145759580183,0.554992698451421,0.9769313373445484,0.183962551759424
wh-google-omaha-ne-1,2019-08-07,2,36.47052082464503,0.6361085124375305,0.981623223571253,0.1738676017617133
wh-google-omaha-ne-1,2019-08-07,3,37.96047170461589,0.5404214156880218,0.9788926962790966,0.1711235155983234
wh-google-omaha-ne-1,2019-08-07,4,38.66230255840297,0.5426698424918711,0.9767325639084142,0.1808480750519121
wh-google-omaha-ne-1,2019-08-23,2,22.977986989975538,0.5960885042528309,0.9806036984187888,0.1813367298158384
wh-google-omaha-ne-1,2019-08-23,3,24.59975047772336,0.4623114930786126,0.9757938902241782,0.1605346105968715
wh-google-omaha-ne-1,2019-08-23,4,26.5415442571052,0.4246436191950468,0.9691084552460656,0.1897320532388798
wh-google-omaha-ne-1,2019-09-24,2,29.278783957971008,0.5756507387764763,0.980889546491854,0.171465837987844
wh-google-omaha-ne-1,2019-09-24,3,29.956389955618075,0.5014686476180328,0.9782843506821296,0.1579800715597893
wh-google-omaha-ne-1,2019-09-24,4,31.19854639377203,0.4943791516490892,0.9758016228667774,0.1638868201164561
wh-google-omaha-ne-1,2019-10-26,2,14.921452791343537,0.3711134812571143,0.9771897839792946,0.1767291389344804
wh-google-omaha-ne-1,2019-10-26,3,14.982839255369914,0.3788187671782908,0.9762206981515054,0.1615271706638592
wh-google-omaha-ne-1,2019-10-26,4,15.282902616745472,0.3824374596497972,0.9747947499457768,0.1666623185319959
wh-google-omaha-ne-1,2019-11-11,2,-7.3562312883293535,0.0941655178133927,0.973995324675325,0.6061409921504558
wh-google-omaha-ne-1,2019-11-11,3,-6.736979608364268,0.1468973405918478,0.9767419365537686,0.5560390240581105
wh-google-omaha-ne-1,2019-11-11,4,-6.281833217987039,0.1976081887570751,0.97686234421833,0.5256999064768362
wh-google-omaha-ne-1,2019-12-13,2,2.76412112826803,0.2854004048482602,0.9756599482473094,0.159586605289979
wh-google-omaha-ne-1,2019-12-13,3,2.762351647097701,0.2825378820556738,0.9745943832947688,0.1631911605664443
wh-google-omaha-ne-1,2019-12-13,4,2.9037093919734245,0.2901540642698385,0.973483325056268,0.1509950620362744
wh-google-omaha-ne-1,2020-01-14,2,-2.0356231717746205,0.1050178939092473,0.9873934306924552,0.3327391895401015
wh-google-omaha-ne-1,2020-01-14,3,-2.0412419574558585,0.1375108472174484,0.9863174679769826,0.3050202616652162
wh-google-omaha-ne-1,2020-01-14,4,-1.874902127224929,0.1689254451335449,0.984408792270502,0.2729742232246342
wh-google-omaha-ne-1,2020-02-15,2,8.975102242490216,0.1956177299067898,0.974621425361832,0.1820484336480933
wh-google-omaha-ne-1,2020-02-15,3,8.645488622068225,0.2008483733595445,0.9738504409566332,0.1773215659917875
wh-google-omaha-ne-1,2020-02-15,4,8.621456666359418,0.2065102140654455,0.9728081184971328,0.1715041718520874
wh-google-omaha-ne-1,2020-03-02,2,11.682113568717536,0.1936547781475897,0.9743712451649096,0.1948367915610475
wh-google-omaha-ne-1,2020-03-02,3,11.457619771684731,0.1927112055003373,0.9742968838917452,0.1795998354368344
wh-google-omaha-ne-1,2020-03-02,4,10.901871135579054,0.2184876082972494,0.9729447330194788,0.1803628347137745
wh-google-omaha-ne-1,2020-04-19,2,28.810314747706435,0.2258772295043454,0.9751119266055046,0.2061792513608562
wh-google-omaha-ne-1,2020-04-19,3,25.465643211624393,0.3021164877014187,0.9743370959333612,0.1876319267491995
wh-google-omaha-ne-1,2020-04-19,4,25.304367262439985,0.2993421295255722,0.9736640286083578,0.1826876642670528
wh-google-omaha-ne-1,2020-05-05,3,22.88272928314492,0.3722678418507883,0.9747143677907804,0.1881929659717127
wh-google-omaha-ne-1,2020-05-05,4,22.321006613830768,0.3622029849564444,0.9734898842165582,0.1833113812588954
wh-google-omaha-ne-1,2020-06-06,2,40.968810867675906,0.4160857752366163,0.978244501564832,0.2143473128032322
wh-google-omaha-ne-1,2020-06-06,3,33.29406586366094,0.4385615248032072,0.9766029418534984,0.2025022542957165
wh-google-omaha-ne-1,2020-06-06,4,38.15722041114131,0.4520593342100516,0.9749768909904954,0.2043548662629755
wh-google-omaha-ne-1,2020-06-22,2,33.38935394004485,0.558481696250569,0.9805323422035214,0.201096852952321
wh-google-omaha-ne-1,2020-06-22,3,34.568001634282645,0.4961292867732034,0.9783549000536368,0.1979505966965122
wh-google-omaha-ne-1,2020-06-22,4,34.7738956168799,0.5086654807193663,0.9749585368157048,0.2113574062107398
wh-google-omaha-ne-1,2020-07-08,2,38.88360852391799,0.5776827060245798,0.980997733389139,0.1947053747237543
wh-google-omaha-ne-1,2020-07-08,3,39.71401684542544,0.523149490660932,0.9786946978628016,0.1832137629954401
wh-google-omaha-ne-1,2020-07-08,4,40.365298019398544,0.5164953123755714,0.9764762850328332,0.190877522482079
wh-google-omaha-ne-1,2020-07-24,2,33.20554283224823,0.5555942895552949,0.980037223157434,0.2288524874906572
wh-google-omaha-ne-1,2020-07-24,3,37.79257806090765,0.5377082575095888,0.9781087275826446,0.2049028328034904
wh-google-omaha-ne-1,2020-07-24,4,39.302837130900826,0.5141536484396869,0.975664584217232,0.2132135139257903
wh-google-omaha-ne-1,2020-08-09,1,30.45029977440311,0.7243093917721674,0.9837257392188424,0.1945942024347622
wh-google-omaha-ne-1,2020-08-09,2,31.81954569489456,0.6050662806265218,0.9810484422484432,0.1855522128141307
wh-google-omaha-ne-1,2020-08-09,3,32.704923629330096,0.5861715988481755,0.9795358594000342,0.1741502041141246
wh-google-omaha-ne-1,2020-08-09,4,33.731815543647436,0.5692760740870094,0.977168471391393,0.1760164375930171
wh-google-omaha-ne-1,2020-08-25,2,38.06828193138068,0.5207649752710868,0.9795749739133738,0.1831954335793225
wh-google-omaha-ne-1,2020-08-25,3,37.94218866183197,0.5251295303845054,0.9784183592809758,0.1710383298298715
wh-google-omaha-ne-1,2020-08-25,4,38.732819596654025,0.5098067160515811,0.9760373141585964,0.1754241147153958
wh-google-omaha-ne-1,2020-09-26,3,20.233827872066744,0.3854736017440586,0.9742242734021732,0.1650342823945708
wh-google-omaha-ne-1,2020-09-26,4,19.55542746149943,0.3706146336836416,0.9759524675800278,0.168619675704453
wh-google-omaha-ne-1,2020-10-12,2,21.533240907993378,0.3664541032540356,0.9766132256188322,0.1502303021999572
wh-google-omaha-ne-1,2020-10-12,3,22.1720660491716,0.3884142649600823,0.9760226966439102,0.1559961794119114
wh-google-omaha-ne-1,2020-10-12,4,21.70596078285985,0.4005747370642886,0.9746117920577576,0.1524400149895952
wh-google-omaha-ne-1,2020-10-28,2,11.117165151188685,0.3065626621302981,0.9759941534834096,0.1711837053019635
wh-google-omaha-ne-1,2020-10-28,3,11.18067412289482,0.3275305805495097,0.9756830005077816,0.1536288640548134
wh-google-omaha-ne-1,2020-10-28,4,10.999027496817044,0.3492652310050385,0.973969181983786,0.1591640488159374
wh-google-omaha-ne-1,2020-11-29,2,4.799807025345834,0.2724251924716344,0.9751158175434224,0.1611953097696021
wh-google-omaha-ne-1,2020-11-29,3,4.898734219043169,0.2849496784427476,0.9744867011932796,0.1402124348123083
wh-google-omaha-ne-1,2020-11-29,4,4.868929087163951,0.3024509680119923,0.9729133308727212,0.1535692156242166
wh-google-omaha-ne-1,2020-12-31,2,-7.729920208007766,-0.0482898719185301,0.9903821643759492,0.7600517351946308
wh-google-omaha-ne-1,2020-12-31,3,-7.590901346640183,-0.0387703698637528,0.9903885952144628,0.7377482129482353
wh-google-omaha-ne-1,2020-12-31,4,-7.489285054173347,-0.026643273705067,0.990398820970248,0.6908858118614064
wh-google-omaha-ne-1,2021-01-16,2,-7.248161717499983,0.0147609515507149,0.97121875,0.2830180370312499
wh-google-omaha-ne-1,2021-01-16,3,-7.0281266799999855,0.0394087964468668,0.97175,0.279195635
wh-google-omaha-ne-1,2021-03-05,2,16.62709367754774,0.2092323381774534,0.9742241442417594,0.156616325624492
wh-google-omaha-ne-1,2021-03-05,3,16.79829770801609,0.2275463285598984,0.9738502382798976,0.1555509599574541
wh-google-omaha-ne-1,2021-03-05,4,16.664735200131734,0.2295571239329615,0.973139618784665,0.1541890498580796
wh-google-omaha-ne-1,2021-03-21,2,20.716917590989592,0.2255516894488549,0.9745833731654864,0.1845043412516898
wh-google-omaha-ne-1,2021-03-21,3,20.41251933995737,0.2448509679029372,0.9742926899047956,0.1742509067636342
wh-google-omaha-ne-1,2021-03-21,4,20.48046920115888,0.2530928724015855,0.9728797629614055,0.1782292092793304
wh-google-omaha-ne-1,2021-04-22,3,23.159086915423305,0.3470445480488023,0.9752242134037126,0.1848037286244458
wh-google-omaha-ne-1,2021-04-22,4,22.805196960431644,0.3334627539007229,0.9738903346563996,0.1948164157884295
wh-google-omaha-ne-1,2021-06-09,2,37.222407177969544,0.4960107242234924,0.978797415129884,0.1723488668719803
wh-google-omaha-ne-1,2021-06-09,3,36.90928805104579,0.4308056607678836,0.9761210621510829,0.1927280751805734
wh-google-omaha-ne-1,2021-06-09,4,38.095932935588266,0.4219066398369259,0.9742130387459942,0.2012524630385303
wh-google-omaha-ne-1,2021-06-25,4,21.94301084,0.7015930000760228,0.98125,0.1031638175
wh-google-omaha-ne-1,2021-07-11,2,25.14904572053383,0.5780186004381075,0.9803949871903954,0.1860424711200993
wh-google-omaha-ne-1,2021-07-11,3,26.439297874596516,0.5609505280444922,0.9788252458661096,0.1888139816758949
wh-google-omaha-ne-1,2021-07-11,4,25.629256297664643,0.574691741517514,0.9783016662176414,0.190538407954511
wh-google-omaha-ne-1,2021-07-27,2,38.78421836166947,0.5767407770783038,0.9804754107916618,0.1854935418396608
wh-google-omaha-ne-1,2021-07-27,3,39.3492515346058,0.5429807756012949,0.9787121101121664,0.1797654328873708
wh-google-omaha-ne-1,2021-07-27,4,40.456589299319475,0.52931844937002,0.976216814350294,0.1869625067994131
wh-google-omaha-ne-1,2021-08-12,2,33.31637803469705,0.6024149130793053,0.9810468694829262,0.1826060568387463
wh-google-omaha-ne-1,2021-08-12,3,34.24772972275074,0.5573011859626291,0.979094074252874,0.1796534037062883
wh-google-omaha-ne-1,2021-08-12,4,35.16839963152106,0.5431722735455583,0.9765592975104594,0.1851913988560816
wh-google-omaha-ne-1,2021-08-28,2,36.59531218633988,0.5844778389853142,0.9808542706295048,0.1812724476890815
wh-google-omaha-ne-1,2021-08-28,3,37.05448633332914,0.5475851771240537,0.9790696125908908,0.1780225296969977
wh-google-omaha-ne-1,2021-08-28,4,38.2199784566294,0.5298578619010968,0.9764028374589376,0.1851569479665357
wh-google-omaha-ne-1,2021-09-13,2,25.337579391698096,0.5514408487860619,0.9799836030133574,0.179837788675623
wh-google-omaha-ne-1,2021-09-13,3,26.24299089699489,0.562018390184117,0.9785874616673028,0.1776612590118435
wh-google-omaha-ne-1,2021-09-13,4,27.96140507835341,0.5687978817336173,0.9780039846123626,0.1758456896952272
wh-google-omaha-ne-1,2021-10-15,2,19.19041703519519,0.4116542476114272,0.9772999720395332,0.1728820563577542
wh-google-omaha-ne-1,2021-10-15,3,18.211114712386937,0.4242258615597463,0.9761837103673672,0.1576753643461217
wh-google-omaha-ne-1,2021-10-15,4,18.257243297858544,0.4361841727084927,0.9761292376350869,0.1632609891026976
wh-google-omaha-ne-1,2021-12-02,2,18.4934400552943,0.3156987889365689,0.9756843002084782,0.1640989410225455
wh-google-omaha-ne-1,2021-12-02,3,18.525538163343978,0.3221865699929658,0.9751333994847338,0.1640351400351055
wh-google-omaha-ne-1,2021-12-02,4,18.195809262209885,0.3389086321739424,0.975043246982288,0.1451882359086105
wh-google-omaha-ne-1,2022-02-20,2,18.742850200443137,0.2127346528832997,0.9745589106619944,0.1822647275989462
wh-google-omaha-ne-1,2022-02-20,3,18.335694511104613,0.218442405716613,0.9740121856527744,0.1845267753796991
wh-google-omaha-ne-1,2022-02-20,4,18.016522163083557,0.2224976177708837,0.9740410884687803,0.1751283784877636
wh-google-omaha-ne-1,2022-03-08,2,7.32351176688991,0.1492215340935723,0.973628073033708,0.237476257131601
wh-google-omaha-ne-1,2022-03-08,3,7.176534988294926,0.1540493869388047,0.9724846136333644,0.2169955945961464
wh-google-omaha-ne-1,2022-03-08,4,7.441759496140906,0.1770479334673369,0.9697938136382814,0.210757096446977
wh-google-omaha-ne-1,2022-04-09,3,23.480552120169538,0.2221427698779491,0.9727773260630224,0.1961167200346399
wh-google-omaha-ne-1,2022-04-09,4,23.04582794454043,0.2329687686939814,0.9731773847733796,0.1895926311669245
wh-google-omaha-ne-1,2022-04-25,2,22.03777740650006,0.2966671901695904,0.9754303157684744,0.1947534770585749
wh-google-omaha-ne-1,2022-04-25,3,21.61332834638626,0.2941202593595637,0.975018532035654,0.1938567458158334
wh-google-omaha-ne-1,2022-04-25,4,21.558821577320415,0.3309668020246962,0.9742011048032077,0.1884367466696333
wh-google-omaha-ne-1,2022-05-27,2,30.216763505690817,0.4174400381827646,0.9776764791156376,0.163432672157019
wh-google-omaha-ne-1,2022-05-27,3,30.727202716546337,0.4052727316477112,0.9765414025397264,0.1687399689365189
wh-google-omaha-ne-1,2022-05-27,4,31.096891666702433,0.4324053122072723,0.9745583723563764,0.1750866780780708
wh-google-omaha-ne-1,2022-06-28,2,36.27934223701857,0.588334091725655,0.98084028075758,0.1940292713009546
wh-google-omaha-ne-1,2022-06-28,3,38.15815167382483,0.4688314146531146,0.9775037415421548,0.1937289638513869
wh-google-omaha-ne-1,2022-06-28,4,37.74485264070601,0.4832691141083567,0.9759532408936864,0.1951331380420998
wh-google-omaha-ne-1,2022-07-14,2,35.19912446823378,0.5324075837507795,0.979790791523484,0.190139885022693
wh-google-omaha-ne-1,2022-07-14,3,36.253645423568706,0.4919378365718647,0.9776760692924552,0.1920105933701202
wh-google-omaha-ne-1,2022-07-14,4,36.43408468637535,0.5029076331718642,0.9764538483989657,0.1919136488553698
wh-google-omaha-ne-1,2022-07-30,2,37.23962971075281,0.5506959102709312,0.9798697158979588,0.1843160094137897
wh-google-omaha-ne-1,2022-07-30,3,39.005424748208334,0.4443048848002583,0.976858854976847,0.1874502160627503
wh-google-omaha-ne-1,2022-07-30,4,38.93567054501481,0.4492901156225911,0.9753939604822652,0.1882151647677283
wh-google-omaha-ne-1,2022-08-31,2,34.691358666881236,0.5321794564391381,0.9794511648641546,0.1635993108449004
wh-google-omaha-ne-1,2022-08-31,3,35.202472189767676,0.4832912824861053,0.9776120313848105,0.1717999959586764
wh-google-omaha-ne-1,2022-08-31,4,35.473788752159564,0.4883963730474391,0.9759214535140148,0.1749040306015534
wh-google-omaha-ne-1,2022-09-16,2,31.021824596677753,0.4390780163158406,0.9776777777777778,0.1039727739384151
wh-google-omaha-ne-1,2022-09-16,3,32.828484413217524,0.469158712660236,0.9763005412955862,0.1653427609068972
wh-google-omaha-ne-1,2022-09-16,4,32.86285166585783,0.4671709962223175,0.9746580927549552,0.1635352789921473
wh-google-omaha-ne-1,2022-10-02,2,29.34678131351271,0.4679120246216838,0.9785880865260432,0.1645732669541451
wh-google-omaha-ne-1,2022-10-02,3,30.265768135571825,0.433298048866591,0.9764765738673868,0.1732239935906475
wh-google-omaha-ne-1,2022-10-02,4,29.79575678227938,0.4530899000808445,0.975783610366357,0.1709742027365171
wh-google-omaha-ne-1,2022-10-18,2,11.325672031733443,0.397870397242537,0.977584719315704,0.1828792597792155
wh-google-omaha-ne-1,2022-10-18,3,11.531104354986182,0.3655258262052694,0.9761799718922588,0.1731503118031228
wh-google-omaha-ne-1,2022-10-18,4,11.125435354239457,0.3917476267187495,0.9751208724754166,0.1717204057437975
wh-google-omaha-ne-1,2022-12-05,3,3.0424136942849924,0.2844957904284126,0.975614434527026,0.1724664589959154
wh-google-omaha-ne-1,2022-12-05,4,3.1734918337090496,0.2907342526175515,0.9732384437172296,0.1473638867096016
wh-google-omaha-ne-1,2023-01-06,2,2.903847135759104,0.2839538699238057,0.9754416776904524,0.1528485833237144
wh-google-omaha-ne-1,2023-01-06,3,2.432468605051891,0.2548888951153252,0.9743006779805446,0.1475058905278742
wh-google-omaha-ne-1,2023-01-06,4,2.34720066229845,0.2639751545706054,0.9730705246111884,0.1424124268311271
wh-google-omaha-ne-1,2023-02-07,3,6.57678123424907,0.2210700632577123,0.9730723727910544,0.150168343002916
wh-google-omaha-ne-1,2023-02-07,4,6.760312706481041,0.2178891983371946,0.973189160976667,0.1546072655621259
wh-google-omaha-ne-1,2023-02-23,2,-6.39579298000001,,0.9904,
wh-google-omaha-ne-1,2023-02-23,3,-4.588604406583583,0.2873688794986106,0.973875419148242,0.1259555088254858
wh-google-omaha-ne-1,2023-02-23,4,-4.995021782982338,0.3458714890482164,0.9721672074407994,0.1343273415519401
wh-google-omaha-ne-1,2023-04-12,2,34.80547536480604,0.2713201209180173,0.9748151085871832,0.1814897468312064
wh-google-omaha-ne-1,2023-04-12,3,34.49448210474077,0.2494581964643833,0.974092819063662,0.1790910420489716
wh-google-omaha-ne-1,2023-04-12,4,34.07395548662103,0.2692582134286364,0.9731198508288704,0.18141732945888
wh-google-omaha-ne-1,2023-05-30,2,33.69040772912866,0.4468698722333671,0.978163786082031,0.1397260955684109
wh-google-omaha-ne-1,2023-05-30,3,37.61437602604525,0.3777742485617101,0.9746907145771446,0.1968003540923346
wh-google-omaha-ne-1,2023-05-30,4,39.54644750411523,0.3451319432318684,0.9729691901204066,0.2329681260619856
wh-google-omaha-ne-1,2023-06-15,2,39.7681247005465,0.4395701324703027,0.9785739668473784,0.185069010950326
wh-google-omaha-ne-1,2023-06-15,3,39.53023131566745,0.4233239814421632,0.97704707480355,0.1880911140459954
wh-google-omaha-ne-1,2023-06-15,4,39.31101764906855,0.4489815655430786,0.9752637528438136,0.1893644932440614
wh-google-omaha-ne-1,2023-07-17,2,31.338457330070824,0.6134028222202172,0.9809211266767032,0.1840127679963126
wh-google-omaha-ne-1,2023-07-17,3,32.15461553594721,0.5761078032205551,0.978687083221516,0.180673269997594
wh-google-omaha-ne-1,2023-07-17,4,32.67472292898247,0.5813489836347976,0.97668452162069,0.1866054041399043
wh-google-omaha-ne-1,2023-08-18,2,31.401083577186615,0.605097837204127,0.980830486994646,0.1855774051053342
wh-google-omaha-ne-1,2023-08-18,3,31.944634069563488,0.547798491740603,0.9785543163953344,0.1803932492877818
wh-google-omaha-ne-1,2023-08-18,4,32.142530647297725,0.5497976244909794,0.976795881777959,0.1844044438606631
wh-google-omaha-ne-1,2023-09-03,2,37.08739733409271,0.5420954788694545,0.9802682916913732,0.1774923122616847
wh-google-omaha-ne-1,2023-09-03,3,37.237631939941025,0.4670117095197283,0.9778977593418682,0.1781370165842093
wh-google-omaha-ne-1,2023-09-03,4,37.63512021083558,0.4823991702285878,0.975794658013417,0.1800768951724616
wh-google-omaha-ne-1,2023-09-19,4,18.301449756089667,0.5722695199516916,0.9657282978241158,0.130965037367832
wh-google-omaha-ne-1,2023-10-05,2,24.634609247141043,0.4415920657265822,0.9780932089715676,0.1513879949049186
wh-google-omaha-ne-1,2023-10-05,3,24.710634106117897,0.380917953986565,0.976225501045632,0.151034333335452
wh-google-omaha-ne-1,2023-10-05,4,25.07573377973265,0.411158799209291,0.974690151520444,0.1595293014744068
wh-google-omaha-ne-1,2023-10-21,2,23.896259460744517,0.4212058065668525,0.9775799519069251,0.1613270937099052
wh-google-omaha-ne-1,2023-10-21,3,23.67435795204928,0.3994235430632724,0.97611001479019,0.1522971840657205
wh-google-omaha-ne-1,2023-10-21,4,23.66193366242991,0.4346545658853452,0.9759932026356332,0.1506810553366937
wh-google-omaha-ne-1,2023-11-22,2,9.79922584008944,0.3374520347348213,0.9764151890051824,0.1523545858270882
wh-google-omaha-ne-1,2023-11-22,3,9.838397548501288,0.2977141483059617,0.9745393843785746,0.1515306280145545
wh-google-omaha-ne-1,2023-11-22,4,9.86697889507022,0.3195330337949065,0.9736197245114644,0.1489785117381349
wh-google-omaha-ne-1,2023-12-08,2,-1.0295352372952404,0.2550408300822371,0.974714387353672,0.1707852753086309
wh-google-omaha-ne-1,2023-12-08,3,3.330991094570671,0.24987324862004,0.973201313634022,0.1664560970401913
wh-google-omaha-ne-1,2023-12-08,4,5.456034328032532,0.2670514611344554,0.9720509144642584,0.1455858057868054
wh-google-omaha-ne-1,2024-02-26,3,23.665902029678225,0.2280966646728044,0.972852336794378,0.1640220384776582
wh-google-omaha-ne-1,2024-02-26,4,23.108265014767408,0.2427229070012061,0.973530337704666,0.1601703083507098
wh-google-omaha-ne-1,2024-04-14,3,36.9029787891239,0.3202494099641633,0.974414942339246,0.1800223915393306
wh-google-omaha-ne-1,2024-04-14,4,36.19894329967406,0.3332103209187653,0.9741273282527476,0.1810504572590014
wh-google-omaha-ne-1,2024-04-30,3,26.19394060519139,0.4117126779619532,0.9754856455484912,0.1685628353998954
wh-google-omaha-ne-1,2024-04-30,4,26.243233063533975,0.4272693282524286,0.9747979137237616,0.1712666776435059
wh-google-omaha-ne-1,2024-05-16,2,27.575578617195227,0.454457066635454,0.9785876954970886,0.1825556106047071
wh-google-omaha-ne-1,2024-05-16,3,28.470761905536577,0.453604722434482,0.9763838175087082,0.1735211270203605
wh-google-omaha-ne-1,2024-05-16,4,28.903551314991095,0.4738216428914514,0.9754027223901852,0.1774877855478735
wh-google-omaha-ne-1,2024-06-01,2,28.227212562931197,0.5642496804634475,0.979179104477612,0.20099941059269
wh-google-omaha-ne-1,2024-06-01,3,29.647551553550052,0.4973080092500738,0.9765745090266982,0.2125488118898757
wh-google-omaha-ne-1,2024-06-01,4,29.11887877734367,0.4680607710434788,0.9735320784167538,0.2224044649544254
wh-google-omaha-ne-1,2024-06-17,2,16.62381216000003,0.5826011522861791,0.979972222222222,0.1952807661111111
wh-google-omaha-ne-1,2024-06-17,3,21.499635016577574,0.5029422694145914,0.9779170254125632,0.1940185435933281
wh-google-omaha-ne-1,2024-06-17,4,21.39707518483123,0.5862213525890737,0.9792221828855204,0.1771165682882345
wh-google-omaha-ne-1,2024-08-04,2,40.52061786218289,0.5310924365554924,0.9795659994967998,0.1747311296121147
wh-google-omaha-ne-1,2024-08-04,3,40.51932807245823,0.517823345874968,0.9782166472220468,0.1804771562014161
wh-google-omaha-ne-1,2024-08-04,4,41.09970519542587,0.5150524220336878,0.9760295839105134,0.1822318813306217
wh-google-omaha-ne-1,2024-09-05,2,28.6818099704571,0.5306735445732976,0.9793887292459952,0.1970329264850771
wh-google-omaha-ne-1,2024-09-05,3,25.02656798304902,0.5533953919648777,0.977838291657648,0.1670106198582994
wh-google-omaha-ne-1,2024-09-05,4,25.524428525687668,0.572927330500761,0.9759349726740608,0.1191433583342834
wh-google-omaha-ne-1,2024-10-07,1,24.366494427502474,0.3471095320899484,0.9770828805237318,0.1481923565490998
wh-google-omaha-ne-1,2024-10-07,2,25.9366300624164,0.3793270477343141,0.9777021574378424,0.171033849493072
wh-google-omaha-ne-1,2024-10-07,3,26.561167615653183,0.3763607127356004,0.9763899212223524,0.1721626463711979
wh-google-omaha-ne-1,2024-10-07,4,26.305951996484637,0.4105447451717319,0.9751850579500848,0.1711093339011095
wh-google-omaha-ne-1,2024-10-23,2,22.194758153065415,0.3869174207821524,0.9772620967864468,0.1894950944888323
wh-google-omaha-ne-1,2024-10-23,3,22.181045234750925,0.3395187598301873,0.9752467866371196,0.1759657078306561
wh-google-omaha-ne-1,2024-10-23,4,21.692583601252064,0.3573506270544612,0.9741562679732302,0.177052228190237
wh-google-omaha-ne-1,2024-11-24,3,12.744991445795444,0.3027411630013364,0.9736528918791956,0.1617878771184231
wh-google-omaha-ne-1,2024-11-24,4,12.135699701328935,0.3189373393591283,0.9734416609729416,0.1641087308882937
wh-google-omaha-ne-1,2024-12-10,2,4.897794484096525,0.2910159712938385,0.9757564006435402,0.1498439823415593
wh-google-omaha-ne-1,2024-12-10,3,5.033143772797558,0.2655407688548937,0.9746690258090898,0.1440759750765039
wh-google-omaha-ne-1,2024-12-10,4,5.012382824227074,0.3136883728199191,0.9742205232218492,0.1457173475769623
wh-google-omaha-ne-1,2025-01-27,2,6.060146964972195,0.2234252578723188,0.9749483632652068,0.1598033517988893
wh-google-omaha-ne-1,2025-01-27,3,5.8487149514999395,0.2022909976374779,0.973362922794006,0.1550663730064117
wh-google-omaha-ne-1,2025-01-27,4,5.508251596100831,0.221464123964407,0.9734524925584211,0.1534468257093173
wh-google-omaha-ne-1,2025-02-28,2,18.446208872029004,0.2075325644829363,0.9738756068013044,0.1685225381403838
wh-google-omaha-ne-1,2025-02-28,3,17.947384082662396,0.1932843453667556,0.9729868767425612,0.1632998867317045
wh-google-omaha-ne-1,2025-02-28,4,17.78216473689532,0.1993686053611474,0.9723837756610711,0.1642138518735658
wh-google-omaha-ne-1,2025-03-16,2,12.5775688391442,0.2112098692566869,0.9742934689025954,0.1827832730542035
wh-google-omaha-ne-1,2025-03-16,3,11.66069420342263,0.2014789557965499,0.972925096255162,0.1788464220827637
wh-google-omaha-ne-1,2025-03-16,4,12.745843675989102,0.2023884050269283,0.97244054603295,0.1785795649022178
wh-google-omaha-ne-1,2025-05-03,3,27.1487414310179,0.4214953695954874,0.97559686497557,0.1721718834451004
wh-google-omaha-ne-1,2025-05-03,4,27.36715215834713,0.4182057786200324,0.9750788853818084,0.1766830712708947
wh-google-omaha-ne-1,2025-06-20,2,39.83710865324981,0.5308584472118304,0.9797654777030036,0.18681838754476
wh-google-omaha-ne-1,2025-06-20,3,39.771336548040146,0.521017848634533,0.9777437855551931,0.182613474717447
wh-google-omaha-ne-1,2025-06-20,4,40.01221781013631,0.5050907093542976,0.9760523867684444,0.188805757476647
wh-google-omaha-ne-1,2025-07-06,2,35.842726612499156,0.5901407504153443,0.9800579247542393,0.1830099046853574
wh-google-omaha-ne-1,2025-07-06,3,36.78099637782541,0.5300761263460019,0.9772101459883676,0.1780984912862482
wh-google-omaha-ne-1,2025-07-06,4,36.42303255060595,0.5628426191091834,0.9761700386550848,0.2133256848375341
wh-google-omaha-ne-1,2025-08-07,4,28.44310988519983,0.8085843393663448,0.9828837909749836,0.2662617886509588
wh-google-omaha-ne-1,2025-08-23,2,18.09944735000002,0.4614958606575581,0.978475,0.163405228125
wh-google-omaha-ne-1,2025-08-23,3,20.55569998164517,0.588332783335416,0.979031282852744,0.1810332936327416
wh-google-omaha-ne-1,2025-08-23,4,24.984851700846487,0.6126002097411168,0.9787123122184748,0.1996406491491909
wh-google-omaha-ne-1,2025-09-24,2,29.88927588644732,0.5007809322044869,0.979038723037953,0.1566134222225298
wh-google-omaha-ne-1,2025-09-24,3,29.819874198932386,0.4578285653473569,0.9771114228257034,0.1498052838635226
wh-google-omaha-ne-1,2025-09-24,4,29.79458469833617,0.4800246856372298,0.975753967587734,0.1575686779722418
wh-google-omaha-ne-1,2025-10-10,2,26.819571364629503,0.4909551470566403,0.9788551709648184,0.173361824586327
wh-google-omaha-ne-1,2025-10-10,3,26.284552687605583,0.4539773958403871,0.9770786053000994,0.1536966422821817
wh-google-omaha-ne-1,2025-10-10,4,26.573332571168084,0.4693552604950713,0.9756582513331632,0.1619224330973016
wh-google-omaha-ne-1,2025-10-26,2,20.461801527107703,0.43455963507636,0.9778715680237886,0.182199318279982
wh-google-omaha-ne-1,2025-10-26,3,20.222710389257372,0.4431217325614711,0.9768855113301412,0.1631054869877687
wh-google-omaha-ne-1,2025-10-26,4,19.29644842069718,0.4416315338323128,0.9747120738575192,0.1636671514379694
wh-google-omaha-ne-1,2025-11-11,2,14.767226760982854,0.4023695766139726,0.9771386022575178,0.1636455477416675
wh-google-omaha-ne-1,2025-11-11,3,14.405215277371717,0.3934297978113908,0.976312334240552,0.1614462439025791
wh-google-omaha-ne-1,2025-11-11,4,14.274263916747682,0.4155191521509835,0.97575925786995,0.1569084610255217
wh-google-omaha-ne-1,2025-12-29,2,-6.811629999266197,0.1872364769138321,0.9745461012428356,0.240176547598462
wh-google-omaha-ne-1,2025-12-29,3,-6.375409180456371,0.1981791824414804,0.9732708325058756,0.2153742779124766
wh-google-omaha-ne-1,2025-12-29,4,-6.26544321473123,0.2338907192214518,0.9727986061740524,0.1998759420138263
wh-google-omaha-ne-1,2026-01-14,2,0.9204527160592116,0.274985935474268,0.9749659786164382,0.1534875666257351
wh-google-omaha-ne-1,2026-01-14,3,1.1739619262610663,0.2601270472608626,0.974465427623035,0.1514152002274703
wh-google-omaha-ne-1,2026-01-14,4,1.1036531692137783,0.2727586421036875,0.973397231734166,0.1519990190114554
wh-google-omaha-ne-1,2026-02-15,2,20.31810026301505,0.2345424209242013,0.9756816358968088,0.1771223004633818
wh-google-omaha-ne-1,2026-02-15,3,18.733674709059457,0.2287437278230687,0.9737684357192607,0.1697114109596888
wh-google-omaha-ne-1,2026-02-15,4,18.671595537508157,0.2294510510478071,0.9727299974563454,0.1697111263109784
wh-google-omaha-ne-1,2026-03-19,3,29.05160297878096,0.2615411943572659,0.9737431037415258,0.1859855366624
wh-google-omaha-ne-1,2026-03-19,4,29.78473205406563,0.2678860847611998,0.9745769768857948,0.1716152677020732
wh-google-omaha-ne-1,2026-04-20,3,28.60061183532999,0.4291445923711239,0.9754861677737586,0.1889122028213929
wh-google-omaha-ne-1,2026-04-20,4,28.19495841841923,0.4107991189418777,0.975959680841598,0.1744404657628086
wh-google-omaha-ne-1,2026-05-06,3,19.49623076176076,0.4338357551615727,0.9748952136547004,0.2121765031416719
wh-google-omaha-ne-1,2026-05-06,4,22.261048253079423,0.4263101761457399,0.9740094905909604,0.2116759912833372
wh-google-omaha-ne-1,2026-07-09,2,32.26965376674856,0.5674659370523649,0.9776753189209412,0.2011514746059836
wh-google-omaha-ne-1,2026-07-09,3,34.60374706386322,0.5457842481425603,0.977787497773774,0.2204186249639852
wh-google-omaha-ne-1,2026-07-09,4,33.08471247642593,0.5778382657731189,0.977409212045616,0.2076769264724943
wh-google-omaha-ne-1,2026-07-25,2,38.54337383789568,0.5475355854744884,0.9798153388689972,0.1727591189848518
wh-google-omaha-ne-1,2026-07-25,3,38.8726050695507,0.5199217503879865,0.9781598394187146,0.1748700479462422
wh-google-omaha-ne-1,2026-07-25,4,39.199963186462696,0.5219184116419849,0.9761247979287992,0.1783313371392528
wh-google-omaha-ne-1,2026-08-10,3,27.272096658331332,0.6653022362820633,0.9813875453446194,0.1307983505592503
wh-google-omaha-ne-1,2026-08-10,4,33.383145778132864,0.6130220580333298,0.9795556565497904,0.1568356878835381
wh-google-omaha-ne-1,2026-08-26,2,30.99809717095936,0.5888758802428194,0.9807057293855808,0.1761289931961336
wh-google-omaha-ne-1,2026-08-26,3,31.354163797660696,0.5745497448138039,0.9792115878122932,0.1784018845713787
wh-google-omaha-ne-1,2026-08-26,4,32.328694291909464,0.5583160781463997,0.9767310088714144,0.1749723177937347
wh-google-omaha-ne-1,2026-09-11,2,31.95174282343756,0.5392399654612915,0.98015349866447,0.1725731191833707
wh-google-omaha-ne-1,2026-09-11,3,31.838787624459886,0.5433686233574745,0.9784821803800314,0.177379203481868
wh-google-omaha-ne-1,2026-09-11,4,32.43508373486395,0.5203847961497962,0.9764476606851756,0.1771309100489979
wh-google-omaha-ne-1,2013-03-30,0,23.619225980740307,0.2213597204652737,0.966951275870366,0.1242345815815706
wh-google-omaha-ne-1,2013-03-30,1,22.926248851771525,0.2603971240278351,0.9702851169494856,0.1559726005969501
wh-google-omaha-ne-1,2013-03-30,2,23.0541785177105,0.268552169089393,0.9707666209772642,0.1626836597250618
wh-google-omaha-ne-1,2013-03-30,3,22.887176096656148,0.2821297789642754,0.971423008308506,0.160593148836476
wh-google-omaha-ne-1,2013-03-30,4,22.73698693866878,0.2426984951099901,0.970837548483477,0.1704907537525766
wh-google-omaha-ne-1,2021-11-21,0,12.389401667113171,0.3789754058634578,0.9675733677206853,0.1500265186958413
wh-google-omaha-ne-1,2021-11-21,1,11.581529330824427,0.344542989695374,0.9736121289865596,0.1614929400739642
wh-google-omaha-ne-1,2021-11-21,2,11.525896317956883,0.3370356714374173,0.9729741316385804,0.1618256178986756
wh-google-omaha-ne-1,2021-11-21,3,11.428777063125748,0.3826161228757324,0.9753360603855888,0.1601552319789384
wh-google-omaha-ne-1,2021-11-21,4,11.434980764645278,0.3634969256557299,0.9741341753903758,0.153832771993796
wh-google-omaha-ne-1,2022-01-11,2,1.1451176332022923,0.2308473846743978,0.9761073033707864,0.2024700921839888
wh-google-omaha-ne-1,2022-01-11,3,-0.4399434462269099,0.2273397074833483,0.9725797814517044,0.1999874409544502
wh-google-omaha-ne-1,2022-01-11,4,-2.09830068744898,0.3063369923987513,0.9760543433417372,0.1809631513081596
wh-google-omaha-ne-1,2022-02-28,0,18.14261026527508,0.2145157147956454,0.9666756296530968,0.1431449388568371
wh-google-omaha-ne-1,2022-02-28,1,16.07627882225683,0.2166278888577404,0.9729827612860336,0.1567104324066741
wh-google-omaha-ne-1,2022-02-28,2,15.837015995330152,0.2124977693955839,0.972680798650537,0.1500786467435792
wh-google-omaha-ne-1,2022-02-28,3,15.644795096558298,0.2365601521608502,0.9734781415854848,0.1465310897492093
wh-google-omaha-ne-1,2022-02-28,4,15.478366677664486,0.2369657618371707,0.9733209063791683,0.1359785326619102
wh-google-omaha-ne-1,2022-04-01,0,11.90772863628422,0.2009413243218543,0.9663486864504922,0.1827487207780403
wh-google-omaha-ne-1,2022-04-01,1,10.466904430769196,0.1962491565898528,0.9709039327671908,0.1935401733326397
wh-google-omaha-ne-1,2022-04-01,2,10.839970578759136,0.2028424532595807,0.9710817533161392,0.1897702017174947
wh-google-omaha-ne-1,2022-04-01,3,11.219118661512264,0.2392568632442454,0.9720813602293644,0.1889969610564323
wh-google-omaha-ne-1,2022-04-01,4,11.558838861146274,0.2203766866705682,0.9717310335482918,0.1857065205602395
wh-google-omaha-ne-1,2022-05-19,0,39.46606882241572,0.483341157663771,0.9668373082562762,0.1683815812401659
wh-google-omaha-ne-1,2022-05-19,1,37.4512840587863,0.4132024641492605,0.9729005414902728,0.1976248850600864
wh-google-omaha-ne-1,2022-05-19,2,37.79424936975022,0.4097212939708978,0.972584208679209,0.1888580245951721
wh-google-omaha-ne-1,2022-05-19,3,37.71570652494819,0.4757481805609446,0.9742589211157652,0.1842622981301769
wh-google-omaha-ne-1,2022-05-19,4,38.29439977352079,0.4429319124780737,0.9734572600520126,0.1879973242097282
wh-google-omaha-ne-1,2022-06-20,0,44.71164393204127,0.5162591378776312,0.9669638125848392,0.1708552065915921
wh-google-omaha-ne-1,2022-06-20,1,42.188372714528064,0.5254346710555137,0.9751319231442388,0.2041396398976258
wh-google-omaha-ne-1,2022-06-20,2,42.934158508892246,0.4867946483669385,0.9738743125890792,0.196981981814417
wh-google-omaha-ne-1,2022-06-20,3,43.13666345073764,0.5127504623482421,0.9749333721058724,0.1884245178944913
wh-google-omaha-ne-1,2022-06-20,4,43.90715927468431,0.4888686581208045,0.9741436759433086,0.1896229756434763
wh-google-omaha-ne-1,2022-08-07,0,46.46528317408397,0.4065992040125418,0.9667276169982922,0.2087889086706069
wh-google-omaha-ne-1,2022-08-07,1,44.66855631120699,0.4656324163495247,0.9734084789980958,0.1958076613666748
wh-google-omaha-ne-1,2022-08-07,2,45.70326620939281,0.4356025104756906,0.9726581384343748,0.1884104460535852
wh-google-omaha-ne-1,2022-08-07,3,45.477736541446184,0.4614243445371284,0.9739443484975896,0.1830412273856509
wh-google-omaha-ne-1,2022-08-07,4,46.4834345171081,0.4300439457529678,0.9731736282077288,0.1850959994563075
wh-google-omaha-ne-1,2022-08-23,0,39.84689854350086,0.4228660622863555,0.9668196181241274,0.1939977710099711
wh-google-omaha-ne-1,2022-08-23,1,38.798124798189285,0.4694285169917637,0.9739067277219418,0.175740149506539
wh-google-omaha-ne-1,2022-08-23,2,39.63416314243351,0.4485455789007285,0.9731868762482084,0.1736928473916168
wh-google-omaha-ne-1,2022-08-23,3,39.485063487440506,0.4800277656049894,0.97463526380536,0.1709677608676509
wh-google-omaha-ne-1,2022-08-23,4,40.244360249308514,0.4488149283759454,0.9737028234033464,0.1726207745932245
wh-google-omaha-ne-1,2022-09-08,0,35.35278244153814,0.442697359539617,0.9667892423767864,0.1912836081169619
wh-google-omaha-ne-1,2022-09-08,1,34.26177851586419,0.4757206144121928,0.9736687358642918,0.1737960356743997
wh-google-omaha-ne-1,2022-09-08,2,34.781496766507765,0.4501215342450075,0.9731390249848952,0.1740164300824004
wh-google-omaha-ne-1,2022-09-08,3,34.567975426921066,0.4889923682258198,0.974710051180126,0.1712479999122878
wh-google-omaha-ne-1,2022-09-08,4,35.202747003160596,0.4605899222977413,0.9737155642830584,0.1715019622953375
wh-google-omaha-ne-1,2022-09-24,0,31.47020421011863,0.4696626303665995,0.9668561487372984,0.1906795345304295
wh-google-omaha-ne-1,2022-09-24,1,30.99668279173299,0.4518964088834136,0.9732487806291188,0.1726279710856793
wh-google-omaha-ne-1,2022-09-24,2,31.311286777142595,0.4503503318740954,0.9730363898785116,0.16821270100909
wh-google-omaha-ne-1,2022-09-24,3,31.11107323901651,0.5058016774423114,0.9748158028285708,0.1623298421111534
wh-google-omaha-ne-1,2022-09-24,4,31.48384804431179,0.4737768536780048,0.973868763776952,0.1631647741363113
wh-google-omaha-ne-1,2022-10-10,0,30.22267065151427,0.4144271485017083,0.9667499316781788,0.1934831305209824
wh-google-omaha-ne-1,2022-10-10,1,29.73038947611885,0.3935534172806811,0.9728221591697648,0.176474776545614
wh-google-omaha-ne-1,2022-10-10,2,29.722747619763492,0.4011128675006013,0.972694342397982,0.1721273099632849
wh-google-omaha-ne-1,2022-10-10,3,29.17627467095244,0.4509400004899679,0.9744119497084476,0.1675670500415606
wh-google-omaha-ne-1,2022-10-10,4,29.426503157329265,0.421571786252268,0.9735008053977228,0.1655397032887011
wh-google-omaha-ne-1,2022-10-26,0,14.704085090383668,0.3300059555879329,0.9665581707001548,0.2055962947016081
wh-google-omaha-ne-1,2022-10-26,1,14.282707098946988,0.3092396461522633,0.9717966106879582,0.1853447999888652
wh-google-omaha-ne-1,2022-10-26,2,14.756869003417185,0.3229098308087754,0.9716863776841242,0.1815747795224018
wh-google-omaha-ne-1,2022-10-26,3,14.62173213704376,0.3728714002564492,0.9732698027178748,0.1729852125597898
wh-google-omaha-ne-1,2022-10-26,4,14.935188683660936,0.3447663832985881,0.9727083440052838,0.1727479110985383
wh-google-omaha-ne-1,2022-11-11,0,3.3988776262942975,0.3337634757578294,0.9665958902676004,0.1909359231386875
wh-google-omaha-ne-1,2022-11-11,1,3.2571853800334,0.3116387488900581,0.9719025008800496,0.1710852322284257
wh-google-omaha-ne-1,2022-11-11,2,3.5413080500863305,0.3221206406490134,0.971926208424772,0.1682808345751047
wh-google-omaha-ne-1,2022-11-11,3,3.70479945927971,0.362523425405316,0.97365558903126,0.1627315327518405
wh-google-omaha-ne-1,2022-11-11,4,3.5528112360531003,0.3308641965546105,0.972748585603666,0.1626954826230824
wh-google-omaha-ne-1,2022-11-27,2,-0.5828264522305265,0.5427204359073103,0.97762053314121,0.1823300137975939
wh-google-omaha-ne-1,2022-11-27,3,0.5092891282311706,0.3750939561203115,0.975338745112289,0.2285508428801532
wh-google-omaha-ne-1,2022-11-27,4,0.6423579004685612,0.3553225531159065,0.9733803358131918,0.1929678315552493
wh-google-omaha-ne-1,2022-12-29,0,6.815591205023241,0.2445995295893769,0.9666058075821378,0.1813264484051282
wh-google-omaha-ne-1,2022-12-29,1,6.512014493399255,0.244035321701948,0.97165710100635,0.1497755862328255
wh-google-omaha-ne-1,2022-12-29,2,6.524841692199212,0.2501243835072699,0.971601418688427,0.1459032538596925
wh-google-omaha-ne-1,2022-12-29,3,6.585348853335383,0.2799800547723916,0.9733355540837132,0.1421294207991355
wh-google-omaha-ne-1,2022-12-29,4,6.662064873524198,0.2598692728549737,0.9723073362467513,0.1364565334927827
wh-google-omaha-ne-1,2023-01-30,0,-9.929164208044424,0.247237575242249,0.9659730682023906,0.1962464933750955
wh-google-omaha-ne-1,2023-01-30,1,-9.870197505351411,0.2066890038183848,0.968737549118214,0.213698584998259
wh-google-omaha-ne-1,2023-01-30,2,-9.56187281200929,0.2189415202012768,0.969639958315858,0.2140774807455895
wh-google-omaha-ne-1,2023-01-30,3,-9.813297816244027,0.2031510507378991,0.9706107181549388,0.2375731265094069
wh-google-omaha-ne-1,2023-01-30,4,-9.9951427697547,0.2123368874275825,0.9708984046955088,0.2264256930662464
wh-google-omaha-ne-1,2023-03-03,0,14.755223933447107,0.1841909763226193,0.9663891506757324,0.1952296162121903
wh-google-omaha-ne-1,2023-03-03,1,13.931405120448062,0.1910995963320886,0.9708491542373388,0.1637890245005949
wh-google-omaha-ne-1,2023-03-03,2,14.34050801858602,0.1974335499081565,0.9709434386219576,0.1588827026812292
wh-google-omaha-ne-1,2023-03-03,3,14.376837421163316,0.2173413660403122,0.9724653150633564,0.1575500769703965
wh-google-omaha-ne-1,2023-03-03,4,14.482074055922723,0.1977451366577452,0.9718418458445994,0.1606220310624709
wh-google-omaha-ne-1,2023-03-19,0,11.103707273894091,0.1782426713166165,0.9663729391095952,0.2048996731735373
wh-google-omaha-ne-1,2023-03-19,1,10.314234648457267,0.1840645787352581,0.970774021792322,0.1756962883464697
wh-google-omaha-ne-1,2023-03-19,2,10.11638802942343,0.189457166011189,0.9708907821625884,0.1690585468008528
wh-google-omaha-ne-1,2023-03-19,3,10.33154804366107,0.2079643498132689,0.97244001875552,0.1673047949521224
wh-google-omaha-ne-1,2023-03-19,4,10.56610152653063,0.1886351018283147,0.9717649893453942,0.1702237897446803
wh-google-omaha-ne-1,2023-04-04,0,29.88171576126885,0.2227350251272424,0.9665495217691884,0.212625737843574
wh-google-omaha-ne-1,2023-04-04,1,29.90651324729164,0.2253312141328386,0.9719627026856296,0.1810912302324917
wh-google-omaha-ne-1,2023-04-04,2,29.44759968657676,0.2263399176624555,0.971602347748985,0.1781569277408635
wh-google-omaha-ne-1,2023-04-04,3,28.60398432607528,0.25170492894551,0.9727548081151614,0.1775850216892752
wh-google-omaha-ne-1,2023-04-04,4,28.647336326515713,0.2356871097147046,0.9725107416809112,0.1767378625487653
wh-google-omaha-ne-1,2023-05-22,0,39.84679382172743,0.4135599932201154,0.966754600714546,0.2017468048382746
wh-google-omaha-ne-1,2023-05-22,1,39.63345703608229,0.3866860991796219,0.9730642764060208,0.19500702757645
wh-google-omaha-ne-1,2023-05-22,2,39.05772366170505,0.3934452886790312,0.9727542882539578,0.1875382093651662
wh-google-omaha-ne-1,2023-05-22,3,38.40089209566244,0.4460857015761078,0.9742287349154074,0.1836441269514094
wh-google-omaha-ne-1,2023-05-22,4,38.74619909562398,0.4185631440976197,0.97348010568633,0.1839809502961081
wh-google-omaha-ne-1,2023-06-07,0,44.11240684331295,0.4091579129627026,0.9668064454038284,0.1992585237600832
wh-google-omaha-ne-1,2023-06-07,1,43.828675734893146,0.3950242440928208,0.9731221730915616,0.1947538627088167
wh-google-omaha-ne-1,2023-06-07,2,43.765199656398494,0.4045388728072726,0.9728497621398068,0.1877492165940533
wh-google-omaha-ne-1,2023-06-07,3,42.715694295348264,0.450181820123282,0.9744922039472212,0.1835414882250881
wh-google-omaha-ne-1,2023-06-07,4,43.14218560258816,0.4250975343025117,0.973666986901282,0.1854739269693682
wh-google-omaha-ne-1,2023-06-23,0,43.42862297447349,0.4421207969867071,0.9668616344578098,0.2057953393513058
wh-google-omaha-ne-1,2023-06-23,1,42.84049964903016,0.435262825476821,0.9737582899015892,0.1996916682468768
wh-google-omaha-ne-1,2023-06-23,2,43.40923972685926,0.4211952900423122,0.9730140848296532,0.1921339434905427
wh-google-omaha-ne-1,2023-06-23,3,42.570828075410695,0.4642221105268327,0.9743869221655772,0.1878437352245875
wh-google-omaha-ne-1,2023-06-23,4,43.225400188124745,0.4349851582436692,0.9737305238179736,0.1889762648571893
wh-google-omaha-ne-1,2023-07-09,0,38.19415619893045,0.3538817559622749,0.9645893178717596,0.1416556309863575
wh-google-omaha-ne-1,2023-07-09,1,37.154616201492814,0.3195597891398563,0.9664892875256352,0.2503732628146707
wh-google-omaha-ne-1,2023-07-09,2,36.32337282948187,0.457781508940306,0.9718014785151952,0.2046828861820842
wh-google-omaha-ne-1,2023-07-09,3,36.37185864615613,0.5154655870529835,0.974823133108108,0.1901602837825283
wh-google-omaha-ne-1,2023-07-09,4,37.84610116847257,0.4601892551939567,0.9728773280576688,0.1955888610749186
wh-google-omaha-ne-1,2023-08-10,0,37.49581602890161,0.541017176830424,0.967008403357533,0.1972529265742958
wh-google-omaha-ne-1,2023-08-10,1,36.03122837967532,0.5810370971898297,0.9753283594983848,0.1974672838521244
wh-google-omaha-ne-1,2023-08-10,2,37.35757393832801,0.5506954052813143,0.974479998727076,0.183145481645453
wh-google-omaha-ne-1,2023-08-10,3,37.38488768499657,0.5675316643577765,0.9755861797737828,0.1776990669691727
wh-google-omaha-ne-1,2023-08-10,4,38.11599556499821,0.5310288769978728,0.9745569529535067,0.1792460126867945
wh-google-omaha-ne-1,2023-08-26,4,22.506881854441737,0.4898092591294002,0.9709595147660344,0.1813492548333203
wh-google-omaha-ne-1,2023-09-27,0,33.56384364492217,0.3785677833981715,0.9667122166687134,0.1827960777469003
wh-google-omaha-ne-1,2023-09-27,1,32.75748389926949,0.3690554216775156,0.9724940441789156,0.1638515804223634
wh-google-omaha-ne-1,2023-09-27,2,32.23128291405835,0.4146777990615088,0.9727967449819672,0.1601776480913401
wh-google-omaha-ne-1,2023-09-27,3,31.44420731089844,0.4612194908210906,0.9744037938795364,0.1588186477395984
wh-google-omaha-ne-1,2023-09-27,4,31.924461237509895,0.4294216359579705,0.9734668683166712,0.1612629777768839
wh-google-omaha-ne-1,2023-11-14,0,16.958289149435508,0.3070330203215459,0.966508771977614,0.1804740261631847
wh-google-omaha-ne-1,2023-11-14,1,16.312534042849244,0.2827953330392837,0.9716001308174308,0.1706109185341766
wh-google-omaha-ne-1,2023-11-14,2,15.85106080054803,0.3127719673913517,0.9723454037733418,0.1682957010176146
wh-google-omaha-ne-1,2023-11-14,3,15.824802598667574,0.3395510714547074,0.9734233455996412,0.1692611051045437
wh-google-omaha-ne-1,2023-11-14,4,16.324665074656142,0.323705727423738,0.97299282646886,0.164793657749323
wh-google-omaha-ne-1,2023-11-30,0,7.804924363399589,0.3117671518920069,0.9665103440605444,0.1757885577412145
wh-google-omaha-ne-1,2023-11-30,1,7.368060909445225,0.2809197655047399,0.9714111366240396,0.1573001620775652
wh-google-omaha-ne-1,2023-11-30,2,7.437013227184454,0.304474289680512,0.9716573779356876,0.1533988213715336
wh-google-omaha-ne-1,2023-11-30,3,7.518457146244067,0.3379582078005789,0.97338034537201,0.1509391086156902
wh-google-omaha-ne-1,2023-11-30,4,7.509234975964056,0.3086620122127741,0.9724890548392398,0.1486826320098849
wh-google-omaha-ne-1,2024-01-01,0,2.104493465959952,0.2540445355683525,0.9664535320794838,0.1736755219226123
wh-google-omaha-ne-1,2024-01-01,1,1.712881862314796,0.2500158302683424,0.9711267358266112,0.1498705638196247
wh-google-omaha-ne-1,2024-01-01,2,1.6306127244829682,0.275482444205652,0.9714002144889784,0.1433671557431427
wh-google-omaha-ne-1,2024-01-01,3,1.547661724567295,0.304009765661781,0.972920125363956,0.1411227642782813
wh-google-omaha-ne-1,2024-01-01,4,1.3883876090043636,0.2768384367702513,0.9721893200120534,0.1400993570134777
wh-google-omaha-ne-1,2024-02-02,0,12.281617393879657,0.1989962467985868,0.9663999913746576,0.1803326352682935
wh-google-omaha-ne-1,2024-02-02,1,11.781326247109853,0.2143974873125868,0.9707512259961772,0.1471476938750095
wh-google-omaha-ne-1,2024-02-02,2,11.631817085515303,0.2324803319664419,0.9709456152534968,0.1418786791648937
wh-google-omaha-ne-1,2024-02-02,3,11.693036980310628,0.2623701255045818,0.9726660967143418,0.1403201529929054
wh-google-omaha-ne-1,2024-02-02,4,11.807299362244532,0.2428659112531446,0.9719297250652048,0.1360523057369247
wh-google-omaha-ne-1,2024-02-18,0,11.607244038664003,0.215840083386387,0.9663194637758176,0.1873997574205333
wh-google-omaha-ne-1,2024-02-18,1,10.983759749198295,0.220283846317753,0.9704766896050494,0.1622515078048357
wh-google-omaha-ne-1,2024-02-18,2,10.715571121648113,0.2366299135335201,0.9707773599952956,0.1560653922511188
wh-google-omaha-ne-1,2024-02-18,3,10.624748922551534,0.2641858904993231,0.9722435256994006,0.1519088616692646
wh-google-omaha-ne-1,2024-02-18,4,10.428034817577748,0.2393981374594558,0.9716155042005648,0.1523368979602812
wh-google-omaha-ne-1,2024-03-05,2,4.203487040000027,0.3663534527946572,0.9776,0.2202752624999999
wh-google-omaha-ne-1,2024-03-05,3,7.356321199416328,0.2657781002501245,0.9754989447519236,0.2109691883984788
wh-google-omaha-ne-1,2024-03-05,4,9.018538509594547,0.2396424914425027,0.9736445603594232,0.195304054824643
wh-google-omaha-ne-1,2024-03-21,0,16.82682456318493,0.256817422903182,0.9664327145782008,0.1939210590958822
wh-google-omaha-ne-1,2024-03-21,1,16.7145879444265,0.2652117476844696,0.9720532379008122,0.1760538905967763
wh-google-omaha-ne-1,2024-03-21,2,15.756309964440202,0.2707679413867513,0.9719089232068768,0.1718316666004435
wh-google-omaha-ne-1,2024-03-21,3,14.777502073453874,0.305659910849143,0.9730481788197588,0.1734021635667544
wh-google-omaha-ne-1,2024-03-21,4,14.931901786593617,0.2734029749616461,0.9723344256483843,0.1757800128346059
wh-google-omaha-ne-1,2024-04-06,0,23.27386769200076,0.3068293203908905,0.9665285421802194,0.1999220455831303
wh-google-omaha-ne-1,2024-04-06,1,23.64192209738816,0.302688986411977,0.9718139859262684,0.1814950914657827
wh-google-omaha-ne-1,2024-04-06,2,23.339655329394596,0.307304182988965,0.971929972655068,0.1732819342323583
wh-google-omaha-ne-1,2024-04-06,3,23.045941019783623,0.3434565488206771,0.9733924275004796,0.1693520121373623
wh-google-omaha-ne-1,2024-04-06,4,23.38356626088235,0.314632797931938,0.972627915225648,0.1707477493934852
wh-google-omaha-ne-1,2024-04-22,0,27.353168668721334,0.3752647854130568,0.966700498000285,0.2106178275327989
wh-google-omaha-ne-1,2024-04-22,1,26.71059433067273,0.3395455015271969,0.9722022510346016,0.1968033107599903
wh-google-omaha-ne-1,2024-04-22,2,25.950106889145733,0.3518927125271406,0.97236428121395,0.1876043519182652
wh-google-omaha-ne-1,2024-04-22,3,25.382221323149125,0.3917162216046252,0.9737556089570106,0.1818339943869703
wh-google-omaha-ne-1,2024-04-22,4,24.97417789999926,0.3632012357997899,0.973022606587999,0.1870008043432709
wh-google-omaha-ne-1,2024-05-08,3,26.620755308940662,0.4767609481335794,0.9757269920371024,0.2399044126904172
wh-google-omaha-ne-1,2024-05-08,4,28.20092448324156,0.4765941372997243,0.9763964692949588,0.2078804039801153
wh-google-omaha-ne-1,2024-05-24,0,29.785229494133233,0.4829123891339962,0.9669126034474184,0.1933993758939831
wh-google-omaha-ne-1,2024-05-24,1,28.956688882826136,0.4561888789650217,0.9734304538340685,0.1824540113533043
wh-google-omaha-ne-1,2024-05-24,2,29.256686536306812,0.4733335107893304,0.973416697846316,0.1773671715299358
wh-google-omaha-ne-1,2024-05-24,3,29.569732841790294,0.5181876078647824,0.9746749047611653,0.1763763684891968
wh-google-omaha-ne-1,2024-05-24,4,30.464404923602697,0.4841142094007193,0.9738980625704082,0.1789283605083257
wh-google-omaha-ne-1,2024-06-09,0,37.82640899756548,0.4917520557132919,0.9669727575233488,0.2032331781758979
wh-google-omaha-ne-1,2024-06-09,1,36.72931282400974,0.5169739830191755,0.9747978552494688,0.195952546575297
wh-google-omaha-ne-1,2024-06-09,2,37.443013511646285,0.5008006228465728,0.9739961406204214,0.1891792432981424
wh-google-omaha-ne-1,2024-06-09,3,37.59951846294913,0.5147884283354224,0.9749064032912782,0.187329855779591
wh-google-omaha-ne-1,2024-06-09,4,38.331548148902606,0.4882884405733112,0.9740483238533028,0.1885588831809351
wh-google-omaha-ne-1,2024-06-25,0,42.79728749253043,0.4929553103426006,0.966839955872838,0.2012946802772593
wh-google-omaha-ne-1,2024-06-25,1,41.96765174716257,0.4784747799083719,0.9728640851948998,0.2119551250126072
wh-google-omaha-ne-1,2024-06-25,2,41.43355787903854,0.4799144366961851,0.9736575337802318,0.2131747510136029
wh-google-omaha-ne-1,2024-06-25,3,41.707461565610664,0.5006276998076327,0.9749042272905316,0.2046963557073598
wh-google-omaha-ne-1,2024-06-25,4,41.936520123385726,0.5092340773837122,0.9749823496711088,0.2016086514132981
wh-google-omaha-ne-1,2024-07-11,0,38.65211195655386,0.5206564570793629,0.9669932386361092,0.200443891437028
wh-google-omaha-ne-1,2024-07-11,1,37.085041487459435,0.5648588456647111,0.9753998609989591,0.1926227922545637
wh-google-omaha-ne-1,2024-07-11,2,38.879833821552914,0.5191850507995321,0.9743454080019492,0.1852041883077071
wh-google-omaha-ne-1,2024-07-11,3,38.97831008927959,0.5511414726237156,0.9754560158687628,0.1843945403264972
wh-google-omaha-ne-1,2024-07-11,4,39.838652562563475,0.5154342387516687,0.9745175748273563,0.1869781127927725
wh-google-omaha-ne-1,2024-07-27,0,38.27043521930315,0.5151706089259357,0.9668666326885358,0.204334035333025
wh-google-omaha-ne-1,2024-07-27,1,36.36081890895266,0.5718131372948374,0.9752406134537456,0.1919117414411512
wh-google-omaha-ne-1,2024-07-27,2,37.962100137137526,0.5161599213678377,0.9743009201852472,0.1872858106780859
wh-google-omaha-ne-1,2024-07-27,3,37.93368399655539,0.5337384426817526,0.9749754332132556,0.1867161641310609
wh-google-omaha-ne-1,2024-07-27,4,38.65746903465755,0.4812606579325982,0.9733068997391324,0.1932789168870596
wh-google-omaha-ne-1,2024-08-28,0,40.04189726645705,0.5135773925186959,0.9669379338208968,0.1876381771262953
wh-google-omaha-ne-1,2024-08-28,1,38.9168823595452,0.5405272786447033,0.9748026208196624,0.1737256777792296
wh-google-omaha-ne-1,2024-08-28,2,39.87918812824695,0.5098520881774333,0.9739990318595684,0.1706767512725774
wh-google-omaha-ne-1,2024-08-28,3,39.580934058372314,0.5435529003089334,0.9752593801879328,0.1717743167614716
wh-google-omaha-ne-1,2024-08-28,4,40.43952238846501,0.5033347820582387,0.9742368860609808,0.1728257686390371
wh-google-omaha-ne-1,2024-09-13,0,36.113131007302215,0.465927105504234,0.9668630090656968,0.1881433928582696
wh-google-omaha-ne-1,2024-09-13,1,34.856023155197526,0.469174036066622,0.9741851076748318,0.17219964218078
wh-google-omaha-ne-1,2024-09-13,2,35.514668380087606,0.4533266299248124,0.9734587028908676,0.1744720257897604
wh-google-omaha-ne-1,2024-09-13,3,35.00414962859606,0.5000277331364439,0.974906270226133,0.1753778151652358
wh-google-omaha-ne-1,2024-09-13,4,35.41230841737347,0.4651366665483081,0.9739462337747656,0.1755277322638014
wh-google-omaha-ne-1,2024-09-29,0,34.75078058316728,0.4116087802312351,0.9667898320781222,0.1816250862464081
wh-google-omaha-ne-1,2024-09-29,1,33.472560801206434,0.408484543012893,0.9729958618612252,0.1646429367314144
wh-google-omaha-ne-1,2024-09-29,2,34.288882083934595,0.4073505736580338,0.9728060399734092,0.1667392341605305
wh-google-omaha-ne-1,2024-09-29,3,33.94203129895477,0.4568332423362412,0.9744536741647284,0.1646959283490205
wh-google-omaha-ne-1,2024-09-29,4,34.318776532672295,0.4229646681333593,0.973545776206052,0.1657098991829079
wh-google-omaha-ne-1,2024-10-15,0,19.758686088887465,0.3570023958385279,0.966667536464792,0.1848031098591459
wh-google-omaha-ne-1,2024-10-15,1,18.55007857570281,0.3682133259749479,0.9724976836355332,0.166714651910414
wh-google-omaha-ne-1,2024-10-15,2,18.88610119064176,0.37376600566993,0.9725603265631269,0.1689010323788946
wh-google-omaha-ne-1,2024-10-15,3,18.818061278963206,0.4177782356213215,0.9739590885889732,0.1686966089437873
wh-google-omaha-ne-1,2024-10-15,4,19.0196859478789,0.3860405555406859,0.9731736552058372,0.1683423254696578
wh-google-omaha-ne-1,2024-10-31,0,14.3913443510659,0.3112458115104203,0.966733518751553,0.2062458881120593
wh-google-omaha-ne-1,2024-10-31,1,13.210269388839691,0.3219136921335503,0.9729505890503476,0.1779293923674785
wh-google-omaha-ne-1,2024-10-31,2,14.192642584328556,0.3367263431334024,0.9719730731051288,0.1570013575497758
wh-google-omaha-ne-1,2024-10-31,3,14.48591935230636,0.391830561025258,0.9737739277757334,0.1579724009978025
wh-google-omaha-ne-1,2024-10-31,4,14.404474783247371,0.3518762294965291,0.972888601227328,0.1603961037824034
wh-google-omaha-ne-1,2024-12-02,4,-3.611883966382196,0.3075419892831708,0.9732679157268472,0.1290070824648047
wh-google-omaha-ne-1,2024-12-18,0,3.5027481745064004,0.2599461891549512,0.9664183719885094,0.1701641776716103
wh-google-omaha-ne-1,2024-12-18,1,2.933531883780447,0.2620761694332739,0.9713776614883554,0.1501355596062683
wh-google-omaha-ne-1,2024-12-18,2,2.9616498045991406,0.2816462729744174,0.9716718531222668,0.1436664118170134
wh-google-omaha-ne-1,2024-12-18,3,3.0326289955809367,0.3227404817889049,0.9732505754059996,0.1409407354357617
wh-google-omaha-ne-1,2024-12-18,4,2.978721103333546,0.2899465090633619,0.9723793622194016,0.1415741435896814
wh-google-omaha-ne-1,2025-01-19,0,-8.816313337848419,0.2033492760616995,0.9664194431567222,0.1768291549989771
wh-google-omaha-ne-1,2025-01-19,1,-9.027782857502949,0.2055882900402553,0.9709358034931154,0.1584811371470838
wh-google-omaha-ne-1,2025-01-19,2,-8.949791459414724,0.2164890821331448,0.971047476571994,0.1512547551526931
wh-google-omaha-ne-1,2025-01-19,3,-8.710748844726316,0.2483961882927515,0.9726462861913682,0.147066774373937
wh-google-omaha-ne-1,2025-01-19,4,-8.858361131527955,0.2233497039767888,0.971957802929361,0.147743266562923
wh-google-omaha-ne-1,2025-02-20,0,-10.642673465710423,0.0066159624540801,0.9892861831024766,0.6103298279030872
wh-google-omaha-ne-1,2025-02-20,1,-11.158353603608514,-0.0075594429194023,0.9887033221104994,0.6198782608235476
wh-google-omaha-ne-1,2025-02-20,2,-10.935393170743492,-0.0035874499876966,0.9882370135369,0.5941969317339878
wh-google-omaha-ne-1,2025-02-20,3,-11.117533098983458,-0.0002550109536129348,0.9897095196469472,0.5868053564777014
wh-google-omaha-ne-1,2025-02-20,4,-10.965521601517011,0.0025119770841298,0.9888012455649589,0.5531852792731847
wh-google-omaha-ne-1,2025-03-08,0,12.194519477164532,0.1787367506880972,0.9663475778664564,0.1909736992569718
wh-google-omaha-ne-1,2025-03-08,1,11.684521357212756,0.1810549302216154,0.9706718853513068,0.1673203205224687
wh-google-omaha-ne-1,2025-03-08,2,11.777537039661029,0.1826110734264429,0.9706759752692312,0.1603654236906192
wh-google-omaha-ne-1,2025-03-08,3,11.929835540687712,0.1930477197810754,0.9720419010434956,0.1601420241507714
wh-google-omaha-ne-1,2025-03-08,4,12.121968881191966,0.1789632885125447,0.9715057016369966,0.1629232743433809
wh-google-omaha-ne-1,2025-04-09,2,17.851640900000007,0.2720069978299997,0.9777,0.13442964
wh-google-omaha-ne-1,2025-04-09,3,13.770189667094357,0.2607847100466748,0.9735381132075468,0.1656736352830188
wh-google-omaha-ne-1,2025-04-09,4,13.741327638828736,0.351723863408058,0.9726793450881612,0.191046530389641
wh-google-omaha-ne-1,2025-05-11,0,39.148565997851456,0.4506116699425898,0.966849309745283,0.2045617456592602
wh-google-omaha-ne-1,2025-05-11,1,39.716592459074505,0.4023545893286235,0.9727338452037192,0.1972510223848291
wh-google-omaha-ne-1,2025-05-11,2,39.754701573260974,0.419037609886362,0.9727450723110737,0.1869159330891883
wh-google-omaha-ne-1,2025-05-11,3,39.17466419949519,0.4743553127261447,0.9744251833342952,0.1824857224744208
wh-google-omaha-ne-1,2025-05-11,4,39.86498934866181,0.4364196896706901,0.9735522388604366,0.1866412651353409
wh-google-omaha-ne-1,2025-06-12,0,30.53614837453345,0.5342541909790273,0.9695300294108262,0.2519806160138343
wh-google-omaha-ne-1,2025-06-12,1,31.72489482445009,0.5378345765622301,0.9803097678674684,0.2293148900106413
wh-google-omaha-ne-1,2025-06-12,2,33.37038916324895,0.5003207228524795,0.9796938915558374,0.2219161931496336
wh-google-omaha-ne-1,2025-06-12,3,33.92374357815717,0.5269345471233302,0.977384926021901,0.2174941787703485
wh-google-omaha-ne-1,2025-06-12,4,34.399859029240076,0.5431724151474783,0.9766927304492042,0.2037961668848364
wh-google-omaha-ne-1,2025-06-28,0,39.39551322191513,0.5272716040843358,0.9670365950762928,0.213271474530611
wh-google-omaha-ne-1,2025-06-28,1,38.666501294723645,0.5437038977825468,0.9749795315221528,0.2019088977470563
wh-google-omaha-ne-1,2025-06-28,2,40.20681883083138,0.5195753442242487,0.974122373346569,0.1758117122644368
wh-google-omaha-ne-1,2025-06-28,3,39.65979824135069,0.5496760341755742,0.9754025633237092,0.1808152940491311
wh-google-omaha-ne-1,2025-06-28,4,40.78260317104707,0.5032599939693903,0.9743225136354162,0.1910249418080187
wh-google-omaha-ne-1,2025-07-14,0,39.29555756926793,0.556046523033047,0.967043208447396,0.2087962935112768
wh-google-omaha-ne-1,2025-07-14,1,38.38596473704641,0.5839111173299397,0.975358013849322,0.2077672149127707
wh-google-omaha-ne-1,2025-07-14,2,39.56425211094426,0.5481161639670555,0.9744365377315634,0.1924517432310281
wh-google-omaha-ne-1,2025-07-14,3,39.49503369961373,0.5685119195215023,0.9755531170455212,0.1844195901415037
wh-google-omaha-ne-1,2025-07-14,4,40.56582289503156,0.5263797284507566,0.9745308249921012,0.1895217335135863
wh-google-omaha-ne-1,2025-08-15,0,30.15428083197327,0.5439428421752907,0.9669543029131008,0.2314085057534013
wh-google-omaha-ne-1,2025-08-15,1,28.3150810491754,0.5617435837021103,0.9753043319144616,0.2249334414270662
wh-google-omaha-ne-1,2025-08-15,2,29.52770720459848,0.5266988435090451,0.9737219651630432,0.2169373939566852
wh-google-omaha-ne-1,2025-08-15,3,28.998510649076763,0.561856151366944,0.975637273184508,0.2071132962803695
wh-google-omaha-ne-1,2025-08-15,4,29.02730389209277,0.5206419719075335,0.9740836731326172,0.203995532594525
wh-google-omaha-ne-1,2025-09-16,0,38.007963424731784,0.4802226131092773,0.9668760823675252,0.1877005390830685
wh-google-omaha-ne-1,2025-09-16,1,37.567526553951566,0.4797469170047723,0.9740200672881586,0.1760107106308125
wh-google-omaha-ne-1,2025-09-16,2,38.23534439562083,0.4707569729336258,0.9736095223309914,0.1693417725125506
wh-google-omaha-ne-1,2025-09-16,3,37.81656143473611,0.4967651825951048,0.9747566082856124,0.1649946628392918
wh-google-omaha-ne-1,2025-09-16,4,38.580484142256125,0.4672576792236064,0.973880335314394,0.1671570313348186
wh-google-omaha-ne-1,2025-10-02,0,32.63515064658447,0.4570403031595588,0.9667977973588324,0.1891514845745886
wh-google-omaha-ne-1,2025-10-02,1,32.249227595747314,0.4278500903605413,0.972911661973807,0.1733939392256056
wh-google-omaha-ne-1,2025-10-02,2,31.928899369909,0.4462505139087345,0.9728837270184816,0.162409323826391
wh-google-omaha-ne-1,2025-10-02,3,31.213952012495643,0.4832929509728937,0.9742428246221556,0.1467979964413292
wh-google-omaha-ne-1,2025-10-02,4,31.93830796150909,0.4443764847598785,0.9735200339473146,0.1669118169856009
wh-google-omaha-ne-1,2025-11-03,0,17.844464055180655,0.4174711154829713,0.9666350706984048,0.1970099245027025
wh-google-omaha-ne-1,2025-11-03,1,17.434553293183754,0.386249892714426,0.9730409415168972,0.1751306693282069
wh-google-omaha-ne-1,2025-11-03,2,16.445319688191464,0.4142327543926997,0.9721462127105156,0.1593052709489787
wh-google-omaha-ne-1,2025-11-03,3,17.12632420883787,0.4805621976002147,0.9747879661576891,0.1517127840535417
wh-google-omaha-ne-1,2025-11-03,4,17.58517474267954,0.4371075282536328,0.9735447563061638,0.1545307513069879
wh-google-omaha-ne-1,2025-12-05,0,1.032259156848408,0.148747243887728,0.9808059898979729,0.3797469955333385
wh-google-omaha-ne-1,2025-12-05,1,0.7323543541923344,0.116629273536438,0.9848043308613652,0.4001852282952047
wh-google-omaha-ne-1,2025-12-05,2,0.9161492425761664,0.1455676495611881,0.9837959480311836,0.3414624662103004
wh-google-omaha-ne-1,2025-12-05,3,0.571922239822461,0.1388282682369871,0.9867180097143216,0.348929423667862
wh-google-omaha-ne-1,2025-12-05,4,0.6365042996415292,0.1492219169705213,0.9855455439392842,0.319126311437553
wh-google-omaha-ne-1,2025-12-21,0,3.092143907275271,0.2761476095791807,0.9664516394968284,0.1886036324908638
wh-google-omaha-ne-1,2025-12-21,1,2.305164686888803,0.2569140198069,0.971094689230002,0.1607576475968993
wh-google-omaha-ne-1,2025-12-21,2,2.8906990544733717,0.2798421908131247,0.9715443133962808,0.1544876434870533
wh-google-omaha-ne-1,2025-12-21,3,2.64861999914075,0.3116212490199099,0.9727533956535148,0.158245062164517
wh-google-omaha-ne-1,2025-12-21,4,2.7805405740177673,0.2841706858646199,0.9723681267325076,0.155413850191862
wh-google-omaha-ne-1,2026-01-06,0,9.553841458772409,0.2726796117112828,0.9664781179493498,0.1736520217593549
wh-google-omaha-ne-1,2026-01-06,1,8.93913749309274,0.2657166555364215,0.9712442564623448,0.140001103188979
wh-google-omaha-ne-1,2026-01-06,2,9.055596836489537,0.2823760186735235,0.9715392300497648,0.1362656640334331
wh-google-omaha-ne-1,2026-01-06,3,9.137893862716943,0.3187483470709097,0.9732107625953424,0.1362287973482859
wh-google-omaha-ne-1,2026-01-06,4,9.105113515239918,0.291365735472301,0.9723832010180548,0.1331009807261433
wh-google-omaha-ne-1,2026-02-07,0,2.739256078025539,0.1960799393906537,0.9663887348432272,0.2358655609865538
wh-google-omaha-ne-1,2026-02-07,1,3.1200530188358178,0.1897224235132475,0.9708476693497504,0.2080006261996528
wh-google-omaha-ne-1,2026-02-07,2,3.3875786080926624,0.2025186139399653,0.970858928992279,0.197376669164383
wh-google-omaha-ne-1,2026-02-07,3,2.946622865114957,0.227280232217069,0.9721818688869692,0.1965757266881913
wh-google-omaha-ne-1,2026-02-07,4,2.61895228330164,0.2055911168928726,0.9717448429075766,0.1915251932616881
wh-google-omaha-ne-1,2026-02-23,0,-4.2672081474067385,0.0095958790256813,0.9867920419736926,0.5518418829547922
wh-google-omaha-ne-1,2026-02-23,1,-3.984165085732496,0.0185800981871053,0.9842180282070214,0.5137408114725592
wh-google-omaha-ne-1,2026-02-23,2,-3.0383850860339825,0.039475511409523,0.9835380900619712,0.4409897751808705
wh-google-omaha-ne-1,2026-02-23,3,-3.1226563309509956,0.0433556102087468,0.9852451880507244,0.4264254471572582
wh-google-omaha-ne-1,2026-02-23,4,-2.644890004976629,0.0522045245203652,0.9831987969168248,0.390373251653678
wh-google-omaha-ne-1,2026-03-11,0,8.831752720637756,0.2406381134019004,0.9664308718271544,0.2085461013336337
wh-google-omaha-ne-1,2026-03-11,1,9.343690440825553,0.2392195322303327,0.9708822709479284,0.1725172426546393
wh-google-omaha-ne-1,2026-03-11,2,9.183606126202148,0.2458573347879902,0.9707689995379156,0.1648811717067813
wh-google-omaha-ne-1,2026-03-11,3,9.355315708669908,0.2949811742839857,0.9723284832394689,0.1597507482272298
wh-google-omaha-ne-1,2026-03-11,4,9.30302022085194,0.2673012832899068,0.971718438174179,0.1561947310412778
wh-google-omaha-ne-1,2026-03-27,0,18.1817650180035,0.2572260109372987,0.966459640186856,0.2177645341237554
wh-google-omaha-ne-1,2026-03-27,1,18.808787819161605,0.2470438722946343,0.9712662788276586,0.1886757616740164
wh-google-omaha-ne-1,2026-03-27,2,18.436301599508084,0.2678208619283359,0.9713963887215546,0.1808935783418033
wh-google-omaha-ne-1,2026-03-27,3,18.042703165877956,0.314485046574787,0.9731193051348822,0.1764876847328159
wh-google-omaha-ne-1,2026-03-27,4,18.470758837950346,0.2843446415545624,0.9723904578007332,0.1777421699838086
wh-google-omaha-ne-1,2026-05-14,0,29.841700367122655,0.3879029520705956,0.9682918849671228,0.2183270530487111
wh-google-omaha-ne-1,2026-05-14,1,29.567777662430338,0.3598624337769102,0.9730586981530244,0.2024591624294988
wh-google-omaha-ne-1,2026-05-14,2,30.31578046292885,0.4041728473504728,0.9731308846529024,0.194984896679461
wh-google-omaha-ne-1,2026-05-14,3,29.981742977171365,0.4530501107119428,0.9742200222327042,0.1905427582396717
wh-google-omaha-ne-1,2026-05-14,4,30.75071902360994,0.4158257853146151,0.9735385501329944,0.1972662456702788
wh-google-omaha-ne-1,2026-06-15,0,34.725025435266026,0.5362470065302496,0.9669749106822688,0.2126420966375783
wh-google-omaha-ne-1,2026-06-15,1,34.10310015794816,0.5296898876695508,0.9747738063755204,0.2019469192590345
wh-google-omaha-ne-1,2026-06-15,2,35.50934121425956,0.5216336957667586,0.9741605391510546,0.1923684045073565
wh-google-omaha-ne-1,2026-06-15,3,35.77358084689603,0.5305727354340575,0.9750112556754632,0.1892339638330238
wh-google-omaha-ne-1,2026-06-15,4,36.36999038355128,0.4970382163080666,0.97415061285928,0.192936271760523
wh-google-omaha-ne-1,2026-07-17,0,44.29072431409978,0.5221039437927792,0.966983958670974,0.20253442027718
wh-google-omaha-ne-1,2026-07-17,1,43.60797114700308,0.5314521711184936,0.9747341501327182,0.1939654117523474
wh-google-omaha-ne-1,2026-07-17,2,44.594677349363394,0.5132412356510757,0.9740348633601584,0.1853754700452528
wh-google-omaha-ne-1,2026-07-17,3,44.19049953611607,0.5412669883340663,0.9753311577589796,0.1819952481244897
wh-google-omaha-ne-1,2026-07-17,4,45.212962265331775,0.5015674827780718,0.9743291517193512,0.1849193252890193
wh-google-omaha-ne-1,2026-08-02,0,37.6410741904087,0.4989469711209232,0.966925441141092,0.1967354208072985
wh-google-omaha-ne-1,2026-08-02,1,36.47325081041809,0.5243555950684916,0.9745091721342016,0.187773922687362
wh-google-omaha-ne-1,2026-08-02,2,37.53855534120501,0.5038296884168699,0.9738655499905052,0.1808347162522408
wh-google-omaha-ne-1,2026-08-02,3,37.35448922777122,0.5259758141393568,0.9751036308985004,0.1782051904889878
wh-google-omaha-ne-1,2026-08-02,4,38.328975446944256,0.4889285770105841,0.9741192399864472,0.1809592299507532
wh-google-omaha-ne-1,2026-08-18,1,-24.88365142424777,0.5455572113546344,0.977632743362832,0.1278681799115044
wh-google-omaha-ne-1,2026-08-18,2,5.784819119573265,0.4718857134333593,0.9657795372812276,0.1029865672983097
wh-google-omaha-ne-1,2026-08-18,3,21.11298908965647,0.550321071449913,0.9697299272529156,0.1087721878835245
wh-google-omaha-ne-1,2026-08-18,4,20.37796337491991,0.6432406270611823,0.9744253906344128,0.1271213791018764
wh-google-omaha-ne-1,2026-09-03,0,38.47622184616918,0.5427093191687835,0.9670005179747724,0.2037322546442611
wh-google-omaha-ne-1,2026-09-03,1,38.1099778685783,0.522524230299174,0.974525453403733,0.1879725610648257
wh-google-omaha-ne-1,2026-09-03,2,38.930185675504234,0.5124442393058763,0.9738045409149788,0.1765522237253497
wh-google-omaha-ne-1,2026-09-03,3,38.25585986631856,0.5289704940059983,0.9747398069382104,0.1667317951737546
wh-google-omaha-ne-1,2026-09-03,4,39.200779593277375,0.464727711814424,0.972421495413584,0.1738665602397202
wh-google-omaha-ne-1,2022-02-28,2,16.90710915123928,0.2058095546928042,0.9751903982119235,0.1496010310928021
wh-google-omaha-ne-1,2022-02-28,3,15.119292889789566,0.1868319363403345,0.973821344413784,0.1555960334309216
wh-google-omaha-ne-1,2022-02-28,4,14.464092639371838,0.1245957929898543,0.9665981831128267,0.2053906436990079
wh-google-omaha-ne-1,2022-04-01,3,11.157497865844672,0.2094736708063025,0.9732841009858246,0.1946305227928511
wh-google-omaha-ne-1,2022-04-01,4,10.967574130001251,0.22023014297855,0.9731330146060568,0.184881568642194
wh-google-omaha-ne-1,2022-05-19,3,37.97508482778822,0.3979991202875733,0.9758395361642496,0.1894676843920205
wh-google-omaha-ne-1,2022-05-19,4,36.944216035913094,0.408054335403743,0.974909708547245,0.1937907217776957
wh-google-omaha-ne-1,2022-06-20,2,40.75185564678748,0.6124752075407028,0.9826457259001162,0.1954740597261905
wh-google-omaha-ne-1,2022-06-20,3,42.93135582315307,0.4759540958054194,0.9773435661641918,0.1932508783349892
wh-google-omaha-ne-1,2022-06-20,4,42.69906523155439,0.4907436353628117,0.976086137767725,0.1941580014325058
wh-google-omaha-ne-1,2022-08-07,2,42.66053319536588,0.5706930851961524,0.9816419686411152,0.18714372918554
wh-google-omaha-ne-1,2022-08-07,3,45.56318501120562,0.4507969812281118,0.977167501173097,0.1880096844359602
wh-google-omaha-ne-1,2022-08-07,4,45.72050284189032,0.444567103302288,0.9757700463127776,0.1901569745911314
wh-google-omaha-ne-1,2022-08-23,2,37.44675950951196,0.5415560714291896,0.9802313171681196,0.1681844145199097
wh-google-omaha-ne-1,2022-08-23,3,38.99652375997541,0.4653811483398813,0.9773946630559888,0.1746884348845424
wh-google-omaha-ne-1,2022-08-23,4,38.758483660557864,0.4696262630409764,0.9759033848534688,0.1765901996013475
wh-google-omaha-ne-1,2022-09-08,2,33.71246126689481,0.5118856084538475,0.9799708989098672,0.172232303045092
wh-google-omaha-ne-1,2022-09-08,3,34.26262997432852,0.4572119793307558,0.9779692173431396,0.1738434004087108
wh-google-omaha-ne-1,2022-09-08,4,34.34802639687552,0.4734544352573019,0.976101546422948,0.1758581954740197
wh-google-omaha-ne-1,2022-09-24,2,30.23334098182956,0.5026541668088954,0.9793005990780146,0.1561439765010586
wh-google-omaha-ne-1,2022-09-24,3,30.19405582281155,0.4642055509409532,0.9775679875360596,0.1653883830731565
wh-google-omaha-ne-1,2022-09-24,4,30.117271779523264,0.4844031383570767,0.9764669659122008,0.1631191280806883
wh-google-omaha-ne-1,2022-10-10,2,29.22493646901795,0.4521856263541502,0.978562909133235,0.1631876474857802
wh-google-omaha-ne-1,2022-10-10,3,29.97183935070172,0.3893181712244121,0.9765670329353384,0.1748688545631684
wh-google-omaha-ne-1,2022-10-10,4,29.460798904050367,0.4160607305485608,0.9756982819206697,0.1713939152326892
wh-google-omaha-ne-1,2022-10-26,2,13.464050272580964,0.3548710020325016,0.9771224188156634,0.2028163285352496
wh-google-omaha-ne-1,2022-10-26,3,12.681042921581424,0.3091137926763132,0.9746995162037488,0.1854573153952769
wh-google-omaha-ne-1,2022-10-26,4,13.452230203454482,0.3275025513105727,0.9738205902183842,0.1820601321833128
wh-google-omaha-ne-1,2022-11-11,2,2.997875379813252,0.3732309440301808,0.9772282980452044,0.1745118232287415
wh-google-omaha-ne-1,2022-11-11,3,3.5289468087565203,0.3071881602047936,0.9754207840287248,0.1709722723638258
wh-google-omaha-ne-1,2022-11-11,4,3.297090483822954,0.3323672295821656,0.9745018554649344,0.171373290305938
wh-google-omaha-ne-1,2022-11-27,3,0.4329406832870307,0.3187112243354548,0.9778908585261292,0.1934603700294737
wh-google-omaha-ne-1,2022-11-27,4,0.0959457365746415,0.3447388450545958,0.9741718296029162,0.1972257826374934
wh-google-omaha-ne-1,2022-12-29,2,6.271603899485139,0.270911908834646,0.9756055447693888,0.1582584869817161
wh-google-omaha-ne-1,2022-12-29,3,6.004474912105868,0.2395375984534397,0.9741717421921364,0.1498659429489403
wh-google-omaha-ne-1,2022-12-29,4,5.937854930214282,0.2481536885558068,0.9734715519283282,0.1498903993923702
wh-google-omaha-ne-1,2023-03-03,3,13.421397999766675,0.1972174816300689,0.9735949819762793,0.1507953514034117
wh-google-omaha-ne-1,2023-03-03,4,13.46415731676207,0.1955184050387785,0.9730550733230264,0.1595143289178963
wh-google-omaha-ne-1,2023-03-19,3,9.721483524045455,0.1882822635926963,0.9730373831938308,0.1689092670390265
wh-google-omaha-ne-1,2023-03-19,4,9.750806932314664,0.184773122919431,0.9729448329215988,0.1699347051391854
wh-google-omaha-ne-1,2023-04-04,2,30.863513625689723,0.2141444825091509,0.9754397653194264,0.1852957129478487
wh-google-omaha-ne-1,2023-04-04,3,30.60084092217981,0.2335542740810802,0.9740605088607556,0.1826141367585568
wh-google-omaha-ne-1,2023-04-04,4,29.592001894465096,0.2379718956676335,0.9737642316168084,0.1759889598451953
wh-google-omaha-ne-1,2023-05-22,3,39.57618496869472,0.3871795367066663,0.9761156670078068,0.1872873312756555
wh-google-omaha-ne-1,2023-05-22,4,38.49871201171147,0.4122746633633698,0.9753774503456332,0.1901766233306539
wh-google-omaha-ne-1,2023-06-07,3,45.046714562708246,0.38622409732748,0.975423095121797,0.1906303847843017
wh-google-omaha-ne-1,2023-06-07,4,42.96225917268238,0.4301984639273375,0.9759138856234786,0.187667125339436
wh-google-omaha-ne-1,2023-06-23,2,42.61764793256085,0.4567026265582941,0.9788732891832238,0.1905020583966767
wh-google-omaha-ne-1,2023-06-23,3,42.655902602355226,0.428381744607735,0.97699087178514,0.1915636131038475
wh-google-omaha-ne-1,2023-06-23,4,42.22162750375136,0.4481007544845894,0.975702384858235,0.194211715409812
wh-google-omaha-ne-1,2023-07-09,2,32.025426022176184,0.6567522612587712,0.983540780249924,0.2229982181707813
wh-google-omaha-ne-1,2023-07-09,3,34.43897165889693,0.5219108682959811,0.9779248645034248,0.1866256689196918
wh-google-omaha-ne-1,2023-07-09,4,35.90840656191078,0.4694528136702519,0.9740315445776844,0.2052215780355634
wh-google-omaha-ne-1,2023-08-10,2,35.721472802690876,0.6176809490199683,0.9812061334357052,0.1860283738221482
wh-google-omaha-ne-1,2023-08-10,3,36.10035409692612,0.5667743691317905,0.979098297213967,0.1793371845680183
wh-google-omaha-ne-1,2023-08-10,4,36.310700559222234,0.5649383647427395,0.9772451956922728,0.1845098259507724
wh-google-omaha-ne-1,2023-08-26,4,5.581359262400016,0.5809667419260796,0.980150285714286,0.1598497101857144
wh-google-omaha-ne-1,2023-09-27,2,31.80906355951318,0.4393799796272176,0.9785229285464124,0.1549145093558626
wh-google-omaha-ne-1,2023-09-27,3,31.71969391931766,0.3963433547709105,0.9770054991777654,0.1586238253215903
wh-google-omaha-ne-1,2023-09-27,4,31.991929471897652,0.4212361275935008,0.9751481328831252,0.1643975065690342
wh-google-omaha-ne-1,2023-11-14,2,17.679431394999853,0.3381092331406762,0.9770498986912276,0.1720580241249405
wh-google-omaha-ne-1,2023-11-14,3,17.938603864573537,0.2991971648533422,0.9753974413697122,0.1740493297625332
wh-google-omaha-ne-1,2023-11-14,4,17.902175461685584,0.3330807076786317,0.9750411038384356,0.166547677538128
wh-google-omaha-ne-1,2023-11-30,2,8.212702327551371,0.2702926294297192,0.975937633525062,0.139885084113599
wh-google-omaha-ne-1,2023-11-30,3,7.426801656171654,0.2828547061957113,0.9747931723617004,0.1572954839519031
wh-google-omaha-ne-1,2023-11-30,4,7.357569046143488,0.3042583432338838,0.974158274681858,0.1536766944999879
wh-google-omaha-ne-1,2024-01-01,2,1.3796589322361643,0.2843669869207311,0.9755752957615276,0.1464762460774918
wh-google-omaha-ne-1,2024-01-01,3,1.4674034838062715,0.2500587009960914,0.9740644036831204,0.1413299669865047
wh-google-omaha-ne-1,2024-01-01,4,1.31396981853761,0.2788492920502641,0.9737122905432032,0.1407663210810755
wh-google-omaha-ne-1,2024-02-02,3,11.558780518903523,0.2083119065926388,0.9730601758714852,0.1454104038857563
wh-google-omaha-ne-1,2024-02-02,4,11.470954398318309,0.223086881581259,0.9729655371114152,0.148400355392837
wh-google-omaha-ne-1,2024-02-18,2,12.612546062509452,0.2216892377180545,0.9751354716981132,0.1506501092712264
wh-google-omaha-ne-1,2024-02-18,3,11.09853441292896,0.2223003296496397,0.97361354755751,0.1568441383901595
wh-google-omaha-ne-1,2024-02-18,4,10.897246651642796,0.2384314106104526,0.9739009484342382,0.1530762540864575
wh-google-omaha-ne-1,2024-03-05,3,7.850514380000021,0.1367522346918895,0.97485,0.2587705462499999
wh-google-omaha-ne-1,2024-03-05,4,9.452550351646977,0.2263920368561452,0.9752088283809212,0.1966339247725529
wh-google-omaha-ne-1,2024-03-21,3,16.499986988809077,0.2684315743086383,0.974007034891564,0.1911592752995776
wh-google-omaha-ne-1,2024-03-21,4,16.07947196775307,0.2682099302643322,0.9743582665551692,0.1858475134438856
wh-google-omaha-ne-1,2024-04-06,3,23.37050546853956,0.3032338072102765,0.9742097090800912,0.1772326817912545
wh-google-omaha-ne-1,2024-04-06,4,22.96595617184104,0.3073570835203719,0.9747750854942564,0.1734305558040503
wh-google-omaha-ne-1,2024-04-22,2,26.548519784131315,0.389714186858149,0.9778774116178212,0.1882376597093079
wh-google-omaha-ne-1,2024-04-22,3,26.739461159477383,0.342399471878372,0.9757163381043392,0.188050703866672
wh-google-omaha-ne-1,2024-04-22,4,25.76853201153573,0.3620266611941159,0.974409926612152,0.1930958050159791
wh-google-omaha-ne-1,2024-05-08,3,29.257644317647003,0.4695929505686357,0.9771170990313814,0.2380640570834477
wh-google-omaha-ne-1,2024-05-08,4,29.458561445479923,0.484026246286,0.9788878634641452,0.2041332280215057
wh-google-omaha-ne-1,2024-05-24,3,28.055914444930828,0.4721457087607797,0.9769025582205224,0.17130091711336
wh-google-omaha-ne-1,2024-05-24,4,28.336222483486544,0.4879239687184278,0.9761171792069556,0.1763368871121332
wh-google-omaha-ne-1,2024-06-09,3,37.656164406996766,0.4825087878029778,0.9768204525053518,0.1934369007111838
wh-google-omaha-ne-1,2024-06-09,4,36.98706412181976,0.5039094637842009,0.976527391010502,0.1892276524858222
wh-google-omaha-ne-1,2024-06-25,2,38.88141293224686,0.6150675606255267,0.9819572348602889,0.2191148063680274
wh-google-omaha-ne-1,2024-06-25,3,42.75869139916375,0.4902687258042403,0.9773761273886304,0.2006088859186146
wh-google-omaha-ne-1,2024-06-25,4,41.80388682096185,0.5216840886277846,0.976573370540484,0.198067675842493
wh-google-omaha-ne-1,2024-07-11,3,37.26029943707915,0.5740497065423859,0.978767604370402,0.1897470400202332
wh-google-omaha-ne-1,2024-07-11,4,37.275986668681014,0.5595501196901608,0.9778075881024544,0.188079891518456
wh-google-omaha-ne-1,2024-07-27,2,36.36754569537056,0.5908828851477701,0.9805897189025236,0.1896678167920365
wh-google-omaha-ne-1,2024-07-27,3,36.15538348028061,0.5575212722664173,0.9794744242735164,0.1933700442134916
wh-google-omaha-ne-1,2024-07-27,4,36.69285832762532,0.5122741616601838,0.9755872626448036,0.2007716402948731
wh-google-omaha-ne-1,2024-08-28,2,35.4085194950409,0.6565861231480062,0.982307084468665,0.1381051063419618
wh-google-omaha-ne-1,2024-08-28,3,38.00088328176123,0.570625905546368,0.9788446528765512,0.1777011175317102
wh-google-omaha-ne-1,2024-08-28,4,38.51098279629878,0.5396099087358406,0.9771645194952292,0.1748964069496192
wh-google-omaha-ne-1,2024-09-13,2,34.929081118465064,0.5026280945375848,0.9796051167032876,0.1776561895196717
wh-google-omaha-ne-1,2024-09-13,3,34.472678288084445,0.4908341524186689,0.9782164769685072,0.1800565451353612
wh-google-omaha-ne-1,2024-09-13,4,34.420913069230764,0.4835107830475778,0.9763855305896124,0.1797559561234135
wh-google-omaha-ne-1,2024-09-29,2,34.83079849341293,0.4150010429529595,0.9779171590144498,0.189368260485339
wh-google-omaha-ne-1,2024-09-29,3,34.09186074794088,0.4036148974816527,0.9769606169674306,0.1705144946725644
wh-google-omaha-ne-1,2024-09-29,4,33.63328804064438,0.421455775947158,0.9754874812197188,0.1698787549292024
wh-google-omaha-ne-1,2024-10-15,2,19.41745019513512,0.3738409382430488,0.9777329020845617,0.2064104594992369
wh-google-omaha-ne-1,2024-10-15,3,18.965812625975932,0.3580218347568095,0.9757699244838453,0.1807627638432572
wh-google-omaha-ne-1,2024-10-15,4,18.480205745446767,0.3900332709187165,0.9750578519810492,0.1728465859073165
wh-google-omaha-ne-1,2024-10-31,2,13.860382419607394,0.3648737338504338,0.9771190704512042,0.160301409442836
wh-google-omaha-ne-1,2024-10-31,3,14.062150780351574,0.3313827266309599,0.975255843191524,0.1588487419112528
wh-google-omaha-ne-1,2024-10-31,4,13.887359338232487,0.3570608468854596,0.9744373841754708,0.1657242280222711
wh-google-omaha-ne-1,2024-12-18,2,2.9339054317997064,0.3168391473159881,0.9758549790794976,0.1458833826474894
wh-google-omaha-ne-1,2024-12-18,3,2.9126408725627377,0.2738174559772782,0.974386128926339,0.1413232449073726
wh-google-omaha-ne-1,2024-12-18,4,2.8268546781942363,0.3025452237546592,0.9741181645666688,0.1403648113032976
wh-google-omaha-ne-1,2025-01-19,3,-8.640753286706873,0.2086979392811732,0.973615335744012,0.1513780696683363
wh-google-omaha-ne-1,2025-01-19,4,-8.958646334289497,0.2213043926358927,0.973169916002872,0.1543107207009807
wh-google-omaha-ne-1,2025-02-20,3,-11.842222087538405,-0.0096209279610037,0.9901342832844328,0.6582857249261349
wh-google-omaha-ne-1,2025-02-20,4,-11.51370000559961,-0.0079849869660793,0.9896286406880508,0.6333987621714653
wh-google-omaha-ne-1,2025-03-08,3,10.90532540141541,0.179208589424536,0.9731524182790048,0.1563433684751917
wh-google-omaha-ne-1,2025-03-08,4,10.976031794563958,0.1712213026440909,0.9727493666127563,0.166459190679229
wh-google-omaha-ne-1,2025-04-09,4,13.696876362641524,0.2380973874070147,0.9733683539362395,0.1329131520741704
wh-google-omaha-ne-1,2025-05-11,3,40.03078910485608,0.432923886762855,0.9762304743189438,0.187535740437046
wh-google-omaha-ne-1,2025-05-11,4,39.13850472340463,0.4351669789084657,0.9757035080540488,0.1899068557268556
wh-google-omaha-ne-1,2025-06-12,2,30.638518265291264,0.4482338325989914,0.9782906492389716,0.2375966791532805
wh-google-omaha-ne-1,2025-06-12,3,32.823764225042204,0.4911548446847182,0.9781354980363248,0.2212431550646457
wh-google-omaha-ne-1,2025-06-12,4,33.04156833871293,0.5541670903018175,0.9778748423585358,0.1975323435610562
wh-google-omaha-ne-1,2025-06-28,2,37.71853264898853,0.6067775046904079,0.9814363473281542,0.1937353588325966
wh-google-omaha-ne-1,2025-06-28,3,38.39395030086511,0.5630541556663321,0.9789523273458388,0.1873159495848241
wh-google-omaha-ne-1,2025-06-28,4,38.813813620899225,0.5436215541816966,0.976961540104796,0.1915307330643289
wh-google-omaha-ne-1,2025-07-14,2,37.249142285143265,0.612463711760754,0.981792288365004,0.1967614540311896
wh-google-omaha-ne-1,2025-07-14,3,37.801661069737015,0.5768731620427149,0.979703605278712,0.1828635101230065
wh-google-omaha-ne-1,2025-07-14,4,38.53425820861206,0.5642480213591203,0.977472256880674,0.1940140184628984
wh-google-omaha-ne-1,2025-08-15,2,22.602421126674813,0.6064778446360101,0.981443333468818,0.2333933716244969
wh-google-omaha-ne-1,2025-08-15,3,25.756121160575653,0.5761081122356653,0.9790286171307954,0.2150379931742607
wh-google-omaha-ne-1,2025-08-15,4,26.633419899989295,0.6007655268508061,0.9777973153911422,0.2072342747701711
wh-google-omaha-ne-1,2025-09-16,2,37.68690033866934,0.4901742972378218,0.9792684659788398,0.168993074803758
wh-google-omaha-ne-1,2025-09-16,3,37.37271110220268,0.4563255860103054,0.9776875775602528,0.1632446978723317
wh-google-omaha-ne-1,2025-09-16,4,37.64835620038996,0.4849414980463415,0.9763038083810848,0.1693993380649461
wh-google-omaha-ne-1,2025-10-02,2,31.748446818146316,0.4386619837959857,0.9782699761823754,0.176486593615032
wh-google-omaha-ne-1,2025-10-02,3,30.589645819338187,0.4458456598148038,0.9768815612373344,0.1335371194150906
wh-google-omaha-ne-1,2025-10-02,4,31.12673092075119,0.4420420794495388,0.9756617914501604,0.1785234539594542
wh-google-omaha-ne-1,2025-11-03,2,15.64068157078957,0.4232560472781496,0.9777639702118074,0.1691522194958396
wh-google-omaha-ne-1,2025-11-03,3,15.91990396264183,0.4401754319781423,0.9773485016631228,0.1534971321510174
wh-google-omaha-ne-1,2025-11-03,4,16.827130481621175,0.476305610149228,0.9770147952995212,0.1616634393643839
wh-google-omaha-ne-1,2025-12-05,2,0.1422840444272108,0.0840567331503824,0.9905888199835892,0.4198337087855463
wh-google-omaha-ne-1,2025-12-05,3,0.3238653000149805,0.1038789066607606,0.9880936323321275,0.4007095359114965
wh-google-omaha-ne-1,2025-12-05,4,0.3052087752668741,0.112898814159382,0.9877567219044632,0.3909122821648192
wh-google-omaha-ne-1,2025-12-21,3,4.242287082322064,0.2979164595224021,0.9742782466542738,0.1591694620473015
wh-google-omaha-ne-1,2025-12-21,4,4.216960979319626,0.3042109401594952,0.974096054718862,0.1580327354137703
wh-google-omaha-ne-1,2026-01-06,2,9.188452113390156,0.3101133298129636,0.9761364146050876,0.1473544065069029
wh-google-omaha-ne-1,2026-01-06,3,8.96835714347981,0.2876621462822607,0.975079163911251,0.1400959995086306
wh-google-omaha-ne-1,2026-01-06,4,8.959044677874786,0.3024020067428583,0.9744112764945366,0.1374192640951033
wh-google-omaha-ne-1,2026-02-07,2,4.719608060000041,0.1879830917874395,0.9744,0.19983454
wh-google-omaha-ne-1,2026-02-07,3,3.2924283469707327,0.2168639605193927,0.9733800378478722,0.1945661230153988
wh-google-omaha-ne-1,2026-02-07,4,2.9673592272728437,0.2245987653699048,0.9733274012239388,0.1834029819811292
wh-google-omaha-ne-1,2026-02-23,2,-3.864128126615233,0.0091384455040032,0.9915,0.4580131233610204
wh-google-omaha-ne-1,2026-02-23,3,-4.086770689467427,0.0071833494552006,0.9895916279008078,0.5097820336391774
wh-google-omaha-ne-1,2026-02-23,4,-3.618347505453092,0.0091139122634878,0.9891898040211766,0.5044735959172314
wh-google-omaha-ne-1,2026-03-11,3,8.644257249378716,0.2679786027930351,0.9739579177104908,0.161740245426983
wh-google-omaha-ne-1,2026-03-11,4,8.714339864973917,0.2728686428252312,0.9733040151293844,0.160390822278933
wh-google-omaha-ne-1,2026-03-27,3,18.053165166750745,0.2804716947170834,0.9744093654867592,0.1894070168753037
wh-google-omaha-ne-1,2026-03-27,4,18.020554720926963,0.2812896793696723,0.9741316753813464,0.1839645075062128
wh-google-omaha-ne-1,2026-05-14,3,30.663387901326352,0.4199479174767435,0.9761861718532546,0.1999281928593845
wh-google-omaha-ne-1,2026-05-14,4,29.99471496178266,0.412944894580743,0.975452448144729,0.1964005449358757
wh-google-omaha-ne-1,2026-05-30,3,30.48100092417117,0.5096400117700951,0.9777826861653482,0.2052300494533393
wh-google-omaha-ne-1,2026-05-30,4,30.96127033513185,0.5433675039799718,0.977584410971678,0.1987545255121081
wh-google-omaha-ne-1,2026-06-15,2,33.7903884209105,0.5716628886895384,0.9809069534394664,0.1908760667353288
wh-google-omaha-ne-1,2026-06-15,3,35.22450456715311,0.5007640323017909,0.9784856629691124,0.187822739772339
wh-google-omaha-ne-1,2026-06-15,4,34.966216707766975,0.5087718094673761,0.9767702927503608,0.1948241791810949
wh-google-omaha-ne-1,2026-07-17,2,42.49766210940021,0.6045831213217923,0.9810664937789556,0.1806936950571113
wh-google-omaha-ne-1,2026-07-17,3,43.67270565568176,0.5342079292323655,0.9786951278045912,0.1846508454104505
wh-google-omaha-ne-1,2026-07-17,4,43.82797283451457,0.5311155079780193,0.976919924483432,0.1866859830920271
wh-google-omaha-ne-1,2026-08-02,2,34.90664208827009,0.6030103099782765,0.9811701753712728,0.1783922985864288
wh-google-omaha-ne-1,2026-08-02,3,36.10332248309832,0.5305769126202982,0.9783151947152312,0.1814327793181561
wh-google-omaha-ne-1,2026-08-02,4,36.43928428179972,0.5249145646735977,0.9766618367439204,0.1814930484037172
wh-google-omaha-ne-1,2026-08-18,3,21.666508281820903,0.5153141129581494,0.972373019910534,0.116593954845189
wh-google-omaha-ne-1,2026-08-18,4,19.92704182546582,0.5068500359408522,0.9714377667004466,0.1520155527826548
wh-google-omaha-ne-1,2026-09-03,2,36.80850483074489,0.5576984690693817,0.9795504303391772,0.1330073620426385
wh-google-omaha-ne-1,2026-09-03,3,37.27575608449112,0.5121086435437646,0.978608161948271,0.1403766313226401
wh-google-omaha-ne-1,2026-09-03,4,38.29947001930342,0.3847990231036089,0.9700009647729236,0.2094169290810397
