site_id,date,ring,lst_c,ndvi,emissivity,albedo
wh-meta-henrico-va-1,2013-04-02,0,19.28916157742636,0.5603345778963198,0.981910595108202,0.1213585332355086
wh-meta-henrico-va-1,2013-04-02,1,20.046807168357624,0.456145449147548,0.9804085787028952,0.1274212125301809
wh-meta-henrico-va-1,2013-04-02,2,19.33126974841747,0.4696114317873529,0.9802955340331811,0.1308002172347023
wh-meta-henrico-va-1,2013-04-02,3,18.193223013603493,0.519710949604818,0.9807966390620124,0.1279698987887926
wh-meta-henrico-va-1,2013-04-02,4,17.984796789020645,0.5124409019297496,0.9806295455134943,0.1257830126945233
wh-meta-henrico-va-1,2013-04-07,0,16.893129759436977,0.5155157117773773,0.9807841302964172,0.1393906191220789
wh-meta-henrico-va-1,2013-04-07,1,18.07146649714917,0.4358682764579459,0.9797666222050726,0.1431828604322548
wh-meta-henrico-va-1,2013-04-07,2,17.85457113945401,0.4502168922337968,0.979715047921178,0.1451416404145032
wh-meta-henrico-va-1,2013-04-07,3,17.29667701781955,0.4959776181936979,0.9800966987852492,0.1397499884440952
wh-meta-henrico-va-1,2013-04-07,4,17.15422912817604,0.4970751776193014,0.979829336110892,0.1393944202759598
wh-meta-henrico-va-1,2013-04-21,3,3.744642722947393,0.6257331441637786,0.9820425386996902,0.1751923130448916
wh-meta-henrico-va-1,2013-04-21,4,4.0969191883723095,0.6688256939102352,0.9821258571491046,0.1665640227328597
wh-meta-henrico-va-1,2013-06-24,0,21.34888614943561,0.7578661326148713,0.9847860031157336,0.2129701009084479
wh-meta-henrico-va-1,2013-06-24,1,26.63318954133657,0.7791856306810419,0.985333502410892,0.2059975685047308
wh-meta-henrico-va-1,2013-06-24,2,31.03316583876483,0.757979788143026,0.984916035057984,0.1984457496474166
wh-meta-henrico-va-1,2013-06-24,3,30.277414989299892,0.7904585886468034,0.9852433444405766,0.1859695434154632
wh-meta-henrico-va-1,2013-06-24,4,29.604394655382823,0.820780371222257,0.9853578083617008,0.1723853518841543
wh-meta-henrico-va-1,2013-07-10,0,29.95187910911191,0.8919531810618546,0.9858607308519064,0.2001159407517819
wh-meta-henrico-va-1,2013-07-10,1,31.975526360631005,0.7646856693974907,0.9837740520598492,0.2036821495447838
wh-meta-henrico-va-1,2013-07-10,2,32.250107865695156,0.7413186172404029,0.983580639543065,0.216012585914407
wh-meta-henrico-va-1,2013-07-10,3,30.30070356857994,0.7771211762854943,0.9835941583479964,0.2080624587191165
wh-meta-henrico-va-1,2013-07-10,4,29.594184251319685,0.8113893870279862,0.9842906808390508,0.2018537060243135
wh-meta-henrico-va-1,2013-07-26,0,26.185735255928613,0.8216654389014689,0.9853174053339212,0.1951693066454265
wh-meta-henrico-va-1,2013-07-26,1,28.584206685429848,0.8361326966405045,0.9858643597618432,0.1842576261806063
wh-meta-henrico-va-1,2013-07-26,2,29.223029991273,0.7972809964483464,0.985233636154586,0.1914062716683282
wh-meta-henrico-va-1,2013-07-26,3,28.27439692072013,0.8175350470949584,0.9852214071157972,0.184063737952508
wh-meta-henrico-va-1,2013-07-26,4,27.612820841758857,0.8275544737944371,0.9854251333876484,0.1763524743888953
wh-meta-henrico-va-1,2013-08-27,0,29.268906032787267,0.8571343745586383,0.9858913034188052,0.1480799384887024
wh-meta-henrico-va-1,2013-08-27,1,30.375063182696397,0.8179502977952825,0.9853256412393644,0.1486578910887732
wh-meta-henrico-va-1,2013-08-27,2,30.71568351046192,0.8062240900125156,0.9849714578179458,0.1513760531065982
wh-meta-henrico-va-1,2013-08-27,3,29.9713789228297,0.8205081564293006,0.9851012640987156,0.1487404163252052
wh-meta-henrico-va-1,2013-08-27,4,29.037899649589036,0.8207323615520639,0.9848245418013708,0.1472306529406391
wh-meta-henrico-va-1,2013-09-12,0,32.434675457519646,0.8496588557561048,0.9852617989634485,0.1354311753334583
wh-meta-henrico-va-1,2013-09-12,1,33.55590074775838,0.806961271088763,0.9847074846746636,0.1374904900030121
wh-meta-henrico-va-1,2013-09-12,2,33.98823923212739,0.7955546468898754,0.9843293100548152,0.1409045884360421
wh-meta-henrico-va-1,2013-09-12,3,33.27697004815608,0.8080350167243296,0.9843773879333662,0.1376526066159096
wh-meta-henrico-va-1,2013-09-12,4,32.59479721086781,0.818019382831736,0.9844026022432982,0.1345224148156574
wh-meta-henrico-va-1,2013-10-30,0,15.131310746169888,0.6776053727281094,0.9816007809957702,0.0865984772596578
wh-meta-henrico-va-1,2013-10-30,1,16.452940921605784,0.6827504279608626,0.981948230502136,0.0918131649012086
wh-meta-henrico-va-1,2013-10-30,2,15.563056699593863,0.6621868244829485,0.982022714062614,0.1074535729464895
wh-meta-henrico-va-1,2013-10-30,3,17.405032922002988,0.6729375129874149,0.9813013112961568,0.0977475224673395
wh-meta-henrico-va-1,2013-10-30,4,16.345803301226585,0.6956929160969216,0.9821782772605638,0.1161710828371044
wh-meta-henrico-va-1,2013-11-15,0,4.079223423784544,0.5141199725613529,0.9802112920767492,0.1154887746126991
wh-meta-henrico-va-1,2013-11-15,1,4.727801047630626,0.4378709594272512,0.9794175384752244,0.1212864969606032
wh-meta-henrico-va-1,2013-11-15,2,4.42583643663504,0.435415741751222,0.9789839852025262,0.1273846513475985
wh-meta-henrico-va-1,2013-11-15,3,3.8474080029414153,0.4534987740598786,0.9789581767893858,0.1287015829649906
wh-meta-henrico-va-1,2013-11-15,4,3.5397661883087386,0.4564502213201111,0.978817939408435,0.1347359112781531
wh-meta-henrico-va-1,2013-12-01,0,4.843426285139141,0.5806070447677983,0.9804732524095296,0.0748965682966446
wh-meta-henrico-va-1,2013-12-01,1,5.028100212110139,0.4797443985651272,0.9793525166981116,0.0850230022628519
wh-meta-henrico-va-1,2013-12-01,2,5.208113285336087,0.485016227171396,0.9790559758348952,0.0933704979695518
wh-meta-henrico-va-1,2013-12-01,3,4.996378320586512,0.4992610438866375,0.979036138303021,0.0989103104497595
wh-meta-henrico-va-1,2013-12-01,4,4.462422931326176,0.5013217858407497,0.9790545523658156,0.1059213152719969
wh-meta-henrico-va-1,2013-12-17,4,1.7039378428571663,0.4985127600130917,0.9790571428571428,0.1066253642857143
wh-meta-henrico-va-1,2014-01-18,0,4.8267525446039405,0.6613618021733898,0.9829319089834518,0.1006488294466947
wh-meta-henrico-va-1,2014-01-18,1,5.491871511787734,0.5114968112167433,0.9807779193913818,0.1022993813184904
wh-meta-henrico-va-1,2014-01-18,2,5.329081682831452,0.5053413806692215,0.9803265053435553,0.1037806814197151
wh-meta-henrico-va-1,2014-01-18,3,5.096516064350535,0.5264771527138238,0.980357743839365,0.105683113124102
wh-meta-henrico-va-1,2014-01-18,4,5.005957568051675,0.5256094219151823,0.9802448566924588,0.1033104262659976
wh-meta-henrico-va-1,2014-04-24,0,19.364008305932884,0.5647592211047594,0.9815825836515736,0.1456751330002159
wh-meta-henrico-va-1,2014-04-24,1,19.966285919859892,0.5175938064393762,0.9810589579528832,0.1532272988433936
wh-meta-henrico-va-1,2014-04-24,2,19.31878506542817,0.5266397650416178,0.9808059332352316,0.1519943383767231
wh-meta-henrico-va-1,2014-04-24,3,18.54549884309395,0.5491400994204155,0.9809713559810428,0.164788929990595
wh-meta-henrico-va-1,2014-04-24,4,18.126517351633876,0.5730430306201175,0.9810660783712174,0.1574016374945164
wh-meta-henrico-va-1,2014-05-26,0,30.205355203059785,0.8586519862113761,0.9864956164757248,0.1827091343406301
wh-meta-henrico-va-1,2014-05-26,1,31.3939711141188,0.8039701545946962,0.9856522276863872,0.1816696228323687
wh-meta-henrico-va-1,2014-05-26,2,31.967430106837337,0.7841575787416405,0.985149235322944,0.183003285382611
wh-meta-henrico-va-1,2014-05-26,3,31.634679813072218,0.7773570158674546,0.9849747738178752,0.1832764481026331
wh-meta-henrico-va-1,2014-05-26,4,30.303751668734233,0.7989984914786801,0.9851196745226728,0.1770582022444418
wh-meta-henrico-va-1,2014-06-11,0,30.140903059195985,0.8612410605041465,0.9859719254153146,0.2157520119904632
wh-meta-henrico-va-1,2014-06-11,1,31.434108856277003,0.811195873533135,0.9848935113888448,0.1913477479638793
wh-meta-henrico-va-1,2014-06-11,2,30.38196929712486,0.8256456692410109,0.9851670930199448,0.2033415050476242
wh-meta-henrico-va-1,2014-06-11,3,30.792118168584757,0.7772433236617527,0.9842413054855844,0.213336328837085
wh-meta-henrico-va-1,2014-06-11,4,30.804001726619944,0.8036857788245348,0.9844876463931304,0.1993033364439319
wh-meta-henrico-va-1,2014-06-27,0,34.664908846682486,0.8755684266852876,0.9851893530641928,0.1727964431503908
wh-meta-henrico-va-1,2014-06-27,1,35.770197003588365,0.8373588265461595,0.9847547192943904,0.1759481380050732
wh-meta-henrico-va-1,2014-06-27,2,36.44906529775357,0.8170764503949335,0.9842395827445476,0.1778262999938172
wh-meta-henrico-va-1,2014-06-27,3,36.20986202405916,0.806890996742228,0.9839851264966466,0.1761833682569473
wh-meta-henrico-va-1,2014-06-27,4,35.41948804223977,0.827300114756624,0.9840954866270134,0.170511352465653
wh-meta-henrico-va-1,2014-07-29,0,24.750815191551588,0.8648715144430047,0.986028467448629,0.155779791576116
wh-meta-henrico-va-1,2014-07-29,1,25.748813425705556,0.827377296214299,0.9855706220305996,0.1586246603211881
wh-meta-henrico-va-1,2014-07-29,2,26.325638274358752,0.8096050184717499,0.9851201841143972,0.1609238991317002
wh-meta-henrico-va-1,2014-07-29,3,25.829169550325652,0.8107126023739986,0.9851045542296444,0.1593853832103054
wh-meta-henrico-va-1,2014-07-29,4,25.50428267363754,0.8231072005005573,0.9850999714940338,0.1544052237009123
wh-meta-henrico-va-1,2014-08-14,0,25.9358433937406,0.8744044719092032,0.9858887788688864,0.147720681379478
wh-meta-henrico-va-1,2014-08-14,1,26.92346109669927,0.8339008407053505,0.9853558892483968,0.1501153680927211
wh-meta-henrico-va-1,2014-08-14,2,27.426204816988047,0.8185649696078372,0.984926304569447,0.1518064944487571
wh-meta-henrico-va-1,2014-08-14,3,26.89882098074046,0.8225220126803892,0.984945556184807,0.1512034586634894
wh-meta-henrico-va-1,2014-08-14,4,26.60742410153768,0.8331903541424847,0.9850005870730484,0.1465491324281126
wh-meta-henrico-va-1,2014-08-30,2,28.452295898977315,0.7651321640806102,0.9815880541242183,0.154575431722751
wh-meta-henrico-va-1,2014-08-30,3,28.846245296149476,0.7663015027938005,0.9825575306982722,0.171729595090699
wh-meta-henrico-va-1,2014-08-30,4,29.167784196076234,0.7832779823443103,0.9823810947763244,0.1638805040128945
wh-meta-henrico-va-1,2014-09-15,1,26.86256305218683,0.647999109911339,0.9816039228092376,0.1209056831195626
wh-meta-henrico-va-1,2014-09-15,2,24.50508205932464,0.7888418422977654,0.9838677171807052,0.141170981592912
wh-meta-henrico-va-1,2014-09-15,3,25.785686171740203,0.7785359684270381,0.9841826796020572,0.1558276196999366
wh-meta-henrico-va-1,2014-09-15,4,24.95138790107192,0.8039807902522521,0.9845507796529464,0.1437008405694461
wh-meta-henrico-va-1,2014-10-01,0,22.33239607482741,0.8261057046699266,0.9838324061287568,0.1541653859113254
wh-meta-henrico-va-1,2014-10-01,1,23.70918232046546,0.7921409502685531,0.9837791185870014,0.1541925202640787
wh-meta-henrico-va-1,2014-10-01,2,24.206909136256375,0.7646540172265412,0.9832356533523372,0.1502834554530464
wh-meta-henrico-va-1,2014-10-01,3,24.673220015224658,0.7575848839944215,0.9827792582555436,0.1395358826272079
wh-meta-henrico-va-1,2014-10-01,4,24.03808023940218,0.7767094956112174,0.9830938692695554,0.1351483484263919
wh-meta-henrico-va-1,2014-10-17,0,21.611318742100657,0.8101482579332666,0.9838533410620104,0.1086557887449763
wh-meta-henrico-va-1,2014-10-17,1,22.10933326635272,0.7639480981439452,0.9832965951610586,0.1123553603233969
wh-meta-henrico-va-1,2014-10-17,2,22.374716236036313,0.7500748804040881,0.9828496204037712,0.1141309247156237
wh-meta-henrico-va-1,2014-10-17,3,22.24550804779218,0.747713025089877,0.9826726424899068,0.1146994367971021
wh-meta-henrico-va-1,2014-10-17,4,22.013012192450383,0.7539438615117652,0.982657600470653,0.1125061277145311
wh-meta-henrico-va-1,2014-11-02,2,5.555012950195722,0.7348688495532489,0.981261350293542,0.0894902746575342
wh-meta-henrico-va-1,2014-11-02,3,6.291527465149609,0.7154517873847863,0.981188485947416,0.0897297663463281
wh-meta-henrico-va-1,2014-11-02,4,6.993730700000018,0.7377137352575206,0.982072222222222,0.1189434870833333
wh-meta-henrico-va-1,2014-11-18,0,-1.1288090774304205,0.5742003078013873,0.98094865248227,0.1128089305956763
wh-meta-henrico-va-1,2014-11-18,1,-0.6486452629362852,0.5065403847800547,0.9802407857203936,0.1170201164658921
wh-meta-henrico-va-1,2014-11-18,2,-0.2762443729856947,0.5047405041978499,0.979871599241776,0.1167245747011112
wh-meta-henrico-va-1,2014-11-18,3,-0.1804657693391058,0.5151366559741033,0.9798510859001734,0.1186888283466406
wh-meta-henrico-va-1,2014-11-18,4,-0.3476799499918025,0.5209015961524839,0.9796722980204152,0.1196496174998319
wh-meta-henrico-va-1,2015-01-05,0,9.4391854617807,0.6935079652943358,0.9817025650118206,0.0961509480793325
wh-meta-henrico-va-1,2015-01-05,1,9.781206086079637,0.5472544777015904,0.9799504047101264,0.0970624323144971
wh-meta-henrico-va-1,2015-01-05,2,9.768587565595451,0.5338967298260396,0.9794246277698044,0.0989640797842605
wh-meta-henrico-va-1,2015-01-05,3,9.567740830516168,0.5491155612147196,0.9793610991017646,0.1017668213585845
wh-meta-henrico-va-1,2015-01-05,4,9.449653797377854,0.5452626570272495,0.9791357039248256,0.099909743471884
wh-meta-henrico-va-1,2015-02-06,0,1.360466313727516,0.6549483162824096,0.9830848240589196,0.1013584533973563
wh-meta-henrico-va-1,2015-02-06,1,2.249310039272984,0.5124936237997103,0.9810259994998896,0.1053471157505929
wh-meta-henrico-va-1,2015-02-06,2,2.1781692390461624,0.5008536149078398,0.9805243825148025,0.1078917780706699
wh-meta-henrico-va-1,2015-02-06,3,1.8689708783985963,0.5150385757349611,0.9805228352221994,0.1118715801123609
wh-meta-henrico-va-1,2015-02-06,4,1.7339522398867353,0.512395072345371,0.9803503293472764,0.108825228792251
wh-meta-henrico-va-1,2015-04-11,3,18.34066669035933,0.5552502497440317,0.9809506162056664,0.1332932490651819
wh-meta-henrico-va-1,2015-04-11,4,17.942716661950204,0.5163970518480576,0.980294221528275,0.1154442994925803
wh-meta-henrico-va-1,2015-04-27,0,22.68780199762685,0.6604215365364627,0.9833540175486456,0.1276164882135046
wh-meta-henrico-va-1,2015-04-27,1,23.406311772396272,0.6243597563215272,0.9829287093376567,0.1357092206939176
wh-meta-henrico-va-1,2015-04-27,2,22.977245292178136,0.6335058624514994,0.982824820383613,0.1402496910297713
wh-meta-henrico-va-1,2015-04-27,3,21.569036346839976,0.6756851405833163,0.9833694544991584,0.1420144581546132
wh-meta-henrico-va-1,2015-04-27,4,20.739542441878275,0.6952315529643658,0.9835152317329792,0.1398771910550301
wh-meta-henrico-va-1,2015-05-13,0,24.295661805771676,0.835107557802368,0.9858640025459192,0.1692649246843743
wh-meta-henrico-va-1,2015-05-13,1,25.89574554070696,0.7892619851663255,0.985265040349776,0.1729815412901812
wh-meta-henrico-va-1,2015-05-13,2,25.805908707109975,0.7767037972296829,0.9848339593877562,0.1744178952106979
wh-meta-henrico-va-1,2015-05-13,3,25.327082266518406,0.7828078144792273,0.984733115879058,0.1815030843380997
wh-meta-henrico-va-1,2015-05-13,4,24.249565228952815,0.7926429971500742,0.984726789479903,0.1811688949278801
wh-meta-henrico-va-1,2015-05-29,0,28.50805781940792,0.8771703879814231,0.9868545394066932,0.1993659981821671
wh-meta-henrico-va-1,2015-05-29,1,29.74932213842651,0.8250646832384005,0.9857732240850406,0.1948774080019169
wh-meta-henrico-va-1,2015-05-29,2,29.966237788408804,0.8191568019839954,0.9855760471003872,0.1995910755188363
wh-meta-henrico-va-1,2015-05-29,3,30.02386124532394,0.7938595589881232,0.9850038304525072,0.1902408701840801
wh-meta-henrico-va-1,2015-05-29,4,29.795124136075536,0.8084748729211405,0.985052194353162,0.1885508348052156
wh-meta-henrico-va-1,2015-06-14,0,34.03401974029626,0.8830658527521908,0.9867330737406802,0.1772750469471152
wh-meta-henrico-va-1,2015-06-14,1,35.19171493116273,0.8478560506133349,0.9862811238832792,0.1816127385125975
wh-meta-henrico-va-1,2015-06-14,2,35.61500756117394,0.8330652367138845,0.9858561043064727,0.1820903461700937
wh-meta-henrico-va-1,2015-06-14,3,36.02963668933726,0.8075846747604281,0.9853358042608282,0.1784227200526674
wh-meta-henrico-va-1,2015-06-14,4,35.10689100275023,0.8274560371805227,0.9855056032227044,0.1736838326385251
wh-meta-henrico-va-1,2015-06-30,0,29.983319964994276,0.8815045652190014,0.986710289143482,0.1687910365857767
wh-meta-henrico-va-1,2015-06-30,1,30.958194110415107,0.849750814204344,0.98632094247979,0.1750538515943085
wh-meta-henrico-va-1,2015-06-30,2,31.311916210198476,0.8353040124022882,0.9859069515424485,0.1764280639093906
wh-meta-henrico-va-1,2015-06-30,3,30.819334618294107,0.8137032041222934,0.9854766634904608,0.1734702617160984
wh-meta-henrico-va-1,2015-06-30,4,30.6282400025818,0.8288291462594043,0.9855444197623574,0.1677306872961375
wh-meta-henrico-va-1,2015-07-16,1,26.39205215857142,0.8851971723912405,0.9857071428571428,0.1891542648214286
wh-meta-henrico-va-1,2015-07-16,2,27.091935796298504,0.8253222127234916,0.9836812625695408,0.2161059538538536
wh-meta-henrico-va-1,2015-07-16,3,22.99683922506236,0.8975454968014877,0.9852165322158196,0.1973362943666841
wh-meta-henrico-va-1,2015-07-16,4,25.54211655752477,0.8012572742074652,0.9834378528441082,0.2027935147171908
wh-meta-henrico-va-1,2015-08-01,0,31.303318218677575,0.8816555728931533,0.9852814366248404,0.1529315804895548
wh-meta-henrico-va-1,2015-08-01,1,31.955330219722324,0.8505383411846571,0.9849599533230776,0.1584804497347675
wh-meta-henrico-va-1,2015-08-01,2,32.5685896080109,0.8389748650665456,0.9845693368009862,0.1594729673423862
wh-meta-henrico-va-1,2015-08-01,3,32.642774163090465,0.8308960931009128,0.984428474656298,0.1571613382223633
wh-meta-henrico-va-1,2015-08-01,4,32.31951722408359,0.8306452929665828,0.9842765565811638,0.1529302091679681
wh-meta-henrico-va-1,2015-08-17,0,30.350472901565468,0.8782328992143333,0.9862507555919262,0.1449609372766979
wh-meta-henrico-va-1,2015-08-17,1,31.011275007126127,0.8428308899661326,0.9858414187965548,0.1517495591665481
wh-meta-henrico-va-1,2015-08-17,2,31.342622878434543,0.8344213278696807,0.9855088733648236,0.1526534095436843
wh-meta-henrico-va-1,2015-08-17,3,31.30264216125385,0.832307962796431,0.9854791767894914,0.1510164050343528
wh-meta-henrico-va-1,2015-08-17,4,31.054749045749265,0.8310536727705105,0.9852844323297562,0.1469960778387765
wh-meta-henrico-va-1,2015-09-02,3,23.020849358814736,0.8322313294219227,0.9846536255672962,0.1466269438445106
wh-meta-henrico-va-1,2015-09-02,4,26.971540994267503,0.8117895101620969,0.9839601007743498,0.142216760735173
wh-meta-henrico-va-1,2015-09-18,0,26.451568876910827,0.8591812223769975,0.9856361420258224,0.1254401304322147
wh-meta-henrico-va-1,2015-09-18,1,26.920103590528775,0.824631783400931,0.985249137333165,0.1320951805961386
wh-meta-henrico-va-1,2015-09-18,2,27.22213757713947,0.8112821546783928,0.984843486066043,0.1338747095462278
wh-meta-henrico-va-1,2015-09-18,3,27.235388295592585,0.7979314119564858,0.984537790083528,0.1336659388412786
wh-meta-henrico-va-1,2015-09-18,4,26.85099510337951,0.8039695593633398,0.9845400592437988,0.1328522246827289
wh-meta-henrico-va-1,2015-10-20,0,17.62303674215548,0.8287344025320449,0.9855977314057122,0.1078391430993249
wh-meta-henrico-va-1,2015-10-20,1,18.164380242910227,0.7746877587797875,0.9848622270044184,0.1136216726045343
wh-meta-henrico-va-1,2015-10-20,2,18.32095835943787,0.7620127251221015,0.9844627065877296,0.1159860246491545
wh-meta-henrico-va-1,2015-10-20,3,18.25992663752884,0.7462797290726215,0.9841034657020982,0.1180961913670249
wh-meta-henrico-va-1,2015-10-20,4,17.912032711997785,0.7505635740323526,0.984125739395998,0.1163757181312757
wh-meta-henrico-va-1,2015-11-05,0,21.695927383821573,0.6998176493054207,0.9806513382899628,0.1060273218382899
wh-meta-henrico-va-1,2015-11-05,1,23.31878711418544,0.6150554877487011,0.9809879166716466,0.1356898203164553
wh-meta-henrico-va-1,2015-11-05,2,23.134849470003537,0.6249289940009332,0.9806388384360736,0.1244101953152802
wh-meta-henrico-va-1,2015-11-05,3,23.044892311949745,0.6712010653572948,0.9810254097096625,0.1014623962595727
wh-meta-henrico-va-1,2015-11-05,4,22.592397851028412,0.6140227502195243,0.979923159104378,0.1083576868296428
wh-meta-henrico-va-1,2015-11-21,0,12.841708013653063,0.7124505681426021,0.9822697949627184,0.0911532761001999
wh-meta-henrico-va-1,2015-11-21,1,13.453838058367658,0.5931186106084168,0.980786438081092,0.0950413511457139
wh-meta-henrico-va-1,2015-11-21,2,13.463498864254085,0.5858315214167652,0.9803666062230664,0.09644668125112
wh-meta-henrico-va-1,2015-11-21,3,13.466190258725938,0.5836706329656165,0.9801501217495492,0.1003521994904487
wh-meta-henrico-va-1,2015-11-21,4,13.353164012959652,0.5804617704166654,0.9799685167405636,0.0978642045886279
wh-meta-henrico-va-1,2016-01-24,0,-2.684690988927149,0.5084076131463594,0.9903351741225804,0.1852942066762818
wh-meta-henrico-va-1,2016-01-24,1,-2.7222688483153252,0.2991690340737937,0.989993901842072,0.2702572957154452
wh-meta-henrico-va-1,2016-01-24,2,-2.880221652543566,0.2981401308061431,0.989550641231362,0.2803176514590695
wh-meta-henrico-va-1,2016-01-24,3,-2.989830652262655,0.3223902815987989,0.9891529892062346,0.2949262512286389
wh-meta-henrico-va-1,2016-01-24,4,-2.8433716358558168,0.3316962520436838,0.9888568604836304,0.2638874432576061
wh-meta-henrico-va-1,2016-02-09,4,4.574114151427921,0.5298191165294457,0.976769649291178,0.0674134323190525
wh-meta-henrico-va-1,2016-03-28,0,24.227577290146495,0.643638220388811,0.9816801868521552,0.1079864102539211
wh-meta-henrico-va-1,2016-03-28,1,25.330242299202897,0.5410502346385482,0.980443464245932,0.11389665073623
wh-meta-henrico-va-1,2016-03-28,2,25.07951070454916,0.5382393239414888,0.9800804440511872,0.1172905197370421
wh-meta-henrico-va-1,2016-03-28,3,24.294579259138427,0.5586355808291662,0.9801325131766035,0.1213261412635429
wh-meta-henrico-va-1,2016-03-28,4,23.942748632524847,0.5652326685886466,0.980104117936804,0.1179449287785239
wh-meta-henrico-va-1,2016-04-13,0,18.362912468156324,0.6264822639593588,0.9827230873795232,0.1163621774078014
wh-meta-henrico-va-1,2016-04-13,1,19.71281258482446,0.5529864598824328,0.9817367076100044,0.1238494813055293
wh-meta-henrico-va-1,2016-04-13,2,19.56456131853968,0.5563641838105917,0.981502495652803,0.1273526567394379
wh-meta-henrico-va-1,2016-04-13,3,18.706248889363337,0.5816305764680072,0.9817647653641596,0.1311365033144801
wh-meta-henrico-va-1,2016-04-13,4,18.19315114600624,0.5981561563577505,0.9819037222521808,0.126873604605288
wh-meta-henrico-va-1,2016-05-15,0,18.2283058648789,0.8454407913784125,0.9861553927986914,0.1631641929195421
wh-meta-henrico-va-1,2016-05-15,1,19.438044402382697,0.8058736215570961,0.985632774743852,0.171456004088129
wh-meta-henrico-va-1,2016-05-15,2,19.38355232043795,0.7795021649026267,0.984937221993602,0.1790349837145705
wh-meta-henrico-va-1,2016-05-15,3,18.325228538048716,0.7719929931118402,0.9848424333326682,0.1740555492750752
wh-meta-henrico-va-1,2016-05-15,4,18.141147763968117,0.7856639681718972,0.9848828456730458,0.1763690493422651
wh-meta-henrico-va-1,2016-06-16,3,21.337104270243923,0.8733484846145295,0.9847439024390242,0.1117690095121951
wh-meta-henrico-va-1,2016-06-16,4,27.501424245232123,0.8705907154470522,0.9855044926768226,0.1618122700005222
wh-meta-henrico-va-1,2016-07-02,0,29.027931644731645,0.8907570165062677,0.9854752800509172,0.1652225375976541
wh-meta-henrico-va-1,2016-07-02,1,29.848674246313568,0.859806115220946,0.9851699947715826,0.1732345806994642
wh-meta-henrico-va-1,2016-07-02,2,30.221348261595892,0.8505728650818103,0.9848129835323838,0.1739691454202024
wh-meta-henrico-va-1,2016-07-02,3,30.392046108336405,0.8308038855847683,0.9844165050836023,0.1688351595249692
wh-meta-henrico-va-1,2016-07-02,4,30.345359811964716,0.8277789861660272,0.9842621526905218,0.1654424797543569
wh-meta-henrico-va-1,2016-07-18,0,14.958861463009924,0.8335335182954058,0.9837165332694922,0.1626421149118952
wh-meta-henrico-va-1,2016-07-18,1,16.241747494701233,0.8152203223236345,0.983614336315782,0.1664620878828213
wh-meta-henrico-va-1,2016-07-18,2,16.968767802362578,0.8059085385047445,0.9833284073597072,0.1679853680270234
wh-meta-henrico-va-1,2016-07-18,3,17.427738572918667,0.7913129428109235,0.9829968421462018,0.1652510376512785
wh-meta-henrico-va-1,2016-07-18,4,18.43322291258971,0.792173824193064,0.9827609796112724,0.1623150619585727
wh-meta-henrico-va-1,2016-08-03,0,22.652073959270172,0.8656313076492861,0.9846406319115326,0.1625559735181675
wh-meta-henrico-va-1,2016-08-03,1,23.738522705645604,0.8685701445807894,0.9859363924050634,0.1832834740664557
wh-meta-henrico-va-1,2016-08-03,2,27.132649882902612,0.8394179879583816,0.9850763591100264,0.1906430034499536
wh-meta-henrico-va-1,2016-08-03,3,26.947623872530688,0.8694764798252603,0.9855898026937951,0.1830630928645462
wh-meta-henrico-va-1,2016-08-03,4,27.055240081691743,0.8547932620395002,0.985234985616266,0.1767087236132855
wh-meta-henrico-va-1,2016-08-19,1,-42.75531735318179,0.6899274972122764,0.9824515151515152,0.1779010575109649
wh-meta-henrico-va-1,2016-08-19,2,-19.664257252297883,0.6557514646380672,0.98208962444303,0.197401266637492
wh-meta-henrico-va-1,2016-09-04,3,16.280263172000016,0.793910032377379,0.9824,0.1945897913333333
wh-meta-henrico-va-1,2016-10-22,0,15.538703827182491,0.8298115388536643,0.9840907555919248,0.1078410581911483
wh-meta-henrico-va-1,2016-10-22,1,16.112450537860653,0.7820444653638579,0.9835271582393112,0.1131042952476303
wh-meta-henrico-va-1,2016-10-22,2,16.290979263049103,0.7757871278244424,0.9831931813781656,0.1155403870212076
wh-meta-henrico-va-1,2016-10-22,3,16.45767395075502,0.7461481903559017,0.982633603910857,0.1171343846124857
wh-meta-henrico-va-1,2016-10-22,4,16.37120153970469,0.7501543763394015,0.9825798700593608,0.1150059159020619
wh-meta-henrico-va-1,2016-11-07,0,12.82134172066041,0.7753606685311923,0.9832083597017638,0.1022874802330765
wh-meta-henrico-va-1,2016-11-07,1,13.367712180138094,0.7059176954607096,0.9823999687810202,0.1075964850088694
wh-meta-henrico-va-1,2016-11-07,2,13.561355616211314,0.6988129210621935,0.9820363919335484,0.1108798076424055
wh-meta-henrico-va-1,2016-11-07,3,13.602456315355004,0.6820641904768532,0.9816515445563264,0.1143078192358083
wh-meta-henrico-va-1,2016-11-07,4,13.455510897772925,0.6828854763363221,0.9815413341112884,0.11154602271707
wh-meta-henrico-va-1,2016-11-23,0,10.022218201336353,0.7213896705869473,0.983264247135842,0.0996376469025731
wh-meta-henrico-va-1,2016-11-23,1,10.536107490166716,0.6154107918138323,0.9818737862106064,0.1039272741484871
wh-meta-henrico-va-1,2016-11-23,2,10.663273979846425,0.5999187901831909,0.981368206669424,0.1072102867857119
wh-meta-henrico-va-1,2016-11-23,3,10.673038969698055,0.5903820845512552,0.981058988721008,0.1123594124885287
wh-meta-henrico-va-1,2016-11-23,4,10.401787657572417,0.58104401226895,0.98079722416268,0.1101930594625248
wh-meta-henrico-va-1,2016-12-09,0,3.737042254053209,0.7224575764075383,0.98204420167303,0.0918838138214901
wh-meta-henrico-va-1,2016-12-09,1,4.331378469973999,0.5882332128185368,0.9804373967007894,0.0937470261438082
wh-meta-henrico-va-1,2016-12-09,2,4.277316266817474,0.5734753092355257,0.9799280297941728,0.0965861999694495
wh-meta-henrico-va-1,2016-12-09,3,4.279219825345601,0.569059427782132,0.97967463657862,0.1012960103357096
wh-meta-henrico-va-1,2016-12-09,4,4.369519428447554,0.5528674742858559,0.9793395992759923,0.0993737589669997
wh-meta-henrico-va-1,2017-01-26,0,17.28024849514077,0.6957828481147027,0.9831346326604816,0.0959437412801191
wh-meta-henrico-va-1,2017-01-26,1,17.830964032566822,0.5564274425417014,0.9811056371475544,0.0964864606015905
wh-meta-henrico-va-1,2017-01-26,2,17.758380792172296,0.5473367735476864,0.9806389531866236,0.099384782683107
wh-meta-henrico-va-1,2017-01-26,3,17.53336933366638,0.5537258711840273,0.9805724433144016,0.1045581924824447
wh-meta-henrico-va-1,2017-01-26,4,17.368638543765165,0.5381762456134856,0.980216763975871,0.102072906228596
wh-meta-henrico-va-1,2017-02-27,3,7.40479947730176,0.5171423928118652,0.9809978406267912,0.1754762147092967
wh-meta-henrico-va-1,2017-02-27,4,7.1766536073255995,0.5374086971800219,0.9802842766757868,0.2166151925831481
wh-meta-henrico-va-1,2017-03-15,0,3.5791706449771077,0.6343611069968061,0.9825896781232936,0.1099326713114431
wh-meta-henrico-va-1,2017-03-15,1,4.930660572209726,0.5177266051053272,0.9808754841692352,0.1090177820981323
wh-meta-henrico-va-1,2017-03-15,2,4.487749479286643,0.5026010369450046,0.9804293277768208,0.1186830077705475
wh-meta-henrico-va-1,2017-03-15,3,4.067523558702051,0.5277640646768359,0.980774991081773,0.1267264174781641
wh-meta-henrico-va-1,2017-03-15,4,4.1633467143365195,0.5245981280036129,0.9805675786414196,0.1211426190146443
wh-meta-henrico-va-1,2017-04-16,0,28.959239527724243,0.6655899648833151,0.9832889034369882,0.1274811756683486
wh-meta-henrico-va-1,2017-04-16,1,30.198103275985616,0.6073296917354597,0.9825998752756268,0.135817147714782
wh-meta-henrico-va-1,2017-04-16,2,30.00187972924525,0.6105435729889965,0.9823701320260824,0.1417036949238293
wh-meta-henrico-va-1,2017-04-16,3,28.23103244039267,0.6304927503184643,0.9825333628775912,0.1485915306467487
wh-meta-henrico-va-1,2017-04-16,4,27.034147675211248,0.6534776049672443,0.9825180886653114,0.1437661034865815
wh-meta-henrico-va-1,2017-05-02,0,23.607745360361733,0.8605357575903682,0.9862347563193312,0.1483052910006363
wh-meta-henrico-va-1,2017-05-02,1,24.854802619494535,0.8263580481826309,0.9857739747368748,0.1561337276534958
wh-meta-henrico-va-1,2017-05-02,2,25.193088868224915,0.8045745406983351,0.985239082447156,0.1606039521132821
wh-meta-henrico-va-1,2017-05-02,3,24.93191191676069,0.7889957881566915,0.9849860653237614,0.1645814362969638
wh-meta-henrico-va-1,2017-05-02,4,24.72969234428935,0.8051268744815891,0.9851163022444313,0.1607456042809989
wh-meta-henrico-va-1,2017-05-18,0,27.43140943503276,0.8686883071060021,0.9863646540280068,0.1678792370001589
wh-meta-henrico-va-1,2017-05-18,1,26.93328874986425,0.8560522278512576,0.9861914052675308,0.1673936193773031
wh-meta-henrico-va-1,2017-05-18,2,25.75384481146842,0.8253166501027032,0.985435839352422,0.1683306967274118
wh-meta-henrico-va-1,2017-05-18,3,27.991777297182747,0.7617791738484141,0.9842325788537128,0.1809480653411385
wh-meta-henrico-va-1,2017-05-18,4,25.093630388699783,0.781715006339086,0.9842904341071228,0.1791925927409611
wh-meta-henrico-va-1,2017-06-03,0,29.12835208092546,0.8855715899245042,0.9863528423349704,0.1676453240279027
wh-meta-henrico-va-1,2017-06-03,1,30.17696190633983,0.8579030523617072,0.9860488270908032,0.1781458960669428
wh-meta-henrico-va-1,2017-06-03,2,30.788076008146525,0.8394546601817889,0.9855657980095656,0.1797289525514456
wh-meta-henrico-va-1,2017-06-03,3,30.977140701875225,0.8186581560572153,0.9852092778176555,0.1782693894244263
wh-meta-henrico-va-1,2017-06-03,4,30.781772189936884,0.8104306443336521,0.9849312713253616,0.1738949559986123
wh-meta-henrico-va-1,2017-06-19,0,23.89423638114485,0.8304291077465327,0.985439271238316,0.2020726696917652
wh-meta-henrico-va-1,2017-06-19,1,24.518012264599577,0.8587840883785168,0.9862241214165256,0.2060288558096121
wh-meta-henrico-va-1,2017-06-19,2,25.285221865317897,0.802341663116095,0.9846337671932238,0.1987593879778768
wh-meta-henrico-va-1,2017-06-19,3,26.31885158159102,0.8059664386892423,0.9847418212175942,0.2020464778439333
wh-meta-henrico-va-1,2017-06-19,4,26.07454630290576,0.7842603317787921,0.9842995379066484,0.1982954593368451
wh-meta-henrico-va-1,2017-07-05,4,22.454544392855578,0.8342929416880285,0.9840840380395034,0.1482393360931856
wh-meta-henrico-va-1,2017-07-21,0,21.877519161995913,0.859483883465916,0.9857268844335346,0.1644639779335901
wh-meta-henrico-va-1,2017-07-21,1,22.32272142068981,0.8275073601442136,0.9855462497526826,0.1742073341191576
wh-meta-henrico-va-1,2017-07-21,2,22.86264479309487,0.8202979367719153,0.9852273146671958,0.1750822018593571
wh-meta-henrico-va-1,2017-07-21,3,23.062186911944575,0.8162359291261544,0.9850763097811784,0.1716617709688329
wh-meta-henrico-va-1,2017-07-21,4,23.65393317068569,0.8162776055622215,0.984970569948554,0.1676706906225826
wh-meta-henrico-va-1,2017-08-06,0,28.48873369083717,0.8884757102436748,0.9863650900163689,0.1476845949104267
wh-meta-henrico-va-1,2017-08-06,1,29.030251365652465,0.8543591665741914,0.9859783664593,0.1572346451300209
wh-meta-henrico-va-1,2017-08-06,2,29.652281970223584,0.8394746705378148,0.9855495916094272,0.1594032012073483
wh-meta-henrico-va-1,2017-08-06,3,29.65399436608944,0.8379004361458996,0.9854946659697936,0.1589741559562924
wh-meta-henrico-va-1,2017-08-06,4,29.52696644758548,0.8303692945506093,0.9853332452442712,0.1567765138389479
wh-meta-henrico-va-1,2017-08-22,0,30.961851727269305,0.880546579257596,0.9848078746135648,0.1361867728440739
wh-meta-henrico-va-1,2017-08-22,1,31.59808938616053,0.8516050767388373,0.9845964737707528,0.1465519729938661
wh-meta-henrico-va-1,2017-08-22,2,31.900123195988687,0.8398487078610521,0.9842096641574738,0.1494353194438244
wh-meta-henrico-va-1,2017-08-22,3,31.745107175371736,0.8405781029227557,0.9841635277972874,0.1500560683233343
wh-meta-henrico-va-1,2017-08-22,4,31.793214021898528,0.8381831615391857,0.984074684269805,0.1491191942170395
wh-meta-henrico-va-1,2017-09-07,0,22.29739556986335,0.8812406884265994,0.9861384078923454,0.1277838993362657
wh-meta-henrico-va-1,2017-09-07,1,22.97410212089546,0.8496061180613536,0.9858054507649152,0.1371668612339318
wh-meta-henrico-va-1,2017-09-07,2,23.24912102774209,0.8346787054975776,0.985314247096134,0.1416030991160412
wh-meta-henrico-va-1,2017-09-07,3,23.33479799093386,0.8327575179205406,0.98531454896405,0.1462054884868535
wh-meta-henrico-va-1,2017-09-07,4,23.358289512563825,0.8294616807120946,0.985282028944983,0.1430220781387041
wh-meta-henrico-va-1,2017-09-23,0,26.91534848988869,0.8700497699032551,0.9846307583196958,0.1089185139658234
wh-meta-henrico-va-1,2017-09-23,1,27.42573786013504,0.8410218055564808,0.9845066755575114,0.1255004273584993
wh-meta-henrico-va-1,2017-09-23,2,27.794587015723497,0.8300091670575782,0.9841729775420271,0.1313855843517822
wh-meta-henrico-va-1,2017-09-23,3,28.011610176078197,0.8131536265859006,0.9838535212014762,0.1347101382482542
wh-meta-henrico-va-1,2017-09-23,4,27.19433199367326,0.8110873892982774,0.983695677871968,0.1285118407727442
wh-meta-henrico-va-1,2017-10-25,0,14.77884307980098,0.7917185371926446,0.9823926977607526,0.1191369667509677
wh-meta-henrico-va-1,2017-10-25,1,15.484732056996908,0.7335765053671246,0.9822731357157056,0.132372511452054
wh-meta-henrico-va-1,2017-10-25,2,16.479123725779704,0.7410771648530056,0.9821265837478724,0.1222444003896494
wh-meta-henrico-va-1,2017-10-25,3,17.513569566191258,0.6967499980720177,0.9813140164789836,0.1123585380104479
wh-meta-henrico-va-1,2017-10-25,4,16.833012684295742,0.7227662476968254,0.981548476518038,0.1120618486545206
wh-meta-henrico-va-1,2017-11-10,0,10.778314387078572,0.7367822420683955,0.9834201545735564,0.0949007867000134
wh-meta-henrico-va-1,2017-11-10,1,11.457203365328366,0.6527582860674328,0.9824608835274402,0.1017454322888173
wh-meta-henrico-va-1,2017-11-10,2,11.46657217192993,0.645990936434995,0.9820125274618572,0.1025044093526206
wh-meta-henrico-va-1,2017-11-10,3,11.510957577760484,0.6182630248599608,0.9815918625903824,0.107722699209038
wh-meta-henrico-va-1,2017-11-10,4,11.32444698628584,0.6304584278465953,0.9814627382332748,0.1065858370715602
wh-meta-henrico-va-1,2017-11-26,0,13.23418498830198,0.7272349717780893,0.9837742785051824,0.0954156207963379
wh-meta-henrico-va-1,2017-11-26,1,13.620971163405924,0.6063114923811589,0.9821488955906962,0.1015861096599518
wh-meta-henrico-va-1,2017-11-26,2,13.558982620789346,0.5970737226356756,0.981740119430483,0.1048203439301061
wh-meta-henrico-va-1,2017-11-26,3,13.768742861127638,0.5674063602199465,0.981188379446994,0.1119306185942435
wh-meta-henrico-va-1,2017-11-26,4,13.428299708719658,0.5643686041580039,0.9810128505343284,0.1101588717178464
wh-meta-henrico-va-1,2017-12-28,0,-4.017120029395222,0.7363348424840898,0.9836650359156188,0.0935463650131499
wh-meta-henrico-va-1,2017-12-28,1,-3.1663555066793574,0.5848284778365493,0.9815842619969524,0.0967688034100748
wh-meta-henrico-va-1,2017-12-28,2,-3.075858894447849,0.5748648310127845,0.9811467584221976,0.1002563556302226
wh-meta-henrico-va-1,2017-12-28,3,-2.633438793559806,0.5415031719333285,0.980554173863172,0.1102444534358837
wh-meta-henrico-va-1,2017-12-28,4,-2.7642761433708545,0.5338632098633462,0.9802915733233012,0.1055026441188054
wh-meta-henrico-va-1,2018-03-02,0,9.085843399582028,0.7055001762941419,0.9811350153768906,0.0650451024373549
wh-meta-henrico-va-1,2018-03-02,1,9.686416503325256,0.5880875666953209,0.9801347521554722,0.0794709584447943
wh-meta-henrico-va-1,2018-03-02,2,9.900657332743496,0.5461156405720285,0.979501919293321,0.0888656409605133
wh-meta-henrico-va-1,2018-03-02,3,9.976012583704025,0.5392241092037062,0.9803877797847692,0.1212369292769322
wh-meta-henrico-va-1,2018-03-02,4,10.096080517272116,0.5168090080079476,0.97943159576219,0.1185674753822527
wh-meta-henrico-va-1,2018-03-18,0,14.00239595403358,0.6661980646338932,0.9832257837788686,0.1061132854894072
wh-meta-henrico-va-1,2018-03-18,1,15.69697921628858,0.5346631193000989,0.9813944089231718,0.1128020758034758
wh-meta-henrico-va-1,2018-03-18,2,15.587175971463257,0.5301578837231334,0.9810430127328472,0.1170637618173711
wh-meta-henrico-va-1,2018-03-18,3,15.75989569166632,0.5203143143638872,0.980786737274422,0.1262354335162953
wh-meta-henrico-va-1,2018-03-18,4,15.208060268487491,0.5145574261646646,0.9805628007332382,0.1209277918429849
wh-meta-henrico-va-1,2018-04-19,0,25.165007486235695,0.6345301537445145,0.9828302091289318,0.1222866245025003
wh-meta-henrico-va-1,2018-04-19,1,26.924098904706447,0.5433842066917474,0.9816269193989584,0.1307617163351608
wh-meta-henrico-va-1,2018-04-19,2,26.786348677487133,0.5482326680327558,0.9813831490019472,0.1356874542422176
wh-meta-henrico-va-1,2018-04-19,3,26.207686118384633,0.5590832760376587,0.9814575023080788,0.1438250683301344
wh-meta-henrico-va-1,2018-04-19,4,25.383878033091545,0.5621479062759016,0.9813139977491484,0.1382913036083989
wh-meta-henrico-va-1,2018-05-05,4,15.852061009832418,0.8049138782847408,0.9830603351955306,0.1769317746089386
wh-meta-henrico-va-1,2018-05-21,0,22.3461320060454,0.6977891173852384,0.982270254237288,0.24226207269965
wh-meta-henrico-va-1,2018-05-21,1,22.88794979641691,0.7244352138799698,0.9826604134974593,0.2208373395550698
wh-meta-henrico-va-1,2018-05-21,2,23.47197577691932,0.6685897193457736,0.981033819707272,0.2292715198777594
wh-meta-henrico-va-1,2018-05-21,3,24.254790800995753,0.629052829838551,0.9806413985751448,0.2223689624920875
wh-meta-henrico-va-1,2018-05-21,4,22.909027304807527,0.7060280869182218,0.9814597846464156,0.2037857284427029
wh-meta-henrico-va-1,2018-07-08,0,25.21062036953521,0.8911837068925993,0.9855222172213146,0.1532291036170437
wh-meta-henrico-va-1,2018-07-08,1,26.171346871646033,0.8648140854392138,0.9852593818338928,0.1665579835145031
wh-meta-henrico-va-1,2018-07-08,2,26.767680353612626,0.8468222047642955,0.984774198710172,0.1690386081091974
wh-meta-henrico-va-1,2018-07-08,3,27.78349553296346,0.8048091194555274,0.9841791123982868,0.1699179260641721
wh-meta-henrico-va-1,2018-07-08,4,26.91408779332121,0.8316769272535657,0.9844254126639536,0.1635159695005397
wh-meta-henrico-va-1,2018-08-09,0,26.649350334382397,0.8503994578865557,0.9853239980771884,0.1379855301227165
wh-meta-henrico-va-1,2018-08-09,1,27.497128441274292,0.836517083668141,0.9857175524925958,0.1609626807471488
wh-meta-henrico-va-1,2018-08-09,2,28.261374577325512,0.8231308806978935,0.9852969137572294,0.1635734116966979
wh-meta-henrico-va-1,2018-08-09,3,29.01750747233592,0.8147981328760773,0.985398315438173,0.1695921164878957
wh-meta-henrico-va-1,2018-08-09,4,28.535323044761252,0.8261325966977159,0.9853962741225278,0.1563696293870175
wh-meta-henrico-va-1,2018-08-25,0,13.075149012823308,0.7986710191164216,0.9835983268815334,0.1706715163679266
wh-meta-henrico-va-1,2018-08-25,1,12.571006826477811,0.7915338433217898,0.984051199931187,0.1698646163308811
wh-meta-henrico-va-1,2018-08-25,2,14.516515842350142,0.7906092069039371,0.983977044823678,0.1701477648819048
wh-meta-henrico-va-1,2018-08-25,3,15.613832214043663,0.7429558617969348,0.9834205681738818,0.1652427525318966
wh-meta-henrico-va-1,2018-08-25,4,14.144574397305746,0.7831728564905431,0.9837816679693244,0.1567095479445804
wh-meta-henrico-va-1,2018-09-10,0,23.854864931708807,0.8328362437937491,0.9841724000115007,0.1548067080066994
wh-meta-henrico-va-1,2018-09-10,1,24.591902130574404,0.839202581522613,0.9842041202113072,0.1340898001600078
wh-meta-henrico-va-1,2018-09-10,2,25.391677739757515,0.8112508520715676,0.983522462638412,0.1430684660245652
wh-meta-henrico-va-1,2018-09-10,3,25.631167397396748,0.7925138357303888,0.9835107987025312,0.1671358055413614
wh-meta-henrico-va-1,2018-09-10,4,25.3605398367052,0.8070068143488787,0.9834388427962512,0.1552228121077967
wh-meta-henrico-va-1,2018-09-26,0,28.13038997202371,0.872448130723318,0.9850027477723232,0.1136529898274912
wh-meta-henrico-va-1,2018-09-26,1,28.500554002109787,0.8285394687051504,0.9845498270277172,0.1248275680860554
wh-meta-henrico-va-1,2018-09-26,2,28.69646026778727,0.8178635014968243,0.9841080605548064,0.1268997729483719
wh-meta-henrico-va-1,2018-09-26,3,29.11598577479533,0.7920591137401712,0.9837320055921092,0.1344618999435659
wh-meta-henrico-va-1,2018-09-26,4,28.83588260687492,0.7920590479167209,0.983550561236303,0.1253997764562805
wh-meta-henrico-va-1,2018-10-12,0,18.685372011696415,0.8643065429790209,0.9844811252045816,0.1042980858338562
wh-meta-henrico-va-1,2018-10-12,1,19.368916551269884,0.8227393092826472,0.9840413210478058,0.1122470062384577
wh-meta-henrico-va-1,2018-10-12,2,19.653957403028937,0.8109018365436129,0.9836618150183808,0.1159355342396894
wh-meta-henrico-va-1,2018-10-12,3,20.327402343719942,0.761915647220962,0.9829046415652718,0.1191178406679209
wh-meta-henrico-va-1,2018-10-12,4,19.959269228553705,0.7751692602488978,0.9830481835034768,0.115799878017029
wh-meta-henrico-va-1,2018-10-28,0,15.452550905114578,0.8426979950204121,0.9840589520821968,0.1015400834832583
wh-meta-henrico-va-1,2018-10-28,1,15.911154647835136,0.7819296707932627,0.9833921793424314,0.1074267636996121
wh-meta-henrico-va-1,2018-10-28,2,16.168567172929926,0.7703574236021579,0.98301583297168,0.1121241166093048
wh-meta-henrico-va-1,2018-10-28,3,16.586709914882487,0.7136490375887552,0.9821469825450896,0.1167970781003192
wh-meta-henrico-va-1,2018-10-28,4,16.12598812974243,0.7335140162018406,0.982290355796159,0.1128303784259364
wh-meta-henrico-va-1,2018-11-29,0,5.146464028656313,0.7330496510878367,0.9822500481905784,0.0928289965538961
wh-meta-henrico-va-1,2018-11-29,1,5.736892634588195,0.606268817055907,0.9807592111903372,0.0965392857758295
wh-meta-henrico-va-1,2018-11-29,2,5.80201483485598,0.5974965701419728,0.9803398556676436,0.1001693851524937
wh-meta-henrico-va-1,2018-11-29,3,6.1519457394033275,0.5547743705650048,0.9796431624771024,0.1082818231122183
wh-meta-henrico-va-1,2018-11-29,4,5.871582886289062,0.5571220238456508,0.9795266517035556,0.1039584402542868
wh-meta-henrico-va-1,2019-01-16,0,2.999644064216876,0.7066879367578269,0.9830988125113655,0.0955623054802804
wh-meta-henrico-va-1,2019-01-16,1,3.808014751552768,0.5724320565633911,0.9811088482604796,0.0954589486298608
wh-meta-henrico-va-1,2019-01-16,2,3.691744982357504,0.5628018435143153,0.9806532835874484,0.0976616599030428
wh-meta-henrico-va-1,2019-01-16,3,4.099043911962953,0.5245710312740888,0.979955659965602,0.1043581995851475
wh-meta-henrico-va-1,2019-01-16,4,3.865563968071983,0.5282549356821138,0.9798318108408568,0.0990626748499044
wh-meta-henrico-va-1,2019-03-05,2,4.664939356713482,0.4348812115817875,0.9791962188774792,0.1531376985185328
wh-meta-henrico-va-1,2019-03-05,3,5.33060144647433,0.4024863298698375,0.978507828504401,0.1587456489274135
wh-meta-henrico-va-1,2019-03-05,4,4.055551358547401,0.453744076087054,0.9781981905426884,0.1209901241259488
wh-meta-henrico-va-1,2019-04-22,1,19.179285108269784,0.6504606111712458,0.9812583822230624,0.1179855729559755
wh-meta-henrico-va-1,2019-04-22,2,19.155828539030715,0.7131495864884693,0.9833526699630842,0.1619493882452322
wh-meta-henrico-va-1,2019-04-22,3,20.110144250408467,0.7245771251521341,0.9834965560195292,0.1788440558304404
wh-meta-henrico-va-1,2019-04-22,4,19.63949144710011,0.7280745832074712,0.9832968373615132,0.1679630404015632
wh-meta-henrico-va-1,2019-05-08,2,24.335937124680868,0.7162456219827713,0.982717021276596,0.2163951909058198
wh-meta-henrico-va-1,2019-05-08,3,27.65410080959449,0.7701776765303174,0.98428066240233,0.194061741776821
wh-meta-henrico-va-1,2019-05-08,4,27.60129357795164,0.8063828749087191,0.9842740726548332,0.1851648429266865
wh-meta-henrico-va-1,2019-05-24,0,30.27371515242064,0.878595623227039,0.9860173731587564,0.1673888553497342
wh-meta-henrico-va-1,2019-05-24,1,31.08047636783568,0.8573380908283283,0.985902332936783,0.1835113652896471
wh-meta-henrico-va-1,2019-05-24,2,31.699319434866265,0.8329944736727238,0.9853071864562568,0.1838762762503477
wh-meta-henrico-va-1,2019-05-24,3,32.88236022323575,0.7852978235315433,0.9845354985915058,0.1822745372225934
wh-meta-henrico-va-1,2019-05-24,4,31.97861425579115,0.7985983542156698,0.9845181297992004,0.1775004408973561
wh-meta-henrico-va-1,2019-06-25,1,13.864340664476329,0.8028233171649045,0.984808571449896,0.1783258918145806
wh-meta-henrico-va-1,2019-06-25,2,14.883999610786466,0.8029371865867775,0.9846317487906736,0.1846112994533258
wh-meta-henrico-va-1,2019-06-25,3,15.723646557978354,0.7859255144018757,0.9843542928496072,0.1888110859024008
wh-meta-henrico-va-1,2019-06-25,4,15.474083607465156,0.7709283654253486,0.9838253657464168,0.1875893661323268
wh-meta-henrico-va-1,2019-07-11,0,28.60501313851852,0.8773439733506139,0.9861620834914244,0.1754901390622903
wh-meta-henrico-va-1,2019-07-11,1,28.961760421956228,0.8455585091605368,0.985685021245194,0.1862960134894775
wh-meta-henrico-va-1,2019-07-11,2,28.838680345118235,0.8389294114069313,0.9856199446847592,0.1932923965710514
wh-meta-henrico-va-1,2019-07-11,3,29.428266823814912,0.806279529235373,0.9849482997201549,0.1902388189066705
wh-meta-henrico-va-1,2019-07-11,4,28.784125818767137,0.7931004320463907,0.9842955641954048,0.1888368923796146
wh-meta-henrico-va-1,2019-07-27,0,30.786385662907577,0.8901682684833253,0.985178197351022,0.145690999779208
wh-meta-henrico-va-1,2019-07-27,1,31.541858774630175,0.8521166412815555,0.9849568258512196,0.1594060325404754
wh-meta-henrico-va-1,2019-07-27,2,31.922222502712717,0.8335444158664509,0.9845037927250284,0.1624421676245645
wh-meta-henrico-va-1,2019-07-27,3,32.68718487982596,0.8117809839615291,0.9842122564388888,0.1593785351618709
wh-meta-henrico-va-1,2019-07-27,4,32.10550300642544,0.8208305213430942,0.9842110975286292,0.1581787487049021
wh-meta-henrico-va-1,2019-08-12,0,30.661480104617013,0.8840368489081682,0.9861693280596489,0.1405358441539372
wh-meta-henrico-va-1,2019-08-12,1,30.938606254709295,0.8442740535649828,0.9857256094806266,0.1530428962262361
wh-meta-henrico-va-1,2019-08-12,2,31.91210226424259,0.8264193439409588,0.985282618227844,0.1547511722505845
wh-meta-henrico-va-1,2019-08-12,3,32.842145770270754,0.7957292085526133,0.9848414886125124,0.1521576448710546
wh-meta-henrico-va-1,2019-08-12,4,32.13426370589835,0.8176936112898524,0.9851021676987348,0.1514433161760404
wh-meta-henrico-va-1,2019-09-29,0,31.389093815951817,0.8330775807341956,0.9852537838697956,0.1174570691273982
wh-meta-henrico-va-1,2019-09-29,1,31.88766100717817,0.7963679000472229,0.985030285138403,0.1242762745333332
wh-meta-henrico-va-1,2019-09-29,2,32.532449009492396,0.7745813032352669,0.9845075758965072,0.1285236051724846
wh-meta-henrico-va-1,2019-09-29,3,33.6497393353285,0.7220093031438475,0.983725387579055,0.1363769852101646
wh-meta-henrico-va-1,2019-09-29,4,32.6772181317654,0.7545041343526709,0.9840938044614324,0.1281520617059618
wh-meta-henrico-va-1,2019-10-15,0,21.68651295998363,0.8322264689493988,0.984064512638662,0.1091255503016684
wh-meta-henrico-va-1,2019-10-15,1,22.126221774773725,0.7859608946393716,0.983608243480897,0.1165133167383073
wh-meta-henrico-va-1,2019-10-15,2,22.507773573544565,0.768272543322046,0.983126972059197,0.1194558499593659
wh-meta-henrico-va-1,2019-10-15,3,23.152425996168088,0.7115972634906109,0.9822422889605388,0.1253440792682792
wh-meta-henrico-va-1,2019-10-15,4,22.715464654705222,0.7378454373750728,0.9824851210597544,0.1183481042999795
wh-meta-henrico-va-1,2019-12-18,0,4.828187053225064,0.7356797266024597,0.9834823781596648,0.0880587608509387
wh-meta-henrico-va-1,2019-12-18,1,5.357999185243354,0.6003469272125582,0.9815556910230272,0.0896599486973615
wh-meta-henrico-va-1,2019-12-18,2,5.500180713932381,0.5918216617096548,0.9811500299400078,0.0924448694452742
wh-meta-henrico-va-1,2019-12-18,3,5.849396048951425,0.5487511989480764,0.9804254707559984,0.0993861860731351
wh-meta-henrico-va-1,2019-12-18,4,5.813537015150842,0.5419713494318288,0.9801579017865204,0.0950397991261643
wh-meta-henrico-va-1,2020-01-19,0,9.742585829932914,0.7319001796848484,0.983295375977449,0.0886321045009888
wh-meta-henrico-va-1,2020-01-19,1,10.27402672032876,0.5944470990991996,0.9814087363132804,0.0909238802704647
wh-meta-henrico-va-1,2020-01-19,2,10.259673894963733,0.5888654777367462,0.9810408996715468,0.0934945781317648
wh-meta-henrico-va-1,2020-01-19,3,10.4626931998725,0.552249304881842,0.9804315285754616,0.1015117172066671
wh-meta-henrico-va-1,2020-01-19,4,10.388005972478275,0.5442983202242259,0.980141346352353,0.0967266298227307
wh-meta-henrico-va-1,2020-03-07,2,10.771802370902936,0.6006989524201628,0.9807372555181916,0.1016225964368511
wh-meta-henrico-va-1,2020-03-07,3,12.598894503467628,0.5075325462795617,0.9803359151499512,0.1521687070012465
wh-meta-henrico-va-1,2020-03-07,4,11.536918504279145,0.5484516638986415,0.9804364158123026,0.1283417524533264
wh-meta-henrico-va-1,2020-04-24,2,18.242266223164524,0.6972103331386112,0.982265695833861,0.2162328018103394
wh-meta-henrico-va-1,2020-04-24,3,22.35693951422578,0.5924593094970987,0.9814206051970696,0.1928555119555872
wh-meta-henrico-va-1,2020-04-24,4,20.61615367692377,0.767595597983917,0.9825281908440812,0.1174347809449623
wh-meta-henrico-va-1,2020-05-10,0,18.16041580780197,0.8100652107844701,0.9853033810692856,0.1272139807372021
wh-meta-henrico-va-1,2020-05-10,1,19.48006432707461,0.7623644253417562,0.9847583031120482,0.1411971874877589
wh-meta-henrico-va-1,2020-05-10,2,20.325214562947014,0.7437536746045114,0.9843543844539064,0.1524565069041034
wh-meta-henrico-va-1,2020-05-10,3,20.34000923370344,0.7491475530484601,0.9844937422959346,0.1623497193401134
wh-meta-henrico-va-1,2020-05-10,4,19.43302633498697,0.7676389980074497,0.9846386963562516,0.1617689564986373
wh-meta-henrico-va-1,2020-06-27,0,9.581156897285608,0.8198558192805029,0.984886108655074,0.1774756093786226
wh-meta-henrico-va-1,2020-06-27,1,10.1464087433947,0.7840701396055652,0.9846144270241618,0.1862624603227296
wh-meta-henrico-va-1,2020-06-27,2,11.54664776599708,0.7918193724212107,0.98442276931326,0.1731186744073229
wh-meta-henrico-va-1,2020-06-27,3,13.532875457483575,0.7437985848652632,0.9834690323838268,0.1642751787200049
wh-meta-henrico-va-1,2020-06-27,4,14.748858184599646,0.7705783255399397,0.9836588226516744,0.159724907881156
wh-meta-henrico-va-1,2020-07-13,0,24.33144082529959,0.9174518188293712,0.9845292401746726,0.0573013493296943
wh-meta-henrico-va-1,2020-07-13,1,26.68135124880213,0.8450584265194355,0.9843620334897204,0.1497090121027168
wh-meta-henrico-va-1,2020-07-13,2,28.081235203038982,0.8096043353400522,0.9840944641890368,0.1770795372074641
wh-meta-henrico-va-1,2020-07-13,3,28.24798054243206,0.811354637529485,0.984093011458102,0.1761637415641246
wh-meta-henrico-va-1,2020-07-13,4,27.324467592099097,0.8237228932499453,0.9839541064321706,0.1732907364880679
wh-meta-henrico-va-1,2020-07-29,0,28.515085435999897,0.8707239635130288,0.9851868144049952,0.1379201614685946
wh-meta-henrico-va-1,2020-07-29,1,29.61211537027859,0.7823172243235933,0.9842023607813007,0.1776215603145688
wh-meta-henrico-va-1,2020-07-29,2,30.77114148989729,0.7889084459913895,0.9843823726834152,0.1729734872507441
wh-meta-henrico-va-1,2020-07-29,3,30.781534965886177,0.77860309848739,0.984345215118925,0.1825795795127991
wh-meta-henrico-va-1,2020-07-29,4,30.46333003665962,0.8222103081230071,0.9847448142955524,0.177732496359188
wh-meta-henrico-va-1,2020-08-30,0,19.57508254000002,0.7615568861732388,0.9831222222222225,0.1799540230555555
wh-meta-henrico-va-1,2020-08-30,1,20.290912362319276,0.7998935719890197,0.9837939351519052,0.1499418281486385
wh-meta-henrico-va-1,2020-08-30,2,23.971532924266914,0.8464816263392771,0.9852055281176294,0.1578362437089628
wh-meta-henrico-va-1,2020-08-30,3,26.65404208795296,0.8299537104708048,0.9847047110463788,0.1573956901509828
wh-meta-henrico-va-1,2020-08-30,4,27.008002026846377,0.8248186282222711,0.9845018354913668,0.1526723619462678
wh-meta-henrico-va-1,2020-09-15,0,19.091684663883807,0.6411901652041436,0.9829318403346065,0.1359222145690692
wh-meta-henrico-va-1,2020-09-15,1,19.713672452949517,0.6568748645970903,0.9831098850818668,0.1432965064575008
wh-meta-henrico-va-1,2020-09-15,2,20.273725402960817,0.6545413985515522,0.9827603447835934,0.1464333983303635
wh-meta-henrico-va-1,2020-09-15,3,20.418880188787956,0.6747092093096171,0.9828067557552124,0.1499955413382053
wh-meta-henrico-va-1,2020-09-15,4,20.23670895453817,0.6629216600259521,0.9824113215094106,0.1431711122850008
wh-meta-henrico-va-1,2020-10-01,0,22.99976298613747,0.8457988464781304,0.9851440561920368,0.1044005497022753
wh-meta-henrico-va-1,2020-10-01,1,23.50581891752469,0.8077466102936344,0.984905954035357,0.1169720949951807
wh-meta-henrico-va-1,2020-10-01,2,23.92389163244955,0.7868514419542696,0.9844068351355552,0.1220307889980634
wh-meta-henrico-va-1,2020-10-01,3,24.15916508978409,0.7892304721866619,0.9845245941268054,0.1270538378776876
wh-meta-henrico-va-1,2020-10-01,4,24.00815923092024,0.7839637083282458,0.9842066096512258,0.1195539749169467
wh-meta-henrico-va-1,2020-10-17,0,15.24716811877088,0.8326283837133462,0.9838049472631374,0.0958629010440191
wh-meta-henrico-va-1,2020-10-17,1,15.853521854251218,0.782232942756074,0.9834220199892408,0.1081056379426008
wh-meta-henrico-va-1,2020-10-17,2,16.15113722499282,0.7597648143450896,0.9828812099681896,0.1131347568626643
wh-meta-henrico-va-1,2020-10-17,3,16.57266816440951,0.741142965582461,0.9825890366444802,0.1144872332514999
wh-meta-henrico-va-1,2020-10-17,4,16.244252002827423,0.752154509537312,0.9826191933782136,0.1123593996586966
wh-meta-henrico-va-1,2020-11-18,0,7.707944237653861,0.7419081659560387,0.9822587261320234,0.0882839650432805
wh-meta-henrico-va-1,2020-11-18,1,8.44481779985317,0.6197390886172086,0.9809296965242352,0.0957097590888301
wh-meta-henrico-va-1,2020-11-18,2,8.537559494152077,0.6027267385889816,0.9804128338405478,0.1033846690550859
wh-meta-henrico-va-1,2020-11-18,3,8.88967500690849,0.5797648786335199,0.9799957208331952,0.1049223213271611
wh-meta-henrico-va-1,2020-11-18,4,8.677045748510256,0.5787066394279615,0.9798417814843656,0.1035351761437066
wh-meta-henrico-va-1,2020-12-04,0,8.23689915061987,0.6870223741877725,0.9825956421821316,0.08527646360814
wh-meta-henrico-va-1,2020-12-04,1,7.533533595650499,0.5484228355166978,0.9801890692060088,0.0829420013357698
wh-meta-henrico-va-1,2020-12-04,2,8.39727062423109,0.5669824580351153,0.9807206282526384,0.0836313631317644
wh-meta-henrico-va-1,2020-12-04,3,8.604579008739053,0.5309940049447798,0.9797295532541505,0.0937032127692622
wh-meta-henrico-va-1,2020-12-04,4,8.109077380232453,0.5225719957494263,0.979810559218286,0.0826792316296668
wh-meta-henrico-va-1,2021-01-05,4,3.857066587825731,0.5414184637071563,0.977330638764024,0.0799774914519983
wh-meta-henrico-va-1,2021-01-21,4,4.014662859779289,0.4519317419937816,0.978621466892606,0.0771076960505643
wh-meta-henrico-va-1,2021-02-06,0,10.034217804183315,0.723559950930855,0.984262150845608,0.0923111936116566
wh-meta-henrico-va-1,2021-02-06,1,10.588038747398192,0.5817400126196114,0.9821807760795924,0.0983160491987026
wh-meta-henrico-va-1,2021-02-06,2,10.625647710711128,0.5585693881793619,0.98156098470282,0.1036690764750054
wh-meta-henrico-va-1,2021-02-06,3,10.842690779650791,0.525784751389447,0.9809790110541576,0.1135193378032243
wh-meta-henrico-va-1,2021-02-06,4,10.560614939185252,0.5220602596539806,0.9808187896336308,0.1075931463491502
wh-meta-henrico-va-1,2021-03-10,0,22.149417711504952,0.6781454109177365,0.9834395817421328,0.1018993931680417
wh-meta-henrico-va-1,2021-03-10,1,23.23677100817519,0.5387668389750911,0.9815688486106794,0.1109703642187412
wh-meta-henrico-va-1,2021-03-10,2,23.133955825738028,0.516446945720579,0.980958088216913,0.1205849882616238
wh-meta-henrico-va-1,2021-03-10,3,23.363257581899095,0.4930960130816716,0.9805007215569104,0.1281877457406534
wh-meta-henrico-va-1,2021-03-10,4,22.729577691888064,0.4924060075067505,0.9803625837295802,0.1215637391479525
wh-meta-henrico-va-1,2021-03-26,0,28.753925261189185,0.6455769308301869,0.9825244490313906,0.1202396238407438
wh-meta-henrico-va-1,2021-03-26,1,29.512162055676363,0.5469001866221616,0.981031257713978,0.1199123361049883
wh-meta-henrico-va-1,2021-03-26,2,29.60887224241786,0.5382240032830227,0.980849204774838,0.1257175422182556
wh-meta-henrico-va-1,2021-03-26,3,29.1263758501887,0.513314018350912,0.9803091176042932,0.1384790673860994
wh-meta-henrico-va-1,2021-03-26,4,28.630323902240125,0.5140525553283848,0.9800688101144704,0.1307459877617791
wh-meta-henrico-va-1,2021-04-11,0,22.359123051670643,0.5993267415885414,0.9823791864139024,0.155507634559143
wh-meta-henrico-va-1,2021-04-11,1,24.56557068581927,0.6147215400182792,0.9819084537325956,0.150023876374387
wh-meta-henrico-va-1,2021-04-11,2,25.34271998756684,0.5631090163016268,0.9806335010699166,0.1583794427464141
wh-meta-henrico-va-1,2021-04-11,3,24.869370340616687,0.5938900251439811,0.9814742300942632,0.1594005084762593
wh-meta-henrico-va-1,2021-04-11,4,24.496315102155148,0.6279808633242059,0.9815846316649884,0.1486021833915688
wh-meta-henrico-va-1,2021-04-27,0,25.63009491608593,0.759953550729711,0.9846464161665764,0.1311452728869681
wh-meta-henrico-va-1,2021-04-27,1,26.810273816738917,0.709439392792889,0.984189785634724,0.1432061308901197
wh-meta-henrico-va-1,2021-04-27,2,27.01753153438387,0.6845133557657316,0.9835695561538732,0.1532986594271011
wh-meta-henrico-va-1,2021-04-27,3,26.913946745589215,0.6886618060095439,0.983686974791932,0.1591238542184921
wh-meta-henrico-va-1,2021-04-27,4,26.032545281999734,0.7271505358250256,0.984138104421698,0.1548429054870817
wh-meta-henrico-va-1,2021-05-13,0,21.796615183241567,0.8655617990855715,0.9862454253602748,0.1623007704335515
wh-meta-henrico-va-1,2021-05-13,1,22.84518147977651,0.8181679734753645,0.9856345159268546,0.1781815336253548
wh-meta-henrico-va-1,2021-05-13,2,24.43724246091482,0.7738164427487197,0.9846571923481068,0.1849820823839771
wh-meta-henrico-va-1,2021-05-13,3,25.36298059094785,0.7340175633072878,0.9841079115538524,0.1823568549264596
wh-meta-henrico-va-1,2021-05-13,4,23.94708176772007,0.7712458271061765,0.9846101692541088,0.1806897953158695
wh-meta-henrico-va-1,2021-06-14,0,32.069453385247115,0.8724526949546384,0.9862575722858712,0.1510795155716038
wh-meta-henrico-va-1,2021-06-14,1,32.47967383217527,0.8363682013087314,0.9858972251364472,0.1721376564197847
wh-meta-henrico-va-1,2021-06-14,2,33.52678656239508,0.8044057016730568,0.9851771296355888,0.173816126955582
wh-meta-henrico-va-1,2021-06-14,3,33.93821966072401,0.8063615292212242,0.985245000349594,0.1707519607892432
wh-meta-henrico-va-1,2021-06-14,4,33.786844947794805,0.7923939249742514,0.9848111694000544,0.1671957983091413
wh-meta-henrico-va-1,2021-06-30,0,33.16658069839363,0.8784548195631837,0.9851550536461186,0.1450617208337311
wh-meta-henrico-va-1,2021-06-30,1,33.95906564852355,0.8434378571065211,0.984909623477888,0.1675853159867508
wh-meta-henrico-va-1,2021-06-30,2,35.18415218406608,0.8035273015786263,0.9840700371642958,0.1730549578774697
wh-meta-henrico-va-1,2021-06-30,3,35.60185790231709,0.8176974153604337,0.9843079749679072,0.1688568258864357
wh-meta-henrico-va-1,2021-06-30,4,35.29907834315148,0.8006656159960751,0.9839151252980516,0.1659718176838775
wh-meta-henrico-va-1,2021-07-16,0,31.92508817636906,0.8763815669255928,0.9857523113293344,0.1397912211099291
wh-meta-henrico-va-1,2021-07-16,1,32.72583877486798,0.8421031263255508,0.9855424806965176,0.1597260888591168
wh-meta-henrico-va-1,2021-07-16,2,33.82583039121274,0.8082224872380727,0.9848485654428798,0.1664124514865616
wh-meta-henrico-va-1,2021-07-16,3,33.86529933954511,0.829441090663163,0.9852761740745788,0.1651209781497299
wh-meta-henrico-va-1,2021-07-16,4,34.00973626785525,0.8156870827311679,0.9848945568494736,0.1611756690763202
wh-meta-henrico-va-1,2021-08-17,0,13.312921499573122,0.8089563591244472,0.98429751357968,0.1552151012418711
wh-meta-henrico-va-1,2021-08-17,1,17.101588927430402,0.8064697513570384,0.9846378133460324,0.1561709339801086
wh-meta-henrico-va-1,2021-08-17,2,22.05524107173528,0.7920554658467431,0.9842084891175232,0.1525069571139975
wh-meta-henrico-va-1,2021-08-17,3,21.887833467030617,0.8015497406409627,0.9842530800345648,0.1456877194411305
wh-meta-henrico-va-1,2021-08-17,4,23.000978470906073,0.794045023237513,0.9838519237768556,0.1440489753071492
wh-meta-henrico-va-1,2021-09-02,0,23.6245439123928,0.8823663775725966,0.9858993835242776,0.1185336375302328
wh-meta-henrico-va-1,2021-09-02,1,24.36038235261063,0.8462794922638365,0.9855514999507474,0.1320331888986634
wh-meta-henrico-va-1,2021-09-02,2,24.986149092670463,0.8188026521147131,0.984892922602983,0.1367960614848387
wh-meta-henrico-va-1,2021-09-02,3,25.365582264758665,0.8202195145381244,0.9849424427311044,0.1348787080755689
wh-meta-henrico-va-1,2021-09-02,4,25.168507269371055,0.8338650831784387,0.9851619067367644,0.1376084877205069
wh-meta-henrico-va-1,2021-09-18,0,26.29485166493533,0.8375536851931361,0.9847956302225962,0.1488279681643411
wh-meta-henrico-va-1,2021-09-18,1,26.92598108247067,0.8752845878042317,0.9858881545872906,0.1479085662069347
wh-meta-henrico-va-1,2021-09-18,2,27.729482656753333,0.7832174817555921,0.984123177070928,0.1639096549030174
wh-meta-henrico-va-1,2021-09-18,3,27.662986717169343,0.7702712394176384,0.9837417138096456,0.159732583071358
wh-meta-henrico-va-1,2021-09-18,4,27.665178831350843,0.7891719502016598,0.9840655295107964,0.1578695660261882
wh-meta-henrico-va-1,2021-10-04,4,8.814965690000015,0.6452832245361807,0.981661111111111,0.12471274875
wh-meta-henrico-va-1,2021-10-20,0,22.275428466876456,0.8404880116040286,0.9839947981451164,0.1007523953949921
wh-meta-henrico-va-1,2021-10-20,1,22.63237350608945,0.7898535592677204,0.9835722751210486,0.113040286354487
wh-meta-henrico-va-1,2021-10-20,2,23.213088925106582,0.75384946154738,0.982847499450359,0.1207660915074922
wh-meta-henrico-va-1,2021-10-20,3,23.82848235522861,0.7281731464586131,0.9824372512175144,0.1223147146140687
wh-meta-henrico-va-1,2021-10-20,4,23.390354530624272,0.7506046178248236,0.9826231148493249,0.1163436680241588
wh-meta-henrico-va-1,2021-11-05,0,9.955021180602294,0.7776692210922045,0.9844616389343503,0.0963898244333967
wh-meta-henrico-va-1,2021-11-05,1,10.51512528503518,0.7169615294455407,0.9837973707860064,0.1065114966745117
wh-meta-henrico-va-1,2021-11-05,2,11.008481503975664,0.6898800103939785,0.9831900230335272,0.1133535075887755
wh-meta-henrico-va-1,2021-11-05,3,11.334749551697945,0.6718963217945504,0.9828921777356092,0.1158364713296798
wh-meta-henrico-va-1,2021-11-05,4,11.007757539437453,0.681424002224098,0.9828621987229998,0.1119075906764332
wh-meta-henrico-va-1,2021-12-07,0,3.242483453637224,0.6991795808143331,0.9832197190265888,0.1039130229047551
wh-meta-henrico-va-1,2021-12-07,1,5.143360795159186,0.5752689028923366,0.981447794910698,0.1068191870200307
wh-meta-henrico-va-1,2021-12-07,2,6.407011861975514,0.5648541794731663,0.9808977212652747,0.1116105474888802
wh-meta-henrico-va-1,2021-12-07,3,7.174952648336268,0.5489668423526747,0.9805357090348928,0.1087229126695385
wh-meta-henrico-va-1,2021-12-07,4,7.241905713158305,0.5361865735549488,0.9800354175415364,0.1023092902955115
wh-meta-henrico-va-1,2021-12-23,0,3.1890812962193387,0.7484639854676203,0.9834874127114018,0.0888599768469493
wh-meta-henrico-va-1,2021-12-23,1,3.7433462676965297,0.6094885782969732,0.981631018329784,0.0925838470613052
wh-meta-henrico-va-1,2021-12-23,2,4.0426191298123175,0.5840299702046587,0.9810026226095704,0.0984121207147841
wh-meta-henrico-va-1,2021-12-23,3,4.361335975370204,0.5637924168179069,0.9806723312124273,0.1047981158004417
wh-meta-henrico-va-1,2021-12-23,4,4.386511726451536,0.5434646005316711,0.980184207515282,0.1006862574676898
wh-meta-henrico-va-1,2022-01-08,0,-0.3058645413158554,0.7516422437970839,0.9821742425895608,0.088068427938466
wh-meta-henrico-va-1,2022-01-08,1,0.3140999350972761,0.596582968033971,0.980453494934492,0.0927197848390896
wh-meta-henrico-va-1,2022-01-08,2,0.5545944932907649,0.5728672555384619,0.9798345432133444,0.0988831508621855
wh-meta-henrico-va-1,2022-01-08,3,0.915805226721085,0.5576518499203773,0.9795444351499062,0.1049134737270624
wh-meta-henrico-va-1,2022-01-08,4,0.983045296026887,0.5313773492039009,0.9790285748925,0.1008768437078565
wh-meta-henrico-va-1,2022-01-24,0,3.061288977950105,0.7119405301632401,0.9833758315148216,0.0925341261587219
wh-meta-henrico-va-1,2022-01-24,1,3.5533572360964487,0.5724138262550965,0.981488254707323,0.0979813628202154
wh-meta-henrico-va-1,2022-01-24,2,3.63241246808098,0.5467337669614084,0.9807763134899526,0.1034922478387138
wh-meta-henrico-va-1,2022-01-24,3,3.899684126680547,0.5303793381033175,0.9803993419015672,0.1090548195032833
wh-meta-henrico-va-1,2022-01-24,4,3.834713008988097,0.5093253968695445,0.9797731222843896,0.1022393098030194
wh-meta-henrico-va-1,2022-02-09,0,9.57916930854256,0.722085417765687,0.9825269680851052,0.0915988007630592
wh-meta-henrico-va-1,2022-02-09,1,10.363199775133864,0.5799150404843197,0.980846913640117,0.097922016271446
wh-meta-henrico-va-1,2022-02-09,2,10.54069194122294,0.5569571233912927,0.9801767465782654,0.1031955605789023
wh-meta-henrico-va-1,2022-02-09,3,10.82379005189063,0.5401853089620512,0.9798543973383076,0.1113607909132911
wh-meta-henrico-va-1,2022-02-09,4,10.718950376998617,0.516272567615823,0.979371241334806,0.106658359158511
wh-meta-henrico-va-1,2022-03-13,0,4.04365951730607,0.7008671003371058,0.982176694853607,0.0957336704848039
wh-meta-henrico-va-1,2022-03-13,1,5.507725964315364,0.5727501299760279,0.9807215007842612,0.103181206842886
wh-meta-henrico-va-1,2022-03-13,2,5.872146787075644,0.5508551026182585,0.9800896070661445,0.1093288330468323
wh-meta-henrico-va-1,2022-03-13,3,6.269556141406487,0.5493650555491222,0.9799857399557236,0.1172654704796385
wh-meta-henrico-va-1,2022-03-13,4,6.3003215761377405,0.5205878253523739,0.9794801296138844,0.1138604468306748
wh-meta-henrico-va-1,2022-03-29,0,8.129131989810162,0.6705866199341735,0.983061431169302,0.1072697925865497
wh-meta-henrico-va-1,2022-03-29,1,10.27067212889246,0.5409917071099569,0.9814101096452996,0.1202422258770677
wh-meta-henrico-va-1,2022-03-29,2,10.627282405000823,0.5190552752891944,0.9807638664131,0.1310197185429245
wh-meta-henrico-va-1,2022-03-29,3,10.736760265979514,0.5302941690650435,0.9808701088858104,0.1333126215369648
wh-meta-henrico-va-1,2022-03-29,4,10.670947658007082,0.5037464910726999,0.9802939715590993,0.1306325618711936
wh-meta-henrico-va-1,2022-04-14,0,20.95962772980498,0.5778756385025866,0.980139184990983,0.1371156623091669
wh-meta-henrico-va-1,2022-04-14,1,22.70898117138982,0.4933145977256669,0.9794581969883572,0.151441209729145
wh-meta-henrico-va-1,2022-04-14,2,24.046798392230073,0.5129157631969683,0.979399027429517,0.1621213964822454
wh-meta-henrico-va-1,2022-04-14,3,23.982424188388325,0.5353474364426964,0.9796505590268072,0.165817043675308
wh-meta-henrico-va-1,2022-04-14,4,21.74576695635548,0.5064515133557637,0.9789849588045118,0.1668740442591454
wh-meta-henrico-va-1,2022-04-30,3,17.177256016441873,0.6317321120211389,0.9820026160938484,0.1649639813004103
wh-meta-henrico-va-1,2022-04-30,4,17.20399492391059,0.6649232538788272,0.9816191380265276,0.177689923317868
wh-meta-henrico-va-1,2022-05-16,4,-15.480890139999984,0.7780191458026511,0.9799,0.150589025
wh-meta-henrico-va-1,2022-06-01,0,32.514041334937,0.8561103859415292,0.986068925713767,0.154512581191728
wh-meta-henrico-va-1,2022-06-01,1,33.07572912625939,0.8287281398613469,0.9859267792166486,0.1744712711412316
wh-meta-henrico-va-1,2022-06-01,2,34.54428781545825,0.7674285278784708,0.9847412138281304,0.1798381234046863
wh-meta-henrico-va-1,2022-06-01,3,35.14177837765632,0.7457847510844825,0.9843784620409995,0.175579099342461
wh-meta-henrico-va-1,2022-06-01,4,34.81590417715895,0.7710264631138737,0.984536553291114,0.1745630371009507
wh-meta-henrico-va-1,2022-06-17,0,34.22181760935106,0.8790036749448892,0.9859917980541936,0.1521451908790007
wh-meta-henrico-va-1,2022-06-17,1,34.87370967067683,0.8488450106390966,0.9857879734184054,0.1747338922655053
wh-meta-henrico-va-1,2022-06-17,2,36.57679099975626,0.7839293781824972,0.984580214386104,0.1799584433954561
wh-meta-henrico-va-1,2022-06-17,3,36.99943462573273,0.7739938204192216,0.9844033211262296,0.1749841186461965
wh-meta-henrico-va-1,2022-06-17,4,36.36670262018039,0.8037445606893249,0.984768654207416,0.1728644674786682
wh-meta-henrico-va-1,2022-07-03,1,20.879436950000024,0.806779946595522,0.9844666666666668,0.17918881875
wh-meta-henrico-va-1,2022-07-03,3,21.275018877297313,0.6763414012265848,0.9806567567567566,0.1964512001351351
wh-meta-henrico-va-1,2022-07-03,4,18.667437935146403,0.752083737185345,0.983329700338068,0.2230156078366318
wh-meta-henrico-va-1,2022-07-19,3,26.79066458742408,0.8933050343363471,0.9853242252407564,0.1872658171931258
wh-meta-henrico-va-1,2022-07-19,4,30.017117320286456,0.8489635946022394,0.9840416736866,0.1747075225771044
wh-meta-henrico-va-1,2022-08-04,1,33.23842492728554,0.7495021033575221,0.9826429121983916,0.0832419011574229
wh-meta-henrico-va-1,2022-08-04,2,34.00725452157309,0.7495564947381825,0.9839997930467456,0.1420237058156247
wh-meta-henrico-va-1,2022-08-04,3,33.679012808847816,0.7934375262411189,0.9847394884079091,0.1625426051559529
wh-meta-henrico-va-1,2022-08-04,4,33.22655558618432,0.8259299528347012,0.985111016392138,0.1595472583691469
wh-meta-henrico-va-1,2022-08-20,3,15.84013613000002,0.7290297473485325,0.9825875,0.221792416875
wh-meta-henrico-va-1,2022-08-20,4,27.446054893200735,0.8590469744776766,0.984879743790087,0.1779794433469306
wh-meta-henrico-va-1,2022-09-05,0,37.44713087773058,0.5286871737344238,0.9813532186922584,0.2353155392158908
wh-meta-henrico-va-1,2022-09-05,1,32.01169131161541,0.8026410105945919,0.9850309798662672,0.1643564179826711
wh-meta-henrico-va-1,2022-09-05,2,35.21383519933286,0.6647634278555823,0.982443111072458,0.1749212600826769
wh-meta-henrico-va-1,2022-09-05,3,28.103539422155244,0.7442394658037355,0.9834724467252012,0.1704341745351879
wh-meta-henrico-va-1,2022-09-05,4,26.49949302082553,0.748231973088876,0.9831550154409844,0.1593345376812434
wh-meta-henrico-va-1,2022-09-21,0,34.59111131481346,0.5455168558836343,0.9814274154391712,0.1607016691778274
wh-meta-henrico-va-1,2022-09-21,1,30.21806050764346,0.8019618201131181,0.9851565524243988,0.1279243278452994
wh-meta-henrico-va-1,2022-09-21,2,31.436965503210462,0.7562158811467743,0.984300202831452,0.1365425643983057
wh-meta-henrico-va-1,2022-09-21,3,31.45386003300771,0.7610951717217582,0.984450563976776,0.1359702105290683
wh-meta-henrico-va-1,2022-09-21,4,31.16074147273169,0.7557863083984326,0.9841669338634064,0.130906941905173
wh-meta-henrico-va-1,2022-10-07,0,26.148096406499988,0.531767520448817,0.980990758319696,0.1409987475141844
wh-meta-henrico-va-1,2022-10-07,1,24.76208178678659,0.7826625086571484,0.9846194632154036,0.121384659059926
wh-meta-henrico-va-1,2022-10-07,2,25.432583162882988,0.7394825629280396,0.9837569205644268,0.1277685580685851
wh-meta-henrico-va-1,2022-10-07,3,26.03773397978086,0.7248713611297164,0.9835245348242172,0.1274092356714019
wh-meta-henrico-va-1,2022-10-07,4,25.533425631856137,0.7292735042074225,0.9834892338423776,0.1269797347229367
wh-meta-henrico-va-1,2022-11-08,0,17.796999850489357,0.4395022480682528,0.9797019839970909,0.1527322254144274
wh-meta-henrico-va-1,2022-11-08,1,16.6759443603947,0.6215996479332837,0.9821975605246616,0.104792963819593
wh-meta-henrico-va-1,2022-11-08,2,17.126161987251532,0.5972273930888161,0.9815776671390496,0.1139478741598136
wh-meta-henrico-va-1,2022-11-08,3,17.61185875270994,0.5729612721876838,0.9811137869457086,0.1160648416433447
wh-meta-henrico-va-1,2022-11-08,4,17.319484127094764,0.5799979951888995,0.981151545991884,0.1146123895257125
wh-meta-henrico-va-1,2022-11-24,0,11.183678537162056,0.407144214580554,0.9787649918166944,0.1537750984498318
wh-meta-henrico-va-1,2022-11-24,1,11.194758346150223,0.5486074751879099,0.9804417711466904,0.1195432187011428
wh-meta-henrico-va-1,2022-11-24,2,11.621865151169214,0.5278372285120931,0.9799034278613586,0.1267585153037931
wh-meta-henrico-va-1,2022-11-24,3,12.113427903649765,0.5088735045587752,0.9794325711770502,0.128727884728187
wh-meta-henrico-va-1,2022-11-24,4,11.183534934365088,0.5135534021242525,0.9792149003940878,0.1240555607263917
wh-meta-henrico-va-1,2022-12-26,0,0.0061392667153879,0.4138148298790546,0.9794219908513688,0.1406986236066089
wh-meta-henrico-va-1,2022-12-26,1,0.2650425382867645,0.5677804529480573,0.981177835281992,0.0952877398345204
wh-meta-henrico-va-1,2022-12-26,2,0.4906244199992544,0.5371613995079512,0.9804384986868718,0.1044190263467692
wh-meta-henrico-va-1,2022-12-26,3,0.9197143504129792,0.5078341262642327,0.97993147630845,0.1103127715403924
wh-meta-henrico-va-1,2022-12-26,4,0.572793970906806,0.5071826887689016,0.979758341902588,0.1044387960114873
wh-meta-henrico-va-1,2023-02-28,0,11.235194160521628,0.5392517123212549,0.978442182431556,0.1161534616054385
wh-meta-henrico-va-1,2023-02-28,1,12.508248329782246,0.3972599318674031,0.9770363954596922,0.1427314406196596
wh-meta-henrico-va-1,2023-02-28,2,11.879564066404663,0.4479479605345765,0.9775393999815944,0.1369556652252542
wh-meta-henrico-va-1,2023-02-28,3,12.613134742400216,0.533218265290416,0.9785635420182076,0.1211301612659268
wh-meta-henrico-va-1,2023-02-28,4,12.073164254540886,0.5430476471503692,0.9785758886771984,0.1177179988088584
wh-meta-henrico-va-1,2023-03-16,0,17.73583960689527,0.3910362201777378,0.97917876795781,0.1567155025727633
wh-meta-henrico-va-1,2023-03-16,1,18.65702102390006,0.523696301797517,0.9811347050488364,0.1149373414391571
wh-meta-henrico-va-1,2023-03-16,2,18.731732096833824,0.5071463790485337,0.9805917403954372,0.1247954898774505
wh-meta-henrico-va-1,2023-03-16,3,18.8061879452179,0.5130492078092804,0.9805933509285564,0.1286755242920625
wh-meta-henrico-va-1,2023-03-16,4,18.24057417386463,0.5184807578049142,0.980613389384707,0.1219431686851568
wh-meta-henrico-va-1,2023-04-17,0,25.180431340333893,0.4360358240149369,0.9797818857974178,0.1699049230167073
wh-meta-henrico-va-1,2023-04-17,1,24.197439697461316,0.6613342105329943,0.9831991064703608,0.1374437081206743
wh-meta-henrico-va-1,2023-04-17,2,24.83254180288295,0.6334722996409238,0.9825238591014652,0.1470593428457394
wh-meta-henrico-va-1,2023-04-17,3,24.550028560625,0.6492176971229608,0.9827590885121126,0.1513144174335868
wh-meta-henrico-va-1,2023-04-17,4,23.130912558432232,0.7032281860111267,0.9835144180907168,0.1474369453186205
wh-meta-henrico-va-1,2023-05-19,0,10.61398355,0.2960455615243578,0.97545,0.1674008612499999
wh-meta-henrico-va-1,2023-05-19,2,21.853912984317237,0.6445512077763497,0.983127158672473,0.2476258488985641
wh-meta-henrico-va-1,2023-05-19,3,15.119594820207668,0.7356091401028494,0.9836525090216288,0.2275534308158989
wh-meta-henrico-va-1,2023-05-19,4,14.098306833082503,0.7839219544090168,0.984576584709508,0.2001214715727781
wh-meta-henrico-va-1,2023-06-04,2,18.689297656236917,0.7997897819187472,0.9837617797926026,0.1956546940029736
wh-meta-henrico-va-1,2023-06-04,3,20.588070385042062,0.7814629560466215,0.9840395391327232,0.214066979343069
wh-meta-henrico-va-1,2023-06-04,4,21.316063950144816,0.7670623056900994,0.9835149829148652,0.1987524747712615
wh-meta-henrico-va-1,2023-07-06,4,22.167492914084523,0.713323585329755,0.9821653169014084,0.1974555335915493
wh-meta-henrico-va-1,2023-08-07,0,31.568032234150017,0.5596496140235828,0.9807893594771246,0.1620459363829247
wh-meta-henrico-va-1,2023-08-07,1,30.37839232182515,0.7762833621745991,0.9843573480335376,0.1724928843276215
wh-meta-henrico-va-1,2023-08-07,2,31.040147666363243,0.7812159904112085,0.9844105146240928,0.1693523225771405
wh-meta-henrico-va-1,2023-08-07,3,30.70358647391343,0.8037329721911366,0.9846755202297915,0.1738230625102702
wh-meta-henrico-va-1,2023-08-07,4,30.8552234653804,0.8056584980265108,0.9846489163077372,0.1708344755925852
wh-meta-henrico-va-1,2023-08-23,0,30.823137563986855,0.494490344445085,0.979816987634115,0.1823582465931077
wh-meta-henrico-va-1,2023-08-23,1,27.12688817197525,0.7865985460195629,0.9837427869648704,0.1602455500139873
wh-meta-henrico-va-1,2023-08-23,2,28.406334325817912,0.7695757595022297,0.9832563419907034,0.1534235192790804
wh-meta-henrico-va-1,2023-08-23,3,28.848426503847747,0.7796495001316419,0.9834182807136848,0.1559737047667441
wh-meta-henrico-va-1,2023-08-23,4,28.46655359797498,0.7967658576523172,0.9836156374178784,0.1549565135694041
wh-meta-henrico-va-1,2023-09-08,0,34.39329918792555,0.4940919086149567,0.979659381705765,0.1706483200489294
wh-meta-henrico-va-1,2023-09-08,1,32.37591034561847,0.7954496997214335,0.9837358922793684,0.1391835494189937
wh-meta-henrico-va-1,2023-09-08,2,33.0898628780942,0.7549650641060557,0.982907899847426,0.1471485061903427
wh-meta-henrico-va-1,2023-09-08,3,32.67841748056294,0.7558991588220175,0.9828954902602892,0.1450523723265646
wh-meta-henrico-va-1,2023-09-08,4,32.25219463068036,0.7767188187050196,0.9830493572941592,0.1424784511986913
wh-meta-henrico-va-1,2023-10-10,0,22.137777475188056,0.4971759917656581,0.9804636481802432,0.1590292270096042
wh-meta-henrico-va-1,2023-10-10,1,21.28136172176738,0.7777258268027426,0.9844379030241492,0.1210571654022284
wh-meta-henrico-va-1,2023-10-10,2,21.97345007894904,0.7475349396986471,0.9837859469885678,0.1278980231797741
wh-meta-henrico-va-1,2023-10-10,3,22.03000413081416,0.7380613094100034,0.983624630081362,0.128928398242131
wh-meta-henrico-va-1,2023-10-10,4,21.618715169590352,0.7655294493356692,0.9839928072351088,0.125948268720679
wh-meta-henrico-va-1,2023-10-26,0,24.48451016297182,0.4584538780474456,0.979480013596523,0.1577457865391143
wh-meta-henrico-va-1,2023-10-26,1,24.531693009446904,0.7046788952647001,0.9824186240916564,0.1139204564065969
wh-meta-henrico-va-1,2023-10-26,2,24.89455290484548,0.6822669105822795,0.9818760963485714,0.121376805098618
wh-meta-henrico-va-1,2023-10-26,3,25.0350499862483,0.6699009791490196,0.9816234582797628,0.1263911389712264
wh-meta-henrico-va-1,2023-10-26,4,24.66845977167562,0.6902981621336537,0.9817938298926968,0.1210847699552501
wh-meta-henrico-va-1,2023-11-27,0,12.05384410346891,0.4393985562522736,0.9798206802090568,0.1167084947721608
wh-meta-henrico-va-1,2023-11-27,1,12.336997610803046,0.6020433468870903,0.9816915073766204,0.093917144872419
wh-meta-henrico-va-1,2023-11-27,2,12.53777392132519,0.5825017377600774,0.981127060991286,0.0995575242946696
wh-meta-henrico-va-1,2023-11-27,3,12.597240218752166,0.5631770036411897,0.9807716753239848,0.1055074517326246
wh-meta-henrico-va-1,2023-11-27,4,12.516753926485796,0.560383026475151,0.9806113570302694,0.1017193093391788
wh-meta-henrico-va-1,2023-12-29,0,8.964709064897216,0.7206876227392428,0.979009441158024,0.0187764330923078
wh-meta-henrico-va-1,2023-12-29,1,10.229395148856655,0.6104090127554875,0.9799693807279398,0.0839740072576591
wh-meta-henrico-va-1,2023-12-29,2,9.154554506681832,0.5840070814025509,0.9777204749899868,0.0786618321702841
wh-meta-henrico-va-1,2023-12-29,3,9.758689331598404,0.5676387331231392,0.9791408970697308,0.0949178735801845
wh-meta-henrico-va-1,2023-12-29,4,8.963608039994226,0.5898646788242742,0.978281228232043,0.1106221130885017
wh-meta-henrico-va-1,2024-01-14,0,7.771476823573558,0.437320816000279,0.9791039179677165,0.125618145780683
wh-meta-henrico-va-1,2024-01-14,1,8.245828283161192,0.5649242695438973,0.9802048063296208,0.0953558602455835
wh-meta-henrico-va-1,2024-01-14,2,8.370163228958335,0.5441138427820854,0.9796202750621332,0.1020186064653334
wh-meta-henrico-va-1,2024-01-14,3,8.33277960746482,0.5233317665220294,0.9792376028957768,0.1089531324585979
wh-meta-henrico-va-1,2024-01-14,4,8.385168860823923,0.5125342466169901,0.9789640346142804,0.1038199933303398
wh-meta-henrico-va-1,2024-01-30,0,3.38646074881121,0.5232686120509387,0.9774758868404324,0.0809044522584814
wh-meta-henrico-va-1,2024-01-30,1,3.866377866697841,0.5445208198349754,0.9788011522836172,0.0899649601653048
wh-meta-henrico-va-1,2024-01-30,2,3.60752269216536,0.533774295684343,0.9774882197001912,0.0813118684201734
wh-meta-henrico-va-1,2024-01-30,3,4.820742197731472,0.5521827441480647,0.979036394103836,0.0951632916871201
wh-meta-henrico-va-1,2024-01-30,4,5.665540942592083,0.5231917005939906,0.9776553883364651,0.0910555584699144
wh-meta-henrico-va-1,2024-02-15,0,8.754959688575287,0.3704449114517619,0.9790889025277324,0.1806878355390075
wh-meta-henrico-va-1,2024-02-15,1,8.91680461399615,0.5489661145358604,0.9813123257382308,0.1030674574069796
wh-meta-henrico-va-1,2024-02-15,2,8.572126492207914,0.5199155908101513,0.9805407296606258,0.111176717895383
wh-meta-henrico-va-1,2024-02-15,3,8.5500875523599,0.5103259355319777,0.9803243518420304,0.1168421035174476
wh-meta-henrico-va-1,2024-02-15,4,8.871221610149435,0.5051520432020891,0.9801340932850447,0.1111762217834141
wh-meta-henrico-va-1,2024-05-21,0,30.170797096657793,0.5248937300279287,0.98122077498267,0.2552951460717045
wh-meta-henrico-va-1,2024-05-21,1,27.450974380625155,0.827095480726577,0.985395502922096,0.1815738437256427
wh-meta-henrico-va-1,2024-05-21,2,28.635424507369915,0.788766205391379,0.9845280729697006,0.1784664924661456
wh-meta-henrico-va-1,2024-05-21,3,28.956652777284052,0.7599561231794881,0.984155917819227,0.1785319634592595
wh-meta-henrico-va-1,2024-05-21,4,28.43327784314127,0.776672842277691,0.9841953668047968,0.1747226196005171
wh-meta-henrico-va-1,2024-06-22,0,40.402896184959026,0.4963153493075256,0.9804474186215676,0.2351521604682898
wh-meta-henrico-va-1,2024-06-22,1,36.63857237231176,0.8172749369038138,0.9849668734797802,0.1721080767792583
wh-meta-henrico-va-1,2024-06-22,2,38.22688835883092,0.7688310052168975,0.9840032068130732,0.1730296037016893
wh-meta-henrico-va-1,2024-06-22,3,38.430337991981354,0.7605484098484842,0.9839217094557908,0.1762654392438523
wh-meta-henrico-va-1,2024-06-22,4,37.54699006768511,0.7792158876647199,0.9840639468280812,0.1718158003677815
wh-meta-henrico-va-1,2024-07-08,0,13.151636553829618,0.6765108480508653,0.9830929372197303,0.183028598109425
wh-meta-henrico-va-1,2024-07-08,1,11.052041019557944,0.8080481847911437,0.9848522469312584,0.1781076412615446
wh-meta-henrico-va-1,2024-07-08,2,11.851238286745197,0.7806996931672502,0.984311246817529,0.1798526057888723
wh-meta-henrico-va-1,2024-07-08,3,14.966529764605458,0.7793382337796791,0.9844458112195216,0.1822280968650075
wh-meta-henrico-va-1,2024-07-08,4,15.523209005013433,0.7820469094954773,0.9841780560537936,0.1720222120207045
wh-meta-henrico-va-1,2024-08-25,0,31.30193575110475,0.510938117510111,0.9808479959992726,0.2169066093798646
wh-meta-henrico-va-1,2024-08-25,1,27.594842829460823,0.8287396895462356,0.9854190990444864,0.1420044995382698
wh-meta-henrico-va-1,2024-08-25,2,28.592890261541804,0.7970668368360091,0.98476961477622,0.1472653285494196
wh-meta-henrico-va-1,2024-08-25,3,27.983715355138784,0.8226270328255595,0.9853073022458116,0.1533527131296329
wh-meta-henrico-va-1,2024-08-25,4,27.829560874768468,0.8230597713402531,0.9851637568803162,0.1481488656059842
wh-meta-henrico-va-1,2024-09-10,0,30.321708435846183,0.500202869497981,0.9802766021094748,0.2184941338309238
wh-meta-henrico-va-1,2024-09-10,1,26.934055101684933,0.827107744001052,0.9848823062642575,0.1328060896121914
wh-meta-henrico-va-1,2024-09-10,2,27.979797054717647,0.7904529886368752,0.9841334414018448,0.1386895232737494
wh-meta-henrico-va-1,2024-09-10,3,27.653336762155792,0.8109335398218563,0.9844709408548888,0.1444323152078573
wh-meta-henrico-va-1,2024-09-10,4,27.29943586057443,0.8066844304849099,0.9843088205985,0.1377263116621245
wh-meta-henrico-va-1,2024-10-12,0,24.216510432573635,0.5021735021328915,0.9806912702309524,0.195256194827855
wh-meta-henrico-va-1,2024-10-12,1,22.256216006011623,0.7780792484881004,0.9846559629009414,0.1145902949609308
wh-meta-henrico-va-1,2024-10-12,2,23.04563077724781,0.7464092738171982,0.9840223540803624,0.1211277832499924
wh-meta-henrico-va-1,2024-10-12,3,23.23702604970158,0.72718648382583,0.9837931630221473,0.1245772618623602
wh-meta-henrico-va-1,2024-10-12,4,22.836952394922665,0.7416981704294969,0.9838905250210722,0.1211585689610879
wh-meta-henrico-va-1,2024-10-28,0,19.173112137561407,0.4616687191142472,0.9803489911802138,0.1971657180602723
wh-meta-henrico-va-1,2024-10-28,1,17.601629713011494,0.7013336061472577,0.9837822617090132,0.1092767301426752
wh-meta-henrico-va-1,2024-10-28,2,18.467435169705755,0.6732095772762995,0.9831369057784582,0.1166780531580722
wh-meta-henrico-va-1,2024-10-28,3,18.76048804582075,0.6528216460410681,0.9828253529882978,0.1239269717995064
wh-meta-henrico-va-1,2024-10-28,4,18.284712039968177,0.6620529504932918,0.982855382684834,0.118926771149167
wh-meta-henrico-va-1,2024-11-13,0,11.208459277281916,0.4487084778970748,0.9799366678045578,0.1943477012286358
wh-meta-henrico-va-1,2024-11-13,1,10.282301803961376,0.6267536080533106,0.9823406336240532,0.10149117101126
wh-meta-henrico-va-1,2024-11-13,2,11.009084833939916,0.6072348486943712,0.9817762721477644,0.1068846203450314
wh-meta-henrico-va-1,2024-11-13,3,11.331698616115672,0.5834258334767501,0.9814390861399388,0.114091130894516
wh-meta-henrico-va-1,2024-11-13,4,11.07579692229831,0.5845204977442393,0.9813086994889304,0.1106545072920857
wh-meta-henrico-va-1,2024-11-29,0,10.174426437187948,0.5033032161603928,0.9803817289205246,0.1498463503376995
wh-meta-henrico-va-1,2024-11-29,1,9.886987033581883,0.6111914597511711,0.9817485180835174,0.0964190616308658
wh-meta-henrico-va-1,2024-11-29,2,10.263914025486857,0.5925949041696761,0.9812251533808448,0.101735660844663
wh-meta-henrico-va-1,2024-11-29,3,10.448670236452578,0.5637710568355436,0.9808052557203912,0.1083732500901295
wh-meta-henrico-va-1,2024-11-29,4,10.337802799869886,0.5553035319834615,0.980562043225768,0.1045302136551455
wh-meta-henrico-va-1,2024-12-31,0,13.360878853767534,0.571058095475766,0.981404751624702,0.1187623906975592
wh-meta-henrico-va-1,2024-12-31,1,13.73008912057782,0.6016894640625672,0.9816187952760556,0.0917095730388258
wh-meta-henrico-va-1,2024-12-31,2,13.934671548999818,0.5717415115205273,0.9809194233535252,0.097783667403424
wh-meta-henrico-va-1,2024-12-31,3,14.099279885725892,0.5446191182539921,0.9804966276078156,0.1049919557892024
wh-meta-henrico-va-1,2024-12-31,4,14.017786868869615,0.5289193979381057,0.980133639089691,0.1004786204061106
wh-meta-henrico-va-1,2025-02-01,0,12.603947987795411,0.4568557957099651,0.9801067907801424,0.1713888699128589
wh-meta-henrico-va-1,2025-02-01,1,12.524474465471108,0.6013389490663071,0.981797605534549,0.0916085904763471
wh-meta-henrico-va-1,2025-02-01,2,12.789600210554251,0.5687296077092536,0.9810619783454534,0.0971134923949048
wh-meta-henrico-va-1,2025-02-01,3,12.848351890511388,0.5468845811105374,0.9806585445022756,0.1023193738741127
wh-meta-henrico-va-1,2025-02-01,4,12.64276396039903,0.5262327994676194,0.980241613716878,0.1004597064842452
wh-meta-henrico-va-1,2025-02-17,0,7.112009296180054,0.4341518802365953,0.9790175168212406,0.1793734745536576
wh-meta-henrico-va-1,2025-02-17,1,7.256233016400384,0.5583150262499537,0.9803864508111628,0.1013100464095673
wh-meta-henrico-va-1,2025-02-17,2,7.578202552518804,0.5321606292912849,0.9797147063414235,0.10610898684629
wh-meta-henrico-va-1,2025-02-17,3,7.648080133485806,0.5124676375049412,0.9793313015382972,0.1143934995036095
wh-meta-henrico-va-1,2025-02-17,4,7.662016372968198,0.4932012726250153,0.9789949109466204,0.1098393846568268
wh-meta-henrico-va-1,2025-03-21,0,15.632595201850243,0.4164093296410225,0.9795929137115844,0.1870313208906049
wh-meta-henrico-va-1,2025-03-21,1,15.338483325958542,0.5255492398130385,0.981109495419448,0.1174142520475787
wh-meta-henrico-va-1,2025-03-21,2,15.409464454961656,0.5252749713191581,0.9807136930933528,0.11797093294181
wh-meta-henrico-va-1,2025-03-21,3,15.36696778666703,0.5253441779534299,0.9806498811047156,0.1251433018739476
wh-meta-henrico-va-1,2025-03-21,4,15.35030724273286,0.5075606837148934,0.9803174374302708,0.1214709360086388
wh-meta-henrico-va-1,2025-05-08,1,17.449800635652192,0.7208709969167231,0.9835434782608694,0.1929546222826086
wh-meta-henrico-va-1,2025-05-08,2,20.4158270277647,0.7773289920669433,0.9842502838593326,0.1374006430492335
wh-meta-henrico-va-1,2025-05-08,3,23.90236766710901,0.7420339506115673,0.9838053935365224,0.156266593287829
wh-meta-henrico-va-1,2025-05-08,4,25.00987375079993,0.7508532215246103,0.9838436319258572,0.1567639058947064
wh-meta-henrico-va-1,2025-05-24,0,25.70490307609982,0.522706626961178,0.9809481837606832,0.2271331478754999
wh-meta-henrico-va-1,2025-05-24,1,23.173325915235356,0.7557709636805298,0.9844583872214356,0.1738765390421419
wh-meta-henrico-va-1,2025-05-24,2,23.495231684333348,0.7649396042453658,0.9843132509311072,0.1743622335229248
wh-meta-henrico-va-1,2025-05-24,3,24.466214108166895,0.7506214693670279,0.9840894254301112,0.1763779595466195
wh-meta-henrico-va-1,2025-05-24,4,24.71814558512902,0.7629377360281951,0.9841919977183724,0.1737724639862435
wh-meta-henrico-va-1,2025-06-09,4,24.98097561033075,0.8738895263486993,0.9840677042801558,0.2105607772859922
wh-meta-henrico-va-1,2025-06-25,0,38.22392266893941,0.5234207053885642,0.9811233137843248,0.2231811536104632
wh-meta-henrico-va-1,2025-06-25,1,34.08572409462273,0.760556045511264,0.984847556246211,0.1696180606551737
wh-meta-henrico-va-1,2025-06-25,2,35.713882096217716,0.7681649934031988,0.9847786876948595,0.1695805766592921
wh-meta-henrico-va-1,2025-06-25,3,36.903148838932744,0.7905143665701839,0.9852510866752844,0.1728811088428201
wh-meta-henrico-va-1,2025-06-25,4,37.80102950106808,0.7830515142906408,0.9849812782847897,0.1665928134778984
wh-meta-henrico-va-1,2025-07-11,0,31.098990444609264,0.7067024094724232,0.9835932730006204,0.1972710297023162
wh-meta-henrico-va-1,2025-07-11,1,29.2869210219211,0.8400522117787962,0.9855856301990548,0.1822576763033432
wh-meta-henrico-va-1,2025-07-11,2,29.17536156143524,0.8150308983515068,0.9844149021545344,0.1549856614329425
wh-meta-henrico-va-1,2025-07-11,3,28.8221265709951,0.8345371623710113,0.9845415909189796,0.1679063865601641
wh-meta-henrico-va-1,2025-07-11,4,29.441157454746417,0.8106913488855128,0.9839272855155188,0.159580641607658
wh-meta-henrico-va-1,2025-07-27,0,39.09088541637479,0.5478553593091148,0.9812711356610302,0.2148235024196443
wh-meta-henrico-va-1,2025-07-27,1,34.99914633110933,0.8044294485811283,0.985196639628045,0.1589558086315355
wh-meta-henrico-va-1,2025-07-27,2,35.062600946423004,0.7977387432548745,0.9848283901227244,0.1597863752133713
wh-meta-henrico-va-1,2025-07-27,3,34.528799506580526,0.8199644184951798,0.985207655371064,0.161665469086501
wh-meta-henrico-va-1,2025-07-27,4,34.59971356100078,0.8134938897159635,0.9850248427353342,0.1593452234153993
wh-meta-henrico-va-1,2025-08-12,0,32.6714801422488,0.6488652511372786,0.9822774338449592,0.2317230948844368
wh-meta-henrico-va-1,2025-08-12,1,29.848508192749115,0.7870442511334894,0.9842760869791668,0.1880426956714254
wh-meta-henrico-va-1,2025-08-12,2,30.629435940872384,0.7437524571018099,0.9831293418478984,0.1858278383572511
wh-meta-henrico-va-1,2025-08-12,3,28.9014714901023,0.7948812548763141,0.9840954450848568,0.1849366562870967
wh-meta-henrico-va-1,2025-08-12,4,29.82896493298998,0.7973218189262836,0.9839540924986488,0.1846904377123462
wh-meta-henrico-va-1,2025-08-28,0,30.485262806188175,0.540823349840878,0.9812003846153844,0.2077103370822307
wh-meta-henrico-va-1,2025-08-28,1,27.47319811586966,0.8011000275370012,0.9851071914284216,0.1424720636283084
wh-meta-henrico-va-1,2025-08-28,2,28.199745087214012,0.7750941093988705,0.9844594943230646,0.1433738559536576
wh-meta-henrico-va-1,2025-08-28,3,27.873113975695333,0.7878112533047547,0.9847165145187372,0.1458873016223231
wh-meta-henrico-va-1,2025-08-28,4,27.50512781248171,0.7893498206015085,0.9846403543023078,0.1414792588797575
wh-meta-henrico-va-1,2025-09-13,0,28.214617017901812,0.5437963909764746,0.9804520885615554,0.1976200250102857
wh-meta-henrico-va-1,2025-09-13,1,25.881091242591825,0.7883044538860889,0.9838126211061528,0.132670643123008
wh-meta-henrico-va-1,2025-09-13,2,26.61709982587758,0.7673932206766059,0.9832483601851512,0.1336766900444462
wh-meta-henrico-va-1,2025-09-13,3,26.447276464830654,0.7662341579098338,0.9832380998598264,0.1359494952534248
wh-meta-henrico-va-1,2025-09-13,4,26.474535628152807,0.7708305931173143,0.9832301637957244,0.1344807340831673
wh-meta-henrico-va-1,2025-10-15,0,22.410258487039485,0.6116952154519725,0.9822898540569412,0.1740535438031923
wh-meta-henrico-va-1,2025-10-15,1,21.62070120472336,0.7477789229070503,0.9840661151111058,0.1182668651916573
wh-meta-henrico-va-1,2025-10-15,2,22.046451191947323,0.7492531232145245,0.983864464492938,0.1145807230179309
wh-meta-henrico-va-1,2025-10-15,3,22.284332109756917,0.7263644921400793,0.98349014719927,0.1213483218455302
wh-meta-henrico-va-1,2025-10-15,4,22.034037192874735,0.7383397632696738,0.983529623989086,0.1172475823195818
wh-meta-henrico-va-1,2025-10-31,0,16.766077940727406,0.5082004671663013,0.980734469034866,0.1760098762252841
wh-meta-henrico-va-1,2025-10-31,1,16.328014068170596,0.6616743699313596,0.982916725795819,0.1075005400308817
wh-meta-henrico-va-1,2025-10-31,2,16.712832618188035,0.6549490508342364,0.9825413174331066,0.1109432528849235
wh-meta-henrico-va-1,2025-10-31,3,16.705166937575225,0.6402670927137214,0.9822814909221336,0.1173745289640508
wh-meta-henrico-va-1,2025-10-31,4,16.632284282174314,0.6463363046252635,0.9822668695152884,0.112723028236178
wh-meta-henrico-va-1,2025-11-16,2,1.658086696406726,0.5486967306316691,0.9845676868106248,0.0615816679672207
wh-meta-henrico-va-1,2025-11-16,3,17.82561123332918,0.6263549514708534,0.9783897171865116,0.0659774517095166
wh-meta-henrico-va-1,2025-11-16,4,20.14796893825382,0.5358502109304574,0.9782210836545958,0.0813147215636418
wh-meta-henrico-va-1,2026-01-19,0,2.1040306221230742,0.4438006176015829,0.9815214792967064,0.1513293120434301
wh-meta-henrico-va-1,2026-01-19,1,1.8530990276913764,0.5824906158743641,0.9813854172507588,0.0856806373882671
wh-meta-henrico-va-1,2026-01-19,2,2.002957519269863,0.5664427126853318,0.9809391867576096,0.0921137925346759
wh-meta-henrico-va-1,2026-01-19,3,2.1344609599440423,0.5433775491964546,0.980563666684044,0.099187914619296
wh-meta-henrico-va-1,2026-01-19,4,2.133653465557459,0.5267490807633289,0.9802500906624706,0.0951176519778834
wh-meta-henrico-va-1,2026-03-24,0,13.613855638389548,0.4034162533847737,0.9791907505910148,0.1981081726667801
wh-meta-henrico-va-1,2026-03-24,1,13.497044218091474,0.4978834057774194,0.980720218381311,0.1323916698184602
wh-meta-henrico-va-1,2026-03-24,2,14.016428382482482,0.5151480698002683,0.9806719195872184,0.1336105529690553
wh-meta-henrico-va-1,2026-03-24,3,14.199271249515624,0.5175871230416941,0.9807057244608256,0.1421066936784729
wh-meta-henrico-va-1,2026-03-24,4,14.39235484549424,0.5094882896697659,0.9804036824214502,0.1351545213933668
wh-meta-henrico-va-1,2026-04-09,0,17.555601286711163,0.4351566109099142,0.9798638657028556,0.1946834016670423
wh-meta-henrico-va-1,2026-04-09,1,16.42012504909497,0.5628262958481264,0.9818366125891284,0.1322334980450592
wh-meta-henrico-va-1,2026-04-09,2,16.644841381558823,0.5721171626452146,0.9815792352716136,0.1365035189039685
wh-meta-henrico-va-1,2026-04-09,3,16.327780791628,0.5947772266985765,0.9820799152905132,0.1479030324768384
wh-meta-henrico-va-1,2026-04-09,4,16.010363023373245,0.5991342320117415,0.9819532273199048,0.1438605673586882
wh-meta-henrico-va-1,2026-06-12,0,41.439758052864185,0.5381865218317549,0.9808081605746491,0.2203114421279889
wh-meta-henrico-va-1,2026-06-12,1,37.7717115158078,0.7983875542886976,0.984579510346973,0.1641418176712309
wh-meta-henrico-va-1,2026-06-12,2,39.141945748892525,0.7587620839048296,0.983753230717938,0.1652837552618569
wh-meta-henrico-va-1,2026-06-12,3,39.41569254743582,0.749558549605388,0.9836567454461584,0.173269998190458
wh-meta-henrico-va-1,2026-06-12,4,38.83435543501359,0.7593285702015924,0.9836709919103824,0.1691497066807173
wh-meta-henrico-va-1,2026-07-14,0,35.32243109777907,0.5482249603764336,0.9813758633387882,0.2129129348547233
wh-meta-henrico-va-1,2026-07-14,1,31.967517470456837,0.7811768881719858,0.9849686027991016,0.1558795848599692
wh-meta-henrico-va-1,2026-07-14,2,32.2669391749184,0.771392602351761,0.984559469736285,0.1582990440161801
wh-meta-henrico-va-1,2026-07-14,3,31.00701910732153,0.8175066804640225,0.9854170291541798,0.1654643385025251
wh-meta-henrico-va-1,2026-07-14,4,31.00640508017945,0.8066138944600401,0.9851379423743274,0.1610541453849615
wh-meta-henrico-va-1,2026-07-30,0,32.62993393685021,0.5536462950296048,0.9813906264775428,0.207857224021822
wh-meta-henrico-va-1,2026-07-30,1,30.05941931402448,0.7682776978129415,0.9847138253101072,0.1513005135902623
wh-meta-henrico-va-1,2026-07-30,2,30.537277035104875,0.7733807442943816,0.9845149292893294,0.1534384599306021
wh-meta-henrico-va-1,2026-07-30,3,29.48110274943426,0.8282554194379078,0.9854832891087656,0.1591080483329898
wh-meta-henrico-va-1,2026-07-30,4,29.58508383278965,0.8132713241268259,0.9851593458958846,0.1555055121801784
wh-meta-henrico-va-1,2026-08-31,0,29.796008723916895,0.5961130400870456,0.9817686854850546,0.1959032644526686
wh-meta-henrico-va-1,2026-08-31,1,28.14580197271219,0.7163856683529882,0.983519641297166,0.1681329979853564
wh-meta-henrico-va-1,2026-08-31,2,29.463301525488948,0.7722415890645205,0.9841845486319268,0.1563430752781062
wh-meta-henrico-va-1,2026-08-31,3,30.087517493231047,0.7945221462642572,0.9846390026698956,0.1560960193951619
wh-meta-henrico-va-1,2026-08-31,4,31.24148342867552,0.7972676620557065,0.9845236451438344,0.1515598799543786
wh-meta-henrico-va-1,2026-09-16,0,30.5923214207316,0.5416364860624814,0.9811759706310232,0.1934523383617021
wh-meta-henrico-va-1,2026-09-16,1,28.25958096795522,0.7517568656024635,0.9843530733267176,0.1302431402774344
wh-meta-henrico-va-1,2026-09-16,2,28.800512318703372,0.7532956379970166,0.984135943016808,0.1321747670355851
wh-meta-henrico-va-1,2026-09-16,3,28.28825403043653,0.7772404232803868,0.9845394840232192,0.1325610267687186
wh-meta-henrico-va-1,2026-09-16,4,27.987322230776325,0.7813281081046646,0.9845086237490196,0.1314674332415889
wh-meta-henrico-va-1,2021-11-19,0,8.996451146168612,0.7466302839889677,0.9841156773958905,0.0965375296580172
wh-meta-henrico-va-1,2021-11-19,1,9.547377424144816,0.6312726698673216,0.9827158872782652,0.1054360561874541
wh-meta-henrico-va-1,2021-11-19,2,9.839218693219893,0.6077717987316946,0.9821582423307792,0.1111921299049266
wh-meta-henrico-va-1,2021-11-19,3,10.03409175241663,0.5883376859362954,0.9818018045879606,0.1171497080567346
wh-meta-henrico-va-1,2021-11-19,4,10.056426186343243,0.5827049035019851,0.9815925280933908,0.1138686249665994
wh-meta-henrico-va-1,2021-11-24,0,7.530797969995934,0.7458142056700312,0.9827581769412604,0.0946810327132432
wh-meta-henrico-va-1,2021-11-24,1,8.105961858503683,0.622136892094824,0.981420506778004,0.1035193514964499
wh-meta-henrico-va-1,2021-11-24,2,8.387814183088024,0.5961389751429756,0.9808006020215222,0.1113209964183149
wh-meta-henrico-va-1,2021-11-24,3,8.738685735767536,0.575255569038267,0.980456225145153,0.1165192065018905
wh-meta-henrico-va-1,2021-11-24,4,8.626190307104077,0.5672145937673274,0.9801701074386152,0.1127593326710584
wh-meta-henrico-va-1,2021-12-15,0,10.88631410702866,0.7396703912070443,0.9838948372431344,0.0939157948849676
wh-meta-henrico-va-1,2021-12-15,1,11.34347809511687,0.6073470370317041,0.982188325920088,0.1008648405273923
wh-meta-henrico-va-1,2021-12-15,2,11.468769087064588,0.5809571449780686,0.981556463438908,0.1083260313586525
wh-meta-henrico-va-1,2021-12-15,3,11.735110185911948,0.5588075535569889,0.9812302494743562,0.1151398587818721
wh-meta-henrico-va-1,2021-12-15,4,11.647566675547646,0.5420590139833931,0.9806201272336542,0.11289339701713
wh-meta-henrico-va-1,2022-02-01,0,4.197046987468915,0.7320831007134588,0.9840839461720314,0.0921871338220812
wh-meta-henrico-va-1,2022-02-01,1,4.9763408047765285,0.5813710300069143,0.9821152084927736,0.0993790333994437
wh-meta-henrico-va-1,2022-02-01,2,5.108685777734955,0.5583045422613984,0.9814536400852508,0.1053386467242698
wh-meta-henrico-va-1,2022-02-01,3,5.368578965595119,0.5382966884122743,0.9811244443115702,0.1141074105027799
wh-meta-henrico-va-1,2022-02-01,4,5.224400807701966,0.5136634380457836,0.9805792618583734,0.1096254513649503
wh-meta-henrico-va-1,2022-03-05,0,15.711230748653035,0.6985769714302575,0.9832792139479892,0.1030669083441533
wh-meta-henrico-va-1,2022-03-05,1,16.801758772970263,0.5479374602154422,0.9813346679194666,0.1058728059395095
wh-meta-henrico-va-1,2022-03-05,2,17.000544240726974,0.5294110454690565,0.9806537948879224,0.1126275507969668
wh-meta-henrico-va-1,2022-03-05,3,17.112127130897335,0.5175015578628374,0.9805500360234232,0.1196421865489626
wh-meta-henrico-va-1,2022-03-05,4,17.062122099198366,0.4920016303022351,0.9798649188846872,0.1117805370907879
wh-meta-henrico-va-1,2022-03-21,0,20.09526439339033,0.6784268823446903,0.9836218844335316,0.1050705528759091
wh-meta-henrico-va-1,2022-03-21,1,21.80693882433445,0.5446352316550814,0.9818922910336364,0.1170847621914057
wh-meta-henrico-va-1,2022-03-21,2,22.109991145244862,0.5242825705186868,0.9812804735133368,0.1272051398436276
wh-meta-henrico-va-1,2022-03-21,3,22.23082717586456,0.5295114874778447,0.9813180786244718,0.131843426478269
wh-meta-henrico-va-1,2022-03-21,4,22.32451639053273,0.5036879526735764,0.9807655960647808,0.1288216478047212
wh-meta-henrico-va-1,2022-04-06,0,18.593635732420324,0.6813961902384141,0.9818597975664238,0.1196359416154075
wh-meta-henrico-va-1,2022-04-06,1,19.525706066291768,0.6176451359055196,0.9810355504539592,0.1189514744050239
wh-meta-henrico-va-1,2022-04-06,2,19.20246871883188,0.6106995544608556,0.980696822614048,0.1357088972457493
wh-meta-henrico-va-1,2022-04-06,3,19.201536439086205,0.5770069758042996,0.9804981019346763,0.1443492939694433
wh-meta-henrico-va-1,2022-04-06,4,19.00318090263783,0.5654892042428962,0.9795285515604876,0.1434216410225127
wh-meta-henrico-va-1,2022-04-22,0,27.98486442957856,0.7082638679728026,0.9841919285324596,0.1183147645814011
wh-meta-henrico-va-1,2022-04-22,1,29.260631575344615,0.6248730666839725,0.9832009292950716,0.1317351452348319
wh-meta-henrico-va-1,2022-04-22,2,29.10055329506149,0.6039210875647487,0.9825847070991032,0.1434416955076332
wh-meta-henrico-va-1,2022-04-22,3,28.23530294636263,0.6408845897263253,0.9831681105565228,0.1481747718990708
wh-meta-henrico-va-1,2022-04-22,4,27.45901145171432,0.6259012293573363,0.9826589386921144,0.1475743150653494
wh-meta-henrico-va-1,2022-06-09,0,27.068169367527,0.8279505962520368,0.9858526011560697,0.1893752802468834
wh-meta-henrico-va-1,2022-06-09,1,28.62029197131482,0.8082210576716611,0.9856266036638146,0.1930186668305237
wh-meta-henrico-va-1,2022-06-09,2,31.724502727860735,0.7715050756993896,0.985187456381334,0.2001491193516908
wh-meta-henrico-va-1,2022-06-09,3,32.93533597888133,0.7647388396083149,0.9850460153617142,0.189352859087309
wh-meta-henrico-va-1,2022-06-09,4,32.360396231325176,0.7899857299134507,0.985339322740741,0.1886732374468663
wh-meta-henrico-va-1,2022-06-25,0,29.09339880175206,0.8836462358698888,0.986334507183126,0.1505418592844153
wh-meta-henrico-va-1,2022-06-25,1,29.80793337796525,0.8517726105771019,0.9861408447310416,0.1732883856389548
wh-meta-henrico-va-1,2022-06-25,2,31.33413982369286,0.7892395732944626,0.9849613631455888,0.1776471483011339
wh-meta-henrico-va-1,2022-06-25,3,31.633918060766625,0.7838975501296764,0.9848283284399182,0.1763155664358231
wh-meta-henrico-va-1,2022-06-25,4,30.922559448167515,0.8084932136165598,0.9851746389748572,0.1730956219552977
wh-meta-henrico-va-1,2022-07-11,0,26.49906675255484,0.8834485847184849,0.986573788870706,0.1445462330070467
wh-meta-henrico-va-1,2022-07-11,1,26.94195080532529,0.8538790952735488,0.9863491938380388,0.1654106121082739
wh-meta-henrico-va-1,2022-07-11,2,28.04230789851062,0.79569718766778,0.9852162808998332,0.1703144899942504
wh-meta-henrico-va-1,2022-07-11,3,28.014054478200052,0.8125708285015955,0.9854940891678328,0.1683088958756617
wh-meta-henrico-va-1,2022-07-11,4,27.65705806373298,0.8238831123327434,0.9856139454826536,0.1635942373302807
wh-meta-henrico-va-1,2022-07-27,3,-0.9798737283235448,0.791834645094148,0.984292008597108,0.188362923899798
wh-meta-henrico-va-1,2022-07-27,4,5.046395754898559,0.7973581321357899,0.9840334544445962,0.1800850760650305
wh-meta-henrico-va-1,2022-08-12,0,27.108936201387124,0.7293614970326501,0.9841167044008008,0.1396751788482109
wh-meta-henrico-va-1,2022-08-12,1,25.582325916836577,0.8577771021083422,0.986078820645536,0.1456544170365684
wh-meta-henrico-va-1,2022-08-12,2,26.387206961929884,0.815654022341498,0.9852535331918754,0.148883207720194
wh-meta-henrico-va-1,2022-08-12,3,26.410626424987413,0.8428850926886081,0.985811380855951,0.1569316188027911
wh-meta-henrico-va-1,2022-08-12,4,26.507014831878426,0.8390402657058957,0.9854810968286388,0.1474784474979029
wh-meta-henrico-va-1,2022-08-28,0,35.06192759543371,0.6191365041632434,0.9828113507001276,0.1481765395231518
wh-meta-henrico-va-1,2022-08-28,1,32.291524207479085,0.8363941329477936,0.9859311395685432,0.1371207665355532
wh-meta-henrico-va-1,2022-08-28,2,33.10363697928896,0.7933919392321284,0.9851567162843172,0.1464689506860486
wh-meta-henrico-va-1,2022-08-28,3,32.534483492747256,0.8230204956903141,0.985677993302168,0.1514903125770309
wh-meta-henrico-va-1,2022-08-28,4,32.5504674198837,0.8058420186580657,0.9852393804391713,0.1436088672914613
wh-meta-henrico-va-1,2022-09-13,0,29.463593822644366,0.5242927212552929,0.9805176217150916,0.1428983469105874
wh-meta-henrico-va-1,2022-09-13,1,26.80207645550573,0.778666922266887,0.9838656042232756,0.1220995629331766
wh-meta-henrico-va-1,2022-09-13,2,28.078101576350655,0.7492061385298645,0.9835770845538142,0.1434476332001578
wh-meta-henrico-va-1,2022-09-13,3,28.344540989677483,0.7914644981725241,0.9846638438790742,0.1659480037100131
wh-meta-henrico-va-1,2022-09-13,4,27.625485122163926,0.7850877656150606,0.9844385490476454,0.1547186419145025
wh-meta-henrico-va-1,2022-10-15,0,24.276838392337982,0.4935473210203219,0.9812218957992372,0.1600338805175827
wh-meta-henrico-va-1,2022-10-15,1,22.7645892515605,0.7424622606713893,0.9848312124633448,0.1212955597031924
wh-meta-henrico-va-1,2022-10-15,2,23.426751012408698,0.7036274823572974,0.9840458899163864,0.130924539993069
wh-meta-henrico-va-1,2022-10-15,3,24.178888164971585,0.6832481506644339,0.9837074555830276,0.1312428906335428
wh-meta-henrico-va-1,2022-10-15,4,23.604049234296337,0.6937324434556545,0.9837550316843366,0.1280665033808066
wh-meta-henrico-va-1,2022-11-16,0,10.82902561189058,0.5718472163163978,0.9801313042489048,0.094244765602224
wh-meta-henrico-va-1,2022-11-16,1,10.143182266696565,0.5948512215145582,0.9805694807088536,0.1210715695115243
wh-meta-henrico-va-1,2022-11-16,2,10.653974651130705,0.6035271185025519,0.9801853139278864,0.1148029786843198
wh-meta-henrico-va-1,2022-11-16,3,10.921250679832816,0.5740194656301002,0.9796821169265236,0.1201766645767333
wh-meta-henrico-va-1,2022-11-16,4,11.018811429032176,0.5745133012820806,0.979676284426588,0.1183024277611611
wh-meta-henrico-va-1,2022-12-02,0,8.079657129284781,0.4526742981656117,0.9800973381523918,0.1133650325912552
wh-meta-henrico-va-1,2022-12-02,1,8.587601329754154,0.5967909136941143,0.9820983395997556,0.0963962197111241
wh-meta-henrico-va-1,2022-12-02,2,8.795627038101236,0.5696378224059748,0.9814071794998152,0.1040437157726786
wh-meta-henrico-va-1,2022-12-02,3,9.125493437864264,0.5398068815723109,0.980885546509628,0.1102935298289911
wh-meta-henrico-va-1,2022-12-02,4,8.925589695070888,0.5436808202780603,0.9808668327725002,0.1068757633221484
wh-meta-henrico-va-1,2022-12-18,0,6.757211454561401,0.4391130353644694,0.9799387579559916,0.1079931106457993
wh-meta-henrico-va-1,2022-12-18,1,7.105374655176118,0.5849703141618402,0.9816927161270276,0.0922757813707065
wh-meta-henrico-va-1,2022-12-18,2,7.244634549608418,0.5580708993433829,0.981045711988216,0.0999977354069339
wh-meta-henrico-va-1,2022-12-18,3,7.57019603832888,0.5284673813903312,0.9805192404774016,0.1065732761271043
wh-meta-henrico-va-1,2022-12-18,4,7.376529153800703,0.5297403764724895,0.9804578862482594,0.1026421931754388
wh-meta-henrico-va-1,2023-02-04,0,0.8335612355090223,0.4077913399091037,0.980001718494272,0.1224740635548282
wh-meta-henrico-va-1,2023-02-04,1,0.7459671492990021,0.5430303966318265,0.9816096827333278,0.1007616214746043
wh-meta-henrico-va-1,2023-02-04,2,1.1481496233310289,0.5208761899510634,0.980970774596261,0.1084432841092863
wh-meta-henrico-va-1,2023-02-04,3,1.5457113100936646,0.5031135506680576,0.9805692868903289,0.1134331756077404
wh-meta-henrico-va-1,2023-02-04,4,1.2887702979993636,0.5020155053502438,0.9804438748301272,0.1087359817778818
wh-meta-henrico-va-1,2023-03-08,0,12.773727937527848,0.3945986514393958,0.979526661211129,0.15294950210328
wh-meta-henrico-va-1,2023-03-08,1,13.116515104336498,0.529255098654851,0.9814559221344082,0.1124417592270574
wh-meta-henrico-va-1,2023-03-08,2,13.332868356811913,0.5126469858424857,0.9809020126305602,0.1223139836020133
wh-meta-henrico-va-1,2023-03-08,3,13.500434206489958,0.5170267178167451,0.9808781279910402,0.1259023420536569
wh-meta-henrico-va-1,2023-03-08,4,13.041689563356918,0.5223793807822337,0.9808927396384696,0.1193130837244017
wh-meta-henrico-va-1,2023-04-09,0,18.253011439617865,0.4007078594032341,0.979615832878704,0.1346626969546167
wh-meta-henrico-va-1,2023-04-09,1,19.37524631789053,0.5621561845342806,0.9821844080896548,0.1256754407313653
wh-meta-henrico-va-1,2023-04-09,2,19.487866525777896,0.5547579125962397,0.9817624877350272,0.1323807273280449
wh-meta-henrico-va-1,2023-04-09,3,19.271591820576013,0.5705092770512817,0.9819680173915282,0.136601410942135
wh-meta-henrico-va-1,2023-04-09,4,18.46282601999245,0.6074272108738998,0.982433683663961,0.1318624486676993
wh-meta-henrico-va-1,2023-04-25,0,20.138329602370852,0.4671290578092774,0.9807511363636364,0.1841739452649822
wh-meta-henrico-va-1,2023-04-25,1,19.60455332815926,0.7141658532056363,0.9845633615043268,0.1595266699674173
wh-meta-henrico-va-1,2023-04-25,2,20.87304373168292,0.6839670045477662,0.9838492588802036,0.1614411333243432
wh-meta-henrico-va-1,2023-04-25,3,21.318997364065556,0.6790701425129979,0.9838041915375284,0.1684336330515161
wh-meta-henrico-va-1,2023-04-25,4,19.68103876577632,0.7412009077423201,0.9846178091050858,0.164838979215549
wh-meta-henrico-va-1,2023-05-11,0,15.2181931255508,0.4150745325742251,0.9790738534016906,0.1665598985554939
wh-meta-henrico-va-1,2023-05-11,1,14.25775714901602,0.5731910296649024,0.9813669159450714,0.1499387824837094
wh-meta-henrico-va-1,2023-05-11,2,17.946091846970095,0.5661548257354695,0.9822624295466476,0.1735680130074391
wh-meta-henrico-va-1,2023-05-11,3,21.35179153664873,0.7133116982502743,0.983901717583857,0.1715694540883825
wh-meta-henrico-va-1,2023-05-11,4,20.55305469015213,0.7727873855158958,0.9847419611500164,0.165714362731597
wh-meta-henrico-va-1,2023-06-28,0,26.38219203404817,0.6898954787502876,0.9842103304183,0.1827007211491406
wh-meta-henrico-va-1,2023-06-28,1,27.043759374480643,0.8593378980565962,0.9868687748845376,0.1955110639179109
wh-meta-henrico-va-1,2023-06-28,2,30.588531540322705,0.7728677751367645,0.9852968466100184,0.180811252844
wh-meta-henrico-va-1,2023-06-28,3,29.670610208639236,0.8100237370392477,0.9857422190624912,0.1820497514603988
wh-meta-henrico-va-1,2023-06-28,4,29.638254077433448,0.7993261397786892,0.9854306912393554,0.1728618060976293
wh-meta-henrico-va-1,2023-07-14,3,0.8554227249436915,0.7841945082384105,0.9833627521613834,0.0969518883537463
wh-meta-henrico-va-1,2023-07-14,4,11.948119246768943,0.7867235966335182,0.983387080811151,0.1292693429928902
wh-meta-henrico-va-1,2023-07-30,0,34.77450954199813,0.5326217400766652,0.9811770459128918,0.1763732496404689
wh-meta-henrico-va-1,2023-07-30,1,32.5120382000338,0.7805039978017353,0.9846612528156142,0.1616590251565312
wh-meta-henrico-va-1,2023-07-30,2,33.18636897273296,0.7594255668853223,0.9841675531421308,0.1742786965433439
wh-meta-henrico-va-1,2023-07-30,3,31.459942057818992,0.8299113944010719,0.9854355482840104,0.1764396333867688
wh-meta-henrico-va-1,2023-07-30,4,31.25014469773317,0.7990326035400336,0.9846257854901714,0.1738050188585549
wh-meta-henrico-va-1,2023-08-15,0,39.87225147026513,0.4913811289409694,0.9809053691580284,0.1767059713917075
wh-meta-henrico-va-1,2023-08-15,1,36.662588648729646,0.8098085390807198,0.9856573045593356,0.1496289823877558
wh-meta-henrico-va-1,2023-08-15,2,37.422731316694374,0.7761408224034996,0.9849374465360649,0.1563706062180655
wh-meta-henrico-va-1,2023-08-15,3,35.98710211067333,0.8167139824837486,0.985657576742903,0.1595644205250341
wh-meta-henrico-va-1,2023-08-15,4,34.82774878726717,0.8037726841796627,0.985350616191886,0.1583207634798557
wh-meta-henrico-va-1,2023-09-16,0,27.428710958760544,0.4841178686719174,0.9810178199903284,0.1659013389433726
wh-meta-henrico-va-1,2023-09-16,1,25.75557091684968,0.8022207963189324,0.9855879987269957,0.1318364725638889
wh-meta-henrico-va-1,2023-09-16,2,26.618894837165456,0.7698639030568811,0.9848793362050308,0.1384366904485523
wh-meta-henrico-va-1,2023-09-16,3,26.29271806896996,0.7788814945829289,0.985009509634982,0.1348908784625197
wh-meta-henrico-va-1,2023-09-16,4,25.98751432760795,0.7991406741585145,0.9853228378399428,0.1341755564187357
wh-meta-henrico-va-1,2023-10-02,0,27.335194580701874,0.5054522552332162,0.981195585403426,0.1539488498070839
wh-meta-henrico-va-1,2023-10-02,1,26.48082956573183,0.7923855339953441,0.9852851420387808,0.1249313556501694
wh-meta-henrico-va-1,2023-10-02,2,27.046758709153956,0.7650237377360877,0.9846683163026486,0.1310752734452813
wh-meta-henrico-va-1,2023-10-02,3,26.88441452596959,0.7632299698711152,0.984639532453252,0.1293716211563811
wh-meta-henrico-va-1,2023-10-02,4,26.626241577928184,0.785298656514221,0.9849649188076108,0.1301698174306141
wh-meta-henrico-va-1,2023-10-18,0,20.146437949001264,0.4818611984137434,0.9808301709426436,0.1680900438580445
wh-meta-henrico-va-1,2023-10-18,1,19.20289342761392,0.7647672007362539,0.9849940790945428,0.1171403508578888
wh-meta-henrico-va-1,2023-10-18,2,19.93181558136872,0.7356022572635602,0.9843282718587872,0.1230813519916205
wh-meta-henrico-va-1,2023-10-18,3,20.147998932264645,0.7215528582683876,0.9841147191412218,0.1270988261545554
wh-meta-henrico-va-1,2023-10-18,4,19.63817761281034,0.7496452541050491,0.9845112706227708,0.1224366773740228
wh-meta-henrico-va-1,2023-11-03,0,14.446842194703567,0.4530455815290392,0.9806136855158726,0.1551337749352183
wh-meta-henrico-va-1,2023-11-03,1,13.985804424532295,0.6673231486601723,0.983586754968896,0.1095163683062037
wh-meta-henrico-va-1,2023-11-03,2,14.628193916347868,0.648608905675398,0.9830494026382588,0.1167173896263712
wh-meta-henrico-va-1,2023-11-03,3,14.844307246023073,0.6348903630118045,0.9828356283211168,0.122503841800006
wh-meta-henrico-va-1,2023-11-03,4,14.46864933796745,0.648554685311125,0.9829552068656796,0.1171787736645868
wh-meta-henrico-va-1,2023-11-19,0,14.153047537973356,0.4118630536399426,0.9791576984468332,0.1788179928299643
wh-meta-henrico-va-1,2023-11-19,1,13.956339279665626,0.5964185387743137,0.9813947714270548,0.1048796501549014
wh-meta-henrico-va-1,2023-11-19,2,14.438328891498957,0.575838266252154,0.9808374419649408,0.1132011144545585
wh-meta-henrico-va-1,2023-11-19,3,14.701562523440504,0.558471337686448,0.9805010423510668,0.11935551843156
wh-meta-henrico-va-1,2023-11-19,4,14.401860561800817,0.5580951994294288,0.9803685306745584,0.11472363866024
wh-meta-henrico-va-1,2023-12-05,0,9.923077295105136,0.4500278094081804,0.9804484141875804,0.1144847246121
wh-meta-henrico-va-1,2023-12-05,1,9.954131454403225,0.5827817643751018,0.9817106791643612,0.0936030618829629
wh-meta-henrico-va-1,2023-12-05,2,10.32094313791515,0.5612685947377682,0.981160422186014,0.099810655779575
wh-meta-henrico-va-1,2023-12-05,3,10.463668196954083,0.5425261414302834,0.9808192053781172,0.1054214952443387
wh-meta-henrico-va-1,2023-12-05,4,10.412005997123671,0.5366186667110097,0.9805707913497757,0.1011775677032504
wh-meta-henrico-va-1,2023-12-21,0,7.08742116570977,0.4656727675820555,0.980595518133288,0.1141837073831242
wh-meta-henrico-va-1,2023-12-21,1,7.424809609473678,0.5748682997528527,0.981596648960756,0.0942051384355655
wh-meta-henrico-va-1,2023-12-21,2,7.632574783659114,0.5535173166362866,0.9810255184197666,0.1010514171477622
wh-meta-henrico-va-1,2023-12-21,3,7.650761630224104,0.5344454932505357,0.9806727574651872,0.1071970115350264
wh-meta-henrico-va-1,2023-12-21,4,7.593867258910639,0.523716188270374,0.980387817876342,0.1023488515959586
wh-meta-henrico-va-1,2024-01-22,0,2.691439394744851,0.4306915924965315,0.9803177480058852,0.126841621259467
wh-meta-henrico-va-1,2024-01-22,1,2.9055450051232996,0.5646949997925341,0.9817205575467328,0.097926839722727
wh-meta-henrico-va-1,2024-01-22,2,3.2501728775657375,0.5422635313076165,0.9811109158869316,0.1048695706081157
wh-meta-henrico-va-1,2024-01-22,3,3.275275847874223,0.5206986072592638,0.9807230742873032,0.1121657333206146
wh-meta-henrico-va-1,2024-01-22,4,3.182270726460663,0.5089981220681496,0.9804464863188136,0.1072691648395862
wh-meta-henrico-va-1,2024-02-07,0,8.555213927762303,0.3918536391976955,0.9790404933285256,0.1633227907826541
wh-meta-henrico-va-1,2024-02-07,1,8.747639479479083,0.5543022001015392,0.9806711133506592,0.1013841152415568
wh-meta-henrico-va-1,2024-02-07,2,9.054828224987428,0.53462174256148,0.9801030477787784,0.1091010869899654
wh-meta-henrico-va-1,2024-02-07,3,8.976772096903442,0.5169109250681496,0.9797507585330568,0.1160736829309513
wh-meta-henrico-va-1,2024-02-07,4,8.909196795014857,0.5059739986960994,0.9794735748217408,0.1111471188203049
wh-meta-henrico-va-1,2024-03-10,0,11.249292909886544,0.5168288918422673,0.9814326185162277,0.1619662632841699
wh-meta-henrico-va-1,2024-03-10,1,13.090017561461345,0.5840005428579162,0.9824489240169426,0.1289365284935902
wh-meta-henrico-va-1,2024-03-10,2,12.669456925363068,0.6292300956212568,0.9821871150577284,0.1063144491179877
wh-meta-henrico-va-1,2024-03-10,3,13.147180634357582,0.5693199099135225,0.98039103707152,0.1195175202912871
wh-meta-henrico-va-1,2024-03-10,4,13.020926170077288,0.5091295248955596,0.9797443032257898,0.1104379203473021
wh-meta-henrico-va-1,2024-03-26,2,22.72734320120807,0.4572445145531507,0.975813422818792,0.1229268547315436
wh-meta-henrico-va-1,2024-03-26,3,16.214472274239956,0.4937712310320364,0.9792527710097044,0.1231016443036856
wh-meta-henrico-va-1,2024-03-26,4,14.017558735864377,0.499039288976067,0.9802880517851998,0.1428854646900934
wh-meta-henrico-va-1,2024-05-13,0,24.431188551967303,0.4839309610001302,0.9813825731951272,0.2353842303060555
wh-meta-henrico-va-1,2024-05-13,1,22.413517289999753,0.7929810806359432,0.9860493125004736,0.1721897327927121
wh-meta-henrico-va-1,2024-05-13,2,23.53404479845398,0.7550572646973419,0.9852090928274032,0.173688488717433
wh-meta-henrico-va-1,2024-05-13,3,23.58851278068849,0.7353203827681136,0.9849476192437528,0.177383705995505
wh-meta-henrico-va-1,2024-05-13,4,23.100055823407203,0.7605166668484562,0.985123288543548,0.1727309255198587
wh-meta-henrico-va-1,2024-05-29,0,32.12092411087889,0.4932020560788813,0.9813956260229144,0.2375078423999702
wh-meta-henrico-va-1,2024-05-29,1,29.129338266114193,0.8245665947062005,0.98631496844004,0.1743181599247033
wh-meta-henrico-va-1,2024-05-29,2,30.383364291631427,0.7881781421219891,0.9854812709251874,0.1747344684983892
wh-meta-henrico-va-1,2024-05-29,3,30.41256407673294,0.7668857300032264,0.9852073577452682,0.1778237428221867
wh-meta-henrico-va-1,2024-05-29,4,29.90293994078598,0.789122564870068,0.9854777896628748,0.1739405555220283
wh-meta-henrico-va-1,2024-06-14,0,34.960938856696394,0.5188589769981554,0.9816128014184404,0.2264517367235632
wh-meta-henrico-va-1,2024-06-14,1,31.713684874379005,0.819183570190996,0.986072529267792,0.1722995001974449
wh-meta-henrico-va-1,2024-06-14,2,33.03697916746112,0.7801316189429838,0.9852688925987534,0.1745793041087625
wh-meta-henrico-va-1,2024-06-14,3,33.22051458563402,0.7726823096865906,0.9852828951706024,0.1791272068527669
wh-meta-henrico-va-1,2024-06-14,4,32.61796121277272,0.7947258714891926,0.9855024467386524,0.1753575532921185
wh-meta-henrico-va-1,2024-06-30,0,15.928426723913065,0.8133505085654952,0.9853655193236716,0.2363998981280193
wh-meta-henrico-va-1,2024-06-30,1,18.394343035779833,0.8375065520485939,0.9858703120152468,0.2559408214939835
wh-meta-henrico-va-1,2024-06-30,2,16.900077645367073,0.8360832239098925,0.9852981451305972,0.1999802981228292
wh-meta-henrico-va-1,2024-06-30,3,15.861395566262678,0.8077149610902099,0.9844949498901148,0.2139387468916914
wh-meta-henrico-va-1,2024-06-30,4,13.575486629013136,0.8067637919099904,0.9807979219385016,0.1973223005126141
wh-meta-henrico-va-1,2024-07-16,0,36.1253671017414,0.5230059163766305,0.9814378405164584,0.221467521124795
wh-meta-henrico-va-1,2024-07-16,1,32.6702659980662,0.8307670457180284,0.985799918618487,0.1620979446319758
wh-meta-henrico-va-1,2024-07-16,2,33.40600652544335,0.8009758362429968,0.9851607185097864,0.1646866651714112
wh-meta-henrico-va-1,2024-07-16,3,32.5830079723269,0.8234433784662498,0.9856569803630162,0.1701426994615743
wh-meta-henrico-va-1,2024-07-16,4,32.51094496876287,0.8221449524727727,0.9854628780239482,0.1645320116133746
wh-meta-henrico-va-1,2024-08-01,0,36.80946549946975,0.5346419595417496,0.9812773563375172,0.2070310891557328
wh-meta-henrico-va-1,2024-08-01,1,33.776226714260986,0.8340210885746607,0.9854228619924064,0.1518786484168151
wh-meta-henrico-va-1,2024-08-01,2,34.49883905623137,0.805980511275605,0.9848110138920936,0.1550286644505395
wh-meta-henrico-va-1,2024-08-01,3,33.81965393135628,0.8323046203987458,0.9853545255211068,0.1625927403697852
wh-meta-henrico-va-1,2024-08-01,4,33.706902350378655,0.8299067862088895,0.9851452357799028,0.1565576323683472
wh-meta-henrico-va-1,2024-08-17,0,32.046208023772465,0.5336073207574559,0.9811085746061944,0.2166623805460537
wh-meta-henrico-va-1,2024-08-17,1,29.84569977419607,0.8048946126732924,0.9849031033993068,0.169024721735821
wh-meta-henrico-va-1,2024-08-17,2,31.198568749321073,0.822675186064796,0.9853671554498056,0.1583441062871675
wh-meta-henrico-va-1,2024-08-17,3,30.435232636241853,0.8226840805165944,0.9855415959502364,0.1807729772531764
wh-meta-henrico-va-1,2024-08-17,4,31.535676480147497,0.8231431180306449,0.985283598060142,0.1644734397889852
wh-meta-henrico-va-1,2024-09-02,3,14.625030019999995,0.7483531413777791,0.98135,0.09384773875
wh-meta-henrico-va-1,2024-10-04,0,23.13967616667212,0.5528201655487335,0.9815168548097016,0.1797712073258688
wh-meta-henrico-va-1,2024-10-04,1,22.03469762948551,0.756899693762016,0.9842843134067556,0.1311750426654621
wh-meta-henrico-va-1,2024-10-04,2,22.189488460348095,0.734315672343559,0.9838234563595386,0.1345333016573926
wh-meta-henrico-va-1,2024-10-04,3,23.2809753597298,0.7217443301728177,0.9836987394866922,0.1324757605236983
wh-meta-henrico-va-1,2024-10-04,4,23.78806410491175,0.7497043067285072,0.983869131031788,0.1290010199169043
wh-meta-henrico-va-1,2024-10-20,0,22.475456199827303,0.4936071325180677,0.9807056551191136,0.1996806275662963
wh-meta-henrico-va-1,2024-10-20,1,20.761776326339348,0.7753119061384494,0.9844619164816528,0.1116841690341628
wh-meta-henrico-va-1,2024-10-20,2,21.63188280308898,0.7398004057121852,0.9837498267225396,0.1192981805613434
wh-meta-henrico-va-1,2024-10-20,3,21.903884076796647,0.7151498068108251,0.9833823971756542,0.1248569285575593
wh-meta-henrico-va-1,2024-10-20,4,21.24092284737504,0.729717779471086,0.9834837870433908,0.1191293337783921
wh-meta-henrico-va-1,2024-11-05,0,22.817039997259418,0.4437676655266458,0.9803547094926348,0.1955064875232429
wh-meta-henrico-va-1,2024-11-05,1,21.84507816327917,0.6550385129386608,0.983339142387342,0.1053830908278751
wh-meta-henrico-va-1,2024-11-05,2,22.471640568315063,0.632351107054841,0.9827598067537654,0.1120972421548329
wh-meta-henrico-va-1,2024-11-05,3,22.718053111554767,0.6127070642132951,0.982466376014868,0.1199502436196436
wh-meta-henrico-va-1,2024-11-05,4,22.253719177343232,0.6210391679614907,0.9824250536867456,0.1154519705693694
wh-meta-henrico-va-1,2024-11-21,0,12.810373366582663,0.4583588649037503,0.980504874977267,0.178722676794792
wh-meta-henrico-va-1,2024-11-21,1,12.224383767534215,0.6167695250210432,0.9824718175962904,0.0952070618006343
wh-meta-henrico-va-1,2024-11-21,2,12.709803283016036,0.5968209903909871,0.9819039047501804,0.1004419890847947
wh-meta-henrico-va-1,2024-11-21,3,12.818910793343615,0.5710561896560973,0.9814894367588266,0.1065651628539725
wh-meta-henrico-va-1,2024-11-21,4,12.70232394158087,0.5659594028328871,0.981300644802672,0.1033608365090832
wh-meta-henrico-va-1,2024-12-07,0,4.113345106191849,0.4642197587890913,0.9804138331114708,0.1833910698978489
wh-meta-henrico-va-1,2024-12-07,1,3.908299263848019,0.5966488270944446,0.9820505895992292,0.0977672579154626
wh-meta-henrico-va-1,2024-12-07,2,4.3843586240480485,0.57375578850011,0.9814411185854044,0.104462880130457
wh-meta-henrico-va-1,2024-12-07,3,4.692251865164405,0.5462084484995297,0.9810410126966608,0.1118468353119238
wh-meta-henrico-va-1,2024-12-07,4,4.628170430483034,0.5364063338863121,0.980773315766807,0.1068909885367596
wh-meta-henrico-va-1,2024-12-23,0,1.5138945035867413,0.4707930428580288,0.9804140184416784,0.1716575120480521
wh-meta-henrico-va-1,2024-12-23,1,1.1187677062403905,0.593040254998479,0.981801745535004,0.093266196196259
wh-meta-henrico-va-1,2024-12-23,2,1.5941489099116803,0.5648413433888639,0.9811264665628188,0.0993005105328297
wh-meta-henrico-va-1,2024-12-23,3,1.839416614525142,0.5383229384319048,0.9807160820520522,0.1060293397218665
wh-meta-henrico-va-1,2024-12-23,4,1.8285567962255689,0.5223233258931819,0.9803651213974892,0.1018555553742943
wh-meta-henrico-va-1,2025-01-08,0,-1.2636617680821207,0.2658903197799588,0.9832446094184856,0.2768593687039452
wh-meta-henrico-va-1,2025-01-08,1,-1.3711187366655389,0.4644003970324142,0.9796118543904664,0.1447653207092766
wh-meta-henrico-va-1,2025-01-08,2,-1.4403639654507303,0.4162283323914489,0.9813849272575916,0.1844388914019157
wh-meta-henrico-va-1,2025-01-08,3,-1.83854421395137,0.3484703686002453,0.9822578372540652,0.2379800285379274
wh-meta-henrico-va-1,2025-01-08,4,-1.8889159547526864,0.3623573382425862,0.9817472506048528,0.2089417756400267
wh-meta-henrico-va-1,2025-01-24,0,2.9716195849860862,0.4671008751496868,0.98239144363812,0.1777128946397922
wh-meta-henrico-va-1,2025-01-24,1,3.2428559934556445,0.575479481538777,0.9817357536125362,0.1007533137036622
wh-meta-henrico-va-1,2025-01-24,2,3.779354189721473,0.5412401337928263,0.9810521270669053,0.1084429000087499
wh-meta-henrico-va-1,2025-01-24,3,3.988026346545918,0.5117500247904159,0.9805375721941518,0.1161390609002797
wh-meta-henrico-va-1,2025-01-24,4,3.7623967839211225,0.4981666878706796,0.9801886988539216,0.11324221218823
wh-meta-henrico-va-1,2025-02-09,0,6.578277854167309,0.530702731496809,0.981683175995017,0.1046122318137464
wh-meta-henrico-va-1,2025-02-09,1,7.8284239303502,0.5665999583189366,0.9822129385575686,0.1001274268281793
wh-meta-henrico-va-1,2025-02-09,2,7.555045300393632,0.5696171251386977,0.9820151841171152,0.1082422188495415
wh-meta-henrico-va-1,2025-02-09,3,7.3901621216202384,0.5218702894931742,0.9810771581176908,0.1187106430523465
wh-meta-henrico-va-1,2025-02-09,4,7.599469225660681,0.493147735727253,0.9802577277930328,0.1184515845984396
wh-meta-henrico-va-1,2025-02-25,0,13.153210624486103,0.3997539030121665,0.97984077832333,0.1884117469287827
wh-meta-henrico-va-1,2025-02-25,1,13.690907000465298,0.5107453368627362,0.9813989759871494,0.1153091744486592
wh-meta-henrico-va-1,2025-02-25,2,14.03908276700585,0.4902903533102541,0.980741603406542,0.1218232631105431
wh-meta-henrico-va-1,2025-02-25,3,14.372984381124947,0.4736556227718801,0.9804402160221148,0.1292352743758712
wh-meta-henrico-va-1,2025-02-25,4,14.696507809025311,0.4619860440025817,0.9800733772659088,0.1212218867799432
wh-meta-henrico-va-1,2025-04-14,0,25.995080231890395,0.4456873917542079,0.9803757137661372,0.1947357160395979
wh-meta-henrico-va-1,2025-04-14,1,26.106411619265774,0.5615765320988907,0.9821831582696192,0.134981368840571
wh-meta-henrico-va-1,2025-04-14,2,25.93162680609093,0.5884729674606183,0.9822153884445936,0.1337864643970377
wh-meta-henrico-va-1,2025-04-14,3,25.241277161392368,0.614536881550257,0.9826829084175468,0.1416251640598611
wh-meta-henrico-va-1,2025-04-14,4,24.765739577349716,0.6208170752840192,0.9826539664041948,0.1385504549372843
wh-meta-henrico-va-1,2025-05-16,0,36.116818384471365,0.5357998133294428,0.9819207810510991,0.211676688815716
wh-meta-henrico-va-1,2025-05-16,1,34.0820483396218,0.7604363769077289,0.9856036300399348,0.1660410910094111
wh-meta-henrico-va-1,2025-05-16,2,34.28337338566995,0.7689462022355155,0.9854565318624164,0.1655193195379636
wh-meta-henrico-va-1,2025-05-16,3,34.157138025738156,0.7565388008922107,0.9853129116382952,0.1681498677208777
wh-meta-henrico-va-1,2025-05-16,4,33.92271220217307,0.7660504662012586,0.9853741652178168,0.1651266419544892
wh-meta-henrico-va-1,2025-06-01,0,24.435225035306043,0.5535693980087054,0.9821063929805426,0.191405919119476
wh-meta-henrico-va-1,2025-06-01,1,22.726068512440563,0.694201315754042,0.9840894482878818,0.1673848951891173
wh-meta-henrico-va-1,2025-06-01,2,22.998772007539753,0.7032901830285476,0.983836318726484,0.1666483969838891
wh-meta-henrico-va-1,2025-06-01,3,22.87182362335271,0.6987992396081847,0.98375163142752,0.1688492508530676
wh-meta-henrico-va-1,2025-06-01,4,22.74837459485124,0.7020789431922679,0.9835760675756804,0.166396682569117
wh-meta-henrico-va-1,2025-07-03,0,36.21715535729307,0.5249785727283115,0.9803694253325465,0.1566635126126509
wh-meta-henrico-va-1,2025-07-03,1,32.596069476915055,0.7657405344627105,0.9848106715390854,0.1750719610650088
wh-meta-henrico-va-1,2025-07-03,2,32.266569058864945,0.7827433368957917,0.9846437665093252,0.1759257987111947
wh-meta-henrico-va-1,2025-07-03,3,32.980553255921606,0.8103627264050411,0.9850736356170116,0.1801596773825223
wh-meta-henrico-va-1,2025-07-03,4,32.94333116020632,0.7871638636990461,0.9850570517370452,0.1717540577666493
wh-meta-henrico-va-1,2025-07-19,2,32.151974012069964,0.779079817405596,0.9790115957184322,0.0518771194050277
wh-meta-henrico-va-1,2025-07-19,3,30.20873507944517,0.8134451515368449,0.9833416285297528,0.1547838677159048
wh-meta-henrico-va-1,2025-07-19,4,30.811618283374013,0.7798490976795361,0.9839727502922194,0.184400122996176
wh-meta-henrico-va-1,2025-08-04,0,31.624386204166147,0.5542941703003099,0.9816507137661398,0.2135632011857158
wh-meta-henrico-va-1,2025-08-04,1,28.351003972384063,0.8034699954935777,0.9853677674483374,0.1544109317014885
wh-meta-henrico-va-1,2025-08-04,2,28.957201222682453,0.7767562020086449,0.98468236209661,0.1601795567176676
wh-meta-henrico-va-1,2025-08-04,3,28.41666036930278,0.8124956091715481,0.9853775387362186,0.1616689918050591
wh-meta-henrico-va-1,2025-08-04,4,28.241515986699948,0.8136612910566554,0.9853146862140466,0.1579542863665392
wh-meta-henrico-va-1,2025-08-20,0,25.466353612119505,0.6329032514174965,0.9810065908013272,0.1691285170578473
wh-meta-henrico-va-1,2025-08-20,1,24.15630682097172,0.83686648357438,0.984335493177031,0.1531100068070565
wh-meta-henrico-va-1,2025-08-20,2,24.233409282115733,0.7864141933479963,0.983810628994282,0.1773901184276545
wh-meta-henrico-va-1,2025-08-20,3,25.597372698356818,0.7906921561529285,0.983796848123769,0.1843801812872363
wh-meta-henrico-va-1,2025-08-20,4,25.13163518586075,0.7373978442033277,0.9810593962149664,0.1682756222622027
wh-meta-henrico-va-1,2025-09-05,0,33.25000397502053,0.5421746617576381,0.9816221435715582,0.2009618284315329
wh-meta-henrico-va-1,2025-09-05,1,30.437523446823175,0.7954351483769141,0.9854616182343104,0.1361222020845944
wh-meta-henrico-va-1,2025-09-05,2,31.12091580672881,0.7693937626014897,0.984840228516872,0.1377394468773132
wh-meta-henrico-va-1,2025-09-05,3,30.785652366966676,0.7737491640667742,0.9849828036258612,0.1401734024547561
wh-meta-henrico-va-1,2025-09-05,4,30.51076737317936,0.7783651900643165,0.985001108527947,0.1386117936520613
wh-meta-henrico-va-1,2025-09-21,0,24.16585825954433,0.7127921546356266,0.9790613899230576,0.0823207605452966
wh-meta-henrico-va-1,2025-09-21,1,23.71497036212881,0.7712249568113052,0.9827670774356018,0.1307338236946507
wh-meta-henrico-va-1,2025-09-21,2,23.947457862844615,0.7849332699073689,0.9834183973611098,0.1494937921353588
wh-meta-henrico-va-1,2025-09-21,3,23.925598806755072,0.7174731903405309,0.9820474623404478,0.1424652067591044
wh-meta-henrico-va-1,2025-09-21,4,24.873467370467928,0.6204510803184434,0.981455255552766,0.157416969464937
wh-meta-henrico-va-1,2025-10-07,0,27.35423928893942,0.5458390694894057,0.9808494667212234,0.1942208276008932
wh-meta-henrico-va-1,2025-10-07,1,25.886846904306633,0.7718869403495678,0.983900798054119,0.1197373057059278
wh-meta-henrico-va-1,2025-10-07,2,26.29672699240766,0.7537088637155991,0.9833846751249188,0.1231811590907533
wh-meta-henrico-va-1,2025-10-07,3,26.48212391241293,0.7355137613838777,0.9830962014634088,0.1289552759844619
wh-meta-henrico-va-1,2025-10-07,4,26.177118329433647,0.7459155230179321,0.9831358401077598,0.1231628752447133
wh-meta-henrico-va-1,2025-10-23,0,18.899708813514444,0.5734204956297618,0.9823418951375608,0.1802821359109321
wh-meta-henrico-va-1,2025-10-23,1,18.158355961588125,0.7142098872092904,0.9842309131118486,0.1145716020420362
wh-meta-henrico-va-1,2025-10-23,2,18.489936590854928,0.701782619162668,0.9837857777011346,0.1180857596745199
wh-meta-henrico-va-1,2025-10-23,3,18.64388221977997,0.6837592931807399,0.9834839635434652,0.1237957439369682
wh-meta-henrico-va-1,2025-10-23,4,18.306057325964975,0.6917466529611492,0.9835093837492108,0.1183938787344635
wh-meta-henrico-va-1,2025-11-08,0,20.756662283965937,0.4941056228994409,0.98087407312865,0.1767320185264362
wh-meta-henrico-va-1,2025-11-08,1,20.397368629694757,0.6173547969236831,0.9825855948655374,0.105691868730653
wh-meta-henrico-va-1,2025-11-08,2,20.762811100788344,0.6145359622243122,0.982243201888144,0.1090885402284922
wh-meta-henrico-va-1,2025-11-08,3,20.78759463081155,0.5946869676881525,0.9819218247721,0.1175676521366211
wh-meta-henrico-va-1,2025-11-08,4,20.6379204252632,0.5942090118125581,0.9817936947129864,0.1131443542739723
wh-meta-henrico-va-1,2025-11-24,0,14.076302950894222,0.503354215661234,0.9800322913123845,0.1616717085311028
wh-meta-henrico-va-1,2025-11-24,1,14.094957021679406,0.5886894794942217,0.9809783964523944,0.099768916187553
wh-meta-henrico-va-1,2025-11-24,2,14.239191670449552,0.5890994952440353,0.9806282533280049,0.103113025179584
wh-meta-henrico-va-1,2025-11-24,3,14.288292468045068,0.566558537031624,0.9802631873882316,0.1118056390436814
wh-meta-henrico-va-1,2025-11-24,4,14.099803805780386,0.5576339547687543,0.979995389418425,0.1066204325744239
wh-meta-henrico-va-1,2026-01-27,0,-4.938839889222569,0.2505474394219643,0.9914077195853618,0.2993220210189797
wh-meta-henrico-va-1,2026-01-27,1,-5.2556845974273,0.3963461390973031,0.9914595618556672,0.1579266972879056
wh-meta-henrico-va-1,2026-01-27,2,-5.282059704230319,0.3845514823349657,0.9914949282665048,0.1884967432069343
wh-meta-henrico-va-1,2026-01-27,3,-5.200547471829029,0.3172435517053233,0.9914665687123896,0.2326550177089751
wh-meta-henrico-va-1,2026-01-27,4,-5.113771394679815,0.3021860744571574,0.991472593048916,0.2171035978247686
wh-meta-henrico-va-1,2026-02-12,0,5.930362155072188,0.5206229202901258,0.9814770649250858,0.158566752959137
wh-meta-henrico-va-1,2026-02-12,1,6.331701697887343,0.5363609520033166,0.9814863351511292,0.1211537482307996
wh-meta-henrico-va-1,2026-02-12,2,6.23698564523524,0.5550276429869734,0.9809601143893564,0.1124606541774321
wh-meta-henrico-va-1,2026-02-12,3,6.458320864665649,0.5357636843835805,0.9810008417225105,0.1240934808634678
wh-meta-henrico-va-1,2026-02-12,4,6.535888219366837,0.4976512471880662,0.9796544205913812,0.1195904353248917
wh-meta-henrico-va-1,2026-02-28,0,15.642704212524636,0.4263200297889038,0.9802925467558378,0.1752546777374631
wh-meta-henrico-va-1,2026-02-28,1,15.656021478713935,0.5302645123380638,0.9818324791052572,0.1096788461948117
wh-meta-henrico-va-1,2026-02-28,2,15.87148236445726,0.5293427295665403,0.9814462933062608,0.1114774782231468
wh-meta-henrico-va-1,2026-02-28,3,16.134972270081903,0.5100693771451312,0.9811118428099918,0.1217482181748467
wh-meta-henrico-va-1,2026-02-28,4,15.955320864999011,0.4936523424419159,0.98078488849111,0.1166395912866166
wh-meta-henrico-va-1,2026-04-01,0,24.089914094979537,0.386880270656657,0.979522766866701,0.1989726640465312
wh-meta-henrico-va-1,2026-04-01,1,24.36985306855394,0.4955832677450678,0.981093902296717,0.1360769413199413
wh-meta-henrico-va-1,2026-04-01,2,25.15580916299465,0.5058616711903795,0.9809057056102598,0.1383469093001336
wh-meta-henrico-va-1,2026-04-01,3,25.802969397292056,0.5193388695771931,0.9811122381034444,0.1459785124218847
wh-meta-henrico-va-1,2026-04-01,4,25.521278961922462,0.516186562220505,0.980813134991956,0.1388519555895596
wh-meta-henrico-va-1,2026-05-03,0,21.660201167581057,0.5198470572533849,0.9812262152209512,0.218339807556351
wh-meta-henrico-va-1,2026-05-03,1,19.472528661470083,0.7515897098861349,0.9846923725667,0.156478592481712
wh-meta-henrico-va-1,2026-05-03,2,20.39737815168023,0.7275713111950328,0.9840230977788268,0.1574784284761012
wh-meta-henrico-va-1,2026-05-03,3,20.907719444139214,0.7128973828291437,0.983841663984988,0.1706855922344164
wh-meta-henrico-va-1,2026-05-03,4,20.246677901126336,0.7334075864948215,0.9840779106979,0.1670997005646542
wh-meta-henrico-va-1,2026-05-19,0,35.40938191525041,0.5300101728646202,0.9807787093107824,0.2227006315456899
wh-meta-henrico-va-1,2026-05-19,1,32.64553450437567,0.7662321008959341,0.9840707131112146,0.1663535487222571
wh-meta-henrico-va-1,2026-05-19,2,33.246445252849206,0.7352623747231584,0.983329417759304,0.1676335070204073
wh-meta-henrico-va-1,2026-05-19,3,33.279754084266365,0.713806125394037,0.983018945074109,0.1778204706731042
wh-meta-henrico-va-1,2026-05-19,4,32.70152771655224,0.7339975921192514,0.9831503091858934,0.1731852938516616
wh-meta-henrico-va-1,2026-06-04,0,35.12015130361456,0.5380265790401917,0.9815335742862348,0.2222768373466992
wh-meta-henrico-va-1,2026-06-04,1,31.82290798565708,0.7941331568835014,0.9853794707928276,0.1638579113516644
wh-meta-henrico-va-1,2026-06-04,2,32.7203908397195,0.7611368896278645,0.9846149142493428,0.1652586062931593
wh-meta-henrico-va-1,2026-06-04,3,32.94558577765747,0.7457761745391479,0.9844309099229474,0.1738574080362892
wh-meta-henrico-va-1,2026-06-04,4,32.45718991147264,0.7580773352572718,0.9845132062122952,0.1694713157180479
wh-meta-henrico-va-1,2026-06-20,0,32.57202928116371,0.5465727806560187,0.98186833878887,0.2193433628993338
wh-meta-henrico-va-1,2026-06-20,1,29.474207209402564,0.7974315408812921,0.9858515910313628,0.1740445040569216
wh-meta-henrico-va-1,2026-06-20,2,30.05326980234523,0.7606243170221318,0.9850289596050286,0.1778214305667195
wh-meta-henrico-va-1,2026-06-20,3,29.313875607387647,0.7725096082809702,0.9852878481827796,0.1818314813821193
wh-meta-henrico-va-1,2026-06-20,4,28.10778430469708,0.7608358285549847,0.9848679120650008,0.1813141695196092
wh-meta-henrico-va-1,2026-07-06,0,39.45559870154578,0.559115931700047,0.9818522622294976,0.2027012992874613
wh-meta-henrico-va-1,2026-07-06,1,35.234960546612946,0.7943996832408752,0.9854349216115668,0.1539760247584583
wh-meta-henrico-va-1,2026-07-06,2,34.38933463688446,0.7596762417575605,0.9846314012113628,0.1634540480314288
wh-meta-henrico-va-1,2026-07-06,3,32.12376566922915,0.7856807895360968,0.9851321309433426,0.1711193022087009
wh-meta-henrico-va-1,2026-07-06,4,32.189622261199126,0.7883169909104257,0.9850578865141332,0.169586467353449
wh-meta-henrico-va-1,2026-07-22,4,2.1435603200000437,0.3984103334858981,0.97925,0.1304272991666666
wh-meta-henrico-va-1,2026-08-07,0,34.124269080705446,0.5618027812197037,0.9812164566284802,0.2065939545293347
wh-meta-henrico-va-1,2026-08-07,1,31.72868809952394,0.7724813722287841,0.9841805072326504,0.1468688912872712
wh-meta-henrico-va-1,2026-08-07,2,32.314348225790894,0.7817417875176781,0.9840132478415496,0.1493355399682674
wh-meta-henrico-va-1,2026-08-07,3,31.416099702039336,0.8386730719989755,0.9848872518240276,0.156155997897985
wh-meta-henrico-va-1,2026-08-07,4,31.656672755872034,0.8230160397367879,0.9845755493820476,0.152274652479662
wh-meta-henrico-va-1,2026-08-23,0,31.675987873836313,0.5450081352722941,0.98152853053882,0.2074721281567556
wh-meta-henrico-va-1,2026-08-23,1,28.831294291255055,0.7489561903718861,0.9845451179982652,0.1375497227320101
wh-meta-henrico-va-1,2026-08-23,2,29.4294908590763,0.7711096915894706,0.9848339071262504,0.1471161749946729
wh-meta-henrico-va-1,2026-08-23,3,28.63459545192328,0.8260787804225809,0.9857628050107168,0.1522833122373643
wh-meta-henrico-va-1,2026-08-23,4,28.737733750093867,0.8183271343502956,0.9856076945690366,0.1496336001940802
wh-meta-henrico-va-1,2026-09-08,0,34.0106934475778,0.5370439916478889,0.981467440898345,0.1988438409206445
wh-meta-henrico-va-1,2026-09-08,1,31.35724337021875,0.749536340479217,0.9846655497041013,0.1348915548320388
wh-meta-henrico-va-1,2026-09-08,2,32.01134319688826,0.7533814171004244,0.9844443618613172,0.1364435992849035
wh-meta-henrico-va-1,2026-09-08,3,31.060473793150656,0.7942199569891569,0.9850946773622912,0.137505033676605
wh-meta-henrico-va-1,2026-09-08,4,30.857153271175996,0.7861666617513425,0.984911348992597,0.1349317424925929
