site_id,date,ring,lst_c,ndvi,emissivity,albedo
wh-meta-social-circle-ga-2,2013-05-21,0,33.25036312912379,0.6047000189985263,0.9749337386339606,0.2124619843894387
wh-meta-social-circle-ga-2,2013-05-21,1,33.81450915578115,0.6426460096891194,0.9784545513332572,0.2469281397870861
wh-meta-social-circle-ga-2,2013-05-21,2,33.402548679489456,0.6511345617618647,0.9791181052211764,0.2281138749081704
wh-meta-social-circle-ga-2,2013-05-21,3,32.9932939709514,0.720779821158913,0.9823621927813246,0.2138996528717461
wh-meta-social-circle-ga-2,2013-05-21,4,32.2753609110879,0.7610329585121566,0.9845291984759617,0.2048614593046164
wh-meta-social-circle-ga-2,2013-04-10,0,32.2745011780113,0.5700866554410318,0.9792551546016736,0.1571353960155511
wh-meta-social-circle-ga-2,2013-04-10,1,32.00595172371044,0.5698846305313086,0.9768477650612082,0.1729355650059218
wh-meta-social-circle-ga-2,2013-04-10,2,32.383335628493974,0.5349170680586561,0.979786740875934,0.1562491965558475
wh-meta-social-circle-ga-2,2013-04-10,3,32.44938442251248,0.557668119779679,0.9800985242360714,0.1523506385382379
wh-meta-social-circle-ga-2,2013-04-10,4,32.07430314353348,0.5628345089929552,0.9816250560948389,0.1413962189618372
wh-meta-social-circle-ga-2,2013-04-26,0,27.003957167528217,0.6931714889615249,0.98149009707853,0.173519533491591
wh-meta-social-circle-ga-2,2013-04-26,1,26.65320311534844,0.6750491905964807,0.9777006422894812,0.1898809852653912
wh-meta-social-circle-ga-2,2013-04-26,2,26.79169502842199,0.6791987186856716,0.9817745470453868,0.1747384130325967
wh-meta-social-circle-ga-2,2013-04-26,3,26.941276215257677,0.7011747678863469,0.982520227049484,0.1675435829047484
wh-meta-social-circle-ga-2,2013-04-26,4,25.864611056977296,0.7335837259054249,0.9843856500300394,0.1599462531772831
wh-meta-social-circle-ga-2,2013-05-12,0,27.218893429232008,0.7081370006921742,0.9810888588615247,0.201757817560153
wh-meta-social-circle-ga-2,2013-05-12,1,26.749480244656176,0.708212415709321,0.976647842890381,0.2076507377568781
wh-meta-social-circle-ga-2,2013-05-12,2,26.465806106215567,0.7008043617972577,0.9820058960891594,0.2007632682787432
wh-meta-social-circle-ga-2,2013-05-12,3,26.41011268560454,0.7270199467883137,0.9826067895626204,0.1877968221229847
wh-meta-social-circle-ga-2,2013-05-12,4,25.382495966322494,0.7692747752369945,0.984639487877882,0.181358876990113
wh-meta-social-circle-ga-2,2013-05-28,0,30.803447064767788,0.6883101194820924,0.9806636602707294,0.18070794068282
wh-meta-social-circle-ga-2,2013-05-28,1,30.78870976144685,0.6456102141394998,0.97711485449917,0.2000514322195967
wh-meta-social-circle-ga-2,2013-05-28,2,29.280484984779005,0.6896309642491304,0.98124594425538,0.1893280876218449
wh-meta-social-circle-ga-2,2013-05-28,3,31.250525107520268,0.6907260376860069,0.9817787911319904,0.1851865163967609
wh-meta-social-circle-ga-2,2013-05-28,4,29.802258265265955,0.7466573875201441,0.9841133430107724,0.1816718935775483
wh-meta-social-circle-ga-2,2013-06-13,0,35.08656064492518,0.7073199104944297,0.9816880147326325,0.1855397111575458
wh-meta-social-circle-ga-2,2013-06-13,1,35.31748279649395,0.6692832391388124,0.9777982363149944,0.1958862490460399
wh-meta-social-circle-ga-2,2013-06-13,2,34.436799633944425,0.7240127227739307,0.9821455193124096,0.1844667150024533
wh-meta-social-circle-ga-2,2013-06-13,3,35.133623216504766,0.7074136523025103,0.9823849852170726,0.1779119877539541
wh-meta-social-circle-ga-2,2013-06-13,4,33.719560481044034,0.7713627604037382,0.9849225430957552,0.1707181719973312
wh-meta-social-circle-ga-2,2013-06-29,0,26.92979925428454,0.6337814900620488,0.9786054616202492,0.2223491484835641
wh-meta-social-circle-ga-2,2013-06-29,1,19.114929768393708,0.661287746879297,0.9777170232957,0.2199491836891083
wh-meta-social-circle-ga-2,2013-06-29,2,26.188232271073787,0.7304031420134373,0.9821951709116185,0.1975886044345982
wh-meta-social-circle-ga-2,2013-06-29,3,28.607066455306512,0.7395738440892939,0.9827995608335108,0.1861063863251675
wh-meta-social-circle-ga-2,2013-06-29,4,27.24687996894764,0.7862781596607766,0.9846878259988666,0.1816249415843804
wh-meta-social-circle-ga-2,2013-07-15,0,29.13189760318812,0.8036879535234425,0.9845130197752994,0.2323941356139879
wh-meta-social-circle-ga-2,2013-07-15,1,29.918221045417372,0.5552653074775831,0.975812884888678,0.3327987611717197
wh-meta-social-circle-ga-2,2013-07-15,2,27.363042275433255,0.7982895459804246,0.984663183724144,0.2016752080895839
wh-meta-social-circle-ga-2,2013-07-15,3,30.39488688317802,0.7644847433381653,0.9819686974608476,0.204497253950585
wh-meta-social-circle-ga-2,2013-07-15,4,29.415781013282167,0.8156520857804452,0.984467941323569,0.1918208674284552
wh-meta-social-circle-ga-2,2013-09-01,1,33.58683304705751,0.5868760075738219,0.959497145769623,0.1728677389139379
wh-meta-social-circle-ga-2,2013-09-01,2,31.243462608135975,0.7310359972497039,0.9796781972081632,0.16839535979715
wh-meta-social-circle-ga-2,2013-09-01,3,31.380036514119677,0.742495566248024,0.9824871236603976,0.1702116806227527
wh-meta-social-circle-ga-2,2013-09-01,4,30.029752513870974,0.7858504580860497,0.9838191807531032,0.1514642446087162
wh-meta-social-circle-ga-2,2013-09-17,3,21.807639186647773,0.7053133211865527,0.9770449507935104,0.1147838427378313
wh-meta-social-circle-ga-2,2013-09-17,4,19.683460358600012,0.7685605489753496,0.9750979666666666,0.0997531895283333
wh-meta-social-circle-ga-2,2013-10-03,0,28.48235170993018,0.6313887265323684,0.978912010840052,0.1665470779251444
wh-meta-social-circle-ga-2,2013-10-03,1,28.2431175462432,0.588186834642641,0.976059673180024,0.1766977573098478
wh-meta-social-circle-ga-2,2013-10-03,2,28.49695114221892,0.6714400224583451,0.9803464551145404,0.1483989461728218
wh-meta-social-circle-ga-2,2013-10-03,3,29.561988817442753,0.6854694722182263,0.981194231641892,0.1377433153331739
wh-meta-social-circle-ga-2,2013-10-03,4,28.344388776131364,0.7520715919149159,0.9834775190203902,0.1277508518942498
wh-meta-social-circle-ga-2,2013-11-04,0,18.19101265255027,0.6435684158646915,0.9800764692935364,0.1448837603476755
wh-meta-social-circle-ga-2,2013-11-04,1,18.04147040622796,0.5711399686624155,0.976257552593565,0.1587134858010846
wh-meta-social-circle-ga-2,2013-11-04,2,17.661112067951983,0.6256037526154716,0.980773894806626,0.1345055357694233
wh-meta-social-circle-ga-2,2013-11-04,3,17.909757233569064,0.6222976122611614,0.9809643644744452,0.1267223924763718
wh-meta-social-circle-ga-2,2013-11-04,4,17.06418999881699,0.675856447599581,0.9831266037100708,0.1182376712551252
wh-meta-social-circle-ga-2,2013-11-20,1,12.31768560856742,0.3427528420246037,0.9741286520818632,0.2259788794477769
wh-meta-social-circle-ga-2,2013-11-20,2,11.323742135909498,0.450197898360236,0.9781852157039594,0.1830463757613865
wh-meta-social-circle-ga-2,2013-11-20,3,11.430493634181966,0.4656354294575981,0.9785749875801194,0.1618312649616627
wh-meta-social-circle-ga-2,2013-11-20,4,10.646673202060368,0.5404300082887228,0.9807545284635008,0.1302729059150864
wh-meta-social-circle-ga-2,2014-01-07,0,-1.5372724098775004,0.485013628709078,0.9776121879155736,0.133742951395784
wh-meta-social-circle-ga-2,2014-01-07,1,-1.8260964307827177,0.4535623334584944,0.9748421341773674,0.1478196535184837
wh-meta-social-circle-ga-2,2014-01-07,2,-2.1127207584358576,0.4839605211298092,0.9782816482392444,0.1253857660291842
wh-meta-social-circle-ga-2,2014-01-07,3,-1.722638324823346,0.4790356530513043,0.9785857285805708,0.1191168424028634
wh-meta-social-circle-ga-2,2014-01-07,4,-2.707098743886651,0.5357251926157558,0.980778627412706,0.1079194171843489
wh-meta-social-circle-ga-2,2014-01-23,0,4.246789614743219,0.422294227305502,0.9767492838407972,0.1432900788517394
wh-meta-social-circle-ga-2,2014-01-23,1,3.81094330312624,0.4219957493260441,0.976105834001564,0.1393692044103297
wh-meta-social-circle-ga-2,2014-01-23,2,4.4363580279814,0.4337935120982158,0.9778042677572792,0.1335902171572236
wh-meta-social-circle-ga-2,2014-01-23,3,5.055598713706506,0.4364407358820901,0.9780846007740268,0.127450396805238
wh-meta-social-circle-ga-2,2014-01-23,4,4.659558394909752,0.4952482604271265,0.980328634325866,0.1161722873847385
wh-meta-social-circle-ga-2,2014-02-08,0,14.439423384902586,0.4492497192227819,0.97677457233465,0.1186990402752617
wh-meta-social-circle-ga-2,2014-02-08,1,14.694870188615944,0.4192571178838415,0.9740108692849132,0.1473856624453577
wh-meta-social-circle-ga-2,2014-02-08,2,14.757214159422242,0.4602919537978743,0.9782872063747912,0.1297938830421154
wh-meta-social-circle-ga-2,2014-02-08,3,15.080695215115888,0.4426640402729184,0.978405526905318,0.1362780772235297
wh-meta-social-circle-ga-2,2014-02-08,4,14.321434141513516,0.4955116543963719,0.980390058470617,0.1203319019897432
wh-meta-social-circle-ga-2,2014-02-24,0,21.403146215335408,0.4790774332201356,0.9789133385979618,0.149213251837335
wh-meta-social-circle-ga-2,2014-02-24,1,21.123813269153995,0.4344891997696321,0.9748954117996276,0.158687727484565
wh-meta-social-circle-ga-2,2014-02-24,2,20.975129420505365,0.4690287434305812,0.9785564635229564,0.141828354100455
wh-meta-social-circle-ga-2,2014-02-24,3,21.2996496823526,0.4608713924040468,0.978595463026706,0.137508049863445
wh-meta-social-circle-ga-2,2014-02-24,4,20.519343099958434,0.5115484276198926,0.98071882921416,0.1259960226164934
wh-meta-social-circle-ga-2,2014-03-12,0,20.439880349009808,0.5568987005753177,0.972622669284996,0.0545407863098484
wh-meta-social-circle-ga-2,2014-03-12,1,21.332203594234503,0.5857875228892472,0.9745523350766766,0.127270539561342
wh-meta-social-circle-ga-2,2014-03-12,2,20.651537399377755,0.5455514325171268,0.9779666152992262,0.1268041399523608
wh-meta-social-circle-ga-2,2014-03-12,3,21.276396924608992,0.5393211138969811,0.9781720447140756,0.1349639774814753
wh-meta-social-circle-ga-2,2014-03-12,4,21.15627400427799,0.5522643503248126,0.9803431316341684,0.1230882438667103
wh-meta-social-circle-ga-2,2014-04-13,0,30.943565656350685,0.611616376964542,0.9799217592761,0.1667407609521531
wh-meta-social-circle-ga-2,2014-04-13,1,30.781446467261407,0.5940111472257275,0.9767142018317996,0.1810081902818459
wh-meta-social-circle-ga-2,2014-04-13,2,30.940239688480613,0.5984409702528618,0.9801876571878936,0.1651990619376269
wh-meta-social-circle-ga-2,2014-04-13,3,31.3364652548847,0.6123614511661918,0.9809045867535188,0.1597306999673927
wh-meta-social-circle-ga-2,2014-04-13,4,30.425655660881148,0.6410386774872915,0.9827332479365056,0.1497005725998069
wh-meta-social-circle-ga-2,2014-05-31,0,37.31135463435177,0.6891421321755563,0.98126776600582,0.1893149479763096
wh-meta-social-circle-ga-2,2014-05-31,1,37.701740944577146,0.6516868487477455,0.9774897977279426,0.2009674956722533
wh-meta-social-circle-ga-2,2014-05-31,2,36.97264394938923,0.6996210934288951,0.9815705721859564,0.1876272397406454
wh-meta-social-circle-ga-2,2014-05-31,3,37.13603600673117,0.6967619194523966,0.9821275020782436,0.1797122022032671
wh-meta-social-circle-ga-2,2014-05-31,4,34.86137937007778,0.7623031618028132,0.9846171554955409,0.1768523978880266
wh-meta-social-circle-ga-2,2014-06-16,0,38.16908637765059,0.6549771614053024,0.9792580879410704,0.192665672835963
wh-meta-social-circle-ga-2,2014-06-16,1,37.61041966994135,0.6484475643363546,0.9763338931876224,0.1982069838921115
wh-meta-social-circle-ga-2,2014-06-16,2,36.9631149239331,0.6910367300140131,0.980093963943703,0.1849411699062908
wh-meta-social-circle-ga-2,2014-06-16,3,36.58571932227912,0.7025000749343041,0.9810717588768794,0.1793456094058503
wh-meta-social-circle-ga-2,2014-06-16,4,35.2931018004896,0.7474854109636935,0.9828292259028822,0.1742444320640643
wh-meta-social-circle-ga-2,2014-07-02,0,36.08166217995339,0.6599057878927352,0.9807934098763204,0.1835250086256936
wh-meta-social-circle-ga-2,2014-07-02,1,35.79703862077407,0.6307102317237591,0.9773770284423762,0.2006580878267689
wh-meta-social-circle-ga-2,2014-07-02,2,33.52710429027256,0.6800397247456262,0.9813722349280548,0.1801813419434786
wh-meta-social-circle-ga-2,2014-07-02,3,32.05771022248701,0.6883273025256837,0.9820690041515232,0.1738594884153997
wh-meta-social-circle-ga-2,2014-07-02,4,28.670087196007707,0.7357924383896153,0.9840942953307612,0.1681083866671455
wh-meta-social-circle-ga-2,2014-08-03,0,26.632765612862748,0.6283596773796729,0.9817559592670848,0.2138219024328044
wh-meta-social-circle-ga-2,2014-08-03,1,31.894734102004296,0.6828962508012439,0.9784725554659336,0.1988233686657964
wh-meta-social-circle-ga-2,2014-08-03,2,31.968621660914753,0.7028163483022452,0.9808148394257228,0.1841716363941956
wh-meta-social-circle-ga-2,2014-08-03,3,30.422663263041127,0.706053553243413,0.9822153129932704,0.174954672847206
wh-meta-social-circle-ga-2,2014-08-03,4,29.020325947806317,0.7567169475579116,0.9839802134079624,0.1662582205426989
wh-meta-social-circle-ga-2,2014-09-20,0,27.557667690255485,0.6379396640778231,0.9791032246076754,0.1639224677807464
wh-meta-social-circle-ga-2,2014-09-20,1,26.43248638559323,0.7084510282867775,0.9760856189858008,0.1626557010010563
wh-meta-social-circle-ga-2,2014-09-20,2,27.392137245460948,0.6590402551785038,0.9801561251855035,0.1726536407813878
wh-meta-social-circle-ga-2,2014-09-20,3,27.27064113057652,0.7006743308180681,0.9816708783270996,0.1587889355588983
wh-meta-social-circle-ga-2,2014-09-20,4,26.488747226703374,0.7450427684414075,0.9831387168755158,0.1441939305194452
wh-meta-social-circle-ga-2,2014-10-06,0,24.8121709155071,0.4880837816057315,0.9675590345787884,0.0707244576731259
wh-meta-social-circle-ga-2,2014-10-06,1,21.79134092282232,0.6207507060620624,0.9781106705931176,0.086450020137854
wh-meta-social-circle-ga-2,2014-10-06,2,24.383099373142773,0.6721111922087347,0.982101344060372,0.1574733326949881
wh-meta-social-circle-ga-2,2014-10-06,3,24.530294029166296,0.6852209864179974,0.9824560174819882,0.1522660514711044
wh-meta-social-circle-ga-2,2014-10-06,4,24.88543613245519,0.6908753170903815,0.9825635661942796,0.1462153280137674
wh-meta-social-circle-ga-2,2014-10-22,0,21.310682870531473,0.63115232024877,0.9789081087254464,0.1451116166209797
wh-meta-social-circle-ga-2,2014-10-22,1,21.063896367933427,0.6157580747944459,0.9760414211947576,0.1581388652635767
wh-meta-social-circle-ga-2,2014-10-22,2,20.80175352221312,0.6456400768118264,0.9797154625311708,0.1405813921395731
wh-meta-social-circle-ga-2,2014-10-22,3,21.28393333298847,0.6514130165981729,0.9801925033866776,0.1323891809184683
wh-meta-social-circle-ga-2,2014-10-22,4,20.074529991853925,0.7076237149538882,0.9823821340555524,0.1243624624758264
wh-meta-social-circle-ga-2,2014-11-07,0,17.99419979157173,0.5973004323519406,0.9795615233871128,0.1441613032749401
wh-meta-social-circle-ga-2,2014-11-07,1,17.574569772962363,0.5726628946406148,0.976610744369272,0.1559719724675066
wh-meta-social-circle-ga-2,2014-11-07,2,17.261197578491277,0.6060341773892629,0.9803856721573342,0.1384321456260886
wh-meta-social-circle-ga-2,2014-11-07,3,17.614410425696285,0.6093150503674977,0.9808441903460692,0.1303892861383263
wh-meta-social-circle-ga-2,2014-11-07,4,16.498660929650637,0.6633147554511868,0.983025712504496,0.1217535934996616
wh-meta-social-circle-ga-2,2014-12-09,0,14.084316012786855,0.5260636088563172,0.9780828897829916,0.1342140137138386
wh-meta-social-circle-ga-2,2014-12-09,1,13.894934166280027,0.4692406121107962,0.9749026452542944,0.1438559038929346
wh-meta-social-circle-ga-2,2014-12-09,2,13.600443597291642,0.50564515136769,0.9787530703532952,0.1261255044391092
wh-meta-social-circle-ga-2,2014-12-09,3,13.908098473432148,0.497231896758181,0.9787946433165644,0.1204074783704103
wh-meta-social-circle-ga-2,2014-12-09,4,13.37592702485482,0.5430374925426427,0.9808471352952152,0.111261014648942
wh-meta-social-circle-ga-2,2014-12-25,0,11.648341134175745,0.5493225778295985,0.978325985022789,0.1254185258445413
wh-meta-social-circle-ga-2,2014-12-25,1,11.57561907038907,0.4744661291125805,0.9743582898769484,0.1372738503832264
wh-meta-social-circle-ga-2,2014-12-25,2,11.272688328866735,0.5188624104125177,0.9780313834061004,0.1138903337794899
wh-meta-social-circle-ga-2,2014-12-25,3,11.556904072995373,0.5077188787780604,0.9778565493043954,0.1105231327654407
wh-meta-social-circle-ga-2,2014-12-25,4,11.0622783018579,0.5543091402598775,0.979901227453972,0.101696591938898
wh-meta-social-circle-ga-2,2015-01-10,0,6.554845695702873,0.5149731561840579,0.9788095986496216,0.1309898815980593
wh-meta-social-circle-ga-2,2015-01-10,1,6.233689304255252,0.4398323678438124,0.9746712291501524,0.1491290351681845
wh-meta-social-circle-ga-2,2015-01-10,2,6.011924777750754,0.4840701997886666,0.9783936226108528,0.1233542200541642
wh-meta-social-circle-ga-2,2015-01-10,3,6.2992804110031475,0.4798149001125145,0.9783536446997316,0.1186595856805635
wh-meta-social-circle-ga-2,2015-01-10,4,5.659953944267004,0.5246956041523597,0.9803590315411516,0.1093481239258021
wh-meta-social-circle-ga-2,2015-02-27,0,12.606482449286394,0.4386174771148012,0.9768860395588456,0.146121920180544
wh-meta-social-circle-ga-2,2015-02-27,1,12.510814846252192,0.4068268937731442,0.9742557973895448,0.1546422677607239
wh-meta-social-circle-ga-2,2015-02-27,2,12.347105484137574,0.4558070846220687,0.9778289687194076,0.1345222825280354
wh-meta-social-circle-ga-2,2015-02-27,3,12.797476457986956,0.4563635479386263,0.978217538289996,0.1311801857637662
wh-meta-social-circle-ga-2,2015-02-27,4,12.12211778590296,0.5036688782986602,0.980438011155426,0.1208350414383282
wh-meta-social-circle-ga-2,2015-03-15,2,6.4311941966929,0.4636836378673257,0.9744716861691926,0.1652279772549396
wh-meta-social-circle-ga-2,2015-03-15,3,9.80550572447356,0.4220584886281098,0.9792093787225636,0.1430332315434424
wh-meta-social-circle-ga-2,2015-03-15,4,10.451852275686008,0.4582410701570811,0.9799804096942148,0.1307664389122162
wh-meta-social-circle-ga-2,2015-03-31,0,27.46682670702689,0.5465357637958272,0.9786527375514812,0.1462044425867007
wh-meta-social-circle-ga-2,2015-03-31,1,27.120457796667967,0.5450231362156098,0.975993994918378,0.1632994875843308
wh-meta-social-circle-ga-2,2015-03-31,2,27.36087249726099,0.5257650780247937,0.9790478725151764,0.1465052355545606
wh-meta-social-circle-ga-2,2015-03-31,3,27.5659824749402,0.546686671439486,0.9798207499242988,0.1427851146690698
wh-meta-social-circle-ga-2,2015-03-31,4,27.074946643715695,0.5561905125865253,0.9813811638554912,0.1355939764481925
wh-meta-social-circle-ga-2,2015-05-02,0,28.119053825796,0.720014228152028,0.9817511606309656,0.1815545089122416
wh-meta-social-circle-ga-2,2015-05-02,1,28.83994346616291,0.676620165703404,0.9774744305577084,0.1990779704526788
wh-meta-social-circle-ga-2,2015-05-02,2,28.53972438379567,0.7005459944684941,0.9813595253814984,0.1807215455630478
wh-meta-social-circle-ga-2,2015-05-02,3,28.66931109031598,0.7200714290877035,0.9825207013921564,0.17006380495457
wh-meta-social-circle-ga-2,2015-05-02,4,27.524234843700494,0.757882448861706,0.9845379565602465,0.1653623120494064
wh-meta-social-circle-ga-2,2015-05-18,0,24.59193689656691,0.7907131193781761,0.9825809953119364,0.2079731484980165
wh-meta-social-circle-ga-2,2015-05-18,1,27.791739759884024,0.7364899569935717,0.977336387506393,0.2115551806856767
wh-meta-social-circle-ga-2,2015-05-18,2,29.56088564848448,0.7399558840002929,0.982030417273047,0.1953684156737627
wh-meta-social-circle-ga-2,2015-05-18,3,32.06263669793842,0.6335828385101484,0.979524479405346,0.2183725383749576
wh-meta-social-circle-ga-2,2015-05-18,4,31.521988641788425,0.7195207142960007,0.9831952627901592,0.1898420343200178
wh-meta-social-circle-ga-2,2015-06-03,0,29.59607735766565,0.644565649531254,0.9777180414503628,0.2441780268432801
wh-meta-social-circle-ga-2,2015-06-03,1,29.066759747678308,0.582744262595753,0.9747205120416232,0.2705836649656897
wh-meta-social-circle-ga-2,2015-06-03,2,29.42293040328096,0.6640448864186531,0.9812835886165602,0.2115612972308055
wh-meta-social-circle-ga-2,2015-06-03,3,28.57429376371108,0.7279716128321131,0.982442731857269,0.2046393886664138
wh-meta-social-circle-ga-2,2015-06-03,4,27.605540913295673,0.7720526536241247,0.9841690856359402,0.2018632856449148
wh-meta-social-circle-ga-2,2015-06-19,0,31.3219374285827,0.7230539362659854,0.9798895735352746,0.1941947538180796
wh-meta-social-circle-ga-2,2015-06-19,1,32.14339970529306,0.6552958408729196,0.9768752964948476,0.2131744757660041
wh-meta-social-circle-ga-2,2015-06-19,2,29.43299436268659,0.7263958646025545,0.9810003179551896,0.1884677239363508
wh-meta-social-circle-ga-2,2015-06-19,3,31.345782391252406,0.7285011133312357,0.9811046508371684,0.180544439555081
wh-meta-social-circle-ga-2,2015-06-19,4,31.58367684647008,0.7721249843248476,0.9831910115960858,0.1728063917565855
wh-meta-social-circle-ga-2,2015-07-05,0,28.1831010030632,0.7490122910626182,0.9811390608266574,0.2149995727099854
wh-meta-social-circle-ga-2,2015-07-05,1,27.932643473320116,0.7402039658270493,0.97391057169885,0.2113158378013515
wh-meta-social-circle-ga-2,2015-07-05,2,27.232526073888728,0.7023835284418306,0.9770629692895044,0.2089655471302623
wh-meta-social-circle-ga-2,2015-07-05,3,27.553448518376953,0.7341479459392318,0.9826051448052968,0.2011144777817429
wh-meta-social-circle-ga-2,2015-07-05,4,26.37186867075231,0.7565129071308904,0.9835858979585108,0.2039258119095698
wh-meta-social-circle-ga-2,2015-07-21,0,35.07297255846565,0.7438284308724747,0.9823919021320344,0.2013758883537759
wh-meta-social-circle-ga-2,2015-07-21,1,34.494735604514894,0.7574513799938056,0.977438226660679,0.1961886296601093
wh-meta-social-circle-ga-2,2015-07-21,2,34.49713976167262,0.7654401033044061,0.9815722504501666,0.1868761850398687
wh-meta-social-circle-ga-2,2015-07-21,3,35.60188077947115,0.7434211165445632,0.982866866458537,0.1864145790672118
wh-meta-social-circle-ga-2,2015-07-21,4,35.12925241552774,0.7707440551206248,0.9844669000769412,0.1819872823260063
wh-meta-social-circle-ga-2,2015-08-06,0,29.327354650076455,0.6390676325948832,0.9803425031499372,0.1603028616606467
wh-meta-social-circle-ga-2,2015-08-06,1,31.902101130585173,0.6668578300813065,0.9779764352983796,0.2045487696940595
wh-meta-social-circle-ga-2,2015-08-06,2,36.0214790574303,0.7097306768544974,0.9816232275515088,0.1901454044018086
wh-meta-social-circle-ga-2,2015-08-06,3,37.10922240633218,0.6708787573358642,0.9808678043391889,0.1862042572566125
wh-meta-social-circle-ga-2,2015-08-06,4,34.885800935736064,0.7212268251863581,0.9832241964084888,0.1825840528295029
wh-meta-social-circle-ga-2,2015-09-07,0,29.982269993638123,0.6209256205515099,0.9704599814897916,0.18733241903186
wh-meta-social-circle-ga-2,2015-09-07,1,28.66898294615331,0.6457892960716307,0.9727678293060872,0.2176424562408658
wh-meta-social-circle-ga-2,2015-09-07,2,28.574432531123342,0.7124711183103771,0.9784386109844468,0.170957168181452
wh-meta-social-circle-ga-2,2015-09-07,3,28.541956686135528,0.6792295197546213,0.9785685368657302,0.1765831091079455
wh-meta-social-circle-ga-2,2015-09-07,4,26.468728509211825,0.7040343027747619,0.9811777700237346,0.1870887761545298
wh-meta-social-circle-ga-2,2015-10-09,4,7.249858664187039,0.7839966588890241,0.9808869017353816,0.1471773991867469
wh-meta-social-circle-ga-2,2015-11-26,0,17.880283223036766,0.6437182940383351,0.979938645447974,0.1392681868763554
wh-meta-social-circle-ga-2,2015-11-26,1,17.971270176736095,0.5483483785895042,0.9757693672229298,0.1510420265680572
wh-meta-social-circle-ga-2,2015-11-26,2,17.82989654298731,0.5905065835727269,0.9801873309775276,0.1274404543181865
wh-meta-social-circle-ga-2,2015-11-26,3,18.047905258729873,0.5945677424336888,0.9803043285219502,0.1200878125860481
wh-meta-social-circle-ga-2,2015-11-26,4,17.562113664844162,0.6207776651862936,0.9820962889026288,0.1108703209614482
wh-meta-social-circle-ga-2,2015-12-12,0,19.020921482228,0.6138351679942938,0.9788301232885748,0.1226383138917214
wh-meta-social-circle-ga-2,2015-12-12,1,19.11960973215894,0.5177975185485134,0.9755074816176786,0.1331025642146637
wh-meta-social-circle-ga-2,2015-12-12,2,18.834478843093965,0.5600767744912961,0.979526848134316,0.1164735205371284
wh-meta-social-circle-ga-2,2015-12-12,3,19.036251456219848,0.5597268510039114,0.9793813453369044,0.1133731926059565
wh-meta-social-circle-ga-2,2015-12-12,4,18.589742128911062,0.5873844204403373,0.9811898873226748,0.1080014122945901
wh-meta-social-circle-ga-2,2016-01-13,0,9.245531785860887,0.6148370668792694,0.9799216249441864,0.1348038755731114
wh-meta-social-circle-ga-2,2016-01-13,1,9.301763417955032,0.5105845571252144,0.9752572352527528,0.1461874695201214
wh-meta-social-circle-ga-2,2016-01-13,2,9.130008682594855,0.5450771254839004,0.9787654343434378,0.1234551082458778
wh-meta-social-circle-ga-2,2016-01-13,3,9.405929464064592,0.5462165979435504,0.978972571674023,0.1180427563821448
wh-meta-social-circle-ga-2,2016-01-13,4,8.847487723441622,0.572075333816006,0.9808280528646024,0.1083653854775196
wh-meta-social-circle-ga-2,2016-01-29,0,12.985778192696278,0.5751344689980696,0.9801928602320836,0.1386966902133371
wh-meta-social-circle-ga-2,2016-01-29,1,13.024030728841682,0.4920735646182717,0.975531573774302,0.1485541597406859
wh-meta-social-circle-ga-2,2016-01-29,2,12.818651830609172,0.522811056292546,0.9792614660676984,0.1275076971773922
wh-meta-social-circle-ga-2,2016-01-29,3,12.92982770745716,0.5256457177615397,0.9796818029074814,0.1218644280532285
wh-meta-social-circle-ga-2,2016-01-29,4,12.487602442193856,0.551640173666474,0.9815417744778336,0.1123897645889546
wh-meta-social-circle-ga-2,2016-02-14,0,5.305983624804675,0.5047424555909095,0.9781012900517054,0.1405334780446917
wh-meta-social-circle-ga-2,2016-02-14,1,4.908138439696303,0.4441733626387371,0.9749578554174724,0.1492538569502788
wh-meta-social-circle-ga-2,2016-02-14,2,5.127392925703892,0.4681690098655319,0.978245343957626,0.1326844677552079
wh-meta-social-circle-ga-2,2016-02-14,3,5.58699186912262,0.4750228405653285,0.9786588563887229,0.1299352571368204
wh-meta-social-circle-ga-2,2016-02-14,4,4.947479398516367,0.4991329230102762,0.9804427829176404,0.119405487842821
wh-meta-social-circle-ga-2,2016-03-01,0,23.76910795955188,0.4941989686517847,0.9770956474365736,0.1462406223089666
wh-meta-social-circle-ga-2,2016-03-01,1,24.19272480914663,0.4606046311307643,0.9748667435066436,0.1568043718368035
wh-meta-social-circle-ga-2,2016-03-01,2,23.826862028646516,0.4856143705788018,0.9783784198306138,0.1479855953427149
wh-meta-social-circle-ga-2,2016-03-01,3,23.94798467803254,0.4995103769441706,0.97903319362286,0.1439488471044939
wh-meta-social-circle-ga-2,2016-03-01,4,23.53515269843567,0.5271632237630509,0.9808853869884162,0.1275438965407222
wh-meta-social-circle-ga-2,2016-03-17,0,28.813729117878086,0.5597290507151906,0.9790933498544928,0.150831012244987
wh-meta-social-circle-ga-2,2016-03-17,1,29.23883936956823,0.5206328019403103,0.9758257771445448,0.1661606643718236
wh-meta-social-circle-ga-2,2016-03-17,2,29.172002043617276,0.5374131212484842,0.9793416417728402,0.1497802508973422
wh-meta-social-circle-ga-2,2016-03-17,3,29.48757083151976,0.5517626372317731,0.979981970130839,0.144602825127265
wh-meta-social-circle-ga-2,2016-03-17,4,28.94153922988772,0.5626066129917507,0.981733328745061,0.1346335061338593
wh-meta-social-circle-ga-2,2016-04-02,0,21.309220452287622,0.686349114699809,0.9819684156450432,0.1488566380087083
wh-meta-social-circle-ga-2,2016-04-02,1,21.807131989985074,0.6358933703447662,0.9779835890781632,0.1665114390259081
wh-meta-social-circle-ga-2,2016-04-02,2,21.43057383984059,0.658037391699227,0.9810339852800442,0.1483295238079673
wh-meta-social-circle-ga-2,2016-04-02,3,21.82834755395343,0.6695172048833606,0.9819971706118203,0.1410824685518905
wh-meta-social-circle-ga-2,2016-04-02,4,21.050868526400055,0.6839771855636868,0.9834313360630764,0.133698722913474
wh-meta-social-circle-ga-2,2016-04-18,0,29.03395681532677,0.7092490182642736,0.9815456397781036,0.1699636991141666
wh-meta-social-circle-ga-2,2016-04-18,1,29.347816587563113,0.6699758919645535,0.9776769196360894,0.1850650830161449
wh-meta-social-circle-ga-2,2016-04-18,2,28.88792388565747,0.7062171233268382,0.9818172811111464,0.1697542921350341
wh-meta-social-circle-ga-2,2016-04-18,3,29.280730603959046,0.7115063503817642,0.9824897494870216,0.1632887017053247
wh-meta-social-circle-ga-2,2016-04-18,4,28.13390880859916,0.7453429175774354,0.9844834021335408,0.1557430957032365
wh-meta-social-circle-ga-2,2016-05-04,0,20.267686689626977,0.7927109084399778,0.982357038894325,0.1106894111781433
wh-meta-social-circle-ga-2,2016-05-04,1,26.962757250825764,0.6018166056571874,0.9787763272882876,0.2695038661185896
wh-meta-social-circle-ga-2,2016-05-04,2,24.0976135067131,0.7254193393250385,0.9816540067050796,0.191154041121173
wh-meta-social-circle-ga-2,2016-05-04,3,25.931162634550944,0.7222522301333116,0.9820754793247976,0.1957931051333659
wh-meta-social-circle-ga-2,2016-05-04,4,24.53081453642218,0.771007015192428,0.9839292309267048,0.1816465154075556
wh-meta-social-circle-ga-2,2016-06-21,0,38.16484056862194,0.5976387526155041,0.9795294752877464,0.1943209309720379
wh-meta-social-circle-ga-2,2016-06-21,1,38.73287353237467,0.611391180588949,0.9770805087254067,0.2063760734403059
wh-meta-social-circle-ga-2,2016-06-21,2,39.289838146276786,0.6634689113977399,0.981165256987744,0.1884206657281757
wh-meta-social-circle-ga-2,2016-06-21,3,41.10259757993408,0.6555886301427641,0.9815626719003168,0.1797872522038879
wh-meta-social-circle-ga-2,2016-06-21,4,38.4622222142257,0.7177433568603518,0.983769580081896,0.1742943742908269
wh-meta-social-circle-ga-2,2016-07-07,0,36.83811820468331,0.6028755893505447,0.9766445886970944,0.2100827969409803
wh-meta-social-circle-ga-2,2016-07-07,1,35.9477223221661,0.5340468923759614,0.9737315518238148,0.2705450129770351
wh-meta-social-circle-ga-2,2016-07-07,2,35.006887299636674,0.686625201765547,0.9817157802718802,0.1938253796945358
wh-meta-social-circle-ga-2,2016-07-07,3,35.13109784847436,0.675154842021727,0.9819497292711676,0.1878407624318204
wh-meta-social-circle-ga-2,2016-07-07,4,33.20290741245689,0.7270891639110646,0.9835657206747168,0.184529635838526
wh-meta-social-circle-ga-2,2016-07-23,0,24.868325382312022,0.6523070252983196,0.9803723048895024,0.1666337825282324
wh-meta-social-circle-ga-2,2016-07-23,1,26.30813266249825,0.6969802969867548,0.9764934761629522,0.1813389668121921
wh-meta-social-circle-ga-2,2016-07-23,2,27.093246957831905,0.6841413851604693,0.9804708639556976,0.1854041493249632
wh-meta-social-circle-ga-2,2016-07-23,3,26.99601531512852,0.6938918113590178,0.9812778544789268,0.1756557147269646
wh-meta-social-circle-ga-2,2016-07-23,4,25.701917488005297,0.7551317575389708,0.9839975385219258,0.1706827293908857
wh-meta-social-circle-ga-2,2016-09-09,0,37.56622137009973,0.5808806577022492,0.9777392497407263,0.2062926787593764
wh-meta-social-circle-ga-2,2016-09-09,1,38.5393249683231,0.5592770344283883,0.9744160965002088,0.2191393774534202
wh-meta-social-circle-ga-2,2016-09-09,2,37.807142753414126,0.6226581909927194,0.9786946981635172,0.1854448312949733
wh-meta-social-circle-ga-2,2016-09-09,3,37.24025940303632,0.6612781962296769,0.9815096857129132,0.1620966810082337
wh-meta-social-circle-ga-2,2016-09-09,4,35.494727998382565,0.7178584231514457,0.9831838334730428,0.1524345672636162
wh-meta-social-circle-ga-2,2016-09-25,0,36.1406323191329,0.6507876283322093,0.9790463086576932,0.1469172903031216
wh-meta-social-circle-ga-2,2016-09-25,1,36.01860574790023,0.624116037830637,0.97600448514979,0.1664827257259019
wh-meta-social-circle-ga-2,2016-09-25,2,35.22025484093888,0.662086731908876,0.979744637221646,0.1459599319133079
wh-meta-social-circle-ga-2,2016-09-25,3,36.08424209508533,0.6495305591110264,0.9800750333147664,0.140153496735267
wh-meta-social-circle-ga-2,2016-09-25,4,34.58997937851914,0.7094847574481464,0.9823666489673644,0.1319206656300653
wh-meta-social-circle-ga-2,2016-10-11,0,26.65122529659128,0.6281597118757752,0.9786646624910094,0.1483773768467048
wh-meta-social-circle-ga-2,2016-10-11,1,26.180621670495476,0.5988420162031867,0.9758809436518934,0.1672106448224251
wh-meta-social-circle-ga-2,2016-10-11,2,25.960513095554983,0.6414816829675026,0.979776884942861,0.1452259875710222
wh-meta-social-circle-ga-2,2016-10-11,3,26.91945478646204,0.6213439950354528,0.979906079569439,0.1404711470548391
wh-meta-social-circle-ga-2,2016-10-11,4,25.258496154867437,0.6836218206233747,0.9822378961435329,0.1310026007628388
wh-meta-social-circle-ga-2,2016-10-27,1,26.73824363154675,0.4937973891635372,0.9646685091986807,0.176263045212047
wh-meta-social-circle-ga-2,2016-10-27,2,26.03846442108531,0.5273565152088274,0.9755065086621588,0.1819827051974224
wh-meta-social-circle-ga-2,2016-10-27,3,25.836057093883376,0.5815433472590801,0.9798629259920868,0.1533812171520623
wh-meta-social-circle-ga-2,2016-10-27,4,25.183040574044647,0.6213582369203365,0.9818760251733528,0.1541679177818142
wh-meta-social-circle-ga-2,2016-11-12,3,1.837849105538467,0.6121617558455139,0.9819907692307694,0.091174587076923
wh-meta-social-circle-ga-2,2016-11-12,4,3.859171897749226,0.4959698288639249,0.9794773847802788,0.1127930810021436
wh-meta-social-circle-ga-2,2016-12-30,0,10.98401072070289,0.5125214788477824,0.9779570362213156,0.1204160714418435
wh-meta-social-circle-ga-2,2016-12-30,1,10.714455273274432,0.461898455536596,0.9744743830847916,0.1377489561140703
wh-meta-social-circle-ga-2,2016-12-30,2,10.359276619798678,0.4966233715112469,0.978130572662082,0.1153286613084035
wh-meta-social-circle-ga-2,2016-12-30,3,10.704837113066292,0.4829408100945315,0.9783141068905816,0.1111925591739838
wh-meta-social-circle-ga-2,2016-12-30,4,10.230570414491805,0.5172137145573725,0.9803479999140424,0.102971680779153
wh-meta-social-circle-ga-2,2017-01-15,0,21.847427500967267,0.4936012318450183,0.9775592625159396,0.1261097362541524
wh-meta-social-circle-ga-2,2017-01-15,1,21.518236640893193,0.4606465670180238,0.9747286137500648,0.1368496677463443
wh-meta-social-circle-ga-2,2017-01-15,2,21.175259432360967,0.4851720960749979,0.9780188942217414,0.1169639523647134
wh-meta-social-circle-ga-2,2017-01-15,3,20.921284467053088,0.4822702796746801,0.9783539712741954,0.1111855056247307
wh-meta-social-circle-ga-2,2017-01-15,4,20.12992262846772,0.5164201480318545,0.9802356634804118,0.1033074382236495
wh-meta-social-circle-ga-2,2017-01-31,0,18.292915254311097,0.5398731253498947,0.979810874633103,0.1299192187127818
wh-meta-social-circle-ga-2,2017-01-31,1,18.102043777895023,0.4752010522043813,0.9757136784105724,0.1456058801827308
wh-meta-social-circle-ga-2,2017-01-31,2,17.917769591138978,0.4896009552622226,0.9783542061194568,0.1253906292604681
wh-meta-social-circle-ga-2,2017-01-31,3,18.242948524685627,0.4898852278343071,0.9787326263304708,0.120674347623156
wh-meta-social-circle-ga-2,2017-01-31,4,17.7165541159764,0.509479865841137,0.9805567737213426,0.1101064540006535
wh-meta-social-circle-ga-2,2017-02-16,0,15.143049736080345,0.5638583835661893,0.9799348731624672,0.135099452706827
wh-meta-social-circle-ga-2,2017-02-16,1,15.152813500879873,0.4968748945006531,0.9756526819322956,0.1497540592821798
wh-meta-social-circle-ga-2,2017-02-16,2,14.740550950055738,0.5061246929947093,0.9786891790276334,0.1299639570307265
wh-meta-social-circle-ga-2,2017-02-16,3,15.071626703511065,0.513543548951125,0.9792160564307092,0.1257658852835207
wh-meta-social-circle-ga-2,2017-02-16,4,14.531538418209744,0.5277856928752773,0.980948166917704,0.115132228352826
wh-meta-social-circle-ga-2,2017-03-04,0,17.608050090593256,0.5784688274124413,0.9800082851513872,0.1416234432941252
wh-meta-social-circle-ga-2,2017-03-04,1,18.05114372893611,0.5075010761228196,0.975677400132524,0.158070258977376
wh-meta-social-circle-ga-2,2017-03-04,2,17.552423754723684,0.5146044022695332,0.978990002472068,0.1395651392228531
wh-meta-social-circle-ga-2,2017-03-04,3,18.07066608246149,0.525385586366088,0.9794382613449618,0.1359958488050711
wh-meta-social-circle-ga-2,2017-03-04,4,17.20184465842936,0.5364628098468743,0.9811865670836316,0.1250868438967438
wh-meta-social-circle-ga-2,2017-03-20,0,23.541631627671705,0.566870475603002,0.9789915698560884,0.1463352429936848
wh-meta-social-circle-ga-2,2017-03-20,1,24.02131264072136,0.5183248392696278,0.9759640903899898,0.1635420250717824
wh-meta-social-circle-ga-2,2017-03-20,2,23.567055040419625,0.5163557112603093,0.9786671773179638,0.1460940298019348
wh-meta-social-circle-ga-2,2017-03-20,3,23.89088926512053,0.5308888160767264,0.9791388723525448,0.1441273900030576
wh-meta-social-circle-ga-2,2017-03-20,4,23.051247049196625,0.5351874874799502,0.980709379690734,0.135024267043353
wh-meta-social-circle-ga-2,2017-04-21,0,31.077025525119588,0.7771439917000702,0.9846350708867811,0.1777622559704732
wh-meta-social-circle-ga-2,2017-04-21,1,32.35886061022494,0.714186904571212,0.9814436759268156,0.18326613175546
wh-meta-social-circle-ga-2,2017-04-21,2,32.824085635522835,0.702007152830265,0.9822414324804128,0.1755701585667734
wh-meta-social-circle-ga-2,2017-04-21,3,32.5147294507716,0.7105525010567635,0.9820955705962784,0.1682511274887892
wh-meta-social-circle-ga-2,2017-04-21,4,31.227728813857045,0.7462390818362772,0.98430566869851,0.162199418338091
wh-meta-social-circle-ga-2,2017-05-07,0,25.84931201321825,0.7304235744811776,0.9813572636345808,0.1745366224787612
wh-meta-social-circle-ga-2,2017-05-07,1,26.392746209917785,0.6891935679768129,0.9776252367760117,0.1890150244924577
wh-meta-social-circle-ga-2,2017-05-07,2,25.790512070321338,0.7202676499108133,0.9816832099603814,0.1739065433746496
wh-meta-social-circle-ga-2,2017-05-07,3,26.415841571786395,0.7146887959906938,0.9820027881782292,0.1665110031476699
wh-meta-social-circle-ga-2,2017-05-07,4,24.730694202234417,0.7656720247209126,0.9842578770629524,0.161103857338388
wh-meta-social-circle-ga-2,2017-06-08,0,25.85253490674942,0.721476949598775,0.9819327760272653,0.1974404222728442
wh-meta-social-circle-ga-2,2017-06-08,1,28.660152647247443,0.6545693614089253,0.9817821675458476,0.2191079481200843
wh-meta-social-circle-ga-2,2017-06-08,2,29.220265220309074,0.6959289039974427,0.981305790081876,0.2109530137043581
wh-meta-social-circle-ga-2,2017-06-08,3,30.144422248562847,0.6540168588114323,0.9776542495005188,0.1951288131155513
wh-meta-social-circle-ga-2,2017-06-08,4,26.980694388357406,0.782914671811685,0.9833662624430648,0.186531880926881
wh-meta-social-circle-ga-2,2017-07-10,0,35.314302779768326,0.7564291244333619,0.9819779487995672,0.1925509200951937
wh-meta-social-circle-ga-2,2017-07-10,1,35.29637340825885,0.7284344153561767,0.978098586423966,0.2058748281469283
wh-meta-social-circle-ga-2,2017-07-10,2,33.626686778670496,0.7669240404655239,0.9819257079251932,0.1861698712753781
wh-meta-social-circle-ga-2,2017-07-10,3,33.61040665494923,0.7544012190613213,0.9830674884528148,0.1842702450144913
wh-meta-social-circle-ga-2,2017-07-10,4,32.8321237394937,0.8148812376611946,0.9854393444764956,0.1769408769855086
wh-meta-social-circle-ga-2,2017-07-26,0,28.5359630667012,0.7235921316396782,0.9807865514732662,0.172152836016199
wh-meta-social-circle-ga-2,2017-07-26,1,29.48630009574707,0.6966246248226244,0.9774214070374602,0.1828974564844261
wh-meta-social-circle-ga-2,2017-07-26,2,29.72758669976538,0.735232504252709,0.981505884455138,0.166349467352792
wh-meta-social-circle-ga-2,2017-07-26,3,30.258215943873456,0.7307352761217221,0.982003989608597,0.1641354624074881
wh-meta-social-circle-ga-2,2017-07-26,4,28.369595675971404,0.7649725684563633,0.9837836457537126,0.1575244083771957
wh-meta-social-circle-ga-2,2017-08-11,2,25.880817344336407,0.746248377763487,0.981152746334422,0.1671256615036465
wh-meta-social-circle-ga-2,2017-08-11,3,26.071100111293923,0.7527607651809602,0.9812882656649032,0.1766281267469652
wh-meta-social-circle-ga-2,2017-08-11,4,25.568945225373525,0.8086426004033062,0.9837473364666208,0.1572197302222575
wh-meta-social-circle-ga-2,2017-08-27,0,28.07197841040523,0.7206664606325032,0.9811134964985172,0.1937150072129732
wh-meta-social-circle-ga-2,2017-08-27,1,28.419337172100317,0.6727677896791106,0.978046866790439,0.2012357939089762
wh-meta-social-circle-ga-2,2017-08-27,2,26.532771749344597,0.7386981343346803,0.9830068578043196,0.1650650811671777
wh-meta-social-circle-ga-2,2017-08-27,3,26.400586917192328,0.7152313991707384,0.9828697466567284,0.1657304063267719
wh-meta-social-circle-ga-2,2017-08-27,4,24.98598976639219,0.7462635872745851,0.9838214348597624,0.1596834700459491
wh-meta-social-circle-ga-2,2017-09-28,0,33.13903715791071,0.704157304204082,0.9809245145110044,0.1523003148665264
wh-meta-social-circle-ga-2,2017-09-28,1,34.01926605170541,0.6567680476026694,0.977257768296626,0.1600032321931362
wh-meta-social-circle-ga-2,2017-09-28,2,32.817326652685054,0.715004424845499,0.9816128928800272,0.1433775136420493
wh-meta-social-circle-ga-2,2017-09-28,3,33.702053758356,0.6981983100242649,0.9819799086293516,0.1380263974549774
wh-meta-social-circle-ga-2,2017-09-28,4,32.089471121734256,0.7497290121653098,0.9842495149246324,0.1284604422059189
wh-meta-social-circle-ga-2,2017-10-30,0,16.390203347640934,0.7008660994482525,0.9808165916715276,0.1420356537870047
wh-meta-social-circle-ga-2,2017-10-30,1,16.29433053340273,0.6333695283086644,0.9768755020349644,0.1534995402381802
wh-meta-social-circle-ga-2,2017-10-30,2,15.905232998345944,0.6909630868756962,0.9813126749774872,0.1325426667202375
wh-meta-social-circle-ga-2,2017-10-30,3,16.348236612742525,0.6803033175011516,0.9817522880238794,0.1267453005118157
wh-meta-social-circle-ga-2,2017-10-30,4,15.470550764525145,0.7228402648971245,0.9839891207390004,0.1168141313091196
wh-meta-social-circle-ga-2,2017-11-15,0,11.520516452742909,0.6584333035571703,0.9799783978815656,0.1298565662125739
wh-meta-social-circle-ga-2,2017-11-15,1,11.930625540646956,0.5470221417774694,0.9748794544509252,0.1478487650794549
wh-meta-social-circle-ga-2,2017-11-15,2,11.369505172370614,0.6175660111760891,0.9798156634337066,0.1234594008602868
wh-meta-social-circle-ga-2,2017-11-15,3,11.796456892046631,0.6136659662882898,0.9803919066884628,0.1241955922119782
wh-meta-social-circle-ga-2,2017-11-15,4,10.787783676086,0.6424176582317291,0.9822439522878764,0.1132624609921259
wh-meta-social-circle-ga-2,2018-01-02,0,1.1288032279101443,0.517018497984143,0.977724463781584,0.1328389261168039
wh-meta-social-circle-ga-2,2018-01-02,1,0.8660099218711906,0.4841804895811886,0.9748129146093354,0.1459773064524051
wh-meta-social-circle-ga-2,2018-01-02,2,0.7552968398910072,0.5171240865159292,0.9785603506948454,0.1223782083348763
wh-meta-social-circle-ga-2,2018-01-02,3,1.2840667858444894,0.5183968253869183,0.9789543780605192,0.1189223465426718
wh-meta-social-circle-ga-2,2018-01-02,4,0.6554925349550957,0.5505559922422616,0.9810674558422624,0.1074415466871092
wh-meta-social-circle-ga-2,2018-01-18,0,2.673025263335667,0.4478307807760205,0.9775568399376994,0.1475846833546202
wh-meta-social-circle-ga-2,2018-01-18,1,2.364281415691926,0.4289241149095235,0.9759471986726728,0.1588525964742251
wh-meta-social-circle-ga-2,2018-01-18,2,2.420532290642773,0.4503909959165198,0.9779304855934396,0.1367864250676391
wh-meta-social-circle-ga-2,2018-01-18,3,2.7875706127117774,0.4442535770583089,0.9780047463601532,0.1326781537612732
wh-meta-social-circle-ga-2,2018-01-18,4,2.0054237080689186,0.4808473327114116,0.9798650369112024,0.1211838746661827
wh-meta-social-circle-ga-2,2018-03-07,0,13.143169152808056,0.5965991589856173,0.9803068004512252,0.1376104372805171
wh-meta-social-circle-ga-2,2018-03-07,1,13.301111517079155,0.5685634867063526,0.9765332414061764,0.1531045562920068
wh-meta-social-circle-ga-2,2018-03-07,2,13.132502651200308,0.5561963983274724,0.9796513221847698,0.1355056362118618
wh-meta-social-circle-ga-2,2018-03-07,3,13.498648412964462,0.5712480561934711,0.9801573111872088,0.1304976251479359
wh-meta-social-circle-ga-2,2018-03-07,4,12.877114269380062,0.5727786936224056,0.9818396968984938,0.1195055294799936
wh-meta-social-circle-ga-2,2018-03-23,0,20.394978267346715,0.5693966826777888,0.9789879792651884,0.1517312596144168
wh-meta-social-circle-ga-2,2018-03-23,1,20.315658323822756,0.5698086966809623,0.976286781940236,0.1657468762842701
wh-meta-social-circle-ga-2,2018-03-23,2,20.60405483592039,0.5452119201277907,0.9792909438995976,0.149038614571187
wh-meta-social-circle-ga-2,2018-03-23,3,21.02299181470599,0.5614319665709397,0.9799496883194592,0.1460028852817529
wh-meta-social-circle-ga-2,2018-03-23,4,20.14829483909964,0.558832478858385,0.9815651119819252,0.1328568540637096
wh-meta-social-circle-ga-2,2018-04-24,0,22.792156334060916,0.8470374063144798,0.9851292722758256,0.1858098598975571
wh-meta-social-circle-ga-2,2018-04-24,1,23.54106365571878,0.8057469861349357,0.9832758791447525,0.1898195360060341
wh-meta-social-circle-ga-2,2018-04-24,2,24.77622570976865,0.747365451513958,0.9824700613930302,0.192099735722678
wh-meta-social-circle-ga-2,2018-04-24,3,24.682685791273247,0.7764290403206929,0.9832488892276152,0.1786853819634858
wh-meta-social-circle-ga-2,2018-04-24,4,22.908260790569607,0.819427201624975,0.9847409559470384,0.1686366514112532
wh-meta-social-circle-ga-2,2018-05-10,0,35.43411445205311,0.7072623932762524,0.9815672567297208,0.1796234615171651
wh-meta-social-circle-ga-2,2018-05-10,1,35.28832757841659,0.693739751666042,0.9779787071574289,0.1913288290343196
wh-meta-social-circle-ga-2,2018-05-10,2,35.21105687828442,0.7125075084061102,0.9819008454903136,0.1765068850203256
wh-meta-social-circle-ga-2,2018-05-10,3,35.988749100014374,0.7010186650305165,0.9823859902131428,0.1724137031262372
wh-meta-social-circle-ga-2,2018-05-10,4,34.20896093355251,0.7509384684391959,0.984690789835438,0.1645412316109647
wh-meta-social-circle-ga-2,2018-06-11,0,33.40286034322095,0.7285389877263456,0.9816830556566056,0.1799286970055133
wh-meta-social-circle-ga-2,2018-06-11,1,33.8229753968878,0.6913523430735755,0.9778859516568192,0.1913706345595151
wh-meta-social-circle-ga-2,2018-06-11,2,33.25808580092898,0.7418375838294301,0.9821657881026268,0.1787481962536793
wh-meta-social-circle-ga-2,2018-06-11,3,33.92781730520806,0.7335760783251992,0.9827651905802464,0.1732974955682702
wh-meta-social-circle-ga-2,2018-06-11,4,32.3703899809879,0.7780381260184797,0.984996002307497,0.1642090706797927
wh-meta-social-circle-ga-2,2018-06-27,0,34.63960379838962,0.6186244523107156,0.978939880775304,0.1876817907408634
wh-meta-social-circle-ga-2,2018-06-27,1,34.01015971276938,0.6825479724490255,0.9779612081743694,0.2067088298944466
wh-meta-social-circle-ga-2,2018-06-27,2,32.22888300800628,0.7667710428441747,0.9825979836254518,0.1842399992288887
wh-meta-social-circle-ga-2,2018-06-27,3,33.11966756966962,0.7498222330264018,0.9824070866813356,0.1734780742942554
wh-meta-social-circle-ga-2,2018-06-27,4,31.676080169756457,0.7965745986041354,0.9847203870903412,0.165933400998768
wh-meta-social-circle-ga-2,2018-07-13,2,28.34259717462579,0.5674326690312592,0.9806887290871736,0.2607519759432786
wh-meta-social-circle-ga-2,2018-07-13,3,29.90150631874953,0.6873768443591051,0.9807377939639408,0.2136638093145333
wh-meta-social-circle-ga-2,2018-07-13,4,27.189569847859808,0.7973751519191257,0.9828458418130716,0.1935222873017471
wh-meta-social-circle-ga-2,2018-07-29,0,31.26302699769043,0.7387714909989105,0.981499120134598,0.1595171119121841
wh-meta-social-circle-ga-2,2018-07-29,1,32.1333592746229,0.715626750424043,0.977990028571214,0.180411374447723
wh-meta-social-circle-ga-2,2018-07-29,2,32.61409641738029,0.7550126468404069,0.9823157760964676,0.1735805275577984
wh-meta-social-circle-ga-2,2018-07-29,3,32.839293098763754,0.7558259249422051,0.9830103884397946,0.1680726011711809
wh-meta-social-circle-ga-2,2018-07-29,4,31.19015319953263,0.7871339401779688,0.9849780945681552,0.1577786030437772
wh-meta-social-circle-ga-2,2018-08-14,0,33.48672343465998,0.7406822890058748,0.9815412440887616,0.1660014140792448
wh-meta-social-circle-ga-2,2018-08-14,1,34.08125127857339,0.7124725595258212,0.9777915950618036,0.1766530330906892
wh-meta-social-circle-ga-2,2018-08-14,2,33.28115373972895,0.7498090507763229,0.981959866596343,0.1605990055716403
wh-meta-social-circle-ga-2,2018-08-14,3,34.02734298348988,0.7426482922135641,0.9826084682730372,0.1568956047312705
wh-meta-social-circle-ga-2,2018-08-14,4,32.55354558661222,0.7828009377346978,0.9846570641489374,0.1458946825497788
wh-meta-social-circle-ga-2,2018-08-30,0,28.96505170693485,0.7258426956910417,0.9804370594723104,0.186810247105961
wh-meta-social-circle-ga-2,2018-08-30,1,29.08412995303495,0.6912458902244566,0.9778526060220284,0.1955454604750717
wh-meta-social-circle-ga-2,2018-08-30,2,27.371952415963772,0.7182879652343964,0.9805004234358172,0.1527662438268762
wh-meta-social-circle-ga-2,2018-08-30,3,25.927801116176436,0.7349232025034429,0.9827669243878128,0.1517554283785637
wh-meta-social-circle-ga-2,2018-08-30,4,24.660084732942696,0.7766636692024356,0.984161342518426,0.1416835962934163
wh-meta-social-circle-ga-2,2018-09-15,0,32.9985570052659,0.7517946150220784,0.9828773940680628,0.169313504492764
wh-meta-social-circle-ga-2,2018-09-15,1,34.225068339022144,0.7871627245703436,0.9811181018940024,0.1531459600634829
wh-meta-social-circle-ga-2,2018-09-15,2,35.616443823827396,0.7206845038596061,0.9815409491475704,0.1594378456449064
wh-meta-social-circle-ga-2,2018-09-15,3,37.04557205046997,0.6895442392624214,0.980225742433155,0.1497929536976404
wh-meta-social-circle-ga-2,2018-09-15,4,35.44978284771154,0.7637970245824413,0.982954513974748,0.1368002283602092
wh-meta-social-circle-ga-2,2018-10-01,0,10.522595947076116,0.6910095108482535,0.9815984437277512,0.148295935944146
wh-meta-social-circle-ga-2,2018-10-01,1,12.400903060224948,0.609211335084558,0.9763532991373288,0.1482656368961421
wh-meta-social-circle-ga-2,2018-10-01,2,13.182981598884622,0.6276381580621447,0.9788356979141916,0.1471141690980429
wh-meta-social-circle-ga-2,2018-10-01,3,12.612798750576616,0.6394966175969241,0.9801137747383676,0.1413646786717284
wh-meta-social-circle-ga-2,2018-10-01,4,11.856010567334186,0.6398699369373889,0.980519954549868,0.1294946283473378
wh-meta-social-circle-ga-2,2018-11-18,0,17.362431048782884,0.6578707419295836,0.9801511994702744,0.1308892426068189
wh-meta-social-circle-ga-2,2018-11-18,1,17.594887236303475,0.6048962046587012,0.976808999051506,0.1455950600745717
wh-meta-social-circle-ga-2,2018-11-18,2,17.44962015620723,0.6376093260492041,0.9805506861444234,0.1273267338796203
wh-meta-social-circle-ga-2,2018-11-18,3,17.6895645574398,0.6309592307409279,0.9807958005631726,0.1208370306348399
wh-meta-social-circle-ga-2,2018-11-18,4,16.892345227301234,0.6673970898951807,0.9829796826566785,0.1103542701726842
wh-meta-social-circle-ga-2,2018-12-04,0,11.826201208608977,0.604952843468225,0.9792466759455551,0.1315796211325733
wh-meta-social-circle-ga-2,2018-12-04,1,11.95268962640614,0.5282663702573334,0.9754007794108454,0.1477073720266708
wh-meta-social-circle-ga-2,2018-12-04,2,11.730740976307075,0.569794001313508,0.9794596001276776,0.1248088841231341
wh-meta-social-circle-ga-2,2018-12-04,3,12.090028915014742,0.5600960006885334,0.9798836881168002,0.1199988026674532
wh-meta-social-circle-ga-2,2018-12-04,4,11.377820356255908,0.5914961701157881,0.9819904546871026,0.1089044229032047
wh-meta-social-circle-ga-2,2019-01-05,0,13.4059218398139,0.5739135089619063,0.9797863511918214,0.1254141928690691
wh-meta-social-circle-ga-2,2019-01-05,1,13.3900294445864,0.5047182546294522,0.9753767324392328,0.1390374459342953
wh-meta-social-circle-ga-2,2019-01-05,2,13.0681496938333,0.5452201663725152,0.9789140936107924,0.1155467979848453
wh-meta-social-circle-ga-2,2019-01-05,3,13.279865976875383,0.5357668664686139,0.9793028282184342,0.1119880320754203
wh-meta-social-circle-ga-2,2019-01-05,4,12.822430035362911,0.5666214421242163,0.9813770298930736,0.1022462403661602
wh-meta-social-circle-ga-2,2019-01-21,0,5.950845296035721,0.5375377385976395,0.9782864336585472,0.132494238702125
wh-meta-social-circle-ga-2,2019-01-21,1,5.908075071810898,0.4886960691515564,0.9750720620294872,0.1429019282975835
wh-meta-social-circle-ga-2,2019-01-21,2,5.658070917898997,0.5249400045927778,0.9788845409942512,0.125417100840123
wh-meta-social-circle-ga-2,2019-01-21,3,5.958094151117901,0.5192953935381442,0.9791315160211802,0.1204409391819889
wh-meta-social-circle-ga-2,2019-01-21,4,5.2159940044201765,0.5535134445435936,0.9813160678237604,0.1096524130292276
wh-meta-social-circle-ga-2,2019-03-26,0,20.151324633834346,0.633430587617006,0.9792852189601444,0.1716268037776227
wh-meta-social-circle-ga-2,2019-03-26,1,20.635369516946003,0.6356877519248331,0.9783548662448616,0.1807948006210503
wh-meta-social-circle-ga-2,2019-03-26,2,21.10861093533293,0.6038812885681711,0.9798654159107644,0.1866216152492007
wh-meta-social-circle-ga-2,2019-03-26,3,21.608234287607644,0.5508793482632486,0.9724273514034208,0.1912108234353757
wh-meta-social-circle-ga-2,2019-03-26,4,20.18821371488055,0.627378479814011,0.9798353025179096,0.1499839374258122
wh-meta-social-circle-ga-2,2019-04-11,0,28.107548545587523,0.6739457876382621,0.9807418820480178,0.1608932725352284
wh-meta-social-circle-ga-2,2019-04-11,1,28.219044744485323,0.6428421153618439,0.9771921981644714,0.1780139894760291
wh-meta-social-circle-ga-2,2019-04-11,2,27.28091138577812,0.6789532681284358,0.9811617640974128,0.1606682077570876
wh-meta-social-circle-ga-2,2019-04-11,3,27.6757653865341,0.6738409521628659,0.9816665797257232,0.1551111649994981
wh-meta-social-circle-ga-2,2019-04-11,4,26.740213483772337,0.706933858441724,0.9837068022166224,0.1441378380792977
wh-meta-social-circle-ga-2,2019-04-27,0,26.929663439368753,0.716691244893717,0.9810130454400448,0.175429131366517
wh-meta-social-circle-ga-2,2019-04-27,1,27.466463602908437,0.6804574398518578,0.977377930072702,0.1928805703631215
wh-meta-social-circle-ga-2,2019-04-27,2,26.566112839011804,0.7341802486524717,0.9816615130662196,0.1748602050049237
wh-meta-social-circle-ga-2,2019-04-27,3,27.225627532374837,0.7270435981868143,0.9821409213326572,0.1696204753297892
wh-meta-social-circle-ga-2,2019-04-27,4,25.54993530393109,0.774585317397252,0.9843974083436668,0.1605294560731269
wh-meta-social-circle-ga-2,2019-05-13,0,26.6684192684398,0.7329320749899758,0.9814421284860309,0.1726171780327643
wh-meta-social-circle-ga-2,2019-05-13,1,27.26820708294102,0.6845280904213169,0.9777788622684004,0.1905444424309042
wh-meta-social-circle-ga-2,2019-05-13,2,26.363345310362345,0.7416756410612352,0.981979505544116,0.1721445653416808
wh-meta-social-circle-ga-2,2019-05-13,3,26.951668842829275,0.7387628776782792,0.9824931031217722,0.1646126011502952
wh-meta-social-circle-ga-2,2019-05-13,4,25.56224449692064,0.7858139490230889,0.9847825038413384,0.1594956477902365
wh-meta-social-circle-ga-2,2019-05-29,0,39.30577429336789,0.6863615520835428,0.9814323931429628,0.1832019843160583
wh-meta-social-circle-ga-2,2019-05-29,1,40.425385898399234,0.6504857596227132,0.977651907298922,0.1985639140469531
wh-meta-social-circle-ga-2,2019-05-29,2,39.97998467409921,0.6974657747210108,0.981889041257834,0.1804048951189628
wh-meta-social-circle-ga-2,2019-05-29,3,41.0849703387278,0.6803280547383643,0.9822665841376712,0.17530280863247
wh-meta-social-circle-ga-2,2019-05-29,4,38.97644543526384,0.7351251849630194,0.9846682160502466,0.1681132817470991
wh-meta-social-circle-ga-2,2019-06-14,0,31.55613725928199,0.6896558328180122,0.9802140760567762,0.1827218202906525
wh-meta-social-circle-ga-2,2019-06-14,1,32.118979427928615,0.6736179169906694,0.9769396079074076,0.1971299058615856
wh-meta-social-circle-ga-2,2019-06-14,2,31.407108887167823,0.7172366400635499,0.9809849513994504,0.1777108789017206
wh-meta-social-circle-ga-2,2019-06-14,3,32.2285730443688,0.7071556929161436,0.9814061841607082,0.1719581315009668
wh-meta-social-circle-ga-2,2019-06-14,4,30.38349944874796,0.7562268266373628,0.9837097654724636,0.1634997194506315
wh-meta-social-circle-ga-2,2019-06-30,0,25.97117390627909,0.8367331732295441,0.9859948388412892,0.2255252287020604
wh-meta-social-circle-ga-2,2019-06-30,1,31.76455462647461,0.7397300622530644,0.973901915466202,0.1532740058950055
wh-meta-social-circle-ga-2,2019-06-30,2,33.197116192448085,0.7090605564171578,0.979358020174491,0.2177152585025058
wh-meta-social-circle-ga-2,2019-06-30,3,32.63046099078522,0.7655043233360187,0.9822911690518892,0.1951932847810293
wh-meta-social-circle-ga-2,2019-06-30,4,28.71840820736919,0.7725107721945106,0.9839058927311324,0.1871692210738151
wh-meta-social-circle-ga-2,2019-07-16,0,36.31429157672385,0.6766499280139922,0.9809026850672994,0.1885423570829165
wh-meta-social-circle-ga-2,2019-07-16,1,35.73670311618491,0.7046055195922055,0.9781845569131632,0.1929106744402128
wh-meta-social-circle-ga-2,2019-07-16,2,36.003805181253114,0.751545856278129,0.9830813386692924,0.1785286571821314
wh-meta-social-circle-ga-2,2019-07-16,3,37.63765963436921,0.7311697464441467,0.9827769495315056,0.1708419006697354
wh-meta-social-circle-ga-2,2019-07-16,4,36.19591493271793,0.7693776961654405,0.9847275999189504,0.1629016930489094
wh-meta-social-circle-ga-2,2019-08-01,0,37.857618279371565,0.721079079023409,0.9813911104037844,0.1748256169157763
wh-meta-social-circle-ga-2,2019-08-01,1,38.08622395881723,0.6960357786220885,0.9777142898500212,0.1829666075342172
wh-meta-social-circle-ga-2,2019-08-01,2,37.12749787744343,0.7355468837189504,0.981852788791184,0.1667833427344243
wh-meta-social-circle-ga-2,2019-08-01,3,37.644968763964144,0.7311475971515591,0.9824722865323636,0.1618293097710451
wh-meta-social-circle-ga-2,2019-08-01,4,36.0688314183928,0.7744291663390035,0.9846218686068108,0.1526581122471398
wh-meta-social-circle-ga-2,2019-08-17,0,40.19129637945203,0.7014709846188828,0.9807532566387802,0.1669627585069117
wh-meta-social-circle-ga-2,2019-08-17,1,40.70292958348523,0.6679896749153061,0.9771677378723916,0.1785018682172814
wh-meta-social-circle-ga-2,2019-08-17,2,40.09438295978567,0.7130047093291526,0.981267601985142,0.1619507294380084
wh-meta-social-circle-ga-2,2019-08-17,3,41.19646851814263,0.7043360024167556,0.9817430579620656,0.1568288698664442
wh-meta-social-circle-ga-2,2019-08-17,4,39.47594495596076,0.7487299574106621,0.9839432059147812,0.146053831908317
wh-meta-social-circle-ga-2,2019-09-02,0,36.63044336642293,0.6843749927902768,0.9807933257548214,0.1612662169386254
wh-meta-social-circle-ga-2,2019-09-02,1,36.88516662311013,0.643952198830105,0.977087186910292,0.175231093599728
wh-meta-social-circle-ga-2,2019-09-02,2,35.59985819444788,0.694878870727729,0.9811516105005604,0.1581355337503285
wh-meta-social-circle-ga-2,2019-09-02,3,36.52051616911331,0.6860963197189356,0.9816715168537684,0.1522718527009121
wh-meta-social-circle-ga-2,2019-09-02,4,34.62395259738763,0.7411012639639227,0.9839637667795452,0.1438407969035713
wh-meta-social-circle-ga-2,2019-10-04,0,41.93528664045396,0.6500808184963236,0.980516487813752,0.1491870841858401
wh-meta-social-circle-ga-2,2019-10-04,1,42.51008561964717,0.6138903243939223,0.9769329382876968,0.1638117337302885
wh-meta-social-circle-ga-2,2019-10-04,2,41.75451106266096,0.6609783750143451,0.9810563918039066,0.1464558381465396
wh-meta-social-circle-ga-2,2019-10-04,3,42.63037815707564,0.6370930472668002,0.9812937443304294,0.1426369119867305
wh-meta-social-circle-ga-2,2019-10-04,4,40.86673624934939,0.6935650544402188,0.9837198123833196,0.1331687844341885
wh-meta-social-circle-ga-2,2019-10-20,0,25.23909852563868,0.6766180976868156,0.9810793309923403,0.1330120238078255
wh-meta-social-circle-ga-2,2019-10-20,1,25.53934276079949,0.6304320478566177,0.9773590900900364,0.1512392999673096
wh-meta-social-circle-ga-2,2019-10-20,2,25.170531537019667,0.6790316891969562,0.9814970578253952,0.131216636585644
wh-meta-social-circle-ga-2,2019-10-20,3,25.68905533570601,0.655777142451695,0.9816961236399026,0.1256228375164872
wh-meta-social-circle-ga-2,2019-10-20,4,24.719663068714052,0.7055445516190788,0.9840683791506044,0.1187796249165792
wh-meta-social-circle-ga-2,2019-11-05,3,14.293482080000029,0.761106147529195,0.9787833333333332,0.1227226516666666
wh-meta-social-circle-ga-2,2019-11-05,4,16.500473371811047,0.7130714158576782,0.9802759229216956,0.1338959194987609
wh-meta-social-circle-ga-2,2019-11-21,0,18.165153209407972,0.6168171504923183,0.9798041680050652,0.1305996904752273
wh-meta-social-circle-ga-2,2019-11-21,1,18.543719758600613,0.5692081605350353,0.97685810224868,0.1467332091617245
wh-meta-social-circle-ga-2,2019-11-21,2,18.11093036279592,0.6150614181387188,0.9803575343430112,0.1288149243422832
wh-meta-social-circle-ga-2,2019-11-21,3,18.532872703714492,0.597667544279767,0.9805563335474528,0.123568018674331
wh-meta-social-circle-ga-2,2019-11-21,4,17.842169390912808,0.6371903533776685,0.9826941280495666,0.1142765523070759
wh-meta-social-circle-ga-2,2020-01-08,0,13.158392039981928,0.5571132336449047,0.9784215458903556,0.1316050230094979
wh-meta-social-circle-ga-2,2020-01-08,1,12.95712222153314,0.5104593628029545,0.9754508767159418,0.1410812269360614
wh-meta-social-circle-ga-2,2020-01-08,2,12.84141970688188,0.5522135313749978,0.9790203311766368,0.1244342039319828
wh-meta-social-circle-ga-2,2020-01-08,3,13.035392173401975,0.5470073996071934,0.9795639793598124,0.1206330624205952
wh-meta-social-circle-ga-2,2020-01-08,4,12.551858555729558,0.5708021642225678,0.9814377295057314,0.1090367657089679
wh-meta-social-circle-ga-2,2020-03-28,0,25.762322417360775,0.646931504014579,0.9782670909436344,0.127993054510028
wh-meta-social-circle-ga-2,2020-03-28,1,27.09395258464217,0.5404979494988164,0.9749471397985128,0.1919253640300299
wh-meta-social-circle-ga-2,2020-03-28,2,25.81078682087526,0.6328373081228252,0.9811349600514316,0.1599283383264106
wh-meta-social-circle-ga-2,2020-03-28,3,26.676079594163713,0.6232545926957896,0.9807454388974854,0.1649041378184967
wh-meta-social-circle-ga-2,2020-03-28,4,25.887052067348083,0.6214908560699323,0.9820368520863642,0.1534058407526103
wh-meta-social-circle-ga-2,2020-04-13,0,25.854097047241744,0.7330099878038183,0.98134709311785,0.1597502368521342
wh-meta-social-circle-ga-2,2020-04-13,1,25.935928827960485,0.7166322527392621,0.9785662272554694,0.1744026895952464
wh-meta-social-circle-ga-2,2020-04-13,2,25.488217613214353,0.7411605294378225,0.98232587352091,0.160197972146469
wh-meta-social-circle-ga-2,2020-04-13,3,25.863649500159713,0.7401157806017092,0.9828905509827124,0.1560499802676372
wh-meta-social-circle-ga-2,2020-04-13,4,24.733042986626305,0.7618153388898331,0.9848220544186614,0.1469163686666765
wh-meta-social-circle-ga-2,2020-05-31,0,32.97307975751129,0.7028146210195251,0.9812042606013066,0.172917069710518
wh-meta-social-circle-ga-2,2020-05-31,1,33.265452821415,0.6620661363996795,0.9775098371093784,0.1891507827369495
wh-meta-social-circle-ga-2,2020-05-31,2,32.51859192044626,0.7252463943769386,0.9818416469766744,0.1745675317648745
wh-meta-social-circle-ga-2,2020-05-31,3,33.363791902753675,0.7128172466190617,0.9823155225756476,0.1685982078669087
wh-meta-social-circle-ga-2,2020-05-31,4,31.624341703310357,0.762168570803595,0.9845847019779278,0.1613234940848366
wh-meta-social-circle-ga-2,2020-07-02,0,35.49299070136902,0.7148903992812887,0.9815061763368514,0.1769272478515824
wh-meta-social-circle-ga-2,2020-07-02,1,36.193573593583615,0.6901205495816972,0.97790639813264,0.1961230361161871
wh-meta-social-circle-ga-2,2020-07-02,2,34.279589111034625,0.7430855452922679,0.982255662567692,0.175109476385057
wh-meta-social-circle-ga-2,2020-07-02,3,34.01055356433584,0.7452185056458057,0.982868335546399,0.1731966626009255
wh-meta-social-circle-ga-2,2020-07-02,4,32.54588350244063,0.7827105606902439,0.9849525199560722,0.1635197821005529
wh-meta-social-circle-ga-2,2020-07-18,0,38.661776805816096,0.6697076317019695,0.9813040285256708,0.1957199531635182
wh-meta-social-circle-ga-2,2020-07-18,1,39.81587588009205,0.6397307381809054,0.9781604975777995,0.20162855939743
wh-meta-social-circle-ga-2,2020-07-18,2,40.95511000564142,0.6726376354828891,0.9811510670177914,0.1844472516342772
wh-meta-social-circle-ga-2,2020-07-18,3,39.845665837515654,0.7200536132766135,0.98233144765021,0.1707681235397833
wh-meta-social-circle-ga-2,2020-07-18,4,38.190610132441705,0.7597427275099893,0.9845070349857102,0.1648606851704117
wh-meta-social-circle-ga-2,2020-08-03,0,33.01683424655323,0.7401107415844186,0.9833187989049595,0.1991668268937671
wh-meta-social-circle-ga-2,2020-08-03,1,35.680483824697376,0.6929221784973784,0.9797014847428938,0.2049418390011526
wh-meta-social-circle-ga-2,2020-08-03,2,36.29108728030581,0.692634525328881,0.9799585560770928,0.1909103279899009
wh-meta-social-circle-ga-2,2020-08-03,3,34.90250184471032,0.7320433741071075,0.9823295851389352,0.176793721433182
wh-meta-social-circle-ga-2,2020-08-03,4,32.847989376726574,0.7691523732580637,0.983848685539446,0.1720278551673635
wh-meta-social-circle-ga-2,2020-09-04,0,34.375103456766766,0.6998207749415425,0.9810776825521508,0.1654294602146387
wh-meta-social-circle-ga-2,2020-09-04,1,33.72176855672989,0.7051141483213418,0.9787627780842608,0.1825350394520374
wh-meta-social-circle-ga-2,2020-09-04,2,33.689137748797705,0.703142429934155,0.9803227538549982,0.1634050767199563
wh-meta-social-circle-ga-2,2020-09-04,3,33.867125242841475,0.725614164545864,0.9818112907652212,0.1590964443988465
wh-meta-social-circle-ga-2,2020-09-04,4,32.86263175706751,0.770574996167001,0.984521422811252,0.1428717925266978
wh-meta-social-circle-ga-2,2020-09-20,0,22.368889029257502,0.6730063613138507,0.980497667333578,0.1367329778185135
wh-meta-social-circle-ga-2,2020-09-20,1,21.889237751322874,0.6913474614358068,0.9776152481136678,0.1556802025440035
wh-meta-social-circle-ga-2,2020-09-20,2,21.74113050448259,0.7292217716344734,0.9818964346444592,0.1403541370413303
wh-meta-social-circle-ga-2,2020-09-20,3,22.240156826220968,0.722497627106537,0.982405413988314,0.1385968884084034
wh-meta-social-circle-ga-2,2020-09-20,4,20.450113017148116,0.756419283511625,0.9844525610568114,0.1298300317376186
wh-meta-social-circle-ga-2,2020-10-06,0,27.254264236784845,0.7057875500077946,0.9806796767805523,0.1437571295884074
wh-meta-social-circle-ga-2,2020-10-06,1,27.356464142152973,0.6771107507243347,0.977088242608036,0.1575339548115884
wh-meta-social-circle-ga-2,2020-10-06,2,26.810786074439275,0.7223645599468488,0.9812752031785426,0.1376712717244727
wh-meta-social-circle-ga-2,2020-10-06,3,27.54716565564697,0.7100852054493542,0.9817029126945204,0.1335645614746994
wh-meta-social-circle-ga-2,2020-10-06,4,26.114364958870578,0.7543635790307786,0.9839443538747292,0.1218698913711734
wh-meta-social-circle-ga-2,2020-10-22,0,23.12709825285242,0.7777092824658672,0.982409844918305,0.0916226724286171
wh-meta-social-circle-ga-2,2020-10-22,1,24.430024590774146,0.6484308090485188,0.9740920771510848,0.1105862587524276
wh-meta-social-circle-ga-2,2020-10-22,2,25.681324993008637,0.6279675352529955,0.9784937088310016,0.1706838585318774
wh-meta-social-circle-ga-2,2020-10-22,3,25.691098398205575,0.6395544998802857,0.9781764723622858,0.1513026917783069
wh-meta-social-circle-ga-2,2020-10-22,4,25.709009270293155,0.6730952373378845,0.9813996593328732,0.1511997677288153
wh-meta-social-circle-ga-2,2020-11-23,0,16.42130495819689,0.6729379905089564,0.9803147187334889,0.1373064198608147
wh-meta-social-circle-ga-2,2020-11-23,1,16.920582864103867,0.5761481999292904,0.9765463562044476,0.1540436681796432
wh-meta-social-circle-ga-2,2020-11-23,2,16.43237997397508,0.6333557619739657,0.9806385942219656,0.1263162233801988
wh-meta-social-circle-ga-2,2020-11-23,3,16.784456609859422,0.6291320570181081,0.9807841242992396,0.1224936955080437
wh-meta-social-circle-ga-2,2020-11-23,4,16.09261357830749,0.655374683275745,0.98274051553176,0.1104212006113761
wh-meta-social-circle-ga-2,2020-12-09,0,6.256952799189471,0.5451767339828774,0.9770034338191258,0.1368417719145538
wh-meta-social-circle-ga-2,2020-12-09,1,4.890381444722518,0.5933539689091729,0.981555156407669,0.1153673283102926
wh-meta-social-circle-ga-2,2020-12-09,2,6.407950251476826,0.5635824691972289,0.9814142425825324,0.1120122201800912
wh-meta-social-circle-ga-2,2020-12-09,3,8.056790222779869,0.5441634924854659,0.979993874965755,0.1154588573395744
wh-meta-social-circle-ga-2,2020-12-09,4,8.301533421226623,0.5489109785985482,0.9817299602372562,0.1050628030258054
wh-meta-social-circle-ga-2,2020-12-25,0,2.0688688596437843,0.5964268553138322,0.980108132239072,0.1328677116409419
wh-meta-social-circle-ga-2,2020-12-25,1,2.003681569261311,0.5387330114125629,0.9758715369067412,0.1312339276339165
wh-meta-social-circle-ga-2,2020-12-25,2,1.9202947219156097,0.5642692519963073,0.9794278531989636,0.1167983033215717
wh-meta-social-circle-ga-2,2020-12-25,3,2.295321128244174,0.5548486463086432,0.9797890300901656,0.1164822710271005
wh-meta-social-circle-ga-2,2020-12-25,4,1.8717154979452804,0.5740979556675222,0.9816257196250272,0.1045925253417876
wh-meta-social-circle-ga-2,2021-01-10,0,7.256681755768049,0.5530628615283798,0.9795986802271508,0.130154002246961
wh-meta-social-circle-ga-2,2021-01-10,1,7.290723336553034,0.4903211717539281,0.975838773801586,0.1388711465513958
wh-meta-social-circle-ga-2,2021-01-10,2,6.873905534786499,0.5245570789063372,0.9791045617461456,0.1215686273343605
wh-meta-social-circle-ga-2,2021-01-10,3,6.862506705794983,0.5180511391632611,0.9789275652377702,0.1167417485320383
wh-meta-social-circle-ga-2,2021-01-10,4,6.251491922834034,0.5425494959259045,0.9806508294093246,0.1029047308061847
wh-meta-social-circle-ga-2,2021-01-26,0,-2.509535951290327,0.0073292976783359,0.9682297470787844,0.765175209463692
wh-meta-social-circle-ga-2,2021-01-26,1,-0.910235012658964,0.0226699982592421,0.9708572050874854,0.7649125951867977
wh-meta-social-circle-ga-2,2021-01-26,2,-1.3648138196999462,0.049500928240482,0.9726809115220288,0.6640409326257743
wh-meta-social-circle-ga-2,2021-01-26,3,-0.9392017297789133,0.0627959352775409,0.9732763528028808,0.6740371933676097
wh-meta-social-circle-ga-2,2021-01-26,4,0.6779215855481618,0.1182171255591442,0.9752691364450584,0.5422550444749472
wh-meta-social-circle-ga-2,2021-06-03,0,19.422009820454303,0.6706733304582446,0.9808426633728468,0.2063492344803884
wh-meta-social-circle-ga-2,2021-06-03,1,20.92447789417268,0.6233454042234542,0.9784870718024996,0.2150161853433975
wh-meta-social-circle-ga-2,2021-06-03,2,19.79804810225438,0.6700021060550483,0.9813524229223696,0.1930597380539717
wh-meta-social-circle-ga-2,2021-06-03,3,20.56493920825363,0.6657125450793085,0.981594350504976,0.1822636195025411
wh-meta-social-circle-ga-2,2021-06-03,4,19.821770071382076,0.7158208605680922,0.98333953359707,0.1760728679723689
wh-meta-social-circle-ga-2,2021-07-05,0,31.229376456364133,0.7071907232459791,0.9835664302400854,0.1982574371174955
wh-meta-social-circle-ga-2,2021-07-05,1,34.58556607293833,0.6959786576870854,0.9797480933646888,0.1997490133667663
wh-meta-social-circle-ga-2,2021-07-05,2,34.34268815954122,0.6975928168416923,0.9797335965198992,0.203452852632238
wh-meta-social-circle-ga-2,2021-07-05,3,33.75924557584204,0.7458677759555354,0.9826586803501368,0.1811928799809914
wh-meta-social-circle-ga-2,2021-07-05,4,32.186304959104646,0.7816873205348217,0.9846807397606904,0.1704429931271789
wh-meta-social-circle-ga-2,2021-09-07,3,27.581776938544603,0.7076379239170217,0.9801107808525984,0.1955060227847056
wh-meta-social-circle-ga-2,2021-09-07,4,28.689134354417817,0.7623648018519825,0.981837132362025,0.1598540577153948
wh-meta-social-circle-ga-2,2021-10-09,0,25.12717037654749,0.7610394691673534,0.9808644872884856,0.1750390023451511
wh-meta-social-circle-ga-2,2021-10-09,1,25.341289216930047,0.7118302029572956,0.9754273613555192,0.1619272404985876
wh-meta-social-circle-ga-2,2021-10-09,2,26.461197839232018,0.6998911636719538,0.9783585076622944,0.1510925939413275
wh-meta-social-circle-ga-2,2021-10-09,3,25.42678812997096,0.7376789111176602,0.9816381619164896,0.1475255097649433
wh-meta-social-circle-ga-2,2021-10-09,4,24.955078927621837,0.7478560563681219,0.9833024534949938,0.1353072993443439
wh-meta-social-circle-ga-2,2021-11-10,0,21.451854605394026,0.6631416859735055,0.9803177604116124,0.1364706495491575
wh-meta-social-circle-ga-2,2021-11-10,1,22.080385320734376,0.6029509175841719,0.976293305242708,0.1497646516953802
wh-meta-social-circle-ga-2,2021-11-10,2,21.517660749946288,0.652078598852133,0.980663290243338,0.1276116118282768
wh-meta-social-circle-ga-2,2021-11-10,3,21.894977835010696,0.6439031910782657,0.981023577524926,0.1230174185274831
wh-meta-social-circle-ga-2,2021-11-10,4,20.97608768112857,0.6839182552849984,0.9832552902271888,0.1118346737393614
wh-meta-social-circle-ga-2,2021-11-26,0,11.38170381471971,0.6227427649027476,0.9794992603111016,0.1344232439506
wh-meta-social-circle-ga-2,2021-11-26,1,11.631777665172352,0.5531235184220306,0.9754635544440136,0.1480617534560337
wh-meta-social-circle-ga-2,2021-11-26,2,11.199182494238029,0.5969076841863048,0.979923226311993,0.1236261651922979
wh-meta-social-circle-ga-2,2021-11-26,3,11.635301423832598,0.5848917066800481,0.9803015176104444,0.1203825445803255
wh-meta-social-circle-ga-2,2021-11-26,4,10.996922923354786,0.6180801899788282,0.9822783926727808,0.1092492524651389
wh-meta-social-circle-ga-2,2021-12-12,0,12.394683650529004,0.5848606609582528,0.9785884446313596,0.1193374871268536
wh-meta-social-circle-ga-2,2021-12-12,1,12.69665126791138,0.5295475622567026,0.97546179833536,0.135622425913888
wh-meta-social-circle-ga-2,2021-12-12,2,12.37824525743677,0.5708383049618403,0.9792023682534868,0.1129625361342245
wh-meta-social-circle-ga-2,2021-12-12,3,12.76734233657771,0.5597936515995102,0.9795346879288486,0.1093703175879861
wh-meta-social-circle-ga-2,2021-12-12,4,12.16763908402319,0.5920485566089634,0.981500912944385,0.0995563698448258
wh-meta-social-circle-ga-2,2022-01-13,0,11.417950437393507,0.4089062591280747,0.9684382405429176,0.1645718392092497
wh-meta-social-circle-ga-2,2022-01-13,1,9.27909261081092,0.4538916588735944,0.9744570917626302,0.16567040082963
wh-meta-social-circle-ga-2,2022-01-13,2,9.439748605616762,0.5210385929029758,0.9792621533631,0.1313851782425845
wh-meta-social-circle-ga-2,2022-01-13,3,11.04983134731659,0.5243011535048998,0.9789522819322596,0.128819723095947
wh-meta-social-circle-ga-2,2022-01-13,4,11.204389884161904,0.5759198361031439,0.981018010376702,0.1076272666408247
wh-meta-social-circle-ga-2,2022-01-29,0,4.8650278718682705,0.5076261661660477,0.979545731022056,0.1373740219088914
wh-meta-social-circle-ga-2,2022-01-29,1,4.914184440722009,0.4824544553457859,0.9759860413849444,0.1480037703046955
wh-meta-social-circle-ga-2,2022-01-29,2,4.4146948963602055,0.5145237891073101,0.979189688910478,0.1258647274939525
wh-meta-social-circle-ga-2,2022-01-29,3,4.830778965485007,0.511573836749975,0.979262860262596,0.1244260360997184
wh-meta-social-circle-ga-2,2022-01-29,4,4.245572888683181,0.5403529132994426,0.9812243248102164,0.1118806330828342
wh-meta-social-circle-ga-2,2022-02-14,0,12.52849026126487,0.4878339313536441,0.9786169172208928,0.1433935033007009
wh-meta-social-circle-ga-2,2022-02-14,1,12.567009389174997,0.4683751082229208,0.9750524935709534,0.1484286041704826
wh-meta-social-circle-ga-2,2022-02-14,2,12.28386652656737,0.5008743023048117,0.97898080222157,0.132719682143604
wh-meta-social-circle-ga-2,2022-02-14,3,12.653532264462529,0.499033737602376,0.9790975532979316,0.1311121853773337
wh-meta-social-circle-ga-2,2022-02-14,4,11.850138906374712,0.5267598861106169,0.9812317429656652,0.1176372706195629
wh-meta-social-circle-ga-2,2022-03-02,0,23.89125704721356,0.5205999416962213,0.9795664704786068,0.1410336770918226
wh-meta-social-circle-ga-2,2022-03-02,1,24.113377576547645,0.4875232917452938,0.9753068824055148,0.150252792966468
wh-meta-social-circle-ga-2,2022-03-02,2,23.736834168689978,0.5178988713261852,0.9791911124855358,0.1352508001092641
wh-meta-social-circle-ga-2,2022-03-02,3,24.02443059435189,0.5223707070503921,0.979354209837224,0.1332888946943697
wh-meta-social-circle-ga-2,2022-03-02,4,23.271070910666392,0.5428490708500066,0.981394712814208,0.1209919274469246
wh-meta-social-circle-ga-2,2022-04-03,0,24.537967740662587,0.5938596795534874,0.9793974919061512,0.1526870617253762
wh-meta-social-circle-ga-2,2022-04-03,1,24.657159089962448,0.5674190506574593,0.9769962866415468,0.1672107780240394
wh-meta-social-circle-ga-2,2022-04-03,2,24.310812354685645,0.5858389633516405,0.9797998990702712,0.151665771616757
wh-meta-social-circle-ga-2,2022-04-03,3,24.51182250289234,0.5927733218859076,0.9796320556705852,0.1491768845911623
wh-meta-social-circle-ga-2,2022-04-03,4,23.755911394757973,0.6073777738060853,0.9814664286283248,0.1370936094032647
wh-meta-social-circle-ga-2,2022-04-19,0,20.58228160503199,0.6959713264836834,0.9812640890309344,0.1649099751920672
wh-meta-social-circle-ga-2,2022-04-19,1,21.200098578641196,0.6532517326615049,0.977458944249009,0.1778349181692352
wh-meta-social-circle-ga-2,2022-04-19,2,20.342698291169643,0.6951460795565262,0.9816621499323844,0.1634256949518611
wh-meta-social-circle-ga-2,2022-04-19,3,20.850768922328964,0.7023590310865214,0.9823152651282356,0.1594083116496054
wh-meta-social-circle-ga-2,2022-04-19,4,19.366918481669337,0.7360024064527091,0.98446981900168,0.1496413440389104
wh-meta-social-circle-ga-2,2022-05-05,0,29.483037315244495,0.724361030652096,0.9810729482770404,0.174117342684458
wh-meta-social-circle-ga-2,2022-05-05,1,30.45564405145194,0.6792940612245956,0.9773243565625236,0.1854410815844882
wh-meta-social-circle-ga-2,2022-05-05,2,29.504175983034948,0.7164689002173421,0.981302458940093,0.1724526578375081
wh-meta-social-circle-ga-2,2022-05-05,3,29.81902184516977,0.7232948175432826,0.9820021739705436,0.1674580646228158
wh-meta-social-circle-ga-2,2022-05-05,4,28.26429414850729,0.7634084570165675,0.9841637847325568,0.1617611265915106
wh-meta-social-circle-ga-2,2022-06-06,0,32.29701898379231,0.719469650202355,0.9811345082111946,0.2010467880433781
wh-meta-social-circle-ga-2,2022-06-06,1,34.5460325285375,0.609942043025707,0.975299716424122,0.2365344148868441
wh-meta-social-circle-ga-2,2022-06-06,2,31.773871883766965,0.7566034630633411,0.9838472308438636,0.1948926058032854
wh-meta-social-circle-ga-2,2022-06-06,3,31.640676771793014,0.7319265003066197,0.9824844336747268,0.1971029445098109
wh-meta-social-circle-ga-2,2022-06-06,4,31.134449105753383,0.756207889059286,0.9843549173781382,0.1869855721946806
wh-meta-social-circle-ga-2,2022-06-22,0,39.5973224471147,0.65866108861564,0.9807845116405972,0.1850289347406671
wh-meta-social-circle-ga-2,2022-06-22,1,40.02008825077876,0.6354579581905826,0.9773021182105468,0.1950125977964813
wh-meta-social-circle-ga-2,2022-06-22,2,38.9056734730698,0.693324728436509,0.9816263630604324,0.1793783678226697
wh-meta-social-circle-ga-2,2022-06-22,3,39.8550625908391,0.6820014373829831,0.9820537498332792,0.1745560906155667
wh-meta-social-circle-ga-2,2022-06-22,4,38.15030321063893,0.7380561650811939,0.9844492005184878,0.1656323064260542
wh-meta-social-circle-ga-2,2022-07-08,1,25.42542697935208,0.673668276931945,0.9832329963446472,0.1794125986949346
wh-meta-social-circle-ga-2,2022-07-08,2,30.088930622001467,0.6844316789098384,0.982095642899124,0.1747523933425436
wh-meta-social-circle-ga-2,2022-07-08,3,33.643168893018,0.7042788999730659,0.9820311318217082,0.1715143376185059
wh-meta-social-circle-ga-2,2022-07-08,4,35.09989787315197,0.7661879097303143,0.984382385027452,0.1616374369487117
wh-meta-social-circle-ga-2,2022-07-24,0,18.022969152500007,0.8964915806556555,0.9840125,0.0598733424218749
wh-meta-social-circle-ga-2,2022-07-24,1,31.186567729865377,0.7886049120665842,0.976422508270646,0.1773578311532808
wh-meta-social-circle-ga-2,2022-07-24,2,32.98170091845792,0.7783647539407748,0.9823732769712932,0.1823953918963556
wh-meta-social-circle-ga-2,2022-07-24,3,34.64757973055884,0.7605675322140657,0.9816935547635725,0.187714102351917
wh-meta-social-circle-ga-2,2022-07-24,4,33.15258613457554,0.7986805537390405,0.9846093309969248,0.1764257033259371
wh-meta-social-circle-ga-2,2022-09-26,0,29.396452367791852,0.7219835073900447,0.9815450890921984,0.1431970898850925
wh-meta-social-circle-ga-2,2022-09-26,1,29.719549554027857,0.6907933771050846,0.9777509441058873,0.1595774990178558
wh-meta-social-circle-ga-2,2022-09-26,2,29.323352885217545,0.7218069013926571,0.9819159799512244,0.1407031184968053
wh-meta-social-circle-ga-2,2022-09-26,3,29.890255431113246,0.7174880757807033,0.982444836032537,0.1374118294284947
wh-meta-social-circle-ga-2,2022-09-26,4,28.72972993324487,0.7482720091520741,0.9844466406098028,0.1255677114264954
wh-meta-social-circle-ga-2,2022-10-28,0,21.381380649483773,0.624572844609811,0.979724302482099,0.1400357916738681
wh-meta-social-circle-ga-2,2022-10-28,1,21.86407561920973,0.5863333672985911,0.9765229367655724,0.1556888501633863
wh-meta-social-circle-ga-2,2022-10-28,2,21.46479188028256,0.6239856782086985,0.9805560148336664,0.1391449110004946
wh-meta-social-circle-ga-2,2022-10-28,3,21.564049444418423,0.6141068925847397,0.9808996985970893,0.1347125168826757
wh-meta-social-circle-ga-2,2022-10-28,4,20.767442952401264,0.6516988418002578,0.9830362967417524,0.1236460140553595
wh-meta-social-circle-ga-2,2022-11-13,0,11.539224601377938,0.6105570779652002,0.9782735998607984,0.1182626514558196
wh-meta-social-circle-ga-2,2022-11-13,1,11.927269045274848,0.5635763849649197,0.9753839483788872,0.1357599271900481
wh-meta-social-circle-ga-2,2022-11-13,2,11.65588508755506,0.6018742923568975,0.9789417845575692,0.1178224323399968
wh-meta-social-circle-ga-2,2022-11-13,3,12.151824488794,0.5939756312766373,0.9791852576558658,0.1131848023566973
wh-meta-social-circle-ga-2,2022-11-13,4,11.442123676971322,0.6151701836878186,0.9812536165357244,0.1051416391036753
wh-meta-social-circle-ga-2,2022-11-29,0,17.715123458175402,0.5640959436304782,0.978527485032952,0.1219297836348921
wh-meta-social-circle-ga-2,2022-11-29,1,18.110111170301444,0.5092506364698567,0.9751087108141588,0.1378874759517222
wh-meta-social-circle-ga-2,2022-11-29,2,17.72633937756048,0.5541905955720436,0.979302677997798,0.1198789441262076
wh-meta-social-circle-ga-2,2022-11-29,3,17.94261159037705,0.541156571974477,0.9794426298806947,0.1150742423926323
wh-meta-social-circle-ga-2,2022-11-29,4,17.316688638867017,0.566586286955951,0.9814719426002472,0.1066174543064879
wh-meta-social-circle-ga-2,2022-12-15,4,11.385062279630084,0.6763996752464596,0.9803976952436876,0.0766546501922669
wh-meta-social-circle-ga-2,2023-03-05,0,21.948337565046053,0.5657361107389969,0.9803333020861944,0.1394070410410819
wh-meta-social-circle-ga-2,2023-03-05,1,21.875229962400297,0.5373368782426615,0.976070072039758,0.1581925575756526
wh-meta-social-circle-ga-2,2023-03-05,2,22.08773704412856,0.5300761060310232,0.9794605386301892,0.1368055617927219
wh-meta-social-circle-ga-2,2023-03-05,3,22.310465638991833,0.5318918589494878,0.9795741906379586,0.1330698745420844
wh-meta-social-circle-ga-2,2023-03-05,4,21.68426588570117,0.5212428719918262,0.9811506799906284,0.1243938344369488
wh-meta-social-circle-ga-2,2023-04-06,0,29.236747886606025,0.6554707955674618,0.9792385567186744,0.1674964264866652
wh-meta-social-circle-ga-2,2023-04-06,1,28.84880542153717,0.640482209440451,0.9764455273504092,0.1925772137203376
wh-meta-social-circle-ga-2,2023-04-06,2,29.250878301887347,0.6639713308629147,0.9798283298293872,0.152874477856639
wh-meta-social-circle-ga-2,2023-04-06,3,28.816663716149165,0.6646671617192094,0.9809710239860966,0.162968558945792
wh-meta-social-circle-ga-2,2023-04-06,4,28.748113083093394,0.6665348183939357,0.9827574177517592,0.1565134770833562
wh-meta-social-circle-ga-2,2023-05-08,0,27.135634030155945,0.7269135706173399,0.9818293993270312,0.1961610910697638
wh-meta-social-circle-ga-2,2023-05-08,1,27.491669194555534,0.694963111887551,0.9780331632196811,0.2167018133336882
wh-meta-social-circle-ga-2,2023-05-08,2,26.510390917371257,0.6986372863723445,0.9816584413020836,0.2062211135953998
wh-meta-social-circle-ga-2,2023-05-08,3,23.799262410005337,0.6858482145811637,0.9819265138071456,0.1998969366219594
wh-meta-social-circle-ga-2,2023-05-08,4,23.185626628927896,0.717285070930898,0.9836587275184492,0.1890598927795573
wh-meta-social-circle-ga-2,2023-05-24,0,25.988278835303603,0.745425948245863,0.9820359375436978,0.1721078340097062
wh-meta-social-circle-ga-2,2023-05-24,1,26.13361945778473,0.6841252157915035,0.9780006416688592,0.1879898740686202
wh-meta-social-circle-ga-2,2023-05-24,2,26.286845346037257,0.7262500111068448,0.9822278702151448,0.1727297835432014
wh-meta-social-circle-ga-2,2023-05-24,3,26.92697695168061,0.727916847909316,0.9828951617299312,0.1657659138107592
wh-meta-social-circle-ga-2,2023-05-24,4,25.699408956934494,0.7424463009694157,0.9846579669555652,0.1595278183342873
wh-meta-social-circle-ga-2,2023-06-09,0,30.435644480629417,0.7184169475433064,0.9815335490178276,0.1732363916066639
wh-meta-social-circle-ga-2,2023-06-09,1,31.337299212334383,0.6684922923518174,0.9776125780024412,0.1882495785640164
wh-meta-social-circle-ga-2,2023-06-09,2,31.14288173705374,0.7128701612061692,0.9818715318004506,0.1752794967808259
wh-meta-social-circle-ga-2,2023-06-09,3,31.86875639355317,0.7042270836524439,0.9824033967222,0.1717112425824616
wh-meta-social-circle-ga-2,2023-06-09,4,30.55063892764442,0.7233741557377207,0.9842426761118286,0.1673725497798217
wh-meta-social-circle-ga-2,2023-06-25,0,35.90066263426822,0.7288983871071908,0.9817940351036756,0.1713217368518209
wh-meta-social-circle-ga-2,2023-06-25,1,36.72779667815021,0.6863797944835107,0.9779176482178988,0.1899010989388562
wh-meta-social-circle-ga-2,2023-06-25,2,36.03089135487928,0.7356864983648086,0.982308152435589,0.1734560689359905
wh-meta-social-circle-ga-2,2023-06-25,3,36.54347722178587,0.732307450965681,0.9829387818583843,0.1694844896726755
wh-meta-social-circle-ga-2,2023-06-25,4,35.09347092841422,0.743139788026465,0.9846153491911552,0.1635771209369745
wh-meta-social-circle-ga-2,2023-07-11,0,34.034218653962334,0.715542870435559,0.978005535605766,0.1898358090238661
wh-meta-social-circle-ga-2,2023-07-11,1,33.59376301447582,0.6978022786164755,0.976290336378059,0.2073198547882424
wh-meta-social-circle-ga-2,2023-07-11,2,33.36373626418371,0.7347601300776117,0.9814386696528932,0.1794340103981205
wh-meta-social-circle-ga-2,2023-07-11,3,33.7869199829326,0.7444370059554981,0.9823260203628512,0.1761816008119772
wh-meta-social-circle-ga-2,2023-07-11,4,32.507360981942455,0.7648277723909399,0.9844096644815554,0.1632301668291547
wh-meta-social-circle-ga-2,2023-07-27,0,37.701537128373765,0.7310868557842202,0.9814688836849798,0.1662696401221115
wh-meta-social-circle-ga-2,2023-07-27,1,39.01158174937389,0.6871313391052521,0.9774416946074992,0.1870392289704233
wh-meta-social-circle-ga-2,2023-07-27,2,38.56590635808425,0.7276647412579716,0.9814781789630752,0.17258285885521
wh-meta-social-circle-ga-2,2023-07-27,3,38.345784387246546,0.7364376304778325,0.9827805687492946,0.1673762357482122
wh-meta-social-circle-ga-2,2023-07-27,4,37.00836721206086,0.7483693528263475,0.9843266977215946,0.1577904305393516
wh-meta-social-circle-ga-2,2023-08-12,0,33.55522791897638,0.658998439843304,0.9781666592361428,0.1855812856359228
wh-meta-social-circle-ga-2,2023-08-12,1,33.45357082586411,0.6629771064671467,0.9771057621082831,0.1957797272770655
wh-meta-social-circle-ga-2,2023-08-12,2,33.32329228837921,0.744586380374466,0.9818747496768268,0.1789039736917783
wh-meta-social-circle-ga-2,2023-08-12,3,33.74970758497314,0.7417483624304106,0.9820841022007668,0.1743413795971321
wh-meta-social-circle-ga-2,2023-08-12,4,32.53753134694806,0.7353063133094828,0.98365245359971,0.1628458402335392
wh-meta-social-circle-ga-2,2023-08-28,2,27.798660890638317,0.801246459443026,0.983521276595745,0.1720822329609928
wh-meta-social-circle-ga-2,2023-08-28,3,29.716258087608864,0.784098384974456,0.9774787245464988,0.1981113440822729
wh-meta-social-circle-ga-2,2023-08-28,4,27.710904616190632,0.8345017564931854,0.9831466056148548,0.168462152453255
wh-meta-social-circle-ga-2,2023-09-13,1,24.419708132000014,0.789742743763462,0.98442,0.13793933575
wh-meta-social-circle-ga-2,2023-09-13,2,20.612551581426665,0.7879908806721665,0.9836123921706004,0.1190737109221512
wh-meta-social-circle-ga-2,2023-09-13,3,22.980310646514948,0.7312537520907115,0.9813504473730842,0.1377230583483453
wh-meta-social-circle-ga-2,2023-09-13,4,19.89227700868151,0.7790254443266357,0.983621058621872,0.1334968879477575
wh-meta-social-circle-ga-2,2023-09-29,0,27.076602328693653,0.7248866389045167,0.9812734089668972,0.1386396786445186
wh-meta-social-circle-ga-2,2023-09-29,1,27.766799146946553,0.6927931561255537,0.9775761389398916,0.156742893924263
wh-meta-social-circle-ga-2,2023-09-29,2,27.508939574060697,0.7255434689221679,0.9816616386349704,0.1391097613810243
wh-meta-social-circle-ga-2,2023-09-29,3,27.959794454101324,0.7201016289506003,0.9822199490966992,0.1352739948848263
wh-meta-social-circle-ga-2,2023-09-29,4,26.827294305075583,0.7287757834283483,0.9839027439726846,0.1275120339128725
wh-meta-social-circle-ga-2,2023-10-15,3,18.937431920000012,0.6478547431566172,0.9818333333333332,0.1540031041666666
wh-meta-social-circle-ga-2,2023-12-18,0,12.666359490083256,0.4900147846417406,0.977377062168373,0.1280009243875556
wh-meta-social-circle-ga-2,2023-12-18,1,12.430436991912886,0.4697713831013493,0.974565856517582,0.1337888803800037
wh-meta-social-circle-ga-2,2023-12-18,2,12.26445271231097,0.5268596175962641,0.9786092540302498,0.1136980211762883
wh-meta-social-circle-ga-2,2023-12-18,3,12.572160026064084,0.5125378983479923,0.978861169648806,0.1120831802721033
wh-meta-social-circle-ga-2,2023-12-18,4,11.975950374303288,0.5320959610119579,0.9807708659827198,0.1029794713117191
wh-meta-social-circle-ga-2,2024-01-19,0,9.179994377488851,0.3854190358939297,0.976068965652659,0.1190740643953873
wh-meta-social-circle-ga-2,2024-01-19,1,9.34964808893649,0.4668508772881327,0.9757817133475076,0.1242930069930088
wh-meta-social-circle-ga-2,2024-01-19,2,9.250052094803312,0.4905504259587688,0.9788289747831116,0.1232875542030816
wh-meta-social-circle-ga-2,2024-01-19,3,9.428654444469704,0.4750446235097428,0.9783134628515656,0.1209515832411942
wh-meta-social-circle-ga-2,2024-01-19,4,8.864628650152325,0.4813509939724181,0.980381905095567,0.1124677889730751
wh-meta-social-circle-ga-2,2024-02-20,0,13.404211990150896,0.327593874980541,0.9744099193252655,0.1778898742361439
wh-meta-social-circle-ga-2,2024-02-20,1,13.494979757850157,0.380480237535453,0.976843739660252,0.1814359973177032
wh-meta-social-circle-ga-2,2024-02-20,2,14.303455887991516,0.4368584189751499,0.9791225376833842,0.1696039556402807
wh-meta-social-circle-ga-2,2024-02-20,3,15.001492053541622,0.474251108735127,0.9798585948673224,0.1547212540398325
wh-meta-social-circle-ga-2,2024-02-20,4,14.18692138504885,0.5011128381059992,0.980407823978902,0.1263273220892288
wh-meta-social-circle-ga-2,2024-03-07,0,24.782854240375983,0.37876320186276,0.9766934315766708,0.1285002262696642
wh-meta-social-circle-ga-2,2024-03-07,1,24.936922191799272,0.5016593733248511,0.9751594405052556,0.1434899705294127
wh-meta-social-circle-ga-2,2024-03-07,2,24.59809566905847,0.5259555985342438,0.9788549913731271,0.128238800401038
wh-meta-social-circle-ga-2,2024-03-07,3,24.80087715218064,0.5358417281611688,0.9793856321715404,0.1264940498524442
wh-meta-social-circle-ga-2,2024-03-07,4,23.91274596912126,0.5231890140009092,0.9811586337153664,0.1140669406850404
wh-meta-social-circle-ga-2,2024-03-23,0,18.44434566206059,0.6305989391463129,0.9784074970308788,0.1070848394384649
wh-meta-social-circle-ga-2,2024-03-23,1,21.35056277568643,0.5344766073891614,0.9714166874580727,0.1384379373567624
wh-meta-social-circle-ga-2,2024-03-23,2,20.194743699402885,0.5521014881831997,0.9769010597095014,0.150715385648333
wh-meta-social-circle-ga-2,2024-03-23,3,21.03533111632832,0.6120800130366157,0.9798425736865022,0.180657979876387
wh-meta-social-circle-ga-2,2024-03-23,4,21.96982097350288,0.554454715493233,0.9798568647339176,0.1378639672583936
wh-meta-social-circle-ga-2,2024-04-08,0,29.30742460377575,0.4383288432885275,0.9773263323026572,0.174924498192354
wh-meta-social-circle-ga-2,2024-04-08,1,27.62420982588645,0.6446821617827228,0.977224617099866,0.1708506116947874
wh-meta-social-circle-ga-2,2024-04-08,2,27.639079354187217,0.6458787099613089,0.9808337426493164,0.1556634330247193
wh-meta-social-circle-ga-2,2024-04-08,3,27.821850694860064,0.6642312250858137,0.9817225082268712,0.1540065666465026
wh-meta-social-circle-ga-2,2024-04-08,4,26.853868134348417,0.6535034057981279,0.9831842483624504,0.14162471305914
wh-meta-social-circle-ga-2,2024-04-24,2,24.129840856108483,0.7083276207009997,0.9832003834113217,0.1866917966440295
wh-meta-social-circle-ga-2,2024-04-24,3,24.916785304884947,0.7215019785262057,0.9824238263385868,0.1999212845581545
wh-meta-social-circle-ga-2,2024-04-24,4,23.477141129622876,0.6896131002246857,0.9832144884720294,0.1808734667789869
wh-meta-social-circle-ga-2,2024-05-26,4,12.017935265000014,0.2638784855063072,0.9780232142857148,0.2257864093303572
wh-meta-social-circle-ga-2,2024-06-11,0,36.29293502868738,0.4752317203536184,0.9777942947435444,0.1996860424842782
wh-meta-social-circle-ga-2,2024-06-11,1,34.63952746756791,0.6672862763791146,0.9776417633818606,0.1947355872227569
wh-meta-social-circle-ga-2,2024-06-11,2,34.02961409317157,0.7162563145897564,0.9818406484066448,0.178406281617391
wh-meta-social-circle-ga-2,2024-06-11,3,34.76235659432959,0.7165458165620827,0.9824937937951072,0.1722641949864616
wh-meta-social-circle-ga-2,2024-06-11,4,32.9480921314378,0.7394606662771454,0.984435787606681,0.1655048203124782
wh-meta-social-circle-ga-2,2024-07-13,0,40.7770255041972,0.4770626998960614,0.9776281757002556,0.1962483136136772
wh-meta-social-circle-ga-2,2024-07-13,1,39.56319591622021,0.6514720067994917,0.9771672202560056,0.1885325417989406
wh-meta-social-circle-ga-2,2024-07-13,2,38.82129800712183,0.6875137954657137,0.9809212800163616,0.1746479758391289
wh-meta-social-circle-ga-2,2024-07-13,3,38.980824914069075,0.6927326136545974,0.9818728037914238,0.1710327183590747
wh-meta-social-circle-ga-2,2024-07-13,4,36.74300288677304,0.7148686613784894,0.9836402069228576,0.1656064775140049
wh-meta-social-circle-ga-2,2024-07-29,0,31.185763216506796,0.4404940582219789,0.9763631835675292,0.1541548024247069
wh-meta-social-circle-ga-2,2024-07-29,1,31.922063908906367,0.6492767018664415,0.9778965011401242,0.2140642419601328
wh-meta-social-circle-ga-2,2024-07-29,2,30.499946930937963,0.6960826126229076,0.981806576829472,0.1935038202264546
wh-meta-social-circle-ga-2,2024-07-29,3,30.909111969694308,0.7367745609229487,0.981181416367626,0.1997226986678039
wh-meta-social-circle-ga-2,2024-07-29,4,30.713523468344462,0.7398694389564173,0.9834438557796408,0.1785272223348068
wh-meta-social-circle-ga-2,2024-08-14,0,34.97480857185434,0.4865778448555454,0.9774739001178038,0.1992397029343295
wh-meta-social-circle-ga-2,2024-08-14,1,32.78645518630789,0.7029626134112256,0.9783274797261494,0.188542247184932
wh-meta-social-circle-ga-2,2024-08-14,2,32.74358483646883,0.7112333589690881,0.98087642718083,0.1834556293459561
wh-meta-social-circle-ga-2,2024-08-14,3,31.53464928432405,0.753006499568665,0.9826486428008742,0.1661787619737847
wh-meta-social-circle-ga-2,2024-08-14,4,30.20720573060881,0.7763449702601088,0.9839517589624828,0.1559577127496562
wh-meta-social-circle-ga-2,2024-08-30,0,38.53496658161783,0.4914335607419288,0.9774823231174988,0.1499882891422221
wh-meta-social-circle-ga-2,2024-08-30,1,37.945687458143745,0.6744656482036842,0.97722192840559,0.1671129321956291
wh-meta-social-circle-ga-2,2024-08-30,2,37.23917460993419,0.7092980430016672,0.9811708954737562,0.1514747827866192
wh-meta-social-circle-ga-2,2024-08-30,3,38.025061962666165,0.6995425436154785,0.9815378984197822,0.1486645724240759
wh-meta-social-circle-ga-2,2024-08-30,4,37.067062602852566,0.7147941586426909,0.9834846045652323,0.1405053029009145
wh-meta-social-circle-ga-2,2024-10-17,0,21.083294793423207,0.4271552785981946,0.9765867421064244,0.2067988452857695
wh-meta-social-circle-ga-2,2024-10-17,1,20.393597767011492,0.6407641632427346,0.976818246648687,0.1531377933048347
wh-meta-social-circle-ga-2,2024-10-17,2,19.699707339021536,0.6898618904617494,0.9809751058020652,0.1373968508724389
wh-meta-social-circle-ga-2,2024-10-17,3,20.427609108276332,0.689993954852835,0.9815349789219988,0.1332819243108126
wh-meta-social-circle-ga-2,2024-10-17,4,19.17223963189603,0.7084068508258112,0.9834319083315282,0.1247107144276096
wh-meta-social-circle-ga-2,2024-11-02,0,22.781065075377793,0.3879439377521189,0.976212003732958,0.1980772596179865
wh-meta-social-circle-ga-2,2024-11-02,1,22.35974721219958,0.5622443545609236,0.9759850903744564,0.149987988819668
wh-meta-social-circle-ga-2,2024-11-02,2,21.66921028273488,0.6029088228282116,0.9797890067124924,0.1367013116709479
wh-meta-social-circle-ga-2,2024-11-02,3,21.785189925003316,0.6063163272561698,0.9803140435549534,0.1346756433140246
wh-meta-social-circle-ga-2,2024-11-02,4,21.04255471396196,0.6223641059937313,0.9821074439677904,0.1263244041542546
wh-meta-social-circle-ga-2,2024-11-18,0,20.752793266282676,0.4089869660692001,0.9763349396899696,0.1765682114670981
wh-meta-social-circle-ga-2,2024-11-18,1,21.015811784318085,0.5848442599740415,0.9761834896509662,0.1385190596225306
wh-meta-social-circle-ga-2,2024-11-18,2,20.66251818019573,0.6223612592347874,0.9804511411239544,0.1223385818433458
wh-meta-social-circle-ga-2,2024-11-18,3,21.25746629824937,0.6256715055884119,0.9807406738237204,0.1168261086654889
wh-meta-social-circle-ga-2,2024-11-18,4,20.66801727095006,0.6377950980620466,0.9825451059418474,0.1078662572112
wh-meta-social-circle-ga-2,2024-12-04,0,7.575334575097172,0.3816103739951832,0.975344067929254,0.1404499535590749
wh-meta-social-circle-ga-2,2024-12-04,1,7.419480934524953,0.5365605730763172,0.976690471060298,0.1405966922362127
wh-meta-social-circle-ga-2,2024-12-04,2,7.080218640524633,0.567078174894227,0.9796858485331468,0.1221042374186212
wh-meta-social-circle-ga-2,2024-12-04,3,7.684930376552946,0.5597694998174291,0.9800568864211516,0.1186368687851378
wh-meta-social-circle-ga-2,2024-12-04,4,7.25990699129084,0.5727238732149585,0.9815023088174384,0.109368227841451
wh-meta-social-circle-ga-2,2024-12-20,0,12.175777657655248,0.3171224898164687,0.9749058739809752,0.1471765011888453
wh-meta-social-circle-ga-2,2024-12-20,1,12.01208318199024,0.4949907698539854,0.9754959379877434,0.1324244439347358
wh-meta-social-circle-ga-2,2024-12-20,2,11.818332038460328,0.5322030315831804,0.9789196897900904,0.1164392704214095
wh-meta-social-circle-ga-2,2024-12-20,3,12.103070713411412,0.5253840652728621,0.9792680118890444,0.1142230165868789
wh-meta-social-circle-ga-2,2024-12-20,4,11.50311859083191,0.5401097274242386,0.981174536382942,0.10282790981459
wh-meta-social-circle-ga-2,2025-02-06,0,22.410135362314396,0.2674948597213792,0.9615064089456874,0.2087337668196485
wh-meta-social-circle-ga-2,2025-02-06,1,20.62640377689088,0.4454265199656134,0.9729461326938914,0.1630229653898693
wh-meta-social-circle-ga-2,2025-02-06,2,19.979778006313826,0.5298535585024372,0.9793719844838454,0.1255539497124401
wh-meta-social-circle-ga-2,2025-02-06,3,21.013470409474067,0.5061828360985773,0.9778511354019552,0.1293658362371986
wh-meta-social-circle-ga-2,2025-02-06,4,20.404352748249018,0.5355816423957346,0.980097740958452,0.1172528734151331
wh-meta-social-circle-ga-2,2025-02-22,0,14.745575241098564,0.2662159076287073,0.975233389036618,0.2239482432622556
wh-meta-social-circle-ga-2,2025-02-22,1,14.289782648159104,0.4546995490398006,0.9747188431184642,0.1458966908580212
wh-meta-social-circle-ga-2,2025-02-22,2,13.87720864854735,0.4803810791878936,0.978613380062188,0.1315900072978611
wh-meta-social-circle-ga-2,2025-02-22,3,14.372759084241622,0.48203857689986,0.9787174579535934,0.1300638929882849
wh-meta-social-circle-ga-2,2025-02-22,4,13.480984022421117,0.4889651841142781,0.9806256276525506,0.1178576834205421
wh-meta-social-circle-ga-2,2025-03-26,0,27.62838132323729,0.3160355012363168,0.9752395475627512,0.2270010378582439
wh-meta-social-circle-ga-2,2025-03-26,1,26.739451273785413,0.4889351643067468,0.9753794504824682,0.1692558304249201
wh-meta-social-circle-ga-2,2025-03-26,2,26.295194878157663,0.5103427157468217,0.9788817519958488,0.1540918465881681
wh-meta-social-circle-ga-2,2025-03-26,3,26.559521338147228,0.5262347205079095,0.9795203128877118,0.1518959123239381
wh-meta-social-circle-ga-2,2025-03-26,4,25.82964666069591,0.5114015565123269,0.9810163985596322,0.1404617780268265
wh-meta-social-circle-ga-2,2025-04-11,0,18.27178692938012,0.583003363391901,0.9811135473824708,0.1687980363621533
wh-meta-social-circle-ga-2,2025-04-11,1,21.22240751671526,0.687208307940583,0.9790309584126504,0.1610562673220893
wh-meta-social-circle-ga-2,2025-04-11,2,22.351665743671123,0.6757806694767786,0.9809868531360196,0.1601450008482788
wh-meta-social-circle-ga-2,2025-04-11,3,22.78312060757142,0.689489798561461,0.9818495477579284,0.1548038789893988
wh-meta-social-circle-ga-2,2025-04-11,4,21.663454004537623,0.6889268087105433,0.9835183934770974,0.1430863625810852
wh-meta-social-circle-ga-2,2025-05-13,0,31.052146113912087,0.4910063588935301,0.978019405607138,0.2033724368827147
wh-meta-social-circle-ga-2,2025-05-13,1,28.89040452661262,0.6735057152528192,0.9765302960808836,0.1864894425631312
wh-meta-social-circle-ga-2,2025-05-13,2,27.516560392767538,0.7567078356049689,0.9818587728774136,0.1627551864229968
wh-meta-social-circle-ga-2,2025-05-13,3,29.09467559175955,0.7325025686881088,0.9819897589729286,0.1669974698633201
wh-meta-social-circle-ga-2,2025-05-13,4,27.763951122001764,0.7564112237109358,0.9840689364526688,0.1655630575981459
wh-meta-social-circle-ga-2,2025-06-30,0,42.39114471044227,0.4878152037094742,0.9760960186482672,0.2532698757027965
wh-meta-social-circle-ga-2,2025-06-30,1,37.58420069703461,0.6826094830320425,0.9748790682974556,0.215219863566125
wh-meta-social-circle-ga-2,2025-06-30,2,36.99454571688894,0.6702939962108688,0.9799598004899424,0.2074812186039668
wh-meta-social-circle-ga-2,2025-06-30,3,36.62770404659807,0.734487985957528,0.9818874668045572,0.180810864700655
wh-meta-social-circle-ga-2,2025-06-30,4,34.477520352335226,0.760196063786431,0.9841394119616186,0.1733096877915295
wh-meta-social-circle-ga-2,2025-07-16,4,27.949036955548554,0.6953181202562096,0.9824509112290158,0.1926276389899703
wh-meta-social-circle-ga-2,2025-08-01,0,38.13904758944246,0.5228832131456224,0.9781592151691532,0.2165330555878614
wh-meta-social-circle-ga-2,2025-08-01,1,35.27829392002188,0.7033629022219662,0.9777326859742244,0.1747262299272254
wh-meta-social-circle-ga-2,2025-08-01,2,34.20413830740598,0.7546547648078823,0.9820699246111684,0.160977307876348
wh-meta-social-circle-ga-2,2025-08-01,3,34.30517317305586,0.7616584632341019,0.9828731099792524,0.1537750053414194
wh-meta-social-circle-ga-2,2025-08-01,4,33.27534604527962,0.7763924352176442,0.9846631872920194,0.1436144601384913
wh-meta-social-circle-ga-2,2025-08-17,0,36.93746580063862,0.5140490221089836,0.9779494852673704,0.2166112692191486
wh-meta-social-circle-ga-2,2025-08-17,1,34.06020730585677,0.6977412434083763,0.9775366846733692,0.1706797153203433
wh-meta-social-circle-ga-2,2025-08-17,2,32.953318867852666,0.7473202370053091,0.9817235923004436,0.1558660722394176
wh-meta-social-circle-ga-2,2025-08-17,3,32.89133573308023,0.755806650414304,0.9825479842462548,0.1503928964519054
wh-meta-social-circle-ga-2,2025-08-17,4,31.899066946720076,0.774917997871545,0.9844490310349618,0.1404398463799903
wh-meta-social-circle-ga-2,2025-09-02,0,29.964628018423145,0.5122146153855555,0.9776234845556794,0.1963063824575415
wh-meta-social-circle-ga-2,2025-09-02,1,27.84826248237864,0.6958011257886295,0.9773191164687896,0.1526730280065806
wh-meta-social-circle-ga-2,2025-09-02,2,27.229056913210503,0.7412488505655722,0.9816076362843666,0.1434761817836602
wh-meta-social-circle-ga-2,2025-09-02,3,27.37881137630909,0.7369176650007763,0.9822053528470248,0.1430046142189487
wh-meta-social-circle-ga-2,2025-09-02,4,25.97659592128823,0.7769451240490374,0.9844929304908792,0.1298437780363282
wh-meta-social-circle-ga-2,2025-09-18,0,35.49342793190118,0.4946638092708937,0.9776329269734472,0.2004742422905779
wh-meta-social-circle-ga-2,2025-09-18,1,33.31943425349654,0.6511425091892232,0.977072233177468,0.1584614676783957
wh-meta-social-circle-ga-2,2025-09-18,2,32.39242084905151,0.6967436361619836,0.9810881010331512,0.1390463593682911
wh-meta-social-circle-ga-2,2025-09-18,3,33.031610156753,0.6844207757753419,0.981647227715017,0.1372135743641691
wh-meta-social-circle-ga-2,2025-09-18,4,31.59445285287074,0.7214904600941724,0.9837135113073328,0.1262440885700897
wh-meta-social-circle-ga-2,2025-10-20,0,24.366965017272793,0.4548130820313162,0.9768724626135242,0.20076010719397
wh-meta-social-circle-ga-2,2025-10-20,1,23.18852782125061,0.5984114262074623,0.9759696742941713,0.1484573576553891
wh-meta-social-circle-ga-2,2025-10-20,2,22.576947916305155,0.6499545570518211,0.9802649358910244,0.1280692323926417
wh-meta-social-circle-ga-2,2025-10-20,3,23.27348389780442,0.6381021107177394,0.980624209724288,0.123114469021957
wh-meta-social-circle-ga-2,2025-10-20,4,22.04567567580775,0.6723444810875628,0.982763626953511,0.1137679686004511
wh-meta-social-circle-ga-2,2025-11-05,0,20.81409034752138,0.4298398789687719,0.9759148615743828,0.1843457146916416
wh-meta-social-circle-ga-2,2025-11-05,1,20.024015378912587,0.5627286797988352,0.9761388842818408,0.1344210924420972
wh-meta-social-circle-ga-2,2025-11-05,2,19.64283315876824,0.6108109171034177,0.9807115870121166,0.1221800130729732
wh-meta-social-circle-ga-2,2025-11-05,3,19.98195415641205,0.5961203170287216,0.9802531563270596,0.1172533715237642
wh-meta-social-circle-ga-2,2025-11-05,4,18.746661355991083,0.6173186874666623,0.982012841117332,0.1100273863233921
wh-meta-social-circle-ga-2,2025-11-21,4,18.692473820000032,0.5282177197158546,0.9742,0.1173809325
wh-meta-social-circle-ga-2,2026-01-08,4,6.916276331786151,0.3704300856126971,0.9767626850763812,0.0810256041642185
wh-meta-social-circle-ga-2,2026-02-09,0,13.726484023861463,0.2913813161180835,0.9736252664775182,0.1564128559597599
wh-meta-social-circle-ga-2,2026-02-09,1,12.841898154974714,0.4277374051699082,0.9714778441746024,0.1090442943100573
wh-meta-social-circle-ga-2,2026-02-09,2,11.862563097552016,0.4796314895075107,0.9775599683217292,0.089925022780942
wh-meta-social-circle-ga-2,2026-02-09,3,12.652347557623646,0.4600718113879135,0.978121196098358,0.1233177218321066
wh-meta-social-circle-ga-2,2026-02-09,4,12.07839356611789,0.4730145604592041,0.9799227070097992,0.1129447605852043
wh-meta-social-circle-ga-2,2026-03-13,0,20.698335931933133,0.3633567658775102,0.975087003316969,0.2131847131472214
wh-meta-social-circle-ga-2,2026-03-13,1,19.165773683419747,0.5296114968753188,0.9756965625884688,0.1518633060159802
wh-meta-social-circle-ga-2,2026-03-13,2,19.08022713696044,0.5310193063703272,0.9790606661985944,0.134667039746811
wh-meta-social-circle-ga-2,2026-03-13,3,19.39433405585268,0.5581326588463207,0.9798962187111144,0.1318484103847096
wh-meta-social-circle-ga-2,2026-03-13,4,18.879621889302395,0.5301417156313009,0.9812119411862232,0.1191696155445265
wh-meta-social-circle-ga-2,2026-03-29,3,19.54504162894361,0.5261379084680881,0.9812946040239344,0.1943038674082819
wh-meta-social-circle-ga-2,2026-03-29,4,19.574904187558687,0.4911754567456358,0.9795919789741048,0.1788641257208088
wh-meta-social-circle-ga-2,2026-04-14,0,33.88775644809242,0.4784799020159503,0.9776612304474376,0.2319137857839776
wh-meta-social-circle-ga-2,2026-04-14,1,31.865750619485432,0.676215642632776,0.977545130540884,0.1818016487729043
wh-meta-social-circle-ga-2,2026-04-14,2,31.604635516911713,0.6847751778396768,0.981238494346636,0.1622562962425197
wh-meta-social-circle-ga-2,2026-04-14,3,32.193756182844936,0.699482664772039,0.9821438018328444,0.1592993986977919
wh-meta-social-circle-ga-2,2026-04-14,4,30.838737250392818,0.7083035421658607,0.9838493845245804,0.150488122147282
wh-meta-social-circle-ga-2,2026-05-16,0,25.888524120486633,0.5733677331012351,0.9786145616096952,0.2005156045825938
wh-meta-social-circle-ga-2,2026-05-16,1,23.991738866287378,0.6766648553247654,0.9796999596721366,0.1796212676930774
wh-meta-social-circle-ga-2,2026-05-16,2,24.247666909550222,0.6710777244456596,0.9805715768601774,0.1682652387445834
wh-meta-social-circle-ga-2,2026-05-16,3,24.751388576024933,0.654502867983319,0.9804700337218804,0.1670863611981272
wh-meta-social-circle-ga-2,2026-05-16,4,22.939039679650374,0.6882765606735625,0.9819285340087934,0.1646250775581993
wh-meta-social-circle-ga-2,2026-06-01,0,30.553046858934835,0.4765145980812095,0.977213573937071,0.2511963797328693
wh-meta-social-circle-ga-2,2026-06-01,1,27.61208255930565,0.6331069010280854,0.9760521114377212,0.1937868329692317
wh-meta-social-circle-ga-2,2026-06-01,2,26.03276714274263,0.7001739032465223,0.9814278681606896,0.1761171673931311
wh-meta-social-circle-ga-2,2026-06-01,3,26.006939616567415,0.6881054921036006,0.9815737258585336,0.1688905831982984
wh-meta-social-circle-ga-2,2026-06-01,4,23.761659334121127,0.7244954785149567,0.9836710414782752,0.1653575921736282
wh-meta-social-circle-ga-2,2026-06-17,0,23.59222749672426,0.5599400728821764,0.9721089510050248,0.2033591901126727
wh-meta-social-circle-ga-2,2026-06-17,1,17.376438605470113,0.7894770783758795,0.985172649520435,0.2188001924427271
wh-meta-social-circle-ga-2,2026-06-17,2,17.354052500111372,0.7804972419489536,0.9846016101524884,0.19959612185155
wh-meta-social-circle-ga-2,2026-06-17,3,21.37290969926316,0.7018457275518935,0.9831810488935953,0.1876735649967763
wh-meta-social-circle-ga-2,2026-06-17,4,20.99260260514514,0.7747188160029554,0.9846351352322588,0.2016888768058238
wh-meta-social-circle-ga-2,2026-07-03,0,41.27930466222895,0.5260851566758108,0.9781511117679172,0.2331477853093007
wh-meta-social-circle-ga-2,2026-07-03,1,38.72796956039671,0.674775631005502,0.9768519332891622,0.1902930996661409
wh-meta-social-circle-ga-2,2026-07-03,2,37.255843014695294,0.7246029434083167,0.9816983582882391,0.1734082698432167
wh-meta-social-circle-ga-2,2026-07-03,3,38.121608610018015,0.7234675848606672,0.9822019656585004,0.1701037798795005
wh-meta-social-circle-ga-2,2026-07-03,4,36.25394128798652,0.7709244255774879,0.9845792832560084,0.1602961298214772
wh-meta-social-circle-ga-2,2026-07-19,0,40.33652725511738,0.5258539242000968,0.9781229636317216,0.2510852184571181
wh-meta-social-circle-ga-2,2026-07-19,1,36.606795960810864,0.6931285743055999,0.977932704019594,0.1970440343444227
wh-meta-social-circle-ga-2,2026-07-19,2,35.658659788935246,0.7162699963830133,0.9809334536252208,0.1822781686607339
wh-meta-social-circle-ga-2,2026-07-19,3,35.991743624355124,0.7564846956009768,0.9832004958118996,0.1737847553733956
wh-meta-social-circle-ga-2,2026-07-19,4,34.778667442914355,0.7622924022640077,0.9838797635974836,0.1678541324401835
wh-meta-social-circle-ga-2,2026-08-04,0,35.812807143747754,0.5172139293189534,0.976055227284375,0.2498672580109417
wh-meta-social-circle-ga-2,2026-08-04,1,34.50233002180287,0.6600916885160164,0.9735720824250484,0.2307537634404673
wh-meta-social-circle-ga-2,2026-08-04,2,32.243295424881666,0.7194063551283681,0.978652958768279,0.1894687785476215
wh-meta-social-circle-ga-2,2026-08-04,3,32.17500714800694,0.7256284716246663,0.979958262019925,0.1861169673089366
wh-meta-social-circle-ga-2,2026-08-04,4,31.4572943778274,0.763236602104607,0.9828888279108428,0.1733941083961725
wh-meta-social-circle-ga-2,2026-08-20,0,41.5468316981646,0.515485139264291,0.9781049631684264,0.2280789933018137
wh-meta-social-circle-ga-2,2026-08-20,1,38.52496010042365,0.7015078985531102,0.9777550398253924,0.1787277336515184
wh-meta-social-circle-ga-2,2026-08-20,2,37.968594196062945,0.7209528845986691,0.9816000356925276,0.1598670647025125
wh-meta-social-circle-ga-2,2026-08-20,3,38.55174502070168,0.7061697535443571,0.9820761987460648,0.1587174919942887
wh-meta-social-circle-ga-2,2026-08-20,4,36.81838324562947,0.7253553661293096,0.983926656601946,0.1512132442068052
wh-meta-social-circle-ga-2,2026-09-05,0,44.46840288152371,0.4887139250847447,0.9771769952710084,0.2174370336072389
wh-meta-social-circle-ga-2,2026-09-05,1,42.26912079189591,0.6511675840325534,0.9766528227902777,0.1663374248838851
wh-meta-social-circle-ga-2,2026-09-05,2,41.523394333026495,0.6693266448673989,0.9802586803777406,0.1506020445135827
wh-meta-social-circle-ga-2,2026-09-05,3,42.96913358908191,0.6615626766635596,0.980834585977334,0.1457578434271823
wh-meta-social-circle-ga-2,2026-09-05,4,41.48036889938337,0.6927855160779711,0.9828478133470544,0.1379083485172319
wh-meta-social-circle-ga-2,2026-09-21,0,36.95760442260537,0.5043183460978272,0.9777079651691551,0.2063265402391117
wh-meta-social-circle-ga-2,2026-09-21,1,34.836488280344795,0.6630769500860473,0.977078450333836,0.154346244479913
wh-meta-social-circle-ga-2,2026-09-21,2,34.01803573769037,0.6998996467723259,0.9811171726101778,0.1378948467353541
wh-meta-social-circle-ga-2,2026-09-21,3,34.48549777980117,0.6922760947942201,0.981609575363579,0.1338715919107282
wh-meta-social-circle-ga-2,2026-09-21,4,33.33717812479067,0.7180306487882364,0.9835823419128294,0.1284359713202192
wh-meta-social-circle-ga-2,2013-04-17,0,29.230879549365778,0.6669600726239855,0.9808360949944782,0.1549279965283827
wh-meta-social-circle-ga-2,2013-04-17,1,28.17259001450569,0.6561445205942216,0.9777658744738954,0.1696989631283348
wh-meta-social-circle-ga-2,2013-04-17,2,28.00204485921963,0.6472524339697238,0.9807856251386892,0.1560136640971242
wh-meta-social-circle-ga-2,2013-04-17,3,28.376781942506085,0.668923143698669,0.9814671704631436,0.1523430675330735
wh-meta-social-circle-ga-2,2013-04-17,4,27.49691585432632,0.6846058431728742,0.9834294847552648,0.1396921897077139
wh-meta-social-circle-ga-2,2013-06-04,0,28.475757896179637,0.6741534726138146,0.9814708392896412,0.1917819784113838
wh-meta-social-circle-ga-2,2013-06-04,1,28.3847375763247,0.6729820723549799,0.9764955166770132,0.1925338032432134
wh-meta-social-circle-ga-2,2013-06-04,2,27.30578748331338,0.7046490471791197,0.9808833609812916,0.1820623618680477
wh-meta-social-circle-ga-2,2013-06-04,3,29.111258365084776,0.6804272058869021,0.9802569202818948,0.1872138763867959
wh-meta-social-circle-ga-2,2013-06-04,4,27.32927943931732,0.7446885284227307,0.983332963024581,0.1725061115957445
wh-meta-social-circle-ga-2,2013-06-20,1,24.994521266604988,0.8474656924440127,0.983093410907874,0.1727093083519105
wh-meta-social-circle-ga-2,2013-06-20,2,26.90469787686399,0.7447424818947822,0.9809882056247518,0.1930641661383962
wh-meta-social-circle-ga-2,2013-06-20,3,27.09993056858523,0.7371925806596776,0.982419402925712,0.1809526369636878
wh-meta-social-circle-ga-2,2013-06-20,4,25.458947630030902,0.8065416314610043,0.9845222020372432,0.1695633248630797
wh-meta-social-circle-ga-2,2013-07-06,0,22.264185117641805,0.6717796431845134,0.982925831951354,0.2749984221069651
wh-meta-social-circle-ga-2,2013-07-06,1,26.33383367631622,0.6709435459891063,0.9813561605574438,0.2448240556013
wh-meta-social-circle-ga-2,2013-07-06,2,25.81092690115039,0.7180029675797188,0.9812354542970833,0.2061931966700793
wh-meta-social-circle-ga-2,2013-07-06,3,24.738455707389072,0.7047382713062724,0.9808397845530644,0.194347171343594
wh-meta-social-circle-ga-2,2013-07-06,4,23.59238260238273,0.7736406173106262,0.9839988014802744,0.1712751183531607
wh-meta-social-circle-ga-2,2013-07-22,0,22.542997780148603,0.7101075655867839,0.9827760153541356,0.248623302473997
wh-meta-social-circle-ga-2,2013-07-22,1,26.689594684685293,0.7535692224248391,0.970335282524576,0.2150002859556084
wh-meta-social-circle-ga-2,2013-07-22,2,25.89482754890209,0.8246114440506433,0.9845124795404714,0.1702723887669025
wh-meta-social-circle-ga-2,2013-07-22,3,26.464635684825915,0.8133102921893385,0.98308071842422,0.1609332138352592
wh-meta-social-circle-ga-2,2013-07-22,4,26.57689728192601,0.8197415551049789,0.9842972319158638,0.1597192181796423
wh-meta-social-circle-ga-2,2013-08-23,0,32.2089933106791,0.7581559326941759,0.9827992981907904,0.1682459994727154
wh-meta-social-circle-ga-2,2013-08-23,1,31.8540443723998,0.8143935657740564,0.9828415743322196,0.1653683400635171
wh-meta-social-circle-ga-2,2013-08-23,2,33.279152602371866,0.7048073866929424,0.9809181526215722,0.1758277278390917
wh-meta-social-circle-ga-2,2013-08-23,3,31.754486310803745,0.7656325495706605,0.9825820772642228,0.148351719773334
wh-meta-social-circle-ga-2,2013-08-23,4,30.8784495750766,0.8203676966716005,0.9850465973245904,0.148273955361454
wh-meta-social-circle-ga-2,2013-09-08,0,35.73290333356561,0.6638789714562022,0.9801233115399126,0.1444605128047406
wh-meta-social-circle-ga-2,2013-09-08,1,34.52448443527879,0.6877309854993656,0.9776475551927448,0.159541545363374
wh-meta-social-circle-ga-2,2013-09-08,2,33.9199553896189,0.7295202725223513,0.9817062602837526,0.1416702890198642
wh-meta-social-circle-ga-2,2013-09-08,3,34.83221213962081,0.7184504093164837,0.9821446397581608,0.1374108012906537
wh-meta-social-circle-ga-2,2013-09-08,4,33.01634609138654,0.7796098419093385,0.9842296199400352,0.128019352249241
wh-meta-social-circle-ga-2,2013-10-10,0,26.59922468532044,0.6990771035143476,0.9799865959099848,0.1382167154676233
wh-meta-social-circle-ga-2,2013-10-10,1,26.784367212000795,0.6538752806118239,0.9767446278623352,0.1492341356892385
wh-meta-social-circle-ga-2,2013-10-10,2,26.159560997349452,0.7093826731899373,0.9807630524301256,0.1333197453321182
wh-meta-social-circle-ga-2,2013-10-10,3,26.69653600476867,0.7022489347415186,0.9811074890546488,0.1321611063284203
wh-meta-social-circle-ga-2,2013-10-10,4,25.43995189944968,0.7632484329920781,0.9831586436321412,0.117115167688882
wh-meta-social-circle-ga-2,2013-10-26,0,17.4767260188574,0.6728275942456889,0.9795485981181018,0.1355103685312158
wh-meta-social-circle-ga-2,2013-10-26,1,17.798622077054134,0.6102484465972183,0.976236288680412,0.151019321420899
wh-meta-social-circle-ga-2,2013-10-26,2,17.09102532688173,0.6697439286593814,0.9801392376881106,0.1309235000882566
wh-meta-social-circle-ga-2,2013-10-26,3,17.50919305686386,0.6704679883596725,0.980560125855374,0.1247962332065859
wh-meta-social-circle-ga-2,2013-10-26,4,16.16686334651092,0.7293892603437198,0.9825968178373334,0.113759525522257
wh-meta-social-circle-ga-2,2013-11-11,0,18.94456020344124,0.6177863954902251,0.9798966152964392,0.1354691210684036
wh-meta-social-circle-ga-2,2013-11-11,1,19.010516677732618,0.5586162270880999,0.9764841750637452,0.1515525484112797
wh-meta-social-circle-ga-2,2013-11-11,2,18.590558457011436,0.6038154677377668,0.98031850903664,0.1302391110220561
wh-meta-social-circle-ga-2,2013-11-11,3,18.872448019435385,0.604526839867008,0.980731819297535,0.1221966615233014
wh-meta-social-circle-ga-2,2013-11-11,4,17.88248106102696,0.6573598060054006,0.982738032247462,0.112840569293275
wh-meta-social-circle-ga-2,2013-11-27,0,6.609093463747011,0.562316300505684,0.9778066395822136,0.1443793215258547
wh-meta-social-circle-ga-2,2013-11-27,1,6.437303942850806,0.4661449557138793,0.9733231223849628,0.180816815196755
wh-meta-social-circle-ga-2,2013-11-27,2,5.647693471967058,0.576089509487485,0.9796236427236718,0.1125837065365287
wh-meta-social-circle-ga-2,2013-11-27,3,6.0683767950652925,0.572652883532313,0.9806204380490604,0.1170356111951609
wh-meta-social-circle-ga-2,2013-11-27,4,6.098607821224989,0.5765155451068015,0.9804202038276744,0.1132927435756681
wh-meta-social-circle-ga-2,2013-12-13,0,11.01334412192299,0.5171218883891037,0.9776416652657668,0.1159033225365406
wh-meta-social-circle-ga-2,2013-12-13,1,11.021066329908557,0.4854800505117068,0.9749824787172652,0.1299265136137069
wh-meta-social-circle-ga-2,2013-12-13,2,10.758961947750851,0.5132383405324219,0.9783457441822242,0.1124744693078233
wh-meta-social-circle-ga-2,2013-12-13,3,11.159667839177974,0.5035217003007889,0.9785552122525432,0.1075008689322151
wh-meta-social-circle-ga-2,2013-12-13,4,10.225840486394471,0.5554459037588058,0.9805606165618078,0.0993884655144102
wh-meta-social-circle-ga-2,2014-01-14,0,14.367485925896151,0.4999593061450406,0.9781136691009118,0.1162726655140478
wh-meta-social-circle-ga-2,2014-01-14,1,14.27050931916041,0.469404146118396,0.9754394720135594,0.129642908441036
wh-meta-social-circle-ga-2,2014-01-14,2,14.167027408303682,0.5020713912191549,0.9789340518676524,0.1103791437689234
wh-meta-social-circle-ga-2,2014-01-14,3,14.472273893599846,0.496304306833165,0.9791710336413638,0.104982274182273
wh-meta-social-circle-ga-2,2014-01-14,4,14.053386990093005,0.550412097269638,0.9811843502768728,0.0953792087098014
wh-meta-social-circle-ga-2,2014-01-30,0,3.0009526363732544,0.388366587252094,0.9755410959713212,0.1458642554288563
wh-meta-social-circle-ga-2,2014-01-30,1,2.6031614641861345,0.3683856316468499,0.9750024431327996,0.1582221443379124
wh-meta-social-circle-ga-2,2014-01-30,2,2.5567267343251516,0.3933655883526418,0.9770693714087304,0.1444602526472322
wh-meta-social-circle-ga-2,2014-01-30,3,2.7393276232504795,0.3657114265783209,0.97690813101178,0.1485651468139652
wh-meta-social-circle-ga-2,2014-01-30,4,1.8959619840709736,0.4089822564062449,0.9787170655280072,0.1379849805143983
wh-meta-social-circle-ga-2,2014-02-15,0,9.073304360921036,0.4632283163853443,0.9772662717962082,0.1288129547279256
wh-meta-social-circle-ga-2,2014-02-15,1,8.965859389706738,0.4347543872665984,0.9745750426665218,0.1405153228345563
wh-meta-social-circle-ga-2,2014-02-15,2,8.597857557761634,0.4692897356545147,0.9776405526377712,0.1211359062702245
wh-meta-social-circle-ga-2,2014-02-15,3,9.096624582044006,0.4622774479906555,0.9778124403043834,0.1165653909642845
wh-meta-social-circle-ga-2,2014-02-15,4,8.39736971839623,0.5134660296645929,0.9798116594113282,0.1062099037551391
wh-meta-social-circle-ga-2,2014-04-20,0,23.805245886311777,0.6612386018787781,0.9793525367364116,0.141400830664107
wh-meta-social-circle-ga-2,2014-04-20,1,24.064351596014394,0.6282884095817507,0.976333676116619,0.1714042103896402
wh-meta-social-circle-ga-2,2014-04-20,2,23.806434620759585,0.6567048731361419,0.980416343075776,0.1482221245229099
wh-meta-social-circle-ga-2,2014-04-20,3,24.378527643121128,0.6656981869234658,0.9807597163755868,0.1422203318801392
wh-meta-social-circle-ga-2,2014-04-20,4,23.407272892477963,0.6973831910955858,0.9824666728101962,0.1338097080754811
wh-meta-social-circle-ga-2,2014-05-06,0,33.53723775581798,0.7034550821813456,0.9809566023162516,0.1668083657580596
wh-meta-social-circle-ga-2,2014-05-06,1,33.699832730911325,0.6780694189549544,0.9777346639364988,0.1822724526852442
wh-meta-social-circle-ga-2,2014-05-06,2,33.76571156490258,0.6984066658807182,0.9814504793469252,0.1658663102990758
wh-meta-social-circle-ga-2,2014-05-06,3,34.27060303719624,0.7030057533332288,0.9820040185052334,0.1578244636299303
wh-meta-social-circle-ga-2,2014-05-06,4,32.672159371682675,0.7572133918722441,0.9840675011796984,0.1520677793221873
wh-meta-social-circle-ga-2,2014-05-22,0,33.1852988356467,0.6957116449659994,0.9802413381372752,0.1690999344564895
wh-meta-social-circle-ga-2,2014-05-22,1,33.23329949239495,0.6621079013580504,0.9770623606456073,0.185040034712329
wh-meta-social-circle-ga-2,2014-05-22,2,33.02261219092097,0.6980576726302765,0.9808701755043496,0.1671611836371719
wh-meta-social-circle-ga-2,2014-05-22,3,33.70347043641832,0.6900501462939032,0.981219543258652,0.1595300130946968
wh-meta-social-circle-ga-2,2014-05-22,4,32.03853818437107,0.7595608878552758,0.983503082686496,0.1546606347304567
wh-meta-social-circle-ga-2,2014-06-23,0,34.924418490482864,0.6447075682572052,0.9770968759606532,0.1891717299470682
wh-meta-social-circle-ga-2,2014-06-23,1,34.328593725283476,0.622589210685293,0.9754952364721982,0.2106059715065555
wh-meta-social-circle-ga-2,2014-06-23,2,32.7741886833349,0.7045716985641667,0.9806802340739252,0.1814025336907927
wh-meta-social-circle-ga-2,2014-06-23,3,34.48164666158859,0.6900381271195806,0.9806987123510827,0.1731868701380442
wh-meta-social-circle-ga-2,2014-06-23,4,33.3072560613214,0.7480275301084509,0.983248672892133,0.166534123102796
wh-meta-social-circle-ga-2,2014-07-09,0,19.622412790785923,0.6954379026517984,0.9815506253762292,0.160258026662765
wh-meta-social-circle-ga-2,2014-07-09,1,22.21879657740291,0.4898722803733521,0.9733426577447856,0.1882420025646924
wh-meta-social-circle-ga-2,2014-07-09,2,21.378813318321235,0.6936174316321903,0.9814238362313672,0.1228972097181579
wh-meta-social-circle-ga-2,2014-07-09,3,25.003069913557276,0.6781094943734896,0.981116070834544,0.1422291526282554
wh-meta-social-circle-ga-2,2014-07-09,4,23.942377381374687,0.7394202366370206,0.982811746255783,0.1449338627709036
wh-meta-social-circle-ga-2,2014-07-25,0,33.73143630389926,0.7164877638883127,0.9809052758556448,0.1724929142680955
wh-meta-social-circle-ga-2,2014-07-25,1,32.748786832141874,0.6852446704126671,0.977647451593352,0.1811141262153353
wh-meta-social-circle-ga-2,2014-07-25,2,31.349969515049903,0.7075022348481764,0.9812694437091092,0.1761595675428067
wh-meta-social-circle-ga-2,2014-07-25,3,32.39664537418853,0.7330115322779797,0.9821945461355134,0.1612544197911251
wh-meta-social-circle-ga-2,2014-07-25,4,30.54649880107335,0.7889635328106421,0.9840723491091338,0.1587724464281489
wh-meta-social-circle-ga-2,2014-08-26,0,32.01402523944238,0.6675396705275909,0.9795705963938964,0.1669378623144112
wh-meta-social-circle-ga-2,2014-08-26,1,30.54427126288179,0.6955979786101691,0.9796262150560104,0.1904986545905018
wh-meta-social-circle-ga-2,2014-08-26,2,30.829139781210134,0.7057455177246669,0.9812153285785196,0.168993865242005
wh-meta-social-circle-ga-2,2014-08-26,3,31.20758643232183,0.7032981606647543,0.9808234052863848,0.1626111059123088
wh-meta-social-circle-ga-2,2014-08-26,4,30.239595872821234,0.7507415313453503,0.9828167377195528,0.1485637117478677
wh-meta-social-circle-ga-2,2014-09-11,0,24.83444626574065,0.5485811077983762,0.9744464621352872,0.2135089729765874
wh-meta-social-circle-ga-2,2014-09-11,1,24.504204596579335,0.5676499299948,0.9740506943401224,0.2180607106416663
wh-meta-social-circle-ga-2,2014-09-11,2,22.541419226651417,0.6635768578816811,0.9799780401904408,0.1665172694177073
wh-meta-social-circle-ga-2,2014-09-11,3,23.496641204289297,0.6744953575774896,0.9806740745648576,0.1635139897107222
wh-meta-social-circle-ga-2,2014-09-11,4,23.093927368311757,0.71604728060703,0.9829290846330836,0.1552470649220145
wh-meta-social-circle-ga-2,2014-09-27,0,18.620514889109337,0.6509055221534872,0.977186194522496,0.1327640672273096
wh-meta-social-circle-ga-2,2014-09-27,1,19.16052098319334,0.6843880177892764,0.9772796017604188,0.1746351589081078
wh-meta-social-circle-ga-2,2014-09-27,2,19.718324760199188,0.6232188592043861,0.979114835811132,0.1879401005192673
wh-meta-social-circle-ga-2,2014-09-27,3,19.42472774777898,0.6029057642979074,0.9789290995527768,0.1667214667851347
wh-meta-social-circle-ga-2,2014-09-27,4,17.21583721685812,0.6256492210765123,0.981027927927928,0.1683234661308183
wh-meta-social-circle-ga-2,2014-10-13,0,23.391384867794503,0.5788692220354928,0.9795495389764968,0.2398341039825938
wh-meta-social-circle-ga-2,2014-10-13,1,23.8756333134311,0.616863978394621,0.9783003876516776,0.1794982647416863
wh-meta-social-circle-ga-2,2014-10-13,2,22.9432058643951,0.5154885200030322,0.977293433416736,0.1958208644559455
wh-meta-social-circle-ga-2,2014-10-13,3,24.298220977861195,0.5763625707730953,0.9734443593117068,0.1617157501538113
wh-meta-social-circle-ga-2,2014-10-13,4,22.760173753109548,0.6254351316902833,0.9797238726270404,0.1553939565011938
wh-meta-social-circle-ga-2,2014-11-30,0,18.1819030042485,0.4837108262090465,0.9779207042140023,0.1682002767133726
wh-meta-social-circle-ga-2,2014-11-30,1,17.546467023145308,0.441889375908779,0.9753120642143884,0.170344090689015
wh-meta-social-circle-ga-2,2014-11-30,2,17.306428574431525,0.4876355793594414,0.9790391984829628,0.137563731459929
wh-meta-social-circle-ga-2,2014-11-30,3,17.201173179096667,0.4794883937287865,0.9787622431601938,0.1326352178073213
wh-meta-social-circle-ga-2,2014-11-30,4,16.528286164445515,0.5179636867705821,0.9803640611080268,0.1135605534917017
wh-meta-social-circle-ga-2,2014-12-16,0,17.006759156717887,0.6126076629446073,0.9803962754580448,0.0809348975619729
wh-meta-social-circle-ga-2,2014-12-16,1,17.301637134823117,0.5012705479913863,0.9781347763875626,0.1191610774511133
wh-meta-social-circle-ga-2,2014-12-16,2,16.836737157091537,0.4837175441723123,0.9779055469453412,0.1432852724299472
wh-meta-social-circle-ga-2,2014-12-16,3,17.520597298016497,0.5016131598823489,0.9787676278574278,0.1286355208819337
wh-meta-social-circle-ga-2,2014-12-16,4,16.766106444071234,0.5480580136620846,0.9802045821964396,0.0928318259050301
wh-meta-social-circle-ga-2,2015-01-01,0,5.430620709695003,0.4980529736363768,0.9781744094208744,0.1265831454476365
wh-meta-social-circle-ga-2,2015-01-01,1,5.050492387991386,0.4600151558803018,0.9771743353291517,0.1243674293578481
wh-meta-social-circle-ga-2,2015-01-01,2,5.073582138158095,0.4572997779659796,0.9780909344600824,0.1226212418948442
wh-meta-social-circle-ga-2,2015-01-01,3,5.082063367668976,0.4523908209431361,0.977179501368566,0.1266632673345375
wh-meta-social-circle-ga-2,2015-01-01,4,4.386650769557728,0.474154299440538,0.97849159916309,0.1179149584224186
wh-meta-social-circle-ga-2,2015-01-17,1,4.659792710000005,0.4079299811748869,0.9814,0.1122024075
wh-meta-social-circle-ga-2,2015-01-17,2,5.28183307043841,0.4650018713527371,0.9787216228419082,0.1023034707572581
wh-meta-social-circle-ga-2,2015-01-17,3,7.911801517717966,0.465716375240071,0.9790054284875632,0.1098906644248683
wh-meta-social-circle-ga-2,2015-01-17,4,8.452085968930431,0.5073110275488925,0.980282819465738,0.102218739841528
wh-meta-social-circle-ga-2,2015-02-18,0,6.036731585291511,0.4717211261214902,0.9778110760255696,0.1440967252494808
wh-meta-social-circle-ga-2,2015-02-18,1,5.01119133141965,0.4205961460583952,0.9747718660484378,0.1578332649989771
wh-meta-social-circle-ga-2,2015-02-18,2,4.2896864494633675,0.4475436869354608,0.9787978272855352,0.1448442104566137
wh-meta-social-circle-ga-2,2015-02-18,3,4.018412724356035,0.4401604197438671,0.9790968200943212,0.1463543970196192
wh-meta-social-circle-ga-2,2015-02-18,4,3.5886719453969755,0.4527603414202201,0.9798117920642572,0.1388542520819241
wh-meta-social-circle-ga-2,2015-04-07,0,17.494613174545474,0.5310788654126395,0.9795909090909092,0.1625968074999999
wh-meta-social-circle-ga-2,2015-04-07,1,20.481452414575116,0.4419992450279427,0.9694089689075106,0.2159278213007404
wh-meta-social-circle-ga-2,2015-04-07,2,20.786265908212325,0.4606973480299219,0.9729123265355708,0.1977389008880164
wh-meta-social-circle-ga-2,2015-04-07,3,22.780349135387,0.5733272463460279,0.9768371164615632,0.1722161667162296
wh-meta-social-circle-ga-2,2015-04-07,4,20.70044413607498,0.5436515761830479,0.9794017744786842,0.1708492900208072
wh-meta-social-circle-ga-2,2015-04-23,0,11.025776224890494,0.6659892534050812,0.9794689518712204,0.1764130139595042
wh-meta-social-circle-ga-2,2015-04-23,1,10.981366724042555,0.6529115085145388,0.9766602724828656,0.1870917275105797
wh-meta-social-circle-ga-2,2015-04-23,2,10.535903305202176,0.6594003589090298,0.9800067292549148,0.1709894619311333
wh-meta-social-circle-ga-2,2015-04-23,3,10.34467882371436,0.6766923077008348,0.9810043393144228,0.1635498951917596
wh-meta-social-circle-ga-2,2015-04-23,4,10.035849471968856,0.6952294423704705,0.9822763327149294,0.158312445827086
wh-meta-social-circle-ga-2,2015-05-09,0,17.759645167740985,0.7259188349146749,0.9822772049193904,0.1685624346344328
wh-meta-social-circle-ga-2,2015-05-09,1,23.639246122660193,0.6268055106172273,0.9771376985752906,0.1929016466177027
wh-meta-social-circle-ga-2,2015-05-09,2,23.81392802715007,0.70920543154621,0.9818247163501822,0.1612339135229248
wh-meta-social-circle-ga-2,2015-05-09,3,25.06346905038518,0.7074339355818026,0.9821459096620576,0.1601454645743701
wh-meta-social-circle-ga-2,2015-05-09,4,21.854368501532235,0.7428358812700037,0.9840378315960232,0.1614103368283223
wh-meta-social-circle-ga-2,2015-05-25,0,29.799631213632075,0.6969890765017671,0.9801959587790008,0.1371717791244626
wh-meta-social-circle-ga-2,2015-05-25,1,30.17910671946296,0.6095281745936981,0.9776620119222388,0.1795250148381045
wh-meta-social-circle-ga-2,2015-05-25,2,31.14707827155584,0.6169086015796362,0.9777814083484322,0.2032788905471697
wh-meta-social-circle-ga-2,2015-05-25,3,27.824842494285036,0.7304101297276725,0.9832570566288408,0.1908542736692318
wh-meta-social-circle-ga-2,2015-05-25,4,27.02407980614952,0.7047800746840536,0.9828533360942028,0.1722973588950933
wh-meta-social-circle-ga-2,2015-06-26,1,29.740218670814517,0.7731150877529123,0.9829098993978383,0.1856110610516977
wh-meta-social-circle-ga-2,2015-06-26,2,32.26694437211156,0.7645168727121321,0.982121050436266,0.1688386824769693
wh-meta-social-circle-ga-2,2015-06-26,3,32.41886824976686,0.7645419736033703,0.9825524210907316,0.1707426471078954
wh-meta-social-circle-ga-2,2015-06-26,4,31.66348512774093,0.7682001846609662,0.9833135350504316,0.1636808717079596
wh-meta-social-circle-ga-2,2015-07-12,0,17.308094596382475,0.551222389225336,0.972912847922207,0.1243549341999695
wh-meta-social-circle-ga-2,2015-07-12,1,18.5212841841163,0.6402186975456767,0.9706590615284346,0.1074142824587201
wh-meta-social-circle-ga-2,2015-07-12,2,22.772106078280142,0.6868870887495101,0.9798199727303112,0.1091472823769206
wh-meta-social-circle-ga-2,2015-07-12,3,24.71748487767281,0.7133387022933477,0.9809003575714426,0.1116059777932452
wh-meta-social-circle-ga-2,2015-07-12,4,25.296674634464537,0.7674612765232549,0.9841693074896614,0.1175520017440284
wh-meta-social-circle-ga-2,2015-07-28,0,37.735983827322336,0.6921643353156747,0.9804308777493564,0.1686532908227281
wh-meta-social-circle-ga-2,2015-07-28,1,37.66202857634365,0.7012803083258037,0.9776860399498996,0.177639086036936
wh-meta-social-circle-ga-2,2015-07-28,2,37.63218828838505,0.7202896680865931,0.9812180339003248,0.157528774795313
wh-meta-social-circle-ga-2,2015-07-28,3,38.504508596549904,0.7217219208737065,0.9819046337143034,0.1475387884106145
wh-meta-social-circle-ga-2,2015-07-28,4,36.684608459400714,0.7743190099759216,0.983964413223122,0.1403959498535796
wh-meta-social-circle-ga-2,2015-08-13,0,27.9822907232235,0.6935964729438333,0.9802805333744244,0.1717505345811066
wh-meta-social-circle-ga-2,2015-08-13,1,28.7802604338106,0.6551206711933445,0.977025593389445,0.1938307507987926
wh-meta-social-circle-ga-2,2015-08-13,2,27.493886449395028,0.7033310255248882,0.9807821245393968,0.1610330163271787
wh-meta-social-circle-ga-2,2015-08-13,3,26.76327202655976,0.709476600134153,0.9811177473652622,0.1563250512553035
wh-meta-social-circle-ga-2,2015-08-13,4,25.242882364546816,0.7538589208640182,0.982671388303384,0.1502753857626894
wh-meta-social-circle-ga-2,2015-09-14,0,26.152186052298124,0.7462599453125555,0.9811230684652676,0.1450129631408649
wh-meta-social-circle-ga-2,2015-09-14,1,26.36318646976875,0.7170258992498184,0.9778067849047912,0.1613119744382742
wh-meta-social-circle-ga-2,2015-09-14,2,26.045779436247567,0.746624762922187,0.9816501705402232,0.1393560800502413
wh-meta-social-circle-ga-2,2015-09-14,3,26.546633835586675,0.7482284748730381,0.9821939167324908,0.1325993849066414
wh-meta-social-circle-ga-2,2015-09-14,4,25.263976702094144,0.7912732268634229,0.9840460032537428,0.1253294222462982
wh-meta-social-circle-ga-2,2015-09-30,3,18.30281954000003,,0.9776,0.0991600925
wh-meta-social-circle-ga-2,2015-09-30,4,18.30281954000003,,0.9776,0.0991600925
wh-meta-social-circle-ga-2,2015-10-16,0,26.720031970495544,0.6583139046872571,0.9790156948981578,0.1347778446000513
wh-meta-social-circle-ga-2,2015-10-16,1,26.677533472506543,0.6443590683542886,0.9763736165276082,0.1477197345644176
wh-meta-social-circle-ga-2,2015-10-16,2,26.246527679765578,0.6898429165072238,0.980145388911421,0.127638583785925
wh-meta-social-circle-ga-2,2015-10-16,3,26.58890027523881,0.6920099098398371,0.9806385487310668,0.1255763690045628
wh-meta-social-circle-ga-2,2015-10-16,4,25.79201550229437,0.7295662452959124,0.9823800740685312,0.1135138572727895
wh-meta-social-circle-ga-2,2015-11-17,0,21.117678067735127,0.6365681231839976,0.9802717333721024,0.1432735908174348
wh-meta-social-circle-ga-2,2015-11-17,1,21.363342728536423,0.5610769177975283,0.9764430429112976,0.1614118787866686
wh-meta-social-circle-ga-2,2015-11-17,2,21.074189259871105,0.6106417666817795,0.9803671538457166,0.1305791116921128
wh-meta-social-circle-ga-2,2015-11-17,3,21.085227987283947,0.6245635579017473,0.9809257291939504,0.1254742950027265
wh-meta-social-circle-ga-2,2015-11-17,4,19.881161716388757,0.6334644469652645,0.9822425650280794,0.1217346047378628
wh-meta-social-circle-ga-2,2015-12-19,0,9.623590835292031,0.620827531289972,0.9782844580735456,0.1251850720301818
wh-meta-social-circle-ga-2,2015-12-19,1,9.61056028337691,0.5252132328090011,0.9748777568430824,0.1356322193773884
wh-meta-social-circle-ga-2,2015-12-19,2,9.439144795288842,0.5623162561795313,0.9785415964338388,0.1150244253332737
wh-meta-social-circle-ga-2,2015-12-19,3,9.74393160871544,0.5658641479889484,0.9788488389158392,0.1090113201766177
wh-meta-social-circle-ga-2,2015-12-19,4,9.18359440663414,0.5975511779674568,0.980568577524664,0.0998066891228516
wh-meta-social-circle-ga-2,2016-01-04,0,10.065992125934052,0.61447012746945,0.978207016561368,0.1263364642909085
wh-meta-social-circle-ga-2,2016-01-04,1,9.925379825024324,0.5273569822227946,0.974994725427918,0.1335995868487065
wh-meta-social-circle-ga-2,2016-01-04,2,9.762276544020068,0.5580805899314771,0.9785134018631322,0.1154395055080137
wh-meta-social-circle-ga-2,2016-01-04,3,10.058708916966998,0.5638970825175925,0.9788538418970868,0.1097743165643063
wh-meta-social-circle-ga-2,2016-01-04,4,9.557401614687286,0.5864369489934337,0.9806079027285124,0.09969400032563
wh-meta-social-circle-ga-2,2016-02-05,0,10.82816445171737,0.5466093019985351,0.978838156175,0.1250174517624673
wh-meta-social-circle-ga-2,2016-02-05,1,10.931008662264333,0.493299354184975,0.9756567236615352,0.1392769366177188
wh-meta-social-circle-ga-2,2016-02-05,2,10.63596664126208,0.5212516636186814,0.9792240017112208,0.1211528299910836
wh-meta-social-circle-ga-2,2016-02-05,3,10.953917276385114,0.5281111009104407,0.9796992005642032,0.1156123839955079
wh-meta-social-circle-ga-2,2016-02-05,4,10.245527774034867,0.5533411300016686,0.9815095485148944,0.1055173392613317
wh-meta-social-circle-ga-2,2016-03-08,0,18.913418296545014,0.4976486622680864,0.977816033839624,0.146851187788032
wh-meta-social-circle-ga-2,2016-03-08,1,19.272830027906632,0.4570919941994579,0.975103267154606,0.1605517132387286
wh-meta-social-circle-ga-2,2016-03-08,2,19.048775075966788,0.485328361466689,0.9785142001431748,0.1451075264101688
wh-meta-social-circle-ga-2,2016-03-08,3,18.32281719998664,0.491524993903301,0.9789598786884726,0.1395029287718854
wh-meta-social-circle-ga-2,2016-03-08,4,15.981964653175943,0.4986182375453464,0.9803411855013848,0.1309216823578805
wh-meta-social-circle-ga-2,2016-03-24,0,15.993034285862704,0.5254356938744531,0.9803218107411714,0.1721986006378517
wh-meta-social-circle-ga-2,2016-03-24,1,18.253001896305587,0.5472236097128507,0.9799503787911212,0.1813385444747751
wh-meta-social-circle-ga-2,2016-03-24,2,19.14210422054688,0.452583575609731,0.9781610910843096,0.1827093787264164
wh-meta-social-circle-ga-2,2016-03-24,3,18.68866769263737,0.4733796970656697,0.9784790605924848,0.1551976284503483
wh-meta-social-circle-ga-2,2016-03-24,4,20.297867981086412,0.5127811226296265,0.9806540837407236,0.1459622810253038
wh-meta-social-circle-ga-2,2016-04-09,0,19.559354131193263,0.6934475983435231,0.9808522451464572,0.1498980104917035
wh-meta-social-circle-ga-2,2016-04-09,1,19.650827755045388,0.653889308595882,0.9774700445419124,0.1666818502671264
wh-meta-social-circle-ga-2,2016-04-09,2,19.402793328008475,0.6875636764044972,0.9813455082035968,0.1496814198933029
wh-meta-social-circle-ga-2,2016-04-09,3,20.085032424122225,0.6932980004516959,0.9819176813211864,0.1433197214426604
wh-meta-social-circle-ga-2,2016-04-09,4,19.21524382457596,0.7218033492498437,0.9836815522769374,0.1341803483199229
wh-meta-social-circle-ga-2,2016-04-25,0,25.16432505233359,0.6929297226577898,0.981372563915003,0.172527539450038
wh-meta-social-circle-ga-2,2016-04-25,1,25.375767750814894,0.6747279461441855,0.9781540200552216,0.1832675506970824
wh-meta-social-circle-ga-2,2016-04-25,2,24.75899395174669,0.7135098503546181,0.9821759593942654,0.1652092204989953
wh-meta-social-circle-ga-2,2016-04-25,3,24.76107072768926,0.7164687209937504,0.9827986125822202,0.1583761759726334
wh-meta-social-circle-ga-2,2016-04-25,4,24.141020495409297,0.7555930430678729,0.9846825854131368,0.1486792151819716
wh-meta-social-circle-ga-2,2016-05-11,0,30.02433208098031,0.6673507083455331,0.9795403349397744,0.1773845515970614
wh-meta-social-circle-ga-2,2016-05-11,1,30.51777687606504,0.6384521506479162,0.9768900073051776,0.2137960719593407
wh-meta-social-circle-ga-2,2016-05-11,2,30.31213131159626,0.693937243078857,0.9815048206379494,0.1862658904713116
wh-meta-social-circle-ga-2,2016-05-11,3,30.600296856912113,0.6877063537915029,0.9819137232144696,0.1752231202316239
wh-meta-social-circle-ga-2,2016-05-11,4,29.073230271108443,0.7402759325366062,0.9840311076847214,0.1679016314839422
wh-meta-social-circle-ga-2,2016-06-12,0,40.46215981763571,0.6604078588983022,0.9799647728047176,0.1722082667872575
wh-meta-social-circle-ga-2,2016-06-12,1,40.014758151237714,0.6387359956043709,0.977001128923214,0.1839493801472214
wh-meta-social-circle-ga-2,2016-06-12,2,38.587087633950304,0.6938332264927305,0.980755045894758,0.163244073574651
wh-meta-social-circle-ga-2,2016-06-12,3,39.43309395278425,0.6883637266716007,0.9815074753155478,0.1576652608757863
wh-meta-social-circle-ga-2,2016-06-12,4,37.29778037289616,0.744715197161841,0.9835875533639032,0.1520185511311429
wh-meta-social-circle-ga-2,2016-06-28,0,36.727420149258265,0.5888312283767386,0.9746625232616312,0.2015147752746373
wh-meta-social-circle-ga-2,2016-06-28,1,37.47868418502925,0.540628124554451,0.9728442497765863,0.2302049105005472
wh-meta-social-circle-ga-2,2016-06-28,2,35.68977684875792,0.6489924942374427,0.9800274835388826,0.194189156103532
wh-meta-social-circle-ga-2,2016-06-28,3,37.68732828335901,0.6466138957580101,0.9812423314626552,0.1803835468032966
wh-meta-social-circle-ga-2,2016-06-28,4,34.2778424894331,0.7190032668317142,0.9832831522494616,0.166193906592471
wh-meta-social-circle-ga-2,2016-07-14,0,38.41982507313459,0.6526139993204466,0.9799914305965092,0.1620943699448196
wh-meta-social-circle-ga-2,2016-07-14,1,38.691128661674696,0.6354914865167294,0.9771115166816354,0.176484416623523
wh-meta-social-circle-ga-2,2016-07-14,2,37.77449645361493,0.6792471580311967,0.981025927259698,0.1561911255132522
wh-meta-social-circle-ga-2,2016-07-14,3,38.606045915169254,0.6736291824840346,0.9814157819201252,0.148658990403849
wh-meta-social-circle-ga-2,2016-07-14,4,36.32259481146922,0.7473991490078976,0.98378061539947,0.1429234039875558
wh-meta-social-circle-ga-2,2016-07-30,0,34.58704621993619,0.7248008007622107,0.98001132228063,0.1493389990425585
wh-meta-social-circle-ga-2,2016-07-30,1,35.461100877326,0.7084944266538103,0.9776605112897946,0.1873714787552474
wh-meta-social-circle-ga-2,2016-07-30,2,34.73620966366505,0.7300243567085214,0.9807858881493402,0.1729643601752676
wh-meta-social-circle-ga-2,2016-07-30,3,34.59120872868979,0.7415079516824691,0.9818161866378136,0.1677725223880116
wh-meta-social-circle-ga-2,2016-07-30,4,33.250462442483695,0.7995110658603265,0.9842207622394836,0.1586551107421328
wh-meta-social-circle-ga-2,2016-08-15,0,35.8108730996335,0.6832959257379219,0.9787956258890482,0.1386231336740861
wh-meta-social-circle-ga-2,2016-08-15,1,35.172972267896796,0.6948482799461062,0.977930235448628,0.1726132006564225
wh-meta-social-circle-ga-2,2016-08-15,2,35.088435245515676,0.7328607368166093,0.98171714400905,0.159395913464487
wh-meta-social-circle-ga-2,2016-08-15,3,34.9648117520487,0.7238274151646261,0.982471068040874,0.1511199025426911
wh-meta-social-circle-ga-2,2016-08-15,4,33.94863925509925,0.768795257888662,0.9840477260574992,0.141610594647784
wh-meta-social-circle-ga-2,2016-08-31,0,30.27109979730489,0.5549012440521442,0.9791667889704248,0.1420271304172225
wh-meta-social-circle-ga-2,2016-08-31,1,31.23300587310156,0.7193025356576792,0.975491924620508,0.1598753492553522
wh-meta-social-circle-ga-2,2016-08-31,2,32.36608604184808,0.7178141524840844,0.9814567926757672,0.1468416928560933
wh-meta-social-circle-ga-2,2016-08-31,3,32.75815224862511,0.7159818618255834,0.9820210165249784,0.1443198270203185
wh-meta-social-circle-ga-2,2016-08-31,4,31.445349050426973,0.7567918312406366,0.98335564379743,0.1405999703190566
wh-meta-social-circle-ga-2,2016-09-16,0,31.23227651781367,0.637799658328436,0.981610278822748,0.179582250870104
wh-meta-social-circle-ga-2,2016-09-16,1,33.66380082359424,0.5997034565576064,0.977543512750262,0.177825816869587
wh-meta-social-circle-ga-2,2016-09-16,2,33.19655620229365,0.6407801281784128,0.9798313357106688,0.1444216499895766
wh-meta-social-circle-ga-2,2016-09-16,3,33.95094415209314,0.6080996916460333,0.978365423656682,0.1625538560519492
wh-meta-social-circle-ga-2,2016-09-16,4,32.64002214675771,0.6857008303450103,0.9826776075023408,0.1508905621592946
wh-meta-social-circle-ga-2,2016-10-02,0,29.62833595071252,0.6298936609720802,0.9787269085903026,0.1428216363142839
wh-meta-social-circle-ga-2,2016-10-02,1,28.151657093794466,0.5972418389400718,0.9759794837621192,0.1641807689119756
wh-meta-social-circle-ga-2,2016-10-02,2,26.212942576356344,0.633911770362878,0.9795492092303972,0.1439584475259877
wh-meta-social-circle-ga-2,2016-10-02,3,27.883116132433756,0.6226875799025126,0.9799924731154226,0.1381946123052116
wh-meta-social-circle-ga-2,2016-10-02,4,27.2495247056129,0.6836501833452907,0.9819658861256568,0.1266235025486737
wh-meta-social-circle-ga-2,2016-10-18,0,32.29994955061234,0.6154170306002412,0.9794919580912036,0.1361927853411903
wh-meta-social-circle-ga-2,2016-10-18,1,32.13324790960226,0.5768425570221083,0.9763483595521262,0.1606594235451832
wh-meta-social-circle-ga-2,2016-10-18,2,31.76786709195659,0.6208081491665361,0.9801540104224702,0.1364986666788495
wh-meta-social-circle-ga-2,2016-10-18,3,32.675294190369684,0.6140686277145714,0.9808731714389456,0.1322075079769498
wh-meta-social-circle-ga-2,2016-10-18,4,31.05221823863372,0.6733544580061858,0.9827842910080706,0.1200505323437671
wh-meta-social-circle-ga-2,2016-11-03,0,29.531000735346705,0.5840429604234756,0.9794483046111476,0.1339800305295279
wh-meta-social-circle-ga-2,2016-11-03,1,29.63260944565885,0.5584879160614252,0.9765116299674226,0.1534439571631642
wh-meta-social-circle-ga-2,2016-11-03,2,29.255062005390243,0.5900290697841075,0.980298668324063,0.1355265387749653
wh-meta-social-circle-ga-2,2016-11-03,3,29.87979585674105,0.5787392511047471,0.9805931976592196,0.1314447085789926
wh-meta-social-circle-ga-2,2016-11-03,4,28.569740334726852,0.6347260977979787,0.98276715435194,0.1203456189784147
wh-meta-social-circle-ga-2,2016-11-19,0,19.96449313802827,0.5458388960003365,0.9786841288159304,0.1304799332217499
wh-meta-social-circle-ga-2,2016-11-19,1,19.930402608467617,0.5132266224294478,0.9758185288901464,0.1513539695526727
wh-meta-social-circle-ga-2,2016-11-19,2,19.792158589778342,0.5495211692825634,0.979532592419243,0.1321432774271361
wh-meta-social-circle-ga-2,2016-11-19,3,20.381046833234308,0.542204629543565,0.979770842030147,0.1268871686749088
wh-meta-social-circle-ga-2,2016-11-19,4,19.497725968651753,0.5902345518112198,0.9819251404552248,0.1180498372475179
wh-meta-social-circle-ga-2,2016-12-21,0,12.672493801567684,0.5046959310096039,0.9778429801405716,0.1109970629626142
wh-meta-social-circle-ga-2,2016-12-21,1,12.626484091455357,0.4672096081052467,0.9750842647393044,0.1288364694788511
wh-meta-social-circle-ga-2,2016-12-21,2,12.295659150098215,0.5031091068034145,0.9786448837284352,0.1108818226514777
wh-meta-social-circle-ga-2,2016-12-21,3,12.658804224407426,0.4913308306666203,0.978779670145722,0.1053633968228498
wh-meta-social-circle-ga-2,2016-12-21,4,11.7711485199607,0.5314257253414125,0.9808021656326296,0.0977302558018487
wh-meta-social-circle-ga-2,2017-02-23,0,23.00612864660734,0.5426036473597246,0.9752682193750182,0.1026483109381615
wh-meta-social-circle-ga-2,2017-02-23,1,22.984908192414245,0.5145689638738647,0.9748736563774612,0.14008168934613
wh-meta-social-circle-ga-2,2017-02-23,2,22.754536694946157,0.5009862609084158,0.9782119890397096,0.1460553007819253
wh-meta-social-circle-ga-2,2017-02-23,3,22.6768789986629,0.5305659623103427,0.9782073539360936,0.1360862076347264
wh-meta-social-circle-ga-2,2017-02-23,4,22.373367159284285,0.5414868405138812,0.9800820912096684,0.1278470237171781
wh-meta-social-circle-ga-2,2017-03-11,1,9.881362194868585,0.5241285370777486,0.9812504958287424,0.2185654252963167
wh-meta-social-circle-ga-2,2017-03-11,2,12.699369801819838,0.3985509881992867,0.9746622043740264,0.2251615652656302
wh-meta-social-circle-ga-2,2017-03-11,3,13.422715946630529,0.4876580491643358,0.9786167165151478,0.1842495196161419
wh-meta-social-circle-ga-2,2017-03-11,4,14.206398729671852,0.508069730738531,0.980186087362093,0.1609866159145132
wh-meta-social-circle-ga-2,2017-04-28,0,27.923687278743326,0.7181336878013649,0.9809878738075336,0.175888277248228
wh-meta-social-circle-ga-2,2017-04-28,1,28.769891738328173,0.6935091085562247,0.9769693903866578,0.1731954453250702
wh-meta-social-circle-ga-2,2017-04-28,2,28.97689122731021,0.7081299596071617,0.9810516553115244,0.1687406628542632
wh-meta-social-circle-ga-2,2017-04-28,3,28.582914486066056,0.6888106234029759,0.9808817161618428,0.178761880830495
wh-meta-social-circle-ga-2,2017-04-28,4,27.27628787802716,0.7348064136115495,0.983632948467182,0.1710775439671981
wh-meta-social-circle-ga-2,2017-05-14,0,31.027017743912488,0.7322366370196551,0.9807535854645898,0.1619418630923524
wh-meta-social-circle-ga-2,2017-05-14,1,31.91737576416136,0.6859271378012142,0.9773782153550707,0.1778917184285535
wh-meta-social-circle-ga-2,2017-05-14,2,31.16863792918091,0.7197414189737954,0.9811529388906174,0.1611262965360322
wh-meta-social-circle-ga-2,2017-05-14,3,32.22137179342665,0.7078546186357696,0.981469124410124,0.1533967093886666
wh-meta-social-circle-ga-2,2017-05-14,4,30.0088720516007,0.7685068743849145,0.9836861941348292,0.1477134374730523
wh-meta-social-circle-ga-2,2017-06-15,1,33.549198504535326,0.7884360412919291,0.977576579421974,0.1697840176044264
wh-meta-social-circle-ga-2,2017-06-15,2,34.64324119400256,0.7633775558248729,0.9821165818522466,0.1705273186311589
wh-meta-social-circle-ga-2,2017-06-15,3,35.42594099822018,0.7456027124491378,0.982953948505128,0.1734849023519675
wh-meta-social-circle-ga-2,2017-06-15,4,34.0263848632885,0.7957527047675311,0.984618782065998,0.1628063923209267
wh-meta-social-circle-ga-2,2017-07-01,2,26.73740309652175,0.8761567220376385,0.9832639291465376,0.1049164018880837
wh-meta-social-circle-ga-2,2017-07-01,3,29.856894860928676,0.7397417717963225,0.9807288834467784,0.1600091312067804
wh-meta-social-circle-ga-2,2017-07-01,4,28.99708313311901,0.8067826220448633,0.9842856610797251,0.1511681347213953
wh-meta-social-circle-ga-2,2017-07-17,0,31.25556401653496,0.7649998924624251,0.9808843910474682,0.1848039783059626
wh-meta-social-circle-ga-2,2017-07-17,1,33.248419619342776,0.6759653979494322,0.9750636581144958,0.2151573350009293
wh-meta-social-circle-ga-2,2017-07-17,2,30.78501143736314,0.7507298849810615,0.9800592837370946,0.1750512848829702
wh-meta-social-circle-ga-2,2017-07-17,3,30.113951797939716,0.7850754103191403,0.982859374353772,0.1550462812549619
wh-meta-social-circle-ga-2,2017-07-17,4,29.386905297334938,0.7965080694747648,0.9836837299572546,0.1505665439861394
wh-meta-social-circle-ga-2,2017-08-18,0,28.929942005830213,0.6453043153013953,0.9803141402529146,0.1867106946438476
wh-meta-social-circle-ga-2,2017-08-18,1,30.740136475353772,0.6351505893682823,0.9740551751296568,0.1894442566886971
wh-meta-social-circle-ga-2,2017-08-18,2,32.20215629390664,0.6600225588578624,0.9774991961825188,0.2028098521252419
wh-meta-social-circle-ga-2,2017-08-18,3,32.099033951640585,0.7421803794379399,0.9821299912388676,0.158113017418077
wh-meta-social-circle-ga-2,2017-08-18,4,30.750899801313796,0.7953656657993158,0.98410729618259,0.147531830151906
wh-meta-social-circle-ga-2,2017-09-03,0,29.47551364999005,0.7317174430205288,0.9804493832264858,0.1447934914854133
wh-meta-social-circle-ga-2,2017-09-03,1,30.203141032741385,0.6816545515095478,0.9770637814129526,0.1598958352487743
wh-meta-social-circle-ga-2,2017-09-03,2,29.309931581681553,0.7445229333558255,0.98121861477174,0.1408911281347549
wh-meta-social-circle-ga-2,2017-09-03,3,30.101572277937056,0.7316740595821495,0.9815592671684962,0.1341548494843909
wh-meta-social-circle-ga-2,2017-09-03,4,28.645854753208106,0.7800412570702686,0.9836153769805024,0.1240077413530019
wh-meta-social-circle-ga-2,2017-09-19,0,31.403471112200982,0.723203809230275,0.9807235010018313,0.137658295465204
wh-meta-social-circle-ga-2,2017-09-19,1,32.16153931291327,0.6770940360414792,0.9772575729580169,0.1471934910743824
wh-meta-social-circle-ga-2,2017-09-19,2,31.31805717992127,0.7311438974194864,0.9814000773103526,0.1334252474350577
wh-meta-social-circle-ga-2,2017-09-19,3,32.23514615062382,0.7166017853995519,0.9818677635757752,0.1335049985771244
wh-meta-social-circle-ga-2,2017-09-19,4,30.750268026367365,0.7660350231649907,0.9839304159010502,0.122711824112879
wh-meta-social-circle-ga-2,2017-10-05,0,28.595359211029365,0.6929552775449973,0.979807048234504,0.1501478049866998
wh-meta-social-circle-ga-2,2017-10-05,1,29.428119590427848,0.6436116718810825,0.9766150949831744,0.1585919747293735
wh-meta-social-circle-ga-2,2017-10-05,2,28.571586622558613,0.6963938804444189,0.98028431365236,0.1377684996954882
wh-meta-social-circle-ga-2,2017-10-05,3,29.54973637195352,0.6834093884401372,0.9808446425014488,0.1329828491637294
wh-meta-social-circle-ga-2,2017-10-05,4,27.84611254662247,0.7359077805907295,0.9829573578929804,0.1214542435693842
wh-meta-social-circle-ga-2,2017-10-21,0,18.89851658223105,0.652981055450556,0.980013176463102,0.1464161340692966
wh-meta-social-circle-ga-2,2017-10-21,1,19.742461742636102,0.5978273122851392,0.9766376737339012,0.1597263543605145
wh-meta-social-circle-ga-2,2017-10-21,2,18.98292543052516,0.6504859351736995,0.9804863751782362,0.1426673418694236
wh-meta-social-circle-ga-2,2017-10-21,3,18.807443841328368,0.6434778224628254,0.9809646745311132,0.1350339123500145
wh-meta-social-circle-ga-2,2017-10-21,4,17.048599670519536,0.6868308320171846,0.9826867503260638,0.1223015725027434
wh-meta-social-circle-ga-2,2017-11-06,1,16.20567727434951,0.5259852397217841,0.977884485574306,0.1372700895658682
wh-meta-social-circle-ga-2,2017-11-06,2,16.8422832249274,0.6037138897448462,0.980900091596206,0.1119306638220546
wh-meta-social-circle-ga-2,2017-11-06,3,15.395523843029588,0.609714637192975,0.9822502802229102,0.1240959015369012
wh-meta-social-circle-ga-2,2017-11-06,4,20.061304561105715,0.673379226854012,0.9833740417672726,0.1074655780408156
wh-meta-social-circle-ga-2,2017-11-22,2,-2.8444701999999893,0.3196262464555148,0.9757,0.1909036125
wh-meta-social-circle-ga-2,2017-11-22,4,5.062777268000019,0.4850323470334675,0.97914,0.2067860147499999
wh-meta-social-circle-ga-2,2018-01-09,3,8.879338400000023,0.565612953867082,0.9725,0.10153605125
wh-meta-social-circle-ga-2,2018-01-25,0,13.160971203651506,0.4663357028514555,0.9775802142203304,0.1282414915694689
wh-meta-social-circle-ga-2,2018-01-25,1,12.932512306214017,0.468159069446616,0.9753009479843386,0.140719432641815
wh-meta-social-circle-ga-2,2018-01-25,2,12.687008453787222,0.4927025217662631,0.9787729722229505,0.1207123608303799
wh-meta-social-circle-ga-2,2018-01-25,3,13.089505806341585,0.4947736640765925,0.979191943027175,0.1166731034314351
wh-meta-social-circle-ga-2,2018-01-25,4,12.331799615676026,0.529498503773337,0.981230529870462,0.1048955653322345
wh-meta-social-circle-ga-2,2018-03-14,0,14.036798355108902,0.5577447459718513,0.9790469515713528,0.1354539389916375
wh-meta-social-circle-ga-2,2018-03-14,1,13.676892567684524,0.560621079556657,0.976525416908358,0.1509011938248048
wh-meta-social-circle-ga-2,2018-03-14,2,13.528477440966045,0.5416049444100883,0.9795628861022506,0.1332096207114346
wh-meta-social-circle-ga-2,2018-03-14,3,14.207483777017364,0.5577924492162186,0.9802321034088644,0.1294073284811794
wh-meta-social-circle-ga-2,2018-03-14,4,13.5418330980591,0.5591973956992404,0.9817694071318912,0.1163596067070288
wh-meta-social-circle-ga-2,2018-05-01,0,28.875250809141164,0.7197611930207897,0.9815521744468392,0.1618922279737676
wh-meta-social-circle-ga-2,2018-05-01,1,28.813255676777647,0.7082665560548633,0.9783766942755114,0.1790700945619203
wh-meta-social-circle-ga-2,2018-05-01,2,28.589935088396903,0.7225734635380417,0.982095254893222,0.160777859229493
wh-meta-social-circle-ga-2,2018-05-01,3,29.08083827473288,0.7241074995359262,0.9827364555327578,0.1549055148074746
wh-meta-social-circle-ga-2,2018-05-01,4,27.66219838741253,0.7657565050530984,0.9847654013573436,0.1463483159678315
wh-meta-social-circle-ga-2,2018-06-02,1,29.871756336300308,0.5384660666889948,0.973737266453459,0.1652178706572968
wh-meta-social-circle-ga-2,2018-06-02,2,30.84987867238229,0.5166580706244293,0.9718444074601512,0.2779900083672336
wh-meta-social-circle-ga-2,2018-06-02,3,29.1139583188763,0.7316988801405719,0.9771567525579684,0.1665179077883065
wh-meta-social-circle-ga-2,2018-06-02,4,28.010284254827564,0.8118698913143997,0.983347753106231,0.1688919221130145
wh-meta-social-circle-ga-2,2018-06-18,0,35.48473385569817,0.7488765105558911,0.9806393431078104,0.1869519220505425
wh-meta-social-circle-ga-2,2018-06-18,1,35.99679454060589,0.6793266835071397,0.9768881765720114,0.2112042815542218
wh-meta-social-circle-ga-2,2018-06-18,2,34.33957065608144,0.7839001111614887,0.9826842917527095,0.1795892842133158
wh-meta-social-circle-ga-2,2018-06-18,3,34.54202133268066,0.7557179364335713,0.9810052981906018,0.1712957050278163
wh-meta-social-circle-ga-2,2018-06-18,4,33.58102924200782,0.7966885848563547,0.9836548630734964,0.1608281375456708
wh-meta-social-circle-ga-2,2018-07-04,0,35.70723242653666,0.6963289961354708,0.980612332092982,0.1946395831861446
wh-meta-social-circle-ga-2,2018-07-04,1,36.309826664510915,0.6688595169208067,0.9783098370939948,0.216842053543974
wh-meta-social-circle-ga-2,2018-07-04,2,34.56881246014888,0.7696984090960081,0.9827457628539408,0.1820544878934779
wh-meta-social-circle-ga-2,2018-07-04,3,34.49966778694823,0.7896109141800036,0.9835476542873416,0.1664463411223561
wh-meta-social-circle-ga-2,2018-07-04,4,33.49789895931344,0.815800709920254,0.9848419589876364,0.1632499655370702
wh-meta-social-circle-ga-2,2018-07-20,2,19.72944003296855,0.8361603778738027,0.9830336378151184,0.1790723218737306
wh-meta-social-circle-ga-2,2018-07-20,3,21.72534149253247,0.8120012668095554,0.979242803973005,0.2035292502468554
wh-meta-social-circle-ga-2,2018-07-20,4,19.25659318309202,0.8389956262630112,0.9845226847252996,0.1621815484914419
wh-meta-social-circle-ga-2,2018-08-05,0,34.76521774330662,0.7146509316399746,0.978560624494596,0.1597181850158149
wh-meta-social-circle-ga-2,2018-08-05,1,34.14023017938842,0.7325421559859961,0.9755023151468606,0.1860891236080977
wh-meta-social-circle-ga-2,2018-08-05,2,33.39012600154217,0.790724931041742,0.9830684434481076,0.1518340489643801
wh-meta-social-circle-ga-2,2018-08-05,3,35.15371732025373,0.7528607534321063,0.9825751877929392,0.1633538894296843
wh-meta-social-circle-ga-2,2018-08-05,4,34.112536193165745,0.8125756636850902,0.9843151113344252,0.1552426586477101
wh-meta-social-circle-ga-2,2018-08-21,0,24.2589240618563,0.5781265677652275,0.9799122754491016,0.3103928971182634
wh-meta-social-circle-ga-2,2018-08-21,1,27.49653197005364,0.7190401670868701,0.983208499136267,0.2132327158541306
wh-meta-social-circle-ga-2,2018-08-21,2,28.849327173377382,0.7265260775337321,0.9807513920903193,0.1826269457927823
wh-meta-social-circle-ga-2,2018-08-21,3,28.11000386673862,0.7471109710062896,0.9817045085202576,0.163013167434055
wh-meta-social-circle-ga-2,2018-08-21,4,28.14481463806723,0.7676458035898904,0.9825397827350172,0.156572969015037
wh-meta-social-circle-ga-2,2018-09-22,0,32.690447342655965,0.6209919566119804,0.9751425971755646,0.1157457185228314
wh-meta-social-circle-ga-2,2018-09-22,1,31.633099756794515,0.5791380916721293,0.9739453697903228,0.2065240922906364
wh-meta-social-circle-ga-2,2018-09-22,2,30.04575704121754,0.7535586242330584,0.9832151181014638,0.1380894663914635
wh-meta-social-circle-ga-2,2018-09-22,3,32.60802910845325,0.6641126271464243,0.9809458194696234,0.1515933304251228
wh-meta-social-circle-ga-2,2018-09-22,4,31.18083522514222,0.7009323834631558,0.9829022985405216,0.1362133374496234
wh-meta-social-circle-ga-2,2018-10-24,0,21.76319641994769,0.6822781192282745,0.9795975615296882,0.1303398546205535
wh-meta-social-circle-ga-2,2018-10-24,1,21.93931052198772,0.6362815567388856,0.9764281088088786,0.1470530357222763
wh-meta-social-circle-ga-2,2018-10-24,2,21.706466089530313,0.6894440403398541,0.9803479114814212,0.1270466695732786
wh-meta-social-circle-ga-2,2018-10-24,3,22.272017306308808,0.676657137057203,0.980671418675041,0.1232742820761863
wh-meta-social-circle-ga-2,2018-10-24,4,21.16705948286492,0.7284917305016454,0.9828327021306767,0.1106981172417734
wh-meta-social-circle-ga-2,2018-12-11,0,9.32692072457744,0.5969640146040454,0.9780712222338313,0.1142947359869738
wh-meta-social-circle-ga-2,2018-12-11,1,9.355769924219306,0.5434439373864965,0.975218463110832,0.1266491819204799
wh-meta-social-circle-ga-2,2018-12-11,2,9.16694147348922,0.5811596518646124,0.9786932338186946,0.1083102026324652
wh-meta-social-circle-ga-2,2018-12-11,3,9.581846149444656,0.5731499335511724,0.978933534537831,0.1039131790833424
wh-meta-social-circle-ga-2,2018-12-11,4,8.925243040645537,0.6065764000494683,0.9809779480410216,0.0937662450627664
wh-meta-social-circle-ga-2,2019-01-28,0,14.16381830747654,0.5279833591209101,0.9780575659191328,0.1279477011112898
wh-meta-social-circle-ga-2,2019-01-28,1,14.01977972669808,0.4791238576414218,0.975184453819088,0.1383701945635774
wh-meta-social-circle-ga-2,2019-01-28,2,13.771670581350678,0.5176378361134367,0.97888569367734,0.1216813683530642
wh-meta-social-circle-ga-2,2019-01-28,3,14.143035035042653,0.5132369546979441,0.9792179509103892,0.1183732571878708
wh-meta-social-circle-ga-2,2019-01-28,4,13.386348059053317,0.5484787250327079,0.981308581074917,0.1068634910151162
wh-meta-social-circle-ga-2,2019-02-13,0,7.274386525422945,0.4871491804998989,0.978415605301393,0.1339909079271609
wh-meta-social-circle-ga-2,2019-02-13,1,7.471301987627136,0.44210498881638,0.9753339505031812,0.147465008880193
wh-meta-social-circle-ga-2,2019-02-13,2,7.438368430545191,0.4758762673159577,0.9780306454706328,0.1300538843742887
wh-meta-social-circle-ga-2,2019-02-13,3,7.979909748882788,0.4849490366336098,0.978559873330336,0.1225825404024319
wh-meta-social-circle-ga-2,2019-02-13,4,7.855121845056859,0.5272469179065875,0.9804722682381376,0.1092906190364208
wh-meta-social-circle-ga-2,2019-03-17,0,15.550692967624077,0.6299359900784355,0.982303913646954,0.143201082271043
wh-meta-social-circle-ga-2,2019-03-17,1,17.99809242026177,0.549887482570615,0.9787616529840676,0.1625845563298749
wh-meta-social-circle-ga-2,2019-03-17,2,17.307693595549075,0.5487810074825245,0.9795599257514412,0.1510455960876099
wh-meta-social-circle-ga-2,2019-03-17,3,16.440038340316104,0.5494608939106354,0.9790314677155112,0.1398825679012703
wh-meta-social-circle-ga-2,2019-03-17,4,14.583161788602707,0.569322413130098,0.9808820583944702,0.1328280137531635
wh-meta-social-circle-ga-2,2019-04-02,0,20.453638453493436,0.6037946392654219,0.9798609522165216,0.1455424987479269
wh-meta-social-circle-ga-2,2019-04-02,1,20.687612891661345,0.5667714248293747,0.9767646259070052,0.1624873854781214
wh-meta-social-circle-ga-2,2019-04-02,2,20.440099750033426,0.5933494844495181,0.9804264194168868,0.1441116763111878
wh-meta-social-circle-ga-2,2019-04-02,3,21.289790727138133,0.5922785953956708,0.9809039060684314,0.1412284284994131
wh-meta-social-circle-ga-2,2019-04-02,4,20.13439427292619,0.610670604569095,0.9826350726837778,0.1275460826713473
wh-meta-social-circle-ga-2,2019-05-20,0,28.29026772140407,0.7946283146299672,0.9839185178787364,0.2021805249333219
wh-meta-social-circle-ga-2,2019-05-20,1,31.20024026316912,0.7751764839002588,0.9835685058141196,0.187486838214917
wh-meta-social-circle-ga-2,2019-05-20,2,32.92916651130081,0.7214632001989996,0.981369949087117,0.1981167855176278
wh-meta-social-circle-ga-2,2019-05-20,3,32.01309666239613,0.7717850145364821,0.9835006722053764,0.1638492978512896
wh-meta-social-circle-ga-2,2019-05-20,4,31.513243620184006,0.7987270959509276,0.9842111693254736,0.1617147978449016
wh-meta-social-circle-ga-2,2019-06-21,0,34.40854035566269,0.7107553920982617,0.980319558194796,0.1659015290360158
wh-meta-social-circle-ga-2,2019-06-21,1,35.09260901676897,0.6931625590157744,0.9773301780919224,0.1822453185737651
wh-meta-social-circle-ga-2,2019-06-21,2,34.18979952408382,0.7427978457247466,0.9813240694950922,0.1623296736532525
wh-meta-social-circle-ga-2,2019-06-21,3,34.97033482895813,0.7458277701968505,0.981934182371277,0.1551386468015213
wh-meta-social-circle-ga-2,2019-06-21,4,33.48784441555916,0.7965024849058562,0.9839009734882298,0.1482638321122568
wh-meta-social-circle-ga-2,2019-07-07,4,14.772538215143951,0.7367050445617969,0.9827612338264656,0.1413972141098857
wh-meta-social-circle-ga-2,2019-08-08,0,37.59762268148143,0.7248593296331622,0.980880199184904,0.1541644608990583
wh-meta-social-circle-ga-2,2019-08-08,1,37.620324292852395,0.6994555226080367,0.9776701573733444,0.1669197656903278
wh-meta-social-circle-ga-2,2019-08-08,2,36.827376084674896,0.741944983463083,0.9816390931442124,0.1490546351129547
wh-meta-social-circle-ga-2,2019-08-08,3,37.549353877800975,0.737955670471145,0.9821434717121196,0.1432617307897503
wh-meta-social-circle-ga-2,2019-08-08,4,35.48096815707312,0.7856391872470141,0.9841421018635654,0.1336069327467864
wh-meta-social-circle-ga-2,2019-08-24,0,35.81631034530769,0.5538070377576728,0.9739738484398216,0.1673743330614819
wh-meta-social-circle-ga-2,2019-08-24,1,35.65590998647686,0.6418891163717225,0.9741739839838288,0.1783750141187465
wh-meta-social-circle-ga-2,2019-08-24,2,34.00591108311703,0.726384270271794,0.9813653690191452,0.1529666084053023
wh-meta-social-circle-ga-2,2019-08-24,3,34.96523800399365,0.6771663813653485,0.9807872683997192,0.1592044078744101
wh-meta-social-circle-ga-2,2019-08-24,4,33.15108758042142,0.7284379952740214,0.983218710148824,0.1454867235541532
wh-meta-social-circle-ga-2,2019-09-09,0,39.307855467238504,0.6594103198504455,0.979162287991204,0.146923128105642
wh-meta-social-circle-ga-2,2019-09-09,1,39.830429472742274,0.6266711032247535,0.9762979352605036,0.1609115252575889
wh-meta-social-circle-ga-2,2019-09-09,2,39.03978974670117,0.6790609485256734,0.9801409860364292,0.1427286298315015
wh-meta-social-circle-ga-2,2019-09-09,3,39.94956190816006,0.6662983436314901,0.98044705050684,0.1375525824889776
wh-meta-social-circle-ga-2,2019-09-09,4,38.04591849742492,0.7249062538169624,0.9826841796308936,0.1277410346932695
wh-meta-social-circle-ga-2,2019-09-25,0,34.314552733527165,0.6816319456744536,0.9797142064635134,0.1403608012774481
wh-meta-social-circle-ga-2,2019-09-25,1,34.7292749666306,0.6392125768386628,0.9765994935458904,0.156073929472214
wh-meta-social-circle-ga-2,2019-09-25,2,34.212308433635236,0.6880429026228303,0.9804717151995476,0.1377369850351511
wh-meta-social-circle-ga-2,2019-09-25,3,35.27847864758344,0.6666494318990175,0.9806604905115984,0.1330689198472423
wh-meta-social-circle-ga-2,2019-09-25,4,33.63838279882789,0.7198408778752104,0.9828755389784812,0.1230330907740249
wh-meta-social-circle-ga-2,2019-10-11,0,27.07213840330462,0.5687952109930174,0.9776171418351254,0.1831554880745239
wh-meta-social-circle-ga-2,2019-10-11,1,28.816437371326536,0.5728749772164202,0.9774283306471152,0.1905597035354881
wh-meta-social-circle-ga-2,2019-10-11,2,27.429594525474684,0.6644055808790648,0.9804789957407994,0.1352068490975462
wh-meta-social-circle-ga-2,2019-10-11,3,27.69880512105536,0.618300831696486,0.9797576468656024,0.1588878465888659
wh-meta-social-circle-ga-2,2019-10-11,4,26.568913021040885,0.6948297509265267,0.9819869928785672,0.1388270410431477
wh-meta-social-circle-ga-2,2019-10-27,0,23.04556007949564,0.6784826876618876,0.9795621954435888,0.1275676990215769
wh-meta-social-circle-ga-2,2019-10-27,1,23.545588230726626,0.6331232295590972,0.9763948268910112,0.1449847685500797
wh-meta-social-circle-ga-2,2019-10-27,2,22.99612222800243,0.6842898636556293,0.9802717974443622,0.1254072431859296
wh-meta-social-circle-ga-2,2019-10-27,3,23.55755599749292,0.669107221465749,0.98053557033099,0.1206878141272846
wh-meta-social-circle-ga-2,2019-10-27,4,22.52951515607571,0.7163205938936786,0.9827006735900452,0.111712662047578
wh-meta-social-circle-ga-2,2019-11-28,0,15.47624170975577,0.5674726617920113,0.9789509917036008,0.1256264221002046
wh-meta-social-circle-ga-2,2019-11-28,1,15.843706884365442,0.5151376820799121,0.9757998291894536,0.1401318615755714
wh-meta-social-circle-ga-2,2019-11-28,2,15.709532967570206,0.5616353211093934,0.9795600283855924,0.1245455850698725
wh-meta-social-circle-ga-2,2019-11-28,3,16.270766028451565,0.5574033240038048,0.9799978453829978,0.1191845661433969
wh-meta-social-circle-ga-2,2019-11-28,4,15.78046433834524,0.5903732605987616,0.9820338394355612,0.1084492062586681
wh-meta-social-circle-ga-2,2019-12-30,0,15.76353771295052,0.5673306516879534,0.9784018744279016,0.113162402154408
wh-meta-social-circle-ga-2,2019-12-30,1,15.9503312467776,0.5246044334357006,0.9755111787844936,0.1277000277944111
wh-meta-social-circle-ga-2,2019-12-30,2,15.670352873707165,0.5699061461709745,0.9791229897988782,0.1117017709243149
wh-meta-social-circle-ga-2,2019-12-30,3,15.93962866100953,0.5643567783746234,0.97950850332786,0.1075531500452103
wh-meta-social-circle-ga-2,2019-12-30,4,15.330608597282174,0.5919324861560187,0.9814933278751186,0.0972856930094013
wh-meta-social-circle-ga-2,2020-03-19,1,17.371292846023557,0.560432807317842,0.9782186396337478,0.1578133718435251
wh-meta-social-circle-ga-2,2020-03-19,2,18.617319875098925,0.4688246968504574,0.9800382352941176,0.1662321719034232
wh-meta-social-circle-ga-2,2020-03-19,3,20.303135800241613,0.4888151107657926,0.9761297955361964,0.1448471755338154
wh-meta-social-circle-ga-2,2020-03-19,4,20.739453927387473,0.5426917675838209,0.9793479718190614,0.133727468527359
wh-meta-social-circle-ga-2,2020-04-20,2,18.79270070656801,0.720343686017767,0.9799394263435888,0.1928829770643115
wh-meta-social-circle-ga-2,2020-04-20,3,19.217312323625507,0.7462261236496182,0.9806942484329396,0.17600634326858
wh-meta-social-circle-ga-2,2020-04-20,4,18.29504139706167,0.824060378001346,0.983287251936576,0.1511259254963604
wh-meta-social-circle-ga-2,2020-05-06,0,26.91722956529876,0.7416015662745559,0.9809708678446328,0.1659038798415245
wh-meta-social-circle-ga-2,2020-05-06,1,27.118849831395785,0.6992359455075747,0.977571846361452,0.1799700056587425
wh-meta-social-circle-ga-2,2020-05-06,2,26.77028054086841,0.7391706632125125,0.98146053673529,0.1630184534950745
wh-meta-social-circle-ga-2,2020-05-06,3,27.567989395579673,0.734670580789624,0.9819100142402256,0.1577468415368362
wh-meta-social-circle-ga-2,2020-05-06,4,25.876099492792616,0.7696890215792282,0.9837060635348944,0.1519557802085859
wh-meta-social-circle-ga-2,2020-05-22,0,12.196703661942148,0.7717833264498469,0.9835847964688575,0.170101017567435
wh-meta-social-circle-ga-2,2020-05-22,1,14.29740234456604,0.6929660472075054,0.982126635104331,0.1423561958061546
wh-meta-social-circle-ga-2,2020-05-22,2,11.876146143184066,0.7774283014680202,0.9843061765831076,0.1643410540110743
wh-meta-social-circle-ga-2,2020-05-22,3,12.960775781118535,0.7722761941643099,0.9841639049546492,0.1599638038587394
wh-meta-social-circle-ga-2,2020-05-22,4,11.599941494032818,0.7960710178091518,0.9847951483013192,0.1566904275354355
wh-meta-social-circle-ga-2,2020-06-07,4,7.981144422926998,0.6845948222261801,0.983303832843054,0.1389665202637783
wh-meta-social-circle-ga-2,2020-06-23,1,20.913447685853143,0.7018218309292295,0.9837708456973298,0.1935911631212908
wh-meta-social-circle-ga-2,2020-06-23,2,25.924617511375807,0.6006076631928702,0.9761727627961212,0.217754320774641
wh-meta-social-circle-ga-2,2020-06-23,3,24.27565388225098,0.7440478228041129,0.9811004055741536,0.141827729796697
wh-meta-social-circle-ga-2,2020-06-23,4,21.884888726156785,0.772473739183862,0.9836369798521366,0.1680268280382592
wh-meta-social-circle-ga-2,2020-07-09,0,31.850150817054313,0.7532817777049291,0.9821484893750674,0.1804873358322418
wh-meta-social-circle-ga-2,2020-07-09,1,33.59621153212948,0.710784296939671,0.9793251272066462,0.1850721136174974
wh-meta-social-circle-ga-2,2020-07-09,2,32.66493023835159,0.7645198168840349,0.9824430020353152,0.1641885297930017
wh-meta-social-circle-ga-2,2020-07-09,3,33.2089778737219,0.7485008155471445,0.9815121351327692,0.1574969936386948
wh-meta-social-circle-ga-2,2020-07-09,4,31.879841153105875,0.7897976587615655,0.9839475101764774,0.1492831243635854
wh-meta-social-circle-ga-2,2020-07-25,0,35.251088250967726,0.7425876825989591,0.9824345169058752,0.165139778441635
wh-meta-social-circle-ga-2,2020-07-25,1,36.50444846642759,0.705414774973971,0.97908382228849,0.1758807010743917
wh-meta-social-circle-ga-2,2020-07-25,2,36.51889424051324,0.7499402375960482,0.982555861632683,0.1552285820819638
wh-meta-social-circle-ga-2,2020-07-25,3,37.63464458975732,0.7410610073315421,0.9823830089765478,0.1437721022811586
wh-meta-social-circle-ga-2,2020-07-25,4,36.01159461566607,0.7771018129832432,0.984236370182898,0.1361470557283038
wh-meta-social-circle-ga-2,2020-09-11,2,31.43459582495117,0.8113521269182175,0.983967296137834,0.1163315482655013
wh-meta-social-circle-ga-2,2020-09-11,3,34.14196616021218,0.7205880497606632,0.9820341082174006,0.1583221451982597
wh-meta-social-circle-ga-2,2020-09-11,4,33.8597204469514,0.7634153028000228,0.9836801277836434,0.1433240558619672
wh-meta-social-circle-ga-2,2020-09-27,2,25.802352120814326,0.7232010501501256,0.981404492179524,0.1363737919447053
wh-meta-social-circle-ga-2,2020-09-27,3,25.566178147551643,0.7330644126959536,0.9802168723211028,0.0894307570774755
wh-meta-social-circle-ga-2,2020-09-27,4,23.650926472253612,0.8149189550139764,0.9822181442477498,0.0823645307477052
wh-meta-social-circle-ga-2,2020-10-13,0,28.45290085176591,0.7006139023125889,0.9796827648718518,0.1304006727424157
wh-meta-social-circle-ga-2,2020-10-13,1,28.903058981769757,0.6572536525969962,0.9764719406322822,0.1430397923245058
wh-meta-social-circle-ga-2,2020-10-13,2,28.254070942428616,0.7047207067008747,0.9803833741015532,0.1229791329833269
wh-meta-social-circle-ga-2,2020-10-13,3,28.859206173606,0.6963326659098186,0.9807549028170102,0.1206174411777844
wh-meta-social-circle-ga-2,2020-10-13,4,27.638771910863863,0.7415051775295517,0.9828033329862088,0.1072577471805993
wh-meta-social-circle-ga-2,2020-10-29,4,13.37848019474112,0.6142125959099964,0.9813479488903832,0.0867353154287155
wh-meta-social-circle-ga-2,2020-11-14,0,19.83200929029613,0.6717549093295485,0.9804674184516629,0.1259813257708567
wh-meta-social-circle-ga-2,2020-11-14,1,20.242949695304414,0.6053471397941507,0.9768015105110766,0.1371937580624954
wh-meta-social-circle-ga-2,2020-11-14,2,19.811938471504984,0.6489474851668864,0.980739241792948,0.1172743325269866
wh-meta-social-circle-ga-2,2020-11-14,3,20.175471490715616,0.6518522165222235,0.9812111971617417,0.112581187438476
wh-meta-social-circle-ga-2,2020-11-14,4,19.4704452342538,0.6793062676014526,0.98310448981049,0.1010815001835934
wh-meta-social-circle-ga-2,2021-01-17,0,8.89271246135566,0.5415176429892439,0.978579682457725,0.1216644263012986
wh-meta-social-circle-ga-2,2021-01-17,1,8.896378581307712,0.4834472179045194,0.9748474656687472,0.1244669572590088
wh-meta-social-circle-ga-2,2021-01-17,2,8.915455157711833,0.5248612418100952,0.9792057563748604,0.1173068626313992
wh-meta-social-circle-ga-2,2021-01-17,3,9.385175575363103,0.5231922826616292,0.9796664694811088,0.1187860278651009
wh-meta-social-circle-ga-2,2021-01-17,4,8.800949123664436,0.5479376867686219,0.9815362139782228,0.1060287507761705
wh-meta-social-circle-ga-2,2021-02-02,0,9.000033402885403,0.5123906803069203,0.9780922643701708,0.1255654766080466
wh-meta-social-circle-ga-2,2021-02-02,1,8.802630592625743,0.4782790128386839,0.975361005982601,0.1370318628420548
wh-meta-social-circle-ga-2,2021-02-02,2,8.6171420123902,0.5088872717894755,0.9789522096711044,0.1211165301700503
wh-meta-social-circle-ga-2,2021-02-02,3,8.95106096795367,0.5105956075854036,0.9792943931774396,0.1188404642437115
wh-meta-social-circle-ga-2,2021-02-02,4,8.31946016708738,0.5294198527130687,0.9810696144837994,0.1053365435222036
wh-meta-social-circle-ga-2,2021-03-22,0,22.87958083007466,0.5541389746526287,0.97888144303636,0.1337467816170233
wh-meta-social-circle-ga-2,2021-03-22,1,22.59750201692491,0.5444958939328081,0.9762701773649536,0.1464060253082298
wh-meta-social-circle-ga-2,2021-03-22,2,22.735247994624373,0.5430388169149473,0.979545073658387,0.1336384329272383
wh-meta-social-circle-ga-2,2021-03-22,3,23.104698847141076,0.5655500392786339,0.9803634263366632,0.1308805992196165
wh-meta-social-circle-ga-2,2021-03-22,4,22.52488412649924,0.5628686291083821,0.9818223966999532,0.1192555451941276
wh-meta-social-circle-ga-2,2021-04-07,0,19.438817543421884,0.6274007747775079,0.9793983513867122,0.1596663730841112
wh-meta-social-circle-ga-2,2021-04-07,1,19.56240782022917,0.6253624312742483,0.9779029673699832,0.1709492678530198
wh-meta-social-circle-ga-2,2021-04-07,2,19.5610966897568,0.6268058410914455,0.9806753809341712,0.1545415345428189
wh-meta-social-circle-ga-2,2021-04-07,3,20.701481180640304,0.6334698372599757,0.980871371011456,0.1512434399782469
wh-meta-social-circle-ga-2,2021-04-07,4,20.465999384601172,0.6402014833208042,0.982023811311643,0.1370396713504384
wh-meta-social-circle-ga-2,2021-05-09,0,29.095828663579216,0.7392408886583842,0.9817892892679126,0.1641020131573009
wh-meta-social-circle-ga-2,2021-05-09,1,29.084261803690005,0.7067173839793712,0.9782869327570084,0.1776023912771572
wh-meta-social-circle-ga-2,2021-05-09,2,28.862083126003338,0.7298728506032951,0.9821254062958308,0.1614889597102461
wh-meta-social-circle-ga-2,2021-05-09,3,29.236774252698293,0.7382805149924714,0.982861425488079,0.1546247636287281
wh-meta-social-circle-ga-2,2021-05-09,4,27.765210298134885,0.7769463402296484,0.98472989559157,0.1454854943324173
wh-meta-social-circle-ga-2,2021-05-25,0,35.30561674216097,0.7070110308200683,0.9821542990630856,0.1575672490362774
wh-meta-social-circle-ga-2,2021-05-25,1,30.405357321216396,0.7229354691739251,0.9808486024785836,0.1586873269104247
wh-meta-social-circle-ga-2,2021-05-25,2,29.217337424981604,0.6527347930461761,0.9791011348104628,0.1731650261226487
wh-meta-social-circle-ga-2,2021-05-25,3,31.875456522220023,0.7026948929672974,0.9818972842087128,0.1592349481182036
wh-meta-social-circle-ga-2,2021-05-25,4,30.807003856224597,0.7508238764414705,0.9835411788557876,0.1497779945682074
wh-meta-social-circle-ga-2,2021-06-26,0,26.676903368047288,0.7780688242847384,0.9837573008043962,0.2019747464866431
wh-meta-social-circle-ga-2,2021-06-26,1,30.28524429009715,0.6543436727178537,0.9800603665013894,0.2100961490859289
wh-meta-social-circle-ga-2,2021-06-26,2,28.2232881121446,0.7248945386772813,0.9815959932271776,0.1844055341712531
wh-meta-social-circle-ga-2,2021-06-26,3,28.45880828633349,0.7250057222333319,0.98243125371296,0.1834838348132416
wh-meta-social-circle-ga-2,2021-06-26,4,27.37605854000347,0.7885107269654463,0.9839321269778928,0.1722598177788538
wh-meta-social-circle-ga-2,2021-07-12,2,16.860837921054205,0.7819272607372613,0.9836127212982833,0.2248676166902492
wh-meta-social-circle-ga-2,2021-07-12,3,16.17630911693006,0.7959557696256198,0.984811183263716,0.2209409199649865
wh-meta-social-circle-ga-2,2021-07-12,4,19.6860654482989,0.754915826694788,0.9822558933880788,0.1945018795723311
wh-meta-social-circle-ga-2,2021-07-28,0,33.88645090236351,0.7025692154900537,0.9771395838429016,0.186821123608835
wh-meta-social-circle-ga-2,2021-07-28,1,34.276734490753796,0.6890157285736443,0.9784447602408772,0.1943236533571324
wh-meta-social-circle-ga-2,2021-07-28,2,31.5760835279698,0.8057123675298313,0.9842411366088746,0.1540143952221823
wh-meta-social-circle-ga-2,2021-07-28,3,32.62204608896276,0.7820837473616092,0.9832769102288788,0.1576018819191309
wh-meta-social-circle-ga-2,2021-07-28,4,31.328345706633673,0.8020449518049582,0.9848404907229446,0.1411745286467215
wh-meta-social-circle-ga-2,2021-08-13,0,37.02254245097261,0.7290412779444632,0.9814504741091418,0.1531155983402201
wh-meta-social-circle-ga-2,2021-08-13,1,37.90774926525649,0.7029438378141654,0.9780140297178314,0.1636885437799136
wh-meta-social-circle-ga-2,2021-08-13,2,36.74139005732112,0.7541248558643031,0.9822100604928892,0.1472572199191772
wh-meta-social-circle-ga-2,2021-08-13,3,36.50986522018412,0.7599524536532343,0.9832504246952184,0.1424916994367188
wh-meta-social-circle-ga-2,2021-08-13,4,34.768068379185344,0.7957212543916624,0.98476359729072,0.1321070908074173
wh-meta-social-circle-ga-2,2021-08-29,0,32.24389965675394,0.7187296204737758,0.9799588199748288,0.1665755157810078
wh-meta-social-circle-ga-2,2021-08-29,1,32.61424029775504,0.6853813286433834,0.9763252190466076,0.1818651490907533
wh-meta-social-circle-ga-2,2021-08-29,2,30.924845571938437,0.7270653135518459,0.9814310511235094,0.165606538531454
wh-meta-social-circle-ga-2,2021-08-29,3,30.694039580400837,0.7150140051556361,0.980825302458866,0.1650315992819679
wh-meta-social-circle-ga-2,2021-08-29,4,30.27395840488404,0.7388145643640427,0.9825730571797444,0.1607889920511057
wh-meta-social-circle-ga-2,2021-09-14,0,28.894988671478277,0.7044953550563628,0.9796109408612296,0.1939471666861029
wh-meta-social-circle-ga-2,2021-09-14,1,29.943053473101973,0.6685210087133587,0.9795564843368298,0.1952746212654629
wh-meta-social-circle-ga-2,2021-09-14,2,30.134317038189124,0.7002097079899455,0.9802599560913796,0.1789528239253533
wh-meta-social-circle-ga-2,2021-09-14,3,29.648123439476336,0.7484467121925198,0.9830599307064684,0.1466384949230517
wh-meta-social-circle-ga-2,2021-09-14,4,27.964696758894945,0.7725911135724222,0.9844252786423456,0.1218627331832623
wh-meta-social-circle-ga-2,2021-10-16,0,22.70143238049914,0.7341251358708138,0.9797713081031932,0.142991442446596
wh-meta-social-circle-ga-2,2021-10-16,1,22.381008683726836,0.683388346904908,0.9755836002337118,0.1536962357943794
wh-meta-social-circle-ga-2,2021-10-16,2,22.00377174881728,0.684700489952416,0.979993016346816,0.1376504774496578
wh-meta-social-circle-ga-2,2021-10-16,3,23.085430542022216,0.6600332692822451,0.9783828234958456,0.138354209840406
wh-meta-social-circle-ga-2,2021-10-16,4,22.27975317550955,0.7388256163361929,0.9821490148437078,0.1240001539023836
wh-meta-social-circle-ga-2,2021-11-01,0,19.72289644726957,0.7072679716154872,0.9798033697433092,0.1250641724992148
wh-meta-social-circle-ga-2,2021-11-01,1,20.22774260711721,0.6551254419912773,0.9765064156896802,0.1372939703113246
wh-meta-social-circle-ga-2,2021-11-01,2,19.75441317847222,0.6956761797835115,0.9803109480580364,0.1179102181240439
wh-meta-social-circle-ga-2,2021-11-01,3,20.154998636311927,0.6901848284501225,0.9806749738504482,0.1131112939578026
wh-meta-social-circle-ga-2,2021-11-01,4,19.227726420033623,0.7304561090874614,0.9827156593039802,0.1020956332732113
wh-meta-social-circle-ga-2,2021-11-17,0,20.744492220629073,0.6506052690484007,0.979932195486669,0.1277070954303046
wh-meta-social-circle-ga-2,2021-11-17,1,20.979429028098032,0.5802919582964535,0.9763796889909472,0.1403787914996542
wh-meta-social-circle-ga-2,2021-11-17,2,20.57644947306783,0.6231388860751363,0.9804959219445264,0.1190853215220836
wh-meta-social-circle-ga-2,2021-11-17,3,20.96553008334984,0.6132488479635467,0.980724604859919,0.1155410631867158
wh-meta-social-circle-ga-2,2021-11-17,4,20.13617261978405,0.6511318561374345,0.9827620166211318,0.1039860532525115
wh-meta-social-circle-ga-2,2021-12-03,0,21.12623532270528,0.5904643822354684,0.9791739717277472,0.1300133516414398
wh-meta-social-circle-ga-2,2021-12-03,1,21.21512469358249,0.528098753125205,0.975837989266502,0.1400475937471646
wh-meta-social-circle-ga-2,2021-12-03,2,20.86904413294509,0.5685600748099237,0.9797733924732124,0.121294214407431
wh-meta-social-circle-ga-2,2021-12-03,3,21.164712474482247,0.5560127866855658,0.9799272414047598,0.1177936014056941
wh-meta-social-circle-ga-2,2021-12-03,4,20.352818904312073,0.5945196180553081,0.9819735409484568,0.1045800200874978
wh-meta-social-circle-ga-2,2021-12-19,4,1.2315951728358443,0.5479359660255292,0.9776000000000002,0.084236624402985
wh-meta-social-circle-ga-2,2022-01-04,0,8.528216301309493,0.5561085978180498,0.9777196427064748,0.1148697342910379
wh-meta-social-circle-ga-2,2022-01-04,1,8.450452797040862,0.5223024295158251,0.9752001261586214,0.1213028367551702
wh-meta-social-circle-ga-2,2022-01-04,2,8.270172597186551,0.5552608434461836,0.9788953021582196,0.1072776371409183
wh-meta-social-circle-ga-2,2022-01-04,3,8.632701411530432,0.553423901052401,0.9791552496178388,0.1038847254969766
wh-meta-social-circle-ga-2,2022-01-04,4,7.96804008868324,0.5771887683181214,0.9811092183112056,0.0935135181282163
wh-meta-social-circle-ga-2,2022-02-05,0,7.7343486460031805,0.502390558786881,0.9779026983557232,0.1178677368080552
wh-meta-social-circle-ga-2,2022-02-05,1,7.895070421029018,0.4867486996913062,0.9753844261251888,0.131501311103255
wh-meta-social-circle-ga-2,2022-02-05,2,7.655626472282077,0.5201888783636556,0.979076259861178,0.1141945687359013
wh-meta-social-circle-ga-2,2022-02-05,3,8.090554351943032,0.5235367223384844,0.9795489128719412,0.1115601674247162
wh-meta-social-circle-ga-2,2022-02-05,4,7.402038738938939,0.550191782071858,0.981590657109286,0.0999319263242835
wh-meta-social-circle-ga-2,2022-02-21,0,15.391293430250771,0.4461243347046857,0.977510037846949,0.1563462468464243
wh-meta-social-circle-ga-2,2022-02-21,1,15.471051579847154,0.4318948904854868,0.9750805789085476,0.175951667183557
wh-meta-social-circle-ga-2,2022-02-21,2,14.398960648216557,0.4529571616695308,0.97826231945134,0.1608369481739762
wh-meta-social-circle-ga-2,2022-02-21,3,13.693402647716232,0.4619385544457972,0.9785624658257116,0.1495466709487942
wh-meta-social-circle-ga-2,2022-02-21,4,12.206429990001553,0.4708933393821928,0.9799479603439684,0.1456554493698218
wh-meta-social-circle-ga-2,2022-04-10,0,23.373285212366827,0.6272894306603243,0.9802320490510992,0.144755532349816
wh-meta-social-circle-ga-2,2022-04-10,1,23.83851977709419,0.6020053033074113,0.9771672575297936,0.1571891449820188
wh-meta-social-circle-ga-2,2022-04-10,2,23.225286204869523,0.6265656526680886,0.980935944480868,0.142726852692747
wh-meta-social-circle-ga-2,2022-04-10,3,23.56046574423639,0.6370761352968475,0.9815934203104674,0.1390355491300349
wh-meta-social-circle-ga-2,2022-04-10,4,22.49269366645169,0.6524260035622502,0.9834057055907852,0.1270980606867434
wh-meta-social-circle-ga-2,2022-05-12,0,31.343808157073553,0.7329101580111902,0.98172005258322,0.1639387183751854
wh-meta-social-circle-ga-2,2022-05-12,1,32.30544109659807,0.6857472822232163,0.9780984943900004,0.1772424346702628
wh-meta-social-circle-ga-2,2022-05-12,2,31.46708947649408,0.7246720086468598,0.9820957723658544,0.160853952287323
wh-meta-social-circle-ga-2,2022-05-12,3,32.21328182423294,0.7236080612856886,0.9826319631859696,0.1549447058274808
wh-meta-social-circle-ga-2,2022-05-12,4,30.27152139911949,0.7729831577866489,0.9847434311119982,0.1476596464108545
wh-meta-social-circle-ga-2,2022-05-28,0,30.614010987609877,0.7184789328748892,0.980544796158056,0.1616025191086997
wh-meta-social-circle-ga-2,2022-05-28,1,31.63141580315716,0.6700289735953174,0.9771954641763984,0.1759004186437056
wh-meta-social-circle-ga-2,2022-05-28,2,30.479160905279223,0.7179759960837556,0.981102059486254,0.1597891783791929
wh-meta-social-circle-ga-2,2022-05-28,3,31.073732201260015,0.7135602573898269,0.9814867979987884,0.1524650065352902
wh-meta-social-circle-ga-2,2022-05-28,4,29.35336638206839,0.7714914652791601,0.9837453714668516,0.146580997826275
wh-meta-social-circle-ga-2,2022-06-13,0,36.424482759162565,0.687128354882152,0.9809494250210138,0.1807323798929214
wh-meta-social-circle-ga-2,2022-06-13,1,37.47215323931986,0.6460658642725109,0.9763969482584058,0.1933930309980416
wh-meta-social-circle-ga-2,2022-06-13,2,35.42294110589358,0.7135354516168045,0.9808790080907775,0.1761745040825666
wh-meta-social-circle-ga-2,2022-06-13,3,35.47876197174919,0.7124235149101906,0.9814239420525664,0.1701793130597257
wh-meta-social-circle-ga-2,2022-06-13,4,34.143269214769596,0.7950752369683866,0.9847743342560472,0.1566051299727546
wh-meta-social-circle-ga-2,2022-06-29,4,23.227055658691427,0.8427274480349543,0.9842132527298808,0.1702142704394888
wh-meta-social-circle-ga-2,2022-07-15,0,33.93940104140138,0.7375410209135037,0.980875605301299,0.1612400822486563
wh-meta-social-circle-ga-2,2022-07-15,1,34.269412136162934,0.7172169411629511,0.9777440531776816,0.1772698792468652
wh-meta-social-circle-ga-2,2022-07-15,2,32.97405654040831,0.7644284177715794,0.9816888837935596,0.1576910123931916
wh-meta-social-circle-ga-2,2022-07-15,3,33.30580239366817,0.7644215698648879,0.982490606507942,0.1536782387006451
wh-meta-social-circle-ga-2,2022-07-15,4,31.60903414023062,0.7889393107047894,0.9841481589706594,0.1450370513029064
wh-meta-social-circle-ga-2,2022-07-31,0,30.342091491019993,0.7555649252301445,0.981453693144388,0.1606058909296243
wh-meta-social-circle-ga-2,2022-07-31,1,31.303042861859694,0.7075179435175751,0.9772922746833006,0.1833845098991317
wh-meta-social-circle-ga-2,2022-07-31,2,29.384827118939217,0.7662146598558219,0.982771145653736,0.1608256253689821
wh-meta-social-circle-ga-2,2022-07-31,3,30.190558274937217,0.7348117877614769,0.9821869168077174,0.1615511255411763
wh-meta-social-circle-ga-2,2022-07-31,4,28.927245824095156,0.7882912218325286,0.984652316156679,0.1471819217017419
wh-meta-social-circle-ga-2,2022-09-01,0,30.36118136962414,0.7590762042024015,0.9806843868839634,0.1446048864966924
wh-meta-social-circle-ga-2,2022-09-01,1,30.74820447525023,0.7322487325794076,0.9774838209549732,0.1602191501500416
wh-meta-social-circle-ga-2,2022-09-01,2,30.254153716159777,0.7635019245540408,0.981357026424348,0.1400798898336638
wh-meta-social-circle-ga-2,2022-09-01,3,30.629184401593267,0.7667036300793525,0.9819670889575388,0.1359429370204778
wh-meta-social-circle-ga-2,2022-09-01,4,29.408783501061304,0.8026613002299434,0.9839122193931285,0.1240619989700014
wh-meta-social-circle-ga-2,2022-09-17,0,28.12554478114396,0.7324651899954292,0.9813842380140132,0.1437105896617878
wh-meta-social-circle-ga-2,2022-09-17,1,28.583376008937453,0.6988865209362882,0.9774083755243044,0.1588721550720932
wh-meta-social-circle-ga-2,2022-09-17,2,27.923412476281683,0.7370061390971652,0.9819515537620732,0.1378225925873501
wh-meta-social-circle-ga-2,2022-09-17,3,28.4211866922671,0.7422828675605987,0.982685194134553,0.1332404085620334
wh-meta-social-circle-ga-2,2022-09-17,4,27.474010568524207,0.7712661034554856,0.9844648472937044,0.121314942575837
wh-meta-social-circle-ga-2,2022-10-03,0,23.342238045460117,0.7360482112153985,0.9800306568211238,0.1579999031233092
wh-meta-social-circle-ga-2,2022-10-03,1,23.090523123428248,0.6523266000471207,0.9740367826064904,0.1705300399985563
wh-meta-social-circle-ga-2,2022-10-03,2,22.11052783176406,0.7721451034005244,0.9825115595294016,0.1235424268186991
wh-meta-social-circle-ga-2,2022-10-03,3,24.456272951102836,0.695995313737923,0.9808942834457216,0.1487973619915144
wh-meta-social-circle-ga-2,2022-10-03,4,22.222441724262097,0.7596760906258176,0.9829519798897748,0.1306195184778883
wh-meta-social-circle-ga-2,2022-10-19,0,16.29476820526968,0.67756473668141,0.9795471046856602,0.1296108114052097
wh-meta-social-circle-ga-2,2022-10-19,1,16.721231745311087,0.6236894752381759,0.9764049349975896,0.1472686025326793
wh-meta-social-circle-ga-2,2022-10-19,2,16.376669805073817,0.6699455369399512,0.980198173604926,0.1286323478057337
wh-meta-social-circle-ga-2,2022-10-19,3,17.009488830940704,0.6623671447641208,0.9805565101062668,0.1262027760573045
wh-meta-social-circle-ga-2,2022-10-19,4,15.857257175819806,0.6988161334441244,0.9825311057571756,0.1134453250235693
wh-meta-social-circle-ga-2,2022-11-04,0,22.82277028523306,0.6176605542904339,0.9793129579707346,0.1216429490095807
wh-meta-social-circle-ga-2,2022-11-04,1,23.180857028258472,0.5676015080628579,0.9763433958467048,0.1350305974171602
wh-meta-social-circle-ga-2,2022-11-04,2,22.79592333185226,0.6066677634348233,0.9802157723079586,0.1178641579153896
wh-meta-social-circle-ga-2,2022-11-04,3,23.08999804792678,0.5988445813744221,0.9805279874647423,0.1129762389644806
wh-meta-social-circle-ga-2,2022-11-04,4,22.32493455132553,0.6267240086999748,0.9824616101556805,0.1047203402912673
wh-meta-social-circle-ga-2,2023-01-07,0,15.09924518787148,0.4675598143201724,0.977913827577252,0.1145246596999084
wh-meta-social-circle-ga-2,2023-01-07,1,14.94944126187015,0.4407448156615969,0.9751753657440752,0.1258035132804802
wh-meta-social-circle-ga-2,2023-01-07,2,14.564634712588228,0.4860520708991753,0.9790474311970782,0.1091526439781699
wh-meta-social-circle-ga-2,2023-01-07,3,14.856504499778945,0.4717612882528351,0.9791863277493552,0.1065849727764377
wh-meta-social-circle-ga-2,2023-01-07,4,14.208056106245827,0.4967294966574068,0.9811889552386518,0.0978844790802553
wh-meta-social-circle-ga-2,2023-01-23,0,5.692452066395356,0.3624312633543602,0.9773395348837208,0.1679393456249999
wh-meta-social-circle-ga-2,2023-01-23,1,8.70437398076695,0.4040788792537167,0.9745340668820506,0.154941560952519
wh-meta-social-circle-ga-2,2023-01-23,2,8.942684719644584,0.5068587303084146,0.979614154459379,0.1179308518639059
wh-meta-social-circle-ga-2,2023-01-23,3,8.950067939952786,0.5120663844136479,0.9783353652547822,0.109616856487199
wh-meta-social-circle-ga-2,2023-01-23,4,8.308658356687527,0.4811751088585053,0.9799450331475068,0.1201409872140635
wh-meta-social-circle-ga-2,2023-02-24,0,25.31255602462816,0.5255705455195964,0.9760411922924912,0.0944281804226773
wh-meta-social-circle-ga-2,2023-02-24,1,24.64502807903633,0.4443956109149425,0.9734838384496204,0.1627868981127676
wh-meta-social-circle-ga-2,2023-02-24,2,23.597865930261296,0.4149825529731986,0.9762646775718952,0.1857992071894132
wh-meta-social-circle-ga-2,2023-02-24,3,24.5077789848192,0.4770624352841732,0.9772741458269186,0.1449944064456017
wh-meta-social-circle-ga-2,2023-02-24,4,23.692586519788655,0.4673940496686056,0.9789268273076488,0.1550008027225355
wh-meta-social-circle-ga-2,2023-05-15,0,26.9763117461046,0.7955837220561298,0.9837285334326292,0.1895294258235811
wh-meta-social-circle-ga-2,2023-05-15,1,26.43933906761165,0.6931425504867802,0.9764151399220689,0.2216153594009918
wh-meta-social-circle-ga-2,2023-05-15,2,27.2562812496965,0.6584621572371182,0.9760463550675816,0.1961779035465335
wh-meta-social-circle-ga-2,2023-05-15,3,27.68647694270756,0.6972003287240939,0.980340315585311,0.166722255907601
wh-meta-social-circle-ga-2,2023-05-15,4,25.670461782847504,0.7126187294771367,0.9824837414375546,0.1755881316252587
wh-meta-social-circle-ga-2,2023-06-16,0,25.335568898703983,0.7449662568247123,0.9784763639944856,0.1343363956868667
wh-meta-social-circle-ga-2,2023-06-16,1,25.361456958809892,0.7614201740599525,0.9822723032754792,0.1481524985443038
wh-meta-social-circle-ga-2,2023-06-16,2,27.61068568386368,0.72405579621289,0.9818872401540818,0.1398761311967855
wh-meta-social-circle-ga-2,2023-06-16,3,27.366573172910588,0.7163331263607875,0.982503456315657,0.154295382453335
wh-meta-social-circle-ga-2,2023-06-16,4,26.78435728459666,0.7115319495825733,0.9836456198399192,0.1589925056469047
wh-meta-social-circle-ga-2,2023-07-02,0,32.588525498445115,0.7542596613359022,0.9818543837489848,0.160484914374662
wh-meta-social-circle-ga-2,2023-07-02,1,33.49838112041534,0.7122401779385491,0.978351201238269,0.1805761942015813
wh-meta-social-circle-ga-2,2023-07-02,2,32.424924566448325,0.7627080558933094,0.9826101264452116,0.1616043612404972
wh-meta-social-circle-ga-2,2023-07-02,3,32.131960376307184,0.763915490168211,0.9832565842355684,0.1573677995780802
wh-meta-social-circle-ga-2,2023-07-02,4,30.382840502605887,0.7639478301599115,0.9844753290427964,0.1496549168157567
wh-meta-social-circle-ga-2,2023-07-18,0,34.13978863497913,0.7326369484384521,0.980370565250776,0.1505239850938108
wh-meta-social-circle-ga-2,2023-07-18,1,35.39425665719471,0.6936219751799384,0.9773017824337374,0.1661613352870197
wh-meta-social-circle-ga-2,2023-07-18,2,34.65584641165736,0.7418650932738919,0.9813578663477296,0.1512118305345507
wh-meta-social-circle-ga-2,2023-07-18,3,35.00770873691322,0.7425946214797364,0.9821163773419403,0.1490724926902959
wh-meta-social-circle-ga-2,2023-07-18,4,33.6257838126389,0.7561611818430274,0.9836278695211388,0.1416838608713495
wh-meta-social-circle-ga-2,2023-08-19,0,29.749879898344258,0.7261571146407106,0.9807841156399212,0.1431204019811604
wh-meta-social-circle-ga-2,2023-08-19,1,30.344494081547147,0.704208641421411,0.9776885187580364,0.1591310463578543
wh-meta-social-circle-ga-2,2023-08-19,2,29.820895439715276,0.7454103377885407,0.9816857670194452,0.1445071550075027
wh-meta-social-circle-ga-2,2023-08-19,3,29.984867711004227,0.7493019969367924,0.9823943041960592,0.1406888354743162
wh-meta-social-circle-ga-2,2023-08-19,4,28.782978924910584,0.7617684695997772,0.9839114281891138,0.133552697499611
wh-meta-social-circle-ga-2,2023-09-04,0,31.529886821911106,0.7310124850537996,0.9803233619722196,0.1401567989414327
wh-meta-social-circle-ga-2,2023-09-04,1,32.18121639494173,0.706995827180761,0.9772960710429116,0.1599811218481636
wh-meta-social-circle-ga-2,2023-09-04,2,31.804491554686585,0.747272840478729,0.9812144800178072,0.141314637549734
wh-meta-social-circle-ga-2,2023-09-04,3,32.10171297817295,0.7525858712284328,0.981854949613704,0.1369119867527636
wh-meta-social-circle-ga-2,2023-09-04,4,30.918992922570904,0.7550263651166663,0.9834047009978,0.1273342710840367
wh-meta-social-circle-ga-2,2023-09-20,0,15.162844958118283,0.7093369043680811,0.9800381926715896,0.1522961138133436
wh-meta-social-circle-ga-2,2023-09-20,1,16.891565767135518,0.6305355929856834,0.9762989553244518,0.1859285149997998
wh-meta-social-circle-ga-2,2023-09-20,2,17.507241232792268,0.65813586710401,0.978183128835843,0.1685698396414131
wh-meta-social-circle-ga-2,2023-09-20,3,16.959933299209222,0.7060957139103088,0.9821335137132904,0.1533382285030016
wh-meta-social-circle-ga-2,2023-09-20,4,16.92933726156723,0.6052787040904741,0.9807334097054756,0.1501077150341064
wh-meta-social-circle-ga-2,2023-10-06,0,24.332338557659615,0.6703561111904822,0.980453090682744,0.1622089602020586
wh-meta-social-circle-ga-2,2023-10-06,1,25.3737802657554,0.6195373160082756,0.9768750869710736,0.1827271471276978
wh-meta-social-circle-ga-2,2023-10-06,2,24.66313860627868,0.6498347186614688,0.9804517638927228,0.1533184632501883
wh-meta-social-circle-ga-2,2023-10-06,3,24.554646997326135,0.671662866904735,0.9814824349074522,0.1279374419166801
wh-meta-social-circle-ga-2,2023-10-06,4,22.532567748438016,0.6626173117743998,0.9819680846829916,0.1148681922547093
wh-meta-social-circle-ga-2,2023-10-22,0,24.276216062886576,0.6882059308485262,0.980516061100332,0.1239256638120919
wh-meta-social-circle-ga-2,2023-10-22,1,24.6005245244589,0.6326284514421586,0.9770311811557892,0.1425010578453058
wh-meta-social-circle-ga-2,2023-10-22,2,24.412468040034938,0.6785764508643304,0.9810434375973252,0.1245775259039535
wh-meta-social-circle-ga-2,2023-10-22,3,24.97285616807792,0.666012374859254,0.9813500177539412,0.1214623622135875
wh-meta-social-circle-ga-2,2023-10-22,4,23.839787883745473,0.6879577403660811,0.9831603999048908,0.1116843534486058
wh-meta-social-circle-ga-2,2023-11-07,0,25.146119823327997,0.6191971244604574,0.979568317841398,0.1248496393288493
wh-meta-social-circle-ga-2,2023-11-07,1,25.43788737543051,0.5639134588815106,0.976413892861777,0.1403710110416136
wh-meta-social-circle-ga-2,2023-11-07,2,25.059613625022173,0.6087837037357442,0.9804242313316048,0.1230607094585615
wh-meta-social-circle-ga-2,2023-11-07,3,25.468545386499645,0.5950427830545086,0.980679358634259,0.1206191392680292
wh-meta-social-circle-ga-2,2023-11-07,4,24.45229633858045,0.6196039898141777,0.982515997567741,0.1121377777880245
wh-meta-social-circle-ga-2,2024-01-10,0,9.29447569420111,0.4170253558765617,0.9765450992062598,0.1190344900185828
wh-meta-social-circle-ga-2,2024-01-10,1,9.199341803749016,0.4582944822242956,0.9749788894636148,0.125818698458401
wh-meta-social-circle-ga-2,2024-01-10,2,9.015296375866766,0.5038569584852001,0.9787521899403638,0.1090972747926936
wh-meta-social-circle-ga-2,2024-01-10,3,9.35646302034981,0.4985032212479308,0.97902395497439,0.1073090100314128
wh-meta-social-circle-ga-2,2024-01-10,4,8.764237586871136,0.5078536083186581,0.9809459133511248,0.0961688926963644
wh-meta-social-circle-ga-2,2024-01-26,3,8.319597880581416,0.6620337138328016,0.979430882044836,0.1726182859314115
wh-meta-social-circle-ga-2,2024-01-26,4,10.501327183212949,0.5377326474986428,0.9779728152468886,0.0958131147673366
wh-meta-social-circle-ga-2,2024-03-14,0,27.564804068590345,0.3666981129486967,0.97586466058147,0.1393423232716598
wh-meta-social-circle-ga-2,2024-03-14,1,27.23337423644956,0.5094713972163329,0.975615226185374,0.1429142575150314
wh-meta-social-circle-ga-2,2024-03-14,2,27.217992664552828,0.5158778974508245,0.978920873524493,0.1295293058772867
wh-meta-social-circle-ga-2,2024-03-14,3,27.38455875282653,0.5329555384761994,0.9796148672283838,0.1280437348291447
wh-meta-social-circle-ga-2,2024-03-14,4,26.61431625601367,0.5173940341006401,0.9810829122757008,0.1162893587577275
wh-meta-social-circle-ga-2,2024-03-30,0,25.911251368159967,0.3934153390119943,0.9765368015011558,0.1479651999203307
wh-meta-social-circle-ga-2,2024-03-30,1,25.75849738217289,0.5858064226675711,0.9767932993274018,0.1544515928052885
wh-meta-social-circle-ga-2,2024-03-30,2,25.961857768725565,0.5766645754415592,0.9800287662168752,0.1377637987769639
wh-meta-social-circle-ga-2,2024-03-30,3,26.256658788681932,0.5983181382841322,0.980858513487958,0.1358601921974573
wh-meta-social-circle-ga-2,2024-03-30,4,25.56495162189884,0.5760510197951094,0.9820769205538252,0.1238103548252517
wh-meta-social-circle-ga-2,2024-04-15,0,30.985090723497624,0.4712203248001529,0.9779093554205625,0.1675997077572047
wh-meta-social-circle-ga-2,2024-04-15,1,29.545475966421023,0.6862042729000432,0.9782200059974828,0.1680681888907989
wh-meta-social-circle-ga-2,2024-04-15,2,29.501375020974685,0.6955801423969841,0.9819067568714231,0.1504113179372804
wh-meta-social-circle-ga-2,2024-04-15,3,29.66828883739947,0.7132856307761269,0.9828012407795884,0.1472523134639037
wh-meta-social-circle-ga-2,2024-04-15,4,28.601988079408237,0.7108908275006318,0.9842330904408748,0.1367703415248368
wh-meta-social-circle-ga-2,2024-05-01,0,32.85178450569838,0.4907193611617013,0.9772722867644722,0.174644913083254
wh-meta-social-circle-ga-2,2024-05-01,1,31.03065065441257,0.7186405865905207,0.9776516830057694,0.178150868136687
wh-meta-social-circle-ga-2,2024-05-01,2,30.876884066245864,0.7254434362283707,0.9808942358966456,0.1613849352181678
wh-meta-social-circle-ga-2,2024-05-01,3,30.877216941520658,0.7410590197681094,0.9818740710723408,0.1535303872565556
wh-meta-social-circle-ga-2,2024-05-01,4,29.703499984086175,0.7585496697751559,0.9836262565257656,0.1467323305291486
wh-meta-social-circle-ga-2,2024-06-18,0,31.47240606852938,0.4510311115863109,0.9764616084003072,0.2032963382954786
wh-meta-social-circle-ga-2,2024-06-18,1,28.920122989359477,0.6059420443683814,0.975125402726384,0.2080047351774628
wh-meta-social-circle-ga-2,2024-06-18,2,25.73351034795025,0.6852755081075972,0.98125492451038,0.1813545650091627
wh-meta-social-circle-ga-2,2024-06-18,3,27.97890126926131,0.685219360965835,0.98190445066575,0.1785596801384734
wh-meta-social-circle-ga-2,2024-06-18,4,26.55491537764392,0.723530566964442,0.9834836425180202,0.1798788758466081
wh-meta-social-circle-ga-2,2024-07-04,0,27.062834078021805,0.6264518228979853,0.9815877067751604,0.1667632952836382
wh-meta-social-circle-ga-2,2024-07-04,1,28.677257922749423,0.673081162980829,0.9807238202060696,0.1756445698770834
wh-meta-social-circle-ga-2,2024-07-04,2,28.68005822231433,0.7118571011989452,0.982392788951036,0.1540177338565412
wh-meta-social-circle-ga-2,2024-07-04,3,29.10908984572365,0.6788319688350134,0.980539343942314,0.1554700073766602
wh-meta-social-circle-ga-2,2024-07-04,4,24.88923203222053,0.8024295616773491,0.9837875530277514,0.1575311703486146
wh-meta-social-circle-ga-2,2024-08-21,0,26.053807816694498,0.4299424042688404,0.976001632766536,0.2137825351121258
wh-meta-social-circle-ga-2,2024-08-21,1,27.05051781243374,0.5889569355089441,0.9756160287223704,0.2042290036645652
wh-meta-social-circle-ga-2,2024-08-21,2,27.172172346511022,0.6485145360661636,0.978455950588712,0.1834019176052891
wh-meta-social-circle-ga-2,2024-08-21,3,27.04788298812015,0.7108874439861803,0.9822890616749954,0.161696224155762
wh-meta-social-circle-ga-2,2024-08-21,4,26.9414635735283,0.7095066831909064,0.9828588247126148,0.1488458294775333
wh-meta-social-circle-ga-2,2024-09-22,0,37.14637501237654,0.4647094179680051,0.977128149406852,0.1620517325861439
wh-meta-social-circle-ga-2,2024-09-22,1,36.37921309940746,0.635832325255641,0.9770899010566771,0.1492833082570271
wh-meta-social-circle-ga-2,2024-09-22,2,35.699354284151994,0.673611740179893,0.9808990953501596,0.1340180918459733
wh-meta-social-circle-ga-2,2024-09-22,3,36.49303550431248,0.669331739736491,0.9814636072146016,0.1294436926360393
wh-meta-social-circle-ga-2,2024-09-22,4,34.59850232325496,0.7013278010346591,0.9832270989946618,0.1236270666572812
wh-meta-social-circle-ga-2,2024-10-08,0,27.87699363860381,0.4570836538652933,0.9769938649777142,0.1806474799715695
wh-meta-social-circle-ga-2,2024-10-08,1,27.195212139978736,0.6423771792192086,0.977051824915907,0.1464309202246822
wh-meta-social-circle-ga-2,2024-10-08,2,26.55183669734317,0.6893813628794605,0.9810456213518508,0.1307392214831845
wh-meta-social-circle-ga-2,2024-10-08,3,27.094808637492832,0.6917201748797681,0.981660010937762,0.1277927298647493
wh-meta-social-circle-ga-2,2024-10-08,4,25.957560108828204,0.7156956935586453,0.983426884987184,0.1176531703935289
wh-meta-social-circle-ga-2,2024-10-24,0,28.683926202129182,0.4332130691417116,0.976093714589476,0.203597386117017
wh-meta-social-circle-ga-2,2024-10-24,1,28.54022432481681,0.6186829216728084,0.9762154065642143,0.1439873069628882
wh-meta-social-circle-ga-2,2024-10-24,2,27.890879412804654,0.6665158615461644,0.979965059277583,0.1294516720302627
wh-meta-social-circle-ga-2,2024-10-24,3,28.433899431539285,0.6657472451266214,0.9804514761786932,0.1269548146497023
wh-meta-social-circle-ga-2,2024-10-24,4,27.246818518938785,0.6898995359600606,0.9822975996495128,0.1163048530730109
wh-meta-social-circle-ga-2,2024-11-09,2,18.46019849079453,0.5513315758004005,0.9789194873872537,0.1207302617479875
wh-meta-social-circle-ga-2,2024-11-09,3,20.55343521141912,0.651234536925501,0.976660120351516,0.0971086561311017
wh-meta-social-circle-ga-2,2024-11-09,4,19.221805010883504,0.6853855604605674,0.978610480419897,0.0654568754607153
wh-meta-social-circle-ga-2,2024-11-25,0,16.146317668876808,0.4315745883842253,0.9717431103686184,0.1413247677088802
wh-meta-social-circle-ga-2,2024-11-25,1,15.84679262428073,0.5392572244801948,0.9765168812364552,0.1494960060543404
wh-meta-social-circle-ga-2,2024-11-25,2,15.035943998423,0.578123957047894,0.9796753661299024,0.1241470929023482
wh-meta-social-circle-ga-2,2024-11-25,3,15.857279803681596,0.5754088231990977,0.9797933932777328,0.1240510168805345
wh-meta-social-circle-ga-2,2024-11-25,4,15.74770228019724,0.5971284832586693,0.9814940272154158,0.1119936797326867
wh-meta-social-circle-ga-2,2024-12-11,0,10.116418724930636,0.3429783135538967,0.975416200218982,0.1870329841474292
wh-meta-social-circle-ga-2,2024-12-11,1,10.11907526386634,0.5240846082520132,0.9768306383924203,0.1236834942148463
wh-meta-social-circle-ga-2,2024-12-11,2,9.74562866869496,0.5465870917486353,0.9789311382042214,0.1093731297005785
wh-meta-social-circle-ga-2,2024-12-11,3,10.222784478121056,0.5607160361428534,0.97953671518454,0.0974440524998567
wh-meta-social-circle-ga-2,2024-12-11,4,9.649254926806934,0.5750405390387574,0.9814505233890892,0.0891162563717083
wh-meta-social-circle-ga-2,2025-01-12,0,2.5666814355574092,0.2463521746221212,0.9772117707543144,0.1570057544669756
wh-meta-social-circle-ga-2,2025-01-12,1,2.7479659520737036,0.3952734442725296,0.9766133045231234,0.1162990097763807
wh-meta-social-circle-ga-2,2025-01-12,2,2.735027351783444,0.4258976724138551,0.9782832989648212,0.115022422558095
wh-meta-social-circle-ga-2,2025-01-12,3,2.9283666763280323,0.412341851473263,0.9789157015165088,0.1179734019017586
wh-meta-social-circle-ga-2,2025-01-12,4,1.966650485337248,0.4397810090345146,0.9809539189642156,0.11126066283407
wh-meta-social-circle-ga-2,2025-01-28,0,10.729598961852568,0.2876750367310827,0.9748557498091384,0.1935047534402468
wh-meta-social-circle-ga-2,2025-01-28,1,10.67555686044745,0.4722061796862047,0.9751392212430652,0.1244759639390621
wh-meta-social-circle-ga-2,2025-01-28,2,10.292881164017285,0.5112414843495677,0.9789269678439232,0.1095043998730671
wh-meta-social-circle-ga-2,2025-01-28,3,10.762144854232696,0.5054991804576855,0.9792479759382684,0.1074672714799428
wh-meta-social-circle-ga-2,2025-01-28,4,10.059212403183786,0.5274254555540385,0.9811127397116568,0.0961837132264578
wh-meta-social-circle-ga-2,2025-03-01,0,24.01241729306888,0.2885185456982838,0.9748349246014256,0.2035861126520126
wh-meta-social-circle-ga-2,2025-03-01,1,23.52925371916516,0.4397489758586212,0.9748805784541932,0.1440438316089989
wh-meta-social-circle-ga-2,2025-03-01,2,23.04715022483389,0.4717861814203279,0.9784857351932196,0.1298912383651981
wh-meta-social-circle-ga-2,2025-03-01,3,23.53048683260216,0.4783154228843733,0.9790112130323524,0.1289653376052223
wh-meta-social-circle-ga-2,2025-03-01,4,22.5926465177254,0.4861442969495657,0.980765261821868,0.1159518531379753
wh-meta-social-circle-ga-2,2025-03-17,0,19.171763518602273,0.3209044271380981,0.9750445003793762,0.2111262265717386
wh-meta-social-circle-ga-2,2025-03-17,1,18.41699455253842,0.4904363963885583,0.9752624436410768,0.149821074109245
wh-meta-social-circle-ga-2,2025-03-17,2,17.9428665215207,0.5142042756021947,0.9786781424942456,0.1345788896055052
wh-meta-social-circle-ga-2,2025-03-17,3,18.30243397620295,0.5318282604127181,0.9793228064453358,0.1320645183196246
wh-meta-social-circle-ga-2,2025-03-17,4,17.53155994554052,0.5236517962634081,0.980868651195954,0.1195041981077216
wh-meta-social-circle-ga-2,2025-04-18,0,31.434166126648957,0.4552758397709799,0.9774757493287054,0.221658952854219
wh-meta-social-circle-ga-2,2025-04-18,1,29.408319976182145,0.6446542779102934,0.9777393713547504,0.1695417661942033
wh-meta-social-circle-ga-2,2025-04-18,2,28.601045485494133,0.6887656043242898,0.9817666695844296,0.1528953315151733
wh-meta-social-circle-ga-2,2025-04-18,3,29.13631206388521,0.6989270616009933,0.9825507440768456,0.1490046155438904
wh-meta-social-circle-ga-2,2025-04-18,4,27.717782864514906,0.7152776143179679,0.984205922333592,0.1393984203938403
wh-meta-social-circle-ga-2,2025-05-04,0,26.69383535530481,0.4980991070250106,0.9778775326333372,0.2378895574428549
wh-meta-social-circle-ga-2,2025-05-04,1,24.31329671148144,0.6855915763646113,0.9768915605022632,0.1907385843820333
wh-meta-social-circle-ga-2,2025-05-04,2,22.55125209818361,0.7407420044538158,0.9820509357495704,0.1642114554433332
wh-meta-social-circle-ga-2,2025-05-04,3,23.258902240163547,0.726548946590554,0.9820454242926964,0.1629606897709535
wh-meta-social-circle-ga-2,2025-05-04,4,22.03953823104488,0.7500963698562746,0.9843955120938538,0.1512233877099956
wh-meta-social-circle-ga-2,2025-05-20,0,36.92534995920901,0.4891709952594009,0.9770302549760632,0.2455508099923529
wh-meta-social-circle-ga-2,2025-05-20,1,33.19109796636481,0.6078744885546915,0.9734855591907954,0.2286280338504348
wh-meta-social-circle-ga-2,2025-05-20,2,31.478552310948512,0.6559058987153983,0.9797894622008348,0.1898788999413407
wh-meta-social-circle-ga-2,2025-05-20,3,31.38581516230585,0.7313760188514719,0.9819974629776026,0.1725246423971338
wh-meta-social-circle-ga-2,2025-05-20,4,30.213288124897137,0.7568159895881452,0.984003196210162,0.1614360771944673
wh-meta-social-circle-ga-2,2025-06-05,2,21.44397992000002,0.8713763261199444,0.9844,0.1596278716666666
wh-meta-social-circle-ga-2,2025-06-21,0,36.769137510519705,0.5090809127762113,0.9789782572855794,0.2572136138165841
wh-meta-social-circle-ga-2,2025-06-21,1,32.986154603087165,0.7790348805670402,0.9774756007684056,0.1682699433729101
wh-meta-social-circle-ga-2,2025-06-21,2,32.27814739302802,0.7763865577165094,0.9817675965899324,0.1616275211645086
wh-meta-social-circle-ga-2,2025-06-21,3,32.41271017202563,0.7582566258738199,0.9821665623082508,0.1617241925151109
wh-meta-social-circle-ga-2,2025-06-21,4,31.821245963737557,0.756190963938217,0.983905541502184,0.1584100343881216
wh-meta-social-circle-ga-2,2025-07-07,0,43.13096167340834,0.4971485020464868,0.9770147244169608,0.219847954851077
wh-meta-social-circle-ga-2,2025-07-07,1,39.36528945072849,0.6866839382746242,0.9770715161969904,0.1689054208717209
wh-meta-social-circle-ga-2,2025-07-07,2,38.62119233374977,0.7231146370043736,0.9808466459723232,0.1531835100278232
wh-meta-social-circle-ga-2,2025-07-07,3,39.092705035398694,0.730664044648168,0.9815219509514954,0.1487644133604502
wh-meta-social-circle-ga-2,2025-07-07,4,37.396365538332134,0.7637189745251832,0.983228199101478,0.1408405086601145
wh-meta-social-circle-ga-2,2025-08-08,2,24.832399866800017,0.7948962632054065,0.981376,0.1201771770499999
wh-meta-social-circle-ga-2,2025-08-24,0,36.55571686187388,0.5120892152765272,0.9771686587113252,0.2131415266928226
wh-meta-social-circle-ga-2,2025-08-24,1,32.689899383408225,0.6758054724625698,0.9772126963316814,0.1702780324945018
wh-meta-social-circle-ga-2,2025-08-24,2,31.55808041214981,0.7386742716849805,0.9813943252264896,0.147067389535328
wh-meta-social-circle-ga-2,2025-08-24,3,31.99862290174108,0.7662425256196383,0.9828054125494255,0.1347950122750659
wh-meta-social-circle-ga-2,2025-08-24,4,30.774966554022633,0.7799745521695801,0.9845247313304788,0.121771203827573
wh-meta-social-circle-ga-2,2025-09-09,0,29.5137649831589,0.500452270771625,0.976994943138705,0.2033420879532204
wh-meta-social-circle-ga-2,2025-09-09,1,27.334271862328677,0.6777952950926487,0.9769114244476168,0.1513385886286247
wh-meta-social-circle-ga-2,2025-09-09,2,26.765639014372955,0.7255143422818027,0.9807935283239696,0.1349663033362674
wh-meta-social-circle-ga-2,2025-09-09,3,27.5435116693357,0.7232185373203035,0.9813328015456032,0.1300230176345529
wh-meta-social-circle-ga-2,2025-09-09,4,26.190819608254017,0.7465137718919826,0.9831103002818672,0.1200261742131751
wh-meta-social-circle-ga-2,2025-09-25,3,30.692066114866815,0.6641041964664023,0.976817873531288,0.0700171416295371
wh-meta-social-circle-ga-2,2025-09-25,4,30.641884556296837,0.6871059954028541,0.981036309914875,0.1366803458151939
wh-meta-social-circle-ga-2,2025-10-11,0,26.11120753371454,0.4639484552943338,0.9771109120069762,0.1968779508256701
wh-meta-social-circle-ga-2,2025-10-11,1,24.991362459996,0.6121467823938137,0.9768294668752656,0.1432010299527168
wh-meta-social-circle-ga-2,2025-10-11,2,24.17665145976775,0.6696472264601673,0.980871038127112,0.1217702930555069
wh-meta-social-circle-ga-2,2025-10-11,3,25.040368052322847,0.6537343792334437,0.9811603619023564,0.1191099893226283
wh-meta-social-circle-ga-2,2025-10-11,4,23.764460985689706,0.6933546336058206,0.9832035138193392,0.1068930141862013
wh-meta-social-circle-ga-2,2025-11-12,0,17.26587621842913,0.404325892149194,0.9762003221251434,0.1950848519396885
wh-meta-social-circle-ga-2,2025-11-12,1,16.845863654658263,0.5381399068980168,0.9759095447255844,0.1356929450002133
wh-meta-social-circle-ga-2,2025-11-12,2,16.493935309934436,0.5881531070818489,0.9799143965554616,0.1158939535978122
wh-meta-social-circle-ga-2,2025-11-12,3,17.00128083401295,0.5808313032082564,0.9801792069703168,0.1114026664600674
wh-meta-social-circle-ga-2,2025-11-12,4,16.308599146891755,0.6059640056189649,0.9820587348949684,0.1012146223558743
wh-meta-social-circle-ga-2,2025-11-28,0,10.298614486991386,0.3839543096904639,0.9757224432863666,0.1861980280739512
wh-meta-social-circle-ga-2,2025-11-28,1,9.655606784337389,0.5007559936742159,0.9751342067385614,0.1310774323530882
wh-meta-social-circle-ga-2,2025-11-28,2,9.32999023491414,0.5497860424280697,0.978831814233679,0.1128104211725593
wh-meta-social-circle-ga-2,2025-11-28,3,9.796004592524945,0.5484548056125226,0.9791940202088666,0.1084623727827307
wh-meta-social-circle-ga-2,2025-11-28,4,9.180872474010036,0.5660338125693981,0.981024311054754,0.0972102336552854
wh-meta-social-circle-ga-2,2025-12-14,0,9.707920742613414,0.3617957812441297,0.9750340413544932,0.1826347384452422
wh-meta-social-circle-ga-2,2025-12-14,1,9.109456089059336,0.4797843779266953,0.974404518709571,0.1273174446088119
wh-meta-social-circle-ga-2,2025-12-14,2,8.753912469653486,0.5328196986418842,0.9779756517608346,0.1093545037328634
wh-meta-social-circle-ga-2,2025-12-14,3,9.197172359476706,0.5302345720566998,0.9783196920046164,0.1063672251254293
wh-meta-social-circle-ga-2,2025-12-14,4,8.640459824716899,0.5486336837100053,0.9801675146463604,0.0949341609089523
wh-meta-social-circle-ga-2,2025-12-30,0,6.332576662815503,0.3269690851522501,0.975104477571252,0.1907787937419749
wh-meta-social-circle-ga-2,2025-12-30,1,5.978600050732746,0.4506088466439174,0.9747312066229424,0.1280854171497512
wh-meta-social-circle-ga-2,2025-12-30,2,5.680752920445265,0.4970455404544389,0.9783443937381164,0.1104040687498098
wh-meta-social-circle-ga-2,2025-12-30,3,6.222744694696491,0.4994959495779886,0.9787910741605812,0.1081528880442063
wh-meta-social-circle-ga-2,2025-12-30,4,5.5395349535519385,0.5138833565100426,0.9805727516451052,0.0962454811704591
wh-meta-social-circle-ga-2,2026-01-15,0,3.966689001552023,0.3273254476619036,0.9749833291588303,0.1878481337891473
wh-meta-social-circle-ga-2,2026-01-15,1,3.3671674037023487,0.4586251512264587,0.974638933798172,0.1248571428565235
wh-meta-social-circle-ga-2,2026-01-15,2,3.1734384551142796,0.501033993861178,0.9781872564462796,0.1067016437606674
wh-meta-social-circle-ga-2,2026-01-15,3,3.717992090961795,0.5105365217587032,0.978725491381064,0.1045337707881025
wh-meta-social-circle-ga-2,2026-01-15,4,3.1317651960279305,0.5191912953468808,0.9804002778683564,0.0928712140333565
wh-meta-social-circle-ga-2,2026-02-16,0,19.050294004378816,0.3258849999953492,0.9749015688537304,0.1894605601030454
wh-meta-social-circle-ga-2,2026-02-16,1,18.226264670555565,0.4643568168325624,0.9746753015779724,0.1273669147858702
wh-meta-social-circle-ga-2,2026-02-16,2,17.776625592941638,0.5031241175058433,0.9782694664344196,0.1089061540444419
wh-meta-social-circle-ga-2,2026-02-16,3,18.253556415502985,0.5160059386683025,0.9788520887962104,0.1082403651131804
wh-meta-social-circle-ga-2,2026-02-16,4,17.45084243551211,0.518974641871145,0.9804780550443496,0.094598828703745
wh-meta-social-circle-ga-2,2026-03-04,0,22.443747966905907,0.3169401166104448,0.9743786203355802,0.183637189472846
wh-meta-social-circle-ga-2,2026-03-04,1,21.957314113569733,0.4438144560183771,0.9744901497401834,0.1478210220749726
wh-meta-social-circle-ga-2,2026-03-04,2,20.941613596530875,0.4761227995089168,0.977596878791767,0.1283285707650818
wh-meta-social-circle-ga-2,2026-03-04,3,20.50518558806405,0.4747749518446126,0.977999709729676,0.1415244237445641
wh-meta-social-circle-ga-2,2026-03-04,4,20.032452462281515,0.4738623926023353,0.9792827284708202,0.1304825529629157
wh-meta-social-circle-ga-2,2026-03-20,0,26.877193367762583,0.3623513235300124,0.9757578922020742,0.2048167091725691
wh-meta-social-circle-ga-2,2026-03-20,1,25.417542177853488,0.5360110991964868,0.9760779563728552,0.1488498422546862
wh-meta-social-circle-ga-2,2026-03-20,2,25.371301510214128,0.5279310780862067,0.9792146229026008,0.1305849944476727
wh-meta-social-circle-ga-2,2026-03-20,3,25.57193718781571,0.554077584070526,0.9801185743369776,0.1294720947199004
wh-meta-social-circle-ga-2,2026-03-20,4,25.014795743644655,0.5276041529949825,0.981286133982736,0.1164084350033169
wh-meta-social-circle-ga-2,2026-04-21,0,29.695306870149658,0.4799768882537181,0.9776601652907596,0.2265814814284949
wh-meta-social-circle-ga-2,2026-04-21,1,26.90316518923368,0.6718681333227432,0.9778340694890186,0.1737489154154242
wh-meta-social-circle-ga-2,2026-04-21,2,26.38619678069349,0.6828707809183737,0.9813124499675588,0.1539303301785473
wh-meta-social-circle-ga-2,2026-04-21,3,26.853180730408223,0.6883849016085402,0.9820344992088224,0.1502842034465651
wh-meta-social-circle-ga-2,2026-04-21,4,24.44058762720236,0.7081888142572889,0.9835937303283736,0.1425880428749467
wh-meta-social-circle-ga-2,2026-06-24,0,24.24165122428339,0.520598907706506,0.977215123254798,0.2494368733409004
wh-meta-social-circle-ga-2,2026-06-24,1,21.54290201491266,0.6860711928164879,0.977352873455576,0.1922853066539732
wh-meta-social-circle-ga-2,2026-06-24,2,19.30166539166974,0.7361271686699348,0.9812647011426208,0.1750437070079048
wh-meta-social-circle-ga-2,2026-06-24,3,21.337960551956662,0.7329960928843945,0.9813668165102528,0.1725637449601802
wh-meta-social-circle-ga-2,2026-06-24,4,19.13975576231017,0.7254365840381731,0.982197119910823,0.1670028645157602
wh-meta-social-circle-ga-2,2026-07-10,0,27.044278270861383,0.7005543786633167,0.97514755172889,0.0963059810850535
wh-meta-social-circle-ga-2,2026-07-10,1,24.905005426602713,0.7546366742209698,0.9754059943470744,0.1324859479324967
wh-meta-social-circle-ga-2,2026-07-10,2,25.16716256828776,0.8112047728975241,0.9819302402611412,0.1093471699640152
wh-meta-social-circle-ga-2,2026-07-10,3,22.550737777055133,0.7511378341503681,0.9826851635383718,0.158735621136537
wh-meta-social-circle-ga-2,2026-07-10,4,23.38009719743202,0.7181145095760894,0.9825418234632316,0.1584139400349429
wh-meta-social-circle-ga-2,2026-07-26,0,36.5621698175034,0.5405012257631417,0.9782128934060894,0.215746726327142
wh-meta-social-circle-ga-2,2026-07-26,1,33.66779886685041,0.7110674726712849,0.9778329781845366,0.1703269336371274
wh-meta-social-circle-ga-2,2026-07-26,2,32.68493634020875,0.7483778275471835,0.9818329928361684,0.152700752367383
wh-meta-social-circle-ga-2,2026-07-26,3,32.85777202701353,0.7668775253842094,0.982936075296828,0.1477284655849738
wh-meta-social-circle-ga-2,2026-07-26,4,31.591749913579175,0.7705311971483072,0.9842644677273702,0.1409363087202917
wh-meta-social-circle-ga-2,2026-08-11,0,40.35425942211514,0.5382876299552726,0.9779223869475732,0.2224138628280484
wh-meta-social-circle-ga-2,2026-08-11,1,37.02081191864578,0.7350149483563317,0.9785978517640704,0.1673822191689198
wh-meta-social-circle-ga-2,2026-08-11,2,36.63551118284447,0.7493378030725466,0.9818727726150492,0.1495810514939322
wh-meta-social-circle-ga-2,2026-08-11,3,37.24083698941587,0.7522104012108594,0.9822762187988564,0.145964824022822
wh-meta-social-circle-ga-2,2026-08-11,4,35.99335369107289,0.7611854421774119,0.9836812184037618,0.1381326767038735
wh-meta-social-circle-ga-2,2013-04-17,0,29.239840024128593,0.6662375776825926,0.9806642521251994,0.1548889990765888
wh-meta-social-circle-ga-2,2013-04-17,1,28.198866620775213,0.6531771629070746,0.9772822204923064,0.1697739226749986
wh-meta-social-circle-ga-2,2013-04-17,2,28.168220963813123,0.6462313925858917,0.9806231091711604,0.155373097027222
wh-meta-social-circle-ga-2,2013-04-17,3,28.747413724076097,0.673264550636383,0.9817801245221872,0.1495002002396557
wh-meta-social-circle-ga-2,2013-04-17,4,28.135435513634025,0.6952503905620692,0.9834913825886524,0.1394418708623369
wh-meta-social-circle-ga-2,2013-06-04,0,28.67607862548404,0.6672409736137568,0.9814252727956853,0.1918839963153142
wh-meta-social-circle-ga-2,2013-06-04,1,27.820096946318063,0.695563805090723,0.9744282975869428,0.1941265775017732
wh-meta-social-circle-ga-2,2013-06-04,2,26.233720600604936,0.7415609404495076,0.981430638664008,0.1839313459195291
wh-meta-social-circle-ga-2,2013-06-04,3,28.765412667244643,0.6849831971538408,0.9803162787504188,0.1761683234538301
wh-meta-social-circle-ga-2,2013-06-04,4,27.064374876269216,0.7370983197360857,0.9833743545725953,0.1706854140023316
wh-meta-social-circle-ga-2,2013-06-20,1,24.810420633837698,0.8610799688581989,0.9843371747834831,0.177004877469176
wh-meta-social-circle-ga-2,2013-06-20,2,26.914557771279952,0.7482540742211321,0.9816343889116028,0.1902594785242972
wh-meta-social-circle-ga-2,2013-06-20,3,27.1390785095029,0.7455069841397963,0.9827080847206872,0.1784273430774392
wh-meta-social-circle-ga-2,2013-06-20,4,25.733793350420065,0.8126481073536679,0.9847253786180228,0.1702853287381099
wh-meta-social-circle-ga-2,2013-07-06,0,22.59464705789984,0.7499665408636502,0.9838683225632736,0.2534377206621904
wh-meta-social-circle-ga-2,2013-07-06,1,26.984979933400517,0.7034622956006449,0.9826107612574098,0.2408397511388451
wh-meta-social-circle-ga-2,2013-07-06,2,26.302325262199425,0.7358579476787336,0.9811909989572656,0.2041214862871156
wh-meta-social-circle-ga-2,2013-07-06,3,25.462618933898884,0.7223544011502656,0.9809522145566488,0.1926555901787774
wh-meta-social-circle-ga-2,2013-07-06,4,24.127170580229404,0.7891353665451821,0.984349755007239,0.1713331498493061
wh-meta-social-circle-ga-2,2013-07-22,0,22.163044019145925,0.7964255658672127,0.9821185844207192,0.2183996390816528
wh-meta-social-circle-ga-2,2013-07-22,1,26.258048087506996,0.7609577678229105,0.9691749614513958,0.2195810044866473
wh-meta-social-circle-ga-2,2013-07-22,2,26.24425062100353,0.8242930346378669,0.9839771697767058,0.1746843437726503
wh-meta-social-circle-ga-2,2013-07-22,3,26.65410111184405,0.8129848219196874,0.982897047026818,0.1742453034436346
wh-meta-social-circle-ga-2,2013-07-22,4,26.717206257522047,0.8119017431627984,0.9841170888050343,0.1644988537264251
wh-meta-social-circle-ga-2,2013-08-23,0,32.39417543189144,0.7462364878763132,0.9813227023449336,0.1676662870719551
wh-meta-social-circle-ga-2,2013-08-23,1,32.11344460613104,0.8048991353768193,0.9814767294030668,0.1664094875462602
wh-meta-social-circle-ga-2,2013-08-23,2,33.507231810886566,0.6948526835360123,0.9801717791904276,0.1816234236964029
wh-meta-social-circle-ga-2,2013-08-23,3,31.839190222469963,0.761497309816151,0.9821398754670978,0.1501292897332312
wh-meta-social-circle-ga-2,2013-08-23,4,30.89393412002096,0.8179042027028581,0.9847781438467672,0.1474717606255835
wh-meta-social-circle-ga-2,2013-09-08,0,35.717363787216456,0.6622272233824672,0.9804694066706964,0.1443224957883226
wh-meta-social-circle-ga-2,2013-09-08,1,34.53171531874216,0.6851114950142178,0.9775776374158128,0.1598001905818429
wh-meta-social-circle-ga-2,2013-09-08,2,33.91934320233591,0.7272295938491096,0.9817996915995822,0.141755054968716
wh-meta-social-circle-ga-2,2013-09-08,3,34.82565579899024,0.7159144497741178,0.9823377579424596,0.1374754185522286
wh-meta-social-circle-ga-2,2013-09-08,4,33.00814719485292,0.7768471182070092,0.9845576176396555,0.1281217749132221
wh-meta-social-circle-ga-2,2013-10-10,0,26.60128398507635,0.7014991371373623,0.9800112190651616,0.1375800768101442
wh-meta-social-circle-ga-2,2013-10-10,1,26.801478244883103,0.6563827841687938,0.9765287185598168,0.1485563538251502
wh-meta-social-circle-ga-2,2013-10-10,2,26.16990036186522,0.7106830354184778,0.9805496184875756,0.1326948854657186
wh-meta-social-circle-ga-2,2013-10-10,3,26.70139455709075,0.7036329274324307,0.9809641544113776,0.1315819839690203
wh-meta-social-circle-ga-2,2013-10-10,4,25.43943071309889,0.7647157133774775,0.983126157381628,0.1164933231854082
wh-meta-social-circle-ga-2,2013-10-26,0,17.756829025979425,0.6830163864596286,0.9809137291895484,0.1386057154951281
wh-meta-social-circle-ga-2,2013-10-26,1,17.77237533434337,0.6115206992757264,0.9770755318531112,0.150735479376425
wh-meta-social-circle-ga-2,2013-10-26,2,17.02215199611808,0.6721274062679531,0.9813421006455432,0.1301746977785425
wh-meta-social-circle-ga-2,2013-10-26,3,17.430202700267053,0.6710455904922614,0.9818567795565224,0.1243822095760807
wh-meta-social-circle-ga-2,2013-10-26,4,16.07967507808145,0.7295252838496603,0.984025092313317,0.1133905887524021
wh-meta-social-circle-ga-2,2013-11-11,0,19.22591232756595,0.6307927202946522,0.9799938373832436,0.1390237321016147
wh-meta-social-circle-ga-2,2013-11-11,1,19.05854042496953,0.5590411223381335,0.9762684763629352,0.1517567221992602
wh-meta-social-circle-ga-2,2013-11-11,2,18.597903462606485,0.6070228611257905,0.9803156806287936,0.1294177181933951
wh-meta-social-circle-ga-2,2013-11-11,3,18.873427669154392,0.6050467811097279,0.980748809435651,0.1218775385981405
wh-meta-social-circle-ga-2,2013-11-11,4,17.884486168335023,0.6569164456686931,0.9828281637650672,0.1127785862664122
wh-meta-social-circle-ga-2,2013-11-27,0,7.167074304609851,0.4393255520542329,0.9721599459994118,0.1650158180929372
wh-meta-social-circle-ga-2,2013-11-27,1,6.8129288729183815,0.4099141071897397,0.97523379734565,0.2104456818921866
wh-meta-social-circle-ga-2,2013-11-27,2,5.773526411681531,0.5823662135119726,0.9804314993850222,0.1071811395625806
wh-meta-social-circle-ga-2,2013-11-27,3,6.085259298572723,0.5775658015566758,0.9811695275497546,0.116650837639297
wh-meta-social-circle-ga-2,2013-11-27,4,6.1393388627335845,0.5721336902786927,0.980751815080526,0.1093965838104888
wh-meta-social-circle-ga-2,2013-12-13,0,11.399050860091432,0.5187410706348272,0.977388547022909,0.1205696588485827
wh-meta-social-circle-ga-2,2013-12-13,1,11.069355169105458,0.4858343831670274,0.9746881127458517,0.1301619398305477
wh-meta-social-circle-ga-2,2013-12-13,2,10.794620179548732,0.5171791864509254,0.9781724115154664,0.1116792528062166
wh-meta-social-circle-ga-2,2013-12-13,3,11.170334908498113,0.5054477856493385,0.9783596975733264,0.1070304561376427
wh-meta-social-circle-ga-2,2013-12-13,4,10.232358787055736,0.5563964221138872,0.9804367007507572,0.0991051661525527
wh-meta-social-circle-ga-2,2014-01-14,0,14.543485344495805,0.5210125398052663,0.9792225564180816,0.1217866646077921
wh-meta-social-circle-ga-2,2014-01-14,1,14.309449747838064,0.4743045268983284,0.9752228483045172,0.1296142137075469
wh-meta-social-circle-ga-2,2014-01-14,2,14.179967955561972,0.5074998935222469,0.9788370001618376,0.1093502272384365
wh-meta-social-circle-ga-2,2014-01-14,3,14.48530635200031,0.4991689990850492,0.9790454574540932,0.1044752977441446
wh-meta-social-circle-ga-2,2014-01-14,4,14.061247912952062,0.554388401322945,0.9811496317135416,0.0950817526600764
wh-meta-social-circle-ga-2,2014-01-30,0,3.011357722160304,0.3848576638854913,0.975541086116026,0.1472493601655138
wh-meta-social-circle-ga-2,2014-01-30,1,2.648105386746554,0.3676708200364553,0.975310460856616,0.1602473292345765
wh-meta-social-circle-ga-2,2014-01-30,2,2.578598560865834,0.3925037095033027,0.977260143121052,0.1447327539603264
wh-meta-social-circle-ga-2,2014-01-30,3,2.745133879900004,0.3648494753827256,0.9768524246689604,0.1486275207163533
wh-meta-social-circle-ga-2,2014-01-30,4,1.9003684146765931,0.4085693061505849,0.9786895148733143,0.1377860047802938
wh-meta-social-circle-ga-2,2014-02-15,0,9.060914766746423,0.4790205043737446,0.978535286299527,0.1290243006818313
wh-meta-social-circle-ga-2,2014-02-15,1,8.94707223646213,0.43862630071098,0.9753567127998364,0.1412228970866272
wh-meta-social-circle-ga-2,2014-02-15,2,8.580927522535283,0.4724098880357901,0.9781636040963736,0.12041758229507
wh-meta-social-circle-ga-2,2014-02-15,3,9.064388962564584,0.4639066412174739,0.9783708355065064,0.1163467329639686
wh-meta-social-circle-ga-2,2014-02-15,4,8.359344892766126,0.5139260894188618,0.9804639368273596,0.106154199096158
wh-meta-social-circle-ga-2,2014-04-04,0,18.861049813273276,0.4872587689352461,0.977836592643807,0.1675834927242291
wh-meta-social-circle-ga-2,2014-04-04,1,19.051900220181334,0.48066232039409,0.9752546396080314,0.1827461971562707
wh-meta-social-circle-ga-2,2014-04-04,2,19.788634297237685,0.4672352114913608,0.9781682763788,0.1636871945854377
wh-meta-social-circle-ga-2,2014-04-04,3,20.31186378849246,0.4793570995337486,0.978756579413689,0.1622234977530293
wh-meta-social-circle-ga-2,2014-04-04,4,19.534671006209432,0.497573012722162,0.9806349684308722,0.1478151628369381
wh-meta-social-circle-ga-2,2014-04-20,0,23.792376863779293,0.6575231096549095,0.9793710222067488,0.1419077682213529
wh-meta-social-circle-ga-2,2014-04-20,1,24.063907367732913,0.627474115898837,0.9760613704630188,0.1709620833538138
wh-meta-social-circle-ga-2,2014-04-20,2,23.821515397647595,0.6510810850432546,0.9801346836900398,0.1489605094951261
wh-meta-social-circle-ga-2,2014-04-20,3,24.381140165609864,0.6619535634147895,0.980582585765676,0.142547142466842
wh-meta-social-circle-ga-2,2014-04-20,4,23.391845691255675,0.6948094550177725,0.9824318612334344,0.1340009657844466
wh-meta-social-circle-ga-2,2014-05-06,0,33.537321615698,0.6978314373423637,0.9810383003857392,0.1677945572986454
wh-meta-social-circle-ga-2,2014-05-06,1,33.7155784974727,0.6766844603944687,0.9774508083728498,0.1820232121299998
wh-meta-social-circle-ga-2,2014-05-06,2,33.7768776349754,0.6961541320429968,0.9812879865308864,0.1658152463627664
wh-meta-social-circle-ga-2,2014-05-06,3,34.27714253260604,0.7012573343726016,0.9819193347592838,0.1576919603487791
wh-meta-social-circle-ga-2,2014-05-06,4,32.6693147267955,0.7556219155489908,0.984105374872085,0.1518182048831136
wh-meta-social-circle-ga-2,2014-05-22,0,33.2010918407181,0.6884108382916801,0.9800940939676606,0.1707374571289816
wh-meta-social-circle-ga-2,2014-05-22,1,33.253142071782,0.6590152288026523,0.9766324133659058,0.1853699009474281
wh-meta-social-circle-ga-2,2014-05-22,2,33.045829876029664,0.6945409734069561,0.9805203484150868,0.1672590307418119
wh-meta-social-circle-ga-2,2014-05-22,3,33.72767672234572,0.6874775736361364,0.9809712952586342,0.1596813017894604
wh-meta-social-circle-ga-2,2014-05-22,4,32.0477337441556,0.7567372390450996,0.9833208666357458,0.1546475188123795
wh-meta-social-circle-ga-2,2014-06-23,0,33.859131412955726,0.6482644937563526,0.9786536374663652,0.1779747498556251
wh-meta-social-circle-ga-2,2014-06-23,1,33.71240627316424,0.6061015162333877,0.9756668570578384,0.207318867768496
wh-meta-social-circle-ga-2,2014-06-23,2,32.44583183580778,0.6797048817316305,0.9804124804194952,0.1871926785156185
wh-meta-social-circle-ga-2,2014-06-23,3,34.07286614051482,0.6811489484612426,0.9808232595016502,0.1753149128550661
wh-meta-social-circle-ga-2,2014-06-23,4,32.82308298913905,0.7441467864208161,0.9836160877647908,0.1685515046185454
wh-meta-social-circle-ga-2,2014-07-09,0,15.660690079999997,0.5614996582042759,0.9789,0.1779182225
wh-meta-social-circle-ga-2,2014-07-09,1,20.79063989397851,0.3596144709039795,0.9716423337315808,0.205246560567503
wh-meta-social-circle-ga-2,2014-07-09,2,22.38490448501101,0.6804865730860222,0.9806747527472526,0.1078900655631868
wh-meta-social-circle-ga-2,2014-07-09,3,27.019483297521617,0.6612347552434146,0.9818148352230582,0.1453786516225673
wh-meta-social-circle-ga-2,2014-07-09,4,24.652134620724567,0.7664661555444363,0.983573160595392,0.1405834506374766
wh-meta-social-circle-ga-2,2014-07-25,0,33.70949275122807,0.7110608316798833,0.9812265133100412,0.1728500966586326
wh-meta-social-circle-ga-2,2014-07-25,1,32.753789644069066,0.6814901257173139,0.977614778546498,0.1811982896206063
wh-meta-social-circle-ga-2,2014-07-25,2,31.471420592648677,0.7003122463001238,0.9810898308629076,0.1779884530553978
wh-meta-social-circle-ga-2,2014-07-25,3,32.38587706128613,0.7293268308063615,0.982365946405413,0.1614382398725156
wh-meta-social-circle-ga-2,2014-07-25,4,30.521907815553792,0.786020647909516,0.984383283432325,0.158015156531602
wh-meta-social-circle-ga-2,2014-08-10,1,5.297503008304558,-0.0091606370491027,0.9677099779134726,0.9072456748457194
wh-meta-social-circle-ga-2,2014-08-10,2,6.047372775689507,-0.0083870407228501,0.970608558092997,0.8804017231549582
wh-meta-social-circle-ga-2,2014-08-10,3,6.779581825948916,-0.0080488356362917,0.9705214070566917,0.9019841916647384
wh-meta-social-circle-ga-2,2014-08-10,4,7.39524759296706,-0.0056513856869499,0.9732780936051454,0.9284866484112282
wh-meta-social-circle-ga-2,2014-08-26,0,32.07691441724622,0.6707816423889111,0.9807721170034976,0.1645579303043187
wh-meta-social-circle-ga-2,2014-08-26,1,30.43578040827749,0.7137925853471555,0.981460674565126,0.1844523185333883
wh-meta-social-circle-ga-2,2014-08-26,2,31.123123795308896,0.715816775153999,0.9821642519221468,0.1670996197776079
wh-meta-social-circle-ga-2,2014-08-26,3,31.552329042345253,0.7130191264438173,0.981688238404355,0.1595452448956323
wh-meta-social-circle-ga-2,2014-08-26,4,30.440792468473724,0.7536564293727089,0.9838700305033732,0.1489690309091977
wh-meta-social-circle-ga-2,2014-09-11,0,26.00902324518235,0.5203781484697845,0.9718333768421048,0.211336612188895
wh-meta-social-circle-ga-2,2014-09-11,1,25.475234329801104,0.5563462562581531,0.97494290294259,0.2312160733322044
wh-meta-social-circle-ga-2,2014-09-11,2,23.176858299050902,0.6668725202951413,0.9808308764997764,0.168468836522639
wh-meta-social-circle-ga-2,2014-09-11,3,23.81392710431348,0.6870705937746373,0.9804308690318764,0.1619544842890576
wh-meta-social-circle-ga-2,2014-09-11,4,23.57783287729648,0.7319677892423583,0.9828698773027972,0.1508997999796371
wh-meta-social-circle-ga-2,2014-10-13,0,23.483976390160905,0.7797065240565866,0.9825603161162858,0.1916539744832533
wh-meta-social-circle-ga-2,2014-10-13,1,24.859147512217152,0.703197174642813,0.9776127389967764,0.171115528845794
wh-meta-social-circle-ga-2,2014-10-13,3,24.782041781125866,0.7086837269397371,0.9801648088986308,0.1410325200396719
wh-meta-social-circle-ga-2,2014-10-13,4,24.541750462046608,0.7239703237874512,0.9807857215885364,0.1252550447953747
wh-meta-social-circle-ga-2,2014-11-30,0,18.185693016723725,0.4808412598199857,0.977710220551048,0.1689825318428683
wh-meta-social-circle-ga-2,2014-11-30,1,17.729092473020483,0.4497360022929569,0.9753473643366392,0.1669768412410164
wh-meta-social-circle-ga-2,2014-11-30,2,17.382439779372174,0.4867675605238408,0.9789222607378588,0.1388683718717961
wh-meta-social-circle-ga-2,2014-11-30,3,17.414718754142932,0.4747728174907358,0.9784341745621884,0.1375127457975614
wh-meta-social-circle-ga-2,2014-11-30,4,16.934860666682223,0.5147382499918848,0.980339473110386,0.1209310684776204
wh-meta-social-circle-ga-2,2014-12-16,0,17.43703586888839,0.615484730908053,0.981601697674419,0.1072065394112254
wh-meta-social-circle-ga-2,2014-12-16,1,17.577286047829343,0.5005092366912303,0.977815578358488,0.1324814581499677
wh-meta-social-circle-ga-2,2014-12-16,2,17.081833179208783,0.4946861056433089,0.9779903758290934,0.1323585369411793
wh-meta-social-circle-ga-2,2014-12-16,3,17.749343240528056,0.5120795514744145,0.979160361455947,0.1270709138251032
wh-meta-social-circle-ga-2,2014-12-16,4,16.939062727158152,0.5517101474178548,0.9804690848299564,0.1004780769973761
wh-meta-social-circle-ga-2,2015-01-01,0,5.257649227693292,0.5186721721016674,0.9805805363901414,0.1295608374356901
wh-meta-social-circle-ga-2,2015-01-01,1,5.073943967617275,0.4258188431955209,0.976641236681075,0.1402967058884907
wh-meta-social-circle-ga-2,2015-01-01,2,4.8475022508507735,0.4438808616826787,0.9783021364498872,0.1256326942559587
wh-meta-social-circle-ga-2,2015-01-01,3,4.852649289195957,0.4395842172340753,0.9779706705682636,0.1263974328238286
wh-meta-social-circle-ga-2,2015-01-01,4,4.030026231495796,0.4612604314326435,0.9795588796163844,0.118480302877176
wh-meta-social-circle-ga-2,2015-01-17,0,4.427740886034832,0.4208389782560071,0.9628,0.0860932369680851
wh-meta-social-circle-ga-2,2015-01-17,1,4.297445246805566,0.449537089867398,0.9796657464649108,0.0854334784164728
wh-meta-social-circle-ga-2,2015-01-17,2,5.015786165020453,0.4579241563265893,0.979654848416148,0.09448590943138
wh-meta-social-circle-ga-2,2015-01-17,3,7.291274374569268,0.4508408864551716,0.9784505585738452,0.1031525079531128
wh-meta-social-circle-ga-2,2015-01-17,4,8.340681042252273,0.4964809798582324,0.9802732795175224,0.1020242989873493
wh-meta-social-circle-ga-2,2015-02-18,0,6.1491820293203805,0.4839331736886547,0.9778920950249282,0.1430130440910095
wh-meta-social-circle-ga-2,2015-02-18,1,5.670399367199238,0.4471145079178277,0.9768166788382424,0.1493009013726813
wh-meta-social-circle-ga-2,2015-02-18,2,4.95252774858672,0.5011757515886599,0.9795854883630803,0.1134000279915745
wh-meta-social-circle-ga-2,2015-02-18,3,5.105501295928788,0.4979563399554262,0.9800861482064244,0.1203544634239995
wh-meta-social-circle-ga-2,2015-02-18,4,4.705598332016611,0.5236127544570762,0.9807154619226596,0.1081836180124185
wh-meta-social-circle-ga-2,2015-04-07,3,25.064534154182994,0.7162753121942439,0.9783871823765422,0.1483600964714386
wh-meta-social-circle-ga-2,2015-04-07,4,24.479296232498875,0.6862181488041256,0.9812375514285708,0.1478311318643571
wh-meta-social-circle-ga-2,2015-04-23,0,10.581286933150874,0.7398503972918274,0.9823384104772164,0.1746321003402062
wh-meta-social-circle-ga-2,2015-04-23,1,10.97209861415461,0.7471905731667764,0.9798803300724134,0.1747026982813039
wh-meta-social-circle-ga-2,2015-04-23,2,12.540362157943,0.6822843770818469,0.9809554509758526,0.1673314102514886
wh-meta-social-circle-ga-2,2015-04-23,3,12.834122962613945,0.7061338400975495,0.9818877833450308,0.1646409091028736
wh-meta-social-circle-ga-2,2015-04-23,4,13.004323756520725,0.7305755517268212,0.9831137723883104,0.1578527416972623
wh-meta-social-circle-ga-2,2015-05-09,0,17.80847666593437,0.7122296129834391,0.9816301356801412,0.1692613203238027
wh-meta-social-circle-ga-2,2015-05-09,1,23.057975990162348,0.6153130162439121,0.9778015260158714,0.1962502271256027
wh-meta-social-circle-ga-2,2015-05-09,2,23.44852720316801,0.7344469497499967,0.982590484067652,0.1563806705623325
wh-meta-social-circle-ga-2,2015-05-09,3,25.554477798088534,0.6966515593197563,0.9817786183736124,0.1640890825359677
wh-meta-social-circle-ga-2,2015-05-09,4,21.688872048152497,0.7332684712306135,0.9840022417344644,0.1606085309092116
wh-meta-social-circle-ga-2,2015-06-26,1,28.669356783656273,0.7960597619071695,0.9835920669023668,0.1836865500943024
wh-meta-social-circle-ga-2,2015-06-26,2,32.287607423501115,0.7501943385823031,0.981194786316116,0.1730041765391465
wh-meta-social-circle-ga-2,2015-06-26,3,32.32067018159682,0.7573796278436898,0.9823521111995616,0.170679387448447
wh-meta-social-circle-ga-2,2015-06-26,4,31.525063556325133,0.7607920907856619,0.9833995765195308,0.1663266560399274
wh-meta-social-circle-ga-2,2015-07-12,4,26.704212014769,0.7996534847997633,0.9854472633329386,0.1285341559591547
wh-meta-social-circle-ga-2,2015-07-28,0,37.735008055500536,0.6887077544942937,0.9805100614728977,0.1689419561241972
wh-meta-social-circle-ga-2,2015-07-28,1,37.67605243529266,0.6996089587676869,0.9774012409943096,0.1777148830056777
wh-meta-social-circle-ga-2,2015-07-28,2,37.67631068862387,0.717731820805006,0.981034167597223,0.1575899626352453
wh-meta-social-circle-ga-2,2015-07-28,3,38.5527962773083,0.7180195380771754,0.9817963438318328,0.147884855270814
wh-meta-social-circle-ga-2,2015-07-28,4,36.6881528514272,0.7711449277007734,0.9840015481031376,0.14060505680794
wh-meta-social-circle-ga-2,2015-08-13,0,27.966275948795484,0.7018384007465334,0.9811547913390584,0.1680224665703096
wh-meta-social-circle-ga-2,2015-08-13,1,28.131944396846716,0.7236420958928184,0.9794052849434786,0.1652771512175528
wh-meta-social-circle-ga-2,2015-08-13,2,27.230886845020834,0.7262524799127804,0.9819637811311612,0.157772202741748
wh-meta-social-circle-ga-2,2015-08-13,3,27.747287299131017,0.7107838294394789,0.9816645508521312,0.1595482617927713
wh-meta-social-circle-ga-2,2015-08-13,4,26.380171591272493,0.7491177456462198,0.9832282686435184,0.1492669324264887
wh-meta-social-circle-ga-2,2015-09-14,0,26.25251907370002,0.7418273851532458,0.9813513427039642,0.1451417251181291
wh-meta-social-circle-ga-2,2015-09-14,1,26.438660970681067,0.7171300322490285,0.9776716366142902,0.1611274847737377
wh-meta-social-circle-ga-2,2015-09-14,2,26.030018413969294,0.7504403493485144,0.9818866720407058,0.1382573177508048
wh-meta-social-circle-ga-2,2015-09-14,3,26.527495663266816,0.750046002229611,0.9824865357795728,0.1317653854553783
wh-meta-social-circle-ga-2,2015-09-14,4,25.236654508083102,0.7933160955117045,0.9844419031698264,0.124531380203387
wh-meta-social-circle-ga-2,2015-09-30,4,21.106735280000017,0.6665692867048004,0.976588888888889,0.0687579166666666
wh-meta-social-circle-ga-2,2015-10-16,0,26.562071554891123,0.682938173637101,0.9816426691664664,0.1390242748253437
wh-meta-social-circle-ga-2,2015-10-16,1,26.629512246546557,0.6442629028323226,0.977331509778454,0.1477472641999825
wh-meta-social-circle-ga-2,2015-10-16,2,26.17624456830669,0.6905027874043793,0.981441999017162,0.1273291191440737
wh-meta-social-circle-ga-2,2015-10-16,3,26.50844950406273,0.6891220662781401,0.9819829457959078,0.1257485841921503
wh-meta-social-circle-ga-2,2015-10-16,4,25.70444215815975,0.726247758889629,0.9838127233557636,0.1137384631410649
wh-meta-social-circle-ga-2,2015-11-17,0,21.122666022336077,0.6376080477185944,0.9802955087983926,0.1430133126474461
wh-meta-social-circle-ga-2,2015-11-17,1,21.385430034655187,0.5600614885594606,0.9761682498405968,0.1613292662917759
wh-meta-social-circle-ga-2,2015-11-17,2,21.092134297185275,0.6099144571484149,0.9801553274483608,0.1304661689284214
wh-meta-social-circle-ga-2,2015-11-17,3,21.099372609853944,0.6233190951757414,0.9807832978061666,0.125339844453794
wh-meta-social-circle-ga-2,2015-11-17,4,19.86468221028084,0.6318858989362014,0.9822125597559735,0.1217460074471481
wh-meta-social-circle-ga-2,2015-12-19,0,9.486438025459467,0.6372243804379155,0.9803590845543008,0.1276370172603733
wh-meta-social-circle-ga-2,2015-12-19,1,9.605513498604983,0.5268745579905706,0.975496288347754,0.1360869370937089
wh-meta-social-circle-ga-2,2015-12-19,2,9.42463006213218,0.565545413439228,0.9792119210647666,0.1149663639929442
wh-meta-social-circle-ga-2,2015-12-19,3,9.698574706223356,0.5679664758841358,0.9796590932138396,0.1084958910362033
wh-meta-social-circle-ga-2,2015-12-19,4,9.127812309677989,0.6001974327410922,0.9814644674569905,0.0993164416029117
wh-meta-social-circle-ga-2,2016-01-04,0,9.996515410466438,0.6228724534069708,0.979394206696964,0.1264411759012047
wh-meta-social-circle-ga-2,2016-01-04,1,9.953171908683034,0.5300080608936272,0.975453421154421,0.134138069326829
wh-meta-social-circle-ga-2,2016-01-04,2,9.802633631287762,0.5607043490648139,0.9789347034126205,0.1160301638904822
wh-meta-social-circle-ga-2,2016-01-04,3,10.025442776417869,0.5659543031970377,0.9794469163988232,0.1092631485700766
wh-meta-social-circle-ga-2,2016-01-04,4,9.521058028359018,0.5879901667641301,0.9812731596026376,0.0993676768203633
wh-meta-social-circle-ga-2,2016-01-20,4,1.079416760000015,0.6776526545549317,0.9835,0.0955019325
wh-meta-social-circle-ga-2,2016-02-05,0,10.812950888121556,0.578539870557901,0.9801970960908026,0.1263486597897133
wh-meta-social-circle-ga-2,2016-02-05,1,10.965707494643626,0.4993917883006504,0.9753580476092468,0.1384085896991948
wh-meta-social-circle-ga-2,2016-02-05,2,10.665763643083446,0.5274258443572396,0.9789627933114614,0.1200425550760268
wh-meta-social-circle-ga-2,2016-02-05,3,10.972247230507476,0.5320461777745991,0.9794138819858952,0.1148839325787913
wh-meta-social-circle-ga-2,2016-02-05,4,10.25738955145117,0.5578409595316908,0.9813219812132006,0.1047776421573655
wh-meta-social-circle-ga-2,2016-03-08,0,18.911243530324658,0.4949235001962193,0.9777945424063031,0.1469906622368546
wh-meta-social-circle-ga-2,2016-03-08,1,19.28808246664664,0.458148427959158,0.9748404703696216,0.1602756148294277
wh-meta-social-circle-ga-2,2016-03-08,2,19.063031846301755,0.4850780727285332,0.9783025286810844,0.1448376818376068
wh-meta-social-circle-ga-2,2016-03-08,3,18.334306816001316,0.4900570924773492,0.9787926739648944,0.139347520086954
wh-meta-social-circle-ga-2,2016-03-08,4,15.994182648734087,0.4949735104862729,0.9802685876361844,0.1310347951761011
wh-meta-social-circle-ga-2,2016-03-24,0,17.925586606309178,0.4313066363074493,0.9763704732991588,0.1853360307003557
wh-meta-social-circle-ga-2,2016-03-24,1,19.614217869906827,0.4496518130406888,0.9744266481027288,0.1811800098209884
wh-meta-social-circle-ga-2,2016-03-24,2,20.379921093224723,0.4721559739960886,0.9772222375982038,0.1654665811886105
wh-meta-social-circle-ga-2,2016-03-24,3,20.695385565659723,0.5023916160087866,0.9782186586320858,0.1370741960116631
wh-meta-social-circle-ga-2,2016-03-24,4,21.107751359538582,0.5173700160547444,0.9805630472241694,0.1445017412230421
wh-meta-social-circle-ga-2,2016-04-09,0,19.56960388583075,0.6973498824541434,0.9809014969772136,0.1492430061502492
wh-meta-social-circle-ga-2,2016-04-09,1,19.750044178272027,0.6484075797974856,0.9766769546682104,0.167845666260259
wh-meta-social-circle-ga-2,2016-04-09,2,19.41313176998138,0.6938741407107433,0.9812527237324364,0.1481379569857445
wh-meta-social-circle-ga-2,2016-04-09,3,20.094711876900952,0.6959264530670077,0.9818075498778988,0.1424852856964687
wh-meta-social-circle-ga-2,2016-04-09,4,19.21853398831024,0.7246141251720188,0.983653490060192,0.1333733336633375
wh-meta-social-circle-ga-2,2016-04-25,0,25.167043696464297,0.6895018202246945,0.9813172433063608,0.1730293678810703
wh-meta-social-circle-ga-2,2016-04-25,1,25.46845839629447,0.6666017813870946,0.9774328303907894,0.1849793921243301
wh-meta-social-circle-ga-2,2016-04-25,2,24.774605272956354,0.7118305926105564,0.9819252693415114,0.1653013064017069
wh-meta-social-circle-ga-2,2016-04-25,3,24.776340283972484,0.7129941931823934,0.9825651071636116,0.1587980404499467
wh-meta-social-circle-ga-2,2016-04-25,4,24.147800760481314,0.751861025461428,0.9845765382958112,0.149112599979633
wh-meta-social-circle-ga-2,2016-05-11,0,30.46807044600073,0.6548029512907124,0.9788664292744592,0.1854058960980724
wh-meta-social-circle-ga-2,2016-05-11,1,31.06811551089027,0.6502034389603968,0.976323028300648,0.209845939052004
wh-meta-social-circle-ga-2,2016-05-11,2,30.689265153248545,0.7070690398011769,0.9815461759597426,0.18370888897826
wh-meta-social-circle-ga-2,2016-05-11,3,31.42716425357921,0.7026974216276575,0.9816724886188876,0.1656643602485725
wh-meta-social-circle-ga-2,2016-05-11,4,29.63992437262204,0.753968251986055,0.9839724796288694,0.1635383490131204
wh-meta-social-circle-ga-2,2016-06-12,0,40.46987494212178,0.6570471771357612,0.9798349932075404,0.1726892408301794
wh-meta-social-circle-ga-2,2016-06-12,1,40.0187119556896,0.6369686800686368,0.9765770356487684,0.1844095043882972
wh-meta-social-circle-ga-2,2016-06-12,2,38.58277402747183,0.6920750554096329,0.980448075278686,0.1635920814036301
wh-meta-social-circle-ga-2,2016-06-12,3,39.44804520554292,0.6844180447938927,0.981199751400096,0.1582718828804491
wh-meta-social-circle-ga-2,2016-06-12,4,37.30239576225277,0.7415703257733068,0.9833898927076392,0.1525182240923969
wh-meta-social-circle-ga-2,2016-06-28,0,35.31070642810877,0.7096857757664835,0.98039955960885,0.2162655512550281
wh-meta-social-circle-ga-2,2016-06-28,1,38.36666705474907,0.587707227246096,0.9762310163712395,0.2487836330587011
wh-meta-social-circle-ga-2,2016-06-28,2,37.726857976751965,0.6374455440460834,0.980773221629196,0.2057452449771786
wh-meta-social-circle-ga-2,2016-06-28,3,38.81112916055389,0.6430656348291814,0.9813407409475156,0.1813488220978745
wh-meta-social-circle-ga-2,2016-06-28,4,35.41350661970072,0.7331194909108417,0.9838603677688208,0.1648784384022194
wh-meta-social-circle-ga-2,2016-07-14,0,38.433856166598446,0.6473704915649094,0.979801533414812,0.1627723933731263
wh-meta-social-circle-ga-2,2016-07-14,1,38.70676817758597,0.6333588267294264,0.9766552502964668,0.1765575309083875
wh-meta-social-circle-ga-2,2016-07-14,2,37.797843477205845,0.6769368706852121,0.9806329354986892,0.1561523951487875
wh-meta-social-circle-ga-2,2016-07-14,3,38.628110134270734,0.672110698243655,0.9810751932632528,0.148514038175877
wh-meta-social-circle-ga-2,2016-07-14,4,36.33622129711269,0.7456324697177799,0.9835336576640256,0.1427447488981119
wh-meta-social-circle-ga-2,2016-07-30,0,34.79974423595774,0.7266321371340447,0.9805930032917172,0.1499189770568511
wh-meta-social-circle-ga-2,2016-07-30,1,35.583407013675796,0.7039710407920928,0.9778706983965308,0.1898767909366701
wh-meta-social-circle-ga-2,2016-07-30,2,34.772177001734896,0.7270374652911858,0.9811615383210752,0.1733241477038344
wh-meta-social-circle-ga-2,2016-07-30,3,34.62713427624714,0.7458728756269305,0.982381109534972,0.1662770316282898
wh-meta-social-circle-ga-2,2016-07-30,4,33.31694737610531,0.7983922033473242,0.9847705090901832,0.1586895300181612
wh-meta-social-circle-ga-2,2016-08-15,0,36.41651634191591,0.6711623564443335,0.9785587105853968,0.1519074038624216
wh-meta-social-circle-ga-2,2016-08-15,1,35.26024403200203,0.69877230397151,0.9779199467779685,0.1709476741482231
wh-meta-social-circle-ga-2,2016-08-15,2,35.162459721336646,0.7373322178633364,0.9817403491081972,0.1589367778302493
wh-meta-social-circle-ga-2,2016-08-15,3,35.04590258709575,0.7273937238768031,0.9826676088857572,0.1500318685483628
wh-meta-social-circle-ga-2,2016-08-15,4,34.026564412846,0.7688428732163796,0.9842667384071688,0.1413405839759057
wh-meta-social-circle-ga-2,2016-08-31,0,30.37650578192001,0.5468765944311781,0.979378032183908,0.1515364817944827
wh-meta-social-circle-ga-2,2016-08-31,1,31.210277303346572,0.7092838216637353,0.9745929885699212,0.1609980882757024
wh-meta-social-circle-ga-2,2016-08-31,2,32.25845984443879,0.7161868058341545,0.9816995676057956,0.1484024615257513
wh-meta-social-circle-ga-2,2016-08-31,3,32.68142434600811,0.7124905947666257,0.9825050677227944,0.1449605293212973
wh-meta-social-circle-ga-2,2016-08-31,4,31.32821097566529,0.7539557699840844,0.9839662517260972,0.1414446129675132
wh-meta-social-circle-ga-2,2016-09-16,0,31.98566506468785,0.6863344201215187,0.9823224850063784,0.1691437199299846
wh-meta-social-circle-ga-2,2016-09-16,1,34.1567152298272,0.5787528002717465,0.9769949693309872,0.1854745193258538
wh-meta-social-circle-ga-2,2016-09-16,2,33.32459606596802,0.6456357360214879,0.9794787248398428,0.1428313660439346
wh-meta-social-circle-ga-2,2016-09-16,3,34.55497767179762,0.6143258196319881,0.97758668271944,0.1573189758190685
wh-meta-social-circle-ga-2,2016-09-16,4,32.870936265379136,0.6954949453823106,0.982428032008566,0.1481065910185556
wh-meta-social-circle-ga-2,2016-10-02,0,29.55747425896701,0.627260607907615,0.9798444962902708,0.1428788846154877
wh-meta-social-circle-ga-2,2016-10-02,1,28.431756805749817,0.5992210767013958,0.9764990349792196,0.1642492435129934
wh-meta-social-circle-ga-2,2016-10-02,2,26.2212760490436,0.6341848659460632,0.9803821993807464,0.1436024148748924
wh-meta-social-circle-ga-2,2016-10-02,3,28.05857930998043,0.6255188116197301,0.9811918897303292,0.1374168459059203
wh-meta-social-circle-ga-2,2016-10-02,4,27.32050562539775,0.6829601503471221,0.983055315571745,0.126219995896049
wh-meta-social-circle-ga-2,2016-10-18,0,32.40791440383339,0.6268129277651192,0.9794890840570556,0.1373418868265837
wh-meta-social-circle-ga-2,2016-10-18,1,32.21576979397254,0.5729837216493057,0.9759082954968872,0.1609996665324294
wh-meta-social-circle-ga-2,2016-10-18,2,31.870971252683475,0.6208079047137578,0.9798727783486944,0.1372813019809597
wh-meta-social-circle-ga-2,2016-10-18,3,32.695075406183655,0.611519632136208,0.9806042726745317,0.1324087022210507
wh-meta-social-circle-ga-2,2016-10-18,4,31.06336259576089,0.670450274484972,0.9826005549617316,0.1202493248368195
wh-meta-social-circle-ga-2,2016-11-03,0,29.532755301449992,0.5849161302300112,0.9793928676901548,0.1333317136938146
wh-meta-social-circle-ga-2,2016-11-03,1,29.65329446716757,0.5567426110517091,0.9761622743182022,0.1529260864566801
wh-meta-social-circle-ga-2,2016-11-03,2,29.27331197003315,0.5882997448532701,0.9800364120026532,0.1349928807649371
wh-meta-social-circle-ga-2,2016-11-03,3,29.89362383762247,0.5778512276032431,0.9803951784848112,0.130979789719141
wh-meta-social-circle-ga-2,2016-11-03,4,28.576015865214817,0.6322116988283607,0.9826687020964736,0.1200020380637881
wh-meta-social-circle-ga-2,2016-11-19,0,19.971971389412698,0.5459599177581168,0.9785704584796704,0.1304468294336359
wh-meta-social-circle-ga-2,2016-11-19,1,20.023410809467823,0.5097978018746074,0.9752490176821872,0.1524868068995706
wh-meta-social-circle-ga-2,2016-11-19,2,19.828698511937823,0.5515985721356843,0.9792691452406528,0.131607132540905
wh-meta-social-circle-ga-2,2016-11-19,3,20.39868804208323,0.5432859760018534,0.9795461534996684,0.1264786841486598
wh-meta-social-circle-ga-2,2016-11-19,4,19.507312213016583,0.5914060937208988,0.9817726449357426,0.1176817212778887
wh-meta-social-circle-ga-2,2016-12-21,0,12.999081024890108,0.5046721191673404,0.9776598148127372,0.1149815672369182
wh-meta-social-circle-ga-2,2016-12-21,1,12.6860167638366,0.4667561960412555,0.9747674466612184,0.1295584847517196
wh-meta-social-circle-ga-2,2016-12-21,2,12.34731380483069,0.5035921457723991,0.9784079309928096,0.1108539916002118
wh-meta-social-circle-ga-2,2016-12-21,3,12.674502038821233,0.4904508481730492,0.9785606362856728,0.1053933702462432
wh-meta-social-circle-ga-2,2016-12-21,4,11.786153696179763,0.5299234900154132,0.980651526715914,0.0979112659741767
wh-meta-social-circle-ga-2,2017-02-23,0,23.328056302201738,0.5210923102639489,0.9749013390440558,0.1095266848741203
wh-meta-social-circle-ga-2,2017-02-23,1,23.03445366822837,0.5221566843865115,0.9753747714478508,0.1391032957717077
wh-meta-social-circle-ga-2,2017-02-23,2,22.95433972640718,0.5055851257316761,0.9784728381258604,0.1459389553349444
wh-meta-social-circle-ga-2,2017-02-23,3,22.85845253060144,0.5340183153890414,0.9787163637330788,0.1355321882792885
wh-meta-social-circle-ga-2,2017-02-23,4,22.47900058980354,0.5397847485007949,0.9806747928735248,0.1297832040079848
wh-meta-social-circle-ga-2,2017-03-11,1,8.84440768170094,0.4080001800444772,0.974878710557698,0.2255440857107401
wh-meta-social-circle-ga-2,2017-03-11,2,10.641533408588655,0.3875638922166311,0.9751049108619612,0.219810201118395
wh-meta-social-circle-ga-2,2017-03-11,3,11.817639092385082,0.4529237623457281,0.9775933761772057,0.1917850770246235
wh-meta-social-circle-ga-2,2017-03-11,4,12.69597191530421,0.4695847031257441,0.9796783807304412,0.1663455486509637
wh-meta-social-circle-ga-2,2017-03-27,4,26.21139956147835,0.5082840950802557,0.9737928065703768,0.218336138707165
wh-meta-social-circle-ga-2,2017-04-28,0,28.198935908438063,0.7459420824759955,0.9826480819081244,0.1679482096465985
wh-meta-social-circle-ga-2,2017-04-28,1,28.99099980897017,0.7366394634773334,0.979086746325789,0.1641934965479111
wh-meta-social-circle-ga-2,2017-04-28,2,29.324357781326704,0.7054672539563336,0.9810218606690472,0.17114516687336
wh-meta-social-circle-ga-2,2017-04-28,3,29.06293943859558,0.7203135831556364,0.9814491061039752,0.1658553767682695
wh-meta-social-circle-ga-2,2017-04-28,4,27.917405489216172,0.7564597598038693,0.9842417683942144,0.1644583957580226
wh-meta-social-circle-ga-2,2017-05-14,0,30.97258693586237,0.7314947754441459,0.9817992807716612,0.1615741940214882
wh-meta-social-circle-ga-2,2017-05-14,1,31.87945593987932,0.6872530234924167,0.9778075418347152,0.177289391873683
wh-meta-social-circle-ga-2,2017-05-14,2,31.12387451192584,0.7217231526956368,0.98186514242768,0.1603258442771225
wh-meta-social-circle-ga-2,2017-05-14,3,32.17050545264065,0.7097461778905386,0.9822888353221044,0.1525311545330892
wh-meta-social-circle-ga-2,2017-05-14,4,29.944408666642342,0.7714201736115056,0.984662981748933,0.1468665513138512
wh-meta-social-circle-ga-2,2017-06-15,1,33.32535173143014,0.795710444376946,0.9775347856429282,0.1730367480902885
wh-meta-social-circle-ga-2,2017-06-15,2,34.70677199979392,0.7692823297516321,0.9820576441582896,0.1704954373110858
wh-meta-social-circle-ga-2,2017-06-15,3,35.473802100884754,0.7428206047956657,0.9827945378606318,0.1734381080656794
wh-meta-social-circle-ga-2,2017-06-15,4,34.075231505888354,0.7935755961337603,0.9845089226164868,0.1621746733193582
wh-meta-social-circle-ga-2,2017-07-01,3,30.026505396508433,0.7331247782874868,0.9809554190008126,0.1633949610098909
wh-meta-social-circle-ga-2,2017-07-01,4,29.04085144327272,0.8011521750015671,0.9844773637779344,0.151285165671181
wh-meta-social-circle-ga-2,2017-07-17,0,31.21393732569353,0.757033167731725,0.9813504133930212,0.1862008129778687
wh-meta-social-circle-ga-2,2017-07-17,1,33.162315954122626,0.6684624775050981,0.9750044702838344,0.2154612914292005
wh-meta-social-circle-ga-2,2017-07-17,2,30.525722597374273,0.7400301219052343,0.9801038117885194,0.1769804793413173
wh-meta-social-circle-ga-2,2017-07-17,3,29.95099519624116,0.7737857020199739,0.982838393647905,0.1562373077938184
wh-meta-social-circle-ga-2,2017-07-17,4,29.201478932343303,0.7845858296707261,0.9839702564327384,0.1519611690181162
wh-meta-social-circle-ga-2,2017-08-18,0,29.45865041623809,0.7206443043909019,0.9818475006888948,0.1926269540421604
wh-meta-social-circle-ga-2,2017-08-18,1,31.350412345145877,0.6662589272226536,0.9713079850397378,0.1904012530500234
wh-meta-social-circle-ga-2,2017-08-18,2,32.694590396771424,0.6558152782261522,0.9768709608985806,0.2085244446672674
wh-meta-social-circle-ga-2,2017-08-18,3,32.30164695190507,0.7427589955743431,0.9818344215138908,0.1597191945349248
wh-meta-social-circle-ga-2,2017-08-18,4,30.90987328355738,0.7990005749504803,0.9841035931447624,0.1466924204322462
wh-meta-social-circle-ga-2,2017-09-03,0,29.420560581243063,0.730257699782185,0.9813907926959478,0.1445168852478679
wh-meta-social-circle-ga-2,2017-09-03,1,30.16693718881257,0.6817530628630207,0.9774327607958492,0.1595542172041241
wh-meta-social-circle-ga-2,2017-09-03,2,29.269722442434617,0.7449798856989861,0.981846980587776,0.1403417094901218
wh-meta-social-circle-ga-2,2017-09-03,3,30.052952060876844,0.7316517331847374,0.9823068234698304,0.1337029160349453
wh-meta-social-circle-ga-2,2017-09-03,4,28.586556408991022,0.7803445596928869,0.9844942642314072,0.12348941248355
wh-meta-social-circle-ga-2,2017-09-19,0,31.398917505189456,0.7204492774583817,0.9808501042722072,0.1378026875469224
wh-meta-social-circle-ga-2,2017-09-19,1,32.17335568454307,0.6747408232010945,0.9770618278389228,0.1472387418895024
wh-meta-social-circle-ga-2,2017-09-19,2,31.326671109293983,0.7288191103620227,0.981288944651282,0.1334586487366947
wh-meta-social-circle-ga-2,2017-09-19,3,32.238284041030255,0.7139618186633752,0.9818271146504204,0.1335789406332105
wh-meta-social-circle-ga-2,2017-09-19,4,30.746619882161795,0.763942914827405,0.9840053387819574,0.1227489030036384
wh-meta-social-circle-ga-2,2017-10-05,0,28.521852477674717,0.7031188731797916,0.9804870645026676,0.1487343339139072
wh-meta-social-circle-ga-2,2017-10-05,1,29.446438125534883,0.6460337945909358,0.9764612192650444,0.1577270140863138
wh-meta-social-circle-ga-2,2017-10-05,2,28.591993405294826,0.6977582347905296,0.9801947866351898,0.1384351127208208
wh-meta-social-circle-ga-2,2017-10-05,3,29.56088648174051,0.6838709455616675,0.9808344656739744,0.1325154801230279
wh-meta-social-circle-ga-2,2017-10-05,4,27.873004364498243,0.7361206435472001,0.9830387614285984,0.1210588213096748
wh-meta-social-circle-ga-2,2017-10-21,0,18.880408035048113,0.651565304355747,0.9803052340558916,0.1460943180977588
wh-meta-social-circle-ga-2,2017-10-21,1,19.745244786829264,0.5969078613506815,0.9765610216035026,0.159655719109376
wh-meta-social-circle-ga-2,2017-10-21,2,18.98534600064599,0.6519347466250444,0.9805834393204488,0.1421747217155142
wh-meta-social-circle-ga-2,2017-10-21,3,18.800484518619808,0.6425727923057957,0.9811015539344812,0.1348419122287813
wh-meta-social-circle-ga-2,2017-10-21,4,17.039582125257944,0.6862476252292583,0.9829177197321596,0.1221501928117433
wh-meta-social-circle-ga-2,2017-11-06,1,-18.29555083467247,0.4315480411096652,0.9661571567200384,0.1175412316011645
wh-meta-social-circle-ga-2,2017-11-06,2,7.907992577464685,0.5661916076973603,0.9792757908844236,0.0956426242867225
wh-meta-social-circle-ga-2,2017-11-06,3,11.767524337152384,0.5494943582314482,0.9792102675865748,0.1064995834933871
wh-meta-social-circle-ga-2,2017-11-06,4,17.125051626699896,0.6386287830565724,0.981285764923024,0.1125210127810314
wh-meta-social-circle-ga-2,2017-11-22,2,-2.280496900000003,0.321362833065011,0.9648,0.190114445
wh-meta-social-circle-ga-2,2017-11-22,3,2.903955836000023,0.5133761142446007,0.97962,0.2021743885
wh-meta-social-circle-ga-2,2017-11-22,4,5.230281302980654,0.5447742298786017,0.9806195359380768,0.1461166991588204
wh-meta-social-circle-ga-2,2018-01-09,4,10.67089358300002,0.6558882373800373,0.9806150000000002,0.1274620255
wh-meta-social-circle-ga-2,2018-01-25,0,13.290389187028742,0.4775411391435041,0.9777956890039602,0.1297600144946285
wh-meta-social-circle-ga-2,2018-01-25,1,12.956594068183517,0.472803489375763,0.975090043526976,0.1400177617591178
wh-meta-social-circle-ga-2,2018-01-25,2,12.703490957156284,0.4969339417950442,0.9786352658186054,0.1199704950285235
wh-meta-social-circle-ga-2,2018-01-25,3,13.098283662890108,0.4979767935153633,0.9790647425630474,0.1160925250814623
wh-meta-social-circle-ga-2,2018-01-25,4,12.334081174437534,0.5335550596119082,0.9812012986841692,0.1043028934947026
wh-meta-social-circle-ga-2,2018-03-14,0,13.746749476439655,0.5795694140178181,0.9806027737116504,0.1353688839204057
wh-meta-social-circle-ga-2,2018-03-14,1,13.577872194225987,0.570136963743259,0.9770574006952474,0.1510813892757218
wh-meta-social-circle-ga-2,2018-03-14,2,13.548409857420909,0.5471048826065834,0.9794722124140012,0.1320387566388616
wh-meta-social-circle-ga-2,2018-03-14,3,14.217480334976978,0.5609095626494802,0.9801124899439806,0.1286828833247078
wh-meta-social-circle-ga-2,2018-03-14,4,13.543691720210898,0.5626108196390661,0.9817440895747216,0.1156622709380064
wh-meta-social-circle-ga-2,2018-05-01,0,28.954452430790337,0.7157279212105149,0.9804457357161428,0.1624884394394131
wh-meta-social-circle-ga-2,2018-05-01,1,28.885230723791796,0.7065444014255491,0.9771737999010848,0.1788780245321123
wh-meta-social-circle-ga-2,2018-05-01,2,28.67091225468254,0.720128324558983,0.9808406451634928,0.1607763842314901
wh-meta-social-circle-ga-2,2018-05-01,3,29.16480741780329,0.721985026512266,0.9814753318135624,0.1548361238312017
wh-meta-social-circle-ga-2,2018-05-01,4,27.73430543039749,0.7629684048111225,0.9836201950966708,0.1462830547431892
wh-meta-social-circle-ga-2,2018-06-02,1,30.302352056191506,0.501868757357678,0.9725329550827422,0.1769867429388297
wh-meta-social-circle-ga-2,2018-06-02,2,30.468682991339932,0.5195568740848489,0.972145379326799,0.2767277216115693
wh-meta-social-circle-ga-2,2018-06-02,3,29.053387203962885,0.7193842915068804,0.977187809950882,0.168291128923203
wh-meta-social-circle-ga-2,2018-06-02,4,27.904919028633245,0.805809569571158,0.9834795635542192,0.1704089240074596
wh-meta-social-circle-ga-2,2018-06-18,0,35.45290573897581,0.7433410027097832,0.9811524336996869,0.1881069405472129
wh-meta-social-circle-ga-2,2018-06-18,1,35.647111552221446,0.6838231830005217,0.9778046661441838,0.2047098245171261
wh-meta-social-circle-ga-2,2018-06-18,2,34.38960645847834,0.7654466633364833,0.9826077186902408,0.1852859446232082
wh-meta-social-circle-ga-2,2018-06-18,3,34.44234666344869,0.7451986210218469,0.9812630392511988,0.1727252025880057
wh-meta-social-circle-ga-2,2018-06-18,4,33.501621968758144,0.7850993493991681,0.9840432780023658,0.1618522933451877
wh-meta-social-circle-ga-2,2018-07-04,0,35.87213084974847,0.694596998482938,0.9801390220543252,0.194897030979525
wh-meta-social-circle-ga-2,2018-07-04,1,36.34549734555189,0.6563125972104128,0.97714445903752,0.2185344456600212
wh-meta-social-circle-ga-2,2018-07-04,2,34.61635374061057,0.7618529684283032,0.9819087757736455,0.1829522253143319
wh-meta-social-circle-ga-2,2018-07-04,3,34.46375623793534,0.7824644342597152,0.9828156404378948,0.1647733228496282
wh-meta-social-circle-ga-2,2018-07-04,4,33.47141239136092,0.8046875774070386,0.984326905797358,0.1628599055948537
wh-meta-social-circle-ga-2,2018-07-20,1,15.553165225401406,0.8001997370365141,0.9846577540789114,0.1909192524959177
wh-meta-social-circle-ga-2,2018-07-20,2,19.082087519285977,0.806598478855742,0.9831594514487332,0.1807730030655014
wh-meta-social-circle-ga-2,2018-07-20,3,21.453227167954456,0.7839976509675262,0.9819385186231134,0.1853139108509575
wh-meta-social-circle-ga-2,2018-07-20,4,19.074847855873735,0.8330631086804468,0.984888943944382,0.1615196218547725
wh-meta-social-circle-ga-2,2018-08-05,0,34.7707954132456,0.7293270937066225,0.9802626319056484,0.1615288517847559
wh-meta-social-circle-ga-2,2018-08-05,1,34.276255450689376,0.77659787457322,0.9766834392898498,0.1731131773837437
wh-meta-social-circle-ga-2,2018-08-05,2,34.39376665011524,0.8016692741220683,0.9836263592971156,0.1608551057481819
wh-meta-social-circle-ga-2,2018-08-05,3,35.58146886876195,0.7606139278764477,0.9831626047944596,0.164228522874453
wh-meta-social-circle-ga-2,2018-08-05,4,34.37843547882464,0.8225235956131873,0.984630528655758,0.1498540201611821
wh-meta-social-circle-ga-2,2018-08-21,0,23.6110046,0.7448031385112839,0.9808,0.278188475
wh-meta-social-circle-ga-2,2018-08-21,1,29.10098977570625,0.7800200231996547,0.9836776317847642,0.1977698046388627
wh-meta-social-circle-ga-2,2018-08-21,2,28.78132095419105,0.7664604463473719,0.9820700652090524,0.163555966587201
wh-meta-social-circle-ga-2,2018-08-21,3,28.24312415636156,0.7701576594119531,0.9828899795820912,0.1599072897657429
wh-meta-social-circle-ga-2,2018-08-21,4,29.09891830890192,0.7795411875217373,0.9827900637886856,0.1553413284975479
wh-meta-social-circle-ga-2,2018-09-06,4,11.824135061382757,0.6895832712978525,0.980489624043795,0.1359718766284486
wh-meta-social-circle-ga-2,2018-09-22,0,33.20042592015621,0.5978383324055979,0.97427457281883,0.1289106792387436
wh-meta-social-circle-ga-2,2018-09-22,1,32.005606870096,0.5928248991511328,0.973189051411557,0.2017359969386537
wh-meta-social-circle-ga-2,2018-09-22,2,30.132226178725883,0.7585583457596038,0.982659851834266,0.1347577020019349
wh-meta-social-circle-ga-2,2018-09-22,3,32.82423511890639,0.6714228984158717,0.9809986921307616,0.1485245563881437
wh-meta-social-circle-ga-2,2018-09-22,4,31.464293249069208,0.6999020623162596,0.9828948806182524,0.1354493946920947
wh-meta-social-circle-ga-2,2018-10-24,0,21.762492059074447,0.6838195707807098,0.9796143323171156,0.1297594067965261
wh-meta-social-circle-ga-2,2018-10-24,1,21.958621035390873,0.6393727044096504,0.976140324136688,0.1462704947860445
wh-meta-social-circle-ga-2,2018-10-24,2,21.717456440924988,0.6910847840465807,0.9801231500271588,0.1265058152439805
wh-meta-social-circle-ga-2,2018-10-24,3,22.28124752932264,0.6788603438895477,0.980524136803546,0.1226275014890833
wh-meta-social-circle-ga-2,2018-10-24,4,21.16960413473968,0.7310966184357174,0.9828010229275854,0.1100291539885073
wh-meta-social-circle-ga-2,2018-12-11,0,9.57614486884623,0.6097486200619611,0.9782185994810886,0.1194534496538131
wh-meta-social-circle-ga-2,2018-12-11,1,9.419349851100517,0.5402505159031814,0.974796930607651,0.1287888955458339
wh-meta-social-circle-ga-2,2018-12-11,2,9.201302731636416,0.5819880470321587,0.978538494966638,0.1085914984862852
wh-meta-social-circle-ga-2,2018-12-11,3,9.585593675933191,0.5714245813873798,0.9787963958223924,0.1038584510133852
wh-meta-social-circle-ga-2,2018-12-11,4,8.935238861463263,0.6047382110618335,0.9809379876487712,0.0940919068158807
wh-meta-social-circle-ga-2,2019-01-28,0,14.003394414590636,0.5417920439144576,0.9797181335501468,0.1277987495368213
wh-meta-social-circle-ga-2,2019-01-28,1,14.041375400367675,0.4800796004156878,0.9751104308393476,0.1381840453418867
wh-meta-social-circle-ga-2,2019-01-28,2,13.809874892168612,0.5167849419940315,0.9788029580106498,0.1216934202944935
wh-meta-social-circle-ga-2,2019-01-28,3,14.152758760986693,0.5115727294485481,0.9791705976758804,0.1184204937904534
wh-meta-social-circle-ga-2,2019-01-28,4,13.389254639261274,0.5456020118647921,0.9813386047588052,0.1070792227039071
wh-meta-social-circle-ga-2,2019-02-13,0,7.247072585629172,0.4889675809389664,0.978556893629008,0.1323384091960929
wh-meta-social-circle-ga-2,2019-02-13,1,7.246198992594772,0.4633879811920304,0.9774069034557702,0.1378686235758774
wh-meta-social-circle-ga-2,2019-02-13,2,7.380200091737672,0.4798433513077362,0.9785683173360834,0.1264052306817023
wh-meta-social-circle-ga-2,2019-02-13,3,7.979700522130746,0.4855483663819698,0.9786971196423114,0.122461195563542
wh-meta-social-circle-ga-2,2019-02-13,4,7.811772125406523,0.5227872738940823,0.9807062433711548,0.1095732021533627
wh-meta-social-circle-ga-2,2019-03-17,0,16.945475403084487,0.566382986915338,0.9791728060809548,0.1404055922493265
wh-meta-social-circle-ga-2,2019-03-17,1,17.03347523363784,0.5345175415226988,0.976104866666156,0.1551913528982397
wh-meta-social-circle-ga-2,2019-03-17,2,16.615380225873725,0.5507028143521017,0.979919270111048,0.1438561847468822
wh-meta-social-circle-ga-2,2019-03-17,3,16.465725572063903,0.549218851432419,0.9796022885237672,0.1382062188553114
wh-meta-social-circle-ga-2,2019-03-17,4,14.567317996000275,0.5687057182063137,0.9813560964628056,0.1320698458154796
wh-meta-social-circle-ga-2,2019-04-02,0,20.46159917504801,0.602041285300612,0.979752382427011,0.1455345614699641
wh-meta-social-circle-ga-2,2019-04-02,1,20.713917482541795,0.5661619648714752,0.9764331860904818,0.1622351022412262
wh-meta-social-circle-ga-2,2019-04-02,2,20.497573148952892,0.5910120276980033,0.9800819655010818,0.1445596244087409
wh-meta-social-circle-ga-2,2019-04-02,3,21.306114575646387,0.590450955887227,0.9806596486258188,0.141312292768304
wh-meta-social-circle-ga-2,2019-04-02,4,20.14345353116109,0.6081120565237201,0.9824893448041452,0.1277169801792848
wh-meta-social-circle-ga-2,2019-05-20,0,28.43653342798039,0.8000409464033679,0.9849245823107888,0.2030938915564935
wh-meta-social-circle-ga-2,2019-05-20,1,31.34624005194117,0.7659485848696366,0.9836161855231932,0.1837715006224421
wh-meta-social-circle-ga-2,2019-05-20,2,32.79712597988164,0.7268636888471173,0.981525006136628,0.1918110769081629
wh-meta-social-circle-ga-2,2019-05-20,3,31.995957962686703,0.7730464659265932,0.984075784946482,0.1659712153720355
wh-meta-social-circle-ga-2,2019-05-20,4,31.4467694263056,0.7954491431421444,0.984669587474922,0.1626820241034886
wh-meta-social-circle-ga-2,2019-06-21,0,34.40643937060705,0.7109500588110058,0.9804944419960288,0.1654421043222987
wh-meta-social-circle-ga-2,2019-06-21,1,35.097816763614844,0.6943514662677688,0.9771804482058284,0.1816471311294311
wh-meta-social-circle-ga-2,2019-06-21,2,34.2162580364651,0.7434588074623463,0.981249936599135,0.1622700817928236
wh-meta-social-circle-ga-2,2019-06-21,3,34.976197992724344,0.7468399779407839,0.981971544601562,0.1546808421732874
wh-meta-social-circle-ga-2,2019-06-21,4,33.492008522830815,0.7968794969686162,0.9840377360651692,0.1479511821821935
wh-meta-social-circle-ga-2,2019-07-07,4,13.83591830661766,0.7082382690500034,0.9828998033972948,0.1474952131585207
wh-meta-social-circle-ga-2,2019-08-08,0,37.59864435882273,0.7253195220382446,0.9808864845954282,0.1533160493345548
wh-meta-social-circle-ga-2,2019-08-08,1,37.63598924162331,0.7003194495568068,0.9773383726829794,0.1658501729420379
wh-meta-social-circle-ga-2,2019-08-08,2,36.84015334109714,0.7439313294096304,0.981401251693296,0.1478979352281921
wh-meta-social-circle-ga-2,2019-08-08,3,37.55896823124279,0.7396829424307454,0.9819806379910716,0.1421279675806993
wh-meta-social-circle-ga-2,2019-08-08,4,35.47975191137894,0.7867300745621665,0.9841019619556536,0.1326162897005783
wh-meta-social-circle-ga-2,2019-08-24,0,35.454512902375704,0.5866323172767705,0.9737078681739187,0.1495530496227963
wh-meta-social-circle-ga-2,2019-08-24,1,35.57205262864774,0.6526049911993534,0.9734471803286004,0.170331929534134
wh-meta-social-circle-ga-2,2019-08-24,2,34.169652135893784,0.727840502408645,0.981398890609677,0.1515277966993916
wh-meta-social-circle-ga-2,2019-08-24,3,35.163307644404185,0.6808174738334757,0.980828767006768,0.1571742467574703
wh-meta-social-circle-ga-2,2019-08-24,4,33.324915264752995,0.7326477258629643,0.9833270782882692,0.1430522708813128
wh-meta-social-circle-ga-2,2019-09-09,0,39.24387651302248,0.6541149740195159,0.980103451659951,0.1474428399136062
wh-meta-social-circle-ga-2,2019-09-09,1,39.80293261722819,0.6228021627507389,0.976677664677097,0.1612256011538452
wh-meta-social-circle-ga-2,2019-09-09,2,38.9989593876837,0.6757588688106014,0.980792996673611,0.1429626837402966
wh-meta-social-circle-ga-2,2019-09-09,3,39.90254850040585,0.6627538086193291,0.9812154997311318,0.1378357209481102
wh-meta-social-circle-ga-2,2019-09-09,4,37.98731806075295,0.7209207099098118,0.9835888191854776,0.1280144825776017
wh-meta-social-circle-ga-2,2019-09-25,0,34.315959374306345,0.6788945774055355,0.9797288895350688,0.1405713906379346
wh-meta-social-circle-ga-2,2019-09-25,1,34.75260928053938,0.639481105888681,0.9763145061817275,0.1556464775923544
wh-meta-social-circle-ga-2,2019-09-25,2,34.227258081782765,0.6872391218859198,0.9802634872755072,0.1375236280029005
wh-meta-social-circle-ga-2,2019-09-25,3,35.287133258313254,0.6659523127717436,0.9805258164501062,0.132801368743482
wh-meta-social-circle-ga-2,2019-09-25,4,33.64174454603372,0.7189769113872484,0.9828431515508934,0.1227260239919052
wh-meta-social-circle-ga-2,2019-10-11,0,27.58666300507983,0.6085531988789672,0.9807439988077108,0.1610605330118741
wh-meta-social-circle-ga-2,2019-10-11,1,28.382333142058513,0.649047152666511,0.979612638026896,0.1496698720038788
wh-meta-social-circle-ga-2,2019-10-11,2,27.661480896451124,0.6643669899974676,0.9808857810082344,0.1377196649621075
wh-meta-social-circle-ga-2,2019-10-11,3,28.29077388467616,0.6310253313175753,0.980920723831894,0.1523981177709285
wh-meta-social-circle-ga-2,2019-10-11,4,26.65486735436683,0.7066566321075787,0.9833523142084712,0.1318137116405324
wh-meta-social-circle-ga-2,2019-10-27,0,23.01122495934284,0.6807628951897776,0.9801956122100568,0.1268933367681704
wh-meta-social-circle-ga-2,2019-10-27,1,23.542936821351574,0.634345996782568,0.976585373186506,0.1444605109913172
wh-meta-social-circle-ga-2,2019-10-27,2,22.977823450011588,0.6853311568516702,0.9806092348617004,0.1248573272145304
wh-meta-social-circle-ga-2,2019-10-27,3,23.531135979979325,0.6698696126783004,0.9809792792138772,0.1202018278958692
wh-meta-social-circle-ga-2,2019-10-27,4,22.496530969665116,0.7167443935057426,0.98324434860387,0.1113226990316592
wh-meta-social-circle-ga-2,2019-11-28,0,15.76697093065798,0.5785236909870395,0.9780753657635384,0.1286084476546188
wh-meta-social-circle-ga-2,2019-11-28,1,15.937528750669458,0.5168935119757916,0.975053099920317,0.1406528471142867
wh-meta-social-circle-ga-2,2019-11-28,2,15.800816395731967,0.5639739767818126,0.978772793084654,0.1247100158533876
wh-meta-social-circle-ga-2,2019-11-28,3,16.338064196323906,0.5572626710067426,0.979040773420549,0.1189371801906754
wh-meta-social-circle-ga-2,2019-11-28,4,15.847796086920738,0.5890222302799045,0.9811249484395792,0.1085797125704754
wh-meta-social-circle-ga-2,2019-12-30,0,15.972585865578464,0.5792527212649229,0.9777513331737264,0.1175537954114214
wh-meta-social-circle-ga-2,2019-12-30,1,16.022389293303245,0.5286469817092831,0.9748512350886772,0.128104147390852
wh-meta-social-circle-ga-2,2019-12-30,2,15.738088343134397,0.5753970149645378,0.978389147211682,0.1112243537663611
wh-meta-social-circle-ga-2,2019-12-30,3,15.98522935571025,0.5674831073321407,0.9788290013937456,0.1071695931766763
wh-meta-social-circle-ga-2,2019-12-30,4,15.37356585526544,0.5941497261258303,0.980815422838482,0.0969874847388345
wh-meta-social-circle-ga-2,2020-03-19,3,21.132174400369536,0.6412078995449285,0.9805828747866252,0.0836062195746309
wh-meta-social-circle-ga-2,2020-03-19,4,21.981062463212897,0.5909869109819461,0.9803122489904772,0.1184104121164871
wh-meta-social-circle-ga-2,2020-04-20,2,19.802440329729137,0.7718948336711179,0.9831247763376956,0.2006957153242909
wh-meta-social-circle-ga-2,2020-04-20,3,20.000376796333803,0.7619830090183808,0.9824222364790944,0.1698653763503043
wh-meta-social-circle-ga-2,2020-04-20,4,18.39483514127496,0.8413297470616509,0.98521597694783,0.1563995409118969
wh-meta-social-circle-ga-2,2020-05-06,0,26.893679264245065,0.7429520801698325,0.9814103874018052,0.1642644404365394
wh-meta-social-circle-ga-2,2020-05-06,1,27.117176225406833,0.7014003967068113,0.9776068384661256,0.1789503197959836
wh-meta-social-circle-ga-2,2020-05-06,2,26.76506743581964,0.7399212397050832,0.9815730003804848,0.1625783084712235
wh-meta-social-circle-ga-2,2020-05-06,3,27.55727211212503,0.73535143574683,0.9821346318744816,0.1572382580188804
wh-meta-social-circle-ga-2,2020-05-06,4,25.929730094893657,0.7746828335012267,0.9840811347293632,0.1521630614059426
wh-meta-social-circle-ga-2,2020-05-22,0,12.06758354681003,0.6706004577091117,0.9807943995950236,0.1698848668523033
wh-meta-social-circle-ga-2,2020-05-22,1,15.46452816140677,0.5602404997591182,0.9781643357493428,0.2149156681340125
wh-meta-social-circle-ga-2,2020-05-22,2,12.053845503378712,0.7448007421430982,0.9833451253150136,0.1641222077202403
wh-meta-social-circle-ga-2,2020-05-22,3,12.518250868458097,0.7332349862070994,0.9830697089270208,0.1623216775772639
wh-meta-social-circle-ga-2,2020-05-22,4,11.256343825309838,0.7556774588448044,0.9839204037847074,0.157625278895526
wh-meta-social-circle-ga-2,2020-06-07,2,-1.370618275319844,0.7760801543413927,0.9840987235987,0.1341821764698924
wh-meta-social-circle-ga-2,2020-06-07,3,8.853374563556384,0.7085949092541485,0.982506198472418,0.1297687685981571
wh-meta-social-circle-ga-2,2020-06-07,4,13.910950952896634,0.7306685621849848,0.98311772546323,0.1324211731281351
wh-meta-social-circle-ga-2,2020-06-23,2,27.48562107388098,0.5524142321175315,0.9739519544565526,0.2139271989465285
wh-meta-social-circle-ga-2,2020-06-23,3,24.51228577443095,0.7708558603054326,0.9805922648035258,0.1249524563303218
wh-meta-social-circle-ga-2,2020-06-23,4,22.363883800545725,0.8057961018812355,0.9840853893359472,0.1612669083729006
wh-meta-social-circle-ga-2,2020-07-09,0,31.76050818543167,0.7300485081980806,0.9817409362075906,0.1858531865451416
wh-meta-social-circle-ga-2,2020-07-09,1,33.578084541104545,0.6986529093309155,0.9781003730139328,0.1860726418681494
wh-meta-social-circle-ga-2,2020-07-09,2,32.61801869362986,0.7589700139532688,0.9819132703911568,0.1648297368688402
wh-meta-social-circle-ga-2,2020-07-09,3,33.18100361541843,0.7383677959713492,0.98103166308048,0.1597247339241321
wh-meta-social-circle-ga-2,2020-07-09,4,31.85310701293827,0.7817623751812701,0.983571300385719,0.1502724939683936
wh-meta-social-circle-ga-2,2020-07-25,0,35.22235251196836,0.7351184526108565,0.9830920122966318,0.1656268504339311
wh-meta-social-circle-ga-2,2020-07-25,1,36.49378773327928,0.7019599212298947,0.9792402983574184,0.1757797077495914
wh-meta-social-circle-ga-2,2020-07-25,2,36.51951934725957,0.7430569107371501,0.9827186762276516,0.1560808132616711
wh-meta-social-circle-ga-2,2020-07-25,3,37.610905278211995,0.7346938395973335,0.982801869536118,0.1443163252849232
wh-meta-social-circle-ga-2,2020-07-25,4,35.9952577390264,0.7701466561439422,0.9847846777147798,0.1374786950764685
wh-meta-social-circle-ga-2,2020-09-11,2,30.95719431329046,0.8254630085749486,0.9840004056136394,0.0970192291113574
wh-meta-social-circle-ga-2,2020-09-11,3,34.104632125615225,0.7191386481168774,0.981075838283034,0.1480252620018868
wh-meta-social-circle-ga-2,2020-09-11,4,33.913805139639315,0.762332063649881,0.9835357564118424,0.1421350347831243
wh-meta-social-circle-ga-2,2020-09-27,1,22.72573742000003,0.7544216610524572,0.9798,0.13723662
wh-meta-social-circle-ga-2,2020-09-27,2,27.264680270634617,0.5356579877199743,0.9740370266658532,0.1632898168775471
wh-meta-social-circle-ga-2,2020-09-27,3,25.355857298348532,0.7038255364777106,0.9798053429357702,0.0978279802329843
wh-meta-social-circle-ga-2,2020-09-27,4,23.824236472914116,0.7784122198483636,0.9821110731251638,0.0914860566064781
wh-meta-social-circle-ga-2,2020-10-13,0,28.398978014271208,0.7004601294251613,0.9806890010012742,0.1299202351956467
wh-meta-social-circle-ga-2,2020-10-13,1,28.886627955223975,0.6561377213526864,0.976919721153086,0.1430106484641339
wh-meta-social-circle-ga-2,2020-10-13,2,28.217284107212325,0.7034084863991067,0.981112566588394,0.12288011730047
wh-meta-social-circle-ga-2,2020-10-13,3,28.81148546049908,0.6940317384342277,0.9815559384464974,0.120675414502405
wh-meta-social-circle-ga-2,2020-10-13,4,27.585590100627947,0.7388688296407008,0.983693489492336,0.107334214795572
wh-meta-social-circle-ga-2,2020-10-29,4,14.761181150000022,0.7445270134565093,0.9793083333333332,0.1048709235416666
wh-meta-social-circle-ga-2,2020-11-14,0,20.05319193024892,0.6907797537330961,0.9806447088050418,0.1309520939811509
wh-meta-social-circle-ga-2,2020-11-14,1,20.310439889105908,0.6062729658116353,0.9767596616965162,0.1374598675053699
wh-meta-social-circle-ga-2,2020-11-14,2,19.836349009610935,0.6553486385984649,0.980777203821478,0.1167032636967486
wh-meta-social-circle-ga-2,2020-11-14,3,20.18036534653547,0.653242583293282,0.981173805294422,0.1119669304105009
wh-meta-social-circle-ga-2,2020-11-14,4,19.46744977917129,0.6800200243006539,0.9831791156110434,0.1006473646651762
wh-meta-social-circle-ga-2,2021-01-17,0,8.890342736500472,0.5330767224491937,0.9782341636848024,0.1226884942792691
wh-meta-social-circle-ga-2,2021-01-17,1,8.887112530858706,0.4814350184874553,0.974481150295349,0.1239278666769001
wh-meta-social-circle-ga-2,2021-01-17,2,8.919336011840915,0.5194321537397748,0.9786833401937222,0.116957525560985
wh-meta-social-circle-ga-2,2021-01-17,3,9.410006137855406,0.5194353314590036,0.979259674355688,0.1194102396554309
wh-meta-social-circle-ga-2,2021-01-17,4,8.821257815432213,0.5431164973743471,0.981199903704284,0.1065934827624826
wh-meta-social-circle-ga-2,2021-02-02,0,9.163690615838773,0.5361773220238939,0.979191728831078,0.1281101708451347
wh-meta-social-circle-ga-2,2021-02-02,1,8.826162458493949,0.481954225656804,0.975056963534361,0.1365400531926488
wh-meta-social-circle-ga-2,2021-02-02,2,8.626251903155117,0.5144746011220878,0.9787041287653812,0.1200658999514109
wh-meta-social-circle-ga-2,2021-02-02,3,8.968729421005346,0.5136381858341077,0.9791205956270594,0.1186393897192063
wh-meta-social-circle-ga-2,2021-02-02,4,8.355161692019658,0.5325431338486206,0.9809923812552452,0.1043875073521985
wh-meta-social-circle-ga-2,2021-03-22,0,22.85047914461876,0.5587958735727312,0.9797155160915364,0.1334812649599141
wh-meta-social-circle-ga-2,2021-03-22,1,22.541884948438927,0.5502948627565336,0.9770162174922722,0.1469156676033109
wh-meta-social-circle-ga-2,2021-03-22,2,22.7560123934752,0.5426572893267331,0.9793909148264536,0.1333224880762872
wh-meta-social-circle-ga-2,2021-03-22,3,23.118190528131027,0.5636205093744672,0.9801803501172692,0.1309556711347409
wh-meta-social-circle-ga-2,2021-03-22,4,22.529623915187457,0.5605208809433441,0.9817316969318604,0.1193128188662448
wh-meta-social-circle-ga-2,2021-04-07,0,19.333649354725967,0.6388506141596306,0.9799235903259916,0.1623341650036923
wh-meta-social-circle-ga-2,2021-04-07,1,19.519074474611777,0.6649779646020132,0.9783020029350482,0.1705247466851746
wh-meta-social-circle-ga-2,2021-04-07,2,20.52133724671388,0.6286645497390495,0.9803669237385628,0.1577610173926737
wh-meta-social-circle-ga-2,2021-04-07,3,21.3439820981214,0.633877185031823,0.9805273731573751,0.1557531083183753
wh-meta-social-circle-ga-2,2021-04-07,4,21.389711221764063,0.6425738968695256,0.9821400885226996,0.1399736102205885
wh-meta-social-circle-ga-2,2021-04-23,4,18.39818229800002,0.6314968557991816,0.9711166666666664,0.2095544113333333
wh-meta-social-circle-ga-2,2021-05-09,0,29.101919592971115,0.73517820184026,0.9817878479056356,0.164561942819064
wh-meta-social-circle-ga-2,2021-05-09,1,29.10337818982035,0.7049954870291945,0.9779287741012164,0.1774713998447385
wh-meta-social-circle-ga-2,2021-05-09,2,28.87818513759106,0.7291743871743095,0.9819243027311312,0.1610954398010173
wh-meta-social-circle-ga-2,2021-05-09,3,29.247796473016955,0.7362349839185423,0.9827027355431324,0.1545319086641422
wh-meta-social-circle-ga-2,2021-05-09,4,27.798364082118063,0.7798455425151767,0.9847208136470876,0.1458278541221599
wh-meta-social-circle-ga-2,2021-05-25,0,33.508033932558476,0.7689765417965978,0.983730993356698,0.1555266531474602
wh-meta-social-circle-ga-2,2021-05-25,1,32.35356423822021,0.6090615452380439,0.9791708150818428,0.1671720346676658
wh-meta-social-circle-ga-2,2021-05-25,2,29.029039425184003,0.5814189361154299,0.9770308949246304,0.1805637663839902
wh-meta-social-circle-ga-2,2021-05-25,3,31.99443932794098,0.6943449255826337,0.9822259976602448,0.1600990488289496
wh-meta-social-circle-ga-2,2021-05-25,4,31.58825892284816,0.7601598657031372,0.984504397682587,0.1438049211516817
wh-meta-social-circle-ga-2,2021-06-10,2,27.56420789393295,0.7719035331793175,0.9827831948954856,0.1379455161168298
wh-meta-social-circle-ga-2,2021-06-10,3,30.707906048484915,0.6885562828221115,0.980618715249755,0.1779822001808607
wh-meta-social-circle-ga-2,2021-06-10,4,27.815192754493655,0.7660850628681262,0.9838679982541496,0.1663993887867306
wh-meta-social-circle-ga-2,2021-06-26,0,26.47138268913396,0.7600016276229553,0.9837183685093186,0.2108787861529759
wh-meta-social-circle-ga-2,2021-06-26,1,30.24439167417457,0.6460121762419125,0.9791498242661416,0.209277224929224
wh-meta-social-circle-ga-2,2021-06-26,2,28.05926922109832,0.7163023141520156,0.9810444801409608,0.1858180766129063
wh-meta-social-circle-ga-2,2021-06-26,3,28.27043013926703,0.7175064412331214,0.98235572622764,0.1837557905392248
wh-meta-social-circle-ga-2,2021-06-26,4,27.205513355520697,0.7772601428367234,0.9838295645157432,0.1703706685032841
wh-meta-social-circle-ga-2,2021-07-12,2,16.48788579593165,0.6992900951135901,0.9810242035830063,0.245716604609481
wh-meta-social-circle-ga-2,2021-07-12,3,11.261649139501426,0.8046119956674772,0.9844334711143596,0.2169174087763508
wh-meta-social-circle-ga-2,2021-07-12,4,15.935392515485876,0.7283967276915472,0.9819165188596654,0.2002618190669869
wh-meta-social-circle-ga-2,2021-07-28,0,32.644827820690445,0.6965746657102193,0.9792979991424914,0.1712122652814063
wh-meta-social-circle-ga-2,2021-07-28,1,33.65231350312338,0.6694266679440016,0.9777786805646724,0.1962690213238034
wh-meta-social-circle-ga-2,2021-07-28,2,31.678431347919453,0.7588715831719007,0.9827538417616436,0.1606292202431793
wh-meta-social-circle-ga-2,2021-07-28,3,32.13633995083761,0.7449831312228009,0.9822886232270992,0.1600943549079721
wh-meta-social-circle-ga-2,2021-07-28,4,31.05360645955224,0.7809719300156359,0.9845778336449772,0.1450011377289814
wh-meta-social-circle-ga-2,2021-08-13,0,37.04356745470877,0.7294496658254863,0.9813797243448292,0.152203307054454
wh-meta-social-circle-ga-2,2021-08-13,1,37.92888729501808,0.700908764432604,0.9776167352489956,0.1637773997831932
wh-meta-social-circle-ga-2,2021-08-13,2,36.76249930595179,0.7503686844111398,0.9818846145102208,0.1474992944664884
wh-meta-social-circle-ga-2,2021-08-13,3,36.532683330654585,0.7574016452126813,0.9830809267302604,0.1424876885245452
wh-meta-social-circle-ga-2,2021-08-13,4,34.790539054616254,0.7926042289079809,0.984642798532972,0.132473732556664
wh-meta-social-circle-ga-2,2021-08-29,0,32.172064289683576,0.7108592210315184,0.9810818779901588,0.167582192316672
wh-meta-social-circle-ga-2,2021-08-29,1,32.58902356747809,0.6797084196237919,0.976780736239104,0.1829198102101369
wh-meta-social-circle-ga-2,2021-08-29,2,30.996475437824294,0.7201731554636382,0.9820329285423138,0.1668473287371502
wh-meta-social-circle-ga-2,2021-08-29,3,30.69075631114571,0.710705260886859,0.9818082288752006,0.1657433561080615
wh-meta-social-circle-ga-2,2021-08-29,4,30.262396209879576,0.734376621495238,0.9835903966266558,0.1609833795896769
wh-meta-social-circle-ga-2,2021-09-14,0,28.629152102431274,0.6846127446570489,0.9792108226241018,0.2002853474014337
wh-meta-social-circle-ga-2,2021-09-14,1,29.75621000693413,0.6534500046735809,0.9784766498383284,0.2094563031151913
wh-meta-social-circle-ga-2,2021-09-14,2,29.716320938689535,0.7113392065991613,0.9806265382201612,0.1706151675159428
wh-meta-social-circle-ga-2,2021-09-14,3,29.550987412999543,0.7463566928481108,0.9830561586794628,0.1473045597768093
wh-meta-social-circle-ga-2,2021-09-14,4,27.877704410897145,0.7690749196267577,0.9845144251357306,0.1226629696806094
wh-meta-social-circle-ga-2,2021-10-16,0,22.668032835377492,0.7307914650044414,0.9804488620053318,0.1433621475069144
wh-meta-social-circle-ga-2,2021-10-16,1,22.490573048435692,0.6872829057433509,0.9756385479540002,0.1541156002370381
wh-meta-social-circle-ga-2,2021-10-16,2,22.438647431248697,0.709771630753166,0.9810539599322912,0.1336771080160154
wh-meta-social-circle-ga-2,2021-10-16,3,23.24657979942945,0.659055395863772,0.978739535610964,0.1383119362701634
wh-meta-social-circle-ga-2,2021-10-16,4,22.42675667090119,0.7419059568618747,0.9828534492571408,0.1232430383977975
wh-meta-social-circle-ga-2,2021-11-01,0,19.92219578354191,0.7238306733316606,0.9798160980897788,0.1290596908438318
wh-meta-social-circle-ga-2,2021-11-01,1,20.276352437679016,0.6557369715963373,0.9761976779030844,0.137260503672116
wh-meta-social-circle-ga-2,2021-11-01,2,19.768044239323785,0.7004842487028992,0.980226022327942,0.1168599386048918
wh-meta-social-circle-ga-2,2021-11-01,3,20.16409989149461,0.6914580187758212,0.9805573708211228,0.112532362577341
wh-meta-social-circle-ga-2,2021-11-01,4,19.231313167811717,0.7314686239879182,0.9826808153295712,0.1015747307650651
wh-meta-social-circle-ga-2,2021-11-17,0,20.783170743264716,0.6550438611497759,0.9802483636073092,0.128804372922575
wh-meta-social-circle-ga-2,2021-11-17,1,20.997680763630377,0.5810702443819602,0.9762778109707516,0.1405371291308143
wh-meta-social-circle-ga-2,2021-11-17,2,20.600825213185004,0.621560021269051,0.9803537324850452,0.119282791643328
wh-meta-social-circle-ga-2,2021-11-17,3,20.968433348821705,0.6122822250245682,0.9807010940837184,0.115466384662741
wh-meta-social-circle-ga-2,2021-11-17,4,20.134230215284248,0.6495292887533719,0.982818387426214,0.1040214919236209
wh-meta-social-circle-ga-2,2021-12-03,0,21.176970926596,0.5920298124190756,0.97857310961143,0.1299082567897401
wh-meta-social-circle-ga-2,2021-12-03,1,21.29143972448493,0.528873860500484,0.975109737322371,0.1407910871186488
wh-meta-social-circle-ga-2,2021-12-03,2,20.92707381765287,0.5699690414164026,0.9790117005047752,0.1210204904988998
wh-meta-social-circle-ga-2,2021-12-03,3,21.21540457750258,0.5560984139650327,0.979198843445412,0.1176939629461291
wh-meta-social-circle-ga-2,2021-12-03,4,20.399705836851044,0.5931380021444885,0.98125906304951,0.1045518535754002
wh-meta-social-circle-ga-2,2022-01-04,0,8.516648348536904,0.5690043748407089,0.9789044583023632,0.1153775569187226
wh-meta-social-circle-ga-2,2022-01-04,1,8.535144554234403,0.5240751114440492,0.9750205164761644,0.1229221438694534
wh-meta-social-circle-ga-2,2022-01-04,2,8.303165511595028,0.5607442704125186,0.9783296124400308,0.105138090236843
wh-meta-social-circle-ga-2,2022-01-04,3,8.662509310333649,0.5547922081648264,0.9786290787847284,0.1035584187812487
wh-meta-social-circle-ga-2,2022-01-04,4,8.001076310510614,0.5772224788883126,0.9806188064223266,0.0934583765860357
wh-meta-social-circle-ga-2,2022-02-05,0,7.858844841106472,0.5205520568235668,0.9784252225354608,0.1193096271458161
wh-meta-social-circle-ga-2,2022-02-05,1,7.927060879142567,0.4913878393661217,0.9750811281832824,0.1309666962991336
wh-meta-social-circle-ga-2,2022-02-05,2,7.68097211487946,0.5248016226296159,0.978857265979772,0.1134105978103452
wh-meta-social-circle-ga-2,2022-02-05,3,8.10680153068636,0.5265048058865913,0.9793078338825748,0.1110367662840887
wh-meta-social-circle-ga-2,2022-02-05,4,7.41202808984255,0.5535417975931948,0.9814207170667884,0.0994287400855683
wh-meta-social-circle-ga-2,2022-04-10,0,23.375135450476986,0.6339216309730101,0.9802692263949346,0.1434911828997118
wh-meta-social-circle-ga-2,2022-04-10,1,23.86203976084847,0.604323149039963,0.9769197140080308,0.1567172424960468
wh-meta-social-circle-ga-2,2022-04-10,2,23.226279555316125,0.631063662252934,0.9811560436460844,0.1415042800591527
wh-meta-social-circle-ga-2,2022-04-10,3,23.57545586004487,0.6383056735621259,0.9814789065002048,0.1387119209865271
wh-meta-social-circle-ga-2,2022-04-10,4,22.502346180080405,0.6516487587871576,0.983353970071854,0.1268676465041983
wh-meta-social-circle-ga-2,2022-05-12,0,31.40321587244133,0.7342931517244875,0.9807735788667408,0.1633968041640411
wh-meta-social-circle-ga-2,2022-05-12,1,32.36172835958585,0.6872964377939966,0.9771224033484202,0.1767116842173797
wh-meta-social-circle-ga-2,2022-05-12,2,31.532317991224215,0.7252318893168468,0.981033807719983,0.1603962388396406
wh-meta-social-circle-ga-2,2022-05-12,3,32.28019908463961,0.7239247652065869,0.9815713525005868,0.1544953028489743
wh-meta-social-circle-ga-2,2022-05-12,4,30.32958673829426,0.7736508387512567,0.9837890973697676,0.1471380986117303
wh-meta-social-circle-ga-2,2022-05-28,0,30.597707912583285,0.718501345022045,0.9809353135208566,0.1613022750301683
wh-meta-social-circle-ga-2,2022-05-28,1,31.62840866904512,0.6711588435449848,0.9771562257961433,0.1754287438872132
wh-meta-social-circle-ga-2,2022-05-28,2,30.4703354771923,0.7188552482991891,0.9812604702224292,0.1591739589107563
wh-meta-social-circle-ga-2,2022-05-28,3,31.053117343407155,0.7161278785815065,0.981714132356994,0.1521201889881395
wh-meta-social-circle-ga-2,2022-05-28,4,29.33552011301337,0.7730496912998599,0.9840870245067752,0.146063484085552
wh-meta-social-circle-ga-2,2022-06-13,0,36.46089368836256,0.6826140757592937,0.980652488219956,0.1807516286883433
wh-meta-social-circle-ga-2,2022-06-13,1,37.613112236884746,0.6416720260915343,0.975864446474169,0.1943075059770314
wh-meta-social-circle-ga-2,2022-06-13,2,35.559510172315036,0.7123087286018736,0.9802966221628848,0.1778686659540067
wh-meta-social-circle-ga-2,2022-06-13,3,35.6247133425201,0.7145948041608869,0.980946380433402,0.1694868693911793
wh-meta-social-circle-ga-2,2022-06-13,4,34.22457664293384,0.7937213882830269,0.9844669360497416,0.156707698331675
wh-meta-social-circle-ga-2,2022-07-15,0,33.93685566110044,0.7352180730806789,0.980835245823433,0.1612898626459015
wh-meta-social-circle-ga-2,2022-07-15,1,34.29085329475854,0.714694898340974,0.9773650037787176,0.1769671315377448
wh-meta-social-circle-ga-2,2022-07-15,2,32.99818371459126,0.7601149296836343,0.981362367782326,0.1576215202532108
wh-meta-social-circle-ga-2,2022-07-15,3,33.301430764845335,0.7607804217263634,0.982286360002256,0.1537299983020085
wh-meta-social-circle-ga-2,2022-07-15,4,31.571242171580803,0.7843508813775436,0.9840356142643428,0.1455451937708763
wh-meta-social-circle-ga-2,2022-07-31,0,30.46758203559269,0.7417683817143138,0.981360402730958,0.169451277995132
wh-meta-social-circle-ga-2,2022-07-31,1,31.5816448700181,0.7026690008631429,0.977270300197676,0.1862018909357166
wh-meta-social-circle-ga-2,2022-07-31,2,29.675815719745437,0.7800320653201435,0.982851066227486,0.1571975851552151
wh-meta-social-circle-ga-2,2022-07-31,3,30.52568683344714,0.7505190200620606,0.9825145462751996,0.1605948832592768
wh-meta-social-circle-ga-2,2022-07-31,4,29.147549396442773,0.7974489530234363,0.985027376317253,0.1457163570125776
wh-meta-social-circle-ga-2,2022-09-01,0,30.358188690041207,0.7576132064823026,0.9807015084258294,0.1443058841011952
wh-meta-social-circle-ga-2,2022-09-01,1,30.77001075662172,0.7295566083794277,0.9771564185538224,0.1601705893711567
wh-meta-social-circle-ga-2,2022-09-01,2,30.270108827617292,0.759590295577589,0.9811165085054072,0.1402407903017971
wh-meta-social-circle-ga-2,2022-09-01,3,30.638846729486666,0.7633717772125688,0.9818103779416164,0.1360541205038107
wh-meta-social-circle-ga-2,2022-09-01,4,29.412536297252192,0.7990255529595099,0.983872862872638,0.1241805713124596
wh-meta-social-circle-ga-2,2022-09-17,0,28.156658035877804,0.7306133497072778,0.9813485067329724,0.1439280439400224
wh-meta-social-circle-ga-2,2022-09-17,1,28.65118636625079,0.6937790244360656,0.97692762995502,0.1595132503121819
wh-meta-social-circle-ga-2,2022-09-17,2,27.960412842247017,0.7347535090812969,0.9816959702551832,0.1378733334068222
wh-meta-social-circle-ga-2,2022-09-17,3,28.44496067126743,0.7408312470793508,0.9825323240978632,0.1338397005235233
wh-meta-social-circle-ga-2,2022-09-17,4,27.506296313776833,0.7671873603141979,0.984394138756344,0.1216914247446359
wh-meta-social-circle-ga-2,2022-10-03,0,24.44117771867629,0.6991268051680619,0.9784705545394624,0.1662656946876829
wh-meta-social-circle-ga-2,2022-10-03,1,23.139280187365443,0.622139208509381,0.9754950730346296,0.1746882734772033
wh-meta-social-circle-ga-2,2022-10-03,2,22.44550912721019,0.7799512381322964,0.9827110844049184,0.1177300352019522
wh-meta-social-circle-ga-2,2022-10-03,3,24.672155934276297,0.7126240554725514,0.9815097494359842,0.1488949988398168
wh-meta-social-circle-ga-2,2022-10-03,4,22.62638663024834,0.7768229877216063,0.9832191139003728,0.1332685750218592
wh-meta-social-circle-ga-2,2022-10-19,0,16.371931322430726,0.6913756601967279,0.9795848901009347,0.132452213191962
wh-meta-social-circle-ga-2,2022-10-19,1,16.736781929343014,0.6267724311006552,0.9762128229951572,0.1463943754768481
wh-meta-social-circle-ga-2,2022-10-19,2,16.38421459011195,0.6732873761739636,0.9801604808464732,0.1278337359694047
wh-meta-social-circle-ga-2,2022-10-19,3,17.011895723225784,0.663827024898623,0.980539373063776,0.125622075264158
wh-meta-social-circle-ga-2,2022-10-19,4,15.855535945813488,0.6997795953315087,0.9826045731907628,0.1129930744584812
wh-meta-social-circle-ga-2,2022-11-04,0,22.80221615684825,0.6284850796187741,0.9798230597462916,0.1215838163512065
wh-meta-social-circle-ga-2,2022-11-04,1,23.22926486618991,0.5648684683947224,0.9760473009186864,0.1359613211996909
wh-meta-social-circle-ga-2,2022-11-04,2,22.80707828888981,0.6064942227450143,0.9800974584409629,0.1174663219971058
wh-meta-social-circle-ga-2,2022-11-04,3,23.10075928197173,0.5976502058599303,0.9804400239225836,0.1128183764866646
wh-meta-social-circle-ga-2,2022-11-04,4,22.329862788433235,0.6248807417605711,0.9824564301008898,0.1046338465255947
wh-meta-social-circle-ga-2,2023-01-07,0,15.138437506498544,0.4655516405545517,0.9775049840909328,0.1154909675026281
wh-meta-social-circle-ga-2,2023-01-07,1,15.0154892215745,0.4383413032701372,0.9745253193539454,0.1268561546977902
wh-meta-social-circle-ga-2,2023-01-07,2,14.639570301466126,0.4833660196961477,0.978136147489456,0.1097350737148675
wh-meta-social-circle-ga-2,2023-01-07,3,14.903767842832565,0.4702856761617555,0.978365862191076,0.1066954835041928
wh-meta-social-circle-ga-2,2023-01-07,4,14.255805073767378,0.4941074252277375,0.9804405927717684,0.0982059495387826
wh-meta-social-circle-ga-2,2023-01-23,1,9.745476440381957,0.4189189353057935,0.974420987135462,0.1711800805718312
wh-meta-social-circle-ga-2,2023-01-23,2,9.16062096165176,0.5277443643851842,0.9797919346879744,0.1056957811133874
wh-meta-social-circle-ga-2,2023-01-23,3,9.099762009112224,0.5396791251357111,0.9796857055264716,0.1011814159432791
wh-meta-social-circle-ga-2,2023-01-23,4,8.86014047627307,0.4768082523878674,0.9797982018571764,0.1192823604434583
wh-meta-social-circle-ga-2,2023-02-24,0,25.809443665654367,0.4833975262129688,0.9753814380944422,0.1184922907877305
wh-meta-social-circle-ga-2,2023-02-24,1,25.38306275227049,0.452474573746884,0.9727239058070508,0.148215689355809
wh-meta-social-circle-ga-2,2023-02-24,2,25.0181421351317,0.4513553773817126,0.9761511003313652,0.1456163734842482
wh-meta-social-circle-ga-2,2023-02-24,3,25.40774438591984,0.4996268242154361,0.9784749449580192,0.1296584930759463
wh-meta-social-circle-ga-2,2023-02-24,4,24.68572817441354,0.4942700747697348,0.979898213934357,0.1287353295447228
wh-meta-social-circle-ga-2,2023-05-15,0,30.640936988372253,0.6017999605077541,0.9801101024473534,0.1195762561539556
wh-meta-social-circle-ga-2,2023-05-15,1,25.21183311915184,0.8048046065712362,0.9833204730237288,0.2034787925339137
wh-meta-social-circle-ga-2,2023-05-15,2,27.73292395835145,0.7157153413562711,0.9776555543040036,0.1793994912767617
wh-meta-social-circle-ga-2,2023-05-15,3,28.2782940284597,0.7081102385802139,0.9805291073995148,0.1832632908700217
wh-meta-social-circle-ga-2,2023-05-15,4,26.27171587061961,0.7007923272257627,0.9828825384606904,0.1926633249715544
wh-meta-social-circle-ga-2,2023-06-16,0,25.523399924071676,0.7035772278965652,0.9774532918523512,0.1405589983965779
wh-meta-social-circle-ga-2,2023-06-16,1,25.84795518710573,0.6991148210534374,0.980265547419309,0.1676508606533662
wh-meta-social-circle-ga-2,2023-06-16,2,27.08247645051298,0.7267995224030487,0.9817275961291186,0.1386420664450595
wh-meta-social-circle-ga-2,2023-06-16,3,26.86332470928222,0.7150204066655957,0.9822582274451692,0.154695925168435
wh-meta-social-circle-ga-2,2023-06-16,4,26.43308361008698,0.7164507345873363,0.9837594786628844,0.1581312523926851
wh-meta-social-circle-ga-2,2023-07-02,0,32.57623491678982,0.7465247200746458,0.9820964452037064,0.1614658107826433
wh-meta-social-circle-ga-2,2023-07-02,1,33.50993714301002,0.7074666748633238,0.9781753918431204,0.1811564608400149
wh-meta-social-circle-ga-2,2023-07-02,2,32.428021268483214,0.7580042205371753,0.982565757342403,0.1622314857591388
wh-meta-social-circle-ga-2,2023-07-02,3,32.1293945097476,0.7586399680221398,0.9833085778544456,0.158107812732989
wh-meta-social-circle-ga-2,2023-07-02,4,30.37387563421378,0.7596111604281514,0.9846520928495214,0.1502408455729211
wh-meta-social-circle-ga-2,2023-07-18,0,34.13203586672471,0.7294047209447598,0.9806067447534496,0.1506948961635664
wh-meta-social-circle-ga-2,2023-07-18,1,35.40957561968301,0.6943312626019758,0.9771491646687688,0.1657229887849266
wh-meta-social-circle-ga-2,2023-07-18,2,34.66607700041591,0.7412394712345783,0.9813310678008732,0.1512527505211874
wh-meta-social-circle-ga-2,2023-07-18,3,35.01262532126806,0.7423402514841918,0.9821762150660596,0.1489671939682827
wh-meta-social-circle-ga-2,2023-07-18,4,33.620037361570205,0.7560744978708952,0.9838080291157304,0.1415882224683521
wh-meta-social-circle-ga-2,2023-08-19,0,29.73046500058682,0.7242540589642892,0.9811319636342156,0.1428910046546523
wh-meta-social-circle-ga-2,2023-08-19,1,30.345942201552575,0.7034743697285646,0.9776111535007272,0.1590022121478903
wh-meta-social-circle-ga-2,2023-08-19,2,29.815712481679498,0.7448210763028265,0.9817660314928364,0.1444630890774212
wh-meta-social-circle-ga-2,2023-08-19,3,30.008905165785613,0.7486395937174041,0.9826081964444104,0.1414399627881612
wh-meta-social-circle-ga-2,2023-08-19,4,28.771076604566467,0.7625674677004716,0.9842230493096052,0.1332002754008247
wh-meta-social-circle-ga-2,2023-09-04,0,31.525315045258893,0.7282715360555861,0.9803396588776756,0.1402609561387024
wh-meta-social-circle-ga-2,2023-09-04,1,32.20017043417834,0.7057952664791133,0.9769783422715018,0.159904632158988
wh-meta-social-circle-ga-2,2023-09-04,2,31.818170133831973,0.7456936615069044,0.9809925726425944,0.1410760417680953
wh-meta-social-circle-ga-2,2023-09-04,3,32.12064080579051,0.7516204844714065,0.9817004898555,0.1366076333259813
wh-meta-social-circle-ga-2,2023-09-04,4,30.923664640948218,0.7536252361774167,0.9833732779650148,0.126964112360633
wh-meta-social-circle-ga-2,2023-09-20,2,19.021716281272926,0.6659101235483808,0.9787971463161532,0.1593789523473711
wh-meta-social-circle-ga-2,2023-09-20,3,19.14958022810353,0.7141658374438716,0.982665303399366,0.1623695015795196
wh-meta-social-circle-ga-2,2023-09-20,4,19.09333928894585,0.3518806168550262,0.9779514615179716,0.1692574342872346
wh-meta-social-circle-ga-2,2023-10-06,0,24.281317523387923,0.6712176812906514,0.9808833764203956,0.1619979973210108
wh-meta-social-circle-ga-2,2023-10-06,1,25.36049214292871,0.6164473567457573,0.9768969602731908,0.1829137351824775
wh-meta-social-circle-ga-2,2023-10-06,2,24.885864785722333,0.6493497410721871,0.9805031464165448,0.1532947289824899
wh-meta-social-circle-ga-2,2023-10-06,3,24.561135386214076,0.6643830185278276,0.9819505336333886,0.1421849774821883
wh-meta-social-circle-ga-2,2023-10-06,4,21.757396872899427,0.6790516426808285,0.9828853089156774,0.121304055165032
wh-meta-social-circle-ga-2,2023-10-22,0,24.382334898420407,0.6980171114873791,0.9801615588958,0.1272279992142154
wh-meta-social-circle-ga-2,2023-10-22,1,24.635499821855,0.6355776309912858,0.9766180623614426,0.1419000989135026
wh-meta-social-circle-ga-2,2023-10-22,2,24.461060663484243,0.6822396064469224,0.9807122366974002,0.1239992592694504
wh-meta-social-circle-ga-2,2023-10-22,3,24.996033058934916,0.6684942638872594,0.9810271633125788,0.1208117818209155
wh-meta-social-circle-ga-2,2023-10-22,4,23.858306124400983,0.6907694502795779,0.9829348919512592,0.1111421384314428
wh-meta-social-circle-ga-2,2023-11-07,0,25.20305636550241,0.6237472234386459,0.9784857684432688,0.1260487723672567
wh-meta-social-circle-ga-2,2023-11-07,1,25.528484863235832,0.5621068630560082,0.9751926607568522,0.1405082517946128
wh-meta-social-circle-ga-2,2023-11-07,2,25.17206758938408,0.6063511827690496,0.9790227976973837,0.123143781242601
wh-meta-social-circle-ga-2,2023-11-07,3,25.560492656582856,0.5927806877796372,0.9792593769523203,0.1205713351123114
wh-meta-social-circle-ga-2,2023-11-07,4,24.536972906558677,0.616532715302233,0.9811985832509176,0.1122273026891224
wh-meta-social-circle-ga-2,2024-01-10,0,9.583385204741669,0.4099366701920016,0.9767744390270936,0.1271178353483988
wh-meta-social-circle-ga-2,2024-01-10,1,9.248939855700364,0.4609098262750229,0.9747479549626976,0.1261253159975104
wh-meta-social-circle-ga-2,2024-01-10,2,9.052778734792318,0.5088137892613999,0.9785744992793852,0.1089099188843074
wh-meta-social-circle-ga-2,2024-01-10,3,9.368977754001474,0.4994548766506049,0.978835585159086,0.1070047319452113
wh-meta-social-circle-ga-2,2024-01-10,4,8.767301535036697,0.5080368182293928,0.980871433812911,0.0959980964984968
wh-meta-social-circle-ga-2,2024-01-26,3,8.438615410968323,0.6937711202870936,0.979742307692308,0.1780175338954157
wh-meta-social-circle-ga-2,2024-01-26,4,10.505999342810874,0.5293654333459639,0.9779475463505556,0.0955523121945945
wh-meta-social-circle-ga-2,2024-03-14,0,27.500808539784725,0.3671282903353956,0.9766408891267864,0.1403475482044456
wh-meta-social-circle-ga-2,2024-03-14,1,27.13284479252571,0.5162612168613351,0.9762590506018082,0.1440374370095535
wh-meta-social-circle-ga-2,2024-03-14,2,27.240431477165735,0.5166935541968656,0.9787071524803588,0.1292030325456564
wh-meta-social-circle-ga-2,2024-03-14,3,27.401015407638276,0.5318579904389051,0.9793777506117792,0.128061152453416
wh-meta-social-circle-ga-2,2024-03-14,4,26.622042241767417,0.5161848069077967,0.9809662195465528,0.1163980460661496
wh-meta-social-circle-ga-2,2024-03-30,0,25.904391774316885,0.3956997051744328,0.9766409014818316,0.1475543143305274
wh-meta-social-circle-ga-2,2024-03-30,1,25.63959432782639,0.5975161056109817,0.9775052483040652,0.1556783538951808
wh-meta-social-circle-ga-2,2024-03-30,2,25.97717521878302,0.5785299123521048,0.9798591081527857,0.1371461020925269
wh-meta-social-circle-ga-2,2024-03-30,3,26.266499040773144,0.5976628481620584,0.9807244433280544,0.1356752225114365
wh-meta-social-circle-ga-2,2024-03-30,4,25.56808394497157,0.5753146775915733,0.982042648857307,0.123715660286782
wh-meta-social-circle-ga-2,2024-04-15,0,30.986137403506785,0.4716968642325039,0.9778973329940877,0.1673580163813796
wh-meta-social-circle-ga-2,2024-04-15,1,29.57020596083219,0.6866286258822536,0.9778354359400142,0.1675511561170878
wh-meta-social-circle-ga-2,2024-04-15,2,29.52055137459513,0.6953215521429943,0.981635423133548,0.1501543205951561
wh-meta-social-circle-ga-2,2024-04-15,3,29.682341945381545,0.7126775250809398,0.9825940134413632,0.1470251454436594
wh-meta-social-circle-ga-2,2024-04-15,4,28.606725181534753,0.7103434396198736,0.9841571377866144,0.1364866923522339
wh-meta-social-circle-ga-2,2024-05-01,0,32.81923749239028,0.4911431760304651,0.977816345520384,0.1741841254146014
wh-meta-social-circle-ga-2,2024-05-01,1,31.01480055773656,0.7191963451960041,0.9778993472436556,0.1777010303486378
wh-meta-social-circle-ga-2,2024-05-01,2,30.930021757989746,0.7266129667869003,0.9813151439211806,0.160589257286623
wh-meta-social-circle-ga-2,2024-05-01,3,30.89151662994784,0.7413608774006383,0.9824857814109133,0.1523684405975382
wh-meta-social-circle-ga-2,2024-05-01,4,29.687226896360055,0.7598091796499723,0.9843423642315212,0.1462215581185464
wh-meta-social-circle-ga-2,2024-06-18,0,31.35972645869961,0.4586802134003808,0.9766669055233608,0.200638797816024
wh-meta-social-circle-ga-2,2024-06-18,1,28.972646222951443,0.603991325579814,0.9746616571470385,0.2079831424871937
wh-meta-social-circle-ga-2,2024-06-18,2,25.9737098515305,0.6860769680923466,0.9809617262825766,0.1811703311338074
wh-meta-social-circle-ga-2,2024-06-18,3,28.63790023900863,0.6895099922427153,0.981859102394588,0.1772038581776518
wh-meta-social-circle-ga-2,2024-06-18,4,27.229098009765213,0.7340575334044978,0.9835822593164608,0.1778120581970371
wh-meta-social-circle-ga-2,2024-07-04,0,26.732760106072018,0.577545951336617,0.9812437361034534,0.1781901147583558
wh-meta-social-circle-ga-2,2024-07-04,1,28.502076809383944,0.6535166518687098,0.9803984889204508,0.1827516988316095
wh-meta-social-circle-ga-2,2024-07-04,2,28.503498036142616,0.7065076322363998,0.9821833400481528,0.1550538638048959
wh-meta-social-circle-ga-2,2024-07-04,3,28.46204965066487,0.6776034840137845,0.980912342470129,0.1579879958645015
wh-meta-social-circle-ga-2,2024-07-04,4,23.781299402885487,0.7805351677534328,0.983684741463365,0.1614283363298776
wh-meta-social-circle-ga-2,2024-08-21,0,25.36125152267714,0.5846159134743854,0.9823268519052286,0.18496206648383
wh-meta-social-circle-ga-2,2024-08-21,1,26.22774499513744,0.7319412597176839,0.9837362846581604,0.1635267435631631
wh-meta-social-circle-ga-2,2024-08-21,2,28.724098741604653,0.6512966588776415,0.9782831868558246,0.1747838377316437
wh-meta-social-circle-ga-2,2024-08-21,3,27.719384237945736,0.7380654028095098,0.9826779588016704,0.1513654505749212
wh-meta-social-circle-ga-2,2024-08-21,4,27.440169719991545,0.7121897751175706,0.9830809062830324,0.1503159490081078
wh-meta-social-circle-ga-2,2024-09-22,0,37.14645488114742,0.464927628855672,0.97716575873365,0.162345355474393
wh-meta-social-circle-ga-2,2024-09-22,1,36.40055103569062,0.6351603272004818,0.976790552298505,0.1491279328232508
wh-meta-social-circle-ga-2,2024-09-22,2,35.713398541293095,0.672123306074532,0.9807133091441892,0.1339814401231333
wh-meta-social-circle-ga-2,2024-09-22,3,36.501428241949974,0.6673092158479843,0.9813489724014176,0.1294729405370027
wh-meta-social-circle-ga-2,2024-09-22,4,34.6027753316937,0.6987218619615679,0.9832277915679876,0.1237090258215648
wh-meta-social-circle-ga-2,2024-10-08,0,27.61591023651094,0.5360942382367523,0.9778936113327744,0.1576757541840985
wh-meta-social-circle-ga-2,2024-10-08,1,27.208317206272454,0.644194739974753,0.9768413094827032,0.1462193623925124
wh-meta-social-circle-ga-2,2024-10-08,2,26.555888639299745,0.6913346741055925,0.9809525998834518,0.1302444340608685
wh-meta-social-circle-ga-2,2024-10-08,3,27.10027894950114,0.6903239757859458,0.9815666239404262,0.1277321971354902
wh-meta-social-circle-ga-2,2024-10-08,4,25.955864190219216,0.7126135781156528,0.9833992744196928,0.1177016682978018
wh-meta-social-circle-ga-2,2024-10-24,0,28.638030450776704,0.4305040715779848,0.9767367669709256,0.202245240236454
wh-meta-social-circle-ga-2,2024-10-24,1,28.50969534234594,0.6180781993063835,0.9766112649690958,0.1439049801195899
wh-meta-social-circle-ga-2,2024-10-24,2,27.843704816341003,0.6669361648803304,0.980698328047172,0.1291233217966009
wh-meta-social-circle-ga-2,2024-10-24,3,28.377591885653818,0.6646879904731035,0.9812785580442116,0.1269141529505329
wh-meta-social-circle-ga-2,2024-10-24,4,27.184894944430525,0.6878601746553088,0.983196569049906,0.1163731380100264
wh-meta-social-circle-ga-2,2024-11-25,0,15.158637279321171,0.5546951196349922,0.97740072204394,0.1188110464508763
wh-meta-social-circle-ga-2,2024-11-25,1,15.418417475508052,0.6019307448458404,0.9779519289818048,0.1230821255079165
wh-meta-social-circle-ga-2,2024-11-25,2,15.130700078827411,0.5891722233477961,0.9792615827812212,0.1201173236840169
wh-meta-social-circle-ga-2,2024-11-25,3,15.82954647419402,0.5803607882700889,0.979007485582612,0.1239332851022763
wh-meta-social-circle-ga-2,2024-11-25,4,16.048236685444802,0.5995668135504774,0.9805213005528152,0.1125717171342484
wh-meta-social-circle-ga-2,2024-12-11,0,10.417925291433836,0.3139802913558598,0.9749777338905004,0.2012567075470706
wh-meta-social-circle-ga-2,2024-12-11,1,10.227071953623218,0.5245976015528994,0.9769081011158308,0.1261341145877742
wh-meta-social-circle-ga-2,2024-12-11,2,9.848802953957165,0.5517094537020276,0.9789692356327218,0.1078991295897204
wh-meta-social-circle-ga-2,2024-12-11,3,10.263791464507351,0.5603602596257121,0.9794195390914976,0.0966757063550846
wh-meta-social-circle-ga-2,2024-12-11,4,9.687802158491412,0.5737128650053493,0.9814732040930734,0.0889937221074396
wh-meta-social-circle-ga-2,2025-01-12,0,2.4330528708464927,0.2165732621275849,0.9789052016889144,0.1740946670456347
wh-meta-social-circle-ga-2,2025-01-12,1,2.755751798434005,0.4036543038036462,0.9769136127462328,0.1164581687843999
wh-meta-social-circle-ga-2,2025-01-12,2,2.8205043256370543,0.4277152584727872,0.978575688951143,0.1163707216768131
wh-meta-social-circle-ga-2,2025-01-12,3,3.072774610087301,0.4088576542136515,0.9788066365919104,0.1182824919821007
wh-meta-social-circle-ga-2,2025-01-12,4,2.040495350678063,0.4427445131067666,0.981215212125918,0.1124295043893706
wh-meta-social-circle-ga-2,2025-01-28,0,10.55249974556974,0.3104917045001225,0.9751277713917051,0.1762963254230405
wh-meta-social-circle-ga-2,2025-01-28,1,10.68046459730124,0.4717348034129622,0.974969700898258,0.1246621384515514
wh-meta-social-circle-ga-2,2025-01-28,2,10.26785051224932,0.5120836435881526,0.9787988662815336,0.1093438695947773
wh-meta-social-circle-ga-2,2025-01-28,3,10.753750249940856,0.5053472103980522,0.9792275977617876,0.1076556989487168
wh-meta-social-circle-ga-2,2025-01-28,4,10.045403020438393,0.5278068117450418,0.9812092611505618,0.0963492236426328
wh-meta-social-circle-ga-2,2025-03-01,0,24.018844517925476,0.2828096887166964,0.975582238349886,0.2114128278683289
wh-meta-social-circle-ga-2,2025-03-01,1,23.5002928746936,0.4459596781854308,0.975450415503068,0.1456192487037476
wh-meta-social-circle-ga-2,2025-03-01,2,23.091784854020897,0.4763490727479156,0.978405269672716,0.1294728760066659
wh-meta-social-circle-ga-2,2025-03-01,3,23.555265090825717,0.4776702381806954,0.9786584224867716,0.1290369981721691
wh-meta-social-circle-ga-2,2025-03-01,4,22.61240530760195,0.4847770769357604,0.98048551174693,0.1161861926412597
wh-meta-social-circle-ga-2,2025-03-17,0,19.16786356829582,0.3240151417393799,0.9750579508125956,0.2108746819406784
wh-meta-social-circle-ga-2,2025-03-17,1,18.43344654167236,0.4937021043490053,0.9750123401140092,0.1489514868527866
wh-meta-social-circle-ga-2,2025-03-17,2,17.96494017444089,0.5183310163829461,0.978538061624807,0.1335542353079237
wh-meta-social-circle-ga-2,2025-03-17,3,18.31273494724694,0.5341308496787486,0.9792062917594754,0.1314916650761551
wh-meta-social-circle-ga-2,2025-03-17,4,17.53329346335599,0.5265986545241992,0.980847301011398,0.1188078817161851
wh-meta-social-circle-ga-2,2025-04-18,0,31.43864512942658,0.4543448937656846,0.9774082513618992,0.2217737968090782
wh-meta-social-circle-ga-2,2025-04-18,1,29.55274481937771,0.6360866948158208,0.976940875395259,0.1704692448740797
wh-meta-social-circle-ga-2,2025-04-18,2,28.653472573745105,0.6884814979312507,0.9814435903949168,0.1530829983855936
wh-meta-social-circle-ga-2,2025-04-18,3,29.15490644513257,0.6973172018014097,0.9822686338920668,0.1489738428990124
wh-meta-social-circle-ga-2,2025-04-18,4,27.74044439694977,0.7143519343263489,0.9840510073435724,0.1396527479070692
wh-meta-social-circle-ga-2,2025-05-04,0,26.694162098244508,0.4996593479664076,0.9778215763958626,0.2371405597072657
wh-meta-social-circle-ga-2,2025-05-04,1,24.53660274234185,0.6849284523580234,0.9762104778624257,0.1904822238605808
wh-meta-social-circle-ga-2,2025-05-04,2,22.777865427290045,0.7524514015905341,0.9819860360263942,0.1607096153622272
wh-meta-social-circle-ga-2,2025-05-04,3,23.41862324673474,0.734126283258587,0.9823383970370216,0.1602191833113493
wh-meta-social-circle-ga-2,2025-05-04,4,22.203527849543185,0.7573402088759573,0.9844718274503652,0.1490375073704607
wh-meta-social-circle-ga-2,2025-05-20,0,37.20582994466405,0.4760832071943079,0.9768659448474548,0.2467608820254672
wh-meta-social-circle-ga-2,2025-05-20,1,34.118271318814095,0.6097162301445419,0.9730555898950614,0.2252807429552077
wh-meta-social-circle-ga-2,2025-05-20,2,32.36153815298899,0.6752683515918535,0.98062256647817,0.1844225003053545
wh-meta-social-circle-ga-2,2025-05-20,3,31.92332343938637,0.7395532172446321,0.9820833404092626,0.1711020636734855
wh-meta-social-circle-ga-2,2025-05-20,4,30.546607718416897,0.7717058862033837,0.984359362583423,0.1608308897962315
wh-meta-social-circle-ga-2,2025-06-21,0,36.78899776751271,0.5092796927261353,0.9785597136666572,0.2564239846441536
wh-meta-social-circle-ga-2,2025-06-21,1,33.08128835285029,0.7735864809798025,0.976312696016576,0.1690188787754397
wh-meta-social-circle-ga-2,2025-06-21,2,32.17315364574933,0.7796050819808844,0.9811370172858525,0.1562728181811475
wh-meta-social-circle-ga-2,2025-06-21,3,32.538284134043224,0.7542287723289621,0.9813708934813632,0.1606164114691151
wh-meta-social-circle-ga-2,2025-06-21,4,31.83352213052416,0.7526577385244639,0.9832115035785948,0.1574496971398203
wh-meta-social-circle-ga-2,2025-07-07,0,43.10197788192942,0.4957700709320307,0.9776356942620732,0.2194939277682422
wh-meta-social-circle-ga-2,2025-07-07,1,39.326640356149994,0.6839546811950481,0.9773974262317178,0.1688818380422988
wh-meta-social-circle-ga-2,2025-07-07,2,38.57626114580663,0.7201958376116565,0.9814280380282172,0.1531667595549251
wh-meta-social-circle-ga-2,2025-07-07,3,39.043047248238906,0.7280620357904126,0.98224593915214,0.1486986708717642
wh-meta-social-circle-ga-2,2025-07-07,4,37.33072789970929,0.7601234893835778,0.9840692592149712,0.1407007025733279
wh-meta-social-circle-ga-2,2025-08-24,0,36.33469735897923,0.5157110373816821,0.977401642378758,0.2147749970160505
wh-meta-social-circle-ga-2,2025-08-24,1,32.70162623762932,0.6736120518566046,0.9770546483027236,0.1709749652407207
wh-meta-social-circle-ga-2,2025-08-24,2,31.606213978855003,0.735549064592691,0.9812991425826956,0.1470783555216836
wh-meta-social-circle-ga-2,2025-08-24,3,32.00958452156193,0.7636135809560082,0.9828689699768554,0.1346565661980114
wh-meta-social-circle-ga-2,2025-08-24,4,30.778431315195427,0.7775639955141856,0.9847147224027694,0.1215760677642464
wh-meta-social-circle-ga-2,2025-09-09,0,29.472487022685392,0.4967492089808696,0.9775726984011592,0.2037785235143751
wh-meta-social-circle-ga-2,2025-09-09,1,27.321954023866844,0.6768320497143611,0.9771968596513274,0.1510826576660326
wh-meta-social-circle-ga-2,2025-09-09,2,26.731138412704823,0.7241895439659963,0.981360626522462,0.1346512551584261
wh-meta-social-circle-ga-2,2025-09-09,3,27.50083971312588,0.7210801432072992,0.9820005916577036,0.1299108036139434
wh-meta-social-circle-ga-2,2025-09-09,4,26.144921609627968,0.7443765718005432,0.9838653604398504,0.1199114366295143
wh-meta-social-circle-ga-2,2025-09-25,3,32.462419708723246,0.6503434387793042,0.9801305930686064,0.1024405224730392
wh-meta-social-circle-ga-2,2025-09-25,4,31.418096476762617,0.6931785924356461,0.9813764538165908,0.143415847813581
wh-meta-social-circle-ga-2,2025-10-11,0,26.53903959796786,0.4363506789641601,0.9766131429632412,0.215581296445892
wh-meta-social-circle-ga-2,2025-10-11,1,25.0139524524209,0.6142704668255005,0.9765080669826376,0.1426818110523325
wh-meta-social-circle-ga-2,2025-10-11,2,24.189800129586075,0.672883962741565,0.9807119710695682,0.1208432037503531
wh-meta-social-circle-ga-2,2025-10-11,3,25.050626780858963,0.655365162468774,0.9810285312783278,0.1184223371387
wh-meta-social-circle-ga-2,2025-10-11,4,23.76750304587357,0.6948677394615574,0.9831512001382268,0.1063289818367037
wh-meta-social-circle-ga-2,2025-11-12,0,17.520723819846474,0.3753927620250092,0.9759030089888177,0.2099936989892644
wh-meta-social-circle-ga-2,2025-11-12,1,16.88189864844729,0.539382450888014,0.9757141081385488,0.1361089042221822
wh-meta-social-circle-ga-2,2025-11-12,2,16.5103690194717,0.5916530237725801,0.9800426047279108,0.1156758767546189
wh-meta-social-circle-ga-2,2025-11-12,3,16.997273915842918,0.5806648450252194,0.9803101304231758,0.1111516656222477
wh-meta-social-circle-ga-2,2025-11-12,4,16.298597104460182,0.6053264614535321,0.982255361303682,0.1011905282816731
wh-meta-social-circle-ga-2,2025-11-28,0,10.684014300025671,0.3587833460042315,0.97482366328867,0.2023759630079581
wh-meta-social-circle-ga-2,2025-11-28,1,9.731863203090471,0.5028311188844082,0.974426840655658,0.1317173093593377
wh-meta-social-circle-ga-2,2025-11-28,2,9.344701671229124,0.5582968198766737,0.9783456090228818,0.1116000350219878
wh-meta-social-circle-ga-2,2025-11-28,3,9.838148644144592,0.5513868271538928,0.9786022318437478,0.10782177558283
wh-meta-social-circle-ga-2,2025-11-28,4,9.216243928003914,0.5684636055723665,0.9804784398085888,0.096658369370288
wh-meta-social-circle-ga-2,2025-12-14,0,10.024295195787108,0.3351286202011395,0.9745484792275028,0.1983633921631987
wh-meta-social-circle-ga-2,2025-12-14,1,9.142123040156145,0.4827751919156308,0.9742437220465366,0.1274014667966899
wh-meta-social-circle-ga-2,2025-12-14,2,8.818732156098788,0.5350178370638043,0.9779435441592546,0.1090403116664108
wh-meta-social-circle-ga-2,2025-12-14,3,9.206643705748974,0.5312328195187951,0.9782327552954794,0.1060527541625526
wh-meta-social-circle-ga-2,2025-12-14,4,8.64131416866326,0.5488229353215712,0.9801522229326988,0.0948350310451587
wh-meta-social-circle-ga-2,2025-12-30,0,6.691761185050859,0.2938987383781782,0.974571382222968,0.2137937525137607
wh-meta-social-circle-ga-2,2025-12-30,1,6.019841232345695,0.4514137922553504,0.9744850603311728,0.1283245884041355
wh-meta-social-circle-ga-2,2025-12-30,2,5.717290187916156,0.5002882471104917,0.9782478743435242,0.1097050027724353
wh-meta-social-circle-ga-2,2025-12-30,3,6.2330418348180014,0.5016160430480718,0.9786684116154024,0.1075886934639835
wh-meta-social-circle-ga-2,2025-12-30,4,5.542085126966528,0.5154545175752949,0.9805323317113386,0.0959697587635481
wh-meta-social-circle-ga-2,2026-01-15,0,4.238764699005969,0.3075863112057297,0.9754478620530964,0.2124403365042714
wh-meta-social-circle-ga-2,2026-01-15,1,3.3878777560217053,0.4655812775849079,0.9746806509072892,0.1248955085304799
wh-meta-social-circle-ga-2,2026-01-15,2,3.1922772444492793,0.5074341868239419,0.9782049913181842,0.1057738985828244
wh-meta-social-circle-ga-2,2026-01-15,3,3.7164110988383,0.5150883029421615,0.9787840780997618,0.1037953566244768
wh-meta-social-circle-ga-2,2026-01-15,4,3.122746664531844,0.5243445223662361,0.9805236980882842,0.0922494469722616
wh-meta-social-circle-ga-2,2026-02-16,0,19.140439285130977,0.3146347873427335,0.9761150221430877,0.2075514555934832
wh-meta-social-circle-ga-2,2026-02-16,1,18.234321448258815,0.4644518347621438,0.9745790308339288,0.1273877342566419
wh-meta-social-circle-ga-2,2026-02-16,2,17.804973207188784,0.5032051177448872,0.9782758669589392,0.1088664296316785
wh-meta-social-circle-ga-2,2026-02-16,3,18.240700807426077,0.5181079805644602,0.9791318982252538,0.1077151876026192
wh-meta-social-circle-ga-2,2026-02-16,4,17.441048496809323,0.5208706169811137,0.9806145036447228,0.0943301681584727
wh-meta-social-circle-ga-2,2026-03-04,0,23.014212343585093,0.2970801701310829,0.9739550437237026,0.1954536417203266
wh-meta-social-circle-ga-2,2026-03-04,1,22.147459210863676,0.4386536880379261,0.9738324260896892,0.1487572867009017
wh-meta-social-circle-ga-2,2026-03-04,2,21.499621098995817,0.4726127583499092,0.9773377887575466,0.1287076524798766
wh-meta-social-circle-ga-2,2026-03-04,3,21.54774432141657,0.4806397947644901,0.9778803138716612,0.1359182150580422
wh-meta-social-circle-ga-2,2026-03-04,4,21.23017804354999,0.4903596072774833,0.9796494973185192,0.1274867609950196
wh-meta-social-circle-ga-2,2026-03-20,0,26.846771984620613,0.362343991573198,0.9766161400781176,0.2071498224283557
wh-meta-social-circle-ga-2,2026-03-20,1,25.296380580711332,0.5437441688615477,0.9769367415714028,0.1499956272974099
wh-meta-social-circle-ga-2,2026-03-20,2,25.39133661508284,0.5301810725687421,0.9791385678133144,0.1299099446011875
wh-meta-social-circle-ga-2,2026-03-20,3,25.58206629750275,0.5525721275621466,0.9799813521939648,0.1294825113091147
wh-meta-social-circle-ga-2,2026-03-20,4,25.01561342925048,0.5259776991252996,0.981258506984268,0.1163087623148428
wh-meta-social-circle-ga-2,2026-04-21,0,29.696773284387604,0.4786631208765082,0.977644927009456,0.227125348388412
wh-meta-social-circle-ga-2,2026-04-21,1,26.926774492642224,0.6702759924544379,0.9774509275652504,0.1736624753428524
wh-meta-social-circle-ga-2,2026-04-21,2,26.403235715314427,0.6808377537804249,0.9810509842884252,0.1538722226226625
wh-meta-social-circle-ga-2,2026-04-21,3,26.866489790305963,0.686816393662117,0.9818350835209422,0.1502245633013877
wh-meta-social-circle-ga-2,2026-04-21,4,24.44451044873604,0.7065170494111814,0.983516556764712,0.1425540664087735
wh-meta-social-circle-ga-2,2026-06-24,0,23.17509538244604,0.6249885688276932,0.981105157558053,0.2360042455775633
wh-meta-social-circle-ga-2,2026-06-24,1,21.72035985283399,0.7481698656582034,0.979313307299022,0.173450741169965
wh-meta-social-circle-ga-2,2026-06-24,2,19.90223694548766,0.7377996177821411,0.9811869888487416,0.1752571922940621
wh-meta-social-circle-ga-2,2026-06-24,3,21.958612717268604,0.7372044370933745,0.98141370826755,0.1734605703266461
wh-meta-social-circle-ga-2,2026-06-24,4,20.33287355342984,0.7319217991095918,0.9824549209778776,0.1645279562117827
wh-meta-social-circle-ga-2,2026-07-10,0,27.084467481067644,0.7217190269700928,0.9760633421355546,0.0947660623844877
wh-meta-social-circle-ga-2,2026-07-10,1,24.804836833056605,0.7371975205013571,0.9748364514990524,0.1334442331886829
wh-meta-social-circle-ga-2,2026-07-10,2,24.87615572306075,0.7936492635048933,0.9819976777527732,0.1162225308771831
wh-meta-social-circle-ga-2,2026-07-10,3,22.596061750102027,0.7409466007313728,0.9824154745197052,0.1619932049648051
wh-meta-social-circle-ga-2,2026-07-10,4,23.33291981830248,0.7141426896080926,0.9823351544959448,0.1611045196424502
wh-meta-social-circle-ga-2,2026-07-26,0,36.55174884528306,0.5397606583510635,0.9784348273715692,0.2154641746943237
wh-meta-social-circle-ga-2,2026-07-26,1,33.62767816833797,0.709139670280456,0.9778513449091474,0.1696896617786774
wh-meta-social-circle-ga-2,2026-07-26,2,32.54394861557076,0.7443428535182601,0.9818532463431632,0.1514092192321835
wh-meta-social-circle-ga-2,2026-07-26,3,32.801196677766434,0.7610556149622084,0.9830239333951328,0.1481522918886412
wh-meta-social-circle-ga-2,2026-07-26,4,31.49102174892804,0.7649574734347028,0.9844847845622856,0.1411231645207794
wh-meta-social-circle-ga-2,2026-08-11,0,40.358364425357706,0.5375139755699299,0.97794624188426,0.2222318231113457
wh-meta-social-circle-ga-2,2026-08-11,1,37.03905532520799,0.7290213894056199,0.9781579251469787,0.1681580784207507
wh-meta-social-circle-ga-2,2026-08-11,2,36.64569433740023,0.7447676217112503,0.9815876531804556,0.1489010114971171
wh-meta-social-circle-ga-2,2026-08-11,3,37.200844860907225,0.748150689978865,0.9821582026452716,0.1459933558425111
wh-meta-social-circle-ga-2,2026-08-11,4,35.96625100834123,0.7536834784212458,0.9836467269136264,0.1390120295871562
wh-meta-social-circle-ga-2,2021-11-17,0,20.621973457893493,0.6446496365944875,0.980361443655562,0.1346390992807891
wh-meta-social-circle-ga-2,2021-11-17,1,21.03966712234632,0.5928488231263329,0.9770116910363152,0.1480852291701214
wh-meta-social-circle-ga-2,2021-11-17,2,20.674319521490833,0.6273152895573324,0.9807395535071196,0.1294046564994591
wh-meta-social-circle-ga-2,2021-11-17,3,21.027663230839256,0.6186679424763815,0.9810596103337452,0.1245614816295496
wh-meta-social-circle-ga-2,2021-11-17,4,20.252816354031488,0.6580461091346267,0.983079399676565,0.1140868274893753
wh-meta-social-circle-ga-2,2021-11-17,0,20.70647778679321,0.645263772881272,0.9802444836566312,0.1368427291884902
wh-meta-social-circle-ga-2,2021-11-17,1,21.15553517465884,0.5825407275113726,0.9763212174329002,0.1512567744327131
wh-meta-social-circle-ga-2,2021-11-17,2,20.70293485895741,0.6226747224131571,0.9804994186203492,0.1293077366161974
wh-meta-social-circle-ga-2,2021-11-17,3,21.008817110881477,0.6138286069096954,0.980901137376606,0.1245763065950945
wh-meta-social-circle-ga-2,2021-11-17,4,20.184689485522963,0.652958602935461,0.983019296815508,0.1131387908557191
wh-meta-social-circle-ga-2,2021-11-22,0,13.266034280161248,0.6037594163748391,0.9811087077000588,0.1565822463418423
wh-meta-social-circle-ga-2,2021-11-22,1,13.197954989387268,0.6109884780736897,0.981938591239538,0.2285876789773352
wh-meta-social-circle-ga-2,2021-11-22,2,15.41333750538171,0.5619137989751676,0.9747161564740784,0.1741999961042911
wh-meta-social-circle-ga-2,2021-11-22,3,15.254563492480903,0.5692272198675932,0.9792180649238776,0.1650122394872052
wh-meta-social-circle-ga-2,2021-11-22,4,15.428656589469073,0.6322126324353536,0.9807137279516154,0.1451330859033104
wh-meta-social-circle-ga-2,2022-01-05,0,13.382999746625536,0.5536311020584913,0.9796609466299816,0.1277600566064859
wh-meta-social-circle-ga-2,2022-01-05,1,13.577442113575298,0.5107019247855037,0.9769453987367682,0.1454190661466853
wh-meta-social-circle-ga-2,2022-01-05,2,12.88853172673,0.5591462811049889,0.9801056932242926,0.1106912351659303
wh-meta-social-circle-ga-2,2022-01-05,3,13.264718200573908,0.5411171989619421,0.980105066697124,0.1169217632455258
wh-meta-social-circle-ga-2,2022-01-05,4,12.694997891978971,0.5627777027422788,0.9817053811148134,0.1061179418588753
wh-meta-social-circle-ga-2,2022-02-06,0,9.05250689681475,0.4975239599637349,0.9786135998092717,0.1382852141249351
wh-meta-social-circle-ga-2,2022-02-06,1,9.034443381152249,0.4768318242035936,0.9755074013822298,0.1447923739090864
wh-meta-social-circle-ga-2,2022-02-06,2,8.739589185636586,0.5094510161517785,0.9791284186553127,0.1278315798014483
wh-meta-social-circle-ga-2,2022-02-06,3,9.048154568021609,0.5084852939582744,0.9794896139867753,0.1247694308891687
wh-meta-social-circle-ga-2,2022-02-06,4,8.34663258736007,0.5380400002482557,0.9816114810724352,0.1127396095832227
wh-meta-social-circle-ga-2,2022-02-22,2,16.379456864933694,0.5345940620482398,0.9775821115031637,0.1317102374210588
wh-meta-social-circle-ga-2,2022-02-22,3,20.51918721234069,0.5235217142344896,0.978859992634132,0.1491484100119697
wh-meta-social-circle-ga-2,2022-02-22,4,20.22573137795625,0.5731211486202671,0.9807572010695152,0.1190020026935566
wh-meta-social-circle-ga-2,2022-03-26,0,19.86837976950083,0.5550354870805162,0.9801268011879088,0.1486005100270787
wh-meta-social-circle-ga-2,2022-03-26,1,20.35562933943715,0.5279909137575446,0.9769421211695573,0.1630134194393394
wh-meta-social-circle-ga-2,2022-03-26,2,20.077398676553003,0.5327933898928536,0.979895829706208,0.1488279471043893
wh-meta-social-circle-ga-2,2022-03-26,3,20.407332480225023,0.5459415667966419,0.9803580159295028,0.1457711920808861
wh-meta-social-circle-ga-2,2022-03-26,4,19.676969910271183,0.5563900809514475,0.9821859078879788,0.1333087326561507
wh-meta-social-circle-ga-2,2022-04-27,0,25.342612618457014,0.7194620752365742,0.9822026397805204,0.1734060815671139
wh-meta-social-circle-ga-2,2022-04-27,1,26.29430283211819,0.6742751482972857,0.9782249653436283,0.185855280811186
wh-meta-social-circle-ga-2,2022-04-27,2,25.479418001794464,0.7159551730737616,0.9824523301123044,0.1718889445789798
wh-meta-social-circle-ga-2,2022-04-27,3,26.171253833804,0.7224156631383668,0.9831696685167954,0.1675230575439595
wh-meta-social-circle-ga-2,2022-04-27,4,24.71986191908628,0.7612527913775189,0.9853618772134728,0.1602198198797089
wh-meta-social-circle-ga-2,2022-05-29,0,29.773477360124424,0.7216725758262168,0.9834208032923653,0.192526949515562
wh-meta-social-circle-ga-2,2022-05-29,1,31.59397319469964,0.698853139876554,0.9783061973715372,0.187067299607564
wh-meta-social-circle-ga-2,2022-05-29,2,32.33019301765614,0.703029361519492,0.981425281544074,0.1882715193380543
wh-meta-social-circle-ga-2,2022-05-29,3,32.53172148438996,0.7011128723441816,0.982370491780864,0.1852703220904815
wh-meta-social-circle-ga-2,2022-05-29,4,30.288920398462206,0.7788521337229058,0.985402660898894,0.179554680023814
wh-meta-social-circle-ga-2,2022-06-14,0,37.738677848086695,0.660433017778263,0.9811473133882068,0.1913627227594819
wh-meta-social-circle-ga-2,2022-06-14,1,38.42178802419592,0.6498208800618964,0.979699630061584,0.1984181696990524
wh-meta-social-circle-ga-2,2022-06-14,2,37.2718966754238,0.704015831178861,0.982356894427584,0.1792480864894962
wh-meta-social-circle-ga-2,2022-06-14,3,37.98850268288915,0.7007261314951302,0.9826425560636896,0.1739994677152145
wh-meta-social-circle-ga-2,2022-06-14,4,36.38640574561774,0.7519132041187319,0.9848589684101818,0.166843366624063
wh-meta-social-circle-ga-2,2022-06-30,0,26.105970467622477,0.7542097645731597,0.9847731273211408,0.228871645645715
wh-meta-social-circle-ga-2,2022-06-30,1,32.807298305838216,0.5636287396679063,0.9821790520192534,0.2239768608547399
wh-meta-social-circle-ga-2,2022-06-30,2,31.656110986392505,0.6543077047027013,0.980572878520018,0.2119897405674474
wh-meta-social-circle-ga-2,2022-06-30,3,32.013707770782524,0.7096054334193865,0.9826736133248736,0.1884168985230161
wh-meta-social-circle-ga-2,2022-06-30,4,31.311730660114815,0.7565757174991977,0.9843122057656002,0.1784249584774166
wh-meta-social-circle-ga-2,2022-09-02,4,20.78994922347828,0.8550070724974225,0.9825478260869566,0.0819201703260869
wh-meta-social-circle-ga-2,2022-09-18,0,28.246717880085676,0.7403589764365189,0.981746961167699,0.1469455345139937
wh-meta-social-circle-ga-2,2022-09-18,1,28.775631825297737,0.7057247933506154,0.9779601636971312,0.1645717195514547
wh-meta-social-circle-ga-2,2022-09-18,2,28.30476206823108,0.740683769148806,0.9820970333112978,0.1445706861632239
wh-meta-social-circle-ga-2,2022-09-18,3,28.826715187313297,0.7420082326845736,0.9827878556195024,0.1411439985199946
wh-meta-social-circle-ga-2,2022-09-18,4,27.71681141713249,0.7734995724061247,0.9848227650596466,0.1296913842606918
wh-meta-social-circle-ga-2,2022-10-04,2,21.710645944207087,0.7958453179135521,0.9841243428066264,0.1586009779398622
wh-meta-social-circle-ga-2,2022-10-04,3,21.1486450315041,0.8282690990478133,0.9852252209101504,0.136651124745991
wh-meta-social-circle-ga-2,2022-10-04,4,24.2850015468223,0.6912284385355306,0.9825459071811442,0.1633969731070515
wh-meta-social-circle-ga-2,2022-10-20,0,13.38357907842546,0.6587071923902151,0.981475101401368,0.1503326720823405
wh-meta-social-circle-ga-2,2022-10-20,1,14.411265722790318,0.6426812804416947,0.9807242429788652,0.1519814924784513
wh-meta-social-circle-ga-2,2022-10-20,2,13.266864577163354,0.6380098537521842,0.9816911336351832,0.1477892398751429
wh-meta-social-circle-ga-2,2022-10-20,3,15.6260322987572,0.6037355572768568,0.9805619814615488,0.1505379661994083
wh-meta-social-circle-ga-2,2022-10-20,4,15.444364973440814,0.6520915091197877,0.9828912326343872,0.1344588311438205
wh-meta-social-circle-ga-2,2022-11-21,0,12.07848195306238,0.5954403309226413,0.9796632630170868,0.1212995657040398
wh-meta-social-circle-ga-2,2022-11-21,1,12.527743901307735,0.5432778910347268,0.9763076032556968,0.1378904362194434
wh-meta-social-circle-ga-2,2022-11-21,2,12.089600272539274,0.5819176848042489,0.9801632395865106,0.1217476195377415
wh-meta-social-circle-ga-2,2022-11-21,3,12.44306106851749,0.5728280647661276,0.98059620217093,0.1164564861069353
wh-meta-social-circle-ga-2,2022-11-21,4,11.699874464945667,0.5972201627998355,0.9824890990462548,0.1078022113653619
wh-meta-social-circle-ga-2,2022-12-23,0,-1.7748542690777682,0.5313142822182457,0.979375439102934,0.1151252338871675
wh-meta-social-circle-ga-2,2022-12-23,1,-1.515466563075356,0.5098093812943421,0.9771356056805636,0.1167239014125992
wh-meta-social-circle-ga-2,2022-12-23,2,-1.953634577721831,0.5343842401530641,0.9793410090365252,0.1054241525109363
wh-meta-social-circle-ga-2,2022-12-23,3,-1.5787238707703473,0.5165139847724981,0.9794601588297596,0.1065381133295101
wh-meta-social-circle-ga-2,2022-12-23,4,-1.858881164679664,0.5327240948683911,0.9813240302496186,0.0984321315958487
wh-meta-social-circle-ga-2,2023-01-08,0,10.348603717541694,0.4205353767553736,0.9773386435331228,0.1133513590790709
wh-meta-social-circle-ga-2,2023-01-08,1,10.524490868309403,0.4299680897732433,0.9752447203582272,0.1081841601533118
wh-meta-social-circle-ga-2,2023-01-08,2,10.232362940794774,0.4790686673174602,0.979360445871798,0.1063502661735502
wh-meta-social-circle-ga-2,2023-01-08,3,11.1141951047318,0.4322635745873463,0.9779893585639464,0.115859466685068
wh-meta-social-circle-ga-2,2023-01-08,4,11.08306315455358,0.4580133474236221,0.9804007053045316,0.102159637210581
wh-meta-social-circle-ga-2,2023-01-24,0,10.14184420640524,0.4600786272219996,0.977596806811496,0.1243991056362958
wh-meta-social-circle-ga-2,2023-01-24,1,10.1591235528556,0.4504078812411803,0.9750650928616256,0.1319401906239665
wh-meta-social-circle-ga-2,2023-01-24,2,9.8810275846362,0.4886364189775571,0.9787714932287436,0.1169548006987296
wh-meta-social-circle-ga-2,2023-01-24,3,10.299064069189896,0.4769817759407668,0.9789602564782468,0.1144425730552934
wh-meta-social-circle-ga-2,2023-01-24,4,9.608816676069068,0.4985327722084378,0.9810726413589196,0.1052764945470227
wh-meta-social-circle-ga-2,2023-03-13,0,16.850162150392205,0.6046842905809746,0.979936460238198,0.1366252765352059
wh-meta-social-circle-ga-2,2023-03-13,1,16.709196592604847,0.60203708634138,0.9774837954644224,0.1435616580848515
wh-meta-social-circle-ga-2,2023-03-13,2,16.87094466230799,0.5717930980222419,0.9802418360830348,0.1334792602779863
wh-meta-social-circle-ga-2,2023-03-13,3,17.330208715149347,0.5790063769752799,0.9806406344096498,0.1308301944884838
wh-meta-social-circle-ga-2,2023-03-13,4,16.61864926219104,0.5615049202581656,0.9821236230599256,0.1203679846755597
wh-meta-social-circle-ga-2,2023-03-29,0,17.411976846089104,0.6164755508421692,0.980144353246282,0.1498592518240822
wh-meta-social-circle-ga-2,2023-03-29,1,17.716727719146608,0.6135409754503568,0.9771731011453134,0.1706358303021223
wh-meta-social-circle-ga-2,2023-03-29,2,18.246503869524417,0.5935838480990466,0.9805366254976632,0.1493822654239222
wh-meta-social-circle-ga-2,2023-03-29,3,18.306867338143824,0.6049607535979721,0.9810646197004196,0.1472041406882182
wh-meta-social-circle-ga-2,2023-03-29,4,16.812477986785314,0.582260533499746,0.9823841120495168,0.1369066739848497
wh-meta-social-circle-ga-2,2023-04-30,4,13.992792568050572,0.7959078473182174,0.985280488551558,0.1157492292387826
wh-meta-social-circle-ga-2,2023-05-16,2,22.57698140182059,0.7919712664354454,0.978943667546174,0.0708479470085751
wh-meta-social-circle-ga-2,2023-05-16,3,24.76699660946231,0.7440628074828843,0.982242489739052,0.1084576160239296
wh-meta-social-circle-ga-2,2023-05-16,4,27.845334187725708,0.730595580961924,0.983413690991251,0.1806054452770834
wh-meta-social-circle-ga-2,2023-06-01,3,24.367180649973637,0.6499864262599717,0.979421899736148,0.2074333665567282
wh-meta-social-circle-ga-2,2023-06-01,4,16.11794143004411,0.7812804043948739,0.9845941951575924,0.2252778500922754
wh-meta-social-circle-ga-2,2023-06-17,3,25.31184451921131,0.6842120331072127,0.9829535850860424,0.1776607245717814
wh-meta-social-circle-ga-2,2023-06-17,4,28.060789831095445,0.6798098952288076,0.9835960920074416,0.182109175361
wh-meta-social-circle-ga-2,2023-07-03,0,16.215902323484055,0.8023464122305684,0.985171457320964,0.209398496746879
wh-meta-social-circle-ga-2,2023-07-03,1,23.042066755577604,0.6786084290236971,0.9792363560058142,0.2202981661661481
wh-meta-social-circle-ga-2,2023-07-03,2,25.56045718044774,0.7271702099815881,0.9818943381233723,0.2056507941655182
wh-meta-social-circle-ga-2,2023-07-03,3,25.95639572767606,0.7343316758630384,0.982755695658382,0.2009394106394384
wh-meta-social-circle-ga-2,2023-07-03,4,27.059873022801646,0.6799950005307324,0.9832054674795556,0.1855666254850342
wh-meta-social-circle-ga-2,2023-07-19,0,21.21396732754081,0.7023910419727385,0.9814330553521988,0.1695302909876253
wh-meta-social-circle-ga-2,2023-07-19,1,21.71114947240616,0.6830575384662716,0.9778711502881932,0.1769633885399653
wh-meta-social-circle-ga-2,2023-07-19,2,22.06761345401582,0.7344077626662479,0.9822751819245236,0.1651099421520782
wh-meta-social-circle-ga-2,2023-07-19,3,25.926184443316195,0.7115758104185361,0.9819875485697056,0.1641428658977407
wh-meta-social-circle-ga-2,2023-07-19,4,27.56901818107281,0.7367832704009589,0.9845788954938568,0.1570566985722482
wh-meta-social-circle-ga-2,2023-08-04,0,31.030456827189703,0.6911183845225177,0.9798927191183688,0.1798305967715029
wh-meta-social-circle-ga-2,2023-08-04,1,30.683413063860293,0.6634802843359239,0.9768616432902968,0.1849019876470131
wh-meta-social-circle-ga-2,2023-08-04,2,30.594072992323373,0.6970695190894631,0.98056178712168,0.1837170248496832
wh-meta-social-circle-ga-2,2023-08-04,3,30.294947300832956,0.6912209264879396,0.9821646649810332,0.1839674136834022
wh-meta-social-circle-ga-2,2023-08-04,4,29.879849167103984,0.7032783640226771,0.9834886038193484,0.1727205746625519
wh-meta-social-circle-ga-2,2023-08-20,0,34.72358864878963,0.7219658788603948,0.9815564023281208,0.1555763368865838
wh-meta-social-circle-ga-2,2023-08-20,1,35.32231987853394,0.7023949356468276,0.9780499461163628,0.1729361115224326
wh-meta-social-circle-ga-2,2023-08-20,2,34.84057024948236,0.7419141049271892,0.9822196198311296,0.157763602814864
wh-meta-social-circle-ga-2,2023-08-20,3,35.16446587446802,0.7482848118393661,0.9830467034836754,0.1549175291873447
wh-meta-social-circle-ga-2,2023-08-20,4,33.73651169104276,0.7562355794111616,0.984679703611114,0.1462450260718915
wh-meta-social-circle-ga-2,2023-09-05,0,22.31577860294056,0.7121604620976694,0.97955115963317,0.1960830518787867
wh-meta-social-circle-ga-2,2023-09-05,1,22.600100387613026,0.6868107179845986,0.9778482488778584,0.2163415235904353
wh-meta-social-circle-ga-2,2023-09-05,2,20.65050499762893,0.7338752588013169,0.9809875896618072,0.1869408145074469
wh-meta-social-circle-ga-2,2023-09-05,3,20.19322006047736,0.7553258308658762,0.981166196157822,0.1676941438429714
wh-meta-social-circle-ga-2,2023-09-05,4,18.85065004680207,0.66773364333124,0.98128542542132,0.1688087902287744
wh-meta-social-circle-ga-2,2023-09-21,3,19.0560694546246,0.6973900525446347,0.9808901540774146,0.1528714322068771
wh-meta-social-circle-ga-2,2023-09-21,4,20.67766520416339,0.7425792642717746,0.9833364704654796,0.1478534978385134
wh-meta-social-circle-ga-2,2023-10-07,0,24.35254328985049,0.7102142185698787,0.9812924892298908,0.1395920402948502
wh-meta-social-circle-ga-2,2023-10-07,1,24.78793538363249,0.6622222382790982,0.9776808922154518,0.1536898595078146
wh-meta-social-circle-ga-2,2023-10-07,2,24.69947725318715,0.6974680889389524,0.9817933617699168,0.136048539292015
wh-meta-social-circle-ga-2,2023-10-07,3,25.258016993453538,0.6844281313861874,0.982188123855176,0.1320526674326253
wh-meta-social-circle-ga-2,2023-10-07,4,23.810164719124803,0.7053037729230355,0.984055075940464,0.1243450803529815
wh-meta-social-circle-ga-2,2023-10-23,0,15.590959954178814,0.6444469955337673,0.98031750545653,0.1330399927279693
wh-meta-social-circle-ga-2,2023-10-23,1,16.12505540080206,0.5913884197805638,0.976622163833544,0.1461385610633417
wh-meta-social-circle-ga-2,2023-10-23,2,15.686896056518124,0.6249125068084835,0.9804085325976578,0.1317773228386954
wh-meta-social-circle-ga-2,2023-10-23,3,15.008244588580284,0.6171903516180752,0.9807965606541316,0.1309419967779792
wh-meta-social-circle-ga-2,2023-10-23,4,13.298193101157343,0.6208030170133761,0.9822617954030152,0.1270547790644812
wh-meta-social-circle-ga-2,2023-11-08,0,25.414188100650897,0.6016600953651439,0.9797632110505856,0.1307787613271064
wh-meta-social-circle-ga-2,2023-11-08,1,25.907794305288316,0.5459992792173455,0.9761543980968456,0.1480227269296554
wh-meta-social-circle-ga-2,2023-11-08,2,25.467722557406685,0.5973974914738561,0.98079561251771,0.1296199738198255
wh-meta-social-circle-ga-2,2023-11-08,3,25.92763941160477,0.5816609958635393,0.9808479060023848,0.1269375781555935
wh-meta-social-circle-ga-2,2023-11-08,4,24.88511967463644,0.6041075852297534,0.982762634470837,0.1188152817355802
wh-meta-social-circle-ga-2,2023-11-24,0,16.489913398724198,0.5465772422027688,0.9786919069853014,0.1223037590827564
wh-meta-social-circle-ga-2,2023-11-24,1,16.675851311278116,0.5218800891082308,0.9755832701844632,0.1348986725317325
wh-meta-social-circle-ga-2,2023-11-24,2,16.50914868791546,0.5691624149060833,0.97992330849759,0.1192891788860698
wh-meta-social-circle-ga-2,2023-11-24,3,17.033524572442232,0.5525411321689603,0.9799780726960718,0.1170226361835089
wh-meta-social-circle-ga-2,2023-11-24,4,16.212113802925572,0.5688760843107433,0.9817836847167488,0.1067269261144641
wh-meta-social-circle-ga-2,2024-01-11,0,11.531548037120467,0.3981064385434089,0.9766000068568284,0.1312560603165483
wh-meta-social-circle-ga-2,2024-01-11,1,11.438458941515648,0.443248299647518,0.9746513162813296,0.1370246763957364
wh-meta-social-circle-ga-2,2024-01-11,2,11.048725302369066,0.4936919265429585,0.9786708461086068,0.1167610633104276
wh-meta-social-circle-ga-2,2024-01-11,3,10.835359765693369,0.4836854815977804,0.9787847952554328,0.110869305523247
wh-meta-social-circle-ga-2,2024-01-11,4,10.046403250315242,0.4948339235016167,0.980778540310012,0.0973806774189403
wh-meta-social-circle-ga-2,2024-03-31,0,14.721337107079547,0.3909485351853669,0.9774050572430268,0.1719671147121043
wh-meta-social-circle-ga-2,2024-03-31,1,14.685038905660754,0.575399150997192,0.9786828727974332,0.1743327455842801
wh-meta-social-circle-ga-2,2024-03-31,2,15.16780940212997,0.5421144149461632,0.9795570767094942,0.1617023637691833
wh-meta-social-circle-ga-2,2024-03-31,3,15.54271082842456,0.5709880237159811,0.9801155758067224,0.1568473098891391
wh-meta-social-circle-ga-2,2024-03-31,4,15.63180535430664,0.5586465554007995,0.981417310549163,0.1472674175195305
wh-meta-social-circle-ga-2,2024-05-02,0,28.809322341761845,0.4887044917301271,0.9788389007403692,0.159176875573629
wh-meta-social-circle-ga-2,2024-05-02,1,29.008859481681665,0.7463437511862109,0.9777556260007908,0.1701220178149516
wh-meta-social-circle-ga-2,2024-05-02,2,30.175735176663785,0.7129518128260718,0.9820316914754303,0.1777836746898607
wh-meta-social-circle-ga-2,2024-05-02,3,31.17347057003461,0.7223255642993021,0.9826812542789444,0.1755956155137826
wh-meta-social-circle-ga-2,2024-05-02,4,29.226374316193137,0.7424683845065709,0.9844023841418033,0.1747071256913558
wh-meta-social-circle-ga-2,2024-06-03,0,32.79033901913596,0.4679868448561483,0.9645964137621882,0.2093984625123276
wh-meta-social-circle-ga-2,2024-06-03,1,31.305550462885623,0.5865491682812249,0.9655697080147996,0.2301851176264861
wh-meta-social-circle-ga-2,2024-06-03,2,24.928909311518453,0.7531286062927303,0.9834900966798232,0.2004688102422745
wh-meta-social-circle-ga-2,2024-06-03,3,26.41923826724806,0.7179131128123907,0.9830823824206756,0.1944673738301245
wh-meta-social-circle-ga-2,2024-06-03,4,24.305398349377494,0.7444043520385246,0.9840890033168443,0.1887189862975635
wh-meta-social-circle-ga-2,2024-06-19,2,23.583841609112937,0.688812682548622,0.9824472934842116,0.1712971426486127
wh-meta-social-circle-ga-2,2024-06-19,3,23.270723189617915,0.6858124905886632,0.9824982458183557,0.1804051900923412
wh-meta-social-circle-ga-2,2024-06-19,4,24.24202445630644,0.5608590394295748,0.9807565081129556,0.1771342482492207
wh-meta-social-circle-ga-2,2024-07-05,0,42.3035708924846,0.4797329474916086,0.9778861845736472,0.2216187756220586
wh-meta-social-circle-ga-2,2024-07-05,1,40.63598916766409,0.6869974102375932,0.978152122863548,0.2040224134379276
wh-meta-social-circle-ga-2,2024-07-05,2,40.26139286831631,0.7381355274829734,0.9833188141724688,0.1828099333625508
wh-meta-social-circle-ga-2,2024-07-05,3,40.38815421397402,0.6650104536819396,0.9820907558291724,0.1931011607347825
wh-meta-social-circle-ga-2,2024-07-05,4,38.25297384608518,0.7447155564247339,0.9842420180743574,0.1877108219329513
wh-meta-social-circle-ga-2,2024-07-21,3,21.09898877257529,0.7633188001004167,0.9835797621028122,0.2147537750449176
wh-meta-social-circle-ga-2,2024-07-21,4,25.908221264943403,0.8122491638356794,0.985269265707317,0.1913246282849232
wh-meta-social-circle-ga-2,2024-08-22,0,28.77407881697459,0.6644567455991327,0.9811585103044248,0.14625484345397
wh-meta-social-circle-ga-2,2024-08-22,1,28.48474495148303,0.7167335503424541,0.9770584787937898,0.1542157959873309
wh-meta-social-circle-ga-2,2024-08-22,2,28.693494684896702,0.7121949814760579,0.9813967208509824,0.1728676871086187
wh-meta-social-circle-ga-2,2024-08-22,3,30.2075761216502,0.7063004289077774,0.982017450753516,0.1662911395640758
wh-meta-social-circle-ga-2,2024-08-22,4,28.71091066925572,0.7209884314021598,0.9835360202227996,0.1609447856817193
wh-meta-social-circle-ga-2,2024-09-07,0,31.942995667961245,0.4756997162941802,0.9778364050563852,0.1575957965122885
wh-meta-social-circle-ga-2,2024-09-07,1,31.31113341713196,0.6684761225117336,0.977715643231201,0.1638948990449613
wh-meta-social-circle-ga-2,2024-09-07,2,30.778604663118728,0.701098441191235,0.9816596267553156,0.1476142266172529
wh-meta-social-circle-ga-2,2024-09-07,3,31.28292808097573,0.6965985381927755,0.982269628321292,0.143631191326467
wh-meta-social-circle-ga-2,2024-09-07,4,29.961867468888016,0.718101392534874,0.98420842464472,0.134837140481487
wh-meta-social-circle-ga-2,2024-09-23,0,38.40959537360106,0.4547286443045426,0.9775666537831952,0.1699125223017913
wh-meta-social-circle-ga-2,2024-09-23,1,37.57241005763334,0.6304061510849855,0.9772713649763942,0.1566313418556818
wh-meta-social-circle-ga-2,2024-09-23,2,37.005888915552966,0.6658776404717895,0.981216382839468,0.1423410500840295
wh-meta-social-circle-ga-2,2024-09-23,3,37.82389595330125,0.660553723760526,0.9817802924777542,0.1379558263270799
wh-meta-social-circle-ga-2,2024-09-23,4,35.94215077518468,0.6938280701471498,0.983852505199921,0.1304096343389366
wh-meta-social-circle-ga-2,2024-10-09,0,27.293766148574647,0.450594463213219,0.9776202337213552,0.1937901460576917
wh-meta-social-circle-ga-2,2024-10-09,1,27.05164308462169,0.6428240789380156,0.9774650282301772,0.1552730115026905
wh-meta-social-circle-ga-2,2024-10-09,2,26.32340061036269,0.6893833824116576,0.9815536615909012,0.1402385180663782
wh-meta-social-circle-ga-2,2024-10-09,3,26.91994916444867,0.6925094029574268,0.982279912816862,0.135991910809446
wh-meta-social-circle-ga-2,2024-10-09,4,25.740517358375996,0.7118439767422556,0.9841707514919292,0.1268790205390158
wh-meta-social-circle-ga-2,2024-10-25,0,27.17523492598486,0.3847817418093794,0.9766182712449172,0.2210345405777536
wh-meta-social-circle-ga-2,2024-10-25,1,26.49005368643,0.6061429720982215,0.9769943906542709,0.1519717365208352
wh-meta-social-circle-ga-2,2024-10-25,2,25.652644647744943,0.6608843691657198,0.9814450032479992,0.1359164574033249
wh-meta-social-circle-ga-2,2024-10-25,3,26.27279897724593,0.6576702294929655,0.9819687326280128,0.1327606610857769
wh-meta-social-circle-ga-2,2024-10-25,4,24.984439113946248,0.6796765949353545,0.9839059957257628,0.1234358867781895
wh-meta-social-circle-ga-2,2024-12-12,0,10.06823277151148,0.3302893473647511,0.9750534735864208,0.1434679430360617
wh-meta-social-circle-ga-2,2024-12-12,1,10.037820517364146,0.511223627389109,0.9758459414870562,0.1333042211696686
wh-meta-social-circle-ga-2,2024-12-12,2,9.76994276132904,0.5517957410583472,0.9797207982251326,0.1153270544538903
wh-meta-social-circle-ga-2,2024-12-12,3,10.167925683872966,0.5410781642905458,0.9798454116562448,0.1123116924364633
wh-meta-social-circle-ga-2,2024-12-12,4,9.682181326644516,0.5519712313718853,0.9817170998319596,0.101019446172106
wh-meta-social-circle-ga-2,2025-01-29,0,15.14452475063005,0.2552783316610552,0.9747799844391666,0.218314314472716
wh-meta-social-circle-ga-2,2025-01-29,1,15.50484099943518,0.4488847326820182,0.975015418175654,0.1401914317314376
wh-meta-social-circle-ga-2,2025-01-29,2,15.236344413050054,0.4875589556111849,0.9790914168807132,0.125557208119823
wh-meta-social-circle-ga-2,2025-01-29,3,15.63613767814612,0.4774332368696122,0.9790879138491771,0.1242182984827382
wh-meta-social-circle-ga-2,2025-01-29,4,14.822662320712766,0.4985878853723045,0.981089340634907,0.1121198936509324
wh-meta-social-circle-ga-2,2025-02-14,0,12.93982658746761,0.2676941411918989,0.9752968775015126,0.2232693353749902
wh-meta-social-circle-ga-2,2025-02-14,1,12.364295248137582,0.4689214132438878,0.9752029170033067,0.1417064606735192
wh-meta-social-circle-ga-2,2025-02-14,2,11.942760846743486,0.4986449809539534,0.9790648247159744,0.1260255681593474
wh-meta-social-circle-ga-2,2025-02-14,3,12.398772694168263,0.497838316170379,0.979397431179777,0.1239693092502391
wh-meta-social-circle-ga-2,2025-02-14,4,11.678575504427748,0.5049885624035717,0.9811751497481892,0.1119306407567092
wh-meta-social-circle-ga-2,2025-03-18,0,26.33782150475302,0.3162675569291212,0.9755289678064766,0.2215376691611368
wh-meta-social-circle-ga-2,2025-03-18,1,25.649599557107873,0.4839280928473994,0.9755985056574034,0.1590570030781882
wh-meta-social-circle-ga-2,2025-03-18,2,25.17304414578042,0.5088401025153075,0.979148774096354,0.1451636185450803
wh-meta-social-circle-ga-2,2025-03-18,3,25.59857335987664,0.5252498025791142,0.9797928905614228,0.1428512272514391
wh-meta-social-circle-ga-2,2025-03-18,4,24.612029583259897,0.5178350860651958,0.9814467454065522,0.1303334279427411
wh-meta-social-circle-ga-2,2025-04-03,1,24.38347712000001,0.7262270907941858,0.98,0.207576725
wh-meta-social-circle-ga-2,2025-04-03,2,32.27392834292812,0.1972227097102192,0.9632782167042888,0.5427666409394146
wh-meta-social-circle-ga-2,2025-04-03,3,27.59571386702037,0.6772357453664911,0.9798515369421972,0.1618192386912131
wh-meta-social-circle-ga-2,2025-04-03,4,28.03936709534279,0.6118302996193837,0.9792342014266718,0.1795918020253898
wh-meta-social-circle-ga-2,2025-04-19,0,30.99593723891325,0.4520170692480471,0.9777591901600589,0.2346477937715076
wh-meta-social-circle-ga-2,2025-04-19,1,28.723838560544316,0.6345142639077406,0.977637638820474,0.186148176495055
wh-meta-social-circle-ga-2,2025-04-19,2,27.665715643696625,0.6746181195406943,0.9815938910134082,0.1700707275350661
wh-meta-social-circle-ga-2,2025-04-19,3,28.048039059588845,0.6900783223343622,0.9827476258427849,0.1653747019525335
wh-meta-social-circle-ga-2,2025-04-19,4,27.248882609003676,0.70523875983019,0.9843088652902878,0.1552645570510498
wh-meta-social-circle-ga-2,2025-05-05,0,26.837928873451357,0.438462136113075,0.9743380301559827,0.2523885961788498
wh-meta-social-circle-ga-2,2025-05-05,1,23.079968247652108,0.7079661754450133,0.9764666855018178,0.1821569860709352
wh-meta-social-circle-ga-2,2025-05-05,2,21.843419457253383,0.7821292626610762,0.9844028553394054,0.1627698050566463
wh-meta-social-circle-ga-2,2025-05-05,3,24.525457427149668,0.7469904510708967,0.9817022295285034,0.1974696296478003
wh-meta-social-circle-ga-2,2025-05-05,4,23.407916846256544,0.7714772482123672,0.9849297600911447,0.1791134781047893
wh-meta-social-circle-ga-2,2025-05-21,0,30.61777853195495,0.609714805855261,0.979363369163225,0.2076271471010049
wh-meta-social-circle-ga-2,2025-05-21,1,28.691194813089457,0.7611080991730427,0.9789143267204216,0.1807774918392786
wh-meta-social-circle-ga-2,2025-05-21,2,28.75670424373249,0.7655328135756746,0.9827960057792372,0.1745080687870986
wh-meta-social-circle-ga-2,2025-05-21,3,30.250885758587938,0.733733416577803,0.9829201057491928,0.176198093014005
wh-meta-social-circle-ga-2,2025-05-21,4,29.331765474889753,0.7660821790004761,0.9853090539167356,0.1651933325858324
wh-meta-social-circle-ga-2,2025-06-06,0,36.98932629292072,0.4860599805285134,0.9769993210091036,0.2643654737333552
wh-meta-social-circle-ga-2,2025-06-06,1,34.16940786131148,0.6692889195052535,0.9799910849210736,0.2154260028040347
wh-meta-social-circle-ga-2,2025-06-06,2,32.827311128780835,0.7222036881930158,0.9813550418986784,0.1968455807467843
wh-meta-social-circle-ga-2,2025-06-06,3,33.07744244873915,0.72464379321673,0.982282595101943,0.1851532290099009
wh-meta-social-circle-ga-2,2025-06-06,4,31.683889934243297,0.7493875746743298,0.984626839343301,0.1693638075408545
wh-meta-social-circle-ga-2,2025-06-22,0,25.58867312894525,0.4813237157990386,0.9779796546601904,0.2549911783090805
wh-meta-social-circle-ga-2,2025-06-22,1,22.026018830614156,0.7222150594338103,0.9793659425517048,0.1835489778419199
wh-meta-social-circle-ga-2,2025-06-22,2,23.699042436430208,0.7147126336939786,0.9815620238725372,0.1832427423056729
wh-meta-social-circle-ga-2,2025-06-22,3,24.93217250807099,0.7237321158083144,0.9827374936693432,0.1786329799457639
wh-meta-social-circle-ga-2,2025-06-22,4,25.813926073783573,0.7385343980090079,0.9843595356745132,0.1654489787069216
wh-meta-social-circle-ga-2,2025-07-08,0,43.56358059969416,0.4992447013692663,0.9782572040505596,0.2341605681928648
wh-meta-social-circle-ga-2,2025-07-08,1,40.07320462205687,0.6590670366653034,0.9760633085933916,0.1897792776035332
wh-meta-social-circle-ga-2,2025-07-08,2,40.12875597519162,0.6759254199028627,0.980430293304372,0.1780566638114302
wh-meta-social-circle-ga-2,2025-07-08,3,39.002810673110346,0.7260424035929556,0.9828770221184332,0.1688153516465338
wh-meta-social-circle-ga-2,2025-07-08,4,37.64426963151376,0.748988865452505,0.9845649860317702,0.1627268909840223
wh-meta-social-circle-ga-2,2025-07-24,0,35.784058667485034,0.5187747363910808,0.9782005643630636,0.2744726492433821
wh-meta-social-circle-ga-2,2025-07-24,1,31.94417129607917,0.7040701725521832,0.9770875818040112,0.2022021606596146
wh-meta-social-circle-ga-2,2025-07-24,2,30.30774598030352,0.7572527520567182,0.9834087059766212,0.1835433292149231
wh-meta-social-circle-ga-2,2025-07-24,3,30.65542339229456,0.7774491415746295,0.9824904573282776,0.1811114929823911
wh-meta-social-circle-ga-2,2025-07-24,4,31.194555821756104,0.7408436716421496,0.9837633169506542,0.1836166680707835
wh-meta-social-circle-ga-2,2025-08-09,0,27.597042965107487,0.7422955191137749,0.9836947394296952,0.1973650477798847
wh-meta-social-circle-ga-2,2025-08-09,1,28.474223389657823,0.7299761516037376,0.9840316380847496,0.2073362590252977
wh-meta-social-circle-ga-2,2025-08-09,2,28.790739082730763,0.6861473210804601,0.9811033611845228,0.2119986388292246
wh-meta-social-circle-ga-2,2025-08-09,3,27.960676286676232,0.762427087513168,0.9831680318495818,0.1797625495348145
wh-meta-social-circle-ga-2,2025-08-09,4,28.8958659219721,0.7100676412124897,0.9827192347217264,0.1826200565307899
wh-meta-social-circle-ga-2,2025-08-25,0,36.018920639904714,0.5131654033761361,0.9776733857766452,0.2157426766948505
wh-meta-social-circle-ga-2,2025-08-25,1,33.10260023611251,0.6981752575613889,0.9773244104250818,0.167304666647877
wh-meta-social-circle-ga-2,2025-08-25,2,32.26050841110383,0.7479838523727259,0.9814312897389512,0.152397055969221
wh-meta-social-circle-ga-2,2025-08-25,3,32.632228388125704,0.7524019515849304,0.9821093713989176,0.1465223096296337
wh-meta-social-circle-ga-2,2025-08-25,4,31.394892849303112,0.7681212928217944,0.9839855744128092,0.1343216338640794
wh-meta-social-circle-ga-2,2025-09-10,0,31.579695002905577,0.4915494107424781,0.978122959712623,0.2129096339483676
wh-meta-social-circle-ga-2,2025-09-10,1,29.29604838648146,0.6713797953642764,0.977763515238819,0.1643449938040714
wh-meta-social-circle-ga-2,2025-09-10,2,28.56441779427741,0.7201074729551706,0.9819745806897586,0.1459235924598236
wh-meta-social-circle-ga-2,2025-09-10,3,29.36570970759872,0.7140318844572804,0.9825483152102702,0.1415696659281387
wh-meta-social-circle-ga-2,2025-09-10,4,27.832694487490645,0.7379075499873265,0.9844859664955552,0.1314811100430465
wh-meta-social-circle-ga-2,2025-10-12,0,19.09060628245678,0.4265810636286644,0.976317922097854,0.1747902717683655
wh-meta-social-circle-ga-2,2025-10-12,1,16.281979779899682,0.5503207830436843,0.975503255408259,0.164798425699133
wh-meta-social-circle-ga-2,2025-10-12,2,18.174921531892423,0.5762131772841077,0.9798583872469098,0.1489888410760002
wh-meta-social-circle-ga-2,2025-10-12,3,20.5757976183934,0.5967660904926059,0.9805393667138552,0.1369687119651074
wh-meta-social-circle-ga-2,2025-10-12,4,19.87613946625957,0.6301834549403394,0.9826652733102,0.1270561394462855
wh-meta-social-circle-ga-2,2025-11-13,0,21.132613654716597,0.3955682769920894,0.9763813719893142,0.2065723581773986
wh-meta-social-circle-ga-2,2025-11-13,1,20.55326528438588,0.5335879958979132,0.975831544915648,0.1435545341397289
wh-meta-social-circle-ga-2,2025-11-13,2,20.126717602566917,0.5825791051988587,0.9802242900398664,0.1237782448020559
wh-meta-social-circle-ga-2,2025-11-13,3,20.334502185256103,0.5752591337001991,0.9805366489787084,0.1184266084284678
wh-meta-social-circle-ga-2,2025-11-13,4,19.597324506042177,0.6005277917548252,0.9824244301765092,0.1086072877577675
wh-meta-social-circle-ga-2,2025-11-29,0,10.86768343698286,0.3477742710569728,0.975642639970136,0.2048238878656777
wh-meta-social-circle-ga-2,2025-11-29,1,10.008073198960425,0.494967717536999,0.9752871852759228,0.136059913724608
wh-meta-social-circle-ga-2,2025-11-29,2,9.599869626467632,0.5475218077363175,0.9794222459480402,0.1170979273008019
wh-meta-social-circle-ga-2,2025-11-29,3,9.949364493480104,0.5391480791657572,0.97980876214571,0.1139448503877779
wh-meta-social-circle-ga-2,2025-11-29,4,9.343175829779378,0.5559922057726542,0.9816436360949596,0.1032788872102351
wh-meta-social-circle-ga-2,2025-12-15,0,5.911342552450303,0.3443410289797277,0.97566280222725,0.1975735652022043
wh-meta-social-circle-ga-2,2025-12-15,1,5.105178198138984,0.4704319081002975,0.9748696933932078,0.1356093142610499
wh-meta-social-circle-ga-2,2025-12-15,2,4.6592727962442915,0.5200159536121614,0.9788698159442336,0.1167951015342102
wh-meta-social-circle-ga-2,2025-12-15,3,5.104417003064953,0.5169411189172517,0.9793656602478156,0.113122931291062
wh-meta-social-circle-ga-2,2025-12-15,4,4.2623369616046105,0.536843932064292,0.9812401508326344,0.1016123270370463
wh-meta-social-circle-ga-2,2025-12-31,0,9.63893399229905,0.3101832572706409,0.9750569447865902,0.2123115982877701
wh-meta-social-circle-ga-2,2025-12-31,1,9.402634720120869,0.4497610927040673,0.9747210918487534,0.1356868464130703
wh-meta-social-circle-ga-2,2025-12-31,2,9.18143038980521,0.5001873357956949,0.978524994353835,0.1158229285904158
wh-meta-social-circle-ga-2,2025-12-31,3,9.558851087027715,0.4985602690083935,0.9789640943971164,0.1137716719602038
wh-meta-social-circle-ga-2,2025-12-31,4,8.815301223319942,0.513450159791085,0.9808792929182684,0.1018102717740535
wh-meta-social-circle-ga-2,2026-01-16,0,8.277464557431918,0.2899306055082406,0.97505553329121,0.2199517763991938
wh-meta-social-circle-ga-2,2026-01-16,1,7.574705485612166,0.4551272747381372,0.9748956714341728,0.1330835483278172
wh-meta-social-circle-ga-2,2026-01-16,2,7.110254790119877,0.497557105202522,0.9785756496023362,0.1145658429795351
wh-meta-social-circle-ga-2,2026-01-16,3,7.564141708699013,0.5056420766503397,0.9791156169112178,0.1123293256973816
wh-meta-social-circle-ga-2,2026-01-16,4,6.807528778330963,0.5159457766407137,0.980954067054998,0.1002705717224367
wh-meta-social-circle-ga-2,2026-02-01,0,-0.5137668351978012,0.2330709313792993,0.9747339268456968,0.2423845201659002
wh-meta-social-circle-ga-2,2026-02-01,1,-0.8957246727736538,0.2788536615514754,0.975272125893056,0.2422556073516904
wh-meta-social-circle-ga-2,2026-02-01,2,-1.8666565112604188,0.3586257002921925,0.9815621118987822,0.1932124721206713
wh-meta-social-circle-ga-2,2026-02-01,3,-2.1932441491663885,0.2674179344190888,0.9840723736745136,0.2741291761520549
wh-meta-social-circle-ga-2,2026-02-01,4,-2.1651610662004517,0.293416510021537,0.9854581844145628,0.2482731349746202
wh-meta-social-circle-ga-2,2026-02-17,0,20.487697334527223,0.2942856450455127,0.9747785927652692,0.2284790109925701
wh-meta-social-circle-ga-2,2026-02-17,1,19.397640981058633,0.448329802597821,0.9744008190503232,0.1422045227223116
wh-meta-social-circle-ga-2,2026-02-17,2,19.039068511369805,0.487262996891074,0.9782072747249284,0.1247404116101693
wh-meta-social-circle-ga-2,2026-02-17,3,19.45158524215361,0.4976835386761726,0.9784289328454772,0.1234202027720327
wh-meta-social-circle-ga-2,2026-02-17,4,18.629690811465206,0.5016728318456841,0.980182338029571,0.1101606807493904
wh-meta-social-circle-ga-2,2026-03-21,0,30.68035579788617,0.3592359349604404,0.9761002328119333,0.2119823910057382
wh-meta-social-circle-ga-2,2026-03-21,1,29.465305498954844,0.5273598373242009,0.976084135019818,0.1590571136687407
wh-meta-social-circle-ga-2,2026-03-21,2,29.65093841301745,0.5175780898487006,0.9791772971803848,0.1419741526324959
wh-meta-social-circle-ga-2,2026-03-21,3,29.67477204695727,0.5439242987413728,0.9801377082112755,0.1408339299480906
wh-meta-social-circle-ga-2,2026-03-21,4,29.20766541138053,0.5191777328371183,0.9814430613210968,0.1280012624532647
wh-meta-social-circle-ga-2,2026-04-22,0,34.11757163568957,0.4746365752038535,0.9782420248272116,0.2327919061512823
wh-meta-social-circle-ga-2,2026-04-22,1,32.074839703151696,0.6632576169563876,0.9780653741161518,0.1864489224736912
wh-meta-social-circle-ga-2,2026-04-22,2,31.865545315514705,0.675225659447518,0.9817941265764808,0.1670880780579651
wh-meta-social-circle-ga-2,2026-04-22,3,32.71336974567901,0.6796536565632629,0.98253919375777,0.1643731808801913
wh-meta-social-circle-ga-2,2026-04-22,4,30.870821230945047,0.7043465914875016,0.9844572308777152,0.1560786145275692
wh-meta-social-circle-ga-2,2026-05-08,1,12.795252699594233,0.5519080875923813,0.979975697448904,0.2147826983863568
wh-meta-social-circle-ga-2,2026-05-08,2,12.002033362361376,0.6386992019718811,0.9803142462735522,0.2306711628955805
wh-meta-social-circle-ga-2,2026-05-08,3,13.1035143356372,0.7035394418122698,0.9827850005874834,0.1989727153754731
wh-meta-social-circle-ga-2,2026-05-08,4,13.645604859819604,0.6580312125353545,0.9820262099618644,0.1968499596997119
wh-meta-social-circle-ga-2,2026-07-11,4,25.033006631958767,0.682861496096279,0.9828257731958764,0.2144953595618557
wh-meta-social-circle-ga-2,2026-08-12,0,12.496994195909185,0.7241132692060503,0.9827525530739484,0.1600772771074204
wh-meta-social-circle-ga-2,2026-08-12,1,10.70718829475175,0.7583032210147291,0.9795365144579484,0.1622585778628304
wh-meta-social-circle-ga-2,2026-08-12,2,11.773645975404593,0.7231784197711877,0.9815279924474036,0.1563242909496799
wh-meta-social-circle-ga-2,2026-08-12,3,13.69160230232293,0.723782776385489,0.9817138307581118,0.1610041308595457
wh-meta-social-circle-ga-2,2026-08-12,4,12.866560460919963,0.711364060274073,0.983138114090641,0.1564066038107509
wh-meta-social-circle-ga-2,2026-08-28,0,40.188723896656725,0.5069730673500106,0.9783699399781758,0.233322481599059
wh-meta-social-circle-ga-2,2026-08-28,1,37.52624210399124,0.683453976422558,0.9778750669566744,0.1747616615574418
wh-meta-social-circle-ga-2,2026-08-28,2,36.39909866475951,0.6932225272025404,0.9816215277016512,0.1582488282612659
wh-meta-social-circle-ga-2,2026-08-28,3,36.62695750428039,0.7076961312596254,0.9832456788163518,0.1429310574127976
wh-meta-social-circle-ga-2,2026-08-28,4,34.27732945724459,0.7162196616949429,0.9841672429217324,0.1351675033435932
wh-meta-social-circle-ga-2,2026-09-13,0,38.70345062867938,0.4916229544349211,0.9782437977446348,0.2182436665846734
wh-meta-social-circle-ga-2,2026-09-13,1,36.27211094342959,0.6562743291838141,0.97771907223136,0.1622619162125412
wh-meta-social-circle-ga-2,2026-09-13,2,35.494517516867326,0.6843287460438185,0.9816045481068552,0.1438983744074181
wh-meta-social-circle-ga-2,2026-09-13,3,36.10365816305124,0.669114944475229,0.9820131436571866,0.1391548557033262
wh-meta-social-circle-ga-2,2026-09-13,4,34.94405111513555,0.6971726550101883,0.9840327399701732,0.1335442144971371
wh-meta-social-circle-ga-2,2026-09-29,0,33.38269853243173,0.4851619348843755,0.9773852346307762,0.2129117398072106
wh-meta-social-circle-ga-2,2026-09-29,1,31.978958037255985,0.64194409837492,0.9768346995426604,0.1549192135938839
wh-meta-social-circle-ga-2,2026-09-29,2,31.376800758310424,0.6796215080206492,0.980775499353178,0.13917850201423
wh-meta-social-circle-ga-2,2026-09-29,3,32.094712056995064,0.6754565323605184,0.981202975781063,0.1350149700080928
wh-meta-social-circle-ga-2,2026-09-29,4,30.576885555707687,0.6994991209025111,0.9832373981196088,0.1291959057386538
wh-meta-social-circle-ga-2,2022-01-12,0,10.221654380538142,0.5258839145597738,0.977509926532392,0.1186768404386588
wh-meta-social-circle-ga-2,2022-01-12,1,10.393627660772848,0.5053344471820285,0.975099951989845,0.1305430768585646
wh-meta-social-circle-ga-2,2022-01-12,2,10.046046734244385,0.5377690626476289,0.9785930867459796,0.113763823451178
wh-meta-social-circle-ga-2,2022-01-12,3,10.537397549548276,0.5376450954933463,0.978936322587364,0.1108811969773222
wh-meta-social-circle-ga-2,2022-01-12,4,9.920737540254354,0.5661409988809304,0.9809897985260546,0.0991054289345722
wh-meta-social-circle-ga-2,2022-02-13,0,12.023646476123997,0.483101154365986,0.9771042254097048,0.1313125677492423
wh-meta-social-circle-ga-2,2022-02-13,1,12.238283042200049,0.4719568669759113,0.9749305750414377,0.1414055633055148
wh-meta-social-circle-ga-2,2022-02-13,2,12.05771464590507,0.5039202441003102,0.9783409307318982,0.1259344051344064
wh-meta-social-circle-ga-2,2022-02-13,3,12.447941713370405,0.5071239130608692,0.9787392294061724,0.1243986816717889
wh-meta-social-circle-ga-2,2022-02-13,4,11.69838589467566,0.5349256726194315,0.9807855720014724,0.1111375904394217
wh-meta-social-circle-ga-2,2022-03-01,0,20.518696513538934,0.5004642786475686,0.9778251511833408,0.1293023038436233
wh-meta-social-circle-ga-2,2022-03-01,1,20.85155476842926,0.4903341000844246,0.9754800091512104,0.1415603927954901
wh-meta-social-circle-ga-2,2022-03-01,2,20.399773659444513,0.5182329419607457,0.9789916819630278,0.1264974705863421
wh-meta-social-circle-ga-2,2022-03-01,3,20.817504844581563,0.5265990046518276,0.97948130059855,0.1245616969041796
wh-meta-social-circle-ga-2,2022-03-01,4,19.904698567431247,0.5492782982553039,0.9814678790652144,0.1118326096935508
wh-meta-social-circle-ga-2,2022-05-04,0,31.777917216614604,0.7427899592646654,0.9820986983012052,0.1502604252792291
wh-meta-social-circle-ga-2,2022-05-04,1,32.59462425663866,0.687900711058126,0.9785034629405548,0.1712052639272872
wh-meta-social-circle-ga-2,2022-05-04,2,31.860859123483795,0.729929453756643,0.9825336529952732,0.1561664717813845
wh-meta-social-circle-ga-2,2022-05-04,3,32.34152320286374,0.7381745725221109,0.9833893269741008,0.1514529474881283
wh-meta-social-circle-ga-2,2022-05-04,4,30.845419314596256,0.7740598790284838,0.9852835487364584,0.145541774098302
wh-meta-social-circle-ga-2,2022-05-20,0,35.373202746674714,0.7039761794148941,0.9815664538816984,0.1718711294922806
wh-meta-social-circle-ga-2,2022-05-20,1,36.274903140942,0.653035467322069,0.9780406125539906,0.1864576487886048
wh-meta-social-circle-ga-2,2022-05-20,2,35.333181066909226,0.6798821405683738,0.9814481183748092,0.1711750547080782
wh-meta-social-circle-ga-2,2022-05-20,3,35.10797154837451,0.6885233217227429,0.9826610719747642,0.1647813908370836
wh-meta-social-circle-ga-2,2022-05-20,4,32.53257509641478,0.7437308978406583,0.984374040174884,0.1590420893647848
wh-meta-social-circle-ga-2,2022-06-05,0,31.016823721374728,0.7170166907731641,0.9814997305733392,0.1647322580503482
wh-meta-social-circle-ga-2,2022-06-05,1,31.9354626065572,0.6743387893809908,0.9780667618287476,0.1785888519198231
wh-meta-social-circle-ga-2,2022-06-05,2,31.025796847993476,0.727121236918801,0.982169090054828,0.1641439435135275
wh-meta-social-circle-ga-2,2022-06-05,3,31.30897912047232,0.7171116463934547,0.9825770792819136,0.1578282521816289
wh-meta-social-circle-ga-2,2022-06-05,4,29.23316758167171,0.7651518899567671,0.9845466793202304,0.1516230645255451
wh-meta-social-circle-ga-2,2022-06-21,0,34.64806349166576,0.6616995858061054,0.9811193051245598,0.167325281392034
wh-meta-social-circle-ga-2,2022-06-21,1,34.9688741841665,0.6371947590755834,0.9779762413350768,0.1775599667178246
wh-meta-social-circle-ga-2,2022-06-21,2,34.05147083366578,0.6971445749680358,0.9821378843842912,0.1626687137912543
wh-meta-social-circle-ga-2,2022-06-21,3,34.938702608292104,0.6872134863171764,0.9825817471020446,0.1578808427527078
wh-meta-social-circle-ga-2,2022-06-21,4,33.17557030877419,0.7393268961763833,0.9846059171624684,0.150331706543997
wh-meta-social-circle-ga-2,2022-07-07,0,34.359758735562735,0.6954986064105098,0.9816187926361084,0.1826913091827723
wh-meta-social-circle-ga-2,2022-07-07,1,35.36131587514841,0.7031052237485614,0.9799777370651952,0.1797850926468733
wh-meta-social-circle-ga-2,2022-07-07,2,35.48311418414668,0.7342112275726593,0.9827435655996688,0.1710177653605128
wh-meta-social-circle-ga-2,2022-07-07,3,35.50886623565412,0.719656497450115,0.9822124908088936,0.1595748035451465
wh-meta-social-circle-ga-2,2022-07-07,4,34.06267664839778,0.7722649677664404,0.9843465609798424,0.1507626062630427
wh-meta-social-circle-ga-2,2022-07-23,0,33.3228169333512,0.7613992595670162,0.981209539594004,0.1554060880652431
wh-meta-social-circle-ga-2,2022-07-23,1,33.9207249619645,0.7296886125833647,0.9777363743565036,0.1716548333715417
wh-meta-social-circle-ga-2,2022-07-23,2,32.96574513183716,0.7735631774511931,0.981971151725641,0.1519072938270154
wh-meta-social-circle-ga-2,2022-07-23,3,33.38542254067202,0.7764263281105572,0.982579720864356,0.1476217792659428
wh-meta-social-circle-ga-2,2022-07-23,4,32.086049591185514,0.811760539066071,0.984499265709238,0.1375281647603924
wh-meta-social-circle-ga-2,2022-08-08,1,34.08056493450275,0.5693648961239739,0.9638406421431692,0.1157647938063305
wh-meta-social-circle-ga-2,2022-08-08,2,29.12419003312393,0.7789245558061781,0.9812709812746402,0.1187595328866538
wh-meta-social-circle-ga-2,2022-08-08,3,30.854647176742613,0.7344274466317934,0.9819897737097724,0.1404675116860168
wh-meta-social-circle-ga-2,2022-08-08,4,29.128514530187132,0.789090738075048,0.9847267718285694,0.1440959773161219
wh-meta-social-circle-ga-2,2022-08-24,4,17.411085579055104,0.6841606909201956,0.9805107387164654,0.2146253015957546
wh-meta-social-circle-ga-2,2022-10-11,0,24.49234741715075,0.681913174442734,0.9806698351181522,0.1239789782592675
wh-meta-social-circle-ga-2,2022-10-11,1,24.53671367635184,0.6282710567601894,0.97708969811155,0.1326943274359848
wh-meta-social-circle-ga-2,2022-10-11,2,24.401157167403053,0.658457365940906,0.9809372176581678,0.1338348828162039
wh-meta-social-circle-ga-2,2022-10-11,3,25.322641132495217,0.6365285678642109,0.9810248411325446,0.1398351622612494
wh-meta-social-circle-ga-2,2022-10-11,4,24.154858379708525,0.6667836467598948,0.9828018740163108,0.132890904662339
wh-meta-social-circle-ga-2,2022-10-27,0,21.996749276033768,0.6404883496685235,0.980786271507563,0.1296104542673003
wh-meta-social-circle-ga-2,2022-10-27,1,22.467970951232747,0.5932841843408441,0.9773653372751148,0.1460444869662997
wh-meta-social-circle-ga-2,2022-10-27,2,21.93507376103744,0.6324480859099934,0.9812962560438608,0.1287986923375619
wh-meta-social-circle-ga-2,2022-10-27,3,22.37548516879052,0.6246569115860852,0.9817017406564916,0.1251447648306415
wh-meta-social-circle-ga-2,2022-10-27,4,21.355194913263464,0.6605846539728106,0.9837234034060188,0.1139752317017718
wh-meta-social-circle-ga-2,2022-11-28,0,17.509999148979258,0.5637946245446586,0.9789187736073576,0.1176194381519253
wh-meta-social-circle-ga-2,2022-11-28,1,17.618297487739387,0.509969627410088,0.9759526876689604,0.131482357649008
wh-meta-social-circle-ga-2,2022-11-28,2,17.241091401270154,0.556450984257198,0.9798439169575484,0.1136606302099214
wh-meta-social-circle-ga-2,2022-11-28,3,17.664192817369305,0.5443538353578709,0.9800538841283118,0.1090556051761317
wh-meta-social-circle-ga-2,2022-11-28,4,17.06596849851175,0.5678982753868513,0.9819886909986988,0.1011110755460933
wh-meta-social-circle-ga-2,2022-12-30,0,15.42888337297002,0.519604808181085,0.9777706120483236,0.1074610532670594
wh-meta-social-circle-ga-2,2022-12-30,1,15.35853572826592,0.4260519891712757,0.9748433450703148,0.1583047811469881
wh-meta-social-circle-ga-2,2022-12-30,2,14.9720011387313,0.5100038809830374,0.9784537983865116,0.1127290457840854
wh-meta-social-circle-ga-2,2022-12-30,3,15.00046188909526,0.4811826320302874,0.9785452998632352,0.124409662372873
wh-meta-social-circle-ga-2,2022-12-30,4,14.33077491164036,0.4786881111729,0.9798498473311158,0.1324161668849208
wh-meta-social-circle-ga-2,2023-01-15,0,9.39381567317512,0.4466427282702971,0.9777201529325712,0.1167214652869643
wh-meta-social-circle-ga-2,2023-01-15,1,9.908997443988614,0.4316438669569994,0.9752827520873786,0.1294473389287866
wh-meta-social-circle-ga-2,2023-01-15,2,9.738852596201705,0.4761253437992335,0.9790087245987024,0.1140982006879352
wh-meta-social-circle-ga-2,2023-01-15,3,10.362039187965047,0.4716051029434082,0.9793566848973894,0.1102607644226147
wh-meta-social-circle-ga-2,2023-01-15,4,9.670504065256656,0.4991104801139262,0.9814572636348396,0.10021983760252
wh-meta-social-circle-ga-2,2023-03-04,0,22.65631959350253,0.550383725349285,0.9788898381168296,0.1231992164643315
wh-meta-social-circle-ga-2,2023-03-04,1,22.58347546094359,0.5434513725953869,0.9763877452947768,0.1444488190441247
wh-meta-social-circle-ga-2,2023-03-04,2,22.690358893868325,0.5422260494800403,0.9795716682908678,0.1234559370718976
wh-meta-social-circle-ga-2,2023-03-04,3,23.09371454481864,0.5475093166804214,0.9801060671314944,0.1205223793938104
wh-meta-social-circle-ga-2,2023-03-04,4,22.3710108126791,0.5387353636007254,0.9816192229359793,0.110223485284732
wh-meta-social-circle-ga-2,2023-03-20,0,15.035508478569838,0.5718479661062669,0.9785367297146246,0.1333795957095735
wh-meta-social-circle-ga-2,2023-03-20,1,14.797437957052267,0.5727720860607061,0.9762195490680424,0.1543892122268532
wh-meta-social-circle-ga-2,2023-03-20,2,15.07624316572797,0.5507358362970008,0.9790990395475764,0.1327426621513495
wh-meta-social-circle-ga-2,2023-03-20,3,15.573712507577843,0.5595800523434141,0.979666922689636,0.1301509656024854
wh-meta-social-circle-ga-2,2023-03-20,4,14.8061083827912,0.5456830899628324,0.9811273693081975,0.1190728116739151
wh-meta-social-circle-ga-2,2023-04-05,0,27.90525385908512,0.6604038715118417,0.9806632498398437,0.1623189607177065
wh-meta-social-circle-ga-2,2023-04-05,1,26.56093851317076,0.6393846377625401,0.9774792889720868,0.1756797224494135
wh-meta-social-circle-ga-2,2023-04-05,2,24.808362582124648,0.6303212136734772,0.9806934793170724,0.1553396737923524
wh-meta-social-circle-ga-2,2023-04-05,3,26.141825166510436,0.6376962840214725,0.9808862431034594,0.154246527694135
wh-meta-social-circle-ga-2,2023-04-05,4,24.875750877952527,0.6311189620157575,0.9822888024890156,0.1414590050409319
wh-meta-social-circle-ga-2,2023-04-21,0,17.222234251462044,0.6833926935904346,0.9811811437684296,0.1644596336123164
wh-meta-social-circle-ga-2,2023-04-21,1,17.40683914442755,0.6706722713137927,0.9781362953891298,0.1801741859362889
wh-meta-social-circle-ga-2,2023-04-21,2,17.768214906934016,0.6790098275478619,0.9816628915720672,0.1615392168812912
wh-meta-social-circle-ga-2,2023-04-21,3,17.463890782341977,0.6878421673869626,0.9823182757685308,0.1579493762738371
wh-meta-social-circle-ga-2,2023-04-21,4,16.2435477802166,0.6947568949991658,0.9836311067896856,0.1521829049412917
wh-meta-social-circle-ga-2,2023-05-07,0,20.631608359696877,0.8841475682460234,0.9840095608239408,0.1179421208637776
wh-meta-social-circle-ga-2,2023-05-07,1,22.040677088379805,0.8379303552183741,0.9835985671547788,0.1220977450181074
wh-meta-social-circle-ga-2,2023-05-07,2,23.905277397172927,0.7744364655565577,0.9836310128445772,0.1132977474422637
wh-meta-social-circle-ga-2,2023-05-07,3,25.71797964020231,0.6731630846257296,0.9779624554333396,0.1633646933238971
wh-meta-social-circle-ga-2,2023-05-07,4,26.27060227575721,0.7106038872521016,0.9829546105831064,0.1615199063175308
wh-meta-social-circle-ga-2,2023-06-08,1,28.03802410400002,0.5262017061977982,0.9839847887323944,0.1974450173591549
wh-meta-social-circle-ga-2,2023-06-08,2,28.77561244699452,0.8081317196733306,0.9853574353207316,0.1664490955610463
wh-meta-social-circle-ga-2,2023-06-08,3,32.23297890814352,0.7335183664160916,0.982237041496895,0.1610500545949021
wh-meta-social-circle-ga-2,2023-06-08,4,31.92252441049375,0.7392334966299965,0.983934072550012,0.1702259270470768
wh-meta-social-circle-ga-2,2023-06-24,0,26.192649847165583,0.75822300481859,0.9821076395425647,0.1735470984835065
wh-meta-social-circle-ga-2,2023-06-24,1,26.85170052517006,0.7403234430569495,0.9783482850597974,0.1661896689619521
wh-meta-social-circle-ga-2,2023-06-24,2,25.20365233848316,0.769221227290531,0.9818985850499116,0.1615938570920838
wh-meta-social-circle-ga-2,2023-06-24,3,27.106430161243228,0.7180751914934346,0.9795772124288502,0.1786801884287414
wh-meta-social-circle-ga-2,2023-06-24,4,25.949657052292643,0.6306653197691696,0.9817286857278535,0.1767131585425121
wh-meta-social-circle-ga-2,2023-07-10,0,23.224768340000008,0.8151391709791866,0.9821,0.1973728591666666
wh-meta-social-circle-ga-2,2023-07-10,2,25.219018383782696,0.8832582481400058,0.9850225172740824,0.1671989905271981
wh-meta-social-circle-ga-2,2023-07-10,3,26.930072704754583,0.8516586968076054,0.9848151126430776,0.173776620014435
wh-meta-social-circle-ga-2,2023-07-10,4,24.884657155334228,0.88618537399156,0.9845872823633608,0.1250756503030771
wh-meta-social-circle-ga-2,2023-07-26,0,35.595373006191,0.7355497220721587,0.9815809556695468,0.1513081255090484
wh-meta-social-circle-ga-2,2023-07-26,1,36.66770405184175,0.6984406159501957,0.9782262848774078,0.1696165159302156
wh-meta-social-circle-ga-2,2023-07-26,2,35.82976529149614,0.7525172203873446,0.9824105892851316,0.1521448726035521
wh-meta-social-circle-ga-2,2023-07-26,3,36.25248043126348,0.7493226840995258,0.9830566774496218,0.1487608837542046
wh-meta-social-circle-ga-2,2023-07-26,4,34.86611076972183,0.7641354350337695,0.9846427137565636,0.1409799629537206
wh-meta-social-circle-ga-2,2023-08-27,0,38.26200742571797,0.7194808893693938,0.981297852310572,0.1405292639468507
wh-meta-social-circle-ga-2,2023-08-27,1,39.09992790077615,0.6948824843813592,0.9781185181370864,0.158522890979782
wh-meta-social-circle-ga-2,2023-08-27,2,38.586514908171374,0.734258893636182,0.9821310169757174,0.1406910174599382
wh-meta-social-circle-ga-2,2023-08-27,3,38.78397087666112,0.7433292590678839,0.9829317296596812,0.1371673774033366
wh-meta-social-circle-ga-2,2023-08-27,4,37.298196348208485,0.7553835897996921,0.9845230753586868,0.1304303501303151
wh-meta-social-circle-ga-2,2023-09-12,0,34.25074016352475,0.7421383882263272,0.9818239158189336,0.1361070671956144
wh-meta-social-circle-ga-2,2023-09-12,1,34.75479393976261,0.7128810521852453,0.9785269677726174,0.1560107640420146
wh-meta-social-circle-ga-2,2023-09-12,2,34.245270178301716,0.7472931396531539,0.9825375483757623,0.1373970988805671
wh-meta-social-circle-ga-2,2023-09-12,3,34.69933197405473,0.7512136787275591,0.983278717307957,0.1328351519904714
wh-meta-social-circle-ga-2,2023-09-12,4,33.747163103467706,0.7528319546676421,0.984678293601561,0.1240253038306382
wh-meta-social-circle-ga-2,2023-10-14,0,22.872192797749555,0.533243779640194,0.977125391484943,0.1885381976686398
wh-meta-social-circle-ga-2,2023-10-14,1,24.725422639046904,0.421813408379028,0.9723756804956498,0.2310544581263169
wh-meta-social-circle-ga-2,2023-10-14,2,22.29066342769376,0.6030017071974666,0.978301469471522,0.1278762411726103
wh-meta-social-circle-ga-2,2023-10-14,3,22.219369728827107,0.6276869961919278,0.9803639662255802,0.1198054331083445
wh-meta-social-circle-ga-2,2023-10-14,4,21.453965490182295,0.6978179987598792,0.9829730093717534,0.107565194377496
wh-meta-social-circle-ga-2,2023-10-30,0,28.045593601145686,0.6505122589600874,0.9806738033685156,0.1208418260350777
wh-meta-social-circle-ga-2,2023-10-30,1,28.583983767654953,0.597515042951199,0.977253225994545,0.1382668634242901
wh-meta-social-circle-ga-2,2023-10-30,2,28.393861857873777,0.6436289240823929,0.9812352139433924,0.1221784263108566
wh-meta-social-circle-ga-2,2023-10-30,3,28.810552361138413,0.634885198981099,0.9816326084944892,0.1186731785692548
wh-meta-social-circle-ga-2,2023-10-30,4,27.7520596246971,0.6533988715793104,0.9834133346618164,0.1104841586221923
wh-meta-social-circle-ga-2,2024-01-02,0,11.36638779071804,0.4199274994621474,0.9760696120965324,0.1255083772675934
wh-meta-social-circle-ga-2,2024-01-02,1,10.30165709953771,0.4594648205211148,0.9745798362045028,0.1251941408132657
wh-meta-social-circle-ga-2,2024-01-02,2,10.094034930414947,0.5090822214770678,0.9781646794564324,0.109315725479167
wh-meta-social-circle-ga-2,2024-01-02,3,10.55527999908844,0.5002477110686276,0.97838350730855,0.1076402912147795
wh-meta-social-circle-ga-2,2024-01-02,4,9.734304282944354,0.5201335746743697,0.9803017819278924,0.0966089615988324
wh-meta-social-circle-ga-2,2024-01-18,0,7.330375089614776,0.3821331292207032,0.97562241420828,0.1130413508569969
wh-meta-social-circle-ga-2,2024-01-18,1,7.523029796165384,0.4416616492391746,0.9744600734237276,0.1288673091256208
wh-meta-social-circle-ga-2,2024-01-18,2,7.261268846861569,0.4884554943296531,0.9779829374472316,0.1136068324217434
wh-meta-social-circle-ga-2,2024-01-18,3,7.688082427588112,0.4818958449194433,0.9782828385104184,0.1121146819785324
wh-meta-social-circle-ga-2,2024-01-18,4,6.885993972218155,0.4953310245132465,0.9802588862603254,0.1002057540488487
wh-meta-social-circle-ga-2,2024-02-03,0,15.686571332391663,0.3506327568896304,0.9760811392159224,0.124779036854782
wh-meta-social-circle-ga-2,2024-02-03,1,15.277508373381634,0.4321696414578322,0.9751365633106316,0.1327075198209469
wh-meta-social-circle-ga-2,2024-02-03,2,15.123040882331257,0.4774203996187813,0.9788444309444432,0.1174378650782495
wh-meta-social-circle-ga-2,2024-02-03,3,15.44173478633005,0.4747421890812975,0.9792273203408212,0.1165975478865063
wh-meta-social-circle-ga-2,2024-02-03,4,14.674453921030674,0.4872112990808036,0.9810845784676052,0.1043665978604514
wh-meta-social-circle-ga-2,2024-02-19,0,13.64338259889334,0.3475108329660441,0.9771593244584572,0.1086676461029221
wh-meta-social-circle-ga-2,2024-02-19,1,13.624766413854369,0.4495036578058176,0.9758514387624548,0.1206119206183687
wh-meta-social-circle-ga-2,2024-02-19,2,13.4829017245434,0.478895389765022,0.9785210766431652,0.1104688104001959
wh-meta-social-circle-ga-2,2024-02-19,3,13.351138196204976,0.4751913679776839,0.978739979500154,0.116777187247641
wh-meta-social-circle-ga-2,2024-02-19,4,12.73180055667674,0.4759617411297622,0.9806288048690084,0.1126407997695963
wh-meta-social-circle-ga-2,2024-04-07,0,23.271709606641092,0.4344864012032885,0.9774735793763664,0.1647024642645742
wh-meta-social-circle-ga-2,2024-04-07,1,21.346140143829498,0.6383609043136977,0.977730558083956,0.1625313476274237
wh-meta-social-circle-ga-2,2024-04-07,2,21.262687965179417,0.6370095281303796,0.9810765935043116,0.1465727181068433
wh-meta-social-circle-ga-2,2024-04-07,3,21.436013009273665,0.6554395262653246,0.9819344112395684,0.1452276876263546
wh-meta-social-circle-ga-2,2024-04-07,4,20.08460845007325,0.6446668027006355,0.9831757696259144,0.13125184268264
wh-meta-social-circle-ga-2,2024-04-23,0,24.877149409200037,0.4903569425941283,0.9783577000140854,0.15675648439471
wh-meta-social-circle-ga-2,2024-04-23,1,24.212374386122576,0.7074552119665555,0.97863871905276,0.1718755192700261
wh-meta-social-circle-ga-2,2024-04-23,2,24.09979717000707,0.7216662868157833,0.982342628378511,0.1534028549892671
wh-meta-social-circle-ga-2,2024-04-23,3,24.43934617397197,0.7388463691229494,0.9832438976888525,0.1493630560885162
wh-meta-social-circle-ga-2,2024-04-23,4,23.1945168297685,0.7438802807277988,0.984809752783911,0.1399678094073793
wh-meta-social-circle-ga-2,2024-06-26,1,32.67861119287142,0.7605350521895199,0.9841978826292704,0.1525530048731477
wh-meta-social-circle-ga-2,2024-06-26,2,37.326133946495,0.627853356661596,0.979071427649056,0.1696589859501826
wh-meta-social-circle-ga-2,2024-06-26,3,35.98312787528777,0.648280632724227,0.9804822265292222,0.1764885583224887
wh-meta-social-circle-ga-2,2024-06-26,4,35.405536207318335,0.7331587362963634,0.983855308023086,0.1645058907747388
wh-meta-social-circle-ga-2,2024-07-12,0,39.01147132598244,0.47891438277111,0.97777948041091,0.1880123818788648
wh-meta-social-circle-ga-2,2024-07-12,1,37.719079470787165,0.661029333265701,0.9778184225711328,0.183272891184571
wh-meta-social-circle-ga-2,2024-07-12,2,36.47955211072466,0.6986991034819893,0.9812380202870457,0.1694202036278733
wh-meta-social-circle-ga-2,2024-07-12,3,36.60640736348612,0.7096178558574969,0.9822682283786344,0.1575207839042183
wh-meta-social-circle-ga-2,2024-07-12,4,34.775900373514865,0.7380234830251828,0.9841141007166057,0.1518775599938658
wh-meta-social-circle-ga-2,2024-08-13,0,36.980004837453976,0.4912026097933873,0.9778409165049948,0.1707150311821604
wh-meta-social-circle-ga-2,2024-08-13,1,34.16340788984054,0.6725229859785861,0.9778154827328338,0.1659661656713959
wh-meta-social-circle-ga-2,2024-08-13,2,31.873591605587656,0.726529251753849,0.9818422487430136,0.150729141152065
wh-meta-social-circle-ga-2,2024-08-13,3,32.09516283974569,0.7278187110537729,0.9824611212066408,0.147841494084436
wh-meta-social-circle-ga-2,2024-08-13,4,31.75877344774339,0.745831520510221,0.9842203589348164,0.1377337007348566
wh-meta-social-circle-ga-2,2024-08-29,0,38.40555742420059,0.3812648520399769,0.9765929223816948,0.213817104294963
wh-meta-social-circle-ga-2,2024-08-29,1,34.91602581866238,0.6543114861142729,0.978584377161035,0.196547337862103
wh-meta-social-circle-ga-2,2024-08-29,2,34.139321042410025,0.7175873942763845,0.9821894382041546,0.1515031050352085
wh-meta-social-circle-ga-2,2024-08-29,3,37.71730519097431,0.69639323047421,0.9814571519462072,0.1635308322283941
wh-meta-social-circle-ga-2,2024-08-29,4,35.60897394279636,0.7604987594589246,0.9835576540949972,0.1406727840503924
wh-meta-social-circle-ga-2,2024-10-16,0,20.00968126728988,0.4410353106525109,0.9767987101141756,0.1995418649904468
wh-meta-social-circle-ga-2,2024-10-16,1,19.517375877300008,0.6419933495275517,0.9769820051281508,0.1475286235589608
wh-meta-social-circle-ga-2,2024-10-16,2,18.8764926888646,0.6904132800888854,0.9808105403559952,0.1314035292079838
wh-meta-social-circle-ga-2,2024-10-16,3,19.56735160766749,0.6928618964136681,0.9813585118104856,0.12935474751239
wh-meta-social-circle-ga-2,2024-10-16,4,18.42096040074561,0.712882350403294,0.9831672904311008,0.1174308084982196
wh-meta-social-circle-ga-2,2024-11-17,0,15.286150529274591,0.3264117348053372,0.9751030914107938,0.1906824580170011
wh-meta-social-circle-ga-2,2024-11-17,1,15.564853155644636,0.5512773744267436,0.9760501478058756,0.137164677383909
wh-meta-social-circle-ga-2,2024-11-17,2,15.02673642333736,0.5934139158805963,0.9799067912208694,0.1219183221829569
wh-meta-social-circle-ga-2,2024-11-17,3,15.521273971651434,0.5956704512519849,0.9803202387649246,0.1186093219184153
wh-meta-social-circle-ga-2,2024-11-17,4,14.984794377265358,0.6054481740588843,0.981871526519789,0.1102123260304708
wh-meta-social-circle-ga-2,2024-12-03,0,8.721156163990546,0.3557512096145048,0.9761484204691546,0.1926436892519665
wh-meta-social-circle-ga-2,2024-12-03,1,8.674291339977485,0.5365058504177738,0.9762738783874034,0.1334814257756783
wh-meta-social-circle-ga-2,2024-12-03,2,8.11481291153242,0.5733492526151932,0.9799623906075786,0.1182861225773199
wh-meta-social-circle-ga-2,2024-12-03,3,8.614120163154805,0.5739713316696705,0.9805057775489608,0.1133634183397832
wh-meta-social-circle-ga-2,2024-12-03,4,7.910427595929911,0.5854370230548517,0.9821985940446464,0.1038766256964182
wh-meta-social-circle-ga-2,2024-12-19,0,13.21477015478952,0.3322582899260819,0.9747429180511192,0.1939342777140932
wh-meta-social-circle-ga-2,2024-12-19,1,13.06658911760549,0.4881935349310378,0.9754648388225116,0.1293965790155201
wh-meta-social-circle-ga-2,2024-12-19,2,12.791236541071571,0.5285525123784817,0.9794009599456084,0.1142016652874952
wh-meta-social-circle-ga-2,2024-12-19,3,12.957328572152516,0.5232273404644745,0.9793208824542712,0.1101345818178452
wh-meta-social-circle-ga-2,2024-12-19,4,12.251880725506924,0.5357748535949114,0.9811064922429388,0.0995672317600565
wh-meta-social-circle-ga-2,2025-01-04,0,8.221373719699608,0.3017370079128535,0.9752451110192328,0.1954090316898455
wh-meta-social-circle-ga-2,2025-01-04,1,8.649035647942586,0.4717851582133834,0.9753392565626816,0.1286087220978426
wh-meta-social-circle-ga-2,2025-01-04,2,8.348753794415373,0.5078286440833052,0.978993950920048,0.1140261859272198
wh-meta-social-circle-ga-2,2025-01-04,3,8.833744431852947,0.5019758171146455,0.9792963854006206,0.1120254693526606
wh-meta-social-circle-ga-2,2025-01-04,4,8.150204270591699,0.5228072843233406,0.9811593153604176,0.0998687297759446
wh-meta-social-circle-ga-2,2025-01-20,0,1.887189319989658,0.3017095144948633,0.9752743235936892,0.1879504361819106
wh-meta-social-circle-ga-2,2025-01-20,1,2.1412989420750277,0.4607958906699207,0.9753765407548636,0.131987470796889
wh-meta-social-circle-ga-2,2025-01-20,2,1.7353260939821,0.4953480607463459,0.978982457118926,0.1173809892683551
wh-meta-social-circle-ga-2,2025-01-20,3,2.2130852295380374,0.4907793293677084,0.9793604765699864,0.1153050201363056
wh-meta-social-circle-ga-2,2025-01-20,4,1.50387163646547,0.513072411034786,0.9812723755745564,0.1025848295813983
wh-meta-social-circle-ga-2,2025-02-05,0,14.625509725137771,0.3665266726373903,0.976988052205284,0.1247938899238673
wh-meta-social-circle-ga-2,2025-02-05,1,15.425064880454794,0.4286139912373159,0.9752016435590471,0.1394274017252948
wh-meta-social-circle-ga-2,2025-02-05,2,15.421852886291523,0.4496979665514843,0.9783739476922616,0.1220215693138585
wh-meta-social-circle-ga-2,2025-02-05,3,16.59564557398704,0.4510823496378083,0.978472730213864,0.1247848525016132
wh-meta-social-circle-ga-2,2025-02-05,4,16.480281965344954,0.4727731264700734,0.9799797200920444,0.116270151872056
wh-meta-social-circle-ga-2,2025-02-21,0,10.06965370475437,0.2977086442691291,0.9747455835381676,0.1961848583734329
wh-meta-social-circle-ga-2,2025-02-21,1,9.593337343587391,0.4601536847448497,0.9748023864226668,0.1385123955993052
wh-meta-social-circle-ga-2,2025-02-21,2,8.912686770277396,0.4846736439615303,0.9781707857337044,0.1233653818886926
wh-meta-social-circle-ga-2,2025-02-21,3,9.62135624535965,0.489878442659617,0.9786013138721474,0.1218603579210964
wh-meta-social-circle-ga-2,2025-02-21,4,8.41359921918238,0.4969860595786807,0.980442695797961,0.1086198032373677
wh-meta-social-circle-ga-2,2025-03-25,0,25.86246844537728,0.3269603579029948,0.9752105312657596,0.2179065694070686
wh-meta-social-circle-ga-2,2025-03-25,1,24.94194698646667,0.5006910262109866,0.9755164522805224,0.1563803907109249
wh-meta-social-circle-ga-2,2025-03-25,2,24.49229251961778,0.5186578248110836,0.9788106963758708,0.1420756682293277
wh-meta-social-circle-ga-2,2025-03-25,3,24.915700091397632,0.5378690340044969,0.9794398721216684,0.1395381261771823
wh-meta-social-circle-ga-2,2025-03-25,4,24.101178047060017,0.5216214250844123,0.9808697057426208,0.1279191418704096
wh-meta-social-circle-ga-2,2025-04-10,0,27.364623717623346,0.4319070099357857,0.9776280303684264,0.2190806789759856
wh-meta-social-circle-ga-2,2025-04-10,1,25.896828144825054,0.627972701387952,0.9779247162933156,0.1642839812180419
wh-meta-social-circle-ga-2,2025-04-10,2,25.268725111734778,0.668255183185969,0.9818628467828996,0.1471763908831017
wh-meta-social-circle-ga-2,2025-04-10,3,25.64053911077667,0.6786668670860423,0.9826253269891622,0.1438723341254492
wh-meta-social-circle-ga-2,2025-04-10,4,24.61078200557328,0.6861834313527448,0.9842407184812052,0.1319074503296991
wh-meta-social-circle-ga-2,2025-04-26,0,26.371557241800375,0.3862586926140982,0.9773430745421714,0.1966285868412003
wh-meta-social-circle-ga-2,2025-04-26,1,27.270833630685917,0.6745339751089927,0.9767351714226284,0.1935872725007565
wh-meta-social-circle-ga-2,2025-04-26,2,26.484762107880773,0.7075309708286134,0.9807742194813868,0.1707256584570461
wh-meta-social-circle-ga-2,2025-04-26,3,27.17884725309783,0.7073158363347063,0.9812759386618328,0.1683720891125567
wh-meta-social-circle-ga-2,2025-04-26,4,25.676413846898186,0.7202120382678193,0.9840312127093176,0.1600409731327854
wh-meta-social-circle-ga-2,2025-05-12,0,24.16174303240548,0.4894530530468305,0.9787503848959632,0.2295485046775882
wh-meta-social-circle-ga-2,2025-05-12,1,22.703664131215756,0.8066962203813653,0.9812750607701648,0.1537814236503685
wh-meta-social-circle-ga-2,2025-05-12,2,22.95274714125011,0.7562473084550844,0.981512896511012,0.1535049969145616
wh-meta-social-circle-ga-2,2025-05-12,3,22.582441057176517,0.784148067314573,0.9837493629093268,0.1466673269101889
wh-meta-social-circle-ga-2,2025-05-12,4,21.956045708448553,0.7974043112138407,0.984338104751463,0.1411531667108687
wh-meta-social-circle-ga-2,2025-06-29,0,42.00987648855689,0.5033442967264372,0.977692749788314,0.2316844971798263
wh-meta-social-circle-ga-2,2025-06-29,1,37.68556691106589,0.697818502894119,0.9781641567701808,0.1783734656380057
wh-meta-social-circle-ga-2,2025-06-29,2,36.63124338781185,0.7370745416761295,0.9816031941559118,0.1622099846572952
wh-meta-social-circle-ga-2,2025-06-29,3,36.68933392264204,0.749824924772373,0.9825560617274134,0.1558729576945262
wh-meta-social-circle-ga-2,2025-06-29,4,35.185386044286034,0.7620886691515595,0.9841986762315832,0.1450335375796065
wh-meta-social-circle-ga-2,2025-07-15,0,39.913558810113074,0.5064235241334806,0.977586797639222,0.2183835796900225
wh-meta-social-circle-ga-2,2025-07-15,1,36.83699236627397,0.6918879768082404,0.9775679882837052,0.1672228588472148
wh-meta-social-circle-ga-2,2025-07-15,2,35.7848748243622,0.7434977252328083,0.9815356352794848,0.1520712052041303
wh-meta-social-circle-ga-2,2025-07-15,3,35.96004161889021,0.7569922848956677,0.9823383445720064,0.1462372183710114
wh-meta-social-circle-ga-2,2025-07-15,4,34.92960112765157,0.7745856614909562,0.9839060913411364,0.1369663399822917
wh-meta-social-circle-ga-2,2025-07-31,0,41.322683001855914,0.4495013399184616,0.9764982467241567,0.2526329267780547
wh-meta-social-circle-ga-2,2025-07-31,1,36.83035822309368,0.6588082218186091,0.9750336245201466,0.1758951157682947
wh-meta-social-circle-ga-2,2025-07-31,2,35.58979102744955,0.6994453584368706,0.9808916393284453,0.1763116682086854
wh-meta-social-circle-ga-2,2025-07-31,3,35.496936387578906,0.7399443563466228,0.9832376658753592,0.1668220077243338
wh-meta-social-circle-ga-2,2025-07-31,4,34.4834276064653,0.7463713925294571,0.983881736148747,0.1567837518388084
wh-meta-social-circle-ga-2,2025-08-16,0,37.09916734996665,0.4002559836276761,0.977744480584325,0.2523298982279093
wh-meta-social-circle-ga-2,2025-08-16,1,32.9553812102661,0.7604809565894621,0.9761892566273596,0.1161315879914225
wh-meta-social-circle-ga-2,2025-08-16,2,32.840160579900285,0.7819503954065905,0.9821639577570178,0.1217693462265729
wh-meta-social-circle-ga-2,2025-08-16,3,33.73667291992265,0.7584820001451476,0.9818796687255132,0.1391497563578961
wh-meta-social-circle-ga-2,2025-08-16,4,32.5286188749641,0.7799334838662489,0.9841114806026428,0.1310321419311153
wh-meta-social-circle-ga-2,2025-09-01,0,31.920751168919743,0.513882464920017,0.9784642902901916,0.2144247599211482
wh-meta-social-circle-ga-2,2025-09-01,1,29.02345069744507,0.6934296444951907,0.9784021969567324,0.1620110496312494
wh-meta-social-circle-ga-2,2025-09-01,2,27.994489786748552,0.7425944026736233,0.9825685843868034,0.1460494167114864
wh-meta-social-circle-ga-2,2025-09-01,3,28.08819201970672,0.7375928307445586,0.9830900331024202,0.1452833754175268
wh-meta-social-circle-ga-2,2025-09-01,4,26.788531990277463,0.7466877783312243,0.9843604446520132,0.1354968838804894
wh-meta-social-circle-ga-2,2025-09-17,0,33.82914522373764,0.499824274829058,0.9779953902143156,0.1936472363884104
wh-meta-social-circle-ga-2,2025-09-17,1,31.385714464545412,0.6602483811501351,0.977755240906468,0.149180569649151
wh-meta-social-circle-ga-2,2025-09-17,2,30.425828248026384,0.712208562885137,0.9817781085706208,0.1293433033358374
wh-meta-social-circle-ga-2,2025-09-17,3,31.1662010516071,0.7028979081542633,0.9823126398727008,0.1257508424769041
wh-meta-social-circle-ga-2,2025-09-17,4,29.861196199932607,0.7356404924631755,0.9841681945878484,0.1152804480006006
wh-meta-social-circle-ga-2,2025-10-03,0,28.05627584348092,0.4622123868424168,0.976898516563152,0.1983116682539968
wh-meta-social-circle-ga-2,2025-10-03,1,26.764711015351377,0.6184870624876098,0.9766917469486291,0.1471810913854525
wh-meta-social-circle-ga-2,2025-10-03,2,26.076311595116135,0.6742764943774875,0.98051358876254,0.1252615996940693
wh-meta-social-circle-ga-2,2025-10-03,3,27.015385739199875,0.6585348788730191,0.9807749277750232,0.1213937955919198
wh-meta-social-circle-ga-2,2025-10-03,4,25.39547067303931,0.7011038061920275,0.9828809738068994,0.1102649475591921
wh-meta-social-circle-ga-2,2025-11-04,0,21.1614475828904,0.4372339961685775,0.9771020913506318,0.1909782431517921
wh-meta-social-circle-ga-2,2025-11-04,1,20.326734222868055,0.5798653433266229,0.9767483703051896,0.1392184917669251
wh-meta-social-circle-ga-2,2025-11-04,2,19.794887225273506,0.625401787527995,0.9805620077461148,0.1188137248842023
wh-meta-social-circle-ga-2,2025-11-04,3,20.273405473881148,0.6186392611455314,0.980927086374646,0.1131960483694189
wh-meta-social-circle-ga-2,2025-11-04,4,19.35781403960073,0.6483190902562539,0.982918829815446,0.1033939643518606
wh-meta-social-circle-ga-2,2025-12-22,0,14.375260796083944,0.295192379338609,0.9749481421639048,0.212822812282254
wh-meta-social-circle-ga-2,2025-12-22,1,13.54637171106544,0.4446663356601671,0.9750740023980912,0.1313404738498237
wh-meta-social-circle-ga-2,2025-12-22,2,13.1535040529936,0.4917502080917375,0.9786773273536542,0.1138063656009235
wh-meta-social-circle-ga-2,2025-12-22,3,13.299684710120452,0.4881845349560266,0.9789440224031184,0.112487645007152
wh-meta-social-circle-ga-2,2025-12-22,4,12.520957327298962,0.5067073480079184,0.9807442963738427,0.1004601307137119
wh-meta-social-circle-ga-2,2026-01-07,4,14.37814170753352,0.4452209133353258,0.9785658287615796,0.0745897080475653
wh-meta-social-circle-ga-2,2026-02-08,0,13.443171549310822,0.3076655541079818,0.9748657092100304,0.1907627967069632
wh-meta-social-circle-ga-2,2026-02-08,1,12.658591788076947,0.4291617186856103,0.9745507327985063,0.1322468317610033
wh-meta-social-circle-ga-2,2026-02-08,2,12.11743809585301,0.468599986889232,0.9779585810765038,0.1169434648998763
wh-meta-social-circle-ga-2,2026-02-08,3,12.61184135722004,0.4797853551394856,0.9785000983008486,0.1155686532541472
wh-meta-social-circle-ga-2,2026-02-08,4,11.633930009129564,0.4902427811723698,0.980222656850246,0.1020228617103211
wh-meta-social-circle-ga-2,2026-02-24,0,12.46774391021196,0.3136912095724313,0.9756329150329154,0.2084110231627305
wh-meta-social-circle-ga-2,2026-02-24,1,11.58916893653835,0.4446847848332753,0.9754464362684132,0.1449151775275489
wh-meta-social-circle-ga-2,2026-02-24,2,10.925688161640077,0.4783861467191309,0.9789623492883452,0.1260669947091713
wh-meta-social-circle-ga-2,2026-02-24,3,11.441375585364725,0.4962748813329498,0.9797253629235704,0.1251565349360087
wh-meta-social-circle-ga-2,2026-02-24,4,10.077848349408791,0.4964432771546611,0.9811763279276124,0.1101313442566721
wh-meta-social-circle-ga-2,2026-03-12,0,18.11397396640987,0.3650179231168284,0.9753178243888984,0.1881481579352714
wh-meta-social-circle-ga-2,2026-03-12,1,16.81409449417268,0.5172979272859578,0.9760990304207852,0.1459919730640322
wh-meta-social-circle-ga-2,2026-03-12,2,16.73178264948235,0.5330844584095257,0.9785651946758276,0.126876129972264
wh-meta-social-circle-ga-2,2026-03-12,3,17.211033165937145,0.5594226875239693,0.979307780154088,0.1244836048592491
wh-meta-social-circle-ga-2,2026-03-12,4,16.733285532824144,0.5337198987061954,0.9807246939014324,0.1097534760149513
wh-meta-social-circle-ga-2,2026-03-28,0,25.120851096666357,0.3948155100758327,0.9767633139025068,0.2164395770342167
wh-meta-social-circle-ga-2,2026-03-28,1,23.114503035610113,0.5899266260552444,0.9772333850792918,0.1589603605519199
wh-meta-social-circle-ga-2,2026-03-28,2,23.16677833485428,0.5796264799229918,0.9803365779935012,0.1383894216132246
wh-meta-social-circle-ga-2,2026-03-28,3,23.554098001006388,0.6030678099523469,0.9812917090840346,0.1373433570254401
wh-meta-social-circle-ga-2,2026-03-28,4,22.89284651203021,0.5802358008988249,0.982485452660512,0.1241065481001469
wh-meta-social-circle-ga-2,2026-04-13,1,6.182789184804207,0.6584346543318813,0.9737244699426292,0.2233562157944625
wh-meta-social-circle-ga-2,2026-04-13,2,11.668841348561786,0.5671705634896039,0.978491521415214,0.2040978464580435
wh-meta-social-circle-ga-2,2026-04-13,3,11.055172777245698,0.6588658670568207,0.981020486211622,0.1873577543392143
wh-meta-social-circle-ga-2,2026-04-13,4,11.210271663894986,0.5727568787072277,0.9809341219032458,0.1775252016977318
wh-meta-social-circle-ga-2,2026-04-29,0,30.01900148768723,0.5025178751633455,0.9786609558512842,0.2289458678355962
wh-meta-social-circle-ga-2,2026-04-29,1,27.843345164115068,0.6854025901943002,0.9787233756438588,0.1755290621791058
wh-meta-social-circle-ga-2,2026-04-29,2,27.275532600661883,0.7017305530047949,0.9823610580690874,0.1547189390159343
wh-meta-social-circle-ga-2,2026-04-29,3,27.164507126354437,0.7009642193457976,0.9829693675293424,0.1503559311032829
wh-meta-social-circle-ga-2,2026-04-29,4,25.35460771754028,0.724774719702785,0.984693402245305,0.142759911534337
wh-meta-social-circle-ga-2,2026-05-15,0,31.97834473681297,0.4855060897386619,0.9775487153391468,0.2347860633744779
wh-meta-social-circle-ga-2,2026-05-15,1,29.31048338882533,0.6572677050311144,0.9774804213988978,0.1774562374347738
wh-meta-social-circle-ga-2,2026-05-15,2,28.68113170331933,0.6946573854127348,0.981130486942618,0.1590590270933345
wh-meta-social-circle-ga-2,2026-05-15,3,29.816462646862373,0.6887174975384183,0.9816015700051676,0.1527778043261674
wh-meta-social-circle-ga-2,2026-05-15,4,27.578401984130092,0.725124457651284,0.9835714245480884,0.1464934178949178
wh-meta-social-circle-ga-2,2026-07-02,0,43.05100554850664,0.532101560322493,0.9780447820733588,0.2418702375934132
wh-meta-social-circle-ga-2,2026-07-02,1,39.98334247407848,0.680609196482217,0.9772583704305866,0.1891534597499281
wh-meta-social-circle-ga-2,2026-07-02,2,38.09128083158533,0.7298516870972167,0.98076620484958,0.1701120742278281
wh-meta-social-circle-ga-2,2026-07-02,3,38.01964411902005,0.7414561925853735,0.9825199689210452,0.1654381033963533
wh-meta-social-circle-ga-2,2026-07-02,4,35.978214585661334,0.7812703190357386,0.9842113419637896,0.1532685066775111
wh-meta-social-circle-ga-2,2026-07-18,0,37.309086240969826,0.5245254412288362,0.9780054798566092,0.228704633475324
wh-meta-social-circle-ga-2,2026-07-18,1,33.816751400406346,0.6651033337912242,0.9775015416265808,0.182607852836758
wh-meta-social-circle-ga-2,2026-07-18,2,31.664132390281864,0.716468675925203,0.9810917532923548,0.1598317681190165
wh-meta-social-circle-ga-2,2026-07-18,3,32.277931395074724,0.745719638546088,0.9824918531086148,0.1506957902257563
wh-meta-social-circle-ga-2,2026-07-18,4,31.73096491128664,0.7606055904313516,0.9839608464518022,0.1418237998757387
wh-meta-social-circle-ga-2,2026-08-03,0,34.52975283755609,0.6646793152922853,0.9773532855004938,0.1758189176817613
wh-meta-social-circle-ga-2,2026-08-03,1,34.19151214362147,0.7042572164392962,0.975526217442538,0.1955147853484106
wh-meta-social-circle-ga-2,2026-08-03,2,30.96228676140197,0.7676902309786714,0.98199324127916,0.1633101981242385
wh-meta-social-circle-ga-2,2026-08-03,3,31.938458216168847,0.7656576823322383,0.9828512286391788,0.1651150730506987
wh-meta-social-circle-ga-2,2026-08-03,4,32.111210978714396,0.7374235623071832,0.9837518858490086,0.1537494897649589
wh-meta-social-circle-ga-2,2026-08-19,0,37.25011004107051,0.511324493978,0.9783711618059304,0.2200543587026173
wh-meta-social-circle-ga-2,2026-08-19,1,34.090250938849834,0.703280454120395,0.97849268943186,0.1668550271086643
wh-meta-social-circle-ga-2,2026-08-19,2,33.39558514059509,0.7260077311902463,0.9822308360800828,0.1469076582178193
wh-meta-social-circle-ga-2,2026-08-19,3,34.15414949018989,0.7211600968895712,0.9828490437264836,0.1426930519674649
wh-meta-social-circle-ga-2,2026-08-19,4,33.26413075287737,0.736932171113218,0.9844785945773724,0.1339229583139198
wh-meta-social-circle-ga-2,2026-09-04,0,41.53893126754032,0.4967559527786834,0.9773206236341226,0.2186789827582386
wh-meta-social-circle-ga-2,2026-09-04,1,38.91448287263976,0.6576380353694334,0.9770352991867542,0.1640284199894303
wh-meta-social-circle-ga-2,2026-09-04,2,37.75615801043363,0.7007240156016392,0.980938120712492,0.133513047100811
wh-meta-social-circle-ga-2,2026-09-04,3,39.16355355693485,0.6562705806769186,0.9805958939802684,0.1422593522715001
wh-meta-social-circle-ga-2,2026-09-04,4,37.38171051052065,0.7036923995351307,0.9829765105359268,0.1319881753722455
wh-meta-social-circle-ga-2,2026-09-20,2,21.2434423426677,0.81305429499301,0.984258327053504,0.0963125331932931
wh-meta-social-circle-ga-2,2026-09-20,3,20.54122869788219,0.7473763985724284,0.984539352655794,0.1133735477875543
wh-meta-social-circle-ga-2,2026-09-20,4,24.71748864346661,0.6654980129296946,0.9815420606398184,0.1000369366076353
wh-meta-social-circle-ga-2,2022-01-12,0,10.37936100801284,0.5426270980687229,0.9790051591216096,0.1224417619482423
wh-meta-social-circle-ga-2,2022-01-12,1,10.396467316646232,0.5088839939188561,0.975577933553612,0.1303691922175882
wh-meta-social-circle-ga-2,2022-01-12,2,10.029024153759153,0.5432908185475587,0.9793874897886844,0.1126611145607038
wh-meta-social-circle-ga-2,2022-01-12,3,10.49682412442655,0.5388208438207998,0.9797023589888528,0.1104125935617768
wh-meta-social-circle-ga-2,2022-01-12,4,9.87227710420469,0.5678856429916268,0.9818145684983262,0.0987676814194677
wh-meta-social-circle-ga-2,2022-02-13,0,11.971107619064169,0.4836473108537009,0.9780493861528456,0.1309479578633956
wh-meta-social-circle-ga-2,2022-02-13,1,12.21903043234731,0.4725991744075042,0.9754220700815334,0.1413148777040009
wh-meta-social-circle-ga-2,2022-02-13,2,12.023140543820038,0.5042596399990464,0.9790881913656004,0.125777426115307
wh-meta-social-circle-ga-2,2022-02-13,3,12.400022892340768,0.5067985353747282,0.9795716003195344,0.1243515221009835
wh-meta-social-circle-ga-2,2022-02-13,4,11.64536336726242,0.5338322526322592,0.9816944181135676,0.1110956427006832
wh-meta-social-circle-ga-2,2022-03-01,0,20.490656205435275,0.5023200013862369,0.9782862247982744,0.1287224897131948
wh-meta-social-circle-ga-2,2022-03-01,1,20.84948992582324,0.4920428151550604,0.9755603683947316,0.1410430960563428
wh-meta-social-circle-ga-2,2022-03-01,2,20.387279070497133,0.5205096221178616,0.9792416432970172,0.1258697657208963
wh-meta-social-circle-ga-2,2022-03-01,3,20.797169803545216,0.527970855112408,0.9798125062444886,0.1241096351775898
wh-meta-social-circle-ga-2,2022-03-01,4,19.878297499568156,0.5505709599677976,0.9818879496745077,0.1112279963143461
wh-meta-social-circle-ga-2,2022-05-04,0,31.764635364589353,0.7390709434325808,0.9821086375552626,0.1504631891917767
wh-meta-social-circle-ga-2,2022-05-04,1,32.619546750786085,0.6842995249445512,0.978160291362566,0.1720105152110551
wh-meta-social-circle-ga-2,2022-05-04,2,31.907163541200315,0.727957873582369,0.9822959745961556,0.1564560364115969
wh-meta-social-circle-ga-2,2022-05-04,3,32.36545356941187,0.7359481974738018,0.9832013372625178,0.1516576691300345
wh-meta-social-circle-ga-2,2022-05-04,4,30.880758364905542,0.7748859309946708,0.9852821638170258,0.1462961072689798
wh-meta-social-circle-ga-2,2022-05-20,0,35.34714182919341,0.7034138668181746,0.9819818202883296,0.1715008525759889
wh-meta-social-circle-ga-2,2022-05-20,1,36.273017054824365,0.6514767595235964,0.9780166534397954,0.1863970364716587
wh-meta-social-circle-ga-2,2022-05-20,2,35.07186200573863,0.676558898272869,0.9816083461354046,0.1714661723445898
wh-meta-social-circle-ga-2,2022-05-20,3,35.00990402429088,0.6807711489142032,0.9827103823804552,0.1655227389016412
wh-meta-social-circle-ga-2,2022-05-20,4,32.372374220433485,0.7339107717079293,0.9845969185213456,0.1578194979825236
wh-meta-social-circle-ga-2,2022-06-05,0,31.03106426265354,0.7134614291795442,0.9813074099147204,0.1649279456424097
wh-meta-social-circle-ga-2,2022-06-05,1,31.961160893514776,0.6714031869514372,0.977605414848617,0.178777455006804
wh-meta-social-circle-ga-2,2022-06-05,2,31.05216874765057,0.7239896351560466,0.9817628677424306,0.1643550411524086
wh-meta-social-circle-ga-2,2022-06-05,3,31.33698783399405,0.7143043910083987,0.9822310600062316,0.1581844383063442
wh-meta-social-circle-ga-2,2022-06-05,4,29.259173919853747,0.7686361031962051,0.9843858510209104,0.1522030763575033
wh-meta-social-circle-ga-2,2022-06-21,0,34.62545364118903,0.6592790931349549,0.9814045039232716,0.1673789618093498
wh-meta-social-circle-ga-2,2022-06-21,1,34.96805156342063,0.6358439052798786,0.9778575582672135,0.1776123319462134
wh-meta-social-circle-ga-2,2022-06-21,2,34.04467399093511,0.6951347239934398,0.9821669764002728,0.1627939565084901
wh-meta-social-circle-ga-2,2022-06-21,3,34.92617426194813,0.6847523345443853,0.9827005503084584,0.1580636743425469
wh-meta-social-circle-ga-2,2022-06-21,4,33.15457108420273,0.737573959456143,0.9848530965815168,0.1504342417113409
wh-meta-social-circle-ga-2,2022-07-07,0,34.30973417428706,0.6758951162404225,0.9813486124512176,0.1876104323071331
wh-meta-social-circle-ga-2,2022-07-07,1,35.32501650266656,0.6962201092195897,0.9799748914030908,0.1804575602278254
wh-meta-social-circle-ga-2,2022-07-07,2,35.386240716381266,0.7288831624918096,0.9827181321568094,0.1707450173560517
wh-meta-social-circle-ga-2,2022-07-07,3,35.49886578950896,0.713727986950811,0.9822673996539504,0.1606011762044147
wh-meta-social-circle-ga-2,2022-07-07,4,34.0112241469828,0.7665944185655835,0.9845164842843606,0.1515470546868131
wh-meta-social-circle-ga-2,2022-07-23,0,33.279093704295036,0.7557962219084707,0.982041770673842,0.1554648528166899
wh-meta-social-circle-ga-2,2022-07-23,1,33.81667327072124,0.7291845033752431,0.9783003169881732,0.1703150837249705
wh-meta-social-circle-ga-2,2022-07-23,2,32.93834995180472,0.7672894639877832,0.9824243145236672,0.1526994808041629
wh-meta-social-circle-ga-2,2022-07-23,3,33.33806445122401,0.7725094982278479,0.983253686078286,0.1478499851358262
wh-meta-social-circle-ga-2,2022-07-23,4,32.03822011004087,0.806862563829591,0.9852580527353924,0.1377643261535046
wh-meta-social-circle-ga-2,2022-08-08,1,26.819158172000023,0.8872007009089963,0.98535,0.0504383699999999
wh-meta-social-circle-ga-2,2022-08-08,2,28.318781611688607,0.7663020981101584,0.9843816743407288,0.1244513224945815
wh-meta-social-circle-ga-2,2022-08-08,3,29.77898411932494,0.708402867202751,0.9812905536835314,0.1537271939277877
wh-meta-social-circle-ga-2,2022-08-08,4,29.28438296897927,0.7743785367916427,0.984658474907576,0.1529374279808106
wh-meta-social-circle-ga-2,2022-10-11,0,24.48443809967816,0.6795983830878873,0.9807510749725648,0.1239168225753118
wh-meta-social-circle-ga-2,2022-10-11,1,24.783268789140447,0.6399939853329365,0.9766915144182952,0.1341645368073611
wh-meta-social-circle-ga-2,2022-10-11,2,24.528267141005408,0.6631170302079178,0.9810262729638318,0.1371971671135257
wh-meta-social-circle-ga-2,2022-10-11,3,26.048789581005497,0.6400782283278292,0.9810121686676349,0.1426681275744701
wh-meta-social-circle-ga-2,2022-10-11,4,25.016685941277437,0.6814891840408854,0.9832932797887002,0.1326035953304276
wh-meta-social-circle-ga-2,2022-10-27,0,22.283927772659375,0.6460495092168506,0.9792255587083696,0.1333225850586476
wh-meta-social-circle-ga-2,2022-10-27,1,22.565311650868004,0.5913560053184667,0.9760231919367888,0.1461274703480677
wh-meta-social-circle-ga-2,2022-10-27,2,22.03156330964406,0.6330703036836149,0.9798745978145592,0.1285366683733996
wh-meta-social-circle-ga-2,2022-10-27,3,22.466659245932483,0.6235040150997263,0.9802320823058688,0.1249761385889649
wh-meta-social-circle-ga-2,2022-10-27,4,21.447084093534265,0.6586522827117003,0.9823258101698672,0.1139767042580347
wh-meta-social-circle-ga-2,2022-11-12,3,21.44441083654523,0.6003772722027029,0.9811301656668536,0.1072550762234419
wh-meta-social-circle-ga-2,2022-11-12,4,21.766658179555233,0.6045500474620172,0.9815804976258632,0.128874868642991
wh-meta-social-circle-ga-2,2022-11-28,0,17.622445132400127,0.5648239587057127,0.9779445978361708,0.118721268164834
wh-meta-social-circle-ga-2,2022-11-28,1,17.705089602736287,0.5104149584900047,0.9749821411530494,0.1320137623640528
wh-meta-social-circle-ga-2,2022-11-28,2,17.313421181960717,0.5592698068738101,0.9787766575369088,0.1129012154075833
wh-meta-social-circle-ga-2,2022-11-28,3,17.738134312356287,0.5454481916526194,0.9789866193470202,0.1089885366055659
wh-meta-social-circle-ga-2,2022-11-28,4,17.140691069238734,0.5682503402644006,0.9809647992814448,0.1010232699194638
wh-meta-social-circle-ga-2,2022-12-30,0,15.826970836850675,0.524743684689489,0.9769093305207976,0.1044220653784636
wh-meta-social-circle-ga-2,2022-12-30,1,15.763956577905253,0.451246687432306,0.9756362346362908,0.1454551285782137
wh-meta-social-circle-ga-2,2022-12-30,2,15.373770580103104,0.5109961370404575,0.9788233298847834,0.1183064248562654
wh-meta-social-circle-ga-2,2022-12-30,3,15.427055501378607,0.5037015167510478,0.9793520854539224,0.1128269299213251
wh-meta-social-circle-ga-2,2022-12-30,4,14.963430421088551,0.5241631161603003,0.9804027077584152,0.1062245354071216
wh-meta-social-circle-ga-2,2023-01-15,0,9.740607046884538,0.4560424221429172,0.9782521008018324,0.120931445795017
wh-meta-social-circle-ga-2,2023-01-15,1,10.013812787098876,0.4304717334588858,0.9749472343983612,0.1311223633749627
wh-meta-social-circle-ga-2,2023-01-15,2,9.792837027503586,0.480859852206518,0.9787169713492336,0.1134036641368909
wh-meta-social-circle-ga-2,2023-01-15,3,10.39448040553566,0.4737028793660192,0.9789540387834524,0.1098269344540966
wh-meta-social-circle-ga-2,2023-01-15,4,9.6930003909561,0.5025369507441783,0.981124437998846,0.0996042223995619
wh-meta-social-circle-ga-2,2023-03-04,0,22.622757251007304,0.561961214091594,0.9798734226941568,0.1222983286279343
wh-meta-social-circle-ga-2,2023-03-04,1,22.54130968516875,0.5508880155842947,0.976898618808268,0.1450995214521145
wh-meta-social-circle-ga-2,2023-03-04,2,22.693987130550894,0.5457842351244282,0.9796705309363416,0.1226091450922508
wh-meta-social-circle-ga-2,2023-03-04,3,23.086741082335557,0.5497621728491332,0.980235944110308,0.1199316638959973
wh-meta-social-circle-ga-2,2023-03-04,4,22.358296235375757,0.5408942895525309,0.9818309418235106,0.1095165078026834
wh-meta-social-circle-ga-2,2023-03-20,0,15.040207914151754,0.5748229149992691,0.9785532039692694,0.1325639747347292
wh-meta-social-circle-ga-2,2023-03-20,1,14.817059834918792,0.5751946090755807,0.975960249244896,0.1536830292992356
wh-meta-social-circle-ga-2,2023-03-20,2,15.089636224453065,0.5526629054927802,0.9789689327129294,0.1321450372269796
wh-meta-social-circle-ga-2,2023-03-20,3,15.581423532810826,0.5612346137552926,0.9795507953799322,0.1295503645947172
wh-meta-social-circle-ga-2,2023-03-20,4,14.80770130191743,0.5481683913750474,0.9811035379880174,0.1185103913642461
wh-meta-social-circle-ga-2,2023-04-05,0,27.90624236402651,0.6551819023857409,0.9805013684373188,0.163040184605114
wh-meta-social-circle-ga-2,2023-04-05,1,26.707770804777905,0.6445702724895701,0.9771016258336668,0.1745466970272753
wh-meta-social-circle-ga-2,2023-04-05,2,25.28279209933648,0.635809531425382,0.9805345328232052,0.1566621184817692
wh-meta-social-circle-ga-2,2023-04-05,3,26.78038646510397,0.6381414241399052,0.9804440972711256,0.1551884824961889
wh-meta-social-circle-ga-2,2023-04-05,4,25.303080981731913,0.6287113469660426,0.9821071915250612,0.1419215267621173
wh-meta-social-circle-ga-2,2023-04-21,0,17.2074618521889,0.6802861550076338,0.9814543351340568,0.1644585121079224
wh-meta-social-circle-ga-2,2023-04-21,1,17.41288406621122,0.6694023452843169,0.9779957578410294,0.1801448258810165
wh-meta-social-circle-ga-2,2023-04-21,2,17.740871002771932,0.6782107350248435,0.9816730872872778,0.1611614705860243
wh-meta-social-circle-ga-2,2023-04-21,3,17.459191619486834,0.6859431599742638,0.982399763246168,0.1578905775279112
wh-meta-social-circle-ga-2,2023-04-21,4,16.231631359647952,0.6927254761829496,0.9838390299451616,0.1521159823970091
wh-meta-social-circle-ga-2,2023-05-07,3,26.63115519314865,0.7083907645583893,0.9778795145274004,0.1807539838673761
wh-meta-social-circle-ga-2,2023-05-07,4,26.787888310131628,0.7411200730211214,0.983613480566785,0.1669730842088146
wh-meta-social-circle-ga-2,2023-06-08,1,25.882425786037757,0.5321351287144621,0.983817610062893,0.202285958490566
wh-meta-social-circle-ga-2,2023-06-08,2,29.082321992754853,0.8161161343228774,0.985350109240944,0.1673401503248055
wh-meta-social-circle-ga-2,2023-06-08,3,32.800619341902056,0.7224470340767252,0.9819254823812588,0.1637031817977981
wh-meta-social-circle-ga-2,2023-06-08,4,32.189570197852575,0.7463217758356607,0.984211047498359,0.1699499315497313
wh-meta-social-circle-ga-2,2023-06-24,0,26.021943347017665,0.741374241258049,0.9815996935092952,0.1791671701613813
wh-meta-social-circle-ga-2,2023-06-24,1,26.926909341005658,0.7115450115578753,0.9775531693170544,0.1740763468728746
wh-meta-social-circle-ga-2,2023-06-24,2,24.856394844004193,0.7577704158681088,0.981770135626848,0.1680046304393593
wh-meta-social-circle-ga-2,2023-06-24,3,25.32439015168363,0.7142258505898418,0.979957242162568,0.1799796829348138
wh-meta-social-circle-ga-2,2023-06-24,4,25.396043244695043,0.6376744256496744,0.9820514359697228,0.1746698289501109
wh-meta-social-circle-ga-2,2023-07-10,2,24.79821727278478,0.8735679697834028,0.9845939872993764,0.1602848441972348
wh-meta-social-circle-ga-2,2023-07-10,3,26.694858274000236,0.8347181937200937,0.984669337622141,0.1722439081054722
wh-meta-social-circle-ga-2,2023-07-10,4,24.73509043129536,0.878730383997468,0.984696494150163,0.1321551527933584
wh-meta-social-circle-ga-2,2023-07-26,0,35.57309423141441,0.7329399745918499,0.9819304960994476,0.1513134343900642
wh-meta-social-circle-ga-2,2023-07-26,1,36.67413969383768,0.6958803439317666,0.9781425856117972,0.1697335189789739
wh-meta-social-circle-ga-2,2023-07-26,2,35.826567459471235,0.7493788561388667,0.9824722626946828,0.1523403106779222
wh-meta-social-circle-ga-2,2023-07-26,3,36.24270154047488,0.74610473692118,0.983225572991937,0.1489875442380446
wh-meta-social-circle-ga-2,2023-07-26,4,34.85300335875323,0.7608929536582716,0.9849278488469416,0.1411985286834381
wh-meta-social-circle-ga-2,2023-08-27,0,38.277039293671656,0.7174530286327787,0.9812163318900315,0.1405789778996418
wh-meta-social-circle-ga-2,2023-08-27,1,39.135368194661595,0.6928244597329374,0.9777235022573874,0.1584422838468931
wh-meta-social-circle-ga-2,2023-08-27,2,38.61710931262988,0.7316725422975208,0.981824256050946,0.1406949697882136
wh-meta-social-circle-ga-2,2023-08-27,3,38.81039395088019,0.7405574303592422,0.982677918428671,0.1372286937035943
wh-meta-social-circle-ga-2,2023-08-27,4,37.31693125694763,0.7527307342053661,0.984396026036048,0.1304766181256192
wh-meta-social-circle-ga-2,2023-09-12,0,34.25923021542024,0.7349830799313393,0.9817529089446954,0.1367741801764447
wh-meta-social-circle-ga-2,2023-09-12,1,34.781738695674505,0.707525149443643,0.9781295332110626,0.1567247884949877
wh-meta-social-circle-ga-2,2023-09-12,2,34.2690361801808,0.7414421333472014,0.9822113492890996,0.1382491180575025
wh-meta-social-circle-ga-2,2023-09-12,3,34.71888342925916,0.7449040159602681,0.9830365146065512,0.1337598447031183
wh-meta-social-circle-ga-2,2023-09-12,4,33.75709860593132,0.7471249284569786,0.984566358151682,0.1247659550534648
wh-meta-social-circle-ga-2,2023-10-14,0,23.47003867292198,0.4892721363733145,0.974945526040808,0.2009209099364791
wh-meta-social-circle-ga-2,2023-10-14,1,24.92410691883537,0.417854630551562,0.9728467929494052,0.2294364168743274
wh-meta-social-circle-ga-2,2023-10-14,2,22.758923114375307,0.6122386013197997,0.9790189711008233,0.1309780949083104
wh-meta-social-circle-ga-2,2023-10-14,3,22.565638788667,0.638237523614185,0.9809610556917464,0.1231650174099485
wh-meta-social-circle-ga-2,2023-10-14,4,21.740267682965403,0.7099344976797999,0.983459622629228,0.1040683699444326
wh-meta-social-circle-ga-2,2023-10-30,0,28.157173415772505,0.6542589875142675,0.9795749610813076,0.1233914369874171
wh-meta-social-circle-ga-2,2023-10-30,1,28.650112925771264,0.5972964852390038,0.9762437044052787,0.1379771942009917
wh-meta-social-circle-ga-2,2023-10-30,2,28.463059166376425,0.6444895380782492,0.9802002532494212,0.1217350500975111
wh-meta-social-circle-ga-2,2023-10-30,3,28.87841528199775,0.6348518191353176,0.9805418758558944,0.1183522119422036
wh-meta-social-circle-ga-2,2023-10-30,4,27.81194180648236,0.6527668184580826,0.9824404487128132,0.1102859189872712
wh-meta-social-circle-ga-2,2024-01-02,0,11.418249560210215,0.4283481217200958,0.9770750709623708,0.1271518582517385
wh-meta-social-circle-ga-2,2024-01-02,1,10.30369715726117,0.4627498378683533,0.975021376269596,0.12534700650034
wh-meta-social-circle-ga-2,2024-01-02,2,10.067434891379133,0.5150699171746034,0.9788251097743133,0.1083319876693285
wh-meta-social-circle-ga-2,2024-01-02,3,10.514528610976438,0.5038441860458397,0.97910634796258,0.1070185280154191
wh-meta-social-circle-ga-2,2024-01-02,4,9.689248562230985,0.523755494729157,0.9810878461126288,0.0961494086791256
wh-meta-social-circle-ga-2,2024-01-18,0,7.443448553889256,0.3750761649725399,0.9769881023341076,0.1183750468332891
wh-meta-social-circle-ga-2,2024-01-18,1,7.478479688083859,0.4448881581708352,0.9749723209481784,0.1287206831127422
wh-meta-social-circle-ga-2,2024-01-18,2,7.217231033617957,0.4919431273945704,0.9787886643658064,0.1130356868273974
wh-meta-social-circle-ga-2,2024-01-18,3,7.602018195054263,0.4842665424617726,0.979133797236786,0.11153309588744
wh-meta-social-circle-ga-2,2024-01-18,4,6.798085733329502,0.4980267809133881,0.9811482163604704,0.0997075665652976
wh-meta-social-circle-ga-2,2024-02-03,0,15.657347732513353,0.3496622417478856,0.9771015119651498,0.1265798092340945
wh-meta-social-circle-ga-2,2024-02-03,1,15.295922812157134,0.4332229942468235,0.9749001468408642,0.1326608619538631
wh-meta-social-circle-ga-2,2024-02-03,2,15.15497323477857,0.4776206870080386,0.978605612890932,0.1174729682867637
wh-meta-social-circle-ga-2,2024-02-03,3,15.44925652028946,0.4759172292190237,0.979229446446314,0.116365323391699
wh-meta-social-circle-ga-2,2024-02-03,4,14.680383064929543,0.4872422758972944,0.9809899823748088,0.1042950104997699
wh-meta-social-circle-ga-2,2024-02-19,0,12.939967941047763,0.4062003216016053,0.9788503561746724,0.1040925535447007
wh-meta-social-circle-ga-2,2024-02-19,1,13.433184342023306,0.4694343908247566,0.9765901616761355,0.1125320928012872
wh-meta-social-circle-ga-2,2024-02-19,2,13.470251039393458,0.4891383072610207,0.9787451599615112,0.1042863261420942
wh-meta-social-circle-ga-2,2024-02-19,3,13.298756790525436,0.4760884715497653,0.978734908747934,0.1164308401023635
wh-meta-social-circle-ga-2,2024-02-19,4,12.753279399596638,0.4790259396177143,0.9806940205443234,0.1122685026471824
wh-meta-social-circle-ga-2,2024-04-07,0,23.25961371967379,0.4344026540456231,0.9776798534282612,0.1643810724320299
wh-meta-social-circle-ga-2,2024-04-07,1,21.35433039948449,0.6367759546414834,0.9776184652804818,0.1625638743040344
wh-meta-social-circle-ga-2,2024-04-07,2,21.262773867316103,0.6351335205191218,0.9810697466249596,0.146805520466624
wh-meta-social-circle-ga-2,2024-04-07,3,21.42979857195636,0.6538155707190029,0.9820448884032617,0.1453004273204286
wh-meta-social-circle-ga-2,2024-04-07,4,20.071193342821783,0.6428315527340315,0.983402237493762,0.131291012232631
wh-meta-social-circle-ga-2,2024-04-23,0,24.873630710755283,0.4897682897861865,0.9783959331567464,0.1564218545098184
wh-meta-social-circle-ga-2,2024-04-23,1,24.233121236243907,0.7074793147031918,0.9783163215771592,0.1714087140481568
wh-meta-social-circle-ga-2,2024-04-23,2,24.11438318576012,0.7220872491382427,0.9821460214733144,0.1528076313337842
wh-meta-social-circle-ga-2,2024-04-23,3,24.448101943849476,0.7390702070800297,0.9831241565564964,0.1488167356778858
wh-meta-social-circle-ga-2,2024-04-23,4,23.19411888409731,0.7440122363933466,0.9848092410497372,0.139468819042571
wh-meta-social-circle-ga-2,2024-06-26,1,32.20982174106963,0.7841203321376443,0.9853538153518998,0.1615957820659797
wh-meta-social-circle-ga-2,2024-06-26,2,38.59233493740354,0.6115111896693503,0.9788479351586028,0.1716274112220149
wh-meta-social-circle-ga-2,2024-06-26,3,36.23620107746703,0.6550183064315609,0.9806056095094954,0.1733382122344809
wh-meta-social-circle-ga-2,2024-06-26,4,35.65049682709893,0.7272949079363665,0.9837188666464172,0.1649889936025423
wh-meta-social-circle-ga-2,2024-07-12,0,39.02143398842923,0.477090936842218,0.977602279449516,0.1891812389607763
wh-meta-social-circle-ga-2,2024-07-12,1,37.75395751884509,0.6600093526810464,0.9772961894780544,0.1829135448711709
wh-meta-social-circle-ga-2,2024-07-12,2,36.53785480227199,0.6973021934538517,0.9807147996436658,0.1690059847751214
wh-meta-social-circle-ga-2,2024-07-12,3,36.67438558185822,0.7084651959596149,0.981881068361288,0.1578611415892429
wh-meta-social-circle-ga-2,2024-07-12,4,34.777497002998764,0.7360328833326945,0.983790263183427,0.1518898769909686
wh-meta-social-circle-ga-2,2024-07-28,1,28.691325059897647,0.5709651772445498,0.97881622909081,0.1977803649570181
wh-meta-social-circle-ga-2,2024-07-28,2,28.301833616386865,0.7336620508330844,0.9816598320624068,0.1526093461673371
wh-meta-social-circle-ga-2,2024-07-28,3,27.2660349575172,0.7208033114768794,0.9820863183698476,0.1536022835539487
wh-meta-social-circle-ga-2,2024-07-28,4,27.33354212019384,0.7929608752415517,0.982835958508368,0.1448275005901749
wh-meta-social-circle-ga-2,2024-08-13,0,37.00061995644904,0.4884883593233161,0.977596918176986,0.1705607129555945
wh-meta-social-circle-ga-2,2024-08-13,1,34.414054474612854,0.663158733018201,0.9767734142428938,0.1691965860211104
wh-meta-social-circle-ga-2,2024-08-13,2,31.987548758547508,0.7274088283317481,0.9814068469504276,0.1502754246453758
wh-meta-social-circle-ga-2,2024-08-13,3,32.19406871323064,0.7255656632185737,0.9819526968317516,0.1479540272783137
wh-meta-social-circle-ga-2,2024-08-13,4,31.78240698800706,0.7436124663260446,0.9838237131230296,0.1377661026052961
wh-meta-social-circle-ga-2,2024-08-29,0,37.96276281868987,0.4233964109259295,0.9773309301887964,0.2039113697965407
wh-meta-social-circle-ga-2,2024-08-29,1,33.543263725579216,0.7283038863893081,0.9794266531912436,0.1665342296677005
wh-meta-social-circle-ga-2,2024-08-29,2,34.085227870483145,0.720504402147408,0.9815166758374152,0.1434012333278435
wh-meta-social-circle-ga-2,2024-08-29,3,37.560548688386255,0.6925449861193146,0.9810035884964196,0.1657455020988076
wh-meta-social-circle-ga-2,2024-08-29,4,35.52434801973323,0.7591411897546018,0.9835037151256916,0.1418323329179279
wh-meta-social-circle-ga-2,2024-09-30,1,25.25165420000002,0.6491056536492782,0.9789,0.0737896925
wh-meta-social-circle-ga-2,2024-09-30,2,27.63955334572208,0.6890471349794044,0.981671596821668,0.1378645851838838
wh-meta-social-circle-ga-2,2024-09-30,3,30.08255312093657,0.6612718013588961,0.9795938075057784,0.1382284142046228
wh-meta-social-circle-ga-2,2024-09-30,4,28.566747881030956,0.7393530225108372,0.9839787359893152,0.1180198183617826
wh-meta-social-circle-ga-2,2024-10-16,0,19.986348529118228,0.4442399546682116,0.9771175336328984,0.1988277912440536
wh-meta-social-circle-ga-2,2024-10-16,1,19.51722189278295,0.6446413163225145,0.9770169212541412,0.1469594401442451
wh-meta-social-circle-ga-2,2024-10-16,2,18.863929298437057,0.6935491837131975,0.9810641208065188,0.1306839634513668
wh-meta-social-circle-ga-2,2024-10-16,3,19.5425664358005,0.6959855121672599,0.9817079147212232,0.1286729317628625
wh-meta-social-circle-ga-2,2024-10-16,4,18.39143178039599,0.7158966217599231,0.9835990190161192,0.116715738201399
wh-meta-social-circle-ga-2,2024-11-17,0,15.35509706565795,0.4156262613701779,0.9763561547088614,0.1253147077856461
wh-meta-social-circle-ga-2,2024-11-17,1,15.640094868532996,0.5526535065774514,0.9770306636285954,0.1400342438110224
wh-meta-social-circle-ga-2,2024-11-17,2,15.09208830362122,0.5935452214269936,0.9801716200513584,0.1219570242818008
wh-meta-social-circle-ga-2,2024-11-17,3,15.545306851973947,0.5936693275069647,0.9805579405762388,0.1185616934569577
wh-meta-social-circle-ga-2,2024-11-17,4,15.013924499327626,0.6001246089338536,0.9819686192767104,0.1106208017893874
wh-meta-social-circle-ga-2,2024-12-03,0,8.990304458884381,0.3305932847107088,0.9756277898921172,0.2066235642273541
wh-meta-social-circle-ga-2,2024-12-03,1,8.714562592322107,0.5348054125099545,0.9760606523778036,0.1343277127093743
wh-meta-social-circle-ga-2,2024-12-03,2,8.168580186468033,0.57511148617172,0.9802050187217454,0.1180170815141198
wh-meta-social-circle-ga-2,2024-12-03,3,8.613267769971177,0.5747010699712606,0.9805401289876278,0.113248564880749
wh-meta-social-circle-ga-2,2024-12-03,4,7.910454486783571,0.5861462405809864,0.9823397407258704,0.1035373712900654
wh-meta-social-circle-ga-2,2024-12-19,0,13.21400244057172,0.3063632395910267,0.9747648553529078,0.1826003629014023
wh-meta-social-circle-ga-2,2024-12-19,1,13.105185504825249,0.4885002595522418,0.974952202918224,0.129732473363543
wh-meta-social-circle-ga-2,2024-12-19,2,12.839662122146382,0.528515897532813,0.9785864103887432,0.11424547947552
wh-meta-social-circle-ga-2,2024-12-19,3,13.007752159436766,0.5215078663950145,0.9786772105696484,0.1104040107738543
wh-meta-social-circle-ga-2,2024-12-19,4,12.294768491229576,0.5355715222965588,0.9805345956060344,0.0992983419043894
wh-meta-social-circle-ga-2,2025-01-04,0,8.408002604310065,0.2834049728162264,0.9750719996770368,0.2154796955580928
wh-meta-social-circle-ga-2,2025-01-04,1,8.710827284277782,0.4738527171354337,0.9750359389972256,0.1299367296427516
wh-meta-social-circle-ga-2,2025-01-04,2,8.420812153971054,0.5095409798887603,0.9786549892513547,0.1135259835541985
wh-meta-social-circle-ga-2,2025-01-04,3,8.859168439541826,0.5026119947591018,0.9789641777089656,0.1116718202422728
wh-meta-social-circle-ga-2,2025-01-04,4,8.16531164448839,0.5234189814714569,0.9809106587412671,0.099520142129332
wh-meta-social-circle-ga-2,2025-01-20,0,2.055396711351218,0.2793321228199663,0.9745698615746222,0.2043742062423665
wh-meta-social-circle-ga-2,2025-01-20,1,2.228023609241163,0.4623079901508538,0.9746551411175728,0.1316144455022592
wh-meta-social-circle-ga-2,2025-01-20,2,1.8401428134407496,0.4994130780007257,0.978242840574522,0.116466398139206
wh-meta-social-circle-ga-2,2025-01-20,3,2.3074750605679295,0.4921980261356835,0.978514700601894,0.1148458571956384
wh-meta-social-circle-ga-2,2025-01-20,4,1.5911002150615827,0.5149282177890658,0.9805151494237754,0.1020857852156599
wh-meta-social-circle-ga-2,2025-02-05,0,14.279656898691297,0.3755095865062162,0.9786783613772688,0.1223220317084404
wh-meta-social-circle-ga-2,2025-02-05,1,15.378160735406231,0.4261713793698797,0.9749714066708084,0.1387429394478824
wh-meta-social-circle-ga-2,2025-02-05,2,15.517679041200774,0.4443132224116578,0.9780989251778824,0.122175898490159
wh-meta-social-circle-ga-2,2025-02-05,3,16.736483642825412,0.4464494439849823,0.9782152505672764,0.1252582825180885
wh-meta-social-circle-ga-2,2025-02-05,4,16.742256214503666,0.4666753447963118,0.979826375379158,0.1160406062374727
wh-meta-social-circle-ga-2,2025-02-21,0,10.064897312129403,0.300909087873248,0.9747782782136972,0.1954297279239383
wh-meta-social-circle-ga-2,2025-02-21,1,9.611107685873767,0.460856617620348,0.974569168545928,0.1382391143534077
wh-meta-social-circle-ga-2,2025-02-21,2,8.925315593252524,0.4856947945070132,0.9780199807749296,0.122981049099557
wh-meta-social-circle-ga-2,2025-02-21,3,9.628939417296664,0.4905280257168853,0.9784798227321057,0.1215312042077549
wh-meta-social-circle-ga-2,2025-02-21,4,8.415317575300715,0.4986280019857656,0.9804176076863476,0.1081870722187804
wh-meta-social-circle-ga-2,2025-03-25,0,25.860955085136094,0.3264191995013583,0.9752225904941924,0.2175842289447829
wh-meta-social-circle-ga-2,2025-03-25,1,24.953772139196055,0.5001588536840202,0.9752794019611406,0.1563139612806259
wh-meta-social-circle-ga-2,2025-03-25,2,24.504674099780207,0.5179370307136985,0.9786303551150972,0.1419123208560732
wh-meta-social-circle-ga-2,2025-03-25,3,24.922690253292306,0.5372321761042966,0.9793109581808755,0.1393455132959284
wh-meta-social-circle-ga-2,2025-03-25,4,24.100608650660305,0.5202803202483466,0.9808411665102018,0.1278721326038926
wh-meta-social-circle-ga-2,2025-04-10,0,27.367927035943097,0.4319641477742335,0.9776108038728366,0.2187181386673034
wh-meta-social-circle-ga-2,2025-04-10,1,25.918985704576286,0.6266489232414448,0.9775632274030462,0.16428917697519
wh-meta-social-circle-ga-2,2025-04-10,2,25.2888502706617,0.6683292128209855,0.9816286398982824,0.1469679581907247
wh-meta-social-circle-ga-2,2025-04-10,3,25.655333060210225,0.6779377118175091,0.982434103232806,0.1437054777669784
wh-meta-social-circle-ga-2,2025-04-10,4,24.616292622137376,0.68534957111767,0.9841658110905688,0.131769946811976
wh-meta-social-circle-ga-2,2025-04-26,0,27.157727810467975,0.3338197593329637,0.9775707520891362,0.1952040279832868
wh-meta-social-circle-ga-2,2025-04-26,1,27.82236291885335,0.6776042728383912,0.9734567164179097,0.1906820890344406
wh-meta-social-circle-ga-2,2025-04-26,2,26.599453063274485,0.7196642542198038,0.9817059377748074,0.1684856597055232
wh-meta-social-circle-ga-2,2025-04-26,3,27.368636622963752,0.7123869397164022,0.9810662385561914,0.1672480461603705
wh-meta-social-circle-ga-2,2025-04-26,4,25.890246542277097,0.7260174134321801,0.984361982878584,0.1572341167618886
wh-meta-social-circle-ga-2,2025-05-12,0,24.24208358184481,0.5079489382353992,0.9799573073550653,0.2314155882423725
wh-meta-social-circle-ga-2,2025-05-12,1,22.62862710892414,0.8181312551997417,0.9820138250804116,0.1531917600302844
wh-meta-social-circle-ga-2,2025-05-12,2,23.084777777000017,0.7549793426557198,0.9811170585557571,0.1554922011969944
wh-meta-social-circle-ga-2,2025-05-12,3,22.70400350651855,0.7891235458241517,0.9837378013297148,0.1467792928010675
wh-meta-social-circle-ga-2,2025-05-12,4,22.119415381857113,0.8042634768802099,0.9842599774345512,0.1402259922893086
wh-meta-social-circle-ga-2,2025-06-13,1,20.671507400000017,0.7785973637611608,0.9815000000000002,0.10064777375
wh-meta-social-circle-ga-2,2025-06-13,2,22.520235153458948,0.8277092609560726,0.9846617486216328,0.1460418318518591
wh-meta-social-circle-ga-2,2025-06-13,3,23.93607194886301,0.7978474834262774,0.9840933608704416,0.1667886625718586
wh-meta-social-circle-ga-2,2025-06-13,4,23.77612424350312,0.7364189069468757,0.982280181242269,0.1873136103861518
wh-meta-social-circle-ga-2,2025-06-29,0,41.89752659415002,0.5082088321772178,0.97752930212886,0.2278278440335542
wh-meta-social-circle-ga-2,2025-06-29,1,37.64301806488673,0.6963769242312237,0.977772247652391,0.1776619308688609
wh-meta-social-circle-ga-2,2025-06-29,2,36.63391004026913,0.7325900770267239,0.9808706103522218,0.1625030171769264
wh-meta-social-circle-ga-2,2025-06-29,3,36.69941144199221,0.7451843877282195,0.9818342017694708,0.1563741668595379
wh-meta-social-circle-ga-2,2025-06-29,4,35.17532477803947,0.7551936817579835,0.9836181593211296,0.1447409421749099
wh-meta-social-circle-ga-2,2025-07-15,0,39.930698201086955,0.5080344051495803,0.9776014502696526,0.2177624596315034
wh-meta-social-circle-ga-2,2025-07-15,1,36.85630090737517,0.6899586135837333,0.9772467155451432,0.1671922411181331
wh-meta-social-circle-ga-2,2025-07-15,2,35.80631155685189,0.7419659912814782,0.9813180865625032,0.1517916437325348
wh-meta-social-circle-ga-2,2025-07-15,3,35.98876555562828,0.7551953804739221,0.982169014375134,0.1461432403930825
wh-meta-social-circle-ga-2,2025-07-15,4,34.938314540240974,0.7731586050904004,0.9838839117711664,0.1369054308238635
wh-meta-social-circle-ga-2,2025-07-31,0,41.22530110245851,0.4590553043321533,0.9769227953375376,0.2412178739722326
wh-meta-social-circle-ga-2,2025-07-31,1,37.88238480031188,0.6341653059681125,0.9732104705885636,0.1815444901707764
wh-meta-social-circle-ga-2,2025-07-31,2,36.27326623660348,0.7301270636288586,0.9814288325099148,0.1662477726288379
wh-meta-social-circle-ga-2,2025-07-31,3,35.89349646246583,0.7548669091955997,0.9834803102148972,0.1616883662741803
wh-meta-social-circle-ga-2,2025-07-31,4,35.22711245150263,0.7641944640339545,0.9841324778980916,0.1539554155888586
wh-meta-social-circle-ga-2,2025-08-16,0,37.24407727869958,0.3823080274951042,0.976893514596621,0.2395173491983016
wh-meta-social-circle-ga-2,2025-08-16,1,33.01490908188005,0.7498159750761804,0.975745173245911,0.1166615879743064
wh-meta-social-circle-ga-2,2025-08-16,2,32.71133034149467,0.7773453445229843,0.9823027208704548,0.1220235108179002
wh-meta-social-circle-ga-2,2025-08-16,3,33.458292654621395,0.7537680853136504,0.9823274753339296,0.13974785028734
wh-meta-social-circle-ga-2,2025-08-16,4,32.44812729344185,0.7743050947596555,0.9846713974889274,0.131593114977111
wh-meta-social-circle-ga-2,2025-09-01,0,31.934207045725476,0.5121290838835526,0.9783015511342728,0.2142989150144816
wh-meta-social-circle-ga-2,2025-09-01,1,29.053152648668092,0.6922411645740622,0.97788055407049,0.161819651373435
wh-meta-social-circle-ga-2,2025-09-01,2,28.022433190082953,0.7412038654961356,0.9821164451958796,0.1457645599121728
wh-meta-social-circle-ga-2,2025-09-01,3,28.159141391559476,0.7384442569195692,0.9827594747827316,0.1443800485305512
wh-meta-social-circle-ga-2,2025-09-01,4,26.895020076937165,0.7458997363207741,0.9841439465387186,0.1346421571107518
wh-meta-social-circle-ga-2,2025-09-17,0,33.82060907085508,0.4990288851731433,0.9781566829814152,0.1936656503882672
wh-meta-social-circle-ga-2,2025-09-17,1,31.396072552827174,0.6586379462431358,0.9775895698026736,0.1493022379694347
wh-meta-social-circle-ga-2,2025-09-17,2,30.428442080457287,0.7113736059613156,0.9817457380012709,0.1292025903420663
wh-meta-social-circle-ga-2,2025-09-17,3,31.163907790320803,0.7011029288085348,0.9823627714462144,0.1257816709720609
wh-meta-social-circle-ga-2,2025-09-17,4,29.851422710520332,0.7320055917954341,0.9843333411497142,0.1154106424100322
wh-meta-social-circle-ga-2,2025-10-03,0,28.04363216514221,0.4619653754294378,0.9770851410968804,0.1984139638743113
wh-meta-social-circle-ga-2,2025-10-03,1,26.773751643749048,0.6184096141366445,0.9765766210242084,0.1468807995234956
wh-meta-social-circle-ga-2,2025-10-03,2,26.075221562721875,0.6745328143800996,0.9805072174253456,0.1247151769331101
wh-meta-social-circle-ga-2,2025-10-03,3,27.00843006400774,0.6588924336681596,0.980880769682942,0.1209223968221448
wh-meta-social-circle-ga-2,2025-10-03,4,25.38288828853809,0.7013151209632257,0.9830901063165168,0.1098205503931415
wh-meta-social-circle-ga-2,2025-11-04,0,21.459045553464687,0.4221627405742568,0.9767842638257994,0.2069536512248419
wh-meta-social-circle-ga-2,2025-11-04,1,20.368120097432666,0.5798828703479494,0.9765346266159574,0.1396382186727534
wh-meta-social-circle-ga-2,2025-11-04,2,19.806900641916823,0.6308222813478098,0.9807556527339888,0.1181466870005746
wh-meta-social-circle-ga-2,2025-11-04,3,20.26063613237023,0.6202942576140703,0.9812160312553532,0.1125162668761081
wh-meta-social-circle-ga-2,2025-11-04,4,19.348757579570865,0.6487857877845152,0.9830709837465452,0.102960090537956
wh-meta-social-circle-ga-2,2025-12-22,0,14.381632601827048,0.2866422339847623,0.9767928069720816,0.2299744240053667
wh-meta-social-circle-ga-2,2025-12-22,1,13.63046589150765,0.4456078996520976,0.974889260093286,0.1338761562282423
wh-meta-social-circle-ga-2,2025-12-22,2,13.184830411550893,0.4973457765012314,0.9789991888132024,0.1125367739976823
wh-meta-social-circle-ga-2,2025-12-22,3,13.28456321078391,0.4901434108919609,0.9790603708514672,0.1120641899513958
wh-meta-social-circle-ga-2,2025-12-22,4,12.523339594998992,0.5069073208026167,0.9808158567977352,0.1004819456989129
wh-meta-social-circle-ga-2,2026-02-08,0,13.63459930486936,0.2986142539027603,0.9763142458933662,0.2157493381850632
wh-meta-social-circle-ga-2,2026-02-08,1,12.66473128502068,0.4325511542281577,0.9747137416585976,0.1322245695186154
wh-meta-social-circle-ga-2,2026-02-08,2,12.13752012649604,0.4711303883264728,0.9782358761167756,0.1163618272187757
wh-meta-social-circle-ga-2,2026-02-08,3,12.58693101559562,0.4823123787908972,0.9790175845784372,0.1148006422055108
wh-meta-social-circle-ga-2,2026-02-08,4,11.61397063132834,0.4915391426880824,0.9805790987795426,0.1016629042065675
wh-meta-social-circle-ga-2,2026-02-24,0,12.476473832423268,0.3146072995502783,0.9754531438411242,0.2077982201902569
wh-meta-social-circle-ga-2,2026-02-24,1,11.618674320428122,0.4465026649144115,0.9749872296681028,0.1443956267676077
wh-meta-social-circle-ga-2,2026-02-24,2,10.956030963194689,0.4803640235211945,0.9785621158923162,0.1255650149148172
wh-meta-social-circle-ga-2,2026-02-24,3,11.468229296106678,0.4978786395316779,0.9792994410484268,0.1246917934806041
wh-meta-social-circle-ga-2,2026-02-24,4,10.096369736662805,0.4976749848926323,0.9808664240367996,0.1097794248196701
wh-meta-social-circle-ga-2,2026-03-12,0,18.09553052470111,0.3462868833264715,0.97782769454574,0.2274293443897161
wh-meta-social-circle-ga-2,2026-03-12,1,16.93155550954797,0.5170384346626785,0.9765109221061076,0.145851279786772
wh-meta-social-circle-ga-2,2026-03-12,2,16.77020225178647,0.5341713213505268,0.9793509928909856,0.1266098010727551
wh-meta-social-circle-ga-2,2026-03-12,3,17.251017643668966,0.5605619021081065,0.9800084699097528,0.1239482652667736
wh-meta-social-circle-ga-2,2026-03-12,4,16.786690436439844,0.5323363531158388,0.9815048971087076,0.1109207306447407
wh-meta-social-circle-ga-2,2026-03-28,0,25.114873657600373,0.3939879969051543,0.976816286909864,0.2163270335531606
wh-meta-social-circle-ga-2,2026-03-28,1,23.12915094953459,0.5894721380193555,0.9769743412234564,0.1585762957080627
wh-meta-social-circle-ga-2,2026-03-28,2,23.17502666169045,0.5786029873431174,0.9802084974009208,0.1382439647191417
wh-meta-social-circle-ga-2,2026-03-28,3,23.55645431444921,0.6022114143622422,0.981212743356315,0.1371047467320954
wh-meta-social-circle-ga-2,2026-03-28,4,22.8881623667965,0.579736863310546,0.9825119109795012,0.1238622381975939
wh-meta-social-circle-ga-2,2026-04-13,1,5.056027519535476,0.6142265704773484,0.9765384257267922,0.205357552403284
wh-meta-social-circle-ga-2,2026-04-13,2,10.008019113382923,0.5479195306299895,0.9779552755679624,0.2081484525871763
wh-meta-social-circle-ga-2,2026-04-13,3,8.725571776850833,0.642130675601985,0.9810738004905843,0.1916840710272976
wh-meta-social-circle-ga-2,2026-04-13,4,12.52799648136885,0.5978812455317167,0.9818883806376064,0.184369704111666
wh-meta-social-circle-ga-2,2026-04-29,0,30.02079164765071,0.5019199893072737,0.9786542801582956,0.2286719045881701
wh-meta-social-circle-ga-2,2026-04-29,1,27.865311162097377,0.6837454865532555,0.9783410865439816,0.1756246719246429
wh-meta-social-circle-ga-2,2026-04-29,2,27.29086477169348,0.6995314359195384,0.982110835854112,0.1547926980278258
wh-meta-social-circle-ga-2,2026-04-29,3,27.178286101987656,0.6984610001056296,0.982788712224804,0.1504746636617492
wh-meta-social-circle-ga-2,2026-04-29,4,25.376037295155204,0.7233000751933671,0.9846473736978344,0.142916663888084
wh-meta-social-circle-ga-2,2026-05-15,0,31.96644613797806,0.4870089021476027,0.9777715993402932,0.2338676501797045
wh-meta-social-circle-ga-2,2026-05-15,1,29.31085090995344,0.6584620381414201,0.9773810741552416,0.1770095857913649
wh-meta-social-circle-ga-2,2026-05-15,2,28.677278485628253,0.6946456380510532,0.9812071012193452,0.1587566221605579
wh-meta-social-circle-ga-2,2026-05-15,3,29.809711066500363,0.6891825133441982,0.9817462284886368,0.1523165413560913
wh-meta-social-circle-ga-2,2026-05-15,4,27.56557800296772,0.7259853358801954,0.983828870044279,0.14614707482298
wh-meta-social-circle-ga-2,2026-07-02,0,43.01201216410736,0.5303891469841565,0.9787152505486229,0.2413227930661449
wh-meta-social-circle-ga-2,2026-07-02,1,39.90581561913844,0.6799787228616746,0.9779565696425404,0.1892123815494433
wh-meta-social-circle-ga-2,2026-07-02,2,37.9454452632377,0.7269186107934347,0.9815424319830952,0.1701308350879373
wh-meta-social-circle-ga-2,2026-07-02,3,37.89316162365445,0.735241264103661,0.9832864270232078,0.1662671161621804
wh-meta-social-circle-ga-2,2026-07-02,4,35.709592700006766,0.7747150813115363,0.985109081847776,0.1528251689420672
wh-meta-social-circle-ga-2,2026-07-18,0,37.30653832934291,0.523565853637239,0.9783232656510544,0.2291920062002648
wh-meta-social-circle-ga-2,2026-07-18,1,33.868113189039285,0.6623097628232778,0.9778959704581628,0.1831642543139421
wh-meta-social-circle-ga-2,2026-07-18,2,31.726205587175535,0.7138735368767448,0.9813419058225482,0.160207093049445
wh-meta-social-circle-ga-2,2026-07-18,3,32.283845068933836,0.7453135433788538,0.9827950369651296,0.1506977758712237
wh-meta-social-circle-ga-2,2026-07-18,4,31.734828377546084,0.7590494117797179,0.9843541902726862,0.1421309630023118
wh-meta-social-circle-ga-2,2026-08-03,0,34.657869698700004,0.6793873451259447,0.9771549962272288,0.1718403723521731
wh-meta-social-circle-ga-2,2026-08-03,1,34.080470630904365,0.7098912956630975,0.9762291533793936,0.1935813262373945
wh-meta-social-circle-ga-2,2026-08-03,2,31.244615636015556,0.7829713154492145,0.9828810271776685,0.1597976283356875
wh-meta-social-circle-ga-2,2026-08-03,3,32.22716657645433,0.7758836033566857,0.983741909754296,0.1636583423573147
wh-meta-social-circle-ga-2,2026-08-03,4,32.346864042118014,0.74136332943805,0.9845986911481496,0.1505491634427054
wh-meta-social-circle-ga-2,2026-08-19,0,37.2385190837582,0.5100871015361619,0.9785735920980296,0.2198342400522265
wh-meta-social-circle-ga-2,2026-08-19,1,34.10029591413566,0.6990933094174006,0.9783476760511116,0.1670598190165378
wh-meta-social-circle-ga-2,2026-08-19,2,33.398317297672804,0.7229355661444038,0.9822267428336462,0.1467820371935436
wh-meta-social-circle-ga-2,2026-08-19,3,34.15129283487504,0.7184233654073604,0.9829451956283582,0.1425704509388275
wh-meta-social-circle-ga-2,2026-08-19,4,33.251817696618325,0.7338073825081158,0.9846949134579815,0.1338279312462533
wh-meta-social-circle-ga-2,2026-09-04,0,41.526767655955105,0.4937149186222179,0.9773984384157888,0.2191595599700344
wh-meta-social-circle-ga-2,2026-09-04,1,38.93354399104124,0.6550917565635989,0.976768012871912,0.1642343482900417
wh-meta-social-circle-ga-2,2026-09-04,2,37.745607494956126,0.700373004795153,0.9809524986624172,0.1351382439252197
wh-meta-social-circle-ga-2,2026-09-04,3,39.12555686308734,0.6520137926821556,0.9805712673537644,0.1436552007564282
wh-meta-social-circle-ga-2,2026-09-04,4,37.35253346585254,0.7008241438801328,0.9830153885109344,0.1321767511272944
wh-meta-social-circle-ga-2,2026-09-20,2,21.866784427232076,0.815854213869493,0.984948827341017,0.0939522226913814
wh-meta-social-circle-ga-2,2026-09-20,3,20.7047919711695,0.7273349729654004,0.983619112763828,0.1139033446023528
wh-meta-social-circle-ga-2,2026-09-20,4,24.376282328167864,0.6559654215869655,0.9818768723473033,0.1008677956312716
