site_id,date,ring,lst_c,ndvi,emissivity,albedo
xai-colossus1-tn,2013-04-29,0,30.04336796818395,0.4815948964758679,0.9725531279826484,0.1961910915392366
xai-colossus1-tn,2013-04-29,1,30.831080050392956,0.5360520841414447,0.9699809328978078,0.1658672820017437
xai-colossus1-tn,2013-04-29,2,29.1957069176672,0.473045373034567,0.97505978102112,0.1409567539805193
xai-colossus1-tn,2013-04-29,3,24.846350111610633,0.3085227972025975,0.9807687809672389,0.1205155782928597
xai-colossus1-tn,2013-04-29,4,25.447731390719664,0.4994488510365078,0.9804325318599464,0.1354836619157893
xai-colossus1-tn,2013-05-15,0,31.503056132860923,0.4590148740412657,0.9719349463495756,0.2169608324247557
xai-colossus1-tn,2013-05-15,1,33.3450664626553,0.5045561339425653,0.9696420233384956,0.1972603819400042
xai-colossus1-tn,2013-05-15,2,30.58805185550746,0.4861535887058983,0.9747084474024674,0.1613821798363222
xai-colossus1-tn,2013-05-15,3,25.85574680124554,0.3445277205603366,0.9807034002188746,0.1436918288888996
xai-colossus1-tn,2013-05-15,4,24.148651011020917,0.5081579884327106,0.9801440318340272,0.1529069237260509
xai-colossus1-tn,2013-07-02,0,35.82322983757874,0.4423965209130546,0.9729432289364291,0.2130498235246687
xai-colossus1-tn,2013-07-02,1,35.98187076848638,0.5917168068051473,0.9697887011761208,0.1777481861029677
xai-colossus1-tn,2013-07-02,2,35.29575908954914,0.5278748716955491,0.9740393319010962,0.1582787767418103
xai-colossus1-tn,2013-07-02,3,31.513100191886146,0.4650252205180784,0.9793092782288316,0.1467731450591123
xai-colossus1-tn,2013-07-02,4,31.792577850469797,0.5741599867355924,0.9797955487574588,0.169829357400961
xai-colossus1-tn,2013-07-18,1,37.785136568570984,0.6581372988410147,0.9785778952585495,0.2270992184292913
xai-colossus1-tn,2013-07-18,2,40.16493235559287,0.4917593743198235,0.972228127087736,0.1766222392390853
xai-colossus1-tn,2013-07-18,3,34.748912127968666,0.5606930687372469,0.9781648379943332,0.1662545872126108
xai-colossus1-tn,2013-07-18,4,37.59041903479135,0.6252516970716185,0.978219458996484,0.1886897239846871
xai-colossus1-tn,2013-08-19,0,36.7532831618015,0.5008384384107016,0.972408964295686,0.2146045592363228
xai-colossus1-tn,2013-08-19,1,36.0601006653784,0.6386945126362957,0.9699912991425924,0.1895836572530454
xai-colossus1-tn,2013-08-19,2,35.4559855627879,0.5565801150059111,0.9729339419874092,0.1856884380957074
xai-colossus1-tn,2013-08-19,3,29.605227153945577,0.3435951158669945,0.9821314554767872,0.1285273140542204
xai-colossus1-tn,2013-08-19,4,30.049762567468072,0.5759011056524889,0.9809864445615112,0.1600805466305484
xai-colossus1-tn,2013-09-04,0,38.29613253428324,0.4079255726520733,0.9715908714961184,0.1919862302201661
xai-colossus1-tn,2013-09-04,1,39.56051477327286,0.4865161713176067,0.9693602910987172,0.1735567390568873
xai-colossus1-tn,2013-09-04,2,37.004545070536906,0.480787879967522,0.9736692853981864,0.1439643354453843
xai-colossus1-tn,2013-09-04,3,32.54251202094531,0.4133728376761552,0.9784888628615552,0.131835148058211
xai-colossus1-tn,2013-09-04,4,31.77583379226247,0.5958468323073903,0.9797686466278314,0.1433657506479129
xai-colossus1-tn,2013-10-06,0,25.59859175215523,0.4989806858936895,0.9723078646130082,0.1695060395898532
xai-colossus1-tn,2013-10-06,1,27.21880564608464,0.5360205924376656,0.9697338955626156,0.1396022671553258
xai-colossus1-tn,2013-10-06,2,26.09760527990745,0.4846604885925357,0.97355097058587,0.118613830325639
xai-colossus1-tn,2013-10-06,3,24.333759521081735,0.36994114599815,0.977918625719509,0.1132763331971601
xai-colossus1-tn,2013-10-06,4,23.307557790961837,0.5527383025821339,0.9793697723457456,0.1182625810822435
xai-colossus1-tn,2013-10-22,0,21.759648003644667,0.5254637621789374,0.9724933587755862,0.1688804045403454
xai-colossus1-tn,2013-10-22,1,23.99261680342928,0.5583995762799036,0.9703948800189288,0.1424103639590589
xai-colossus1-tn,2013-10-22,2,23.336530326607186,0.4437852922290579,0.9733801034123228,0.1183235765806158
xai-colossus1-tn,2013-10-22,3,21.382940814821104,0.3196976775722397,0.9777802403294348,0.1144377169323512
xai-colossus1-tn,2013-10-22,4,20.467597347910104,0.4977177186245617,0.9789193813715764,0.1098485734914356
xai-colossus1-tn,2013-11-07,0,14.007799025418809,0.5027518999119122,0.9716246648240788,0.1637582233830675
xai-colossus1-tn,2013-11-07,1,15.928282206311255,0.4550745345541035,0.9687896080757396,0.1368188195464973
xai-colossus1-tn,2013-11-07,2,15.68390885889356,0.3948844878749173,0.972922296087015,0.1124683092452622
xai-colossus1-tn,2013-11-07,3,14.48023696395394,0.2560148416862898,0.9775582042525084,0.1046722024199964
xai-colossus1-tn,2013-11-07,4,14.111858634289767,0.4311314096093094,0.9772535096242064,0.1052844797553416
xai-colossus1-tn,2013-12-25,0,5.715761955951546,0.3710039378527603,0.9714961762169886,0.1629670732780767
xai-colossus1-tn,2013-12-25,1,7.595687074849684,0.4193867735722909,0.968755403749104,0.145707244004448
xai-colossus1-tn,2013-12-25,2,7.382589270059448,0.2665840351578251,0.9731051669632016,0.1136909074532816
xai-colossus1-tn,2013-12-25,3,6.646527920636208,0.1383483022388958,0.978602911849246,0.0971609335674327
xai-colossus1-tn,2013-12-25,4,6.509721668933237,0.2753831042784941,0.9764012900744096,0.1011816561084961
xai-colossus1-tn,2014-01-26,0,5.274846596783264,0.2733581030772117,0.9708092842261842,0.1975537582547442
xai-colossus1-tn,2014-01-26,1,6.2220203404098475,0.2907677473432214,0.96841506746615,0.1906101699570436
xai-colossus1-tn,2014-01-26,2,5.83763028354623,0.2095069891084575,0.9709722820890224,0.160449975300187
xai-colossus1-tn,2014-01-26,3,3.851804744681551,0.1623829072461804,0.9756326770645046,0.1287517105805258
xai-colossus1-tn,2014-01-26,4,3.8040586161461296,0.2233463549087809,0.9747112692987224,0.129970318129863
xai-colossus1-tn,2014-02-11,0,1.377625978501833,0.2534093987314692,0.9710115554579108,0.1788339686609386
xai-colossus1-tn,2014-02-11,1,3.6618704334738945,0.3230500146843217,0.9684214270145726,0.1610157264173077
xai-colossus1-tn,2014-02-11,2,3.2225988816848594,0.2006818402559489,0.9723361884407208,0.1267520365287221
xai-colossus1-tn,2014-02-11,3,1.8739139535436444,0.0814835027836187,0.9773831185901356,0.1085579736968939
xai-colossus1-tn,2014-02-11,4,1.756988950845809,0.1990124365504227,0.9760370951758977,0.1177095081748795
xai-colossus1-tn,2014-02-27,0,11.242162673371569,0.2825237812655591,0.9710851261961037,0.1834897976374309
xai-colossus1-tn,2014-02-27,1,13.750231576497924,0.3611496097645887,0.9683893191586715,0.1680017252380801
xai-colossus1-tn,2014-02-27,2,12.75658333624562,0.2183625986465917,0.9727234600923884,0.1317500584943706
xai-colossus1-tn,2014-02-27,3,9.861330920213454,0.0770377735768332,0.9783895830711088,0.1100044652745
xai-colossus1-tn,2014-02-27,4,10.328419946741445,0.2206719900922598,0.976211735667734,0.1202228940377008
xai-colossus1-tn,2014-04-16,0,13.742609294290007,0.4256315113776087,0.9718278325861116,0.1873063525158763
xai-colossus1-tn,2014-04-16,1,12.983637191932187,0.5080137299900682,0.9696647963118364,0.1871497776662367
xai-colossus1-tn,2014-04-16,2,11.979427983084689,0.355963206630455,0.9715582483091616,0.1536626418516638
xai-colossus1-tn,2014-04-16,3,9.386456108773082,0.2443068245781117,0.9747479626030232,0.1350073034392881
xai-colossus1-tn,2014-04-16,4,9.689247748332653,0.3819309880658403,0.9746962883973594,0.1417196005858899
xai-colossus1-tn,2014-06-03,0,31.7338754483406,0.8346108265763666,0.9763401474598524,0.1839014923681951
xai-colossus1-tn,2014-06-03,1,35.55530761552843,0.6465486201875075,0.9683956459647948,0.1592880089628757
xai-colossus1-tn,2014-06-03,2,33.88248632395501,0.551363577128048,0.9766658423969932,0.1534656763817187
xai-colossus1-tn,2014-06-03,3,29.89500950661092,0.2430299723671819,0.9818916377149696,0.1163097864169142
xai-colossus1-tn,2014-06-03,4,31.711801938650545,0.517182651149662,0.9797124321507586,0.1618733365298796
xai-colossus1-tn,2014-07-05,0,33.39168047137068,0.4579195977952663,0.9730647105594216,0.2343786431099135
xai-colossus1-tn,2014-07-05,1,34.52692514820191,0.5677365132710878,0.9711696460545904,0.1883688507055236
xai-colossus1-tn,2014-07-05,2,34.820057584931426,0.5287274645723294,0.9733794295815612,0.1716866692217979
xai-colossus1-tn,2014-07-05,3,31.481090534186077,0.44528271004406,0.9800430776759738,0.1491155412112498
xai-colossus1-tn,2014-07-05,4,31.01914864627319,0.5654614168118949,0.980431107825958,0.1632203979587442
xai-colossus1-tn,2014-07-21,0,34.371138479601086,0.5008660521406448,0.9727147924139208,0.2058042506851529
xai-colossus1-tn,2014-07-21,1,37.56603829191038,0.5076399363538423,0.969749312178342,0.1999220852786911
xai-colossus1-tn,2014-07-21,2,35.590531410309374,0.4970556472485162,0.9729317334363158,0.1699238244841033
xai-colossus1-tn,2014-07-21,3,30.519757045898334,0.5737052835854821,0.9797288925156672,0.1546096819192418
xai-colossus1-tn,2014-07-21,4,31.17169388367293,0.629622839594511,0.9785305632081218,0.1711604010899651
xai-colossus1-tn,2014-08-06,0,37.97406731604697,0.4474742610684821,0.9725810112125712,0.2048064119238414
xai-colossus1-tn,2014-08-06,1,40.35982744302432,0.513665179109865,0.9696564613946488,0.1760947714502023
xai-colossus1-tn,2014-08-06,2,38.28886961482381,0.4821209300723841,0.9736834821638192,0.1539067879752585
xai-colossus1-tn,2014-08-06,3,33.18132801760687,0.4782435865871248,0.978713374521009,0.1427168059509247
xai-colossus1-tn,2014-08-06,4,32.946974265849434,0.6243301905800546,0.9800397116937988,0.1537428430736245
xai-colossus1-tn,2014-08-22,0,36.748958453002736,0.4522234637690911,0.97210525239444,0.1843177978471471
xai-colossus1-tn,2014-08-22,1,39.65474893700821,0.450864700441426,0.969374860881962,0.1655178932758831
xai-colossus1-tn,2014-08-22,2,37.172207834724674,0.4588256468990145,0.9730705328128968,0.1467560171513511
xai-colossus1-tn,2014-08-22,3,32.36342346062956,0.4408678355250478,0.9786590194823868,0.1347184028346935
xai-colossus1-tn,2014-08-22,4,31.99028447771204,0.6035455229726561,0.9795720064152256,0.1460337673629601
xai-colossus1-tn,2014-09-07,1,27.916862713692723,0.3171326365120335,0.9650691710493366,0.2003820365157254
xai-colossus1-tn,2014-09-07,2,28.49473095295795,0.4327446307780203,0.9711399512464576,0.1759369837522801
xai-colossus1-tn,2014-09-07,3,28.179625247282956,0.5913149730960087,0.9742642440623568,0.1661034364780096
xai-colossus1-tn,2014-09-07,4,26.373519584907804,0.6647636421014095,0.978124899302802,0.1591461518040642
xai-colossus1-tn,2014-09-23,0,30.65686575937145,0.4638199722110451,0.97223067903404,0.1818339765270593
xai-colossus1-tn,2014-09-23,1,33.792217588704226,0.4890375332852545,0.9697597010887092,0.1584835695484122
xai-colossus1-tn,2014-09-23,2,31.3547338567764,0.4465624165161305,0.974047734176042,0.1327071709949385
xai-colossus1-tn,2014-09-23,3,26.82510592579866,0.3962937867518395,0.9798035589650328,0.1115309997367395
xai-colossus1-tn,2014-09-23,4,26.37119721357021,0.5825628960795572,0.9798548342977824,0.1225153089871757
xai-colossus1-tn,2014-10-09,0,30.78583611923092,0.4696355236084039,0.9722829520021612,0.1813233657466849
xai-colossus1-tn,2014-10-09,1,33.161868013951135,0.4877148254802588,0.9696996910844768,0.1628197095481902
xai-colossus1-tn,2014-10-09,2,31.23533160049528,0.4435444539515927,0.9738792959607054,0.1303802712435974
xai-colossus1-tn,2014-10-09,3,27.762103608614776,0.3073269805194528,0.9794180274258828,0.115482720078143
xai-colossus1-tn,2014-10-09,4,27.75924685898049,0.4929948775234118,0.9791594533194748,0.1187569850757215
xai-colossus1-tn,2014-10-25,2,20.897096720000015,0.6900471045034963,0.9789333333333332,0.0302069133333333
xai-colossus1-tn,2014-10-25,3,21.201117369873874,0.3042414119655907,0.979396288328336,0.0750368370608803
xai-colossus1-tn,2014-10-25,4,23.478481890425705,0.2711679660349456,0.9784839481451684,0.1220966540434866
xai-colossus1-tn,2014-11-10,0,17.4612322928159,0.4544160126246343,0.9716963215626018,0.1718810018528176
xai-colossus1-tn,2014-11-10,1,20.29342495792856,0.4389038219581222,0.968702970982545,0.1535976750024506
xai-colossus1-tn,2014-11-10,2,19.708549151909654,0.3375529419408656,0.9730808758186344,0.1231519066701495
xai-colossus1-tn,2014-11-10,3,17.915894170499453,0.2158085601642941,0.9780914549796386,0.1073066175934483
xai-colossus1-tn,2014-11-10,4,17.922934795750155,0.3760341782510014,0.9777637514717992,0.1106907386282567
xai-colossus1-tn,2014-12-12,0,13.307225328900676,0.3766261422000075,0.9714581986576196,0.1654274583974438
xai-colossus1-tn,2014-12-12,1,15.804237438964224,0.4072887764673295,0.9692376291722472,0.1466301651067393
xai-colossus1-tn,2014-12-12,2,14.49591363397637,0.2658801754654381,0.9727328098210144,0.115661788771171
xai-colossus1-tn,2014-12-12,3,12.15473063536468,0.1368053094403676,0.9783110838477684,0.0972473386337481
xai-colossus1-tn,2014-12-12,4,12.813130765283882,0.267753127537486,0.9760782348117304,0.1045492056727566
xai-colossus1-tn,2015-02-14,0,15.996202234316018,0.327318654913578,0.971448810896477,0.1707073306204029
xai-colossus1-tn,2015-02-14,1,18.958335989699528,0.3365778895420519,0.9688053887733096,0.1550725493740275
xai-colossus1-tn,2015-02-14,2,17.21271519073669,0.2480734437818959,0.9724911073269203,0.1247502478380469
xai-colossus1-tn,2015-02-14,3,14.111353301757845,0.0778709004645665,0.9772587990517708,0.1010947494216056
xai-colossus1-tn,2015-02-14,4,15.059178328107,0.2413545260814316,0.975964828448228,0.11057732786939
xai-colossus1-tn,2015-05-05,0,34.86546905759951,0.5156374452504573,0.9726733244961032,0.2145706220925214
xai-colossus1-tn,2015-05-05,1,38.01013081565318,0.4923724132459274,0.96993229747056,0.1980147301366505
xai-colossus1-tn,2015-05-05,2,35.76997802325816,0.4636765435331041,0.9741388822889842,0.1560234222035318
xai-colossus1-tn,2015-05-05,3,31.43370741899956,0.3211558597321782,0.9797655641922746,0.135392253456714
xai-colossus1-tn,2015-05-05,4,32.84432964426112,0.4994197263751899,0.979692125168981,0.1555138303711115
xai-colossus1-tn,2015-06-06,0,34.83567070005542,0.561395222564141,0.9696262336304056,0.1798760851468673
xai-colossus1-tn,2015-06-06,1,34.188324930566424,0.6325788063890839,0.9680890752180596,0.1809153156355669
xai-colossus1-tn,2015-06-06,2,34.65776909870083,0.535296160503166,0.9736702536398072,0.1654071745103702
xai-colossus1-tn,2015-06-06,3,30.740272156841694,0.4859081582949263,0.9804651743393888,0.1493738830592462
xai-colossus1-tn,2015-06-06,4,31.05391397029855,0.5589701020177938,0.9797454825384768,0.1580118260398273
xai-colossus1-tn,2015-06-22,0,34.11195915940483,0.4901124862502478,0.972327366956135,0.1965790162766088
xai-colossus1-tn,2015-06-22,1,33.45455305739132,0.6755510296001943,0.9690080581531983,0.1911222580076086
xai-colossus1-tn,2015-06-22,2,32.52478025081127,0.5682994226642434,0.9759586251897048,0.1698059470193721
xai-colossus1-tn,2015-06-22,3,30.643825482160043,0.5101750684336698,0.9796987447207974,0.1644456624919804
xai-colossus1-tn,2015-06-22,4,32.236983525593665,0.6675281900171196,0.9796041674970706,0.1819422784021516
xai-colossus1-tn,2015-07-08,0,32.417929558664355,0.5110046324232251,0.9722591586126887,0.2249761164411786
xai-colossus1-tn,2015-07-08,1,32.47774004198852,0.6386557040073455,0.9709797361159196,0.2012135784740467
xai-colossus1-tn,2015-07-08,2,32.38626708177894,0.5720648004430773,0.9728636207913384,0.1891365003507934
xai-colossus1-tn,2015-07-08,3,29.8812597265428,0.7054160173766677,0.9777877820829808,0.1970243703357123
xai-colossus1-tn,2015-07-08,4,28.665226670606124,0.7311226737288038,0.9779682429084788,0.1999029594628505
xai-colossus1-tn,2015-07-24,0,39.91724254306474,0.5131762464611942,0.9727217508487906,0.2058233988092503
xai-colossus1-tn,2015-07-24,1,39.50818974344512,0.6492692878855038,0.9701209698947502,0.1650633797917545
xai-colossus1-tn,2015-07-24,2,39.1537063735723,0.5398925202455519,0.9747754978858926,0.1413302949472583
xai-colossus1-tn,2015-07-24,3,34.75329242047675,0.4299471710262851,0.9809712009200172,0.1216967796998182
xai-colossus1-tn,2015-07-24,4,35.03460753155359,0.6096840068326244,0.981344411650172,0.1404965186075653
xai-colossus1-tn,2015-08-09,0,37.721044272637286,0.5025439528980177,0.9724976824728776,0.1989227431228436
xai-colossus1-tn,2015-08-09,1,37.79066254556648,0.5769408256061415,0.9698136816700522,0.157231246847486
xai-colossus1-tn,2015-08-09,2,37.28449766451442,0.5283328390134806,0.97435267228306,0.1463539558243085
xai-colossus1-tn,2015-08-09,3,32.958006500686786,0.4792030489807041,0.980426621421401,0.1280794798881663
xai-colossus1-tn,2015-08-09,4,32.99052649596539,0.6315299007297723,0.9807189921411984,0.141827503791691
xai-colossus1-tn,2015-08-25,0,33.123152180368386,0.5707549379927884,0.9728319739683862,0.1935228301204011
xai-colossus1-tn,2015-08-25,1,35.887624604393295,0.5605886322036996,0.9697313006873256,0.1516397518634783
xai-colossus1-tn,2015-08-25,2,35.0817398335142,0.5105800841856237,0.9740082575735732,0.1424282019051047
xai-colossus1-tn,2015-08-25,3,30.77244638284505,0.3942778966776883,0.9794412053682828,0.1228623778954633
xai-colossus1-tn,2015-08-25,4,30.33496687763632,0.5882275232923483,0.9802539022946118,0.1339369450402802
xai-colossus1-tn,2015-09-10,0,31.59319190695584,0.509077559440119,0.9749856405496564,0.1577729780546374
xai-colossus1-tn,2015-09-10,1,31.254874905110032,0.4991411970741305,0.9705492405570326,0.1700115367937396
xai-colossus1-tn,2015-09-10,2,31.211230504557175,0.4792521646012182,0.9737816538790108,0.1412671976831492
xai-colossus1-tn,2015-09-10,3,29.25102675711602,0.5318849131656199,0.9783421166790608,0.1385420572874391
xai-colossus1-tn,2015-09-10,4,28.538179762197213,0.6305764470396646,0.9795137482053988,0.1433915724462499
xai-colossus1-tn,2015-10-12,0,34.50567203971292,0.3873484211402418,0.9716682335579782,0.1821512578854536
xai-colossus1-tn,2015-10-12,1,37.27844148539744,0.3965486261823865,0.9690763969753854,0.1660480233370375
xai-colossus1-tn,2015-10-12,2,34.932515490007276,0.3753417869116459,0.9718592348236532,0.1469544072442164
xai-colossus1-tn,2015-10-12,3,31.96994011224607,0.4405455025622209,0.976787884156423,0.1362032891715774
xai-colossus1-tn,2015-10-12,4,30.93523765607791,0.5629414213546479,0.9780859086380578,0.131435081192368
xai-colossus1-tn,2015-10-28,4,17.005253697500002,0.5542024786951822,0.9759125000000002,0.1258612965625
xai-colossus1-tn,2015-11-13,0,18.41239385855763,0.4517378814542932,0.9717125305078856,0.1535202829041447
xai-colossus1-tn,2015-11-13,1,20.434288331822675,0.4808852509969785,0.9691085064638943,0.128251187776437
xai-colossus1-tn,2015-11-13,2,19.52393106641673,0.3780909972627145,0.9731832450374236,0.1101235852264744
xai-colossus1-tn,2015-11-13,3,17.776730675646707,0.2399176744281524,0.9779898812857124,0.0920175270824665
xai-colossus1-tn,2015-11-13,4,17.592142495735853,0.4097263159238802,0.9776105956511396,0.0975099482783713
xai-colossus1-tn,2015-12-15,0,16.945766184093852,0.4254441147539301,0.9714789328911057,0.1555771441579611
xai-colossus1-tn,2015-12-15,1,19.090495574278105,0.3883115990305975,0.9686443574814668,0.134455134349357
xai-colossus1-tn,2015-12-15,2,18.16194513825825,0.2780531967192918,0.9729519031575038,0.1060415915239421
xai-colossus1-tn,2015-12-15,3,16.000776425518705,0.1145945762601092,0.9782306150229332,0.0832831849110863
xai-colossus1-tn,2015-12-15,4,16.674629409365235,0.3007935826733414,0.9763428162604568,0.0911561648105021
xai-colossus1-tn,2015-12-31,2,4.231003935758072,0.196357578973036,0.9651186959937156,0.1022260224789211
xai-colossus1-tn,2015-12-31,3,1.5459129362103674,0.2959859195989766,0.9755329443480192,0.1059279317087041
xai-colossus1-tn,2015-12-31,4,0.3270948725853723,0.3288908528851028,0.9745039079927712,0.1083276611254808
xai-colossus1-tn,2016-02-17,0,13.66067451577462,0.3589789484036075,0.9716183807734312,0.1623824342722376
xai-colossus1-tn,2016-02-17,1,15.499354907529968,0.3768607957527741,0.9688678532416436,0.1399218595034283
xai-colossus1-tn,2016-02-17,2,14.004276035664656,0.2538516189577532,0.9732071668803778,0.108619923268445
xai-colossus1-tn,2016-02-17,3,11.223453842544078,0.0843510122177861,0.9781646207173632,0.0911436043705133
xai-colossus1-tn,2016-02-17,4,11.79924450031806,0.2185619298171365,0.976154676345986,0.0969524264626259
xai-colossus1-tn,2016-03-04,1,15.479688515153711,0.3314463603738499,0.9646801137245764,0.1364976974106796
xai-colossus1-tn,2016-03-04,2,15.400291082431895,0.3366721086247165,0.9674253556214468,0.1244637345442279
xai-colossus1-tn,2016-03-04,3,13.678672257024566,0.4165501649759422,0.974906965469013,0.1170280151710231
xai-colossus1-tn,2016-03-04,4,12.202873602308218,0.3496325821873393,0.9754698105170156,0.1095996012895544
xai-colossus1-tn,2016-03-20,1,13.15960691366024,0.2779121085183705,0.9692930305018038,0.2121090735031977
xai-colossus1-tn,2016-03-20,2,15.46250557170852,0.3194198281697532,0.9690129886648464,0.1891418413193484
xai-colossus1-tn,2016-03-20,3,13.614963588976336,0.3163743109778008,0.971663816283358,0.1450550143817698
xai-colossus1-tn,2016-03-20,4,13.402122893330882,0.4370021814501486,0.9723020923157748,0.1585835555594646
xai-colossus1-tn,2016-04-05,0,24.036629366439712,0.4967520732766305,0.9725500666385256,0.1840191891266677
xai-colossus1-tn,2016-04-05,1,25.846619275520297,0.4970056555182999,0.9698061010437068,0.1873046929022908
xai-colossus1-tn,2016-04-05,2,24.582890679626946,0.3565873188572759,0.9737268381092906,0.1369913244049552
xai-colossus1-tn,2016-04-05,3,21.4215900589191,0.1669591794129369,0.9794780637357484,0.1150222790925169
xai-colossus1-tn,2016-04-05,4,21.764185566698615,0.3467865266696797,0.9781431798219562,0.1206136837992619
xai-colossus1-tn,2016-04-21,0,24.81143444463143,0.5810233743677192,0.9727650252465234,0.1810726669992892
xai-colossus1-tn,2016-04-21,1,25.286003345196946,0.5935875784740868,0.9701363265123886,0.1611458002281679
xai-colossus1-tn,2016-04-21,2,24.482427355101283,0.4798846775039481,0.9736476940900644,0.1348882872157712
xai-colossus1-tn,2016-04-21,3,21.129560632769408,0.3608294192322991,0.9798297072769552,0.1185427351213637
xai-colossus1-tn,2016-04-21,4,20.51982455018158,0.4803628676104354,0.9792116792731436,0.1355466352606625
xai-colossus1-tn,2016-05-07,0,31.2260434279841,0.574883378991317,0.9729316189675058,0.2003437862647682
xai-colossus1-tn,2016-05-07,1,34.16269823105227,0.5380389558083012,0.9699681995785172,0.1973376153300124
xai-colossus1-tn,2016-05-07,2,33.011241034633265,0.4684024744715663,0.9743624804761738,0.1549316601911821
xai-colossus1-tn,2016-05-07,3,29.05892880011956,0.3876310725622445,0.9804375562828356,0.1423048326011022
xai-colossus1-tn,2016-05-07,4,29.67538453022995,0.5481200961659882,0.980060613482123,0.1563401134156977
xai-colossus1-tn,2016-05-23,2,11.593164725078736,0.6273132411404758,0.9791695842899312,0.2060768650127602
xai-colossus1-tn,2016-05-23,3,11.38218647942317,0.7060086248366924,0.9817644153208448,0.2027121634560908
xai-colossus1-tn,2016-05-23,4,10.9496936648453,0.7308746908408911,0.981744875009166,0.1965238700247125
xai-colossus1-tn,2016-06-08,0,35.440859731811464,0.5168346234963758,0.9723931106060468,0.2014437528969246
xai-colossus1-tn,2016-06-08,1,38.55880608415854,0.5047857537560343,0.9697758326250544,0.1885336534790723
xai-colossus1-tn,2016-06-08,2,36.8154772178286,0.469180283238584,0.9741895925713248,0.1553447611304294
xai-colossus1-tn,2016-06-08,3,33.15645128031041,0.3936852512267036,0.9800259585433152,0.1425131892766908
xai-colossus1-tn,2016-06-08,4,32.941913444483426,0.5611851865696562,0.980054847425336,0.1600542158201958
xai-colossus1-tn,2016-06-24,0,34.426918467034014,0.4304270426311348,0.9720283977222391,0.2140366611874259
xai-colossus1-tn,2016-06-24,1,36.01512568875252,0.4709397393798996,0.9695106867499632,0.2057817823108254
xai-colossus1-tn,2016-06-24,2,33.61718890363598,0.4843512803138258,0.9725101464813122,0.1787280768652993
xai-colossus1-tn,2016-06-24,3,30.231844289898795,0.6162185300225607,0.9773756912319254,0.1937695880241416
xai-colossus1-tn,2016-06-24,4,28.930752601261997,0.6574243284928796,0.9784260873358832,0.184336690177345
xai-colossus1-tn,2016-07-10,3,14.05251167,0.7755190860772758,0.983,0.17627417625
xai-colossus1-tn,2016-07-10,4,21.757979752591584,0.7579462876935722,0.9781067848403868,0.2117502412895176
xai-colossus1-tn,2016-07-26,0,37.58212331732779,0.553863792909012,0.9729056234596314,0.2038907261227333
xai-colossus1-tn,2016-07-26,1,37.415612025825,0.6760932851482164,0.9702066429715276,0.2000685438497175
xai-colossus1-tn,2016-07-26,2,38.38293005332395,0.5400401999956675,0.9737583004613588,0.1680626081838523
xai-colossus1-tn,2016-07-26,3,33.52325817040235,0.4661952907417869,0.979177663566488,0.1466309856164359
xai-colossus1-tn,2016-07-26,4,32.588836119559865,0.6330117594108461,0.9808392236745972,0.1625208342578128
xai-colossus1-tn,2016-08-11,2,36.06008835644995,0.7222736446821658,0.9783039477105426,0.2264417918272958
xai-colossus1-tn,2016-08-11,3,34.06294300998238,0.5162415715471869,0.9764476416568614,0.1731319025104453
xai-colossus1-tn,2016-08-11,4,32.276985776501434,0.4856913064091264,0.9816211605573524,0.1506090906776858
xai-colossus1-tn,2016-08-27,0,33.85554977530462,0.5768813245715257,0.9729903631561716,0.1875694102091873
xai-colossus1-tn,2016-08-27,1,33.87884877203672,0.7208890203779296,0.970395999248543,0.1880426492358092
xai-colossus1-tn,2016-08-27,2,34.071869476980204,0.5399009517379795,0.9744436124716108,0.1455312067452461
xai-colossus1-tn,2016-08-27,3,30.565353634176255,0.4239580413865101,0.9801275127928034,0.1287200585229527
xai-colossus1-tn,2016-08-27,4,30.14153062107315,0.6278400405404034,0.9807566284093509,0.142844846840348
xai-colossus1-tn,2016-09-12,0,33.60696525670109,0.5532315678718969,0.9726980687930946,0.1973595039298756
xai-colossus1-tn,2016-09-12,1,33.351367915021896,0.6214828373312874,0.9698179963411332,0.2133901809686111
xai-colossus1-tn,2016-09-12,2,34.863464365281935,0.4714493375494613,0.971745952662691,0.1808461320713702
xai-colossus1-tn,2016-09-12,3,30.77944065948257,0.5899392874437341,0.9729853857567656,0.1799778306527557
xai-colossus1-tn,2016-09-12,4,28.458937249664604,0.6944953866609943,0.9777505880501592,0.1684517946408986
xai-colossus1-tn,2016-09-28,0,34.03431850025978,0.4870466467444438,0.972226678107056,0.1627727379896656
xai-colossus1-tn,2016-09-28,1,36.09698785058348,0.5642255955870586,0.969443891911382,0.1711781517879376
xai-colossus1-tn,2016-09-28,2,34.63490537397446,0.4131657982754756,0.9737965931709596,0.1357847359214325
xai-colossus1-tn,2016-09-28,3,30.42041071132297,0.3736482708493102,0.9796185782285636,0.1131551136641431
xai-colossus1-tn,2016-09-28,4,30.746984200762725,0.5234157653871923,0.9796318793408428,0.1210892318750708
xai-colossus1-tn,2016-10-30,0,32.761141081175516,0.3561269005320727,0.9714012769477076,0.1671693019469582
xai-colossus1-tn,2016-10-30,1,34.654507254063866,0.4292559150596104,0.9691177109167948,0.1569448519842091
xai-colossus1-tn,2016-10-30,2,32.03422786600099,0.3662548501410572,0.9733474260504332,0.1268869024050845
xai-colossus1-tn,2016-10-30,3,28.54407099024144,0.266300300521522,0.9788293379569604,0.1047499456716092
xai-colossus1-tn,2016-10-30,4,29.113590515744143,0.4350806379176457,0.9783135860570774,0.1148656516128278
xai-colossus1-tn,2016-11-15,0,24.68273667757433,0.3549961096332981,0.9711970552202936,0.1620182970363646
xai-colossus1-tn,2016-11-15,1,27.401842435898555,0.3811118608735024,0.9686949436710476,0.1559764375485142
xai-colossus1-tn,2016-11-15,2,24.50804117564508,0.3223998534362363,0.9729874917176,0.1231145462257766
xai-colossus1-tn,2016-11-15,3,21.749596073767695,0.2405687096228794,0.9779019278039224,0.106614162519253
xai-colossus1-tn,2016-11-15,4,21.89615810110889,0.4086933925624079,0.9779331044582578,0.1109004458005559
xai-colossus1-tn,2016-12-01,0,13.393505820276708,0.3665611513088814,0.971165756003806,0.1586812551908273
xai-colossus1-tn,2016-12-01,1,15.08801552560931,0.3290458470366089,0.968382902836296,0.1441635288911917
xai-colossus1-tn,2016-12-01,2,14.524489234996556,0.2725587185658191,0.97254214815881,0.1115134119745489
xai-colossus1-tn,2016-12-01,3,13.194413001257722,0.1972966927566164,0.9767164617996557,0.098691510974013
xai-colossus1-tn,2016-12-01,4,13.10752891955546,0.3428810492841654,0.97665814996584,0.1009805778405064
xai-colossus1-tn,2017-02-19,0,24.041656784886666,0.3767241618581998,0.97169777671101,0.1627799038000351
xai-colossus1-tn,2017-02-19,1,26.226834846050835,0.377880925582266,0.9687672024108486,0.1604396151571347
xai-colossus1-tn,2017-02-19,2,24.53248544163803,0.2576743535371081,0.972675065640124,0.115696794473718
xai-colossus1-tn,2017-02-19,3,20.48524670504309,0.0911279171183272,0.9781014926425688,0.0950990130825888
xai-colossus1-tn,2017-02-19,4,22.316438801092772,0.2518627238156428,0.9762676444436648,0.1047149265875227
xai-colossus1-tn,2017-03-23,0,26.56842448550349,0.467811700005138,0.9723933134534324,0.176716065734993
xai-colossus1-tn,2017-03-23,1,28.160946246892433,0.4908495535924784,0.9695255477228272,0.1813958785225345
xai-colossus1-tn,2017-03-23,2,26.48322157154216,0.3316875316834955,0.9730830011582468,0.1337951448753404
xai-colossus1-tn,2017-03-23,3,22.367805590755864,0.1687475627584878,0.9785039674064924,0.1086609672893926
xai-colossus1-tn,2017-03-23,4,23.96578303213877,0.2997270485472109,0.9770086463837306,0.1234125818434939
xai-colossus1-tn,2017-04-08,0,25.526704683963448,0.5494976054596775,0.9728284951856696,0.1836124805024838
xai-colossus1-tn,2017-04-08,1,28.245807976297527,0.5809051674292144,0.9702208594487391,0.1860115268246354
xai-colossus1-tn,2017-04-08,2,26.45593121302104,0.4353985179587196,0.9741388161534524,0.1413369977174887
xai-colossus1-tn,2017-04-08,3,22.6631274582467,0.3274164774526032,0.9799980166424892,0.1193034442413143
xai-colossus1-tn,2017-04-08,4,23.92482727548345,0.4585260878573869,0.9789708180008692,0.1364114030346834
xai-colossus1-tn,2017-04-24,0,25.50920343935176,0.5859245390916968,0.9730216035707456,0.1836176521171451
xai-colossus1-tn,2017-04-24,1,26.08298020733199,0.5991677455624835,0.9703045288924635,0.1543301131118354
xai-colossus1-tn,2017-04-24,2,25.716733149674877,0.4668246320494071,0.9746491799020512,0.13067234061581
xai-colossus1-tn,2017-04-24,3,22.475197164427843,0.3281510426908781,0.9806025686708552,0.1125204902697828
xai-colossus1-tn,2017-04-24,4,22.70346913256425,0.5127279014973756,0.9800342633560638,0.1296166823081552
xai-colossus1-tn,2017-05-10,0,30.218315512026376,0.5209558640661837,0.9738484708753686,0.2175254905379651
xai-colossus1-tn,2017-05-10,1,30.899277043010414,0.5691931587576504,0.9719710808114908,0.2240306904233658
xai-colossus1-tn,2017-05-10,2,33.83293741025717,0.4585623778987505,0.9733807387721872,0.1873775191491256
xai-colossus1-tn,2017-05-10,3,30.766697732326467,0.5740442505516368,0.9788584057536864,0.1797968202344921
xai-colossus1-tn,2017-05-10,4,29.96505162258062,0.5977551031076133,0.9795182704785416,0.1807448820354421
xai-colossus1-tn,2017-05-26,0,31.17609800538732,0.5369706051397648,0.9726698267178512,0.1956415735915197
xai-colossus1-tn,2017-05-26,1,33.48799303173401,0.5394061310652105,0.970061796436942,0.191319980781879
xai-colossus1-tn,2017-05-26,2,31.75959297763832,0.4765992668508505,0.9733480231220936,0.1530674548693435
xai-colossus1-tn,2017-05-26,3,28.266782321195443,0.3725799380022924,0.9793437531979042,0.1372236781719243
xai-colossus1-tn,2017-05-26,4,28.31123786413926,0.5288371370064141,0.979714494838196,0.1483438105698911
xai-colossus1-tn,2017-06-11,0,39.669624570483435,0.4721225162162735,0.9723484442401858,0.2083739712127552
xai-colossus1-tn,2017-06-11,1,41.80665715193724,0.5265170067864262,0.969971928835802,0.1964554815128148
xai-colossus1-tn,2017-06-11,2,39.02959753962062,0.4730455790201692,0.9740004975076004,0.1580600162870166
xai-colossus1-tn,2017-06-11,3,33.99042790772562,0.3741212837989895,0.9796740592619508,0.1400995135508602
xai-colossus1-tn,2017-06-11,4,33.82318067617606,0.5196391447186975,0.9796600588497654,0.1560477874279321
xai-colossus1-tn,2017-06-27,0,36.77844741487521,0.5106687995364665,0.9725654025817488,0.2013788732754028
xai-colossus1-tn,2017-06-27,1,37.9555566168991,0.5928366441744409,0.9701962851355423,0.1923450163427521
xai-colossus1-tn,2017-06-27,2,36.077576677078426,0.5145901932037066,0.9743775813486282,0.1551333924669866
xai-colossus1-tn,2017-06-27,3,32.149374797284665,0.4002616923724115,0.979698968393384,0.1383385466594254
xai-colossus1-tn,2017-06-27,4,31.6169269359941,0.5814710226648059,0.9804452310821314,0.1556624926713837
xai-colossus1-tn,2017-07-13,0,35.61134572819839,0.5565914464513445,0.9728188192837884,0.2016752035444841
xai-colossus1-tn,2017-07-13,1,36.23569848360411,0.66580054131532,0.9702790917671515,0.1921633235944796
xai-colossus1-tn,2017-07-13,2,35.23255495943466,0.5362219324260075,0.9746501244525332,0.1582425583035425
xai-colossus1-tn,2017-07-13,3,30.350992283597865,0.4516109495521906,0.9807054825319484,0.1378735386984796
xai-colossus1-tn,2017-07-13,4,30.5385975406784,0.6419610681652803,0.980749712635269,0.1606701292842622
xai-colossus1-tn,2017-07-29,0,32.31773532408635,0.4951477938588419,0.9723967048300374,0.1864086713570875
xai-colossus1-tn,2017-07-29,1,32.319243138640275,0.6299243516667445,0.969886714511454,0.1786773441533078
xai-colossus1-tn,2017-07-29,2,31.8295067630146,0.5031232411469242,0.9740831092985628,0.1459596524759909
xai-colossus1-tn,2017-07-29,3,28.584661345716164,0.4715002309877303,0.9798542285916864,0.1328991368077494
xai-colossus1-tn,2017-07-29,4,27.79682121294851,0.6326642658200283,0.9805122657687414,0.1477897395905771
xai-colossus1-tn,2017-09-15,0,35.03973326852929,0.5441145884830246,0.972828053110506,0.1747840312191066
xai-colossus1-tn,2017-09-15,1,36.06200084787579,0.6271378913459322,0.9697411016724462,0.1596014743728742
xai-colossus1-tn,2017-09-15,2,35.414838285627226,0.4754665274943125,0.9738915747601428,0.131055864920102
xai-colossus1-tn,2017-09-15,3,31.764804607305415,0.416181719926194,0.9787401808245508,0.1180603990237959
xai-colossus1-tn,2017-09-15,4,31.334053727084004,0.5866866521646135,0.9798637362567812,0.1260713291436238
xai-colossus1-tn,2017-10-01,0,15.411744290000012,0.5775650054819645,0.9770333333333332,0.1215295595833333
xai-colossus1-tn,2017-10-01,1,20.606714129863963,0.4342328220139737,0.9672677695906536,0.1600235268544595
xai-colossus1-tn,2017-10-01,2,22.134197397183737,0.4548205778767646,0.9734759914341972,0.143918478148463
xai-colossus1-tn,2017-10-01,3,22.650555204034266,0.3886182364596059,0.9734247564737796,0.1622643983604024
xai-colossus1-tn,2017-10-01,4,22.712000098848,0.4700322753178149,0.9786536112477352,0.1319677304694334
xai-colossus1-tn,2017-10-17,0,23.764105423075794,0.513966650768163,0.9724977333044348,0.1640335493202561
xai-colossus1-tn,2017-10-17,1,26.34152933578011,0.51523772358243,0.9703452176632156,0.1579457390471189
xai-colossus1-tn,2017-10-17,2,25.150127092307493,0.4183192095099331,0.9737192156723948,0.124854232248128
xai-colossus1-tn,2017-10-17,3,22.876001469504608,0.2883256728749845,0.9789351564793356,0.1060151312268318
xai-colossus1-tn,2017-10-17,4,22.001813999800103,0.4738605209573582,0.9791426387765122,0.1088545562611135
xai-colossus1-tn,2018-01-05,0,3.958482619653064,0.3100590160142019,0.970721164008112,0.1647578785805756
xai-colossus1-tn,2018-01-05,1,6.060071229389297,0.3532373935867675,0.9682015039746926,0.1571788023970118
xai-colossus1-tn,2018-01-05,2,4.603920998269739,0.2221322457118183,0.9721375554741696,0.1222138870623859
xai-colossus1-tn,2018-01-05,3,3.5504495406244145,0.0797918309019557,0.9769007447300376,0.097611555789779
xai-colossus1-tn,2018-01-05,4,3.354851579019214,0.2137627000502614,0.975096326539036,0.1033362521849339
xai-colossus1-tn,2018-01-21,4,11.987143111593856,0.0917400540182058,0.9718060923076922,0.2831054553861538
xai-colossus1-tn,2018-04-11,0,10.976839778167433,0.4450848858360144,0.9718337090743094,0.1857276713431563
xai-colossus1-tn,2018-04-11,1,11.336100701273052,0.4632126234301214,0.9691598190777416,0.1857233686809596
xai-colossus1-tn,2018-04-11,2,11.916519896672296,0.3680654847013665,0.9718063993273116,0.1520688055723579
xai-colossus1-tn,2018-04-11,3,9.49071299376264,0.2589882556991718,0.9738257012592916,0.1339659220381249
xai-colossus1-tn,2018-04-11,4,10.109970518895183,0.3208060429399131,0.9737914427172212,0.1329910216701935
xai-colossus1-tn,2018-04-27,0,25.532188796920117,0.5272978171159646,0.9731917755863644,0.1917902040143594
xai-colossus1-tn,2018-04-27,1,25.13292990712676,0.63155482271188,0.9717547860953492,0.1662807720728969
xai-colossus1-tn,2018-04-27,2,25.38757195140039,0.4387510527160387,0.9740239014872244,0.1263407057941983
xai-colossus1-tn,2018-04-27,3,22.156829560628513,0.3301686276414692,0.9794347831733116,0.1144192713470943
xai-colossus1-tn,2018-04-27,4,22.170256360984688,0.4471485441043322,0.9795806918993388,0.119684852678016
xai-colossus1-tn,2018-05-13,0,39.8297818771341,0.5116811254266653,0.9725067394179592,0.1992820391102361
xai-colossus1-tn,2018-05-13,1,42.13730995577472,0.5068816363187884,0.96991495399598,0.18507110512571
xai-colossus1-tn,2018-05-13,2,39.83805483161775,0.4387039484490994,0.9741678312928476,0.1522888288615632
xai-colossus1-tn,2018-05-13,3,34.671977720273894,0.3237171344617761,0.9802749358280244,0.1361302901345186
xai-colossus1-tn,2018-05-13,4,35.382035919803904,0.4976068389446888,0.979858498138861,0.1537427988210782
xai-colossus1-tn,2018-06-30,0,38.11861878816498,0.4559821125770258,0.9720736127334452,0.1956811351983922
xai-colossus1-tn,2018-06-30,1,38.006536651033144,0.5503935447729906,0.9695995126134196,0.1780160295726806
xai-colossus1-tn,2018-06-30,2,36.78168930153145,0.4778528786911989,0.9741826365699614,0.1514303591032673
xai-colossus1-tn,2018-06-30,3,32.2513352142847,0.4164383201672654,0.980267740277517,0.1354309283978093
xai-colossus1-tn,2018-06-30,4,32.17076174959545,0.5931364986508102,0.9802074593932024,0.154027019333772
xai-colossus1-tn,2018-07-16,0,37.53134175754233,0.5205559272211105,0.9726148208491794,0.1994036878759794
xai-colossus1-tn,2018-07-16,1,36.26203890639762,0.6817711563287775,0.9692423465097484,0.187093509729473
xai-colossus1-tn,2018-07-16,2,36.37554911750179,0.5439289050789806,0.9746029492444884,0.1517013866174892
xai-colossus1-tn,2018-07-16,3,33.24508090004182,0.4865143282390821,0.980494539804721,0.1343632460222793
xai-colossus1-tn,2018-07-16,4,33.25538706137643,0.6468821743634863,0.9808365698935482,0.1551454768300215
xai-colossus1-tn,2018-08-01,0,30.952914969836417,0.5745714001289824,0.9746405027932962,0.2066748912756884
xai-colossus1-tn,2018-08-01,1,32.272551019020774,0.7070699516815823,0.9689592979714878,0.2366206483386019
xai-colossus1-tn,2018-08-01,2,32.47204438785862,0.5517794653326745,0.974375030755863,0.1685097730788244
xai-colossus1-tn,2018-08-01,3,29.263177883965348,0.5355689009570329,0.9767683897095284,0.1679489953538958
xai-colossus1-tn,2018-08-01,4,28.353352482840325,0.6799512159186867,0.9802981130514408,0.173955968306519
xai-colossus1-tn,2018-09-02,0,35.30712482023242,0.551162489087101,0.9729439504076955,0.2036687722424439
xai-colossus1-tn,2018-09-02,1,34.2995201567049,0.6959330229956524,0.9709383259301144,0.179575695303661
xai-colossus1-tn,2018-09-02,2,33.34227023560778,0.5851125119163475,0.9749537814071708,0.1614287893481188
xai-colossus1-tn,2018-09-02,3,30.9938192750265,0.4642196471674081,0.9781987617443282,0.1521385253861443
xai-colossus1-tn,2018-09-02,4,31.044618219904223,0.5988369364295607,0.9789394552368738,0.1558309847927129
xai-colossus1-tn,2018-09-18,0,35.68326067077038,0.5427648526187784,0.9726730450552008,0.1743759593875982
xai-colossus1-tn,2018-09-18,1,35.436020279680676,0.6919246961307424,0.9700444235369692,0.1715848233276102
xai-colossus1-tn,2018-09-18,2,35.477869155597496,0.4836743649738991,0.9747767848863944,0.1330795121418704
xai-colossus1-tn,2018-09-18,3,30.975142096096658,0.4538635366283975,0.9808286226990776,0.1158687285146296
xai-colossus1-tn,2018-09-18,4,31.737940572588595,0.6106454300763413,0.9805108444832584,0.1246723926885558
xai-colossus1-tn,2018-10-04,0,31.348690713602757,0.5294454733702852,0.9725286329816974,0.1717573477038004
xai-colossus1-tn,2018-10-04,1,31.94442120430052,0.6600683759173646,0.9700696029630248,0.1601631253613138
xai-colossus1-tn,2018-10-04,2,30.896927413257792,0.456916125190446,0.9745572212537934,0.1257762410957102
xai-colossus1-tn,2018-10-04,3,27.340451857457698,0.3027694674001068,0.9801488560710364,0.1002841321699912
xai-colossus1-tn,2018-10-04,4,28.132108146616805,0.5386972813436579,0.9793226841452024,0.1157700398919236
xai-colossus1-tn,2018-10-20,0,13.39225292160696,0.4771504838825275,0.9684833280819228,0.0869522401276093
xai-colossus1-tn,2018-10-20,1,13.121383115436872,0.4923855327286679,0.9704132082362636,0.0772579416680731
xai-colossus1-tn,2018-10-20,2,12.970375222729464,0.3849848338378014,0.9722588877261568,0.0707682973090761
xai-colossus1-tn,2018-10-20,3,13.615648591082913,0.386506015949001,0.9776947083084382,0.0809250183378634
xai-colossus1-tn,2018-10-20,4,13.502809423879846,0.4133128003261863,0.9765254524566944,0.0958390391138798
xai-colossus1-tn,2018-11-21,0,12.60444859211004,0.3324178940462249,0.9716224101117792,0.1744245891982712
xai-colossus1-tn,2018-11-21,1,13.8063759193762,0.3884487744710025,0.96881976826003,0.1528682560577051
xai-colossus1-tn,2018-11-21,2,12.853004873024831,0.2880049357791905,0.9735830154151384,0.1115889829505008
xai-colossus1-tn,2018-11-21,3,10.561805221153904,0.1584880142708033,0.9793169143373858,0.0878402562203264
xai-colossus1-tn,2018-11-21,4,10.669396087377809,0.3303012107614325,0.9775415498946114,0.0985138430471287
xai-colossus1-tn,2018-12-23,4,5.265166416191563,0.1890749737953352,0.984920704225352,0.064024822505102
xai-colossus1-tn,2019-01-08,3,8.90326454000001,0.2949445361018334,0.9769,0.088464105
xai-colossus1-tn,2019-01-08,4,9.570059105406813,0.3109583306512404,0.971755007978796,0.1069394083263977
xai-colossus1-tn,2019-01-24,0,6.013626329676476,0.3495933240033564,0.9713952691649064,0.1467953364828584
xai-colossus1-tn,2019-01-24,1,6.7333603281558405,0.4228529949074067,0.9686939951609796,0.1253126579208613
xai-colossus1-tn,2019-01-24,2,6.507651683285107,0.2390028279074676,0.9735332086341164,0.0972096705655658
xai-colossus1-tn,2019-01-24,3,5.316800671438338,0.0823474242751744,0.9788010574934825,0.0768694895334921
xai-colossus1-tn,2019-01-24,4,5.076600435860266,0.2294311065967609,0.976342049413191,0.0811286637508875
xai-colossus1-tn,2019-02-25,0,8.717772098411137,0.324869407216487,0.9712701657232308,0.1715881347290843
xai-colossus1-tn,2019-02-25,1,9.007496038482962,0.3788705366210855,0.9686005711679854,0.1510056661509185
xai-colossus1-tn,2019-02-25,2,7.3165362041188065,0.2068597657018965,0.9724138808512728,0.1188116718851795
xai-colossus1-tn,2019-02-25,3,4.277839471488192,0.0399974450243514,0.978640832813654,0.0937220843255786
xai-colossus1-tn,2019-02-25,4,4.244438704796874,0.0761429654444741,0.9775553195056976,0.0912820737341858
xai-colossus1-tn,2019-03-29,0,5.986377450909121,0.2600360986289793,0.9738386809269162,0.0698469370833333
xai-colossus1-tn,2019-03-29,1,10.953779347657006,0.4160542975014803,0.970607677858206,0.1324482344637216
xai-colossus1-tn,2019-03-29,2,10.050057085940631,0.3834096147106671,0.9705460669251506,0.132514624581172
xai-colossus1-tn,2019-03-29,3,9.06218853982167,0.4381944070156519,0.9772719765530028,0.1298944294627079
xai-colossus1-tn,2019-03-29,4,7.953019155523102,0.4335259375830577,0.9791690127027868,0.1191171139567448
xai-colossus1-tn,2019-05-16,0,34.92078791650767,0.5635250795174559,0.9728162445061566,0.1951691071015001
xai-colossus1-tn,2019-05-16,1,35.77563977843875,0.5726572523948359,0.9700322425085336,0.1854878304728309
xai-colossus1-tn,2019-05-16,2,34.27903673641878,0.45710213515327,0.9750263125020798,0.1444629269936294
xai-colossus1-tn,2019-05-16,3,29.75450538718664,0.298723092502656,0.9813658821111952,0.11989097451946
xai-colossus1-tn,2019-05-16,4,29.723154039072607,0.4763084133501139,0.981747863883148,0.1322536628576938
xai-colossus1-tn,2019-06-01,0,38.86424966246118,0.4452290133654145,0.9722404092373852,0.1982067692668244
xai-colossus1-tn,2019-06-01,1,39.69260406350515,0.5068994986256501,0.9696606524344332,0.1922167791482816
xai-colossus1-tn,2019-06-01,2,37.13223999164471,0.4525412886489482,0.974621820727938,0.153138116179893
xai-colossus1-tn,2019-06-01,3,32.538396064367944,0.3611058918808086,0.9807310712524078,0.1347997501940745
xai-colossus1-tn,2019-06-01,4,32.3177815628516,0.5387331469961214,0.9800984556656854,0.1534425703104242
xai-colossus1-tn,2019-07-03,0,35.943528375337515,0.4760627550831923,0.9724458696063208,0.2113932352566651
xai-colossus1-tn,2019-07-03,1,35.209988874544635,0.6409129926477132,0.9684844760326032,0.1952987191103988
xai-colossus1-tn,2019-07-03,2,33.391307692939236,0.5279346602580343,0.9763802656191296,0.1545781927632457
xai-colossus1-tn,2019-07-03,3,31.01182399028703,0.2982039525860162,0.9820908820694404,0.1291851437270968
xai-colossus1-tn,2019-07-03,4,30.512224437803447,0.523405038853589,0.9822929580790084,0.1430533025017195
xai-colossus1-tn,2019-07-19,4,17.041711896076574,0.6511111571532303,0.9818136044657096,0.1941754967499999
xai-colossus1-tn,2019-08-04,1,33.64340263785435,0.7142104542145234,0.9643314488765402,0.1837101808247615
xai-colossus1-tn,2019-08-04,2,32.230762498853785,0.544153225903993,0.9781921258045948,0.122143656887983
xai-colossus1-tn,2019-08-04,3,31.068014176658473,0.2932979992155809,0.9821047086643144,0.1037232458615408
xai-colossus1-tn,2019-08-04,4,32.262560359484326,0.5085105717589229,0.9796944800771809,0.1351650853248039
xai-colossus1-tn,2019-08-20,0,36.54439832730965,0.5705810681671788,0.9731118779357698,0.2015669527574022
xai-colossus1-tn,2019-08-20,1,35.722724599404245,0.6834421484526536,0.9710516523833678,0.1929859157799825
xai-colossus1-tn,2019-08-20,2,37.152273953657485,0.5242125052811264,0.9739369761809584,0.1589598987057117
xai-colossus1-tn,2019-08-20,3,33.50058908500187,0.4773912523982895,0.9794633875720328,0.1354366222154688
xai-colossus1-tn,2019-08-20,4,32.87325990694936,0.6013631074948742,0.980417912248454,0.1410254544175078
xai-colossus1-tn,2019-09-05,0,35.132579415304065,0.5693022220423548,0.9730812516191788,0.185352399419073
xai-colossus1-tn,2019-09-05,1,34.95059478826219,0.6811999522035822,0.9701964039142428,0.181732283524311
xai-colossus1-tn,2019-09-05,2,35.138584248345964,0.5096041221123052,0.9744040799784216,0.1423538566959117
xai-colossus1-tn,2019-09-05,3,31.104436697220702,0.4414120341210142,0.979904123860632,0.1254131402718208
xai-colossus1-tn,2019-09-05,4,31.11205108612186,0.5927944178863916,0.980047808810958,0.1350279068114216
xai-colossus1-tn,2019-09-21,0,35.674271697152335,0.4987050391442623,0.9725470795704004,0.1763921099115077
xai-colossus1-tn,2019-09-21,1,36.76911149976635,0.5969059278532323,0.9697642997283538,0.1747939547915616
xai-colossus1-tn,2019-09-21,2,35.87551897084432,0.4402749159914242,0.9739957139621622,0.1396976562386606
xai-colossus1-tn,2019-09-21,3,32.38639577562147,0.3760588605587621,0.9793660059386764,0.1198410256853846
xai-colossus1-tn,2019-09-21,4,32.07850730936068,0.5464892551540838,0.9796998726647044,0.1263185883605487
xai-colossus1-tn,2019-10-23,0,23.480304402068423,0.3763640811226745,0.9714943221575936,0.1792048119651501
xai-colossus1-tn,2019-10-23,1,24.375766555174653,0.4632096649159305,0.969066178545676,0.1582278827458009
xai-colossus1-tn,2019-10-23,2,22.586617199123115,0.391182905121312,0.974274413073346,0.1198692233391209
xai-colossus1-tn,2019-10-23,3,20.146215705733848,0.2912485329364998,0.980007437486656,0.0972583716139633
xai-colossus1-tn,2019-10-23,4,20.15933605423629,0.4903601852325684,0.9793782616765496,0.106058775409549
xai-colossus1-tn,2019-11-08,0,1.0984113479082451,0.344360156000306,0.9710706580133884,0.1618017568619739
xai-colossus1-tn,2019-11-08,1,2.0281792223761195,0.3526195882719388,0.9688076995153906,0.1422775505657058
xai-colossus1-tn,2019-11-08,2,2.4954557055867626,0.3302694772756248,0.972105778894688,0.1185791242777222
xai-colossus1-tn,2019-11-08,3,3.0012425762994455,0.2938375551498575,0.9785126326967042,0.1046926610410932
xai-colossus1-tn,2019-11-08,4,1.287448077482685,0.3989529191804829,0.9757250554618432,0.1126017320796664
xai-colossus1-tn,2019-11-24,0,12.039993596784557,0.3115205063725293,0.9711465293751088,0.1545232539618152
xai-colossus1-tn,2019-11-24,1,13.75353990291855,0.3704682526595678,0.968621236998366,0.1319325295518551
xai-colossus1-tn,2019-11-24,2,12.830693895202264,0.2520335426862495,0.973413376568626,0.1022549966220543
xai-colossus1-tn,2019-11-24,3,10.893776937525244,0.1409132302298288,0.9785741558380746,0.0809232307310475
xai-colossus1-tn,2019-11-24,4,10.991191153683072,0.3000931892430061,0.97710344902483,0.0852965902737166
xai-colossus1-tn,2020-01-27,0,12.095008596855454,0.3535041048532581,0.9713341854934622,0.184336895025324
xai-colossus1-tn,2020-01-27,1,13.252639627538306,0.407887666102351,0.969311125495033,0.1426621760846286
xai-colossus1-tn,2020-01-27,2,12.994222357613747,0.2872320844425338,0.9717827648646944,0.1141089367217466
xai-colossus1-tn,2020-01-27,3,10.292461246836638,0.1227555084312271,0.9780867439548884,0.0796253537274537
xai-colossus1-tn,2020-01-27,4,9.770408601404393,0.172085584630265,0.9781495518292584,0.0851261692208486
xai-colossus1-tn,2020-02-28,0,12.729896023339874,0.4085268329059859,0.9702413989625528,0.1535406225351219
xai-colossus1-tn,2020-02-28,1,13.194700542833884,0.4484248653116627,0.9677867346639184,0.1087014075480466
xai-colossus1-tn,2020-02-28,2,13.789667972994971,0.2680132531672569,0.971625010009934,0.1178147170108668
xai-colossus1-tn,2020-02-28,3,11.573305520448958,0.2322522238698196,0.9782775580905064,0.0920864648783125
xai-colossus1-tn,2020-02-28,4,11.03231149571905,0.2673600749373716,0.9775321015835804,0.0848693058645027
xai-colossus1-tn,2020-04-16,0,25.4105561273759,0.5614777219825414,0.9729316590839888,0.1845338498708633
xai-colossus1-tn,2020-04-16,1,26.05860654326732,0.572492636019904,0.97037224411447,0.1654381707313865
xai-colossus1-tn,2020-04-16,2,25.072055404788173,0.4068024323163751,0.9748619677032384,0.1278247464362073
xai-colossus1-tn,2020-04-16,3,21.170582677820764,0.2181059401565778,0.9808436998053428,0.1039226832243461
xai-colossus1-tn,2020-04-16,4,21.231071637835697,0.412817719689473,0.9801522172982766,0.1098261563266953
xai-colossus1-tn,2020-05-02,0,30.596929326457783,0.5649435472151386,0.9729249651166486,0.192739862357785
xai-colossus1-tn,2020-05-02,1,31.684751265606337,0.5808285335995503,0.9702214454640622,0.1782647757633425
xai-colossus1-tn,2020-05-02,2,30.44309246530369,0.4525177979724377,0.9747854353267572,0.1398248983552851
xai-colossus1-tn,2020-05-02,3,26.32422012644716,0.3180160932423511,0.9806008473785868,0.1238057346063617
xai-colossus1-tn,2020-05-02,4,27.01412024993277,0.4964416296166531,0.9801840420127746,0.1314497303689349
xai-colossus1-tn,2020-05-18,0,29.98785594705504,0.5969108413486184,0.9730186070293936,0.2025273932125292
xai-colossus1-tn,2020-05-18,1,29.8854012929443,0.6130642490154805,0.9701721624541132,0.1650339569076328
xai-colossus1-tn,2020-05-18,2,29.43727861491835,0.4926583478699108,0.9749293688423348,0.1355370000278003
xai-colossus1-tn,2020-05-18,3,25.951453292282196,0.342227112268677,0.9789500643007902,0.1189367902974266
xai-colossus1-tn,2020-05-18,4,26.37114658617375,0.537458006313358,0.97981648854736,0.1360356164182591
xai-colossus1-tn,2020-06-03,0,38.98268359950566,0.5395374745935129,0.9727438175793914,0.1999752932491627
xai-colossus1-tn,2020-06-03,1,41.34657853057611,0.5384808596839382,0.9698943260445028,0.1882849911983431
xai-colossus1-tn,2020-06-03,2,38.46726202335467,0.4574574885444639,0.9750166832632142,0.1529530194210472
xai-colossus1-tn,2020-06-03,3,33.00866048356072,0.3466822952389278,0.9803737276710296,0.1366627845195953
xai-colossus1-tn,2020-06-03,4,33.85918784976793,0.559785616761436,0.98036095563683,0.1578341280622682
xai-colossus1-tn,2020-06-19,0,40.32856443728457,0.503118795345095,0.9724963434976072,0.1923298831969509
xai-colossus1-tn,2020-06-19,1,43.36430007686664,0.5108938880734949,0.969795794264382,0.1947294328544688
xai-colossus1-tn,2020-06-19,2,41.28735805270665,0.4403371180287242,0.9738094993341802,0.1591177401433438
xai-colossus1-tn,2020-06-19,3,36.05577484370921,0.3453925331581035,0.9801417724161904,0.1402926324105781
xai-colossus1-tn,2020-06-19,4,36.16088725014074,0.5372025814502498,0.980229342507742,0.159354877380241
xai-colossus1-tn,2020-07-05,2,34.74170828064853,0.5433350540519505,0.9567046437149722,0.1497803156124899
xai-colossus1-tn,2020-07-05,3,29.2304842029346,0.5149116518124183,0.9727681445595632,0.160557475950544
xai-colossus1-tn,2020-07-05,4,25.549564321052515,0.7567406768212265,0.9827952317943264,0.1938126218818498
xai-colossus1-tn,2020-07-21,0,32.05049783113787,0.5252421775464959,0.9730272943750806,0.1369894883098782
xai-colossus1-tn,2020-07-21,1,33.57814453179568,0.6298237745765951,0.9704530694445108,0.1517431816074318
xai-colossus1-tn,2020-07-21,2,32.80595177865579,0.5244573145025058,0.9741576246799952,0.1661851384658199
xai-colossus1-tn,2020-07-21,3,30.603514388578667,0.3874397779817955,0.9790109372949224,0.1422333693522798
xai-colossus1-tn,2020-07-21,4,29.991514501364936,0.6031298654566035,0.9806842169331494,0.1567809692832416
xai-colossus1-tn,2020-08-06,0,26.55949123695102,0.4383478685897634,0.9719356299224504,0.1711757567690939
xai-colossus1-tn,2020-08-06,1,26.670500867747716,0.5471791029993591,0.9697546018598326,0.1729894507562786
xai-colossus1-tn,2020-08-06,2,25.115758629668555,0.5218219805125434,0.9743708585713308,0.1448046189120663
xai-colossus1-tn,2020-08-06,3,22.52408889369937,0.4430934562692555,0.9797263086776336,0.1253088831992748
xai-colossus1-tn,2020-08-06,4,22.48501537205404,0.6076766032301074,0.9795407204092904,0.1431649167308254
xai-colossus1-tn,2020-08-22,0,38.13282637904087,0.3694718549082247,0.9718030079220444,0.1790088223890778
xai-colossus1-tn,2020-08-22,1,36.59992206013718,0.5645538073394366,0.9696611157319664,0.1720201251798991
xai-colossus1-tn,2020-08-22,2,34.93605620759218,0.4703753260761247,0.974244824728709,0.143656358269373
xai-colossus1-tn,2020-08-22,3,31.28740801889589,0.4568903177302804,0.9787274743265798,0.1350711710806215
xai-colossus1-tn,2020-08-22,4,29.732377938685083,0.6192691685694425,0.979830214948268,0.150766581202697
xai-colossus1-tn,2020-09-07,0,38.77492886872002,0.4419325599398345,0.9724042328162574,0.1817078421611657
xai-colossus1-tn,2020-09-07,1,37.994096262940346,0.6351643961377812,0.9700877671573852,0.1711995660493658
xai-colossus1-tn,2020-09-07,2,36.359550427126145,0.5143177173847088,0.9744227583772512,0.1388001445152104
xai-colossus1-tn,2020-09-07,3,33.075197538963955,0.4195939061793232,0.9797733401591354,0.1243278815393165
xai-colossus1-tn,2020-09-07,4,32.15603303126463,0.6185345299645659,0.9804364323045908,0.1344559108986841
xai-colossus1-tn,2020-11-26,0,16.406264017830956,0.3731559237006174,0.9717781810411622,0.1941933571268999
xai-colossus1-tn,2020-11-26,1,16.77947467567155,0.4231841631734774,0.9695003355386836,0.1558381247620168
xai-colossus1-tn,2020-11-26,2,15.934315084608532,0.332309845048693,0.9730734029932956,0.1152435514462904
xai-colossus1-tn,2020-11-26,3,14.547788519749153,0.1573734952189551,0.9777388246469952,0.0970425070583462
xai-colossus1-tn,2020-11-26,4,14.296740179750602,0.3328640603697861,0.9768335533526472,0.1039366243168782
xai-colossus1-tn,2020-12-12,0,14.628838407334026,0.3567024123893905,0.971844009565038,0.1496991596750769
xai-colossus1-tn,2020-12-12,1,15.597189778308614,0.4430744025662839,0.9697395515515572,0.1420403354115454
xai-colossus1-tn,2020-12-12,2,15.203524044211836,0.2943195879387386,0.9731544776090952,0.1073952385015113
xai-colossus1-tn,2020-12-12,3,13.290859937064909,0.140387583498228,0.977916841073452,0.0867495262917784
xai-colossus1-tn,2020-12-12,4,13.607256904772145,0.2977324276341003,0.9767665107181224,0.0951236992417675
xai-colossus1-tn,2020-12-28,0,11.769555136236724,0.3261327608020177,0.9712237534671304,0.1633218613282847
xai-colossus1-tn,2020-12-28,1,12.70548938428259,0.4132034996736491,0.9687428866860284,0.1609978584325112
xai-colossus1-tn,2020-12-28,2,12.006181910810415,0.2645303155369207,0.9726844798292936,0.120090340822877
xai-colossus1-tn,2020-12-28,3,10.198845831960671,0.1119193171806331,0.9774727207521918,0.095352667227717
xai-colossus1-tn,2020-12-28,4,10.622760466813087,0.2647616684810874,0.975731264878154,0.1028484915579451
xai-colossus1-tn,2021-01-13,0,7.21627500503426,0.3410678362687046,0.971639319604042,0.1455780078127341
xai-colossus1-tn,2021-01-13,1,8.210258777157646,0.4310668932871903,0.9704356107735084,0.1410207593788882
xai-colossus1-tn,2021-01-13,2,7.97476009817025,0.2626730900070588,0.9733309238174008,0.1073651505154136
xai-colossus1-tn,2021-01-13,3,6.561163947858598,0.136867630037089,0.9785756349136764,0.0873556839791591
xai-colossus1-tn,2021-01-13,4,7.014063038890242,0.2798284089261394,0.9766586182819836,0.0969030343313893
xai-colossus1-tn,2021-01-29,0,10.59673908535091,0.34749489215427,0.9716629113849258,0.1846118326308635
xai-colossus1-tn,2021-01-29,1,11.019800301853603,0.4431624738759196,0.9692336995171584,0.170150771325803
xai-colossus1-tn,2021-01-29,2,9.818591651747344,0.2711509269660311,0.9725488749083916,0.1269699693898262
xai-colossus1-tn,2021-01-29,3,7.517901232305628,0.0582282647539605,0.9773690014735534,0.0935727468354031
xai-colossus1-tn,2021-01-29,4,7.424872275706145,0.2284745793682051,0.9755159545050393,0.083327456797931
xai-colossus1-tn,2021-04-03,0,21.585852547146587,0.5248664570736089,0.9730273455758084,0.1918640401982491
xai-colossus1-tn,2021-04-03,1,22.827561052488328,0.5890340835379424,0.970120672190482,0.1756613767209199
xai-colossus1-tn,2021-04-03,2,22.651527573260807,0.3410552691610085,0.97418079825357,0.1272565308921828
xai-colossus1-tn,2021-04-03,3,19.512458621584408,0.1510769331500687,0.9799412543927016,0.1038014676786823
xai-colossus1-tn,2021-04-03,4,19.898229049714207,0.3259663066951475,0.9784192018043452,0.1070029237635169
xai-colossus1-tn,2021-04-19,0,26.756741670858823,0.5707279394565952,0.9731564610329112,0.2065104927961904
xai-colossus1-tn,2021-04-19,1,27.17599420390574,0.6469199179557052,0.97053348801835,0.1919132364464375
xai-colossus1-tn,2021-04-19,2,27.16331570061284,0.4435928538241827,0.9745142896392792,0.1437949183476113
xai-colossus1-tn,2021-04-19,3,23.22121090991349,0.2855917643274918,0.9806231155865044,0.1210026428296494
xai-colossus1-tn,2021-04-19,4,23.47081453301341,0.4783957553785167,0.9798363162734092,0.1308459250231056
xai-colossus1-tn,2021-05-05,0,26.203765910290812,0.6095033726176576,0.973304245087924,0.2081070361366513
xai-colossus1-tn,2021-05-05,1,25.741990487009684,0.6515014407740198,0.9706332728941208,0.1820561907584171
xai-colossus1-tn,2021-05-05,2,26.78385517479831,0.4863730453568008,0.9731814774043802,0.146940372598654
xai-colossus1-tn,2021-05-05,3,23.80420436355786,0.3787094392783087,0.9785665082411052,0.1303168306258749
xai-colossus1-tn,2021-05-05,4,23.230728442043713,0.5318568836155383,0.9787987599756868,0.144906713254647
xai-colossus1-tn,2021-05-21,0,9.205593283508488,0.6829257217105128,0.9707610089245948,0.2006456035594449
xai-colossus1-tn,2021-05-21,1,14.388680505082768,0.5129810117011261,0.9682615319660156,0.1928211700315488
xai-colossus1-tn,2021-05-21,2,14.426761849853875,0.5401505220426299,0.9726200989292552,0.1599053864811539
xai-colossus1-tn,2021-05-21,3,12.499346275768318,0.4438267462818466,0.9755308452813471,0.1537617123284561
xai-colossus1-tn,2021-05-21,4,14.729966414719224,0.5530128303055478,0.9775217023054918,0.1650757119716438
xai-colossus1-tn,2021-06-22,0,37.6794780430361,0.3807408305593991,0.9716889382280622,0.1992936714847468
xai-colossus1-tn,2021-06-22,1,38.024482847102114,0.5049351240795561,0.9695691396573896,0.1939568741266886
xai-colossus1-tn,2021-06-22,2,35.8758810562553,0.4535688411666549,0.9736539366163116,0.1610934684700667
xai-colossus1-tn,2021-06-22,3,32.45245704823695,0.3731608539791272,0.9790801995774104,0.1463766200987618
xai-colossus1-tn,2021-06-22,4,31.02910607667575,0.5853998109392283,0.9795483410420176,0.1605817629753451
xai-colossus1-tn,2021-07-08,0,39.655240207896306,0.4692320421059112,0.9724411178125528,0.2012418632584459
xai-colossus1-tn,2021-07-08,1,39.25094350431742,0.5668512450425748,0.9685380850687014,0.1968327782688579
xai-colossus1-tn,2021-07-08,2,37.5577158739618,0.4865732318930171,0.9741397274302582,0.1591267536766677
xai-colossus1-tn,2021-07-08,3,33.22757587280565,0.4420951657667967,0.9804661039868448,0.1484667681862683
xai-colossus1-tn,2021-07-08,4,32.37036298053095,0.6229273215125137,0.9804732838537286,0.1638535248785512
xai-colossus1-tn,2021-07-24,0,39.37678551970234,0.5760713274437275,0.972921970700539,0.2256915836772383
xai-colossus1-tn,2021-07-24,1,37.2293047579886,0.7280206067742038,0.9699942487000964,0.2095809925710762
xai-colossus1-tn,2021-07-24,2,38.54822759857811,0.5613641789706909,0.974209732704328,0.1728772600326915
xai-colossus1-tn,2021-07-24,3,34.484472833426686,0.5062928576939855,0.9787115976151208,0.1451245665661655
xai-colossus1-tn,2021-07-24,4,34.32735563790301,0.70847138868156,0.978578316732894,0.1749690265781421
xai-colossus1-tn,2021-08-09,0,39.92558465171841,0.5356076235693069,0.97246036944242,0.2022970505363862
xai-colossus1-tn,2021-08-09,1,41.41578397667588,0.6087702514152388,0.9694965000600566,0.2067615048085705
xai-colossus1-tn,2021-08-09,2,40.83014520204679,0.4938641673414728,0.9740470480742092,0.1598816591845988
xai-colossus1-tn,2021-08-09,3,36.57230779551936,0.4814857606323588,0.9783701123058912,0.1521532024519219
xai-colossus1-tn,2021-08-09,4,35.25879657805942,0.6808056135440832,0.9792755731857966,0.1648974078556172
xai-colossus1-tn,2021-08-25,0,39.73850222284267,0.5832175190035269,0.9730160946506063,0.2255397181835897
xai-colossus1-tn,2021-08-25,1,40.95327372565597,0.683583501911968,0.9694626572478126,0.208885604331099
xai-colossus1-tn,2021-08-25,2,42.36730225406168,0.4878797983257969,0.973381046132669,0.1477055455984117
xai-colossus1-tn,2021-08-25,3,36.5300501450516,0.4408308212051486,0.98002790821499,0.1306656629829018
xai-colossus1-tn,2021-08-25,4,36.121993087510695,0.5936895987496915,0.9807877513714248,0.1379658887426988
xai-colossus1-tn,2021-09-10,0,34.74428100888567,0.5595766130717876,0.972784375894809,0.1919235866921946
xai-colossus1-tn,2021-09-10,1,35.61922744835655,0.6451824133822468,0.969822254340952,0.1803184105127181
xai-colossus1-tn,2021-09-10,2,35.091943953078264,0.4806390738875329,0.9741017998120496,0.1413669378520621
xai-colossus1-tn,2021-09-10,3,29.953562815042705,0.432113303595994,0.9801506945371484,0.1221546768121939
xai-colossus1-tn,2021-09-10,4,29.906913278773803,0.5919265449270342,0.9801111277403424,0.1303965547640663
xai-colossus1-tn,2021-09-26,0,33.583448501279904,0.5446269357542454,0.972424024743316,0.1809407255626445
xai-colossus1-tn,2021-09-26,1,35.11125773993077,0.5755656435064107,0.9695527303193238,0.1621759800423416
xai-colossus1-tn,2021-09-26,2,33.443530496501836,0.4451992155434797,0.973995212606154,0.1328205527370114
xai-colossus1-tn,2021-09-26,3,29.172160368910156,0.3271130736715079,0.9797209098998166,0.1104486546569585
xai-colossus1-tn,2021-09-26,4,29.441229594421777,0.5198328372366593,0.9797022263020426,0.1150251622475894
xai-colossus1-tn,2021-10-12,0,30.90970996284503,0.4707237508101262,0.9724373776533152,0.1614555375283689
xai-colossus1-tn,2021-10-12,1,31.117329341155752,0.559481253723704,0.970013165346314,0.1466443794497281
xai-colossus1-tn,2021-10-12,2,29.791546304793556,0.4403236804392366,0.9740227211147712,0.1237806387033308
xai-colossus1-tn,2021-10-12,3,27.431037406587073,0.2958508790052407,0.979132356499835,0.1026506249084039
xai-colossus1-tn,2021-10-12,4,27.280601347422134,0.489625062038579,0.9791523833779416,0.110494760016914
xai-colossus1-tn,2021-11-13,0,13.066369709806889,0.418784899429716,0.9723020051487729,0.1820826846936891
xai-colossus1-tn,2021-11-13,1,13.731398803231691,0.5300657427391298,0.9695713035915756,0.1689742531065131
xai-colossus1-tn,2021-11-13,2,13.219601387931425,0.3752435915099983,0.9736500071060952,0.1191780137070426
xai-colossus1-tn,2021-11-13,3,11.823974816220211,0.2267467673194202,0.9788674441765676,0.0975380805652092
xai-colossus1-tn,2021-11-13,4,11.153629601231316,0.3983357179981831,0.9781452375822351,0.1024169612076015
xai-colossus1-tn,2021-11-29,0,13.4830863693229,0.4163344585229879,0.9723353726081222,0.1849665968857974
xai-colossus1-tn,2021-11-29,1,14.587671041163944,0.5114100649651386,0.9692998226977834,0.1756537854185702
xai-colossus1-tn,2021-11-29,2,13.748591315119738,0.3201615101211901,0.9729942166785548,0.1232695627813886
xai-colossus1-tn,2021-11-29,3,12.214273011024428,0.1609376743878965,0.9777535461333412,0.10120590092386
xai-colossus1-tn,2021-11-29,4,12.140760007199775,0.3232993059885008,0.9768545527943864,0.1020930336696084
xai-colossus1-tn,2022-02-01,0,19.344069607165057,0.4193194219532899,0.972148358906522,0.1952199859252897
xai-colossus1-tn,2022-02-01,1,21.205952081316106,0.4816270880272091,0.9692438134325984,0.1805753219558451
xai-colossus1-tn,2022-02-01,2,18.890676486610115,0.2655040938414545,0.9723794892452656,0.1314832015660968
xai-colossus1-tn,2022-02-01,3,15.497161051398866,0.1227031721955819,0.976160567941275,0.1092576075543419
xai-colossus1-tn,2022-02-01,4,16.5914385071157,0.3353320940784862,0.9741002718422832,0.1307682848448871
xai-colossus1-tn,2022-04-22,0,29.3088452294144,0.5855489045296588,0.9730841522777588,0.1941066539219453
xai-colossus1-tn,2022-04-22,1,29.60591843136531,0.6476384992557804,0.9702524754905298,0.1667257495276615
xai-colossus1-tn,2022-04-22,2,28.846556039506165,0.4473974825674948,0.9743353640666436,0.1354496410736452
xai-colossus1-tn,2022-04-22,3,24.921250340476508,0.3081343534596457,0.9802622035794188,0.1155972214532677
xai-colossus1-tn,2022-04-22,4,26.16269220507356,0.5039034081625179,0.9794399140340933,0.1275971172953362
xai-colossus1-tn,2022-05-08,0,22.60262719876244,0.4842907131151865,0.9726092952560402,0.1990093366127679
xai-colossus1-tn,2022-05-08,1,20.986127321224696,0.5631683468413078,0.9697409304773824,0.1842463407407411
xai-colossus1-tn,2022-05-08,2,20.216944796944503,0.5008146583210149,0.9728660262331096,0.1669804654295921
xai-colossus1-tn,2022-05-08,3,19.11597090530726,0.5001113873588364,0.9768907794121192,0.1596665356551765
xai-colossus1-tn,2022-05-08,4,19.311729375346065,0.5788329465885995,0.9794073205442214,0.1572265572142099
xai-colossus1-tn,2022-06-09,0,38.708549071330886,0.4110897166201746,0.97210394056877,0.190189595982063
xai-colossus1-tn,2022-06-09,1,36.9704262758012,0.5381959585335413,0.969830509915142,0.1595409141021563
xai-colossus1-tn,2022-06-09,2,34.81177177585978,0.4779063071792383,0.9740944611816524,0.1478171217774647
xai-colossus1-tn,2022-06-09,3,30.9276017808317,0.4150750883442479,0.9798473165604256,0.1345104899909719
xai-colossus1-tn,2022-06-09,4,31.005878414091452,0.583612272696951,0.980457480584066,0.1536555669168216
xai-colossus1-tn,2022-06-25,0,44.0384413445534,0.4086827684357516,0.9720681300251356,0.1944295362749012
xai-colossus1-tn,2022-06-25,1,44.30840816064279,0.4955470974984403,0.9696355437685874,0.1836571584742239
xai-colossus1-tn,2022-06-25,2,41.824739422380944,0.4474718418833951,0.973684865988172,0.1623762986439874
xai-colossus1-tn,2022-06-25,3,36.88309991398608,0.3589408694846369,0.9797774125344976,0.1398202887442943
xai-colossus1-tn,2022-06-25,4,36.77497983556476,0.5407997245409694,0.9800325319340268,0.1633403646754204
xai-colossus1-tn,2022-07-11,0,44.49002787447696,0.4334580365811337,0.97196133515742,0.1988952930691555
xai-colossus1-tn,2022-07-11,1,45.22728666035157,0.5092746451655236,0.9695659932338564,0.1871681785732502
xai-colossus1-tn,2022-07-11,2,42.75567183885998,0.439178693537353,0.9734538997653324,0.1619405740539883
xai-colossus1-tn,2022-07-11,3,38.222352226036875,0.376262533996312,0.9787457091374868,0.1456816337783909
xai-colossus1-tn,2022-07-11,4,37.060645677173525,0.567073842026214,0.9796122112742964,0.1631555405626149
xai-colossus1-tn,2022-07-27,4,12.93808221202776,0.7894148165293354,0.9819977070212804,0.2100626372724262
xai-colossus1-tn,2022-08-12,0,36.18933373511289,0.5988411344668529,0.972857505942669,0.20786826431198
xai-colossus1-tn,2022-08-12,1,35.09708880107747,0.720483927892379,0.970256686074258,0.1893676690585803
xai-colossus1-tn,2022-08-12,2,35.02079887990423,0.5468659259589282,0.9745542918358188,0.1470967136697245
xai-colossus1-tn,2022-08-12,3,31.761724058340977,0.4463975533960405,0.9801755365895444,0.1323483523308602
xai-colossus1-tn,2022-08-12,4,31.31532394609193,0.6403611526789239,0.9808738370282868,0.1501585767254266
xai-colossus1-tn,2022-08-28,0,35.16881683709165,0.6489054450152612,0.9734409705525444,0.2193199902986558
xai-colossus1-tn,2022-08-28,1,34.53059860849706,0.7716210102058766,0.9706564753974032,0.2134117192462268
xai-colossus1-tn,2022-08-28,2,35.435172868005665,0.5741008224218956,0.9744538546628506,0.1661245426143704
xai-colossus1-tn,2022-08-28,3,31.78407089435731,0.6093324351185041,0.9780258954631608,0.1619440030386529
xai-colossus1-tn,2022-08-28,4,30.80237345596485,0.7158124077524349,0.9812647176433906,0.1624698340616879
xai-colossus1-tn,2022-09-13,0,33.09205527970968,0.5856932259694118,0.9729245892400208,0.1890035386296636
xai-colossus1-tn,2022-09-13,1,33.198380029698576,0.685531128006306,0.9699740971530983,0.1833881358338787
xai-colossus1-tn,2022-09-13,2,32.58120771081866,0.512676337412388,0.9741585560768752,0.140941507871083
xai-colossus1-tn,2022-09-13,3,29.400978013673026,0.4486722915902441,0.9791331148351212,0.1270480521111668
xai-colossus1-tn,2022-09-13,4,28.62205427491933,0.6333303851973783,0.9801721714334464,0.1347755983096588
xai-colossus1-tn,2022-09-29,0,27.234043570827687,0.5270555319079795,0.9725556685825436,0.1815044903251996
xai-colossus1-tn,2022-09-29,1,28.020900793769485,0.632541645204943,0.9699162978315312,0.176003537143501
xai-colossus1-tn,2022-09-29,2,27.71111405370438,0.4202498632458654,0.9735321830247612,0.1387165394012984
xai-colossus1-tn,2022-09-29,3,25.0587449321796,0.4000142504156512,0.9780937312656592,0.1276373569423982
xai-colossus1-tn,2022-09-29,4,24.092945315541503,0.573722289265524,0.979431797254132,0.1287363806954901
xai-colossus1-tn,2022-10-31,2,17.81746070000001,0.3727367063612503,0.9779666666666668,0.2411949433333333
xai-colossus1-tn,2022-10-31,4,17.245476002929415,0.5861863144566225,0.9784181594661046,0.1726967215586582
xai-colossus1-tn,2022-11-16,0,13.06745058590668,0.311059696302466,0.971135010047409,0.1375541573430466
xai-colossus1-tn,2022-11-16,1,13.485876266982936,0.3688397173026659,0.9685225794673434,0.1281728801994352
xai-colossus1-tn,2022-11-16,2,12.653423203949654,0.299335359182272,0.9728169598863604,0.1035869664841254
xai-colossus1-tn,2022-11-16,3,11.7007505589306,0.217934835175467,0.9770494620370044,0.0949604684055443
xai-colossus1-tn,2022-11-16,4,11.34056890080493,0.3584898048726271,0.9767489834278678,0.1059148238963477
xai-colossus1-tn,2022-12-02,4,3.7607291161299297,0.3272032649384057,0.9633753988125044,0.2297095940601973
xai-colossus1-tn,2022-12-18,0,8.973149375905795,0.3126873807081384,0.9709992173735656,0.1536642485706404
xai-colossus1-tn,2022-12-18,1,8.641199644780285,0.3391433335513417,0.9683463921727256,0.1304145857828562
xai-colossus1-tn,2022-12-18,2,8.096070250684056,0.2192015036920653,0.972562787875016,0.1013590247265851
xai-colossus1-tn,2022-12-18,3,7.510406599773888,0.0865116051852881,0.977701433094692,0.081478592881063
xai-colossus1-tn,2022-12-18,4,7.226581795088555,0.2451094357758604,0.9758390878696578,0.089773815259585
xai-colossus1-tn,2023-01-19,0,13.579300492662382,0.2992714400189872,0.9710472603957996,0.1466058344864822
xai-colossus1-tn,2023-01-19,1,14.67230320786842,0.3372738123755415,0.9683694693288848,0.1228983134695084
xai-colossus1-tn,2023-01-19,2,14.391752124892736,0.2152793707006959,0.9727577553938486,0.0972316755997244
xai-colossus1-tn,2023-01-19,3,12.633721155740147,0.0986454666131495,0.9777892018093012,0.0822072706519103
xai-colossus1-tn,2023-01-19,4,13.390370295302082,0.2395401261116735,0.9758516765519708,0.0889384476652628
xai-colossus1-tn,2023-04-09,4,17.382766770944826,0.6504019328645669,0.9789541657719558,0.1985826909818553
xai-colossus1-tn,2023-05-11,4,16.462921538634838,0.4218085485189284,0.9745115187713308,0.2230012153589053
xai-colossus1-tn,2023-07-30,0,36.00532456417522,0.6073188473555117,0.9730727900772214,0.2080930808935024
xai-colossus1-tn,2023-07-30,1,35.451589271168146,0.6903488960494104,0.970099664571374,0.1939151556044344
xai-colossus1-tn,2023-07-30,2,36.49535742971768,0.5413900642320895,0.9736039345514044,0.1601206697668086
xai-colossus1-tn,2023-07-30,3,31.990254414338935,0.5138830979485309,0.9784971191902074,0.1516238831368773
xai-colossus1-tn,2023-07-30,4,30.880830142263125,0.6991759743579132,0.9802808164562814,0.1657891864285167
xai-colossus1-tn,2023-08-15,0,33.872646340657845,0.5283582399618965,0.9736497445770268,0.2246531072087655
xai-colossus1-tn,2023-08-15,1,32.23773282849477,0.6674478394632751,0.9742212594888212,0.1823589867547966
xai-colossus1-tn,2023-08-15,2,31.302977527489844,0.5590451213663853,0.9746828643647958,0.1539580254169671
xai-colossus1-tn,2023-08-15,3,29.583658872477116,0.2723572571869517,0.9796651116860732,0.140223788218508
xai-colossus1-tn,2023-08-15,4,29.09603346361739,0.6205716239838899,0.9793546121722436,0.1720127846512422
xai-colossus1-tn,2023-08-31,0,34.2243253637637,0.575829932628407,0.9728575041246444,0.1880940849816378
xai-colossus1-tn,2023-08-31,1,34.158852955315744,0.6985079813373335,0.970227035941162,0.1796888429200396
xai-colossus1-tn,2023-08-31,2,34.649979220305994,0.4909122573690445,0.9739377740720564,0.1484670104605007
xai-colossus1-tn,2023-08-31,3,30.522492497621663,0.4378277849781309,0.978842454222039,0.1340350776027915
xai-colossus1-tn,2023-08-31,4,29.200934280028644,0.6458118117530333,0.9802738065387032,0.1438352787797346
xai-colossus1-tn,2023-09-16,0,34.752862403282236,0.4469382714992725,0.9721669542175913,0.1735345531864976
xai-colossus1-tn,2023-09-16,1,34.06192611259414,0.606366353830814,0.9697359310113912,0.169653682950344
xai-colossus1-tn,2023-09-16,2,33.251061277648816,0.4621831156377151,0.9734328839887196,0.1423641341594587
xai-colossus1-tn,2023-09-16,3,29.749287027809608,0.4381172280563159,0.9779792304902242,0.1320431857135304
xai-colossus1-tn,2023-09-16,4,28.750371086875383,0.6112233278495014,0.979562983592855,0.1356972547066398
xai-colossus1-tn,2023-10-02,0,39.607888953579135,0.3633731696577693,0.9716028950976956,0.1778186575786983
xai-colossus1-tn,2023-10-02,1,39.81795217973651,0.4586619399572623,0.9691035069974178,0.1679530037482119
xai-colossus1-tn,2023-10-02,2,36.98080554275538,0.4395500426363316,0.9732210746265348,0.1437955307552665
xai-colossus1-tn,2023-10-02,3,34.39694173505283,0.3022568669846265,0.9767432593517524,0.1288855500732329
xai-colossus1-tn,2023-10-02,4,33.17856256718532,0.4485427441485191,0.977180697252842,0.1220456175573338
xai-colossus1-tn,2023-10-18,0,28.67569897787847,0.356214831721398,0.971559562420047,0.1734823960347019
xai-colossus1-tn,2023-10-18,1,29.657922710978458,0.4458804192288002,0.9700988438102344,0.1565539566371034
xai-colossus1-tn,2023-10-18,2,27.385832201211997,0.3900458080545098,0.9729486480776696,0.1316594550979783
xai-colossus1-tn,2023-10-18,3,25.01750226070374,0.3429040270473209,0.9771896409278608,0.1248494817266418
xai-colossus1-tn,2023-10-18,4,24.521187836228684,0.511186285601911,0.9780350947878496,0.1236434167060188
xai-colossus1-tn,2023-11-03,0,20.580577823022097,0.3183281388654682,0.9713327964421796,0.1695077668765145
xai-colossus1-tn,2023-11-03,1,21.64816982622372,0.3708246722434793,0.9687927601049008,0.1490375750572265
xai-colossus1-tn,2023-11-03,2,20.107301009734673,0.322424669880089,0.9726736664130938,0.1226709713244931
xai-colossus1-tn,2023-11-03,3,18.541072144531164,0.261971577822454,0.9772623323513884,0.1144934521565003
xai-colossus1-tn,2023-11-03,4,18.571207137490525,0.4176774448564304,0.9776366468767488,0.1168746882600085
xai-colossus1-tn,2023-11-19,0,13.965055322432423,0.3836347932516867,0.970537660857152,0.1908752686491593
xai-colossus1-tn,2023-11-19,1,15.45739531413444,0.3007442188564658,0.9688890956707435,0.2012366675030461
xai-colossus1-tn,2023-11-19,2,15.80213408624945,0.3048200872905266,0.971934012156662,0.1490525333622098
xai-colossus1-tn,2023-11-19,3,16.28318855006203,0.3363082333907899,0.9745235997719932,0.1456286987222731
xai-colossus1-tn,2023-11-19,4,14.862851598488849,0.4049802584770953,0.975627754034626,0.1331381890072928
xai-colossus1-tn,2023-12-05,0,14.556853472183413,0.3710625820382101,0.971369396266912,0.1606637553444767
xai-colossus1-tn,2023-12-05,1,15.533861803566726,0.3713796342733508,0.9685459038771244,0.1399127280428745
xai-colossus1-tn,2023-12-05,2,14.666164326500525,0.2726887637188818,0.972209698775376,0.1106312855069777
xai-colossus1-tn,2023-12-05,3,13.520237669459355,0.1961214304815383,0.9761934443812365,0.1008697290471367
xai-colossus1-tn,2023-12-05,4,13.840345871551712,0.3289400858594974,0.975806301339814,0.1056635275173329
xai-colossus1-tn,2024-02-07,0,6.50789305984627,0.554341833485788,0.9691018684603884,0.1649501374343369
xai-colossus1-tn,2024-02-07,1,7.9358926877170894,0.4157225187832941,0.9672045324050008,0.1532802956615315
xai-colossus1-tn,2024-02-07,2,7.686376750497975,0.2710758746868866,0.9733168932330012,0.1149257491546022
xai-colossus1-tn,2024-02-07,3,8.176060184534471,0.2266485773432041,0.9763698185078084,0.1133989822439333
xai-colossus1-tn,2024-02-07,4,9.726403481608004,0.2499853878835299,0.9763015973564692,0.1045550802976471
xai-colossus1-tn,2024-02-23,0,19.767782750434865,0.4277032451367727,0.9717418204791408,0.1688995561218235
xai-colossus1-tn,2024-02-23,1,20.046079508826143,0.4844577856343607,0.9690430831859962,0.1490073282831023
xai-colossus1-tn,2024-02-23,2,19.104925062461064,0.2920207854002966,0.9729303063516976,0.1134437859710223
xai-colossus1-tn,2024-02-23,3,16.21492736686728,0.1248471061880059,0.978330221171558,0.09247305158422
xai-colossus1-tn,2024-02-23,4,17.538167440634297,0.2815233174774259,0.976308502119874,0.1066606339403358
xai-colossus1-tn,2024-03-10,0,18.94324234220464,0.4902058342945307,0.9722724332898522,0.1755284763872895
xai-colossus1-tn,2024-03-10,1,19.756838032392356,0.5504408277934382,0.9694872706805988,0.1562385550041588
xai-colossus1-tn,2024-03-10,2,19.16281639980624,0.3313900939793846,0.9731937027243194,0.1210252817155684
xai-colossus1-tn,2024-03-10,3,16.94853183952149,0.1509053622088521,0.9784022333954904,0.0989951109694448
xai-colossus1-tn,2024-03-10,4,17.628715567362793,0.3118117790622209,0.976879891870968,0.1119466912161557
xai-colossus1-tn,2024-03-26,2,11.301736238873763,0.0975838934889183,0.9838145841347355,0.0598272484541987
xai-colossus1-tn,2024-03-26,3,11.956878846540487,-0.1097847746027949,0.9838119670044366,0.0689627809609832
xai-colossus1-tn,2024-03-26,4,13.49541806335452,0.3650165364371956,0.9779576831342108,0.1050546659978768
xai-colossus1-tn,2024-04-27,0,26.466285187324633,0.2895568122448494,0.968479781849913,0.1810896170702443
xai-colossus1-tn,2024-04-27,1,28.929627648621825,0.3930261959148884,0.9665452088320134,0.1780484392001933
xai-colossus1-tn,2024-04-27,2,27.85303329375738,0.418234418576405,0.9720297904070024,0.1801957570194703
xai-colossus1-tn,2024-04-27,3,24.780471714153673,0.461175096439275,0.9797993234105709,0.1417449655808503
xai-colossus1-tn,2024-04-27,4,27.170373883318348,0.5239822352624318,0.9761922660735356,0.1844364732668551
xai-colossus1-tn,2024-05-29,0,36.93863246509438,0.5007324099432107,0.972521884019108,0.2014473382353795
xai-colossus1-tn,2024-05-29,1,34.418787475249474,0.6045121224868506,0.9701231692702532,0.1810263064924982
xai-colossus1-tn,2024-05-29,2,31.554542356348204,0.504625811775813,0.9738566785109904,0.1556850536504652
xai-colossus1-tn,2024-05-29,3,27.652542161827487,0.4095445394432904,0.9796637954143812,0.1354235824004678
xai-colossus1-tn,2024-05-29,4,28.950613705320357,0.5834025496925228,0.979504759987868,0.1572842676368035
xai-colossus1-tn,2024-06-14,0,36.01126943242503,0.5624962862647972,0.9726747103659232,0.2359974025968094
xai-colossus1-tn,2024-06-14,1,36.285801119159075,0.6507682377292505,0.9696181012480152,0.2186345162319537
xai-colossus1-tn,2024-06-14,2,36.728112439962224,0.4972716715626689,0.973660024321852,0.1828008063660962
xai-colossus1-tn,2024-06-14,3,33.729755068569375,0.5967719756969859,0.9786604003045482,0.1856502833154943
xai-colossus1-tn,2024-06-14,4,32.22554925586258,0.6789234297715505,0.9789832838289612,0.1861425854009379
xai-colossus1-tn,2024-06-30,0,42.588800804326524,0.5914299312353118,0.9729022429881056,0.2236206341331658
xai-colossus1-tn,2024-06-30,1,40.96472549073451,0.7175896133224019,0.9701949329673007,0.2175606852766188
xai-colossus1-tn,2024-06-30,2,41.81114159633189,0.5351325481856173,0.9734867961438584,0.1805515117869741
xai-colossus1-tn,2024-06-30,3,35.689519949256585,0.6142663231581034,0.9788667756453416,0.1673119203025789
xai-colossus1-tn,2024-06-30,4,33.650518612665806,0.7070387125805581,0.9793900879845112,0.1851799447110574
xai-colossus1-tn,2024-07-16,0,37.58053627619652,0.5808297593882742,0.972631788512444,0.2154151116853414
xai-colossus1-tn,2024-07-16,1,36.94930928763365,0.6999963249702477,0.9687519941889062,0.2208260822325306
xai-colossus1-tn,2024-07-16,2,36.29281825898145,0.5673788875176214,0.9739367896796168,0.1624047242820252
xai-colossus1-tn,2024-07-16,3,34.54590096348447,0.3468045337045146,0.9768650325299674,0.1487772888860846
xai-colossus1-tn,2024-07-16,4,33.16592343108678,0.6639648336066903,0.978043052083519,0.191268128808543
xai-colossus1-tn,2024-08-01,0,40.26693229467137,0.5354428428232697,0.9726725682781951,0.2104820797863706
xai-colossus1-tn,2024-08-01,1,38.97232155126117,0.6799949929002765,0.9700849667677196,0.1939957891687007
xai-colossus1-tn,2024-08-01,2,39.29681429283718,0.5512373774340015,0.972943824128486,0.1592638051500228
xai-colossus1-tn,2024-08-01,3,34.71280750705677,0.5201361791955035,0.9786026653568568,0.1423558752381098
xai-colossus1-tn,2024-08-01,4,34.293906630666136,0.6715226224834238,0.9799980906423804,0.1579855157420746
xai-colossus1-tn,2024-08-17,0,41.54209024569469,0.4682781364374971,0.972389015494118,0.1911010156165488
xai-colossus1-tn,2024-08-17,1,40.565760327081115,0.6468013759573935,0.9698496938872906,0.1764139765006908
xai-colossus1-tn,2024-08-17,2,40.0882743833909,0.5057532439134813,0.973685373879693,0.1474683051049876
xai-colossus1-tn,2024-08-17,3,32.78476659376115,0.4566470474393392,0.9790067613312508,0.1296323553243697
xai-colossus1-tn,2024-08-17,4,30.905779324968492,0.658197581462257,0.9799510353374302,0.1402832435623632
xai-colossus1-tn,2024-09-02,0,34.36062435437887,0.3573489343704524,0.9715923533876633,0.1762711692512576
xai-colossus1-tn,2024-09-02,1,34.00493027398415,0.5371812632902452,0.9697328338264762,0.1479298937723221
xai-colossus1-tn,2024-09-02,2,33.433755214998904,0.4838220051324237,0.9735247881810902,0.1329517555332874
xai-colossus1-tn,2024-09-02,3,30.85434099659457,0.4396798571264816,0.978349436028346,0.1196110092802873
xai-colossus1-tn,2024-09-02,4,30.490016321643495,0.6086714980763754,0.9794321813025068,0.1268857799339525
xai-colossus1-tn,2024-09-18,0,37.41567385226557,0.3234988786443204,0.9714124848308562,0.2168643043716225
xai-colossus1-tn,2024-09-18,1,36.39384038459515,0.5058782840880697,0.9696780757850524,0.1480823152480905
xai-colossus1-tn,2024-09-18,2,33.896118400190666,0.4850824876731326,0.9738011635454478,0.1301623642399662
xai-colossus1-tn,2024-09-18,3,31.13290039406085,0.4025973744614208,0.9783213147858194,0.1191085972076875
xai-colossus1-tn,2024-09-18,4,31.137814444388056,0.5741735146489527,0.979216426286351,0.1218424845196006
xai-colossus1-tn,2024-10-04,0,37.21176951474153,0.3852869480865369,0.9719218222062658,0.2118289207896591
xai-colossus1-tn,2024-10-04,1,35.83880756636362,0.5435134472961866,0.9699541511186252,0.1492728401835653
xai-colossus1-tn,2024-10-04,2,34.14628605961679,0.4661313898596974,0.9740864905275988,0.1271930307510083
xai-colossus1-tn,2024-10-04,3,30.48495168561187,0.332617751873133,0.97970557848822,0.1048597536993265
xai-colossus1-tn,2024-10-04,4,31.07717740265016,0.5175867157763027,0.979450588389942,0.1147439615580914
xai-colossus1-tn,2024-10-20,0,29.385709161825208,0.4053820856680547,0.9716788722792132,0.2078986950911172
xai-colossus1-tn,2024-10-20,1,29.38607146703511,0.4857975237141588,0.9694112119503602,0.1525591935080502
xai-colossus1-tn,2024-10-20,2,27.94702062033344,0.411671039664607,0.9733043736066612,0.1313067226059192
xai-colossus1-tn,2024-10-20,3,25.23547239311643,0.3327485023179573,0.9777254606155908,0.1180460339773166
xai-colossus1-tn,2024-10-20,4,25.50084926883144,0.4925011884716812,0.9782849485240318,0.1248517250044793
xai-colossus1-tn,2024-11-21,0,15.173270802444057,0.4937300646236611,0.9720310895877172,0.1938333370010884
xai-colossus1-tn,2024-11-21,1,15.581895840861218,0.5625155274112525,0.9694126826563408,0.1490470936309923
xai-colossus1-tn,2024-11-21,2,15.019978453683263,0.3804644390824321,0.9735025424040702,0.1137499695818057
xai-colossus1-tn,2024-11-21,3,14.263505583548213,0.2300632199576518,0.9783276268474916,0.0945059042727447
xai-colossus1-tn,2024-11-21,4,13.99157240144348,0.4174778663017482,0.9777873402319672,0.1023265042098183
xai-colossus1-tn,2024-12-07,0,12.09390538857528,0.293318291426745,0.9711391929787876,0.2093383099528674
xai-colossus1-tn,2024-12-07,1,13.157236003529112,0.4261773715014921,0.968786105467608,0.1583315658989155
xai-colossus1-tn,2024-12-07,2,11.552277814288686,0.2911255397203277,0.9727759647760116,0.1207234522668176
xai-colossus1-tn,2024-12-07,3,10.227390891391384,0.1685929191248968,0.9770019977517752,0.1044139761374982
xai-colossus1-tn,2024-12-07,4,10.3052473281334,0.331027807840198,0.9762900885274776,0.1087452682461341
xai-colossus1-tn,2025-01-08,0,3.4457116689806684,0.2353472164573644,0.9709942407187916,0.2339521094119129
xai-colossus1-tn,2025-01-08,1,3.7331444137445455,0.4052506509580567,0.9672993557274028,0.1589890660353169
xai-colossus1-tn,2025-01-08,2,3.3639801625669095,0.2708473067987219,0.973949478387113,0.1079823570224759
xai-colossus1-tn,2025-01-08,3,3.4659058018219886,0.0790311290063988,0.9777443223093548,0.0957404094647762
xai-colossus1-tn,2025-01-08,4,2.768113665956491,0.2628468882973396,0.9755166597291806,0.1071397551894632
xai-colossus1-tn,2025-01-24,0,6.720737728168048,0.2375218038044104,0.9707770815247776,0.196352944088033
xai-colossus1-tn,2025-01-24,1,7.43642006415142,0.3811687154806282,0.9685832920486444,0.1604816079550103
xai-colossus1-tn,2025-01-24,2,5.672693288257264,0.2354301474525924,0.9726062280909202,0.1210824935654655
xai-colossus1-tn,2025-01-24,3,4.261835699263699,0.0832420292901885,0.9772993835117652,0.0990477680541079
xai-colossus1-tn,2025-01-24,4,4.171847342487176,0.2402635447902602,0.9757050328804436,0.1063992426992778
xai-colossus1-tn,2025-02-25,0,22.18024955276839,0.2620695677035364,0.9710972047868602,0.189444964259666
xai-colossus1-tn,2025-02-25,1,22.6000016033483,0.4156180535027315,0.9688865433125622,0.1568218622376679
xai-colossus1-tn,2025-02-25,2,19.927504757000428,0.2267047067492548,0.9734826477243252,0.1149921974826906
xai-colossus1-tn,2025-02-25,3,15.866648376972758,0.086917075721591,0.9788824056381142,0.0958768947718644
xai-colossus1-tn,2025-02-25,4,17.45605823306993,0.2427966419625689,0.9765346905301248,0.1036288650653289
xai-colossus1-tn,2025-03-13,0,27.145266299590876,0.2989271782435487,0.971285143101278,0.1964178545240069
xai-colossus1-tn,2025-03-13,1,26.95401263155772,0.4688775236146696,0.96919302791058,0.1695590269210119
xai-colossus1-tn,2025-03-13,2,25.647787650932337,0.3014796468249764,0.9727968515716352,0.1187437840891708
xai-colossus1-tn,2025-03-13,3,21.687712726150576,0.1257439386871499,0.9784457516386256,0.1005955689355544
xai-colossus1-tn,2025-03-13,4,23.78522159147636,0.2804025181702233,0.9767733531921948,0.1104795714137252
xai-colossus1-tn,2025-04-14,0,32.52203851009843,0.3838962327296384,0.9717288584167728,0.2138822436963512
xai-colossus1-tn,2025-04-14,1,31.36378647925061,0.5637646631209015,0.9699893811235794,0.1785616251991022
xai-colossus1-tn,2025-04-14,2,28.58530871089891,0.3839442526104694,0.9748008914301172,0.1368468464705746
xai-colossus1-tn,2025-04-14,3,24.195241701962292,0.2155629706489964,0.9809742064229048,0.1180947143588704
xai-colossus1-tn,2025-04-14,4,24.58642781670664,0.3580921446770985,0.9808335969703516,0.1214620028892018
xai-colossus1-tn,2025-04-30,2,21.649773419996976,0.6520499674629381,0.9814731707244414,0.1746996813855037
xai-colossus1-tn,2025-04-30,3,19.517847233830416,0.3691539371633839,0.98500890539351,0.133233711099192
xai-colossus1-tn,2025-04-30,4,23.352022682947755,0.5403521151452455,0.9795588871996664,0.1687543138588054
xai-colossus1-tn,2025-06-01,0,38.95931750032478,0.3613608376683849,0.971910627718516,0.2175789831126174
xai-colossus1-tn,2025-06-01,1,36.21220801944832,0.606124918648347,0.9702440893203702,0.1775041931078884
xai-colossus1-tn,2025-06-01,2,35.13742779060256,0.4982282782110309,0.9746186593811056,0.1536611329983438
xai-colossus1-tn,2025-06-01,3,31.139736938741187,0.3480905945384824,0.9807253454662886,0.1400785345628832
xai-colossus1-tn,2025-06-01,4,31.267896250805897,0.5497526687539989,0.9806666786735906,0.155951665497236
xai-colossus1-tn,2025-07-03,0,41.081358023934285,0.4486900297549523,0.9722716456306062,0.2284773779897302
xai-colossus1-tn,2025-07-03,1,37.607483219733766,0.677954995657305,0.9699093288281032,0.1932061551124405
xai-colossus1-tn,2025-07-03,2,37.74926828685686,0.5281160858868765,0.974288049784222,0.1574554407476119
xai-colossus1-tn,2025-07-03,3,34.137622875489924,0.3809425645331757,0.9799833908789224,0.1415110558348276
xai-colossus1-tn,2025-07-03,4,33.084459486172186,0.5928599336982959,0.981026413981306,0.1578736915079877
xai-colossus1-tn,2025-07-19,0,33.46187244846495,0.6384215170030856,0.9717517870041312,0.2020434958786223
xai-colossus1-tn,2025-07-19,1,34.14301303161484,0.6309576603065618,0.9742014375892452,0.2330278905004828
xai-colossus1-tn,2025-07-19,2,37.39427989309362,0.5331092782672593,0.97389193656609,0.202362653738695
xai-colossus1-tn,2025-07-19,3,34.436571605707776,0.67693473082815,0.976328436716818,0.1965865816901606
xai-colossus1-tn,2025-07-19,4,32.92271251178613,0.6638760437563327,0.9791553704471304,0.1786109773576215
xai-colossus1-tn,2025-08-04,2,37.663076761770206,0.2704828705181097,0.9676639691714822,0.1531892376765191
xai-colossus1-tn,2025-08-04,3,27.305999200224516,0.3954943691580082,0.9802585231664048,0.0840269927108499
xai-colossus1-tn,2025-08-04,4,24.91931828997126,0.1329135544748245,0.9872973086742796,0.0876197759615128
xai-colossus1-tn,2025-08-20,0,48.44389629737944,0.4828222159752379,0.9720309545993766,0.2100999031470349
xai-colossus1-tn,2025-08-20,1,48.360262985640155,0.5528527945675248,0.969446695482622,0.1717667567996148
xai-colossus1-tn,2025-08-20,2,47.54856843457664,0.4751464767309766,0.9737330459184452,0.1502895777464616
xai-colossus1-tn,2025-08-20,3,41.49133572862875,0.4171600742414608,0.9795739746502474,0.13064962491098
xai-colossus1-tn,2025-08-20,4,41.154789634383,0.5897114192567149,0.9799416807385416,0.1424669296433083
xai-colossus1-tn,2025-09-05,0,36.25260338736899,0.4595110179860184,0.972214523745677,0.2045465330038995
xai-colossus1-tn,2025-09-05,1,36.90480963470297,0.4909073035913944,0.9693803727287734,0.1752036593824871
xai-colossus1-tn,2025-09-05,2,34.67975899872052,0.4512494111794336,0.9733637562093672,0.1538668553380802
xai-colossus1-tn,2025-09-05,3,28.687190967752503,0.4554107984513097,0.978376461395276,0.1371852341256231
xai-colossus1-tn,2025-09-05,4,27.999469553769803,0.5776679922947597,0.9787448219903918,0.1437399096184939
xai-colossus1-tn,2025-09-21,0,31.336718991328382,0.4406009114158393,0.9717332557746258,0.185710299274651
xai-colossus1-tn,2025-09-21,1,32.80184296956619,0.4692728354464572,0.9687232883195946,0.1713078038831823
xai-colossus1-tn,2025-09-21,2,30.07463632830004,0.4630484952081885,0.9711449340253844,0.1573273197326411
xai-colossus1-tn,2025-09-21,3,26.056996058718543,0.4111554086254269,0.9783078599291544,0.1439343502758351
xai-colossus1-tn,2025-09-21,4,26.08066547108668,0.5987373094643549,0.9784378680673002,0.1566799763834305
xai-colossus1-tn,2025-10-07,4,30.432856527112506,0.6184804263528515,0.9776717425118092,0.1531475923108658
xai-colossus1-tn,2025-10-23,0,29.62326373450866,0.3472588122005249,0.97153476063431,0.1894979701053888
xai-colossus1-tn,2025-10-23,1,28.41456814060704,0.5775224781813236,0.9697514107243222,0.159946984024401
xai-colossus1-tn,2025-10-23,2,26.908557363256016,0.4593357506406025,0.9733571718738956,0.128851096203915
xai-colossus1-tn,2025-10-23,3,25.00387447448723,0.333405778405549,0.9777520582411464,0.118151057057916
xai-colossus1-tn,2025-10-23,4,24.245979975166215,0.5194063948009997,0.9786603322260896,0.1192366882376611
xai-colossus1-tn,2025-11-08,0,26.7083066377046,0.3560693388721878,0.97146610838155,0.1798938453651504
xai-colossus1-tn,2025-11-08,1,26.08769028923658,0.534015366338276,0.9693031471810508,0.1539774702077643
xai-colossus1-tn,2025-11-08,2,24.547507090255213,0.4107438636933284,0.9731787486119312,0.1209433883250654
xai-colossus1-tn,2025-11-08,3,22.335665004587852,0.2817606160615937,0.9777381407953692,0.1080264090430637
xai-colossus1-tn,2025-11-08,4,22.62056471345647,0.4563783621014148,0.9778831773406694,0.1115451290417841
xai-colossus1-tn,2025-12-10,0,14.11475916620176,0.319638013429934,0.97130077311505,0.178216212024541
xai-colossus1-tn,2025-12-10,1,14.482125733169823,0.462849015173365,0.9688543130758076,0.1539599672779301
xai-colossus1-tn,2025-12-10,2,13.11686177402437,0.2830013557474707,0.9723855777839692,0.1156896046488172
xai-colossus1-tn,2025-12-10,3,11.53078188289356,0.1776102883518482,0.9765655479228394,0.0993281488397986
xai-colossus1-tn,2025-12-10,4,12.165194984105456,0.3112391455165192,0.97572018057312,0.103583484227834
xai-colossus1-tn,2026-01-11,0,8.89822814961609,0.3760980191169289,0.9714253591735263,0.1636691215675463
xai-colossus1-tn,2026-01-11,1,8.67985522337124,0.5123854288346352,0.969013356097946,0.1406649398575014
xai-colossus1-tn,2026-01-11,2,8.533431189652642,0.310653043725934,0.9725301327996464,0.1047061759324302
xai-colossus1-tn,2026-01-11,3,7.745139629268229,0.181426764488377,0.97639224646009,0.0928343273963637
xai-colossus1-tn,2026-01-11,4,7.634679262809644,0.3136072230301686,0.9756680759671088,0.095759021930802
xai-colossus1-tn,2026-01-27,0,-3.525584891322183,-0.0588538901751156,0.9903679242203228,0.704494161782556
xai-colossus1-tn,2026-01-27,1,-3.5806020941782157,-0.0402984200353087,0.9903501405311248,0.708946352244741
xai-colossus1-tn,2026-01-27,2,-2.9499434599215344,-0.0126495899801744,0.9901460354088646,0.572085903837833
xai-colossus1-tn,2026-01-27,3,-2.5596384801609955,-0.0175980995416906,0.989795400976152,0.4606189299465983
xai-colossus1-tn,2026-01-27,4,-3.150255899858553,0.0073204826919561,0.9900248354298772,0.5042416061150767
xai-colossus1-tn,2026-02-12,0,17.32885446214476,0.3367298784829494,0.9712636849544808,0.1725865262490513
xai-colossus1-tn,2026-02-12,1,17.810042880269457,0.4622580229482774,0.9689329922990796,0.1481665554717438
xai-colossus1-tn,2026-02-12,2,16.186705713962915,0.2800671791169793,0.9722377675716352,0.114315472462235
xai-colossus1-tn,2026-02-12,3,13.944487066329964,0.1832037865935191,0.9761349729318646,0.1015116101185296
xai-colossus1-tn,2026-02-12,4,14.57252626523678,0.2962911985592293,0.9755918005655564,0.1054712839568009
xai-colossus1-tn,2026-02-28,0,25.69332187105424,0.3444220749565685,0.9713873297306154,0.1846320520466413
xai-colossus1-tn,2026-02-28,1,25.84740799490578,0.4691871941625754,0.969046937163715,0.1565175415800554
xai-colossus1-tn,2026-02-28,2,24.141963475189332,0.2854421413536115,0.97265373828095,0.1250544905771334
xai-colossus1-tn,2026-02-28,3,19.932694659004557,0.149130230249018,0.9781710366751074,0.107111192799417
xai-colossus1-tn,2026-02-28,4,22.203330310034147,0.2712409915262753,0.976113359161236,0.1184133052718106
xai-colossus1-tn,2026-03-16,1,5.482381267327246,0.5622746158429895,0.9651814467752814,0.1597142689256113
xai-colossus1-tn,2026-03-16,2,9.611672555305718,0.3807743592143736,0.967200459873282,0.1614459212300422
xai-colossus1-tn,2026-03-16,3,8.223237651375324,0.3693613101605832,0.977101205672666,0.1207238667820083
xai-colossus1-tn,2026-03-16,4,9.028532156247408,0.3186574354392938,0.9762116590947508,0.1268819413878694
xai-colossus1-tn,2026-04-01,0,21.553108818207892,0.574696177055439,0.9763538032656314,0.2378038244324969
xai-colossus1-tn,2026-04-01,1,25.452481640993568,0.5210230455974498,0.970043619699251,0.2038636466600245
xai-colossus1-tn,2026-04-01,2,25.35592453047649,0.493585681600048,0.9731771378864356,0.1686800285321656
xai-colossus1-tn,2026-04-01,3,21.20934071523876,0.2412560433579899,0.9813951011873272,0.128551162467375
xai-colossus1-tn,2026-04-01,4,25.840967439678032,0.3618517008547972,0.9780253973858906,0.1470003685898394
xai-colossus1-tn,2026-04-17,0,40.606296074240504,0.3879031198492251,0.9720128166203834,0.200500600989426
xai-colossus1-tn,2026-04-17,1,40.13755584742391,0.5786672682426112,0.9700738397487468,0.1760206426195059
xai-colossus1-tn,2026-04-17,2,37.223605791822834,0.4667635269854651,0.9742940526003188,0.1477960384261864
xai-colossus1-tn,2026-04-17,3,31.606936461598657,0.3570365142947903,0.9804909742945606,0.1326094910806847
xai-colossus1-tn,2026-04-17,4,32.93449919154612,0.5319601574515176,0.9800600502542368,0.1502653995860392
xai-colossus1-tn,2026-05-03,0,31.828891585425463,0.3642426761835334,0.9719128997950176,0.1949104198515469
xai-colossus1-tn,2026-05-03,1,31.42032813952879,0.558740665609191,0.969813416236018,0.1748395153605971
xai-colossus1-tn,2026-05-03,2,29.457517458969665,0.4574183652512987,0.974473050836927,0.1491265418436027
xai-colossus1-tn,2026-05-03,3,25.557701895231975,0.3682318572653788,0.980645890298917,0.1404344001091584
xai-colossus1-tn,2026-05-03,4,25.42974157598145,0.5435258720315455,0.9801919887346764,0.1573158242856296
xai-colossus1-tn,2026-06-04,3,4.015957406074339,0.7375673065445622,0.9793357198898162,0.2079148486839768
xai-colossus1-tn,2026-06-04,4,7.562349037968945,0.7508936767531265,0.9792931116278464,0.2009023667900223
xai-colossus1-tn,2026-06-20,0,43.32812669092135,0.364844365357021,0.972034765633878,0.2095424110090831
xai-colossus1-tn,2026-06-20,1,40.77278426238978,0.5466008949761585,0.9700373260551082,0.1887898241506908
xai-colossus1-tn,2026-06-20,2,37.64843803578376,0.5385284441821425,0.9745174661582546,0.1647988208945634
xai-colossus1-tn,2026-06-20,3,32.38363537192693,0.4912094511049464,0.9805896232439644,0.1581054244636141
xai-colossus1-tn,2026-06-20,4,32.73644890376681,0.6381995207933346,0.9807723950276064,0.177675009219877
xai-colossus1-tn,2026-07-06,0,46.50103349353276,0.3737028952500819,0.9719805657693206,0.2015158171446668
xai-colossus1-tn,2026-07-06,1,42.72482183390779,0.596562585011053,0.969902419304106,0.1900855355127674
xai-colossus1-tn,2026-07-06,2,39.90387677427013,0.5292562097576591,0.9744221674685876,0.1669268231105422
xai-colossus1-tn,2026-07-06,3,33.740178684981146,0.5506718973437528,0.978128720656459,0.1644453471300974
xai-colossus1-tn,2026-07-06,4,33.62185355025194,0.699288630171212,0.9793432532196148,0.1816484007026721
xai-colossus1-tn,2026-07-22,0,41.87150262440208,0.3665206575463491,0.9717294910563749,0.2084821852638301
xai-colossus1-tn,2026-07-22,1,39.92890752359658,0.5907608700139965,0.969404397754485,0.1739466602023082
xai-colossus1-tn,2026-07-22,2,39.031445548083965,0.5291248503125333,0.9738455176376554,0.1566687764866641
xai-colossus1-tn,2026-07-22,3,34.130200705128104,0.5146397246333426,0.9792646202531944,0.141081655616886
xai-colossus1-tn,2026-07-22,4,32.74101629278016,0.6842368961228358,0.9799550024897206,0.1618001950668674
xai-colossus1-tn,2026-08-07,3,-24.219058269999984,0.4695987091304608,0.9698,0.2555422593749999
xai-colossus1-tn,2026-08-07,4,25.678209552801917,0.7355316341453451,0.9774349880464228,0.215749349902645
xai-colossus1-tn,2026-08-23,0,33.45777690141583,0.3771877256564178,0.9717180923399488,0.1546502000086511
xai-colossus1-tn,2026-08-23,1,31.913483010594348,0.5536141963784738,0.9692064588268448,0.1475785490962929
xai-colossus1-tn,2026-08-23,2,31.93396702667038,0.4650046259254811,0.9732172383835054,0.1237025173764601
xai-colossus1-tn,2026-08-23,3,26.65144861321465,0.4179447250117128,0.9801428222379786,0.1119397071336069
xai-colossus1-tn,2026-08-23,4,25.923593695445454,0.5977716718451798,0.9795633508255032,0.131614642487363
xai-colossus1-tn,2026-09-08,0,45.0397012428901,0.3386570970406609,0.9715278739563404,0.1745282954490497
xai-colossus1-tn,2026-09-08,1,44.064317787438576,0.5010587054230189,0.9690541376348184,0.1645772321698322
xai-colossus1-tn,2026-09-08,2,42.05500562395086,0.4059768372691516,0.9730090658886866,0.1469152337873438
xai-colossus1-tn,2026-09-08,3,37.14204012343925,0.3490819589684141,0.9782562226476132,0.1326890551855132
xai-colossus1-tn,2026-09-08,4,36.515724947607694,0.5591833947550191,0.9789055294288525,0.1373710864823984
xai-colossus1-tn,2021-11-08,0,20.774761192240497,0.3802803021650128,0.977130294809374,0.1783740203859445
xai-colossus1-tn,2021-11-08,1,21.975731540291356,0.5634492148691471,0.972404219109936,0.1633746502187565
xai-colossus1-tn,2021-11-08,2,20.296165348301475,0.3826526732545177,0.9751338334536052,0.122604395531272
xai-colossus1-tn,2021-11-08,3,17.231212248156545,0.1504522328985369,0.9821596228405326,0.0826362411710117
xai-colossus1-tn,2021-11-08,4,18.763579188257733,0.3736807966283531,0.9791463665938352,0.1082775146985174
xai-colossus1-tn,2021-11-08,0,21.347321868387528,0.4154722181656822,0.9726131978475762,0.183206232532954
xai-colossus1-tn,2021-11-08,1,22.149009303157683,0.5215194050162989,0.9701126080883572,0.1698857481366451
xai-colossus1-tn,2021-11-08,2,20.58415683476413,0.3834927389848492,0.9744582413281464,0.1218840453286736
xai-colossus1-tn,2021-11-08,3,17.85837593389422,0.2528395903201244,0.9802636024145172,0.0948887820562775
xai-colossus1-tn,2021-11-08,4,18.336869118364255,0.4341166147811404,0.9794481824046336,0.1044947425869643
xai-colossus1-tn,2021-12-07,0,4.672429197681047,0.4195815937619487,0.9736974978649892,0.2075448099514346
xai-colossus1-tn,2021-12-07,1,5.1674137859835305,0.4975244188993246,0.973668896644423,0.1993700494296418
xai-colossus1-tn,2021-12-07,2,6.211881151759157,0.357354947221462,0.9729973543690916,0.1664788735244128
xai-colossus1-tn,2021-12-07,3,5.939556991244459,0.2635708667054369,0.9761633328474882,0.1337178884994876
xai-colossus1-tn,2021-12-07,4,5.442766188782574,0.3570160888846126,0.9749388917736188,0.1313732757967612
xai-colossus1-tn,2021-12-23,0,12.381592118507347,0.5201159133998309,0.9734882380253216,0.1751412163254808
xai-colossus1-tn,2021-12-23,1,12.696947125720175,0.5611173912065286,0.9712152983232396,0.1752842304335769
xai-colossus1-tn,2021-12-23,2,12.409351043455352,0.3106254338620592,0.9735675049863762,0.1231390713672257
xai-colossus1-tn,2021-12-23,3,11.317251708904884,0.1728724543999578,0.9786187134399212,0.1046437395347359
xai-colossus1-tn,2021-12-23,4,11.745929616872893,0.3088444205808678,0.9768902622718764,0.1090979662278974
xai-colossus1-tn,2022-01-08,3,5.94437530816328,0.643957770570644,0.9716020408163266,0.0976365438020833
xai-colossus1-tn,2022-01-08,4,6.381905120000018,0.5362858382969047,0.9679333333333334,0.0382733691666666
xai-colossus1-tn,2022-01-24,0,11.645477549799477,0.4643935136816592,0.9729142110374088,0.1782120485855874
xai-colossus1-tn,2022-01-24,1,12.496317367248642,0.5433269677113599,0.971279367248246,0.1704581324389505
xai-colossus1-tn,2022-01-24,2,11.43272724617087,0.2854313375914671,0.9740060199597462,0.1153917922729608
xai-colossus1-tn,2022-01-24,3,9.517560067263586,0.1192162120256231,0.9792375357780274,0.0943562537333065
xai-colossus1-tn,2022-01-24,4,10.146859346592684,0.3024527396930848,0.9775481278278992,0.1016228878158509
xai-colossus1-tn,2022-02-09,0,16.2270729242373,0.4155313890469441,0.9726946751751324,0.1802991214840992
xai-colossus1-tn,2022-02-09,1,17.12467125834495,0.4817829600293313,0.9698555085894868,0.1698913094289646
xai-colossus1-tn,2022-02-09,2,15.355105702554429,0.2592637884866781,0.9736806160592278,0.1211499908253287
xai-colossus1-tn,2022-02-09,3,12.123300916658168,0.105133453992315,0.9790204356896158,0.0983429206461399
xai-colossus1-tn,2022-02-09,4,13.182401259412064,0.2797471436356888,0.977523608585258,0.1062864497620636
xai-colossus1-tn,2022-04-14,0,22.62676153720538,0.5921737468412386,0.9737236239784504,0.1904299543210784
xai-colossus1-tn,2022-04-14,1,23.061469879080185,0.6535893379721887,0.9709788467860812,0.1570547727506624
xai-colossus1-tn,2022-04-14,2,23.052901540642544,0.4006850750794284,0.9749187211209828,0.1231149839261693
xai-colossus1-tn,2022-04-14,3,19.956509536336608,0.2388018288537159,0.9805692814139352,0.1018057425737557
xai-colossus1-tn,2022-04-14,4,20.08689330393566,0.4332994526918249,0.9795392906135576,0.1115910950579056
xai-colossus1-tn,2022-04-30,3,15.104708109544733,0.3904443492550517,0.9724802090776904,0.1604935658137575
xai-colossus1-tn,2022-04-30,4,13.130965533588638,0.48770189752914,0.9759941289296978,0.1624100493932702
xai-colossus1-tn,2022-07-19,3,25.172470070000024,0.7093132507267423,0.9808966666666664,0.1602001677499999
xai-colossus1-tn,2022-07-19,4,25.992311870382657,0.733483598909976,0.9812512516262244,0.1827311684979615
xai-colossus1-tn,2022-08-20,0,18.933315909470327,0.7223827905130882,0.980770429819868,0.1984661491029071
xai-colossus1-tn,2022-08-20,1,20.5574709776706,0.7077665726156219,0.9768442629757788,0.2123554078985582
xai-colossus1-tn,2022-08-20,3,20.295671799137597,0.6917859811434988,0.9790743709436992,0.1728232409306738
xai-colossus1-tn,2022-08-20,4,21.925884727152624,0.7351296358570716,0.9742381750657948,0.2078911852872646
xai-colossus1-tn,2022-09-05,0,31.186982605561266,0.6029991185359043,0.971473653920687,0.1943454789316559
xai-colossus1-tn,2022-09-05,1,31.457545481727283,0.7129035442993974,0.9670023802012624,0.1673298302839151
xai-colossus1-tn,2022-09-05,2,30.51675432207735,0.5453198441035695,0.9744681527900884,0.1073767395917544
xai-colossus1-tn,2022-09-05,3,27.834713345855107,0.3892320736936464,0.9789543620760024,0.0935635829089061
xai-colossus1-tn,2022-09-05,4,26.143170504402377,0.5915746963427766,0.9796541815557264,0.1112447683447582
xai-colossus1-tn,2022-09-21,0,39.754096018937986,0.5409347177228497,0.9731981097087088,0.1845116121500192
xai-colossus1-tn,2022-09-21,1,39.42923624205977,0.6598496979580375,0.970532831099414,0.1769825889106258
xai-colossus1-tn,2022-09-21,2,39.42280419267995,0.4654427239230322,0.9743312493277416,0.1390886084719809
xai-colossus1-tn,2022-09-21,3,35.335080289278245,0.4334393598644909,0.9788062595494788,0.1286556137058276
xai-colossus1-tn,2022-09-21,4,34.840470579370134,0.6026734069851024,0.9802605208309264,0.1323084820103386
xai-colossus1-tn,2022-10-07,0,33.48308345402231,0.4317727792370172,0.9725892791077144,0.1770671690173236
xai-colossus1-tn,2022-10-07,1,33.72902956236465,0.5499877026684169,0.9699911123534382,0.1732499578312925
xai-colossus1-tn,2022-10-07,2,32.06643150701575,0.4006488827337304,0.9738207108816428,0.1354389035303137
xai-colossus1-tn,2022-10-07,3,28.51130716849205,0.3991086806575659,0.9782954167370942,0.1252016014963938
xai-colossus1-tn,2022-10-07,4,28.16880740039906,0.5333343683442348,0.9792591019435366,0.1292823251561547
xai-colossus1-tn,2022-10-23,0,30.04615750801864,0.286410847525349,0.971769291334571,0.206806170978033
xai-colossus1-tn,2022-10-23,1,30.965193914984297,0.3959617582301926,0.9692989068042552,0.1800812804637443
xai-colossus1-tn,2022-10-23,2,28.81325349714425,0.3322193978023284,0.973541499779926,0.1396145249623756
xai-colossus1-tn,2022-10-23,3,26.42791120238766,0.3305067633997486,0.977672982874084,0.1289518289239929
xai-colossus1-tn,2022-10-23,4,26.44219702980269,0.4457379006219952,0.9782134614639456,0.1254542513305422
xai-colossus1-tn,2022-11-08,0,25.74169653475979,0.3175376142516082,0.9715018812011708,0.1523480582734899
xai-colossus1-tn,2022-11-08,1,25.12834968168452,0.3721922538541092,0.9688571321003971,0.134474111169883
xai-colossus1-tn,2022-11-08,2,23.46122671060554,0.3373302762089416,0.972554281603678,0.1163824808176945
xai-colossus1-tn,2022-11-08,3,21.30615884653082,0.3477090343385468,0.9757227891527264,0.1129818577585214
xai-colossus1-tn,2022-11-08,4,21.54726896737539,0.4165854240272432,0.9754376269229592,0.1124879099174176
xai-colossus1-tn,2023-01-27,0,11.8541270035288,0.2867235951423303,0.9716635202642088,0.1573930027346851
xai-colossus1-tn,2023-01-27,1,12.508872453550504,0.3303596036002229,0.9689639842981814,0.1336894795233437
xai-colossus1-tn,2023-01-27,2,11.626511906102325,0.2040301612382838,0.9735565539150076,0.1045433662018708
xai-colossus1-tn,2023-01-27,3,9.901710100180942,0.086707302531844,0.9788390757461772,0.0861145794511198
xai-colossus1-tn,2023-01-27,4,10.43670980194848,0.2321073730443626,0.9766897017158406,0.0952103221595232
xai-colossus1-tn,2023-02-12,0,15.090431912133582,0.297614832151995,0.971764291239694,0.1645306124343163
xai-colossus1-tn,2023-02-12,1,15.224066725087344,0.34198711116853,0.9690486400293304,0.1497682582802996
xai-colossus1-tn,2023-02-12,2,13.924977872883018,0.2149350098072906,0.9733241159173484,0.1131195348845983
xai-colossus1-tn,2023-02-12,3,11.5736911636571,0.0602407148409402,0.9785258533481568,0.0908922760466143
xai-colossus1-tn,2023-02-12,4,12.273065279898509,0.2192210126020988,0.9765905540741452,0.1010740956036574
xai-colossus1-tn,2023-04-01,0,26.862392415991835,0.4716739218953679,0.9730050427463092,0.1868288066248026
xai-colossus1-tn,2023-04-01,1,27.796152588675053,0.4858139967609262,0.9700234845489204,0.1794200356926736
xai-colossus1-tn,2023-04-01,2,25.99510729553089,0.3171091453026464,0.974516273855472,0.1311182858663537
xai-colossus1-tn,2023-04-01,3,22.33384662942416,0.1995947312523971,0.980166221764034,0.1107925999813205
xai-colossus1-tn,2023-04-01,4,23.898112946677607,0.3615439677683227,0.9785601989073168,0.1208307953328183
xai-colossus1-tn,2023-04-17,0,27.70087144015364,0.5011669315839257,0.9732124484703608,0.1941355722998241
xai-colossus1-tn,2023-04-17,1,27.426681198130616,0.5475584585761893,0.9703938210835212,0.1772020000055905
xai-colossus1-tn,2023-04-17,2,25.645143196513757,0.4310224382097681,0.9750068673873612,0.1376262722146148
xai-colossus1-tn,2023-04-17,3,22.116212012598655,0.2974340696567462,0.9809549588744908,0.1170758204200166
xai-colossus1-tn,2023-04-17,4,22.57392287896771,0.4915344471778604,0.9805304594363412,0.131476404949601
xai-colossus1-tn,2023-05-03,0,33.21337424256644,0.4034016053104982,0.9727193015148704,0.1971055039591016
xai-colossus1-tn,2023-05-03,1,32.19681497436509,0.5250553632845404,0.970574525150328,0.1842798236926427
xai-colossus1-tn,2023-05-03,2,29.686204622545254,0.4418269066399691,0.9747515319099922,0.1507684511387227
xai-colossus1-tn,2023-05-03,3,25.409390562313384,0.3153043773404569,0.980710802963162,0.1295867720195594
xai-colossus1-tn,2023-05-03,4,25.608961873726464,0.5082951192021545,0.980569278380902,0.1466556302131875
xai-colossus1-tn,2023-05-19,0,38.185882161107784,0.3846514972564084,0.9723780647331284,0.2181886965966701
xai-colossus1-tn,2023-05-19,1,36.57182570044773,0.5323983010469644,0.971182270836914,0.20336323090587
xai-colossus1-tn,2023-05-19,2,35.00898979256741,0.4671687632028737,0.9736313174245936,0.1860224811994286
xai-colossus1-tn,2023-05-19,3,30.40799344477697,0.3582975654108798,0.9799165628024606,0.1516704426300324
xai-colossus1-tn,2023-05-19,4,31.217589172645035,0.5580171015711609,0.9791807518573884,0.1817875098727883
xai-colossus1-tn,2023-06-04,0,29.884479903421724,0.4213407545046687,0.9725852685852112,0.1968240761905805
xai-colossus1-tn,2023-06-04,1,29.493852397309272,0.479701178613767,0.970017277928315,0.1900257326905243
xai-colossus1-tn,2023-06-04,2,28.654169088393353,0.4655292614492167,0.9732435006573996,0.1744141127624653
xai-colossus1-tn,2023-06-04,3,25.11120574048691,0.5656501109080557,0.9767589892933632,0.1803256181895572
xai-colossus1-tn,2023-06-04,4,24.62081120450633,0.6201242480955523,0.9784001677026346,0.1821112407150545
xai-colossus1-tn,2023-06-20,0,37.551721702245985,0.5611411937643912,0.9731729323376634,0.2027349565428552
xai-colossus1-tn,2023-06-20,1,37.25933407051232,0.5923601336590613,0.9703746460500768,0.1749321362039071
xai-colossus1-tn,2023-06-20,2,36.509317230837,0.5057861506921902,0.9742937239246934,0.1549091392128194
xai-colossus1-tn,2023-06-20,3,33.10036100842822,0.4664144178601087,0.9786276384888491,0.1525603704616711
xai-colossus1-tn,2023-06-20,4,32.68415889781507,0.618624388757211,0.97990560716222,0.1605509033594883
xai-colossus1-tn,2023-07-06,0,35.955433207399494,0.5961953772628804,0.9734527640794676,0.2403822060928604
xai-colossus1-tn,2023-07-06,1,33.756947802762184,0.6753973957589644,0.96881134141643,0.2006735725678293
xai-colossus1-tn,2023-07-06,2,33.27677228426303,0.5287910467144046,0.9736276260651376,0.1624985234732368
xai-colossus1-tn,2023-07-06,3,31.552442161153618,0.5079568847890242,0.9786755924836746,0.1616252874446226
xai-colossus1-tn,2023-07-06,4,30.579268496831062,0.6232401879863357,0.9802423122111148,0.1725119553672554
xai-colossus1-tn,2023-07-22,0,34.20807692559826,0.6310278532605812,0.9737380352717706,0.2347659120221123
xai-colossus1-tn,2023-07-22,1,32.82797928494141,0.7298708920274104,0.9706121869010836,0.2019591959719884
xai-colossus1-tn,2023-07-22,2,32.82350697068453,0.5490750526214162,0.9748261353261162,0.1618711205927336
xai-colossus1-tn,2023-07-22,3,29.240956639443915,0.5888083620227619,0.9782317850512408,0.1704915217685838
xai-colossus1-tn,2023-07-22,4,28.3408677821705,0.7517099668721886,0.979803531083498,0.1836254375798262
xai-colossus1-tn,2023-08-23,0,38.84257428727242,0.5349105335521359,0.9732609204010684,0.2274546651857795
xai-colossus1-tn,2023-08-23,1,38.059983267444146,0.6312350139450909,0.9697254643727516,0.2273429612155188
xai-colossus1-tn,2023-08-23,2,40.19676201421519,0.5081227994237976,0.9735586943103416,0.1726428314978552
xai-colossus1-tn,2023-08-23,3,34.001803083825514,0.4985364622533607,0.979830734508656,0.1392931905443112
xai-colossus1-tn,2023-08-23,4,33.51984078017681,0.6435396408311536,0.980668545656886,0.1528400207508757
xai-colossus1-tn,2023-10-10,0,35.33319254595453,0.34657676423673,0.9721328712520292,0.1757267825798454
xai-colossus1-tn,2023-10-10,1,33.713913288895185,0.4572683756929964,0.969890939185001,0.1547836368888161
xai-colossus1-tn,2023-10-10,2,31.526244734642702,0.4017502570501033,0.9735481769067512,0.1321157567701206
xai-colossus1-tn,2023-10-10,3,28.82122787824938,0.3445280798126377,0.9778543984136177,0.124421978191054
xai-colossus1-tn,2023-10-10,4,27.826938330243895,0.5103016386864447,0.9788588302030344,0.1230253060271562
xai-colossus1-tn,2023-10-26,2,23.297570852672507,0.5013809274792175,0.9832896665891548,0.0765399096945486
xai-colossus1-tn,2023-10-26,3,24.938140295957233,0.1714285437685445,0.979004517324546,0.0882534833312967
xai-colossus1-tn,2023-10-26,4,27.29265911589215,0.3637070311333357,0.9767113011227616,0.101636912753131
xai-colossus1-tn,2023-11-11,0,19.339408211372223,0.3086641472254473,0.9717718924274732,0.1796148702877022
xai-colossus1-tn,2023-11-11,1,19.147090851896547,0.3325800500200829,0.9690235281819112,0.1572239516724542
xai-colossus1-tn,2023-11-11,2,17.70431566616627,0.2791322793054951,0.9728306061967192,0.1238359333843543
xai-colossus1-tn,2023-11-11,3,16.660414751037923,0.2187128710436337,0.9773609993964392,0.1092140576739856
xai-colossus1-tn,2023-11-11,4,17.065131605122954,0.3566218155943477,0.9771710208821892,0.1167486001108996
xai-colossus1-tn,2023-11-27,0,11.63498942823511,0.3596539132279991,0.9718328869861927,0.1636012308590188
xai-colossus1-tn,2023-11-27,1,12.057308969057694,0.3628356945060641,0.969048759565548,0.1440054898744643
xai-colossus1-tn,2023-11-27,2,11.26830384093492,0.2830404718417745,0.9729441617915084,0.1133095412753519
xai-colossus1-tn,2023-11-27,3,10.212718144790594,0.1864940890853816,0.9771110797647268,0.1025087919161283
xai-colossus1-tn,2023-11-27,4,9.745985276739331,0.3320688390529791,0.9766307753477742,0.1091511299550773
xai-colossus1-tn,2024-01-30,0,15.42379977562076,0.3887989620425064,0.9721230932266792,0.1594534240882171
xai-colossus1-tn,2024-01-30,1,16.011623881479473,0.4459838760776917,0.969521521537416,0.1344606065848194
xai-colossus1-tn,2024-01-30,2,14.400962750280474,0.2523106158879846,0.9738517012433898,0.1028340722528274
xai-colossus1-tn,2024-01-30,3,11.627709507542956,0.1288058583281134,0.9791254690743856,0.0870032679235051
xai-colossus1-tn,2024-01-30,4,13.179463155898928,0.2783550863421319,0.9769135472982924,0.0976094579686407
xai-colossus1-tn,2024-02-15,0,19.08886250929156,0.4096256059624788,0.9722355519296072,0.1717996252098111
xai-colossus1-tn,2024-02-15,1,19.591836923159043,0.4687044156851649,0.9695215545465414,0.1486032186999186
xai-colossus1-tn,2024-02-15,2,18.078856621114177,0.2713334057348671,0.973494765456579,0.1155344445684552
xai-colossus1-tn,2024-02-15,3,15.385968422247506,0.1143900538598614,0.9787445592445368,0.0963229103605704
xai-colossus1-tn,2024-02-15,4,16.774732255937614,0.2616904703273835,0.9768035849101924,0.1081318929637717
xai-colossus1-tn,2024-03-02,0,22.622258623463186,0.4365399355699535,0.9724023111640362,0.1823895438846758
xai-colossus1-tn,2024-03-02,1,23.34278214111075,0.4827053268003191,0.9696841300141944,0.1675512612345372
xai-colossus1-tn,2024-03-02,2,21.72653801522678,0.2940627198929594,0.9735146408222484,0.1305609755589824
xai-colossus1-tn,2024-03-02,3,18.586117362507533,0.1006815098265504,0.9785572705456242,0.1042346435889385
xai-colossus1-tn,2024-03-02,4,19.625147164205877,0.271637186320244,0.9768993093207576,0.1179863995103302
xai-colossus1-tn,2024-03-18,3,13.15023413492574,0.0531110348191787,0.981860512024158,0.1165452132811311
xai-colossus1-tn,2024-03-18,4,13.175572846767786,0.314810360806853,0.97912750095972,0.1425939211900425
xai-colossus1-tn,2024-04-03,2,18.642724868489307,0.1710665272231697,0.9686333196292408,0.1173544821494555
xai-colossus1-tn,2024-04-03,3,17.568194472123146,0.2742263739375251,0.977398188863387,0.1444817034381397
xai-colossus1-tn,2024-04-03,4,18.078854623467667,0.4210167249746731,0.976992644866446,0.1563812706180281
xai-colossus1-tn,2024-05-21,0,33.66719827679624,0.4721899988425617,0.971787236122487,0.24819196168875
xai-colossus1-tn,2024-05-21,1,31.03444114078659,0.6214772234733776,0.9778343441381808,0.2228140741817975
xai-colossus1-tn,2024-05-21,2,36.33398807900904,0.3819841729824199,0.9738853959476904,0.1927852278594389
xai-colossus1-tn,2024-05-21,3,32.283490645060056,0.3676542117862711,0.9787509861415814,0.1556696445240882
xai-colossus1-tn,2024-05-21,4,33.308496761880676,0.629562974467441,0.9794874332565442,0.1928411446568645
xai-colossus1-tn,2024-06-06,0,34.777220167583266,0.6599912590799376,0.9729361000733702,0.1897070136452032
xai-colossus1-tn,2024-06-06,1,35.41255575771115,0.7140796330578706,0.969843959614809,0.1798829298615957
xai-colossus1-tn,2024-06-06,2,36.1130599538146,0.4964433479741458,0.974515059067488,0.160698578326482
xai-colossus1-tn,2024-06-06,3,31.56690188133778,0.4261777715619324,0.9812242750252312,0.1352260132987737
xai-colossus1-tn,2024-06-06,4,31.63105066268931,0.6298640004602634,0.9810917255699152,0.1608919228803413
xai-colossus1-tn,2024-06-22,3,23.116462795269054,0.6815866657553927,0.980167766497462,0.1343048744775803
xai-colossus1-tn,2024-06-22,4,13.18403448620424,0.7743688568404833,0.9816598007859688,0.1681475538956678
xai-colossus1-tn,2024-08-09,0,36.58690760134459,0.667260070548286,0.9714499775122688,0.166051158366853
xai-colossus1-tn,2024-08-09,1,37.81436238049862,0.6577226241700265,0.9705674554070032,0.1915760005622719
xai-colossus1-tn,2024-08-09,2,38.99258194214297,0.4934872433412805,0.9736143397417056,0.1751205914771745
xai-colossus1-tn,2024-08-09,3,33.97631841569612,0.54833334961904,0.9792160953493898,0.1522716667842757
xai-colossus1-tn,2024-08-09,4,33.27400725763284,0.6275409329504382,0.9808405880317448,0.1577626134419024
xai-colossus1-tn,2024-08-25,0,42.01332850698593,0.4005832262318434,0.9725158318145264,0.208414640320461
xai-colossus1-tn,2024-08-25,1,42.115297401768245,0.5813115828622071,0.970306831290308,0.1784001050492879
xai-colossus1-tn,2024-08-25,2,41.18543147877896,0.4725328280697293,0.9742841811583524,0.1518181764278306
xai-colossus1-tn,2024-08-25,3,35.55854662163347,0.4425108377748816,0.9795442605760254,0.1306601082620091
xai-colossus1-tn,2024-08-25,4,35.577378656979896,0.61810352469115,0.9804384513692638,0.1403583280861776
xai-colossus1-tn,2024-09-10,0,35.11314923018122,0.3631291953814766,0.9721984769497196,0.1890004742723131
xai-colossus1-tn,2024-09-10,1,35.58280554743973,0.5209678232988002,0.9702753020599918,0.1586821761881355
xai-colossus1-tn,2024-09-10,2,34.21581827111346,0.4878302379056682,0.9740487207530508,0.1440854393478176
xai-colossus1-tn,2024-09-10,3,31.11425338476411,0.4629588221062145,0.97813118812098,0.1313015589268917
xai-colossus1-tn,2024-09-10,4,30.60065550462018,0.6010508135319123,0.9789874927676576,0.1339053122931082
xai-colossus1-tn,2024-09-26,0,35.27633682914638,0.3616407597354182,0.9722778782741496,0.2177614718318527
xai-colossus1-tn,2024-09-26,1,34.30593686244268,0.5274798597051693,0.9704246067349328,0.1516722660243868
xai-colossus1-tn,2024-09-26,2,32.66229490889266,0.4674108027296758,0.9742010428736064,0.1350252469994212
xai-colossus1-tn,2024-09-26,3,29.963097824679583,0.3997341687474359,0.9785136619078532,0.1242362845945782
xai-colossus1-tn,2024-09-26,4,29.31144795456269,0.5636274064072165,0.9795265875610852,0.1232077070076524
xai-colossus1-tn,2024-10-12,0,32.79760784576335,0.4136788803677891,0.9725634563378632,0.2079499292573481
xai-colossus1-tn,2024-10-12,1,32.28474779047574,0.5292022361633435,0.9703571074053357,0.1548945936322194
xai-colossus1-tn,2024-10-12,2,30.7534133523751,0.4411732285187214,0.9742434583367248,0.1321757862746682
xai-colossus1-tn,2024-10-12,3,28.037963838147036,0.3687313258643028,0.978593459328944,0.1157190370961874
xai-colossus1-tn,2024-10-12,4,28.43624814815922,0.5091271518489918,0.9788099331659428,0.1234307216462384
xai-colossus1-tn,2024-10-28,0,32.85551344103479,0.4256467913178396,0.9721667933223964,0.2044992562116451
xai-colossus1-tn,2024-10-28,1,34.01509248438347,0.4562355718319691,0.9696054991205212,0.1666296159474571
xai-colossus1-tn,2024-10-28,2,31.69645372298165,0.3887856492367087,0.97367662227632,0.1292025036052276
xai-colossus1-tn,2024-10-28,3,28.900726501437912,0.3343313504461387,0.977648919484226,0.1191405231118749
xai-colossus1-tn,2024-10-28,4,29.418023973635965,0.4673178718251184,0.9781236451371652,0.1218282180160224
xai-colossus1-tn,2024-11-29,0,10.412722316940728,0.4218682366511087,0.9722235366371546,0.1871189652846702
xai-colossus1-tn,2024-11-29,1,11.21715329292465,0.5085578573418694,0.9696879057830368,0.1506205057328563
xai-colossus1-tn,2024-11-29,2,10.591192555229858,0.3528267228050174,0.9737264990054616,0.1178352031871935
xai-colossus1-tn,2024-11-29,3,9.69570553639302,0.2132787322107645,0.9780162157479472,0.1024942779760181
xai-colossus1-tn,2024-11-29,4,8.8636559427361,0.3894670034126136,0.9774693479740864,0.1072155835940726
xai-colossus1-tn,2024-12-31,0,13.32792324084084,0.3103777814523223,0.9682996229139922,0.2552830784609676
xai-colossus1-tn,2024-12-31,1,11.387311443519772,0.4343026031290676,0.9662232813582812,0.2086989591441731
xai-colossus1-tn,2024-12-31,2,13.60057184956904,0.2260090518955387,0.963780631050556,0.1301488825445799
xai-colossus1-tn,2024-12-31,3,10.05455955440144,0.3119119698370874,0.9716572147775226,0.1260310787841489
xai-colossus1-tn,2024-12-31,4,11.14949691250376,0.3802440715318111,0.9718526176250116,0.1363581230892412
xai-colossus1-tn,2025-01-16,0,12.25592563255356,0.2515682846515676,0.971413522468516,0.1937512005650652
xai-colossus1-tn,2025-01-16,1,12.53154720294116,0.4181459020465031,0.9692272069885498,0.1568899699036361
xai-colossus1-tn,2025-01-16,2,11.234566518165424,0.2531190027790905,0.9733913680645256,0.1134384651387445
xai-colossus1-tn,2025-01-16,3,9.334653285757918,0.0865682846329482,0.9782455517110524,0.0908747550139295
xai-colossus1-tn,2025-01-16,4,9.867369480628502,0.2506185553389846,0.976536725561166,0.0995099587316577
xai-colossus1-tn,2025-02-17,0,7.783336574932632,0.2705555017555203,0.9714944682050192,0.1786744125668012
xai-colossus1-tn,2025-02-17,1,7.581989957198506,0.4402949231327007,0.9694447532084634,0.1451206216653978
xai-colossus1-tn,2025-02-17,2,7.088165123238087,0.2549570496108243,0.9739142342597816,0.1099789128703981
xai-colossus1-tn,2025-02-17,3,5.9891500662658705,0.1425843571086458,0.9792432666700436,0.0956431690451539
xai-colossus1-tn,2025-02-17,4,5.9161581011867455,0.2767344120721133,0.9770040866962552,0.1022346184002919
xai-colossus1-tn,2025-03-21,0,22.981164440967863,0.3124536206288471,0.971818127070845,0.221337556238825
xai-colossus1-tn,2025-03-21,1,22.90556030606938,0.4923578533285603,0.9697836439911456,0.1826476540967555
xai-colossus1-tn,2025-03-21,2,20.995541155817495,0.2975076479088667,0.9736952830192231,0.1319693058486362
xai-colossus1-tn,2025-03-21,3,17.47982361088484,0.1480407198967875,0.9790515605152732,0.1114198900029778
xai-colossus1-tn,2025-03-21,4,18.266516844592225,0.2954916813611469,0.9768433779312116,0.1293554616230365
xai-colossus1-tn,2025-04-22,0,33.74796017913196,0.3485294736520304,0.9732988826679192,0.2549011387114508
xai-colossus1-tn,2025-04-22,1,31.193321667195967,0.5908865405609831,0.9701936150810044,0.2004528319084081
xai-colossus1-tn,2025-04-22,2,29.16025837500971,0.4388277220285254,0.9764603433072394,0.1521518830226948
xai-colossus1-tn,2025-04-22,3,24.632087637611043,0.1889914873794913,0.9820136521549448,0.1126406254363603
xai-colossus1-tn,2025-04-22,4,24.07122678522114,0.3664510032122631,0.982593889172852,0.119640478270998
xai-colossus1-tn,2025-05-08,0,34.22804758564327,0.3037076428320565,0.9714790141421494,0.2324185846596462
xai-colossus1-tn,2025-05-08,1,33.22020221950174,0.5602300163127865,0.9710182082018451,0.185820697534648
xai-colossus1-tn,2025-05-08,2,30.508226010025712,0.4878473463622413,0.9755277082057408,0.1507396886941694
xai-colossus1-tn,2025-05-08,3,25.14919634053119,0.2043222182479541,0.9812936031407264,0.1115452165611495
xai-colossus1-tn,2025-05-08,4,25.941548591901153,0.5529318748156753,0.9804129612895194,0.1525388312416543
xai-colossus1-tn,2025-06-09,0,38.361049787772785,0.3549415154738702,0.9720710924076784,0.2526960849237154
xai-colossus1-tn,2025-06-09,1,35.89025708729184,0.594351473453451,0.971044014886875,0.2098170016598498
xai-colossus1-tn,2025-06-09,2,34.877232738421434,0.4832168419839107,0.9711574568503224,0.1951981447572441
xai-colossus1-tn,2025-06-09,3,31.710219873746347,0.5326966614098179,0.9770049543082518,0.19548517829291
xai-colossus1-tn,2025-06-09,4,30.03779559336691,0.5830694486470871,0.9781717419155403,0.2027597407031422
xai-colossus1-tn,2025-06-25,0,47.328029077645304,0.3604313112632759,0.9724000954179298,0.2466159322765341
xai-colossus1-tn,2025-06-25,1,43.58131785105337,0.6078106328998923,0.971615135793398,0.2021639924461779
xai-colossus1-tn,2025-06-25,2,43.74628350343959,0.4945762085971429,0.9746425950101004,0.1664739318251585
xai-colossus1-tn,2025-06-25,3,39.10187934429417,0.3493541167591563,0.9812744694353318,0.1373187207462383
xai-colossus1-tn,2025-06-25,4,38.44292566304357,0.5892101030661698,0.9812729513855808,0.1574574756033279
xai-colossus1-tn,2025-07-11,2,24.304906486532115,0.6580618882436667,0.9760102448939908,0.15462344734043
xai-colossus1-tn,2025-07-11,3,25.070846784276444,0.5862449657172026,0.9788198229619388,0.1476506645116858
xai-colossus1-tn,2025-07-11,4,25.010010304709745,0.6586278137907738,0.9787982042159984,0.1551161830496045
xai-colossus1-tn,2025-07-27,0,34.45723656500004,0.8213278338259018,0.9704,0.09526288359375
xai-colossus1-tn,2025-07-27,1,41.77370327777059,0.532944234435092,0.9657298544894064,0.1914520628337992
xai-colossus1-tn,2025-07-27,2,35.059280953767974,0.5315407737671609,0.9731489168715612,0.1506647196525703
xai-colossus1-tn,2025-07-27,3,32.924194195392836,0.3791164449521028,0.9811223344446536,0.1311610435790441
xai-colossus1-tn,2025-07-27,4,34.30784391560115,0.6242534987152284,0.977708153312258,0.1807028833656298
xai-colossus1-tn,2025-08-12,0,35.05682101909562,0.8217474799511005,0.9696485124950418,0.1091366210729869
xai-colossus1-tn,2025-08-12,1,43.226408146639926,0.5856925652176739,0.9668583204985828,0.1587181652204256
xai-colossus1-tn,2025-08-12,2,40.99167583079115,0.5036138260836078,0.9759965893313683,0.1433084467299636
xai-colossus1-tn,2025-08-12,3,37.75858868383352,0.3871561225349288,0.9803548071342212,0.1326193662983009
xai-colossus1-tn,2025-08-12,4,38.28173257694285,0.5974903264956829,0.9802789672411776,0.1485107938343247
xai-colossus1-tn,2025-09-13,0,40.35669722175456,0.4517683296617288,0.9725777196514852,0.2067253715332314
xai-colossus1-tn,2025-09-13,1,41.2438010823826,0.4736852275738435,0.969858723372531,0.1956488735120562
xai-colossus1-tn,2025-09-13,2,37.890039269871096,0.4853670520555579,0.9745347658585856,0.149906662487695
xai-colossus1-tn,2025-09-13,3,34.124280131345515,0.5440044701283232,0.9792338319529386,0.1445597389350498
xai-colossus1-tn,2025-09-13,4,34.31212400481652,0.6094097097649801,0.9792783326997748,0.1411885469600794
xai-colossus1-tn,2025-09-29,0,37.325331764668775,0.3910640870221441,0.9721989623623424,0.1751360886583204
xai-colossus1-tn,2025-09-29,1,37.49621306679915,0.4995090806381445,0.9699781086612989,0.1520974315562281
xai-colossus1-tn,2025-09-29,2,35.030016703121085,0.4611630372679998,0.9740611652408512,0.1287532240421948
xai-colossus1-tn,2025-09-29,3,31.5818890308355,0.3644149847712754,0.9789376340352332,0.1178596730770974
xai-colossus1-tn,2025-09-29,4,31.25012802069133,0.5514939555056272,0.9797132560050884,0.1226700013950319
xai-colossus1-tn,2025-10-15,0,31.780569818779263,0.3786449590405789,0.9722048618528414,0.169298818749926
xai-colossus1-tn,2025-10-15,1,31.42763192531589,0.5708727055103077,0.970397624122984,0.1526458773396601
xai-colossus1-tn,2025-10-15,2,29.81173675153252,0.4724050425828072,0.974154607262261,0.1264033118377308
xai-colossus1-tn,2025-10-15,3,27.530818228511365,0.3500358195017296,0.9787535787589132,0.1133627321034496
xai-colossus1-tn,2025-10-15,4,26.759580708290272,0.5369579730409615,0.9794288840178726,0.1173555196544879
xai-colossus1-tn,2025-10-31,0,21.91419982357197,0.3644786023557065,0.9720724337443588,0.1755364551758373
xai-colossus1-tn,2025-10-31,1,21.093693159731934,0.5933687367802656,0.9701348004926882,0.1504674495375507
xai-colossus1-tn,2025-10-31,2,19.931147438788432,0.4466724784147473,0.974122889981774,0.1166746273316327
xai-colossus1-tn,2025-10-31,3,18.131981484695523,0.3257010122544272,0.9787385093752464,0.1034807996171883
xai-colossus1-tn,2025-10-31,4,17.55422713188465,0.5183428287176385,0.979205161624616,0.1091569907685154
xai-colossus1-tn,2025-11-16,0,26.98550245308235,0.2982037449842939,0.9717560528863431,0.2037461225877536
xai-colossus1-tn,2025-11-16,1,26.556468989487495,0.4559726723726222,0.969351756000672,0.1661498561327648
xai-colossus1-tn,2025-11-16,2,24.79704051439332,0.3240858481159803,0.973218604253048,0.1268180039766694
xai-colossus1-tn,2025-11-16,3,22.346789738819137,0.2114634542756441,0.9776421904935472,0.1124021107794491
xai-colossus1-tn,2025-11-16,4,22.89292791403415,0.3746936810719735,0.9773313611037824,0.1144022210567086
xai-colossus1-tn,2026-01-19,1,-6.55546334285713,0.5647687183597169,0.9649,0.1398326121428571
xai-colossus1-tn,2026-01-19,2,-3.0786045699999818,0.3059348244909802,0.97935,0.1627876262499999
xai-colossus1-tn,2026-01-19,4,-1.6050581699999813,0.327587686154793,0.9778944444444444,0.1288625186111111
xai-colossus1-tn,2026-02-04,3,-0.9884853400000112,0.3787293077162076,0.9915,0.1173468325
xai-colossus1-tn,2026-02-04,4,1.0251483162948405,0.2867404757919737,0.9767181274900396,0.1126895353967463
xai-colossus1-tn,2026-02-20,0,18.17879241859105,0.3435986383801945,0.9718732104954592,0.1781326035781454
xai-colossus1-tn,2026-02-20,1,17.79482582960664,0.4769689415526733,0.9696113759391308,0.1486460459165012
xai-colossus1-tn,2026-02-20,2,16.73691052818307,0.2856914987625,0.9729826400450832,0.1194444414027894
xai-colossus1-tn,2026-02-20,3,13.603733683949986,0.1544619107143303,0.9779258280210756,0.1032768162574885
xai-colossus1-tn,2026-02-20,4,14.424618541509128,0.276489773252409,0.9765829404828812,0.1113604810710376
xai-colossus1-tn,2026-04-09,0,33.456857247350236,0.3947815583911965,0.9724636826819522,0.2037102922856891
xai-colossus1-tn,2026-04-09,1,33.30882944113471,0.5920210268400378,0.9706458438817602,0.1714941181988928
xai-colossus1-tn,2026-04-09,2,31.217346475535187,0.444705244286287,0.974898900984863,0.1399618127132008
xai-colossus1-tn,2026-04-09,3,26.87733545671587,0.3096050262724699,0.980899875544496,0.1214871523781999
xai-colossus1-tn,2026-04-09,4,27.684231773904862,0.4991695691662723,0.9802343192729062,0.1368879081141741
xai-colossus1-tn,2026-04-25,1,27.086314036169146,0.6455077283935619,0.9661406672418752,0.0850145829601668
xai-colossus1-tn,2026-04-25,2,28.141310855984216,0.4044729558579206,0.971337551680748,0.1149516825193241
xai-colossus1-tn,2026-04-25,3,26.44673250534047,0.2991209605030962,0.9817237163749052,0.1140325332967023
xai-colossus1-tn,2026-04-25,4,28.540608859576142,0.4990343227723562,0.9794936171551962,0.1586493060621083
xai-colossus1-tn,2026-05-11,0,32.89724035030843,0.3484482427996089,0.9723570268931336,0.1984836699781724
xai-colossus1-tn,2026-05-11,1,31.66657502349476,0.5558576145771986,0.9703760303370488,0.1761159851694187
xai-colossus1-tn,2026-05-11,2,29.419179166189576,0.4770510860685552,0.9750781852047652,0.1526601482449749
xai-colossus1-tn,2026-05-11,3,25.61771243462276,0.3753680997241446,0.9813002718103212,0.1421845348092019
xai-colossus1-tn,2026-05-11,4,25.869082962684978,0.5497515591230374,0.9809848161214691,0.1645765052532488
xai-colossus1-tn,2026-05-27,3,19.45437326480002,0.7438483705251279,0.9826647999999996,0.2249335234333332
xai-colossus1-tn,2026-05-27,4,19.95328374028573,0.7125529374342864,0.9804257142857143,0.2109780397142857
xai-colossus1-tn,2026-06-28,0,40.21115666840495,0.3824916674944251,0.9720493863596924,0.2066648310208696
xai-colossus1-tn,2026-06-28,1,37.17466979991222,0.6563249535112717,0.971751671506166,0.2070895496433059
xai-colossus1-tn,2026-06-28,2,36.20459439231327,0.5388319421204301,0.9737267882598404,0.1965639586528764
xai-colossus1-tn,2026-06-28,3,30.240527743367167,0.7203403064869064,0.9829030079100506,0.1924163529135379
xai-colossus1-tn,2026-06-28,4,31.666312078063243,0.7308619240994252,0.980154853116296,0.2167339427612576
xai-colossus1-tn,2026-07-14,1,36.532057550444954,0.6082853538081177,0.9751572837132664,0.2546629537069487
xai-colossus1-tn,2026-07-14,2,35.578109829283065,0.6220650199427356,0.977278125942744,0.1662983094301286
xai-colossus1-tn,2026-07-14,3,33.61331544311467,0.5090993936735051,0.9782911097443744,0.1614800771936941
xai-colossus1-tn,2026-07-14,4,33.83377170687689,0.7164575437564364,0.9791037967855108,0.1916809125761734
xai-colossus1-tn,2026-07-30,0,36.1256946954165,0.4494208614321054,0.97260718335998,0.1845698554413323
xai-colossus1-tn,2026-07-30,1,34.2987908694723,0.6068806737499254,0.9701179253545852,0.1812695337724411
xai-colossus1-tn,2026-07-30,2,33.77317211035705,0.5449471137411682,0.9744383012552902,0.1599711503194755
xai-colossus1-tn,2026-07-30,3,30.577885614335372,0.5384858928742834,0.9793404754393872,0.1424497727668791
xai-colossus1-tn,2026-07-30,4,30.27109206545842,0.6708880060115773,0.9803375594030596,0.1579969838944936
xai-colossus1-tn,2026-08-15,0,46.57105190952471,0.3687112607502913,0.9724095300860408,0.1883775775504388
xai-colossus1-tn,2026-08-15,1,43.87548581591871,0.5906981498686436,0.9701437870709984,0.176151270594026
xai-colossus1-tn,2026-08-15,2,42.30325840741255,0.4862323869748214,0.9743212080607048,0.1528700619198631
xai-colossus1-tn,2026-08-15,3,37.04828743722194,0.4387222723054309,0.9797662806483848,0.1353779977155115
xai-colossus1-tn,2026-08-15,4,36.49948136587368,0.6342849265935129,0.9806955716234776,0.1503407900592021
xai-colossus1-tn,2026-08-31,0,41.14889303139139,0.5632911948488035,0.9744277461350692,0.1411775230065094
xai-colossus1-tn,2026-08-31,1,44.998784891199975,0.5809944496668924,0.9686026139023116,0.1499196791264626
xai-colossus1-tn,2026-08-31,2,42.71319090171486,0.4725422055935714,0.9753869247473044,0.1416717009627749
xai-colossus1-tn,2026-08-31,3,36.509912365098856,0.2739210224778681,0.9813640450956752,0.1173423925876062
xai-colossus1-tn,2026-08-31,4,37.95937610015705,0.5766060849709673,0.980272716393818,0.143581866582068
xai-colossus1-tn,2026-09-16,0,47.0115884224051,0.3597105442120403,0.97220425417805,0.171410340723585
xai-colossus1-tn,2026-09-16,1,46.44068770630607,0.5029175313655803,0.9697642282187272,0.1542891425528257
xai-colossus1-tn,2026-09-16,2,44.58767648780101,0.4094030755191316,0.9737462013570828,0.137190121189814
xai-colossus1-tn,2026-09-16,3,40.19002739998168,0.3576547517465464,0.9789244755183174,0.1292922245632749
xai-colossus1-tn,2026-09-16,4,39.7130629990457,0.5484099304733604,0.9793758160314644,0.1313995058718527
